# Wall heat-flux
# Time        	patch         	min           	max           	integral      
1             	OVC	-8.180009e-02	-4.047900e-02	-3.467072e-02
1             	shield_slave	-7.946348e-02	-6.564222e-02	-2.266796e-02
2             	OVC	-8.183322e-02	-4.042226e-02	-3.469396e-02
2             	shield_slave	-7.919591e-02	-6.560245e-02	-2.262285e-02
3             	OVC	-8.186194e-02	-4.037604e-02	-3.471394e-02
3             	shield_slave	-7.896990e-02	-6.556837e-02	-2.258486e-02
4             	OVC	-8.188692e-02	-4.033836e-02	-3.473118e-02
4             	shield_slave	-7.877863e-02	-6.553913e-02	-2.255278e-02
5             	OVC	-8.190874e-02	-4.030761e-02	-3.474611e-02
5             	shield_slave	-7.862988e-02	-6.551400e-02	-2.252559e-02
6             	OVC	-8.192787e-02	-4.028250e-02	-3.475910e-02
6             	shield_slave	-7.857249e-02	-6.549239e-02	-2.250249e-02
7             	OVC	-8.194468e-02	-4.026199e-02	-3.477043e-02
7             	shield_slave	-7.852560e-02	-6.547378e-02	-2.248280e-02
8             	OVC	-8.195951e-02	-4.024521e-02	-3.478035e-02
8             	shield_slave	-7.848727e-02	-6.545774e-02	-2.246594e-02
9             	OVC	-8.197263e-02	-4.023148e-02	-3.478908e-02
9             	shield_slave	-7.845591e-02	-6.544176e-02	-2.245148e-02
10            	OVC	-8.198429e-02	-4.022024e-02	-3.479679e-02
10            	shield_slave	-7.843023e-02	-6.541855e-02	-2.243901e-02
11            	OVC	-8.199466e-02	-4.021103e-02	-3.480361e-02
11            	shield_slave	-7.840920e-02	-6.539799e-02	-2.242823e-02
12            	OVC	-8.200393e-02	-4.020347e-02	-3.480967e-02
12            	shield_slave	-7.839196e-02	-6.537894e-02	-2.241888e-02
13            	OVC	-8.201222e-02	-4.019728e-02	-3.481508e-02
13            	shield_slave	-7.837782e-02	-6.536202e-02	-2.241074e-02
14            	OVC	-8.201967e-02	-4.019219e-02	-3.481992e-02
14            	shield_slave	-7.836621e-02	-6.534695e-02	-2.240362e-02
15            	OVC	-8.202637e-02	-4.018801e-02	-3.482427e-02
15            	shield_slave	-7.835668e-02	-6.533347e-02	-2.239737e-02
16            	OVC	-8.203242e-02	-4.018458e-02	-3.482819e-02
16            	shield_slave	-7.834885e-02	-6.532137e-02	-2.239186e-02
17            	OVC	-8.203789e-02	-4.018175e-02	-3.483172e-02
17            	shield_slave	-7.834241e-02	-6.531047e-02	-2.238700e-02
18            	OVC	-8.204285e-02	-4.017943e-02	-3.483493e-02
18            	shield_slave	-7.833712e-02	-6.530038e-02	-2.238269e-02
19            	OVC	-8.204735e-02	-4.017752e-02	-3.483784e-02
19            	shield_slave	-7.833276e-02	-6.529115e-02	-2.237885e-02
20            	OVC	-8.205145e-02	-4.017594e-02	-3.484049e-02
20            	shield_slave	-7.832918e-02	-6.528273e-02	-2.237541e-02
21            	OVC	-8.205519e-02	-4.017464e-02	-3.484292e-02
21            	shield_slave	-7.832623e-02	-6.527503e-02	-2.237234e-02
22            	OVC	-8.205861e-02	-4.017358e-02	-3.484514e-02
22            	shield_slave	-7.832380e-02	-6.526796e-02	-2.236957e-02
23            	OVC	-8.206174e-02	-4.017270e-02	-3.484717e-02
23            	shield_slave	-7.832180e-02	-6.526147e-02	-2.236708e-02
24            	OVC	-8.206460e-02	-4.017198e-02	-3.484904e-02
24            	shield_slave	-7.832016e-02	-6.525550e-02	-2.236482e-02
25            	OVC	-8.206724e-02	-4.017138e-02	-3.485076e-02
25            	shield_slave	-7.831881e-02	-6.524998e-02	-2.236278e-02
26            	OVC	-8.206966e-02	-4.017089e-02	-3.485235e-02
26            	shield_slave	-7.831770e-02	-6.524488e-02	-2.236091e-02
27            	OVC	-8.207190e-02	-4.017050e-02	-3.485382e-02
27            	shield_slave	-7.831679e-02	-6.524017e-02	-2.235921e-02
28            	OVC	-8.207396e-02	-4.017017e-02	-3.485518e-02
28            	shield_slave	-7.831605e-02	-6.523579e-02	-2.235766e-02
29            	OVC	-8.207587e-02	-4.016990e-02	-3.485644e-02
29            	shield_slave	-7.831545e-02	-6.523170e-02	-2.235624e-02
30            	OVC	-8.207763e-02	-4.016969e-02	-3.485761e-02
30            	shield_slave	-7.831496e-02	-6.522779e-02	-2.235493e-02
31            	OVC	-8.207926e-02	-4.016951e-02	-3.485870e-02
31            	shield_slave	-7.831456e-02	-6.522415e-02	-2.235372e-02
32            	OVC	-8.208077e-02	-4.016937e-02	-3.485971e-02
32            	shield_slave	-7.831425e-02	-6.522074e-02	-2.235261e-02
33            	OVC	-8.208218e-02	-4.016926e-02	-3.486066e-02
33            	shield_slave	-7.831400e-02	-6.521756e-02	-2.235159e-02
34            	OVC	-8.208349e-02	-4.016918e-02	-3.486154e-02
34            	shield_slave	-7.831381e-02	-6.521458e-02	-2.235064e-02
35            	OVC	-8.208470e-02	-4.016911e-02	-3.486236e-02
35            	shield_slave	-7.831366e-02	-6.521179e-02	-2.234976e-02
36            	OVC	-8.208584e-02	-4.016907e-02	-3.486312e-02
36            	shield_slave	-7.831355e-02	-6.520918e-02	-2.234894e-02
37            	OVC	-8.208689e-02	-4.016903e-02	-3.486384e-02
37            	shield_slave	-7.831348e-02	-6.520672e-02	-2.234818e-02
38            	OVC	-8.208788e-02	-4.016901e-02	-3.486451e-02
38            	shield_slave	-7.831343e-02	-6.520442e-02	-2.234747e-02
39            	OVC	-8.208880e-02	-4.016900e-02	-3.486514e-02
39            	shield_slave	-7.831340e-02	-6.520226e-02	-2.234681e-02
40            	OVC	-8.208966e-02	-4.016900e-02	-3.486573e-02
40            	shield_slave	-7.831340e-02	-6.520022e-02	-2.234620e-02
41            	OVC	-8.209046e-02	-4.016900e-02	-3.486628e-02
41            	shield_slave	-7.831341e-02	-6.519831e-02	-2.234562e-02
42            	OVC	-8.209121e-02	-4.016901e-02	-3.486680e-02
42            	shield_slave	-7.831343e-02	-6.519652e-02	-2.234509e-02
43            	OVC	-8.209192e-02	-4.016903e-02	-3.486728e-02
43            	shield_slave	-7.831347e-02	-6.519483e-02	-2.234458e-02
44            	OVC	-8.209258e-02	-4.016905e-02	-3.486773e-02
44            	shield_slave	-7.831351e-02	-6.519323e-02	-2.234411e-02
45            	OVC	-8.209320e-02	-4.016907e-02	-3.486816e-02
45            	shield_slave	-7.831357e-02	-6.519173e-02	-2.234367e-02
46            	OVC	-8.209378e-02	-4.016910e-02	-3.486856e-02
46            	shield_slave	-7.831363e-02	-6.519032e-02	-2.234326e-02
47            	OVC	-8.209432e-02	-4.016913e-02	-3.486894e-02
47            	shield_slave	-7.831370e-02	-6.518899e-02	-2.234287e-02
48            	OVC	-8.209483e-02	-4.016916e-02	-3.486929e-02
48            	shield_slave	-7.831377e-02	-6.518774e-02	-2.234251e-02
49            	OVC	-8.209532e-02	-4.016919e-02	-3.486963e-02
49            	shield_slave	-7.831385e-02	-6.518656e-02	-2.234217e-02
50            	OVC	-8.209577e-02	-4.016922e-02	-3.486994e-02
50            	shield_slave	-7.831392e-02	-6.518544e-02	-2.234184e-02
51            	OVC	-8.209620e-02	-4.016926e-02	-3.487024e-02
51            	shield_slave	-7.831401e-02	-6.518439e-02	-2.234154e-02
52            	OVC	-8.209660e-02	-4.016930e-02	-3.487051e-02
52            	shield_slave	-7.831409e-02	-6.518340e-02	-2.234126e-02
53            	OVC	-8.209697e-02	-4.016934e-02	-3.487077e-02
53            	shield_slave	-7.831418e-02	-6.518247e-02	-2.234099e-02
54            	OVC	-8.209733e-02	-4.016937e-02	-3.487102e-02
54            	shield_slave	-7.831426e-02	-6.518159e-02	-2.234073e-02
55            	OVC	-8.209767e-02	-4.016941e-02	-3.487125e-02
55            	shield_slave	-7.831435e-02	-6.518075e-02	-2.234049e-02
56            	OVC	-8.209798e-02	-4.016945e-02	-3.487147e-02
56            	shield_slave	-7.831444e-02	-6.517997e-02	-2.234027e-02
57            	OVC	-8.209828e-02	-4.016949e-02	-3.487167e-02
57            	shield_slave	-7.831453e-02	-6.517923e-02	-2.234006e-02
58            	OVC	-8.209856e-02	-4.016953e-02	-3.487187e-02
58            	shield_slave	-7.831462e-02	-6.517853e-02	-2.233986e-02
59            	OVC	-8.209883e-02	-4.016957e-02	-3.487205e-02
59            	shield_slave	-7.831471e-02	-6.517787e-02	-2.233967e-02
60            	OVC	-8.209908e-02	-4.016961e-02	-3.487222e-02
60            	shield_slave	-7.831480e-02	-6.517724e-02	-2.233949e-02
61            	OVC	-8.209932e-02	-4.016965e-02	-3.487238e-02
61            	shield_slave	-7.831489e-02	-6.517665e-02	-2.233932e-02
62            	OVC	-8.209954e-02	-4.016968e-02	-3.487253e-02
62            	shield_slave	-7.831497e-02	-6.517610e-02	-2.233916e-02
63            	OVC	-8.209975e-02	-4.016972e-02	-3.487268e-02
63            	shield_slave	-7.831506e-02	-6.517557e-02	-2.233901e-02
64            	OVC	-8.209995e-02	-4.016976e-02	-3.487281e-02
64            	shield_slave	-7.831515e-02	-6.517508e-02	-2.233886e-02
65            	OVC	-8.210014e-02	-4.016980e-02	-3.487294e-02
65            	shield_slave	-7.831523e-02	-6.517461e-02	-2.233873e-02
66            	OVC	-8.210032e-02	-4.016984e-02	-3.487306e-02
66            	shield_slave	-7.831532e-02	-6.517416e-02	-2.233860e-02
67            	OVC	-8.210049e-02	-4.016987e-02	-3.487317e-02
67            	shield_slave	-7.831540e-02	-6.517375e-02	-2.233847e-02
68            	OVC	-8.210065e-02	-4.016991e-02	-3.487328e-02
68            	shield_slave	-7.831548e-02	-6.517335e-02	-2.233836e-02
69            	OVC	-8.210080e-02	-4.016994e-02	-3.487338e-02
69            	shield_slave	-7.831557e-02	-6.517298e-02	-2.233825e-02
70            	OVC	-8.210095e-02	-4.016998e-02	-3.487347e-02
70            	shield_slave	-7.831565e-02	-6.517263e-02	-2.233814e-02
71            	OVC	-8.210109e-02	-4.017001e-02	-3.487356e-02
71            	shield_slave	-7.831572e-02	-6.517229e-02	-2.233805e-02
72            	OVC	-8.210122e-02	-4.017005e-02	-3.487365e-02
72            	shield_slave	-7.831580e-02	-6.517198e-02	-2.233795e-02
73            	OVC	-8.210134e-02	-4.017008e-02	-3.487373e-02
73            	shield_slave	-7.831588e-02	-6.517168e-02	-2.233786e-02
74            	OVC	-8.210146e-02	-4.017011e-02	-3.487380e-02
74            	shield_slave	-7.831595e-02	-6.517140e-02	-2.233778e-02
75            	OVC	-8.210157e-02	-4.017014e-02	-3.487387e-02
75            	shield_slave	-7.831602e-02	-6.517113e-02	-2.233770e-02
76            	OVC	-8.210167e-02	-4.017018e-02	-3.487394e-02
76            	shield_slave	-7.831610e-02	-6.517088e-02	-2.233762e-02
77            	OVC	-8.210177e-02	-4.017021e-02	-3.487400e-02
77            	shield_slave	-7.831617e-02	-6.517064e-02	-2.233755e-02
78            	OVC	-8.210187e-02	-4.017024e-02	-3.487406e-02
78            	shield_slave	-7.831623e-02	-6.517042e-02	-2.233748e-02
79            	OVC	-8.210196e-02	-4.017027e-02	-3.487411e-02
79            	shield_slave	-7.831630e-02	-6.517021e-02	-2.233741e-02
80            	OVC	-8.210204e-02	-4.017029e-02	-3.487417e-02
80            	shield_slave	-7.831637e-02	-6.517001e-02	-2.233735e-02
81            	OVC	-8.210212e-02	-4.017032e-02	-3.487422e-02
81            	shield_slave	-7.831643e-02	-6.516982e-02	-2.233729e-02
82            	OVC	-8.210220e-02	-4.017035e-02	-3.487426e-02
82            	shield_slave	-7.831649e-02	-6.516964e-02	-2.233723e-02
83            	OVC	-8.210227e-02	-4.017038e-02	-3.487431e-02
83            	shield_slave	-7.831656e-02	-6.516947e-02	-2.233717e-02
84            	OVC	-8.210234e-02	-4.017040e-02	-3.487435e-02
84            	shield_slave	-7.831662e-02	-6.516931e-02	-2.233712e-02
85            	OVC	-8.210241e-02	-4.017043e-02	-3.487438e-02
85            	shield_slave	-7.831667e-02	-6.516916e-02	-2.233707e-02
86            	OVC	-8.210247e-02	-4.017045e-02	-3.487442e-02
86            	shield_slave	-7.831673e-02	-6.516901e-02	-2.233702e-02
87            	OVC	-8.210253e-02	-4.017048e-02	-3.487445e-02
87            	shield_slave	-7.831679e-02	-6.516888e-02	-2.233698e-02
88            	OVC	-8.210259e-02	-4.017050e-02	-3.487449e-02
88            	shield_slave	-7.831684e-02	-6.516875e-02	-2.233693e-02
89            	OVC	-8.210265e-02	-4.017052e-02	-3.487452e-02
89            	shield_slave	-7.831689e-02	-6.516863e-02	-2.233689e-02
90            	OVC	-8.210270e-02	-4.017055e-02	-3.487454e-02
90            	shield_slave	-7.831695e-02	-6.516851e-02	-2.233685e-02
91            	OVC	-8.210275e-02	-4.017057e-02	-3.487457e-02
91            	shield_slave	-7.831700e-02	-6.516841e-02	-2.233681e-02
92            	OVC	-8.210280e-02	-4.017059e-02	-3.487460e-02
92            	shield_slave	-7.831705e-02	-6.516830e-02	-2.233678e-02
93            	OVC	-8.210284e-02	-4.017061e-02	-3.487462e-02
93            	shield_slave	-7.831709e-02	-6.516821e-02	-2.233674e-02
94            	OVC	-8.210289e-02	-4.017063e-02	-3.487464e-02
94            	shield_slave	-7.831714e-02	-6.516811e-02	-2.233671e-02
95            	OVC	-8.210293e-02	-4.017065e-02	-3.487466e-02
95            	shield_slave	-7.831718e-02	-6.516803e-02	-2.233668e-02
96            	OVC	-8.210297e-02	-4.017067e-02	-3.487468e-02
96            	shield_slave	-7.831723e-02	-6.516794e-02	-2.233664e-02
97            	OVC	-8.210300e-02	-4.017069e-02	-3.487470e-02
97            	shield_slave	-7.831727e-02	-6.516787e-02	-2.233661e-02
98            	OVC	-8.210304e-02	-4.017071e-02	-3.487472e-02
98            	shield_slave	-7.831731e-02	-6.516779e-02	-2.233659e-02
99            	OVC	-8.210307e-02	-4.017073e-02	-3.487473e-02
99            	shield_slave	-7.831735e-02	-6.516772e-02	-2.233656e-02
100           	OVC	-8.210311e-02	-4.017074e-02	-3.487475e-02
100           	shield_slave	-7.831739e-02	-6.516766e-02	-2.233653e-02
101           	OVC	-8.210314e-02	-4.017076e-02	-3.487476e-02
101           	shield_slave	-7.831743e-02	-6.516759e-02	-2.233651e-02
102           	OVC	-8.210317e-02	-4.017078e-02	-3.487477e-02
102           	shield_slave	-7.831747e-02	-6.516753e-02	-2.233648e-02
103           	OVC	-8.210320e-02	-4.017079e-02	-3.487478e-02
103           	shield_slave	-7.831751e-02	-6.516748e-02	-2.233646e-02
104           	OVC	-8.210322e-02	-4.017081e-02	-3.487480e-02
104           	shield_slave	-7.831754e-02	-6.516742e-02	-2.233643e-02
105           	OVC	-8.210325e-02	-4.017082e-02	-3.487481e-02
105           	shield_slave	-7.831757e-02	-6.516737e-02	-2.233641e-02
106           	OVC	-8.210327e-02	-4.017084e-02	-3.487482e-02
106           	shield_slave	-7.831761e-02	-6.516733e-02	-2.233639e-02
107           	OVC	-8.210330e-02	-4.017085e-02	-3.487482e-02
107           	shield_slave	-7.831764e-02	-6.516728e-02	-2.233637e-02
108           	OVC	-8.210332e-02	-4.017086e-02	-3.487483e-02
108           	shield_slave	-7.831767e-02	-6.516724e-02	-2.233635e-02
109           	OVC	-8.210334e-02	-4.017088e-02	-3.487484e-02
109           	shield_slave	-7.831770e-02	-6.516720e-02	-2.233633e-02
110           	OVC	-8.210336e-02	-4.017089e-02	-3.487485e-02
110           	shield_slave	-7.831773e-02	-6.516716e-02	-2.233631e-02
111           	OVC	-8.210338e-02	-4.017090e-02	-3.487485e-02
111           	shield_slave	-7.831776e-02	-6.516712e-02	-2.233629e-02
112           	OVC	-8.210340e-02	-4.017092e-02	-3.487486e-02
112           	shield_slave	-7.831779e-02	-6.516709e-02	-2.233628e-02
113           	OVC	-8.210342e-02	-4.017093e-02	-3.487487e-02
113           	shield_slave	-7.831782e-02	-6.516705e-02	-2.233626e-02
114           	OVC	-8.210344e-02	-4.017094e-02	-3.487487e-02
114           	shield_slave	-7.831784e-02	-6.516702e-02	-2.233624e-02
115           	OVC	-8.210345e-02	-4.017095e-02	-3.487488e-02
115           	shield_slave	-7.831787e-02	-6.516699e-02	-2.233623e-02
116           	OVC	-8.210347e-02	-4.017096e-02	-3.487488e-02
116           	shield_slave	-7.831789e-02	-6.516696e-02	-2.233621e-02
117           	OVC	-8.210349e-02	-4.017097e-02	-3.487488e-02
117           	shield_slave	-7.831792e-02	-6.516693e-02	-2.233620e-02
118           	OVC	-8.210350e-02	-4.017098e-02	-3.487489e-02
118           	shield_slave	-7.831794e-02	-6.516691e-02	-2.233618e-02
119           	OVC	-8.210352e-02	-4.017099e-02	-3.487489e-02
119           	shield_slave	-7.831796e-02	-6.516688e-02	-2.233617e-02
120           	OVC	-8.210353e-02	-4.017100e-02	-3.487489e-02
120           	shield_slave	-7.831798e-02	-6.516686e-02	-2.233616e-02
121           	OVC	-8.210354e-02	-4.017101e-02	-3.487489e-02
121           	shield_slave	-7.831801e-02	-6.516684e-02	-2.233614e-02
122           	OVC	-8.210355e-02	-4.017102e-02	-3.487490e-02
122           	shield_slave	-7.831803e-02	-6.516682e-02	-2.233613e-02
123           	OVC	-8.210357e-02	-4.017103e-02	-3.487490e-02
123           	shield_slave	-7.831805e-02	-6.516680e-02	-2.233612e-02
124           	OVC	-8.210358e-02	-4.017104e-02	-3.487490e-02
124           	shield_slave	-7.831807e-02	-6.516678e-02	-2.233610e-02
125           	OVC	-8.210359e-02	-4.017104e-02	-3.487490e-02
125           	shield_slave	-7.831809e-02	-6.516676e-02	-2.233609e-02
126           	OVC	-8.210360e-02	-4.017105e-02	-3.487490e-02
126           	shield_slave	-7.831810e-02	-6.516674e-02	-2.233608e-02
127           	OVC	-8.210361e-02	-4.017106e-02	-3.487490e-02
127           	shield_slave	-7.831812e-02	-6.516672e-02	-2.233607e-02
128           	OVC	-8.210362e-02	-4.017107e-02	-3.487490e-02
128           	shield_slave	-7.831814e-02	-6.516671e-02	-2.233606e-02
129           	OVC	-8.210363e-02	-4.017108e-02	-3.487491e-02
129           	shield_slave	-7.831816e-02	-6.516669e-02	-2.233605e-02
130           	OVC	-8.210364e-02	-4.017108e-02	-3.487491e-02
130           	shield_slave	-7.831817e-02	-6.516668e-02	-2.233604e-02
131           	OVC	-8.210365e-02	-4.017109e-02	-3.487491e-02
131           	shield_slave	-7.831819e-02	-6.516666e-02	-2.233603e-02
132           	OVC	-8.210366e-02	-4.017110e-02	-3.487491e-02
132           	shield_slave	-7.831820e-02	-6.516665e-02	-2.233602e-02
133           	OVC	-8.210366e-02	-4.017110e-02	-3.487491e-02
133           	shield_slave	-7.831822e-02	-6.516664e-02	-2.233601e-02
134           	OVC	-8.210367e-02	-4.017111e-02	-3.487491e-02
134           	shield_slave	-7.831823e-02	-6.516662e-02	-2.233600e-02
135           	OVC	-8.210368e-02	-4.017111e-02	-3.487491e-02
135           	shield_slave	-7.831825e-02	-6.516661e-02	-2.233599e-02
136           	OVC	-8.210369e-02	-4.017112e-02	-3.487491e-02
136           	shield_slave	-7.831826e-02	-6.516660e-02	-2.233598e-02
137           	OVC	-8.210369e-02	-4.017113e-02	-3.487490e-02
137           	shield_slave	-7.831827e-02	-6.516659e-02	-2.233597e-02
138           	OVC	-8.210370e-02	-4.017113e-02	-3.487490e-02
138           	shield_slave	-7.831829e-02	-6.516658e-02	-2.233596e-02
139           	OVC	-8.210371e-02	-4.017114e-02	-3.487490e-02
139           	shield_slave	-7.831830e-02	-6.516657e-02	-2.233595e-02
140           	OVC	-8.210371e-02	-4.017114e-02	-3.487490e-02
140           	shield_slave	-7.831831e-02	-6.516656e-02	-2.233595e-02
141           	OVC	-8.210372e-02	-4.017115e-02	-3.487490e-02
141           	shield_slave	-7.831832e-02	-6.516655e-02	-2.233594e-02
142           	OVC	-8.210372e-02	-4.017115e-02	-3.487490e-02
142           	shield_slave	-7.831833e-02	-6.516654e-02	-2.233593e-02
143           	OVC	-8.210373e-02	-4.017116e-02	-3.487490e-02
143           	shield_slave	-7.831834e-02	-6.516653e-02	-2.233592e-02
144           	OVC	-8.210373e-02	-4.017116e-02	-3.487490e-02
144           	shield_slave	-7.831835e-02	-6.516652e-02	-2.233592e-02
145           	OVC	-8.210374e-02	-4.017117e-02	-3.487490e-02
145           	shield_slave	-7.831837e-02	-6.516651e-02	-2.233591e-02
146           	OVC	-8.210374e-02	-4.017117e-02	-3.487490e-02
146           	shield_slave	-7.831838e-02	-6.516650e-02	-2.233590e-02
147           	OVC	-8.210375e-02	-4.017117e-02	-3.487489e-02
147           	shield_slave	-7.831838e-02	-6.516650e-02	-2.233589e-02
148           	OVC	-8.210375e-02	-4.017118e-02	-3.487489e-02
148           	shield_slave	-7.831839e-02	-6.516649e-02	-2.233589e-02
149           	OVC	-8.210376e-02	-4.017118e-02	-3.487489e-02
149           	shield_slave	-7.831840e-02	-6.516648e-02	-2.233588e-02
150           	OVC	-8.210376e-02	-4.017119e-02	-3.487489e-02
150           	shield_slave	-7.831841e-02	-6.516647e-02	-2.233587e-02
151           	OVC	-8.210377e-02	-4.017119e-02	-3.487489e-02
151           	shield_slave	-7.831842e-02	-6.516647e-02	-2.233587e-02
152           	OVC	-8.210377e-02	-4.017119e-02	-3.487489e-02
152           	shield_slave	-7.831843e-02	-6.516646e-02	-2.233586e-02
153           	OVC	-8.210377e-02	-4.017120e-02	-3.487488e-02
153           	shield_slave	-7.831844e-02	-6.516645e-02	-2.233586e-02
154           	OVC	-8.210378e-02	-4.017120e-02	-3.487488e-02
154           	shield_slave	-7.831844e-02	-6.516645e-02	-2.233585e-02
155           	OVC	-8.210378e-02	-4.017120e-02	-3.487488e-02
155           	shield_slave	-7.831845e-02	-6.516644e-02	-2.233584e-02
156           	OVC	-8.210378e-02	-4.017121e-02	-3.487488e-02
156           	shield_slave	-7.831846e-02	-6.516644e-02	-2.233584e-02
157           	OVC	-8.210379e-02	-4.017121e-02	-3.487488e-02
157           	shield_slave	-7.831847e-02	-6.516643e-02	-2.233583e-02
158           	OVC	-8.210379e-02	-4.017121e-02	-3.487488e-02
158           	shield_slave	-7.831847e-02	-6.516642e-02	-2.233583e-02
159           	OVC	-8.210379e-02	-4.017122e-02	-3.487487e-02
159           	shield_slave	-7.831848e-02	-6.516642e-02	-2.233582e-02
160           	OVC	-8.210380e-02	-4.017122e-02	-3.487487e-02
160           	shield_slave	-7.831849e-02	-6.516641e-02	-2.233582e-02
161           	OVC	-8.210380e-02	-4.017122e-02	-3.487487e-02
161           	shield_slave	-7.831849e-02	-6.516641e-02	-2.233581e-02
162           	OVC	-8.210380e-02	-4.017122e-02	-3.487487e-02
162           	shield_slave	-7.831850e-02	-6.516640e-02	-2.233580e-02
163           	OVC	-8.210380e-02	-4.017123e-02	-3.487487e-02
163           	shield_slave	-7.831850e-02	-6.516640e-02	-2.233580e-02
164           	OVC	-8.210381e-02	-4.017123e-02	-3.487487e-02
164           	shield_slave	-7.831851e-02	-6.516639e-02	-2.233579e-02
165           	OVC	-8.210381e-02	-4.017123e-02	-3.487486e-02
165           	shield_slave	-7.831852e-02	-6.516639e-02	-2.233579e-02
166           	OVC	-8.210381e-02	-4.017123e-02	-3.487486e-02
166           	shield_slave	-7.831852e-02	-6.516638e-02	-2.233578e-02
167           	OVC	-8.210381e-02	-4.017124e-02	-3.487486e-02
167           	shield_slave	-7.831853e-02	-6.516638e-02	-2.233578e-02
168           	OVC	-8.210382e-02	-4.017124e-02	-3.487486e-02
168           	shield_slave	-7.831853e-02	-6.516637e-02	-2.233578e-02
169           	OVC	-8.210382e-02	-4.017124e-02	-3.487486e-02
169           	shield_slave	-7.831854e-02	-6.516637e-02	-2.233577e-02
170           	OVC	-8.210382e-02	-4.017124e-02	-3.487486e-02
170           	shield_slave	-7.831854e-02	-6.516636e-02	-2.233577e-02
171           	OVC	-8.210382e-02	-4.017125e-02	-3.487485e-02
171           	shield_slave	-7.831855e-02	-6.516636e-02	-2.233576e-02
172           	OVC	-8.210382e-02	-4.017125e-02	-3.487485e-02
172           	shield_slave	-7.831855e-02	-6.516635e-02	-2.233576e-02
173           	OVC	-8.210383e-02	-4.017125e-02	-3.487485e-02
173           	shield_slave	-7.831855e-02	-6.516635e-02	-2.233575e-02
174           	OVC	-8.210383e-02	-4.017125e-02	-3.487485e-02
174           	shield_slave	-7.831856e-02	-6.516635e-02	-2.233575e-02
175           	OVC	-8.210383e-02	-4.017125e-02	-3.487485e-02
175           	shield_slave	-7.831856e-02	-6.516634e-02	-2.233575e-02
176           	OVC	-8.210383e-02	-4.017125e-02	-3.487484e-02
176           	shield_slave	-7.831857e-02	-6.516634e-02	-2.233574e-02
177           	OVC	-8.210383e-02	-4.017126e-02	-3.487484e-02
177           	shield_slave	-7.831857e-02	-6.516633e-02	-2.233574e-02
178           	OVC	-8.210383e-02	-4.017126e-02	-3.487484e-02
178           	shield_slave	-7.831857e-02	-6.516633e-02	-2.233573e-02
179           	OVC	-8.210384e-02	-4.017126e-02	-3.487484e-02
179           	shield_slave	-7.831858e-02	-6.516632e-02	-2.233573e-02
180           	OVC	-8.210384e-02	-4.017126e-02	-3.487484e-02
180           	shield_slave	-7.831858e-02	-6.516632e-02	-2.233573e-02
181           	OVC	-8.210384e-02	-4.017126e-02	-3.487484e-02
181           	shield_slave	-7.831859e-02	-6.516632e-02	-2.233572e-02
182           	OVC	-8.210384e-02	-4.017126e-02	-3.487483e-02
182           	shield_slave	-7.831859e-02	-6.516631e-02	-2.233572e-02
183           	OVC	-8.210384e-02	-4.017126e-02	-3.487483e-02
183           	shield_slave	-7.831859e-02	-6.516631e-02	-2.233572e-02
184           	OVC	-8.210384e-02	-4.017127e-02	-3.487483e-02
184           	shield_slave	-7.831859e-02	-6.516631e-02	-2.233571e-02
185           	OVC	-8.210384e-02	-4.017127e-02	-3.487483e-02
185           	shield_slave	-7.831860e-02	-6.516630e-02	-2.233571e-02
186           	OVC	-8.210384e-02	-4.017127e-02	-3.487483e-02
186           	shield_slave	-7.831860e-02	-6.516630e-02	-2.233571e-02
187           	OVC	-8.210385e-02	-4.017127e-02	-3.487483e-02
187           	shield_slave	-7.831860e-02	-6.516629e-02	-2.233570e-02
188           	OVC	-8.210385e-02	-4.017127e-02	-3.487482e-02
188           	shield_slave	-7.831861e-02	-6.516629e-02	-2.233570e-02
189           	OVC	-8.210385e-02	-4.017127e-02	-3.487482e-02
189           	shield_slave	-7.831861e-02	-6.516629e-02	-2.233570e-02
190           	OVC	-8.210385e-02	-4.017127e-02	-3.487482e-02
190           	shield_slave	-7.831861e-02	-6.516628e-02	-2.233569e-02
191           	OVC	-8.210385e-02	-4.017127e-02	-3.487482e-02
191           	shield_slave	-7.831861e-02	-6.516628e-02	-2.233569e-02
192           	OVC	-8.210385e-02	-4.017128e-02	-3.487482e-02
192           	shield_slave	-7.831862e-02	-6.516628e-02	-2.233569e-02
193           	OVC	-8.210385e-02	-4.017128e-02	-3.487482e-02
193           	shield_slave	-7.831862e-02	-6.516627e-02	-2.233568e-02
194           	OVC	-8.210385e-02	-4.017128e-02	-3.487481e-02
194           	shield_slave	-7.831862e-02	-6.516627e-02	-2.233568e-02
195           	OVC	-8.210385e-02	-4.017128e-02	-3.487481e-02
195           	shield_slave	-7.831862e-02	-6.516627e-02	-2.233568e-02
196           	OVC	-8.210385e-02	-4.017128e-02	-3.487481e-02
196           	shield_slave	-7.831863e-02	-6.516626e-02	-2.233567e-02
197           	OVC	-8.210386e-02	-4.017128e-02	-3.487481e-02
197           	shield_slave	-7.831863e-02	-6.516626e-02	-2.233567e-02
198           	OVC	-8.210386e-02	-4.017128e-02	-3.487481e-02
198           	shield_slave	-7.831863e-02	-6.516626e-02	-2.233567e-02
199           	OVC	-8.210386e-02	-4.017128e-02	-3.487481e-02
199           	shield_slave	-7.831863e-02	-6.516626e-02	-2.233567e-02
200           	OVC	-8.210386e-02	-4.017128e-02	-3.487481e-02
200           	shield_slave	-7.831863e-02	-6.516625e-02	-2.233566e-02
201           	OVC	-8.210386e-02	-4.017128e-02	-3.487480e-02
201           	shield_slave	-7.831864e-02	-6.516625e-02	-2.233566e-02
202           	OVC	-8.210386e-02	-4.017128e-02	-3.487480e-02
202           	shield_slave	-7.831864e-02	-6.516625e-02	-2.233566e-02
203           	OVC	-8.210386e-02	-4.017129e-02	-3.487480e-02
203           	shield_slave	-7.831864e-02	-6.516624e-02	-2.233566e-02
204           	OVC	-8.210386e-02	-4.017129e-02	-3.487480e-02
204           	shield_slave	-7.831864e-02	-6.516624e-02	-2.233565e-02
205           	OVC	-8.210386e-02	-4.017129e-02	-3.487480e-02
205           	shield_slave	-7.831864e-02	-6.516624e-02	-2.233565e-02
206           	OVC	-8.210386e-02	-4.017129e-02	-3.487480e-02
206           	shield_slave	-7.831864e-02	-6.516623e-02	-2.233565e-02
207           	OVC	-8.210386e-02	-4.017129e-02	-3.487480e-02
207           	shield_slave	-7.831865e-02	-6.516623e-02	-2.233565e-02
208           	OVC	-8.210386e-02	-4.017129e-02	-3.487479e-02
208           	shield_slave	-7.831865e-02	-6.516623e-02	-2.233564e-02
209           	OVC	-8.210386e-02	-4.017129e-02	-3.487479e-02
209           	shield_slave	-7.831865e-02	-6.516623e-02	-2.233564e-02
210           	OVC	-8.210386e-02	-4.017129e-02	-3.487479e-02
210           	shield_slave	-7.831865e-02	-6.516622e-02	-2.233564e-02
211           	OVC	-8.210386e-02	-4.017129e-02	-3.487479e-02
211           	shield_slave	-7.831865e-02	-6.516622e-02	-2.233564e-02
212           	OVC	-8.210386e-02	-4.017129e-02	-3.487479e-02
212           	shield_slave	-7.831865e-02	-6.516622e-02	-2.233564e-02
213           	OVC	-8.210386e-02	-4.017129e-02	-3.487479e-02
213           	shield_slave	-7.831865e-02	-6.516622e-02	-2.233563e-02
214           	OVC	-8.210387e-02	-4.017129e-02	-3.487479e-02
214           	shield_slave	-7.831865e-02	-6.516621e-02	-2.233563e-02
215           	OVC	-8.210387e-02	-4.017129e-02	-3.487479e-02
215           	shield_slave	-7.831866e-02	-6.516621e-02	-2.233563e-02
216           	OVC	-8.210387e-02	-4.017129e-02	-3.487478e-02
216           	shield_slave	-7.831866e-02	-6.516621e-02	-2.233563e-02
217           	OVC	-8.210387e-02	-4.017129e-02	-3.487478e-02
217           	shield_slave	-7.831866e-02	-6.516620e-02	-2.233563e-02
218           	OVC	-8.210387e-02	-4.017129e-02	-3.487478e-02
218           	shield_slave	-7.831866e-02	-6.516620e-02	-2.233562e-02
219           	OVC	-8.210387e-02	-4.017129e-02	-3.487478e-02
219           	shield_slave	-7.831866e-02	-6.516620e-02	-2.233562e-02
220           	OVC	-8.210387e-02	-4.017130e-02	-3.487478e-02
220           	shield_slave	-7.831866e-02	-6.516620e-02	-2.233562e-02
221           	OVC	-8.210387e-02	-4.017130e-02	-3.487478e-02
221           	shield_slave	-7.831866e-02	-6.516619e-02	-2.233562e-02
222           	OVC	-8.210387e-02	-4.017130e-02	-3.487478e-02
222           	shield_slave	-7.831866e-02	-6.516619e-02	-2.233562e-02
223           	OVC	-8.210387e-02	-4.017130e-02	-3.487478e-02
223           	shield_slave	-7.831866e-02	-6.516619e-02	-2.233561e-02
224           	OVC	-8.210387e-02	-4.017130e-02	-3.487477e-02
224           	shield_slave	-7.831866e-02	-6.516619e-02	-2.233561e-02
225           	OVC	-8.210387e-02	-4.017130e-02	-3.487477e-02
225           	shield_slave	-7.831867e-02	-6.516619e-02	-2.233561e-02
226           	OVC	-8.210387e-02	-4.017130e-02	-3.487477e-02
226           	shield_slave	-7.831867e-02	-6.516618e-02	-2.233561e-02
227           	OVC	-8.210387e-02	-4.017130e-02	-3.487477e-02
227           	shield_slave	-7.831867e-02	-6.516618e-02	-2.233561e-02
228           	OVC	-8.210387e-02	-4.017130e-02	-3.487477e-02
228           	shield_slave	-7.831867e-02	-6.516618e-02	-2.233561e-02
229           	OVC	-8.210387e-02	-4.017130e-02	-3.487477e-02
229           	shield_slave	-7.831867e-02	-6.516618e-02	-2.233560e-02
230           	OVC	-8.210387e-02	-4.017130e-02	-3.487477e-02
230           	shield_slave	-7.831867e-02	-6.516617e-02	-2.233560e-02
231           	OVC	-8.210387e-02	-4.017130e-02	-3.487477e-02
231           	shield_slave	-7.831867e-02	-6.516617e-02	-2.233560e-02
232           	OVC	-8.210387e-02	-4.017130e-02	-3.487477e-02
232           	shield_slave	-7.831867e-02	-6.516617e-02	-2.233560e-02
233           	OVC	-8.210387e-02	-4.017130e-02	-3.487477e-02
233           	shield_slave	-7.831867e-02	-6.516617e-02	-2.233560e-02
234           	OVC	-8.210387e-02	-4.017130e-02	-3.487476e-02
234           	shield_slave	-7.831867e-02	-6.516617e-02	-2.233560e-02
235           	OVC	-8.210387e-02	-4.017130e-02	-3.487476e-02
235           	shield_slave	-7.831867e-02	-6.516616e-02	-2.233559e-02
236           	OVC	-8.210387e-02	-4.017130e-02	-3.487476e-02
236           	shield_slave	-7.831867e-02	-6.516616e-02	-2.233559e-02
237           	OVC	-8.210387e-02	-4.017130e-02	-3.487476e-02
237           	shield_slave	-7.831867e-02	-6.516616e-02	-2.233559e-02
238           	OVC	-8.210387e-02	-4.017130e-02	-3.487476e-02
238           	shield_slave	-7.831868e-02	-6.516616e-02	-2.233559e-02
239           	OVC	-8.210387e-02	-4.017130e-02	-3.487476e-02
239           	shield_slave	-7.831868e-02	-6.516616e-02	-2.233559e-02
240           	OVC	-8.210387e-02	-4.017130e-02	-3.487476e-02
240           	shield_slave	-7.831868e-02	-6.516615e-02	-2.233559e-02
241           	OVC	-8.210387e-02	-4.017130e-02	-3.487476e-02
241           	shield_slave	-7.831868e-02	-6.516615e-02	-2.233559e-02
242           	OVC	-8.210387e-02	-4.017130e-02	-3.487476e-02
242           	shield_slave	-7.831868e-02	-6.516615e-02	-2.233559e-02
243           	OVC	-8.210387e-02	-4.017130e-02	-3.487476e-02
243           	shield_slave	-7.831868e-02	-6.516615e-02	-2.233558e-02
244           	OVC	-8.210387e-02	-4.017130e-02	-3.487476e-02
244           	shield_slave	-7.831868e-02	-6.516615e-02	-2.233558e-02
245           	OVC	-8.210387e-02	-4.017130e-02	-3.487475e-02
245           	shield_slave	-7.831868e-02	-6.516614e-02	-2.233558e-02
246           	OVC	-8.210387e-02	-4.017130e-02	-3.487475e-02
246           	shield_slave	-7.831868e-02	-6.516614e-02	-2.233558e-02
247           	OVC	-8.210387e-02	-4.017130e-02	-3.487475e-02
247           	shield_slave	-7.831868e-02	-6.516614e-02	-2.233558e-02
248           	OVC	-8.210387e-02	-4.017130e-02	-3.487475e-02
248           	shield_slave	-7.831868e-02	-6.516614e-02	-2.233558e-02
249           	OVC	-8.210387e-02	-4.017130e-02	-3.487475e-02
249           	shield_slave	-7.831868e-02	-6.516614e-02	-2.233558e-02
250           	OVC	-8.210387e-02	-4.017130e-02	-3.487475e-02
250           	shield_slave	-7.831868e-02	-6.516614e-02	-2.233558e-02
251           	OVC	-8.210387e-02	-4.017130e-02	-3.487475e-02
251           	shield_slave	-7.831868e-02	-6.516613e-02	-2.233557e-02
252           	OVC	-8.210387e-02	-4.017130e-02	-3.487475e-02
252           	shield_slave	-7.831868e-02	-6.516613e-02	-2.233557e-02
253           	OVC	-8.210387e-02	-4.017130e-02	-3.487475e-02
253           	shield_slave	-7.831868e-02	-6.516613e-02	-2.233557e-02
254           	OVC	-8.210387e-02	-4.017130e-02	-3.487475e-02
254           	shield_slave	-7.831868e-02	-6.516613e-02	-2.233557e-02
255           	OVC	-8.210387e-02	-4.017130e-02	-3.487475e-02
255           	shield_slave	-7.831868e-02	-6.516613e-02	-2.233557e-02
256           	OVC	-8.210387e-02	-4.017130e-02	-3.487475e-02
256           	shield_slave	-7.831868e-02	-6.516613e-02	-2.233557e-02
257           	OVC	-8.210387e-02	-4.017130e-02	-3.487475e-02
257           	shield_slave	-7.831868e-02	-6.516612e-02	-2.233557e-02
258           	OVC	-8.210387e-02	-4.017130e-02	-3.487474e-02
258           	shield_slave	-7.831868e-02	-6.516612e-02	-2.233557e-02
259           	OVC	-8.210387e-02	-4.017130e-02	-3.487474e-02
259           	shield_slave	-7.831868e-02	-6.516612e-02	-2.233557e-02
260           	OVC	-8.210387e-02	-4.017131e-02	-3.487474e-02
260           	shield_slave	-7.831868e-02	-6.516612e-02	-2.233556e-02
261           	OVC	-8.210387e-02	-4.017131e-02	-3.487474e-02
261           	shield_slave	-7.831868e-02	-6.516612e-02	-2.233556e-02
262           	OVC	-8.210387e-02	-4.017131e-02	-3.487474e-02
262           	shield_slave	-7.831868e-02	-6.516612e-02	-2.233556e-02
263           	OVC	-8.210387e-02	-4.017131e-02	-3.487474e-02
263           	shield_slave	-7.831869e-02	-6.516611e-02	-2.233556e-02
264           	OVC	-8.210387e-02	-4.017131e-02	-3.487474e-02
264           	shield_slave	-7.831869e-02	-6.516611e-02	-2.233556e-02
265           	OVC	-8.210387e-02	-4.017131e-02	-3.487474e-02
265           	shield_slave	-7.831869e-02	-6.516611e-02	-2.233556e-02
266           	OVC	-8.210387e-02	-4.017131e-02	-3.487474e-02
266           	shield_slave	-7.831869e-02	-6.516611e-02	-2.233556e-02
267           	OVC	-8.210387e-02	-4.017131e-02	-3.487474e-02
267           	shield_slave	-7.831869e-02	-6.516611e-02	-2.233556e-02
268           	OVC	-8.210387e-02	-4.017131e-02	-3.487474e-02
268           	shield_slave	-7.831869e-02	-6.516611e-02	-2.233556e-02
269           	OVC	-8.210387e-02	-4.017131e-02	-3.487474e-02
269           	shield_slave	-7.831869e-02	-6.516611e-02	-2.233556e-02
270           	OVC	-8.210387e-02	-4.017131e-02	-3.487474e-02
270           	shield_slave	-7.831869e-02	-6.516610e-02	-2.233556e-02
271           	OVC	-8.210387e-02	-4.017131e-02	-3.487474e-02
271           	shield_slave	-7.831869e-02	-6.516610e-02	-2.233556e-02
272           	OVC	-8.210387e-02	-4.017131e-02	-3.487474e-02
272           	shield_slave	-7.831869e-02	-6.516610e-02	-2.233555e-02
273           	OVC	-8.210387e-02	-4.017131e-02	-3.487474e-02
273           	shield_slave	-7.831869e-02	-6.516610e-02	-2.233555e-02
274           	OVC	-8.210387e-02	-4.017131e-02	-3.487474e-02
274           	shield_slave	-7.831869e-02	-6.516610e-02	-2.233555e-02
275           	OVC	-8.210388e-02	-4.017131e-02	-3.487473e-02
275           	shield_slave	-7.831869e-02	-6.516610e-02	-2.233555e-02
276           	OVC	-8.210388e-02	-4.017131e-02	-3.487473e-02
276           	shield_slave	-7.831869e-02	-6.516610e-02	-2.233555e-02
277           	OVC	-8.210388e-02	-4.017131e-02	-3.487473e-02
277           	shield_slave	-7.831869e-02	-6.516610e-02	-2.233555e-02
278           	OVC	-8.210388e-02	-4.017131e-02	-3.487473e-02
278           	shield_slave	-7.831869e-02	-6.516609e-02	-2.233555e-02
279           	OVC	-8.210388e-02	-4.017131e-02	-3.487473e-02
279           	shield_slave	-7.831869e-02	-6.516609e-02	-2.233555e-02
280           	OVC	-8.210388e-02	-4.017131e-02	-3.487473e-02
280           	shield_slave	-7.831869e-02	-6.516609e-02	-2.233555e-02
281           	OVC	-8.210388e-02	-4.017131e-02	-3.487473e-02
281           	shield_slave	-7.831869e-02	-6.516609e-02	-2.233555e-02
282           	OVC	-8.210388e-02	-4.017131e-02	-3.487473e-02
282           	shield_slave	-7.831869e-02	-6.516609e-02	-2.233555e-02
283           	OVC	-8.210388e-02	-4.017131e-02	-3.487473e-02
283           	shield_slave	-7.831869e-02	-6.516609e-02	-2.233555e-02
284           	OVC	-8.210388e-02	-4.017131e-02	-3.487473e-02
284           	shield_slave	-7.831869e-02	-6.516609e-02	-2.233555e-02
285           	OVC	-8.210388e-02	-4.017131e-02	-3.487473e-02
285           	shield_slave	-7.831869e-02	-6.516609e-02	-2.233555e-02
286           	OVC	-8.210388e-02	-4.017131e-02	-3.487473e-02
286           	shield_slave	-7.831869e-02	-6.516609e-02	-2.233554e-02
287           	OVC	-8.210388e-02	-4.017131e-02	-3.487473e-02
287           	shield_slave	-7.831869e-02	-6.516608e-02	-2.233554e-02
288           	OVC	-8.210388e-02	-4.017131e-02	-3.487473e-02
288           	shield_slave	-7.831869e-02	-6.516608e-02	-2.233554e-02
289           	OVC	-8.210388e-02	-4.017131e-02	-3.487473e-02
289           	shield_slave	-7.831869e-02	-6.516608e-02	-2.233554e-02
290           	OVC	-8.210388e-02	-4.017131e-02	-3.487473e-02
290           	shield_slave	-7.831869e-02	-6.516608e-02	-2.233554e-02
291           	OVC	-8.210388e-02	-4.017131e-02	-3.487473e-02
291           	shield_slave	-7.831869e-02	-6.516608e-02	-2.233554e-02
292           	OVC	-8.210388e-02	-4.017131e-02	-3.487473e-02
292           	shield_slave	-7.831869e-02	-6.516608e-02	-2.233554e-02
293           	OVC	-8.210388e-02	-4.017131e-02	-3.487473e-02
293           	shield_slave	-7.831869e-02	-6.516608e-02	-2.233554e-02
294           	OVC	-8.210388e-02	-4.017131e-02	-3.487473e-02
294           	shield_slave	-7.831869e-02	-6.516608e-02	-2.233554e-02
295           	OVC	-8.210388e-02	-4.017131e-02	-3.487473e-02
295           	shield_slave	-7.831869e-02	-6.516608e-02	-2.233554e-02
296           	OVC	-8.210388e-02	-4.017131e-02	-3.487473e-02
296           	shield_slave	-7.831869e-02	-6.516608e-02	-2.233554e-02
297           	OVC	-8.210388e-02	-4.017131e-02	-3.487472e-02
297           	shield_slave	-7.831869e-02	-6.516607e-02	-2.233554e-02
298           	OVC	-8.210388e-02	-4.017131e-02	-3.487472e-02
298           	shield_slave	-7.831869e-02	-6.516607e-02	-2.233554e-02
299           	OVC	-8.210388e-02	-4.017131e-02	-3.487472e-02
299           	shield_slave	-7.831869e-02	-6.516607e-02	-2.233554e-02
300           	OVC	-8.210388e-02	-4.017131e-02	-3.487472e-02
300           	shield_slave	-7.831869e-02	-6.516607e-02	-2.233554e-02
301           	OVC	-8.210388e-02	-4.017131e-02	-3.487472e-02
301           	shield_slave	-7.831869e-02	-6.516607e-02	-2.233554e-02
302           	OVC	-8.210388e-02	-4.017131e-02	-3.487472e-02
302           	shield_slave	-7.831869e-02	-6.516607e-02	-2.233554e-02
303           	OVC	-8.210388e-02	-4.017131e-02	-3.487472e-02
303           	shield_slave	-7.831869e-02	-6.516607e-02	-2.233554e-02
304           	OVC	-8.210388e-02	-4.017131e-02	-3.487472e-02
304           	shield_slave	-7.831869e-02	-6.516607e-02	-2.233553e-02
305           	OVC	-8.210388e-02	-4.017131e-02	-3.487472e-02
305           	shield_slave	-7.831869e-02	-6.516607e-02	-2.233553e-02
306           	OVC	-8.210388e-02	-4.017131e-02	-3.487472e-02
306           	shield_slave	-7.831869e-02	-6.516607e-02	-2.233553e-02
307           	OVC	-8.210388e-02	-4.017131e-02	-3.487472e-02
307           	shield_slave	-7.831869e-02	-6.516607e-02	-2.233553e-02
308           	OVC	-8.210388e-02	-4.017131e-02	-3.487472e-02
308           	shield_slave	-7.831869e-02	-6.516606e-02	-2.233553e-02
309           	OVC	-8.210388e-02	-4.017131e-02	-3.487472e-02
309           	shield_slave	-7.831869e-02	-6.516606e-02	-2.233553e-02
310           	OVC	-8.210388e-02	-4.017131e-02	-3.487472e-02
310           	shield_slave	-7.831869e-02	-6.516606e-02	-2.233553e-02
311           	OVC	-8.210388e-02	-4.017131e-02	-3.487472e-02
311           	shield_slave	-7.831869e-02	-6.516606e-02	-2.233553e-02
312           	OVC	-8.210388e-02	-4.017131e-02	-3.487472e-02
312           	shield_slave	-7.831869e-02	-6.516606e-02	-2.233553e-02
313           	OVC	-8.210388e-02	-4.017131e-02	-3.487472e-02
313           	shield_slave	-7.831869e-02	-6.516606e-02	-2.233553e-02
314           	OVC	-8.210388e-02	-4.017131e-02	-3.487472e-02
314           	shield_slave	-7.831869e-02	-6.516606e-02	-2.233553e-02
315           	OVC	-8.210388e-02	-4.017131e-02	-3.487472e-02
315           	shield_slave	-7.831869e-02	-6.516606e-02	-2.233553e-02
316           	OVC	-8.210388e-02	-4.017131e-02	-3.487472e-02
316           	shield_slave	-7.831869e-02	-6.516606e-02	-2.233553e-02
317           	OVC	-8.210388e-02	-4.017131e-02	-3.487472e-02
317           	shield_slave	-7.831869e-02	-6.516606e-02	-2.233553e-02
318           	OVC	-8.210388e-02	-4.017131e-02	-3.487472e-02
318           	shield_slave	-7.831869e-02	-6.516606e-02	-2.233553e-02
319           	OVC	-8.210388e-02	-4.017131e-02	-3.487472e-02
319           	shield_slave	-7.831869e-02	-6.516606e-02	-2.233553e-02
320           	OVC	-8.210388e-02	-4.017131e-02	-3.487472e-02
320           	shield_slave	-7.831869e-02	-6.516606e-02	-2.233553e-02
321           	OVC	-8.210388e-02	-4.017131e-02	-3.487472e-02
321           	shield_slave	-7.831869e-02	-6.516606e-02	-2.233553e-02
322           	OVC	-8.210388e-02	-4.017131e-02	-3.487472e-02
322           	shield_slave	-7.831869e-02	-6.516605e-02	-2.233553e-02
323           	OVC	-8.210388e-02	-4.017131e-02	-3.487472e-02
323           	shield_slave	-7.831869e-02	-6.516605e-02	-2.233553e-02
324           	OVC	-8.210388e-02	-4.017131e-02	-3.487472e-02
324           	shield_slave	-7.831869e-02	-6.516605e-02	-2.233553e-02
325           	OVC	-8.210388e-02	-4.017131e-02	-3.487472e-02
325           	shield_slave	-7.831869e-02	-6.516605e-02	-2.233553e-02
326           	OVC	-8.210388e-02	-4.017131e-02	-3.487472e-02
326           	shield_slave	-7.831869e-02	-6.516605e-02	-2.233553e-02
327           	OVC	-8.210388e-02	-4.017131e-02	-3.487472e-02
327           	shield_slave	-7.831869e-02	-6.516605e-02	-2.233553e-02
328           	OVC	-8.210388e-02	-4.017131e-02	-3.487472e-02
328           	shield_slave	-7.831869e-02	-6.516605e-02	-2.233553e-02
329           	OVC	-8.210388e-02	-4.017131e-02	-3.487472e-02
329           	shield_slave	-7.831869e-02	-6.516605e-02	-2.233553e-02
330           	OVC	-8.210388e-02	-4.017131e-02	-3.487471e-02
330           	shield_slave	-7.831869e-02	-6.516605e-02	-2.233553e-02
331           	OVC	-8.210388e-02	-4.017131e-02	-3.487471e-02
331           	shield_slave	-7.831869e-02	-6.516605e-02	-2.233552e-02
332           	OVC	-8.210388e-02	-4.017131e-02	-3.487471e-02
332           	shield_slave	-7.831869e-02	-6.516605e-02	-2.233552e-02
333           	OVC	-8.210388e-02	-4.017131e-02	-3.487471e-02
333           	shield_slave	-7.831869e-02	-6.516605e-02	-2.233552e-02
334           	OVC	-8.210388e-02	-4.017131e-02	-3.487471e-02
334           	shield_slave	-7.831869e-02	-6.516605e-02	-2.233552e-02
335           	OVC	-8.210388e-02	-4.017131e-02	-3.487471e-02
335           	shield_slave	-7.831869e-02	-6.516605e-02	-2.233552e-02
336           	OVC	-8.210388e-02	-4.017131e-02	-3.487471e-02
336           	shield_slave	-7.831869e-02	-6.516605e-02	-2.233552e-02
337           	OVC	-8.210388e-02	-4.017131e-02	-3.487471e-02
337           	shield_slave	-7.831869e-02	-6.516605e-02	-2.233552e-02
338           	OVC	-8.210388e-02	-4.017131e-02	-3.487471e-02
338           	shield_slave	-7.831869e-02	-6.516605e-02	-2.233552e-02
339           	OVC	-8.210388e-02	-4.017131e-02	-3.487471e-02
339           	shield_slave	-7.831869e-02	-6.516604e-02	-2.233552e-02
340           	OVC	-8.210388e-02	-4.017131e-02	-3.487471e-02
340           	shield_slave	-7.831869e-02	-6.516604e-02	-2.233552e-02
341           	OVC	-8.210388e-02	-4.017131e-02	-3.487471e-02
341           	shield_slave	-7.831869e-02	-6.516604e-02	-2.233552e-02
342           	OVC	-8.210388e-02	-4.017131e-02	-3.487471e-02
342           	shield_slave	-7.831869e-02	-6.516604e-02	-2.233552e-02
343           	OVC	-8.210388e-02	-4.017131e-02	-3.487471e-02
343           	shield_slave	-7.831869e-02	-6.516604e-02	-2.233552e-02
344           	OVC	-8.210388e-02	-4.017131e-02	-3.487471e-02
344           	shield_slave	-7.831869e-02	-6.516604e-02	-2.233552e-02
345           	OVC	-8.210388e-02	-4.017131e-02	-3.487471e-02
345           	shield_slave	-7.831869e-02	-6.516604e-02	-2.233552e-02
346           	OVC	-8.210388e-02	-4.017131e-02	-3.487471e-02
346           	shield_slave	-7.831869e-02	-6.516604e-02	-2.233552e-02
347           	OVC	-8.210388e-02	-4.017131e-02	-3.487471e-02
347           	shield_slave	-7.831869e-02	-6.516604e-02	-2.233552e-02
348           	OVC	-8.210388e-02	-4.017131e-02	-3.487471e-02
348           	shield_slave	-7.831869e-02	-6.516604e-02	-2.233552e-02
349           	OVC	-8.210388e-02	-4.017131e-02	-3.487471e-02
349           	shield_slave	-7.831869e-02	-6.516604e-02	-2.233552e-02
350           	OVC	-8.210388e-02	-4.017131e-02	-3.487471e-02
350           	shield_slave	-7.831869e-02	-6.516604e-02	-2.233552e-02
351           	OVC	-8.210388e-02	-4.017131e-02	-3.487471e-02
351           	shield_slave	-7.831869e-02	-6.516604e-02	-2.233552e-02
352           	OVC	-8.210388e-02	-4.017131e-02	-3.487471e-02
352           	shield_slave	-7.831869e-02	-6.516604e-02	-2.233552e-02
353           	OVC	-8.210388e-02	-4.017131e-02	-3.487471e-02
353           	shield_slave	-7.831869e-02	-6.516604e-02	-2.233552e-02
354           	OVC	-8.210388e-02	-4.017131e-02	-3.487471e-02
354           	shield_slave	-7.831869e-02	-6.516604e-02	-2.233552e-02
355           	OVC	-8.210388e-02	-4.017131e-02	-3.487471e-02
355           	shield_slave	-7.831869e-02	-6.516604e-02	-2.233552e-02
356           	OVC	-8.210388e-02	-4.017131e-02	-3.487471e-02
356           	shield_slave	-7.831869e-02	-6.516604e-02	-2.233552e-02
357           	OVC	-8.210388e-02	-4.017131e-02	-3.487471e-02
357           	shield_slave	-7.831869e-02	-6.516604e-02	-2.233552e-02
358           	OVC	-8.210388e-02	-4.017131e-02	-3.487471e-02
358           	shield_slave	-7.831869e-02	-6.516604e-02	-2.233552e-02
359           	OVC	-8.210388e-02	-4.017131e-02	-3.487471e-02
359           	shield_slave	-7.831869e-02	-6.516604e-02	-2.233552e-02
360           	OVC	-8.210388e-02	-4.017131e-02	-3.487471e-02
360           	shield_slave	-7.831869e-02	-6.516604e-02	-2.233552e-02
361           	OVC	-8.210388e-02	-4.017131e-02	-3.487471e-02
361           	shield_slave	-7.831869e-02	-6.516604e-02	-2.233552e-02
362           	OVC	-8.210388e-02	-4.017131e-02	-3.487471e-02
362           	shield_slave	-7.831869e-02	-6.516603e-02	-2.233552e-02
363           	OVC	-8.210388e-02	-4.017131e-02	-3.487471e-02
363           	shield_slave	-7.831869e-02	-6.516603e-02	-2.233552e-02
364           	OVC	-8.210388e-02	-4.017131e-02	-3.487471e-02
364           	shield_slave	-7.831869e-02	-6.516603e-02	-2.233552e-02
365           	OVC	-8.210388e-02	-4.017131e-02	-3.487471e-02
365           	shield_slave	-7.831869e-02	-6.516603e-02	-2.233552e-02
366           	OVC	-8.210388e-02	-4.017131e-02	-3.487471e-02
366           	shield_slave	-7.831869e-02	-6.516603e-02	-2.233552e-02
367           	OVC	-8.210388e-02	-4.017131e-02	-3.487471e-02
367           	shield_slave	-7.831869e-02	-6.516603e-02	-2.233552e-02
368           	OVC	-8.210387e-02	-4.017131e-02	-3.487471e-02
368           	shield_slave	-7.831869e-02	-6.516603e-02	-2.233552e-02
369           	OVC	-8.210387e-02	-4.017131e-02	-3.487471e-02
369           	shield_slave	-7.831869e-02	-6.516603e-02	-2.233552e-02
370           	OVC	-8.210387e-02	-4.017131e-02	-3.487471e-02
370           	shield_slave	-7.831869e-02	-6.516603e-02	-2.233552e-02
371           	OVC	-8.210387e-02	-4.017131e-02	-3.487471e-02
371           	shield_slave	-7.831869e-02	-6.516603e-02	-2.233552e-02
372           	OVC	-8.210387e-02	-4.017131e-02	-3.487471e-02
372           	shield_slave	-7.831869e-02	-6.516603e-02	-2.233552e-02
373           	OVC	-8.210387e-02	-4.017131e-02	-3.487471e-02
373           	shield_slave	-7.831869e-02	-6.516603e-02	-2.233552e-02
374           	OVC	-8.210387e-02	-4.017131e-02	-3.487471e-02
374           	shield_slave	-7.831869e-02	-6.516603e-02	-2.233552e-02
375           	OVC	-8.210387e-02	-4.017131e-02	-3.487471e-02
375           	shield_slave	-7.831869e-02	-6.516603e-02	-2.233552e-02
376           	OVC	-8.210387e-02	-4.017131e-02	-3.487471e-02
376           	shield_slave	-7.831869e-02	-6.516603e-02	-2.233552e-02
377           	OVC	-8.210387e-02	-4.017131e-02	-3.487471e-02
377           	shield_slave	-7.831869e-02	-6.516603e-02	-2.233552e-02
378           	OVC	-8.210387e-02	-4.017131e-02	-3.487471e-02
378           	shield_slave	-7.831869e-02	-6.516603e-02	-2.233552e-02
379           	OVC	-8.210387e-02	-4.017131e-02	-3.487471e-02
379           	shield_slave	-7.831869e-02	-6.516603e-02	-2.233552e-02
380           	OVC	-8.210387e-02	-4.017131e-02	-3.487471e-02
380           	shield_slave	-7.831869e-02	-6.516603e-02	-2.233552e-02
381           	OVC	-8.210387e-02	-4.017131e-02	-3.487471e-02
381           	shield_slave	-7.831869e-02	-6.516603e-02	-2.233551e-02
382           	OVC	-8.210387e-02	-4.017131e-02	-3.487471e-02
382           	shield_slave	-7.831869e-02	-6.516603e-02	-2.233551e-02
383           	OVC	-8.210387e-02	-4.017131e-02	-3.487471e-02
383           	shield_slave	-7.831869e-02	-6.516603e-02	-2.233551e-02
384           	OVC	-8.210387e-02	-4.017131e-02	-3.487471e-02
384           	shield_slave	-7.831869e-02	-6.516603e-02	-2.233551e-02
385           	OVC	-8.210387e-02	-4.017131e-02	-3.487471e-02
385           	shield_slave	-7.831869e-02	-6.516603e-02	-2.233551e-02
386           	OVC	-8.210387e-02	-4.017131e-02	-3.487471e-02
386           	shield_slave	-7.831869e-02	-6.516603e-02	-2.233551e-02
387           	OVC	-8.210387e-02	-4.017131e-02	-3.487471e-02
387           	shield_slave	-7.831869e-02	-6.516603e-02	-2.233551e-02
388           	OVC	-8.210387e-02	-4.017131e-02	-3.487471e-02
388           	shield_slave	-7.831869e-02	-6.516603e-02	-2.233551e-02
389           	OVC	-8.210387e-02	-4.017131e-02	-3.487471e-02
389           	shield_slave	-7.831869e-02	-6.516603e-02	-2.233551e-02
390           	OVC	-8.210387e-02	-4.017131e-02	-3.487471e-02
390           	shield_slave	-7.831869e-02	-6.516603e-02	-2.233551e-02
391           	OVC	-8.210387e-02	-4.017131e-02	-3.487471e-02
391           	shield_slave	-7.831869e-02	-6.516603e-02	-2.233551e-02
392           	OVC	-8.210387e-02	-4.017131e-02	-3.487471e-02
392           	shield_slave	-7.831869e-02	-6.516603e-02	-2.233551e-02
393           	OVC	-8.210387e-02	-4.017131e-02	-3.487471e-02
393           	shield_slave	-7.831869e-02	-6.516603e-02	-2.233551e-02
394           	OVC	-8.210387e-02	-4.017131e-02	-3.487471e-02
394           	shield_slave	-7.831869e-02	-6.516603e-02	-2.233551e-02
395           	OVC	-8.210387e-02	-4.017131e-02	-3.487471e-02
395           	shield_slave	-7.831869e-02	-6.516603e-02	-2.233551e-02
396           	OVC	-8.210387e-02	-4.017131e-02	-3.487471e-02
396           	shield_slave	-7.831869e-02	-6.516603e-02	-2.233551e-02
397           	OVC	-8.210387e-02	-4.017131e-02	-3.487471e-02
397           	shield_slave	-7.831869e-02	-6.516603e-02	-2.233551e-02
398           	OVC	-8.210387e-02	-4.017131e-02	-3.487471e-02
398           	shield_slave	-7.831869e-02	-6.516603e-02	-2.233551e-02
399           	OVC	-8.210387e-02	-4.017131e-02	-3.487471e-02
399           	shield_slave	-7.831869e-02	-6.516602e-02	-2.233551e-02
400           	OVC	-8.210387e-02	-4.017131e-02	-3.487471e-02
400           	shield_slave	-7.831869e-02	-6.516602e-02	-2.233551e-02
401           	OVC	-8.210387e-02	-4.017131e-02	-3.487471e-02
401           	shield_slave	-7.831869e-02	-6.516602e-02	-2.233551e-02
402           	OVC	-8.210387e-02	-4.017131e-02	-3.487471e-02
402           	shield_slave	-7.831869e-02	-6.516602e-02	-2.233551e-02
403           	OVC	-8.210387e-02	-4.017131e-02	-3.487471e-02
403           	shield_slave	-7.831869e-02	-6.516602e-02	-2.233551e-02
404           	OVC	-8.210387e-02	-4.017131e-02	-3.487471e-02
404           	shield_slave	-7.831869e-02	-6.516602e-02	-2.233551e-02
405           	OVC	-8.210387e-02	-4.017131e-02	-3.487471e-02
405           	shield_slave	-7.831869e-02	-6.516602e-02	-2.233551e-02
406           	OVC	-8.210387e-02	-4.017131e-02	-3.487471e-02
406           	shield_slave	-7.831869e-02	-6.516602e-02	-2.233551e-02
407           	OVC	-8.210387e-02	-4.017131e-02	-3.487470e-02
407           	shield_slave	-7.831869e-02	-6.516602e-02	-2.233551e-02
408           	OVC	-8.210387e-02	-4.017131e-02	-3.487470e-02
408           	shield_slave	-7.831869e-02	-6.516602e-02	-2.233551e-02
409           	OVC	-8.210387e-02	-4.017131e-02	-3.487470e-02
409           	shield_slave	-7.831869e-02	-6.516602e-02	-2.233551e-02
410           	OVC	-8.210387e-02	-4.017131e-02	-3.487470e-02
410           	shield_slave	-7.831869e-02	-6.516602e-02	-2.233551e-02
411           	OVC	-8.210387e-02	-4.017131e-02	-3.487470e-02
411           	shield_slave	-7.831869e-02	-6.516602e-02	-2.233551e-02
412           	OVC	-8.210387e-02	-4.017131e-02	-3.487470e-02
412           	shield_slave	-7.831869e-02	-6.516602e-02	-2.233551e-02
413           	OVC	-8.210387e-02	-4.017131e-02	-3.487470e-02
413           	shield_slave	-7.831869e-02	-6.516602e-02	-2.233551e-02
414           	OVC	-8.210387e-02	-4.017131e-02	-3.487470e-02
414           	shield_slave	-7.831869e-02	-6.516602e-02	-2.233551e-02
415           	OVC	-8.210387e-02	-4.017131e-02	-3.487470e-02
415           	shield_slave	-7.831869e-02	-6.516602e-02	-2.233551e-02
416           	OVC	-8.210387e-02	-4.017131e-02	-3.487470e-02
416           	shield_slave	-7.831869e-02	-6.516602e-02	-2.233551e-02
417           	OVC	-8.210387e-02	-4.017131e-02	-3.487470e-02
417           	shield_slave	-7.831869e-02	-6.516602e-02	-2.233551e-02
418           	OVC	-8.210387e-02	-4.017131e-02	-3.487470e-02
418           	shield_slave	-7.831869e-02	-6.516602e-02	-2.233551e-02
419           	OVC	-8.210387e-02	-4.017131e-02	-3.487470e-02
419           	shield_slave	-7.831869e-02	-6.516602e-02	-2.233551e-02
420           	OVC	-8.210387e-02	-4.017131e-02	-3.487470e-02
420           	shield_slave	-7.831869e-02	-6.516602e-02	-2.233551e-02
421           	OVC	-8.210387e-02	-4.017131e-02	-3.487470e-02
421           	shield_slave	-7.831869e-02	-6.516602e-02	-2.233551e-02
422           	OVC	-8.210387e-02	-4.017131e-02	-3.487470e-02
422           	shield_slave	-7.831869e-02	-6.516602e-02	-2.233551e-02
423           	OVC	-8.210387e-02	-4.017131e-02	-3.487470e-02
423           	shield_slave	-7.831869e-02	-6.516602e-02	-2.233551e-02
424           	OVC	-8.210387e-02	-4.017131e-02	-3.487470e-02
424           	shield_slave	-7.831869e-02	-6.516602e-02	-2.233551e-02
425           	OVC	-8.210387e-02	-4.017131e-02	-3.487470e-02
425           	shield_slave	-7.831869e-02	-6.516602e-02	-2.233551e-02
426           	OVC	-8.210387e-02	-4.017131e-02	-3.487470e-02
426           	shield_slave	-7.831869e-02	-6.516602e-02	-2.233551e-02
427           	OVC	-8.210387e-02	-4.017131e-02	-3.487470e-02
427           	shield_slave	-7.831869e-02	-6.516602e-02	-2.233551e-02
428           	OVC	-8.210387e-02	-4.017131e-02	-3.487470e-02
428           	shield_slave	-7.831869e-02	-6.516602e-02	-2.233551e-02
429           	OVC	-8.210387e-02	-4.017131e-02	-3.487470e-02
429           	shield_slave	-7.831869e-02	-6.516602e-02	-2.233551e-02
430           	OVC	-8.210387e-02	-4.017131e-02	-3.487470e-02
430           	shield_slave	-7.831869e-02	-6.516602e-02	-2.233551e-02
431           	OVC	-8.210387e-02	-4.017131e-02	-3.487470e-02
431           	shield_slave	-7.831869e-02	-6.516602e-02	-2.233551e-02
432           	OVC	-8.210387e-02	-4.017131e-02	-3.487470e-02
432           	shield_slave	-7.831869e-02	-6.516602e-02	-2.233551e-02
433           	OVC	-8.210387e-02	-4.017131e-02	-3.487470e-02
433           	shield_slave	-7.831869e-02	-6.516602e-02	-2.233551e-02
434           	OVC	-8.210387e-02	-4.017131e-02	-3.487470e-02
434           	shield_slave	-7.831869e-02	-6.516602e-02	-2.233551e-02
435           	OVC	-8.210387e-02	-4.017131e-02	-3.487470e-02
435           	shield_slave	-7.831869e-02	-6.516602e-02	-2.233551e-02
436           	OVC	-8.210387e-02	-4.017131e-02	-3.487470e-02
436           	shield_slave	-7.831869e-02	-6.516602e-02	-2.233551e-02
437           	OVC	-8.210387e-02	-4.017131e-02	-3.487470e-02
437           	shield_slave	-7.831869e-02	-6.516602e-02	-2.233551e-02
438           	OVC	-8.210387e-02	-4.017131e-02	-3.487470e-02
438           	shield_slave	-7.831869e-02	-6.516602e-02	-2.233551e-02
439           	OVC	-8.210387e-02	-4.017131e-02	-3.487470e-02
439           	shield_slave	-7.831869e-02	-6.516602e-02	-2.233551e-02
440           	OVC	-8.210387e-02	-4.017131e-02	-3.487470e-02
440           	shield_slave	-7.831869e-02	-6.516602e-02	-2.233551e-02
441           	OVC	-8.210387e-02	-4.017131e-02	-3.487470e-02
441           	shield_slave	-7.831869e-02	-6.516602e-02	-2.233551e-02
442           	OVC	-8.210387e-02	-4.017131e-02	-3.487470e-02
442           	shield_slave	-7.831869e-02	-6.516602e-02	-2.233551e-02
443           	OVC	-8.210387e-02	-4.017131e-02	-3.487470e-02
443           	shield_slave	-7.831869e-02	-6.516602e-02	-2.233551e-02
444           	OVC	-8.210387e-02	-4.017131e-02	-3.487470e-02
444           	shield_slave	-7.831869e-02	-6.516602e-02	-2.233551e-02
445           	OVC	-8.210387e-02	-4.017131e-02	-3.487470e-02
445           	shield_slave	-7.831869e-02	-6.516602e-02	-2.233551e-02
446           	OVC	-8.210387e-02	-4.017131e-02	-3.487470e-02
446           	shield_slave	-7.831869e-02	-6.516602e-02	-2.233551e-02
447           	OVC	-8.210387e-02	-4.017131e-02	-3.487470e-02
447           	shield_slave	-7.831869e-02	-6.516602e-02	-2.233551e-02
448           	OVC	-8.210387e-02	-4.017131e-02	-3.487470e-02
448           	shield_slave	-7.831869e-02	-6.516602e-02	-2.233551e-02
449           	OVC	-8.210387e-02	-4.017131e-02	-3.487470e-02
449           	shield_slave	-7.831869e-02	-6.516602e-02	-2.233551e-02
450           	OVC	-8.210387e-02	-4.017131e-02	-3.487470e-02
450           	shield_slave	-7.831869e-02	-6.516602e-02	-2.233551e-02
451           	OVC	-8.210387e-02	-4.017131e-02	-3.487470e-02
451           	shield_slave	-7.831869e-02	-6.516602e-02	-2.233551e-02
452           	OVC	-8.210387e-02	-4.017131e-02	-3.487470e-02
452           	shield_slave	-7.831869e-02	-6.516602e-02	-2.233551e-02
453           	OVC	-8.210387e-02	-4.017131e-02	-3.487470e-02
453           	shield_slave	-7.831869e-02	-6.516602e-02	-2.233551e-02
454           	OVC	-8.210387e-02	-4.017131e-02	-3.487470e-02
454           	shield_slave	-7.831869e-02	-6.516602e-02	-2.233551e-02
455           	OVC	-8.210387e-02	-4.017131e-02	-3.487470e-02
455           	shield_slave	-7.831869e-02	-6.516602e-02	-2.233551e-02
456           	OVC	-8.210387e-02	-4.017131e-02	-3.487470e-02
456           	shield_slave	-7.831869e-02	-6.516602e-02	-2.233551e-02
457           	OVC	-8.210387e-02	-4.017131e-02	-3.487470e-02
457           	shield_slave	-7.831869e-02	-6.516602e-02	-2.233551e-02
458           	OVC	-8.210387e-02	-4.017131e-02	-3.487470e-02
458           	shield_slave	-7.831869e-02	-6.516602e-02	-2.233551e-02
459           	OVC	-8.210387e-02	-4.017131e-02	-3.487470e-02
459           	shield_slave	-7.831869e-02	-6.516602e-02	-2.233551e-02
460           	OVC	-8.210387e-02	-4.017131e-02	-3.487470e-02
460           	shield_slave	-7.831869e-02	-6.516602e-02	-2.233551e-02
461           	OVC	-8.210387e-02	-4.017131e-02	-3.487470e-02
461           	shield_slave	-7.831869e-02	-6.516602e-02	-2.233551e-02
462           	OVC	-8.210387e-02	-4.017131e-02	-3.487470e-02
462           	shield_slave	-7.831869e-02	-6.516602e-02	-2.233551e-02
463           	OVC	-8.210387e-02	-4.017131e-02	-3.487470e-02
463           	shield_slave	-7.831869e-02	-6.516602e-02	-2.233551e-02
464           	OVC	-8.210387e-02	-4.017131e-02	-3.487470e-02
464           	shield_slave	-7.831869e-02	-6.516602e-02	-2.233551e-02
465           	OVC	-8.210387e-02	-4.017131e-02	-3.487470e-02
465           	shield_slave	-7.831869e-02	-6.516602e-02	-2.233551e-02
466           	OVC	-8.210387e-02	-4.017131e-02	-3.487470e-02
466           	shield_slave	-7.831869e-02	-6.516602e-02	-2.233551e-02
467           	OVC	-8.210387e-02	-4.017131e-02	-3.487470e-02
467           	shield_slave	-7.831869e-02	-6.516602e-02	-2.233551e-02
468           	OVC	-8.210387e-02	-4.017131e-02	-3.487470e-02
468           	shield_slave	-7.831869e-02	-6.516602e-02	-2.233551e-02
469           	OVC	-8.210387e-02	-4.017131e-02	-3.487470e-02
469           	shield_slave	-7.831869e-02	-6.516602e-02	-2.233551e-02
470           	OVC	-8.210387e-02	-4.017131e-02	-3.487470e-02
470           	shield_slave	-7.831869e-02	-6.516602e-02	-2.233551e-02
471           	OVC	-8.210387e-02	-4.017131e-02	-3.487470e-02
471           	shield_slave	-7.831869e-02	-6.516602e-02	-2.233551e-02
472           	OVC	-8.210387e-02	-4.017131e-02	-3.487470e-02
472           	shield_slave	-7.831869e-02	-6.516602e-02	-2.233551e-02
473           	OVC	-8.210387e-02	-4.017131e-02	-3.487470e-02
473           	shield_slave	-7.831869e-02	-6.516602e-02	-2.233551e-02
474           	OVC	-8.210387e-02	-4.017131e-02	-3.487470e-02
474           	shield_slave	-7.831869e-02	-6.516602e-02	-2.233551e-02
475           	OVC	-8.210387e-02	-4.017131e-02	-3.487470e-02
475           	shield_slave	-7.831869e-02	-6.516602e-02	-2.233551e-02
476           	OVC	-8.210387e-02	-4.017131e-02	-3.487470e-02
476           	shield_slave	-7.831869e-02	-6.516602e-02	-2.233551e-02
477           	OVC	-8.210387e-02	-4.017131e-02	-3.487470e-02
477           	shield_slave	-7.831869e-02	-6.516602e-02	-2.233551e-02
478           	OVC	-8.210387e-02	-4.017131e-02	-3.487470e-02
478           	shield_slave	-7.831869e-02	-6.516602e-02	-2.233551e-02
479           	OVC	-8.210387e-02	-4.017131e-02	-3.487470e-02
479           	shield_slave	-7.831869e-02	-6.516602e-02	-2.233551e-02
480           	OVC	-8.210387e-02	-4.017131e-02	-3.487470e-02
480           	shield_slave	-7.831869e-02	-6.516602e-02	-2.233551e-02
481           	OVC	-8.210387e-02	-4.017131e-02	-3.487470e-02
481           	shield_slave	-7.831869e-02	-6.516602e-02	-2.233551e-02
482           	OVC	-8.210387e-02	-4.017131e-02	-3.487470e-02
482           	shield_slave	-7.831869e-02	-6.516602e-02	-2.233551e-02
483           	OVC	-8.210387e-02	-4.017131e-02	-3.487470e-02
483           	shield_slave	-7.831869e-02	-6.516602e-02	-2.233551e-02
484           	OVC	-8.210387e-02	-4.017131e-02	-3.487470e-02
484           	shield_slave	-7.831869e-02	-6.516602e-02	-2.233551e-02
485           	OVC	-8.210387e-02	-4.017131e-02	-3.487470e-02
485           	shield_slave	-7.831869e-02	-6.516602e-02	-2.233551e-02
486           	OVC	-8.210387e-02	-4.017131e-02	-3.487470e-02
486           	shield_slave	-7.831869e-02	-6.516602e-02	-2.233551e-02
487           	OVC	-8.210387e-02	-4.017131e-02	-3.487470e-02
487           	shield_slave	-7.831869e-02	-6.516602e-02	-2.233551e-02
488           	OVC	-8.210387e-02	-4.017131e-02	-3.487470e-02
488           	shield_slave	-7.831869e-02	-6.516602e-02	-2.233551e-02
489           	OVC	-8.210387e-02	-4.017131e-02	-3.487470e-02
489           	shield_slave	-7.831869e-02	-6.516602e-02	-2.233551e-02
490           	OVC	-8.210387e-02	-4.017131e-02	-3.487470e-02
490           	shield_slave	-7.831869e-02	-6.516602e-02	-2.233551e-02
491           	OVC	-8.210387e-02	-4.017131e-02	-3.487470e-02
491           	shield_slave	-7.831869e-02	-6.516602e-02	-2.233551e-02
492           	OVC	-8.210387e-02	-4.017131e-02	-3.487470e-02
492           	shield_slave	-7.831869e-02	-6.516602e-02	-2.233551e-02
493           	OVC	-8.210387e-02	-4.017131e-02	-3.487470e-02
493           	shield_slave	-7.831869e-02	-6.516602e-02	-2.233551e-02
494           	OVC	-8.210387e-02	-4.017131e-02	-3.487470e-02
494           	shield_slave	-7.831869e-02	-6.516602e-02	-2.233551e-02
495           	OVC	-8.210387e-02	-4.017131e-02	-3.487470e-02
495           	shield_slave	-7.831869e-02	-6.516602e-02	-2.233551e-02
496           	OVC	-8.210387e-02	-4.017131e-02	-3.487470e-02
496           	shield_slave	-7.831869e-02	-6.516602e-02	-2.233551e-02
497           	OVC	-8.210387e-02	-4.017131e-02	-3.487470e-02
497           	shield_slave	-7.831869e-02	-6.516602e-02	-2.233551e-02
498           	OVC	-8.210387e-02	-4.017131e-02	-3.487470e-02
498           	shield_slave	-7.831869e-02	-6.516601e-02	-2.233551e-02
499           	OVC	-8.210387e-02	-4.017131e-02	-3.487470e-02
499           	shield_slave	-7.831869e-02	-6.516601e-02	-2.233551e-02
500           	OVC	-8.210387e-02	-4.017131e-02	-3.487470e-02
500           	shield_slave	-7.831869e-02	-6.516601e-02	-2.233551e-02
501           	OVC	-8.210387e-02	-4.017131e-02	-3.487470e-02
501           	shield_slave	-7.831869e-02	-6.516601e-02	-2.233551e-02
502           	OVC	-8.210387e-02	-4.017131e-02	-3.487470e-02
502           	shield_slave	-7.831869e-02	-6.516601e-02	-2.233551e-02
503           	OVC	-8.210387e-02	-4.017131e-02	-3.487470e-02
503           	shield_slave	-7.831869e-02	-6.516601e-02	-2.233551e-02
504           	OVC	-8.210387e-02	-4.017131e-02	-3.487470e-02
504           	shield_slave	-7.831869e-02	-6.516601e-02	-2.233551e-02
505           	OVC	-8.210387e-02	-4.017131e-02	-3.487470e-02
505           	shield_slave	-7.831869e-02	-6.516601e-02	-2.233551e-02
506           	OVC	-8.210387e-02	-4.017131e-02	-3.487470e-02
506           	shield_slave	-7.831869e-02	-6.516601e-02	-2.233551e-02
507           	OVC	-8.210387e-02	-4.017131e-02	-3.487470e-02
507           	shield_slave	-7.831869e-02	-6.516601e-02	-2.233551e-02
508           	OVC	-8.210387e-02	-4.017131e-02	-3.487470e-02
508           	shield_slave	-7.831869e-02	-6.516601e-02	-2.233551e-02
509           	OVC	-8.210387e-02	-4.017131e-02	-3.487470e-02
509           	shield_slave	-7.831869e-02	-6.516601e-02	-2.233551e-02
510           	OVC	-8.210387e-02	-4.017131e-02	-3.487470e-02
510           	shield_slave	-7.831869e-02	-6.516601e-02	-2.233551e-02
511           	OVC	-8.210387e-02	-4.017131e-02	-3.487470e-02
511           	shield_slave	-7.831869e-02	-6.516601e-02	-2.233551e-02
512           	OVC	-8.210387e-02	-4.017131e-02	-3.487470e-02
512           	shield_slave	-7.831869e-02	-6.516601e-02	-2.233551e-02
513           	OVC	-8.210387e-02	-4.017131e-02	-3.487470e-02
513           	shield_slave	-7.831869e-02	-6.516601e-02	-2.233551e-02
514           	OVC	-8.210387e-02	-4.017131e-02	-3.487470e-02
514           	shield_slave	-7.831869e-02	-6.516601e-02	-2.233551e-02
515           	OVC	-8.210387e-02	-4.017131e-02	-3.487470e-02
515           	shield_slave	-7.831869e-02	-6.516601e-02	-2.233551e-02
516           	OVC	-8.210387e-02	-4.017131e-02	-3.487470e-02
516           	shield_slave	-7.831869e-02	-6.516601e-02	-2.233551e-02
517           	OVC	-8.210387e-02	-4.017131e-02	-3.487470e-02
517           	shield_slave	-7.831869e-02	-6.516601e-02	-2.233551e-02
518           	OVC	-8.210387e-02	-4.017131e-02	-3.487470e-02
518           	shield_slave	-7.831869e-02	-6.516601e-02	-2.233551e-02
519           	OVC	-8.210387e-02	-4.017131e-02	-3.487470e-02
519           	shield_slave	-7.831869e-02	-6.516601e-02	-2.233551e-02
520           	OVC	-8.210387e-02	-4.017131e-02	-3.487470e-02
520           	shield_slave	-7.831869e-02	-6.516601e-02	-2.233551e-02
521           	OVC	-8.210387e-02	-4.017131e-02	-3.487470e-02
521           	shield_slave	-7.831869e-02	-6.516601e-02	-2.233551e-02
522           	OVC	-8.210387e-02	-4.017131e-02	-3.487470e-02
522           	shield_slave	-7.831869e-02	-6.516601e-02	-2.233551e-02
523           	OVC	-8.210387e-02	-4.017131e-02	-3.487470e-02
523           	shield_slave	-7.831869e-02	-6.516601e-02	-2.233551e-02
524           	OVC	-8.210387e-02	-4.017131e-02	-3.487470e-02
524           	shield_slave	-7.831869e-02	-6.516601e-02	-2.233551e-02
525           	OVC	-8.210387e-02	-4.017131e-02	-3.487470e-02
525           	shield_slave	-7.831869e-02	-6.516601e-02	-2.233551e-02
526           	OVC	-8.210387e-02	-4.017131e-02	-3.487470e-02
526           	shield_slave	-7.831869e-02	-6.516601e-02	-2.233551e-02
527           	OVC	-8.210387e-02	-4.017131e-02	-3.487470e-02
527           	shield_slave	-7.831869e-02	-6.516601e-02	-2.233551e-02
528           	OVC	-8.210387e-02	-4.017131e-02	-3.487470e-02
528           	shield_slave	-7.831869e-02	-6.516601e-02	-2.233551e-02
529           	OVC	-8.210387e-02	-4.017131e-02	-3.487470e-02
529           	shield_slave	-7.831869e-02	-6.516601e-02	-2.233551e-02
530           	OVC	-8.210387e-02	-4.017131e-02	-3.487470e-02
530           	shield_slave	-7.831869e-02	-6.516601e-02	-2.233551e-02
531           	OVC	-8.210387e-02	-4.017131e-02	-3.487470e-02
531           	shield_slave	-7.831869e-02	-6.516601e-02	-2.233551e-02
532           	OVC	-8.210387e-02	-4.017131e-02	-3.487470e-02
532           	shield_slave	-7.831869e-02	-6.516601e-02	-2.233551e-02
533           	OVC	-8.210387e-02	-4.017131e-02	-3.487470e-02
533           	shield_slave	-7.831869e-02	-6.516601e-02	-2.233551e-02
534           	OVC	-8.210387e-02	-4.017131e-02	-3.487470e-02
534           	shield_slave	-7.831869e-02	-6.516601e-02	-2.233551e-02
535           	OVC	-8.210387e-02	-4.017131e-02	-3.487470e-02
535           	shield_slave	-7.831869e-02	-6.516601e-02	-2.233551e-02
536           	OVC	-8.210387e-02	-4.017131e-02	-3.487470e-02
536           	shield_slave	-7.831869e-02	-6.516601e-02	-2.233551e-02
537           	OVC	-8.210387e-02	-4.017131e-02	-3.487470e-02
537           	shield_slave	-7.831869e-02	-6.516601e-02	-2.233551e-02
538           	OVC	-8.210387e-02	-4.017131e-02	-3.487470e-02
538           	shield_slave	-7.831869e-02	-6.516601e-02	-2.233551e-02
539           	OVC	-8.210387e-02	-4.017131e-02	-3.487470e-02
539           	shield_slave	-7.831869e-02	-6.516601e-02	-2.233551e-02
540           	OVC	-8.210387e-02	-4.017131e-02	-3.487470e-02
540           	shield_slave	-7.831869e-02	-6.516601e-02	-2.233551e-02
541           	OVC	-8.210387e-02	-4.017131e-02	-3.487470e-02
541           	shield_slave	-7.831869e-02	-6.516601e-02	-2.233551e-02
542           	OVC	-8.210387e-02	-4.017131e-02	-3.487470e-02
542           	shield_slave	-7.831869e-02	-6.516601e-02	-2.233551e-02
543           	OVC	-8.210387e-02	-4.017131e-02	-3.487470e-02
543           	shield_slave	-7.831869e-02	-6.516601e-02	-2.233551e-02
544           	OVC	-8.210387e-02	-4.017131e-02	-3.487470e-02
544           	shield_slave	-7.831869e-02	-6.516601e-02	-2.233551e-02
545           	OVC	-8.210387e-02	-4.017131e-02	-3.487470e-02
545           	shield_slave	-7.831869e-02	-6.516601e-02	-2.233551e-02
546           	OVC	-8.210387e-02	-4.017131e-02	-3.487470e-02
546           	shield_slave	-7.831869e-02	-6.516601e-02	-2.233551e-02
547           	OVC	-8.210387e-02	-4.017131e-02	-3.487470e-02
547           	shield_slave	-7.831869e-02	-6.516601e-02	-2.233551e-02
548           	OVC	-8.210387e-02	-4.017131e-02	-3.487470e-02
548           	shield_slave	-7.831869e-02	-6.516601e-02	-2.233551e-02
549           	OVC	-8.210387e-02	-4.017131e-02	-3.487470e-02
549           	shield_slave	-7.831869e-02	-6.516601e-02	-2.233551e-02
550           	OVC	-8.210387e-02	-4.017131e-02	-3.487470e-02
550           	shield_slave	-7.831869e-02	-6.516601e-02	-2.233551e-02
551           	OVC	-8.210387e-02	-4.017131e-02	-3.487470e-02
551           	shield_slave	-7.831869e-02	-6.516601e-02	-2.233551e-02
552           	OVC	-8.210387e-02	-4.017131e-02	-3.487470e-02
552           	shield_slave	-7.831869e-02	-6.516601e-02	-2.233551e-02
553           	OVC	-8.210387e-02	-4.017131e-02	-3.487470e-02
553           	shield_slave	-7.831869e-02	-6.516601e-02	-2.233551e-02
554           	OVC	-8.210387e-02	-4.017131e-02	-3.487470e-02
554           	shield_slave	-7.831869e-02	-6.516601e-02	-2.233551e-02
555           	OVC	-8.210387e-02	-4.017131e-02	-3.487470e-02
555           	shield_slave	-7.831869e-02	-6.516601e-02	-2.233551e-02
556           	OVC	-8.210387e-02	-4.017131e-02	-3.487470e-02
556           	shield_slave	-7.831869e-02	-6.516601e-02	-2.233551e-02
557           	OVC	-8.210387e-02	-4.017131e-02	-3.487470e-02
557           	shield_slave	-7.831869e-02	-6.516601e-02	-2.233551e-02
558           	OVC	-8.210387e-02	-4.017131e-02	-3.487470e-02
558           	shield_slave	-7.831869e-02	-6.516601e-02	-2.233551e-02
559           	OVC	-8.210387e-02	-4.017131e-02	-3.487470e-02
559           	shield_slave	-7.831869e-02	-6.516601e-02	-2.233551e-02
560           	OVC	-8.210387e-02	-4.017131e-02	-3.487470e-02
560           	shield_slave	-7.831869e-02	-6.516601e-02	-2.233551e-02
561           	OVC	-8.210387e-02	-4.017131e-02	-3.487470e-02
561           	shield_slave	-7.831869e-02	-6.516601e-02	-2.233551e-02
562           	OVC	-8.210387e-02	-4.017131e-02	-3.487470e-02
562           	shield_slave	-7.831869e-02	-6.516601e-02	-2.233551e-02
563           	OVC	-8.210387e-02	-4.017131e-02	-3.487470e-02
563           	shield_slave	-7.831869e-02	-6.516601e-02	-2.233551e-02
564           	OVC	-8.210387e-02	-4.017131e-02	-3.487470e-02
564           	shield_slave	-7.831869e-02	-6.516601e-02	-2.233551e-02
565           	OVC	-8.210387e-02	-4.017131e-02	-3.487470e-02
565           	shield_slave	-7.831869e-02	-6.516601e-02	-2.233551e-02
566           	OVC	-8.210387e-02	-4.017131e-02	-3.487470e-02
566           	shield_slave	-7.831869e-02	-6.516601e-02	-2.233551e-02
567           	OVC	-8.210387e-02	-4.017131e-02	-3.487470e-02
567           	shield_slave	-7.831869e-02	-6.516601e-02	-2.233551e-02
568           	OVC	-8.210387e-02	-4.017131e-02	-3.487470e-02
568           	shield_slave	-7.831869e-02	-6.516601e-02	-2.233551e-02
569           	OVC	-8.210387e-02	-4.017131e-02	-3.487470e-02
569           	shield_slave	-7.831869e-02	-6.516601e-02	-2.233551e-02
570           	OVC	-8.210387e-02	-4.017131e-02	-3.487470e-02
570           	shield_slave	-7.831869e-02	-6.516601e-02	-2.233551e-02
571           	OVC	-8.210387e-02	-4.017131e-02	-3.487470e-02
571           	shield_slave	-7.831869e-02	-6.516601e-02	-2.233551e-02
572           	OVC	-8.210387e-02	-4.017131e-02	-3.487470e-02
572           	shield_slave	-7.831869e-02	-6.516601e-02	-2.233551e-02
573           	OVC	-8.210387e-02	-4.017131e-02	-3.487470e-02
573           	shield_slave	-7.831869e-02	-6.516601e-02	-2.233551e-02
574           	OVC	-8.210387e-02	-4.017131e-02	-3.487470e-02
574           	shield_slave	-7.831869e-02	-6.516601e-02	-2.233551e-02
575           	OVC	-8.210387e-02	-4.017131e-02	-3.487470e-02
575           	shield_slave	-7.831869e-02	-6.516601e-02	-2.233551e-02
576           	OVC	-8.210387e-02	-4.017131e-02	-3.487470e-02
576           	shield_slave	-7.831869e-02	-6.516601e-02	-2.233551e-02
577           	OVC	-8.210387e-02	-4.017131e-02	-3.487470e-02
577           	shield_slave	-7.831869e-02	-6.516601e-02	-2.233551e-02
578           	OVC	-8.210387e-02	-4.017131e-02	-3.487470e-02
578           	shield_slave	-7.831869e-02	-6.516601e-02	-2.233551e-02
579           	OVC	-8.210387e-02	-4.017131e-02	-3.487470e-02
579           	shield_slave	-7.831869e-02	-6.516601e-02	-2.233551e-02
580           	OVC	-8.210387e-02	-4.017131e-02	-3.487470e-02
580           	shield_slave	-7.831869e-02	-6.516601e-02	-2.233551e-02
581           	OVC	-8.210387e-02	-4.017131e-02	-3.487470e-02
581           	shield_slave	-7.831869e-02	-6.516601e-02	-2.233551e-02
582           	OVC	-8.210387e-02	-4.017131e-02	-3.487470e-02
582           	shield_slave	-7.831869e-02	-6.516601e-02	-2.233551e-02
583           	OVC	-8.210387e-02	-4.017131e-02	-3.487470e-02
583           	shield_slave	-7.831869e-02	-6.516601e-02	-2.233551e-02
584           	OVC	-8.210387e-02	-4.017131e-02	-3.487470e-02
584           	shield_slave	-7.831869e-02	-6.516601e-02	-2.233551e-02
585           	OVC	-8.210387e-02	-4.017131e-02	-3.487470e-02
585           	shield_slave	-7.831869e-02	-6.516601e-02	-2.233551e-02
586           	OVC	-8.210387e-02	-4.017131e-02	-3.487470e-02
586           	shield_slave	-7.831869e-02	-6.516601e-02	-2.233551e-02
587           	OVC	-8.210387e-02	-4.017131e-02	-3.487470e-02
587           	shield_slave	-7.831869e-02	-6.516601e-02	-2.233551e-02
588           	OVC	-8.210387e-02	-4.017131e-02	-3.487470e-02
588           	shield_slave	-7.831869e-02	-6.516601e-02	-2.233551e-02
589           	OVC	-8.210387e-02	-4.017131e-02	-3.487470e-02
589           	shield_slave	-7.831869e-02	-6.516601e-02	-2.233551e-02
590           	OVC	-8.210387e-02	-4.017131e-02	-3.487470e-02
590           	shield_slave	-7.831869e-02	-6.516601e-02	-2.233551e-02
591           	OVC	-8.210387e-02	-4.017131e-02	-3.487470e-02
591           	shield_slave	-7.831869e-02	-6.516601e-02	-2.233551e-02
592           	OVC	-8.210387e-02	-4.017131e-02	-3.487470e-02
592           	shield_slave	-7.831869e-02	-6.516601e-02	-2.233551e-02
593           	OVC	-8.210387e-02	-4.017131e-02	-3.487470e-02
593           	shield_slave	-7.831869e-02	-6.516601e-02	-2.233551e-02
594           	OVC	-8.210387e-02	-4.017131e-02	-3.487470e-02
594           	shield_slave	-7.831869e-02	-6.516601e-02	-2.233551e-02
595           	OVC	-8.210387e-02	-4.017131e-02	-3.487470e-02
595           	shield_slave	-7.831869e-02	-6.516601e-02	-2.233551e-02
596           	OVC	-8.210387e-02	-4.017131e-02	-3.487470e-02
596           	shield_slave	-7.831869e-02	-6.516601e-02	-2.233551e-02
597           	OVC	-8.210387e-02	-4.017131e-02	-3.487470e-02
597           	shield_slave	-7.831869e-02	-6.516601e-02	-2.233551e-02
598           	OVC	-8.210387e-02	-4.017131e-02	-3.487470e-02
598           	shield_slave	-7.831869e-02	-6.516601e-02	-2.233551e-02
599           	OVC	-8.210387e-02	-4.017131e-02	-3.487470e-02
599           	shield_slave	-7.831869e-02	-6.516601e-02	-2.233551e-02
600           	OVC	-8.210387e-02	-4.017131e-02	-3.487470e-02
600           	shield_slave	-7.831869e-02	-6.516601e-02	-2.233551e-02
601           	OVC	-8.210387e-02	-4.017131e-02	-3.487470e-02
601           	shield_slave	-7.831869e-02	-6.516601e-02	-2.233551e-02
602           	OVC	-8.210387e-02	-4.017131e-02	-3.487470e-02
602           	shield_slave	-7.831869e-02	-6.516601e-02	-2.233551e-02
603           	OVC	-8.210387e-02	-4.017131e-02	-3.487470e-02
603           	shield_slave	-7.831869e-02	-6.516601e-02	-2.233551e-02
604           	OVC	-8.210387e-02	-4.017131e-02	-3.487470e-02
604           	shield_slave	-7.831869e-02	-6.516601e-02	-2.233551e-02
605           	OVC	-8.210387e-02	-4.017131e-02	-3.487470e-02
605           	shield_slave	-7.831869e-02	-6.516601e-02	-2.233551e-02
606           	OVC	-8.210387e-02	-4.017131e-02	-3.487470e-02
606           	shield_slave	-7.831869e-02	-6.516601e-02	-2.233551e-02
607           	OVC	-8.210387e-02	-4.017131e-02	-3.487470e-02
607           	shield_slave	-7.831869e-02	-6.516601e-02	-2.233551e-02
608           	OVC	-8.210387e-02	-4.017131e-02	-3.487470e-02
608           	shield_slave	-7.831869e-02	-6.516601e-02	-2.233551e-02
609           	OVC	-8.210387e-02	-4.017131e-02	-3.487470e-02
609           	shield_slave	-7.831869e-02	-6.516601e-02	-2.233551e-02
610           	OVC	-8.210387e-02	-4.017131e-02	-3.487470e-02
610           	shield_slave	-7.831869e-02	-6.516601e-02	-2.233551e-02
611           	OVC	-8.210387e-02	-4.017131e-02	-3.487470e-02
611           	shield_slave	-7.831869e-02	-6.516601e-02	-2.233551e-02
612           	OVC	-8.210387e-02	-4.017131e-02	-3.487470e-02
612           	shield_slave	-7.831869e-02	-6.516601e-02	-2.233551e-02
613           	OVC	-8.210387e-02	-4.017131e-02	-3.487470e-02
613           	shield_slave	-7.831869e-02	-6.516601e-02	-2.233551e-02
614           	OVC	-8.210387e-02	-4.017131e-02	-3.487470e-02
614           	shield_slave	-7.831869e-02	-6.516601e-02	-2.233551e-02
615           	OVC	-8.210387e-02	-4.017131e-02	-3.487470e-02
615           	shield_slave	-7.831869e-02	-6.516601e-02	-2.233551e-02
616           	OVC	-8.210387e-02	-4.017131e-02	-3.487470e-02
616           	shield_slave	-7.831869e-02	-6.516601e-02	-2.233551e-02
617           	OVC	-8.210387e-02	-4.017131e-02	-3.487470e-02
617           	shield_slave	-7.831869e-02	-6.516601e-02	-2.233551e-02
618           	OVC	-8.210387e-02	-4.017131e-02	-3.487470e-02
618           	shield_slave	-7.831869e-02	-6.516601e-02	-2.233551e-02
619           	OVC	-8.210387e-02	-4.017131e-02	-3.487470e-02
619           	shield_slave	-7.831869e-02	-6.516601e-02	-2.233551e-02
620           	OVC	-8.210387e-02	-4.017131e-02	-3.487470e-02
620           	shield_slave	-7.831869e-02	-6.516601e-02	-2.233551e-02
621           	OVC	-8.210387e-02	-4.017131e-02	-3.487470e-02
621           	shield_slave	-7.831869e-02	-6.516601e-02	-2.233551e-02
622           	OVC	-8.210387e-02	-4.017131e-02	-3.487470e-02
622           	shield_slave	-7.831869e-02	-6.516601e-02	-2.233551e-02
623           	OVC	-8.210387e-02	-4.017131e-02	-3.487470e-02
623           	shield_slave	-7.831869e-02	-6.516601e-02	-2.233551e-02
624           	OVC	-8.210387e-02	-4.017131e-02	-3.487470e-02
624           	shield_slave	-7.831869e-02	-6.516601e-02	-2.233551e-02
625           	OVC	-8.210387e-02	-4.017131e-02	-3.487470e-02
625           	shield_slave	-7.831869e-02	-6.516601e-02	-2.233551e-02
626           	OVC	-8.210387e-02	-4.017131e-02	-3.487470e-02
626           	shield_slave	-7.831869e-02	-6.516601e-02	-2.233551e-02
627           	OVC	-8.210387e-02	-4.017131e-02	-3.487470e-02
627           	shield_slave	-7.831869e-02	-6.516601e-02	-2.233551e-02
628           	OVC	-8.210387e-02	-4.017131e-02	-3.487470e-02
628           	shield_slave	-7.831869e-02	-6.516601e-02	-2.233551e-02
629           	OVC	-8.210387e-02	-4.017131e-02	-3.487470e-02
629           	shield_slave	-7.831869e-02	-6.516601e-02	-2.233551e-02
630           	OVC	-8.210387e-02	-4.017131e-02	-3.487470e-02
630           	shield_slave	-7.831869e-02	-6.516601e-02	-2.233551e-02
631           	OVC	-8.210387e-02	-4.017131e-02	-3.487470e-02
631           	shield_slave	-7.831869e-02	-6.516601e-02	-2.233551e-02
632           	OVC	-8.210387e-02	-4.017131e-02	-3.487470e-02
632           	shield_slave	-7.831869e-02	-6.516601e-02	-2.233551e-02
633           	OVC	-8.210387e-02	-4.017131e-02	-3.487470e-02
633           	shield_slave	-7.831869e-02	-6.516601e-02	-2.233551e-02
634           	OVC	-8.210387e-02	-4.017131e-02	-3.487470e-02
634           	shield_slave	-7.831869e-02	-6.516601e-02	-2.233551e-02
635           	OVC	-8.210387e-02	-4.017131e-02	-3.487470e-02
635           	shield_slave	-7.831869e-02	-6.516601e-02	-2.233551e-02
636           	OVC	-8.210387e-02	-4.017131e-02	-3.487470e-02
636           	shield_slave	-7.831869e-02	-6.516601e-02	-2.233551e-02
637           	OVC	-8.210387e-02	-4.017131e-02	-3.487470e-02
637           	shield_slave	-7.831869e-02	-6.516601e-02	-2.233551e-02
638           	OVC	-8.210387e-02	-4.017131e-02	-3.487470e-02
638           	shield_slave	-7.831869e-02	-6.516601e-02	-2.233551e-02
639           	OVC	-8.210387e-02	-4.017131e-02	-3.487470e-02
639           	shield_slave	-7.831869e-02	-6.516601e-02	-2.233551e-02
640           	OVC	-8.210387e-02	-4.017131e-02	-3.487470e-02
640           	shield_slave	-7.831869e-02	-6.516601e-02	-2.233551e-02
641           	OVC	-8.210387e-02	-4.017131e-02	-3.487470e-02
641           	shield_slave	-7.831869e-02	-6.516601e-02	-2.233551e-02
642           	OVC	-8.210387e-02	-4.017131e-02	-3.487470e-02
642           	shield_slave	-7.831869e-02	-6.516601e-02	-2.233551e-02
643           	OVC	-8.210387e-02	-4.017131e-02	-3.487470e-02
643           	shield_slave	-7.831869e-02	-6.516601e-02	-2.233551e-02
644           	OVC	-8.210387e-02	-4.017131e-02	-3.487470e-02
644           	shield_slave	-7.831869e-02	-6.516601e-02	-2.233551e-02
645           	OVC	-8.210387e-02	-4.017131e-02	-3.487470e-02
645           	shield_slave	-7.831869e-02	-6.516601e-02	-2.233551e-02
646           	OVC	-8.210387e-02	-4.017131e-02	-3.487470e-02
646           	shield_slave	-7.831869e-02	-6.516601e-02	-2.233551e-02
647           	OVC	-8.210387e-02	-4.017131e-02	-3.487470e-02
647           	shield_slave	-7.831869e-02	-6.516601e-02	-2.233551e-02
648           	OVC	-8.210387e-02	-4.017131e-02	-3.487470e-02
648           	shield_slave	-7.831869e-02	-6.516601e-02	-2.233551e-02
649           	OVC	-8.210387e-02	-4.017131e-02	-3.487470e-02
649           	shield_slave	-7.831869e-02	-6.516601e-02	-2.233551e-02
650           	OVC	-8.210387e-02	-4.017131e-02	-3.487470e-02
650           	shield_slave	-7.831869e-02	-6.516601e-02	-2.233551e-02
651           	OVC	-8.210387e-02	-4.017131e-02	-3.487470e-02
651           	shield_slave	-7.831869e-02	-6.516601e-02	-2.233551e-02
652           	OVC	-8.210387e-02	-4.017131e-02	-3.487470e-02
652           	shield_slave	-7.831869e-02	-6.516601e-02	-2.233551e-02
653           	OVC	-8.210387e-02	-4.017131e-02	-3.487470e-02
653           	shield_slave	-7.831869e-02	-6.516601e-02	-2.233551e-02
654           	OVC	-8.210387e-02	-4.017131e-02	-3.487470e-02
654           	shield_slave	-7.831869e-02	-6.516601e-02	-2.233551e-02
655           	OVC	-8.210387e-02	-4.017131e-02	-3.487470e-02
655           	shield_slave	-7.831869e-02	-6.516601e-02	-2.233551e-02
656           	OVC	-8.210387e-02	-4.017131e-02	-3.487470e-02
656           	shield_slave	-7.831869e-02	-6.516601e-02	-2.233551e-02
657           	OVC	-8.210387e-02	-4.017131e-02	-3.487470e-02
657           	shield_slave	-7.831869e-02	-6.516601e-02	-2.233551e-02
658           	OVC	-8.210387e-02	-4.017131e-02	-3.487470e-02
658           	shield_slave	-7.831869e-02	-6.516601e-02	-2.233551e-02
659           	OVC	-8.210387e-02	-4.017131e-02	-3.487470e-02
659           	shield_slave	-7.831869e-02	-6.516601e-02	-2.233551e-02
660           	OVC	-8.210387e-02	-4.017131e-02	-3.487470e-02
660           	shield_slave	-7.831869e-02	-6.516601e-02	-2.233551e-02
661           	OVC	-8.210387e-02	-4.017131e-02	-3.487470e-02
661           	shield_slave	-7.831869e-02	-6.516601e-02	-2.233551e-02
662           	OVC	-8.210387e-02	-4.017131e-02	-3.487470e-02
662           	shield_slave	-7.831869e-02	-6.516601e-02	-2.233551e-02
663           	OVC	-8.210387e-02	-4.017131e-02	-3.487470e-02
663           	shield_slave	-7.831869e-02	-6.516601e-02	-2.233551e-02
664           	OVC	-8.210387e-02	-4.017131e-02	-3.487470e-02
664           	shield_slave	-7.831869e-02	-6.516601e-02	-2.233551e-02
665           	OVC	-8.210387e-02	-4.017131e-02	-3.487470e-02
665           	shield_slave	-7.831869e-02	-6.516601e-02	-2.233551e-02
666           	OVC	-8.210387e-02	-4.017131e-02	-3.487470e-02
666           	shield_slave	-7.831869e-02	-6.516601e-02	-2.233551e-02
667           	OVC	-8.210387e-02	-4.017131e-02	-3.487470e-02
667           	shield_slave	-7.831869e-02	-6.516601e-02	-2.233551e-02
668           	OVC	-8.210387e-02	-4.017131e-02	-3.487470e-02
668           	shield_slave	-7.831869e-02	-6.516601e-02	-2.233551e-02
669           	OVC	-8.210387e-02	-4.017131e-02	-3.487470e-02
669           	shield_slave	-7.831869e-02	-6.516601e-02	-2.233551e-02
670           	OVC	-8.210387e-02	-4.017131e-02	-3.487470e-02
670           	shield_slave	-7.831869e-02	-6.516601e-02	-2.233551e-02
671           	OVC	-8.210387e-02	-4.017131e-02	-3.487470e-02
671           	shield_slave	-7.831869e-02	-6.516601e-02	-2.233551e-02
672           	OVC	-8.210387e-02	-4.017131e-02	-3.487470e-02
672           	shield_slave	-7.831869e-02	-6.516601e-02	-2.233551e-02
673           	OVC	-8.210387e-02	-4.017131e-02	-3.487470e-02
673           	shield_slave	-7.831869e-02	-6.516601e-02	-2.233551e-02
674           	OVC	-8.210387e-02	-4.017131e-02	-3.487470e-02
674           	shield_slave	-7.831869e-02	-6.516601e-02	-2.233551e-02
675           	OVC	-8.210387e-02	-4.017131e-02	-3.487470e-02
675           	shield_slave	-7.831869e-02	-6.516601e-02	-2.233551e-02
676           	OVC	-8.210387e-02	-4.017131e-02	-3.487470e-02
676           	shield_slave	-7.831869e-02	-6.516601e-02	-2.233551e-02
677           	OVC	-8.210387e-02	-4.017131e-02	-3.487470e-02
677           	shield_slave	-7.831869e-02	-6.516601e-02	-2.233551e-02
678           	OVC	-8.210387e-02	-4.017131e-02	-3.487470e-02
678           	shield_slave	-7.831869e-02	-6.516601e-02	-2.233551e-02
679           	OVC	-8.210387e-02	-4.017131e-02	-3.487470e-02
679           	shield_slave	-7.831869e-02	-6.516601e-02	-2.233551e-02
680           	OVC	-8.210387e-02	-4.017131e-02	-3.487470e-02
680           	shield_slave	-7.831869e-02	-6.516601e-02	-2.233551e-02
681           	OVC	-8.210387e-02	-4.017131e-02	-3.487470e-02
681           	shield_slave	-7.831869e-02	-6.516601e-02	-2.233551e-02
682           	OVC	-8.210387e-02	-4.017131e-02	-3.487470e-02
682           	shield_slave	-7.831869e-02	-6.516601e-02	-2.233551e-02
683           	OVC	-8.210387e-02	-4.017131e-02	-3.487470e-02
683           	shield_slave	-7.831869e-02	-6.516601e-02	-2.233551e-02
684           	OVC	-8.210387e-02	-4.017131e-02	-3.487470e-02
684           	shield_slave	-7.831869e-02	-6.516601e-02	-2.233551e-02
685           	OVC	-8.210387e-02	-4.017131e-02	-3.487470e-02
685           	shield_slave	-7.831869e-02	-6.516601e-02	-2.233551e-02
686           	OVC	-8.210387e-02	-4.017131e-02	-3.487470e-02
686           	shield_slave	-7.831869e-02	-6.516601e-02	-2.233551e-02
687           	OVC	-8.210387e-02	-4.017131e-02	-3.487470e-02
687           	shield_slave	-7.831869e-02	-6.516601e-02	-2.233551e-02
688           	OVC	-8.210387e-02	-4.017131e-02	-3.487470e-02
688           	shield_slave	-7.831869e-02	-6.516601e-02	-2.233551e-02
689           	OVC	-8.210387e-02	-4.017131e-02	-3.487470e-02
689           	shield_slave	-7.831869e-02	-6.516601e-02	-2.233551e-02
690           	OVC	-8.210387e-02	-4.017131e-02	-3.487470e-02
690           	shield_slave	-7.831869e-02	-6.516601e-02	-2.233551e-02
691           	OVC	-8.210387e-02	-4.017131e-02	-3.487470e-02
691           	shield_slave	-7.831869e-02	-6.516601e-02	-2.233551e-02
692           	OVC	-8.210387e-02	-4.017131e-02	-3.487470e-02
692           	shield_slave	-7.831869e-02	-6.516601e-02	-2.233551e-02
693           	OVC	-8.210387e-02	-4.017131e-02	-3.487470e-02
693           	shield_slave	-7.831869e-02	-6.516601e-02	-2.233551e-02
694           	OVC	-8.210387e-02	-4.017131e-02	-3.487470e-02
694           	shield_slave	-7.831869e-02	-6.516601e-02	-2.233551e-02
695           	OVC	-8.210387e-02	-4.017131e-02	-3.487470e-02
695           	shield_slave	-7.831869e-02	-6.516601e-02	-2.233551e-02
696           	OVC	-8.210387e-02	-4.017131e-02	-3.487470e-02
696           	shield_slave	-7.831869e-02	-6.516601e-02	-2.233551e-02
697           	OVC	-8.210387e-02	-4.017131e-02	-3.487470e-02
697           	shield_slave	-7.831869e-02	-6.516601e-02	-2.233551e-02
698           	OVC	-8.210387e-02	-4.017131e-02	-3.487470e-02
698           	shield_slave	-7.831869e-02	-6.516601e-02	-2.233551e-02
699           	OVC	-8.210387e-02	-4.017131e-02	-3.487470e-02
699           	shield_slave	-7.831869e-02	-6.516601e-02	-2.233551e-02
700           	OVC	-8.210387e-02	-4.017131e-02	-3.487470e-02
700           	shield_slave	-7.831869e-02	-6.516601e-02	-2.233551e-02
701           	OVC	-8.210387e-02	-4.017131e-02	-3.487470e-02
701           	shield_slave	-7.831869e-02	-6.516601e-02	-2.233551e-02
702           	OVC	-8.210387e-02	-4.017131e-02	-3.487470e-02
702           	shield_slave	-7.831869e-02	-6.516601e-02	-2.233551e-02
703           	OVC	-8.210387e-02	-4.017131e-02	-3.487470e-02
703           	shield_slave	-7.831869e-02	-6.516601e-02	-2.233551e-02
704           	OVC	-8.210387e-02	-4.017131e-02	-3.487470e-02
704           	shield_slave	-7.831869e-02	-6.516601e-02	-2.233551e-02
705           	OVC	-8.210387e-02	-4.017131e-02	-3.487470e-02
705           	shield_slave	-7.831869e-02	-6.516601e-02	-2.233551e-02
706           	OVC	-8.210387e-02	-4.017131e-02	-3.487470e-02
706           	shield_slave	-7.831869e-02	-6.516601e-02	-2.233551e-02
707           	OVC	-8.210387e-02	-4.017131e-02	-3.487470e-02
707           	shield_slave	-7.831869e-02	-6.516601e-02	-2.233551e-02
708           	OVC	-8.210387e-02	-4.017131e-02	-3.487470e-02
708           	shield_slave	-7.831869e-02	-6.516601e-02	-2.233551e-02
709           	OVC	-8.210387e-02	-4.017131e-02	-3.487470e-02
709           	shield_slave	-7.831869e-02	-6.516601e-02	-2.233551e-02
710           	OVC	-8.210387e-02	-4.017131e-02	-3.487470e-02
710           	shield_slave	-7.831869e-02	-6.516601e-02	-2.233551e-02
711           	OVC	-8.210387e-02	-4.017131e-02	-3.487470e-02
711           	shield_slave	-7.831869e-02	-6.516601e-02	-2.233551e-02
712           	OVC	-8.210387e-02	-4.017131e-02	-3.487470e-02
712           	shield_slave	-7.831869e-02	-6.516601e-02	-2.233551e-02
713           	OVC	-8.210387e-02	-4.017131e-02	-3.487470e-02
713           	shield_slave	-7.831869e-02	-6.516601e-02	-2.233551e-02
714           	OVC	-8.210387e-02	-4.017131e-02	-3.487470e-02
714           	shield_slave	-7.831869e-02	-6.516601e-02	-2.233551e-02
715           	OVC	-8.210387e-02	-4.017131e-02	-3.487470e-02
715           	shield_slave	-7.831869e-02	-6.516601e-02	-2.233551e-02
716           	OVC	-8.210387e-02	-4.017131e-02	-3.487470e-02
716           	shield_slave	-7.831869e-02	-6.516601e-02	-2.233551e-02
717           	OVC	-8.210387e-02	-4.017131e-02	-3.487470e-02
717           	shield_slave	-7.831869e-02	-6.516601e-02	-2.233551e-02
718           	OVC	-8.210387e-02	-4.017131e-02	-3.487470e-02
718           	shield_slave	-7.831869e-02	-6.516601e-02	-2.233551e-02
719           	OVC	-8.210387e-02	-4.017131e-02	-3.487470e-02
719           	shield_slave	-7.831869e-02	-6.516601e-02	-2.233551e-02
720           	OVC	-8.210387e-02	-4.017131e-02	-3.487470e-02
720           	shield_slave	-7.831869e-02	-6.516601e-02	-2.233551e-02
721           	OVC	-8.210387e-02	-4.017131e-02	-3.487470e-02
721           	shield_slave	-7.831869e-02	-6.516601e-02	-2.233551e-02
722           	OVC	-8.210387e-02	-4.017131e-02	-3.487470e-02
722           	shield_slave	-7.831869e-02	-6.516601e-02	-2.233551e-02
723           	OVC	-8.210387e-02	-4.017131e-02	-3.487470e-02
723           	shield_slave	-7.831869e-02	-6.516601e-02	-2.233551e-02
724           	OVC	-8.210387e-02	-4.017131e-02	-3.487470e-02
724           	shield_slave	-7.831869e-02	-6.516601e-02	-2.233551e-02
725           	OVC	-8.210387e-02	-4.017131e-02	-3.487470e-02
725           	shield_slave	-7.831869e-02	-6.516601e-02	-2.233551e-02
726           	OVC	-8.210387e-02	-4.017131e-02	-3.487470e-02
726           	shield_slave	-7.831869e-02	-6.516601e-02	-2.233551e-02
727           	OVC	-8.210387e-02	-4.017131e-02	-3.487470e-02
727           	shield_slave	-7.831869e-02	-6.516601e-02	-2.233551e-02
728           	OVC	-8.210387e-02	-4.017131e-02	-3.487470e-02
728           	shield_slave	-7.831869e-02	-6.516601e-02	-2.233551e-02
729           	OVC	-8.210387e-02	-4.017131e-02	-3.487470e-02
729           	shield_slave	-7.831869e-02	-6.516601e-02	-2.233551e-02
730           	OVC	-8.210387e-02	-4.017131e-02	-3.487470e-02
730           	shield_slave	-7.831869e-02	-6.516601e-02	-2.233551e-02
731           	OVC	-8.210387e-02	-4.017131e-02	-3.487470e-02
731           	shield_slave	-7.831869e-02	-6.516601e-02	-2.233551e-02
732           	OVC	-8.210387e-02	-4.017131e-02	-3.487470e-02
732           	shield_slave	-7.831869e-02	-6.516601e-02	-2.233551e-02
733           	OVC	-8.210387e-02	-4.017131e-02	-3.487470e-02
733           	shield_slave	-7.831869e-02	-6.516601e-02	-2.233551e-02
734           	OVC	-8.210387e-02	-4.017131e-02	-3.487470e-02
734           	shield_slave	-7.831869e-02	-6.516601e-02	-2.233551e-02
735           	OVC	-8.210387e-02	-4.017131e-02	-3.487470e-02
735           	shield_slave	-7.831869e-02	-6.516601e-02	-2.233551e-02
736           	OVC	-8.210387e-02	-4.017131e-02	-3.487470e-02
736           	shield_slave	-7.831869e-02	-6.516601e-02	-2.233551e-02
737           	OVC	-8.210387e-02	-4.017131e-02	-3.487470e-02
737           	shield_slave	-7.831869e-02	-6.516601e-02	-2.233551e-02
738           	OVC	-8.210387e-02	-4.017131e-02	-3.487470e-02
738           	shield_slave	-7.831869e-02	-6.516601e-02	-2.233551e-02
739           	OVC	-8.210387e-02	-4.017131e-02	-3.487470e-02
739           	shield_slave	-7.831869e-02	-6.516601e-02	-2.233551e-02
740           	OVC	-8.210387e-02	-4.017131e-02	-3.487470e-02
740           	shield_slave	-7.831869e-02	-6.516601e-02	-2.233551e-02
741           	OVC	-8.210387e-02	-4.017131e-02	-3.487470e-02
741           	shield_slave	-7.831869e-02	-6.516601e-02	-2.233551e-02
742           	OVC	-8.210387e-02	-4.017131e-02	-3.487470e-02
742           	shield_slave	-7.831869e-02	-6.516601e-02	-2.233551e-02
743           	OVC	-8.210387e-02	-4.017131e-02	-3.487470e-02
743           	shield_slave	-7.831869e-02	-6.516601e-02	-2.233551e-02
744           	OVC	-8.210387e-02	-4.017131e-02	-3.487470e-02
744           	shield_slave	-7.831869e-02	-6.516601e-02	-2.233551e-02
745           	OVC	-8.210387e-02	-4.017131e-02	-3.487470e-02
745           	shield_slave	-7.831869e-02	-6.516601e-02	-2.233551e-02
746           	OVC	-8.210387e-02	-4.017131e-02	-3.487470e-02
746           	shield_slave	-7.831869e-02	-6.516601e-02	-2.233551e-02
747           	OVC	-8.210387e-02	-4.017131e-02	-3.487470e-02
747           	shield_slave	-7.831869e-02	-6.516601e-02	-2.233551e-02
748           	OVC	-8.210387e-02	-4.017131e-02	-3.487470e-02
748           	shield_slave	-7.831869e-02	-6.516601e-02	-2.233551e-02
749           	OVC	-8.210387e-02	-4.017131e-02	-3.487470e-02
749           	shield_slave	-7.831869e-02	-6.516601e-02	-2.233551e-02
750           	OVC	-8.210387e-02	-4.017131e-02	-3.487470e-02
750           	shield_slave	-7.831869e-02	-6.516601e-02	-2.233551e-02
751           	OVC	-8.210387e-02	-4.017131e-02	-3.487470e-02
751           	shield_slave	-7.831869e-02	-6.516601e-02	-2.233551e-02
752           	OVC	-8.210387e-02	-4.017131e-02	-3.487470e-02
752           	shield_slave	-7.831869e-02	-6.516601e-02	-2.233551e-02
753           	OVC	-8.210387e-02	-4.017131e-02	-3.487470e-02
753           	shield_slave	-7.831869e-02	-6.516601e-02	-2.233551e-02
754           	OVC	-8.210387e-02	-4.017131e-02	-3.487470e-02
754           	shield_slave	-7.831869e-02	-6.516601e-02	-2.233551e-02
755           	OVC	-8.210387e-02	-4.017131e-02	-3.487470e-02
755           	shield_slave	-7.831869e-02	-6.516601e-02	-2.233551e-02
756           	OVC	-8.210387e-02	-4.017131e-02	-3.487470e-02
756           	shield_slave	-7.831869e-02	-6.516601e-02	-2.233551e-02
757           	OVC	-8.210387e-02	-4.017131e-02	-3.487470e-02
757           	shield_slave	-7.831869e-02	-6.516601e-02	-2.233551e-02
758           	OVC	-8.210387e-02	-4.017131e-02	-3.487470e-02
758           	shield_slave	-7.831869e-02	-6.516601e-02	-2.233551e-02
759           	OVC	-8.210387e-02	-4.017131e-02	-3.487470e-02
759           	shield_slave	-7.831869e-02	-6.516601e-02	-2.233551e-02
760           	OVC	-8.210387e-02	-4.017131e-02	-3.487470e-02
760           	shield_slave	-7.831869e-02	-6.516601e-02	-2.233551e-02
761           	OVC	-8.210387e-02	-4.017131e-02	-3.487470e-02
761           	shield_slave	-7.831869e-02	-6.516601e-02	-2.233551e-02
762           	OVC	-8.210387e-02	-4.017131e-02	-3.487470e-02
762           	shield_slave	-7.831869e-02	-6.516601e-02	-2.233551e-02
763           	OVC	-8.210387e-02	-4.017131e-02	-3.487470e-02
763           	shield_slave	-7.831869e-02	-6.516601e-02	-2.233551e-02
764           	OVC	-8.210387e-02	-4.017131e-02	-3.487470e-02
764           	shield_slave	-7.831869e-02	-6.516601e-02	-2.233551e-02
765           	OVC	-8.210387e-02	-4.017131e-02	-3.487470e-02
765           	shield_slave	-7.831869e-02	-6.516601e-02	-2.233551e-02
766           	OVC	-8.210387e-02	-4.017131e-02	-3.487470e-02
766           	shield_slave	-7.831869e-02	-6.516601e-02	-2.233551e-02
767           	OVC	-8.210387e-02	-4.017131e-02	-3.487470e-02
767           	shield_slave	-7.831869e-02	-6.516601e-02	-2.233551e-02
768           	OVC	-8.210387e-02	-4.017131e-02	-3.487470e-02
768           	shield_slave	-7.831869e-02	-6.516601e-02	-2.233551e-02
769           	OVC	-8.210387e-02	-4.017131e-02	-3.487470e-02
769           	shield_slave	-7.831869e-02	-6.516601e-02	-2.233551e-02
770           	OVC	-8.210387e-02	-4.017131e-02	-3.487470e-02
770           	shield_slave	-7.831869e-02	-6.516601e-02	-2.233551e-02
771           	OVC	-8.210387e-02	-4.017131e-02	-3.487470e-02
771           	shield_slave	-7.831869e-02	-6.516601e-02	-2.233551e-02
772           	OVC	-8.210387e-02	-4.017131e-02	-3.487470e-02
772           	shield_slave	-7.831869e-02	-6.516601e-02	-2.233551e-02
773           	OVC	-8.210387e-02	-4.017131e-02	-3.487470e-02
773           	shield_slave	-7.831869e-02	-6.516601e-02	-2.233551e-02
774           	OVC	-8.210387e-02	-4.017131e-02	-3.487470e-02
774           	shield_slave	-7.831869e-02	-6.516601e-02	-2.233551e-02
775           	OVC	-8.210387e-02	-4.017131e-02	-3.487470e-02
775           	shield_slave	-7.831869e-02	-6.516601e-02	-2.233551e-02
776           	OVC	-8.210387e-02	-4.017131e-02	-3.487470e-02
776           	shield_slave	-7.831869e-02	-6.516601e-02	-2.233551e-02
777           	OVC	-8.210387e-02	-4.017131e-02	-3.487470e-02
777           	shield_slave	-7.831869e-02	-6.516601e-02	-2.233551e-02
778           	OVC	-8.210387e-02	-4.017131e-02	-3.487470e-02
778           	shield_slave	-7.831869e-02	-6.516601e-02	-2.233551e-02
779           	OVC	-8.210387e-02	-4.017131e-02	-3.487470e-02
779           	shield_slave	-7.831869e-02	-6.516601e-02	-2.233551e-02
780           	OVC	-8.210387e-02	-4.017131e-02	-3.487470e-02
780           	shield_slave	-7.831869e-02	-6.516601e-02	-2.233551e-02
781           	OVC	-8.210387e-02	-4.017131e-02	-3.487470e-02
781           	shield_slave	-7.831869e-02	-6.516601e-02	-2.233551e-02
782           	OVC	-8.210387e-02	-4.017131e-02	-3.487470e-02
782           	shield_slave	-7.831869e-02	-6.516601e-02	-2.233551e-02
783           	OVC	-8.210387e-02	-4.017131e-02	-3.487470e-02
783           	shield_slave	-7.831869e-02	-6.516601e-02	-2.233551e-02
784           	OVC	-8.210387e-02	-4.017131e-02	-3.487470e-02
784           	shield_slave	-7.831869e-02	-6.516601e-02	-2.233551e-02
785           	OVC	-8.210387e-02	-4.017131e-02	-3.487470e-02
785           	shield_slave	-7.831869e-02	-6.516601e-02	-2.233551e-02
786           	OVC	-8.210387e-02	-4.017131e-02	-3.487470e-02
786           	shield_slave	-7.831869e-02	-6.516601e-02	-2.233551e-02
787           	OVC	-8.210387e-02	-4.017131e-02	-3.487470e-02
787           	shield_slave	-7.831869e-02	-6.516601e-02	-2.233551e-02
788           	OVC	-8.210387e-02	-4.017131e-02	-3.487470e-02
788           	shield_slave	-7.831869e-02	-6.516601e-02	-2.233551e-02
789           	OVC	-8.210387e-02	-4.017131e-02	-3.487470e-02
789           	shield_slave	-7.831869e-02	-6.516601e-02	-2.233551e-02
790           	OVC	-8.210387e-02	-4.017131e-02	-3.487470e-02
790           	shield_slave	-7.831869e-02	-6.516601e-02	-2.233551e-02
791           	OVC	-8.210387e-02	-4.017131e-02	-3.487470e-02
791           	shield_slave	-7.831869e-02	-6.516601e-02	-2.233551e-02
792           	OVC	-8.210387e-02	-4.017131e-02	-3.487470e-02
792           	shield_slave	-7.831869e-02	-6.516601e-02	-2.233551e-02
793           	OVC	-8.210387e-02	-4.017131e-02	-3.487470e-02
793           	shield_slave	-7.831869e-02	-6.516601e-02	-2.233551e-02
794           	OVC	-8.210387e-02	-4.017131e-02	-3.487470e-02
794           	shield_slave	-7.831869e-02	-6.516601e-02	-2.233551e-02
795           	OVC	-8.210387e-02	-4.017131e-02	-3.487470e-02
795           	shield_slave	-7.831869e-02	-6.516601e-02	-2.233551e-02
796           	OVC	-8.210387e-02	-4.017131e-02	-3.487470e-02
796           	shield_slave	-7.831869e-02	-6.516601e-02	-2.233551e-02
797           	OVC	-8.210387e-02	-4.017131e-02	-3.487470e-02
797           	shield_slave	-7.831869e-02	-6.516601e-02	-2.233551e-02
798           	OVC	-8.210387e-02	-4.017131e-02	-3.487470e-02
798           	shield_slave	-7.831869e-02	-6.516601e-02	-2.233551e-02
799           	OVC	-8.210387e-02	-4.017131e-02	-3.487470e-02
799           	shield_slave	-7.831869e-02	-6.516601e-02	-2.233551e-02
800           	OVC	-8.210387e-02	-4.017131e-02	-3.487470e-02
800           	shield_slave	-7.831869e-02	-6.516601e-02	-2.233551e-02
801           	OVC	-8.210387e-02	-4.017131e-02	-3.487470e-02
801           	shield_slave	-7.831869e-02	-6.516601e-02	-2.233551e-02
802           	OVC	-8.210387e-02	-4.017131e-02	-3.487470e-02
802           	shield_slave	-7.831869e-02	-6.516601e-02	-2.233551e-02
803           	OVC	-8.210387e-02	-4.017131e-02	-3.487470e-02
803           	shield_slave	-7.831869e-02	-6.516601e-02	-2.233551e-02
804           	OVC	-8.210387e-02	-4.017131e-02	-3.487470e-02
804           	shield_slave	-7.831869e-02	-6.516601e-02	-2.233551e-02
805           	OVC	-8.210387e-02	-4.017131e-02	-3.487470e-02
805           	shield_slave	-7.831869e-02	-6.516601e-02	-2.233551e-02
806           	OVC	-8.210387e-02	-4.017131e-02	-3.487470e-02
806           	shield_slave	-7.831869e-02	-6.516601e-02	-2.233551e-02
807           	OVC	-8.210387e-02	-4.017131e-02	-3.487470e-02
807           	shield_slave	-7.831869e-02	-6.516601e-02	-2.233551e-02
808           	OVC	-8.210387e-02	-4.017131e-02	-3.487470e-02
808           	shield_slave	-7.831869e-02	-6.516601e-02	-2.233551e-02
809           	OVC	-8.210387e-02	-4.017131e-02	-3.487470e-02
809           	shield_slave	-7.831869e-02	-6.516601e-02	-2.233551e-02
810           	OVC	-8.210387e-02	-4.017131e-02	-3.487470e-02
810           	shield_slave	-7.831869e-02	-6.516601e-02	-2.233551e-02
811           	OVC	-8.210387e-02	-4.017131e-02	-3.487470e-02
811           	shield_slave	-7.831869e-02	-6.516601e-02	-2.233551e-02
812           	OVC	-8.210387e-02	-4.017131e-02	-3.487470e-02
812           	shield_slave	-7.831869e-02	-6.516601e-02	-2.233551e-02
813           	OVC	-8.210387e-02	-4.017131e-02	-3.487470e-02
813           	shield_slave	-7.831869e-02	-6.516601e-02	-2.233551e-02
814           	OVC	-8.210387e-02	-4.017131e-02	-3.487470e-02
814           	shield_slave	-7.831869e-02	-6.516601e-02	-2.233551e-02
815           	OVC	-8.210387e-02	-4.017131e-02	-3.487470e-02
815           	shield_slave	-7.831869e-02	-6.516601e-02	-2.233551e-02
816           	OVC	-8.210387e-02	-4.017131e-02	-3.487470e-02
816           	shield_slave	-7.831869e-02	-6.516601e-02	-2.233551e-02
817           	OVC	-8.210387e-02	-4.017131e-02	-3.487470e-02
817           	shield_slave	-7.831869e-02	-6.516601e-02	-2.233551e-02
818           	OVC	-8.210387e-02	-4.017131e-02	-3.487470e-02
818           	shield_slave	-7.831869e-02	-6.516601e-02	-2.233551e-02
819           	OVC	-8.210387e-02	-4.017131e-02	-3.487470e-02
819           	shield_slave	-7.831869e-02	-6.516601e-02	-2.233551e-02
820           	OVC	-8.210387e-02	-4.017131e-02	-3.487470e-02
820           	shield_slave	-7.831869e-02	-6.516601e-02	-2.233551e-02
821           	OVC	-8.210387e-02	-4.017131e-02	-3.487470e-02
821           	shield_slave	-7.831869e-02	-6.516601e-02	-2.233551e-02
822           	OVC	-8.210387e-02	-4.017131e-02	-3.487470e-02
822           	shield_slave	-7.831869e-02	-6.516601e-02	-2.233551e-02
823           	OVC	-8.210387e-02	-4.017131e-02	-3.487470e-02
823           	shield_slave	-7.831869e-02	-6.516601e-02	-2.233551e-02
824           	OVC	-8.210387e-02	-4.017131e-02	-3.487470e-02
824           	shield_slave	-7.831869e-02	-6.516601e-02	-2.233551e-02
825           	OVC	-8.210387e-02	-4.017131e-02	-3.487470e-02
825           	shield_slave	-7.831869e-02	-6.516601e-02	-2.233551e-02
826           	OVC	-8.210387e-02	-4.017131e-02	-3.487470e-02
826           	shield_slave	-7.831869e-02	-6.516601e-02	-2.233551e-02
827           	OVC	-8.210387e-02	-4.017131e-02	-3.487470e-02
827           	shield_slave	-7.831869e-02	-6.516601e-02	-2.233551e-02
828           	OVC	-8.210387e-02	-4.017131e-02	-3.487470e-02
828           	shield_slave	-7.831869e-02	-6.516601e-02	-2.233551e-02
829           	OVC	-8.210387e-02	-4.017131e-02	-3.487470e-02
829           	shield_slave	-7.831869e-02	-6.516601e-02	-2.233551e-02
830           	OVC	-8.210387e-02	-4.017131e-02	-3.487470e-02
830           	shield_slave	-7.831869e-02	-6.516601e-02	-2.233551e-02
831           	OVC	-8.210387e-02	-4.017131e-02	-3.487470e-02
831           	shield_slave	-7.831869e-02	-6.516601e-02	-2.233551e-02
832           	OVC	-8.210387e-02	-4.017131e-02	-3.487470e-02
832           	shield_slave	-7.831869e-02	-6.516601e-02	-2.233551e-02
833           	OVC	-8.210387e-02	-4.017131e-02	-3.487470e-02
833           	shield_slave	-7.831869e-02	-6.516601e-02	-2.233551e-02
834           	OVC	-8.210387e-02	-4.017131e-02	-3.487470e-02
834           	shield_slave	-7.831869e-02	-6.516601e-02	-2.233551e-02
835           	OVC	-8.210387e-02	-4.017131e-02	-3.487470e-02
835           	shield_slave	-7.831869e-02	-6.516601e-02	-2.233551e-02
836           	OVC	-8.210387e-02	-4.017131e-02	-3.487470e-02
836           	shield_slave	-7.831869e-02	-6.516601e-02	-2.233551e-02
837           	OVC	-8.210387e-02	-4.017131e-02	-3.487470e-02
837           	shield_slave	-7.831869e-02	-6.516601e-02	-2.233551e-02
838           	OVC	-8.210387e-02	-4.017131e-02	-3.487470e-02
838           	shield_slave	-7.831869e-02	-6.516601e-02	-2.233551e-02
839           	OVC	-8.210387e-02	-4.017131e-02	-3.487470e-02
839           	shield_slave	-7.831869e-02	-6.516601e-02	-2.233551e-02
840           	OVC	-8.210387e-02	-4.017131e-02	-3.487470e-02
840           	shield_slave	-7.831869e-02	-6.516601e-02	-2.233551e-02
841           	OVC	-8.210387e-02	-4.017131e-02	-3.487470e-02
841           	shield_slave	-7.831869e-02	-6.516601e-02	-2.233551e-02
842           	OVC	-8.210387e-02	-4.017131e-02	-3.487470e-02
842           	shield_slave	-7.831869e-02	-6.516601e-02	-2.233551e-02
843           	OVC	-8.210387e-02	-4.017131e-02	-3.487470e-02
843           	shield_slave	-7.831869e-02	-6.516601e-02	-2.233551e-02
844           	OVC	-8.210387e-02	-4.017131e-02	-3.487470e-02
844           	shield_slave	-7.831869e-02	-6.516601e-02	-2.233551e-02
