# Region type : patch heatedWall
# Faces         : 16200
# Area          : 1.50000000e-02
# Scale factor  : 1.00000000e+00
# Time          	max(T)
6001            	7.94053052e+01
6002            	7.87013822e+01
6003            	7.85067315e+01
6004            	7.83488839e+01
6005            	7.82168656e+01
6006            	7.81031635e+01
6007            	7.80033474e+01
6008            	7.79146303e+01
6009            	7.78350168e+01
6010            	7.77630807e+01
6011            	7.76988104e+01
6012            	7.76414477e+01
6013            	7.75888508e+01
6014            	7.75404453e+01
6015            	7.74956967e+01
6016            	7.74541151e+01
6017            	7.74152679e+01
6018            	7.73787707e+01
6019            	7.73443050e+01
6020            	7.73115253e+01
6021            	7.72801574e+01
6022            	7.72499667e+01
6023            	7.72207551e+01
6024            	7.71923923e+01
6025            	7.71647419e+01
6026            	7.71392207e+01
6027            	7.71145940e+01
6028            	7.70905406e+01
6029            	7.70670689e+01
6030            	7.70442061e+01
6031            	7.70241382e+01
6032            	7.70045148e+01
6033            	7.69861411e+01
6034            	7.69691461e+01
6035            	7.69527660e+01
6036            	7.69369256e+01
6037            	7.69215811e+01
6038            	7.69066643e+01
6039            	7.68921124e+01
6040            	7.68779007e+01
6041            	7.68639519e+01
6042            	7.68502723e+01
6043            	7.68368244e+01
6044            	7.68235740e+01
6045            	7.68105286e+01
6046            	7.67976771e+01
6047            	7.67849686e+01
6048            	7.67724210e+01
6049            	7.67600380e+01
6050            	7.67477843e+01
6051            	7.67372662e+01
6052            	7.67299448e+01
6053            	7.67226291e+01
6054            	7.67153141e+01
6055            	7.67079900e+01
6056            	7.67006299e+01
6057            	7.66932432e+01
6058            	7.66858427e+01
6059            	7.66783987e+01
6060            	7.66709285e+01
6061            	7.66634289e+01
6062            	7.66559042e+01
6063            	7.66483418e+01
6064            	7.66407790e+01
6065            	7.66331394e+01
6066            	7.66254430e+01
6067            	7.66185548e+01
6068            	7.66121316e+01
6069            	7.66062796e+01
6070            	7.66004567e+01
6071            	7.65946559e+01
6072            	7.65888769e+01
6073            	7.65831352e+01
6074            	7.65774133e+01
6075            	7.65717430e+01
6076            	7.65661236e+01
6077            	7.65605596e+01
6078            	7.65550547e+01
6079            	7.65502282e+01
6080            	7.65472219e+01
6081            	7.65441632e+01
6082            	7.65410441e+01
6083            	7.65378498e+01
6084            	7.65345730e+01
6085            	7.65312282e+01
6086            	7.65277981e+01
6087            	7.65242901e+01
6088            	7.65207027e+01
6089            	7.65171117e+01
6090            	7.65141144e+01
6091            	7.65111228e+01
6092            	7.65081159e+01
6093            	7.65050877e+01
6094            	7.65020332e+01
6095            	7.64989391e+01
6096            	7.64958047e+01
6097            	7.64926295e+01
6098            	7.64894292e+01
6099            	7.64862223e+01
6100            	7.64830055e+01
6101            	7.64797903e+01
6102            	7.64770973e+01
6103            	7.64757907e+01
6104            	7.64743081e+01
6105            	7.64726267e+01
6106            	7.64720370e+01
6107            	7.64717005e+01
6108            	7.64712507e+01
6109            	7.64706759e+01
6110            	7.64699545e+01
6111            	7.64690688e+01
6112            	7.64680135e+01
6113            	7.64667708e+01
6114            	7.64653356e+01
6115            	7.64637073e+01
6116            	7.64618824e+01
6117            	7.64598611e+01
6118            	7.64576482e+01
6119            	7.64552684e+01
6120            	7.64527439e+01
6121            	7.64500919e+01
6122            	7.64473399e+01
6123            	7.64445190e+01
6124            	7.64416491e+01
6125            	7.64387953e+01
6126            	7.64359665e+01
6127            	7.64332057e+01
6128            	7.64305518e+01
6129            	7.64293958e+01
6130            	7.64292250e+01
6131            	7.64290384e+01
6132            	7.64288175e+01
6133            	7.64285368e+01
6134            	7.64281843e+01
6135            	7.64277370e+01
6136            	7.64271904e+01
6137            	7.64265392e+01
6138            	7.64257898e+01
6139            	7.64249451e+01
6140            	7.64240113e+01
6141            	7.64230216e+01
6142            	7.64219857e+01
6143            	7.64209093e+01
6144            	7.64198024e+01
6145            	7.64187083e+01
6146            	7.64176013e+01
6147            	7.64166679e+01
6148            	7.64171142e+01
6149            	7.64175286e+01
6150            	7.64179044e+01
6151            	7.64182148e+01
6152            	7.64184453e+01
6153            	7.64185812e+01
6154            	7.64186072e+01
6155            	7.64185041e+01
6156            	7.64182590e+01
6157            	7.64178629e+01
6158            	7.64173167e+01
6159            	7.64166132e+01
6160            	7.64167124e+01
6161            	7.64173182e+01
6162            	7.64183946e+01
6163            	7.64194068e+01
6164            	7.64203256e+01
6165            	7.64211269e+01
6166            	7.64217851e+01
6167            	7.64222717e+01
6168            	7.64225678e+01
6169            	7.64226611e+01
6170            	7.64225656e+01
6171            	7.64222804e+01
6172            	7.64218315e+01
6173            	7.64212423e+01
6174            	7.64205572e+01
6175            	7.64198078e+01
6176            	7.64189816e+01
6177            	7.64181104e+01
6178            	7.64172336e+01
6179            	7.64163782e+01
6180            	7.64155592e+01
6181            	7.64149977e+01
6182            	7.64146297e+01
6183            	7.64141196e+01
6184            	7.64140391e+01
6185            	7.64150588e+01
6186            	7.64160289e+01
6187            	7.64169289e+01
6188            	7.64177722e+01
6189            	7.64185433e+01
6190            	7.64192603e+01
6191            	7.64199140e+01
6192            	7.64205217e+01
6193            	7.64210699e+01
6194            	7.64215649e+01
6195            	7.64220142e+01
6196            	7.64226353e+01
6197            	7.64241778e+01
6198            	7.64257822e+01
6199            	7.64273390e+01
6200            	7.64288187e+01
6201            	7.64301741e+01
6202            	7.64313753e+01
6203            	7.64323996e+01
6204            	7.64332130e+01
6205            	7.64337802e+01
6206            	7.64340795e+01
6207            	7.64340935e+01
6208            	7.64338115e+01
6209            	7.64332498e+01
6210            	7.64324276e+01
6211            	7.64313640e+01
6212            	7.64304806e+01
6213            	7.64324019e+01
6214            	7.64342324e+01
6215            	7.64359632e+01
6216            	7.64375788e+01
6217            	7.64390732e+01
6218            	7.64404211e+01
6219            	7.64416161e+01
6220            	7.64426570e+01
6221            	7.64435335e+01
6222            	7.64442346e+01
6223            	7.64447671e+01
6224            	7.64451452e+01
6225            	7.64454204e+01
6226            	7.64459363e+01
6227            	7.64463059e+01
6228            	7.64466682e+01
6229            	7.64468649e+01
6230            	7.64469172e+01
6231            	7.64468431e+01
6232            	7.64481554e+01
6233            	7.64498589e+01
6234            	7.64514198e+01
6235            	7.64528233e+01
6236            	7.64540452e+01
6237            	7.64552304e+01
6238            	7.64579457e+01
6239            	7.64605179e+01
6240            	7.64629224e+01
6241            	7.64651259e+01
6242            	7.64670935e+01
6243            	7.64687867e+01
6244            	7.64701760e+01
6245            	7.64712345e+01
6246            	7.64719272e+01
6247            	7.64722448e+01
6248            	7.64721882e+01
6249            	7.64717531e+01
6250            	7.64709680e+01
6251            	7.64698759e+01
6252            	7.64685206e+01
6253            	7.64669766e+01
6254            	7.64653182e+01
6255            	7.64669414e+01
6256            	7.64692661e+01
6257            	7.64715267e+01
6258            	7.64737164e+01
6259            	7.64757994e+01
6260            	7.64777560e+01
6261            	7.64795784e+01
6262            	7.64812624e+01
6263            	7.64827993e+01
6264            	7.64841784e+01
6265            	7.64854133e+01
6266            	7.64865001e+01
6267            	7.64884349e+01
6268            	7.64905678e+01
6269            	7.64928678e+01
6270            	7.64951571e+01
6271            	7.64973198e+01
6272            	7.64993342e+01
6273            	7.65011710e+01
6274            	7.65027920e+01
6275            	7.65041791e+01
6276            	7.65053172e+01
6277            	7.65061756e+01
6278            	7.65067526e+01
6279            	7.65070745e+01
6280            	7.65094626e+01
6281            	7.65122609e+01
6282            	7.65147870e+01
6283            	7.65170077e+01
6284            	7.65189040e+01
6285            	7.65204528e+01
6286            	7.65216459e+01
6287            	7.65224842e+01
6288            	7.65229730e+01
6289            	7.65231428e+01
6290            	7.65230446e+01
6291            	7.65227178e+01
6292            	7.65230087e+01
6293            	7.65237343e+01
6294            	7.65243599e+01
6295            	7.65248910e+01
6296            	7.65253470e+01
6297            	7.65257575e+01
6298            	7.65261603e+01
6299            	7.65266483e+01
6300            	7.65281456e+01
6301            	7.65303610e+01
6302            	7.65335608e+01
6303            	7.65367595e+01
6304            	7.65399122e+01
6305            	7.65429979e+01
6306            	7.65459857e+01
6307            	7.65488424e+01
6308            	7.65515449e+01
6309            	7.65540791e+01
6310            	7.65564192e+01
6311            	7.65585384e+01
6312            	7.65604130e+01
6313            	7.65620401e+01
6314            	7.65636392e+01
6315            	7.65650441e+01
6316            	7.65662012e+01
6317            	7.65670917e+01
6318            	7.65677185e+01
6319            	7.65681026e+01
6320            	7.65682789e+01
6321            	7.65688992e+01
6322            	7.65698617e+01
6323            	7.65711112e+01
6324            	7.65732109e+01
6325            	7.65751958e+01
6326            	7.65776413e+01
6327            	7.65800690e+01
6328            	7.65824119e+01
6329            	7.65846460e+01
6330            	7.65867316e+01
6331            	7.65886482e+01
6332            	7.65903775e+01
6333            	7.65918754e+01
6334            	7.65931226e+01
6335            	7.65941089e+01
6336            	7.65948313e+01
6337            	7.65952889e+01
6338            	7.65954999e+01
6339            	7.65957265e+01
6340            	7.65959019e+01
6341            	7.65959206e+01
6342            	7.65958397e+01
6343            	7.65957066e+01
6344            	7.65971139e+01
6345            	7.65995081e+01
6346            	7.66017877e+01
6347            	7.66039446e+01
6348            	7.66059770e+01
6349            	7.66078826e+01
6350            	7.66099641e+01
6351            	7.66131704e+01
6352            	7.66164674e+01
6353            	7.66196315e+01
6354            	7.66226209e+01
6355            	7.66254034e+01
6356            	7.66279372e+01
6357            	7.66301809e+01
6358            	7.66320972e+01
6359            	7.66336726e+01
6360            	7.66348765e+01
6361            	7.66356993e+01
6362            	7.66361389e+01
6363            	7.66362156e+01
6364            	7.66359523e+01
6365            	7.66355924e+01
6366            	7.66352108e+01
6367            	7.66357704e+01
6368            	7.66367989e+01
6369            	7.66384004e+01
6370            	7.66407372e+01
6371            	7.66429424e+01
6372            	7.66450022e+01
6373            	7.66469177e+01
6374            	7.66486755e+01
6375            	7.66502704e+01
6376            	7.66516890e+01
6377            	7.66529314e+01
6378            	7.66539965e+01
6379            	7.66548899e+01
6380            	7.66556159e+01
6381            	7.66561856e+01
6382            	7.66566049e+01
6383            	7.66568808e+01
6384            	7.66573563e+01
6385            	7.66578110e+01
6386            	7.66591278e+01
6387            	7.66623371e+01
6388            	7.66654064e+01
6389            	7.66683089e+01
6390            	7.66710045e+01
6391            	7.66734545e+01
6392            	7.66756151e+01
6393            	7.66774461e+01
6394            	7.66789103e+01
6395            	7.66799847e+01
6396            	7.66806482e+01
6397            	7.66809017e+01
6398            	7.66807387e+01
6399            	7.66801814e+01
6400            	7.66798475e+01
6401            	7.66803549e+01
6402            	7.66805001e+01
6403            	7.66802937e+01
6404            	7.66797578e+01
6405            	7.66796705e+01
6406            	7.66814429e+01
6407            	7.66831269e+01
6408            	7.66847261e+01
6409            	7.66862128e+01
6410            	7.66875784e+01
6411            	7.66888154e+01
6412            	7.66899428e+01
6413            	7.66909438e+01
6414            	7.66918021e+01
6415            	7.66925212e+01
6416            	7.66931105e+01
6417            	7.66935704e+01
6418            	7.66939001e+01
6419            	7.66941116e+01
6420            	7.66942036e+01
6421            	7.66941941e+01
6422            	7.66940861e+01
6423            	7.66947807e+01
6424            	7.66953832e+01
6425            	7.66959117e+01
6426            	7.66963894e+01
6427            	7.66976979e+01
6428            	7.67002888e+01
6429            	7.67027232e+01
6430            	7.67049723e+01
6431            	7.67070104e+01
6432            	7.67088173e+01
6433            	7.67103641e+01
6434            	7.67116342e+01
6435            	7.67126029e+01
6436            	7.67132582e+01
6437            	7.67136036e+01
6438            	7.67136412e+01
6439            	7.67148197e+01
6440            	7.67163591e+01
6441            	7.67177172e+01
6442            	7.67188756e+01
6443            	7.67198280e+01
6444            	7.67205880e+01
6445            	7.67211586e+01
6446            	7.67215416e+01
6447            	7.67228999e+01
6448            	7.67244468e+01
6449            	7.67258311e+01
6450            	7.67270208e+01
6451            	7.67279778e+01
6452            	7.67286696e+01
6453            	7.67290671e+01
6454            	7.67291511e+01
6455            	7.67289147e+01
6456            	7.67286654e+01
6457            	7.67287026e+01
6458            	7.67285383e+01
6459            	7.67281902e+01
6460            	7.67276164e+01
6461            	7.67268347e+01
6462            	7.67258769e+01
6463            	7.67247830e+01
6464            	7.67235988e+01
6465            	7.67223883e+01
6466            	7.67238955e+01
6467            	7.67252658e+01
6468            	7.67264718e+01
6469            	7.67275053e+01
6470            	7.67283750e+01
6471            	7.67291144e+01
6472            	7.67297236e+01
6473            	7.67302272e+01
6474            	7.67306712e+01
6475            	7.67310925e+01
6476            	7.67315390e+01
6477            	7.67330995e+01
6478            	7.67359040e+01
6479            	7.67386384e+01
6480            	7.67412591e+01
6481            	7.67437317e+01
6482            	7.67460301e+01
6483            	7.67481621e+01
6484            	7.67501387e+01
6485            	7.67535119e+01
6486            	7.67568622e+01
6487            	7.67600551e+01
6488            	7.67630523e+01
6489            	7.67658085e+01
6490            	7.67682732e+01
6491            	7.67703987e+01
6492            	7.67721296e+01
6493            	7.67734195e+01
6494            	7.67742279e+01
6495            	7.67745204e+01
6496            	7.67742788e+01
6497            	7.67735007e+01
6498            	7.67721894e+01
6499            	7.67703757e+01
6500            	7.67681182e+01
6501            	7.67654668e+01
6502            	7.67637561e+01
6503            	7.67622412e+01
6504            	7.67604063e+01
6505            	7.67583229e+01
6506            	7.67560667e+01
6507            	7.67537048e+01
6508            	7.67513479e+01
6509            	7.67490427e+01
6510            	7.67468459e+01
6511            	7.67448273e+01
6512            	7.67431106e+01
6513            	7.67424670e+01
6514            	7.67424469e+01
6515            	7.67428721e+01
6516            	7.67437877e+01
6517            	7.67451315e+01
6518            	7.67469373e+01
6519            	7.67490729e+01
6520            	7.67514669e+01
6521            	7.67540749e+01
6522            	7.67569437e+01
6523            	7.67600194e+01
6524            	7.67632144e+01
6525            	7.67664634e+01
6526            	7.67697178e+01
6527            	7.67729232e+01
6528            	7.67760277e+01
6529            	7.67789867e+01
6530            	7.67817545e+01
6531            	7.67842798e+01
6532            	7.67865134e+01
6533            	7.67884085e+01
6534            	7.67912395e+01
6535            	7.67936740e+01
6536            	7.67955829e+01
6537            	7.67969049e+01
6538            	7.67975989e+01
6539            	7.67976355e+01
6540            	7.67970008e+01
6541            	7.67957062e+01
6542            	7.67937767e+01
6543            	7.67912529e+01
6544            	7.67882195e+01
6545            	7.67847603e+01
6546            	7.67809822e+01
6547            	7.67770070e+01
6548            	7.67733472e+01
6549            	7.67706490e+01
6550            	7.67680901e+01
6551            	7.67657057e+01
6552            	7.67638080e+01
6553            	7.67626882e+01
6554            	7.67620033e+01
6555            	7.67617713e+01
6556            	7.67620040e+01
6557            	7.67626884e+01
6558            	7.67637117e+01
6559            	7.67650071e+01
6560            	7.67665263e+01
6561            	7.67681933e+01
6562            	7.67699462e+01
6563            	7.67717407e+01
6564            	7.67735361e+01
6565            	7.67752804e+01
6566            	7.67771216e+01
6567            	7.67808144e+01
6568            	7.67843707e+01
6569            	7.67877460e+01
6570            	7.67908961e+01
6571            	7.67937951e+01
6572            	7.67964048e+01
6573            	7.67986936e+01
6574            	7.68006240e+01
6575            	7.68021662e+01
6576            	7.68033005e+01
6577            	7.68040039e+01
6578            	7.68042627e+01
6579            	7.68040677e+01
6580            	7.68034244e+01
6581            	7.68023538e+01
6582            	7.68008778e+01
6583            	7.67990337e+01
6584            	7.67968725e+01
6585            	7.67944567e+01
6586            	7.67918793e+01
6587            	7.67892474e+01
6588            	7.67866478e+01
6589            	7.67863873e+01
6590            	7.67877258e+01
6591            	7.67891212e+01
6592            	7.67905455e+01
6593            	7.67919778e+01
6594            	7.67933981e+01
6595            	7.67947791e+01
6596            	7.67960811e+01
6597            	7.67972599e+01
6598            	7.67982626e+01
6599            	7.67990439e+01
6600            	7.67995613e+01
6601            	7.67997639e+01
6602            	7.67996047e+01
6603            	7.67999568e+01
6604            	7.68005609e+01
6605            	7.68010405e+01
6606            	7.68013755e+01
6607            	7.68015629e+01
6608            	7.68016046e+01
6609            	7.68014841e+01
6610            	7.68011917e+01
6611            	7.68010905e+01
6612            	7.68017597e+01
6613            	7.68022205e+01
6614            	7.68024417e+01
6615            	7.68024051e+01
6616            	7.68021108e+01
6617            	7.68017767e+01
6618            	7.68020655e+01
6619            	7.68021080e+01
6620            	7.68019186e+01
6621            	7.68014986e+01
6622            	7.68008616e+01
6623            	7.68000673e+01
6624            	7.67991388e+01
6625            	7.67981392e+01
6626            	7.67970966e+01
6627            	7.67960350e+01
6628            	7.67949692e+01
6629            	7.67945803e+01
6630            	7.67944266e+01
6631            	7.67944157e+01
6632            	7.67945449e+01
6633            	7.67948566e+01
6634            	7.67953922e+01
6635            	7.67985924e+01
6636            	7.68018813e+01
6637            	7.68051745e+01
6638            	7.68084531e+01
6639            	7.68117193e+01
6640            	7.68149531e+01
6641            	7.68181189e+01
6642            	7.68211731e+01
6643            	7.68241063e+01
6644            	7.68268940e+01
6645            	7.68295097e+01
6646            	7.68319308e+01
6647            	7.68341549e+01
6648            	7.68361735e+01
6649            	7.68379715e+01
6650            	7.68395391e+01
6651            	7.68408573e+01
6652            	7.68419100e+01
6653            	7.68426715e+01
6654            	7.68431160e+01
6655            	7.68432025e+01
6656            	7.68428996e+01
6657            	7.68430933e+01
6658            	7.68434840e+01
6659            	7.68433068e+01
6660            	7.68425400e+01
6661            	7.68411792e+01
6662            	7.68392339e+01
6663            	7.68367209e+01
6664            	7.68337006e+01
6665            	7.68302693e+01
6666            	7.68268929e+01
6667            	7.68242786e+01
6668            	7.68213824e+01
6669            	7.68183052e+01
6670            	7.68151273e+01
6671            	7.68119353e+01
6672            	7.68088641e+01
6673            	7.68062137e+01
6674            	7.68039131e+01
6675            	7.68018380e+01
6676            	7.68000045e+01
6677            	7.67985030e+01
6678            	7.67973433e+01
6679            	7.67965803e+01
6680            	7.67962381e+01
6681            	7.67973847e+01
6682            	7.67994754e+01
6683            	7.68020247e+01
6684            	7.68058146e+01
6685            	7.68102010e+01
6686            	7.68147659e+01
6687            	7.68194243e+01
6688            	7.68241117e+01
6689            	7.68287513e+01
6690            	7.68332847e+01
6691            	7.68376347e+01
6692            	7.68417315e+01
6693            	7.68454845e+01
6694            	7.68487961e+01
6695            	7.68515667e+01
6696            	7.68536966e+01
6697            	7.68550907e+01
6698            	7.68556687e+01
6699            	7.68553747e+01
6700            	7.68542622e+01
6701            	7.68534230e+01
6702            	7.68519470e+01
6703            	7.68498960e+01
6704            	7.68492107e+01
6705            	7.68478520e+01
6706            	7.68458509e+01
6707            	7.68432557e+01
6708            	7.68401488e+01
6709            	7.68366320e+01
6710            	7.68327981e+01
6711            	7.68288234e+01
6712            	7.68248346e+01
6713            	7.68209568e+01
6714            	7.68172717e+01
6715            	7.68138574e+01
6716            	7.68108137e+01
6717            	7.68082225e+01
6718            	7.68061400e+01
6719            	7.68045708e+01
6720            	7.68035779e+01
6721            	7.68031832e+01
6722            	7.68033868e+01
6723            	7.68040954e+01
6724            	7.68054000e+01
6725            	7.68072387e+01
6726            	7.68095499e+01
6727            	7.68122425e+01
6728            	7.68152354e+01
6729            	7.68184635e+01
6730            	7.68218448e+01
6731            	7.68252840e+01
6732            	7.68287344e+01
6733            	7.68321381e+01
6734            	7.68356019e+01
6735            	7.68410245e+01
6736            	7.68461840e+01
6737            	7.68527956e+01
6738            	7.68592346e+01
6739            	7.68650915e+01
6740            	7.68702461e+01
6741            	7.68745737e+01
6742            	7.68779598e+01
6743            	7.68803107e+01
6744            	7.68815575e+01
6745            	7.68816582e+01
6746            	7.68806054e+01
6747            	7.68784187e+01
6748            	7.68751555e+01
6749            	7.68709023e+01
6750            	7.68657958e+01
6751            	7.68599883e+01
6752            	7.68536448e+01
6753            	7.68469763e+01
6754            	7.68401983e+01
6755            	7.68335082e+01
6756            	7.68270820e+01
6757            	7.68210255e+01
6758            	7.68154997e+01
6759            	7.68107177e+01
6760            	7.68066539e+01
6761            	7.68065967e+01
6762            	7.68075119e+01
6763            	7.68089367e+01
6764            	7.68108989e+01
6765            	7.68132752e+01
6766            	7.68159552e+01
6767            	7.68188680e+01
6768            	7.68219583e+01
6769            	7.68251236e+01
6770            	7.68282806e+01
6771            	7.68313430e+01
6772            	7.68342396e+01
6773            	7.68369038e+01
6774            	7.68392662e+01
6775            	7.68412627e+01
6776            	7.68428308e+01
6777            	7.68439131e+01
6778            	7.68445944e+01
6779            	7.68457584e+01
6780            	7.68462460e+01
6781            	7.68460195e+01
6782            	7.68450574e+01
6783            	7.68433850e+01
6784            	7.68410288e+01
6785            	7.68380443e+01
6786            	7.68345039e+01
6787            	7.68315387e+01
6788            	7.68288483e+01
6789            	7.68260503e+01
6790            	7.68231930e+01
6791            	7.68203766e+01
6792            	7.68177210e+01
6793            	7.68153556e+01
6794            	7.68136800e+01
6795            	7.68123643e+01
6796            	7.68114822e+01
6797            	7.68110041e+01
6798            	7.68111700e+01
6799            	7.68116980e+01
6800            	7.68129092e+01
6801            	7.68153690e+01
6802            	7.68187807e+01
6803            	7.68227391e+01
6804            	7.68271273e+01
6805            	7.68320334e+01
6806            	7.68372785e+01
6807            	7.68441998e+01
6808            	7.68511851e+01
6809            	7.68581316e+01
6810            	7.68649851e+01
6811            	7.68716815e+01
6812            	7.68795778e+01
6813            	7.68882725e+01
6814            	7.68969667e+01
6815            	7.69055352e+01
6816            	7.69138569e+01
6817            	7.69217909e+01
6818            	7.69292084e+01
6819            	7.69359617e+01
6820            	7.69419143e+01
6821            	7.69469282e+01
6822            	7.69508783e+01
6823            	7.69536286e+01
6824            	7.69550605e+01
6825            	7.69550731e+01
6826            	7.69535644e+01
6827            	7.69504634e+01
6828            	7.69457374e+01
6829            	7.69397993e+01
6830            	7.69323784e+01
6831            	7.69233247e+01
6832            	7.69127624e+01
6833            	7.69008626e+01
6834            	7.68878565e+01
6835            	7.68740050e+01
6836            	7.68595813e+01
6837            	7.68450210e+01
6838            	7.68324812e+01
6839            	7.68201009e+01
6840            	7.68082482e+01
6841            	7.67969574e+01
6842            	7.67866174e+01
6843            	7.67790876e+01
6844            	7.67738321e+01
6845            	7.67695983e+01
6846            	7.67664240e+01
6847            	7.67643230e+01
6848            	7.67632781e+01
6849            	7.67632036e+01
6850            	7.67641338e+01
6851            	7.67659586e+01
6852            	7.67687311e+01
6853            	7.67723933e+01
6854            	7.67770334e+01
6855            	7.67821486e+01
6856            	7.67878398e+01
6857            	7.67940179e+01
6858            	7.68006036e+01
6859            	7.68075941e+01
6860            	7.68149650e+01
6861            	7.68226903e+01
6862            	7.68306151e+01
6863            	7.68415127e+01
6864            	7.68531839e+01
6865            	7.68648821e+01
6866            	7.68765121e+01
6867            	7.68879552e+01
6868            	7.68990905e+01
6869            	7.69098099e+01
6870            	7.69199520e+01
6871            	7.69295754e+01
6872            	7.69384095e+01
6873            	7.69462879e+01
6874            	7.69530688e+01
6875            	7.69586192e+01
6876            	7.69628237e+01
6877            	7.69655822e+01
6878            	7.69668265e+01
6879            	7.69664953e+01
6880            	7.69645619e+01
6881            	7.69610043e+01
6882            	7.69558493e+01
6883            	7.69508005e+01
6884            	7.69447183e+01
6885            	7.69371881e+01
6886            	7.69283028e+01
6887            	7.69182257e+01
6888            	7.69071345e+01
6889            	7.68952661e+01
6890            	7.68829020e+01
6891            	7.68702731e+01
6892            	7.68577184e+01
6893            	7.68466184e+01
6894            	7.68363785e+01
6895            	7.68268028e+01
6896            	7.68182270e+01
6897            	7.68105697e+01
6898            	7.68041793e+01
6899            	7.67988354e+01
6900            	7.67949209e+01
6901            	7.67919963e+01
6902            	7.67905963e+01
6903            	7.67902183e+01
6904            	7.67911014e+01
6905            	7.67928613e+01
6906            	7.67959033e+01
6907            	7.67997380e+01
6908            	7.68044476e+01
6909            	7.68099777e+01
6910            	7.68162494e+01
6911            	7.68231528e+01
6912            	7.68306355e+01
6913            	7.68385261e+01
6914            	7.68467138e+01
6915            	7.68550618e+01
6916            	7.68634707e+01
6917            	7.68719648e+01
6918            	7.68802309e+01
6919            	7.68881331e+01
6920            	7.68959621e+01
6921            	7.69039876e+01
6922            	7.69112727e+01
6923            	7.69182062e+01
6924            	7.69245379e+01
6925            	7.69298224e+01
6926            	7.69339327e+01
6927            	7.69367484e+01
6928            	7.69381817e+01
6929            	7.69381757e+01
6930            	7.69367026e+01
6931            	7.69337782e+01
6932            	7.69294453e+01
6933            	7.69243001e+01
6934            	7.69179056e+01
6935            	7.69103495e+01
6936            	7.69017987e+01
6937            	7.68926385e+01
6938            	7.68832827e+01
6939            	7.68736411e+01
6940            	7.68639488e+01
6941            	7.68544890e+01
6942            	7.68454304e+01
6943            	7.68369159e+01
6944            	7.68292140e+01
6945            	7.68231390e+01
6946            	7.68180653e+01
6947            	7.68142410e+01
6948            	7.68122891e+01
6949            	7.68116143e+01
6950            	7.68121389e+01
6951            	7.68136123e+01
6952            	7.68159939e+01
6953            	7.68191937e+01
6954            	7.68231100e+01
6955            	7.68276356e+01
6956            	7.68326208e+01
6957            	7.68379417e+01
6958            	7.68434660e+01
6959            	7.68490539e+01
6960            	7.68546179e+01
6961            	7.68600774e+01
6962            	7.68653353e+01
6963            	7.68709341e+01
6964            	7.68762576e+01
6965            	7.68811709e+01
6966            	7.68857300e+01
6967            	7.68905345e+01
6968            	7.68947080e+01
6969            	7.68981439e+01
6970            	7.69007445e+01
6971            	7.69024214e+01
6972            	7.69031060e+01
6973            	7.69027589e+01
6974            	7.69013648e+01
6975            	7.68989354e+01
6976            	7.68955246e+01
6977            	7.68912075e+01
6978            	7.68861117e+01
6979            	7.68812969e+01
6980            	7.68760510e+01
6981            	7.68702183e+01
6982            	7.68639565e+01
6983            	7.68574555e+01
6984            	7.68509258e+01
6985            	7.68445459e+01
6986            	7.68384878e+01
6987            	7.68328861e+01
6988            	7.68282192e+01
6989            	7.68248213e+01
6990            	7.68221868e+01
6991            	7.68203193e+01
6992            	7.68192973e+01
6993            	7.68190721e+01
6994            	7.68196107e+01
6995            	7.68209509e+01
6996            	7.68230009e+01
6997            	7.68257613e+01
6998            	7.68290774e+01
6999            	7.68328935e+01
7000            	7.68370929e+01
7001            	7.68415662e+01
7002            	7.68461747e+01
7003            	7.68508109e+01
7004            	7.68554673e+01
7005            	7.68601791e+01
7006            	7.68646820e+01
7007            	7.68689035e+01
7008            	7.68727537e+01
7009            	7.68761483e+01
7010            	7.68790054e+01
7011            	7.68812438e+01
7012            	7.68827984e+01
7013            	7.68836214e+01
7014            	7.68836856e+01
7015            	7.68829905e+01
7016            	7.68815608e+01
7017            	7.68794483e+01
7018            	7.68767254e+01
7019            	7.68734873e+01
7020            	7.68698544e+01
7021            	7.68659959e+01
7022            	7.68620559e+01
7023            	7.68581923e+01
7024            	7.68545168e+01
7025            	7.68511936e+01
7026            	7.68484129e+01
7027            	7.68469621e+01
7028            	7.68458524e+01
7029            	7.68450973e+01
7030            	7.68446951e+01
7031            	7.68446411e+01
7032            	7.68448968e+01
7033            	7.68454118e+01
7034            	7.68461351e+01
7035            	7.68470235e+01
7036            	7.68480101e+01
7037            	7.68490557e+01
7038            	7.68515356e+01
7039            	7.68541904e+01
7040            	7.68569371e+01
7041            	7.68597274e+01
7042            	7.68625122e+01
7043            	7.68652394e+01
7044            	7.68678313e+01
7045            	7.68702080e+01
7046            	7.68722853e+01
7047            	7.68739841e+01
7048            	7.68752283e+01
7049            	7.68759580e+01
7050            	7.68761238e+01
7051            	7.68756961e+01
7052            	7.68746686e+01
7053            	7.68730417e+01
7054            	7.68708444e+01
7055            	7.68681459e+01
7056            	7.68662317e+01
7057            	7.68650743e+01
7058            	7.68633970e+01
7059            	7.68612395e+01
7060            	7.68586778e+01
7061            	7.68557770e+01
7062            	7.68526806e+01
7063            	7.68495066e+01
7064            	7.68463473e+01
7065            	7.68433184e+01
7066            	7.68404959e+01
7067            	7.68387645e+01
7068            	7.68383195e+01
7069            	7.68382839e+01
7070            	7.68386008e+01
7071            	7.68392525e+01
7072            	7.68401824e+01
7073            	7.68413451e+01
7074            	7.68426859e+01
7075            	7.68441587e+01
7076            	7.68457127e+01
7077            	7.68473110e+01
7078            	7.68489103e+01
7079            	7.68504522e+01
7080            	7.68518855e+01
7081            	7.68531555e+01
7082            	7.68542129e+01
7083            	7.68550103e+01
7084            	7.68555072e+01
7085            	7.68556782e+01
7086            	7.68555155e+01
7087            	7.68550183e+01
7088            	7.68542126e+01
7089            	7.68531181e+01
7090            	7.68525502e+01
7091            	7.68520086e+01
7092            	7.68521094e+01
7093            	7.68519699e+01
7094            	7.68515755e+01
7095            	7.68509177e+01
7096            	7.68499935e+01
7097            	7.68488102e+01
7098            	7.68473867e+01
7099            	7.68457474e+01
7100            	7.68439512e+01
7101            	7.68420589e+01
7102            	7.68417911e+01
7103            	7.68423365e+01
7104            	7.68430347e+01
7105            	7.68438838e+01
7106            	7.68448640e+01
7107            	7.68459600e+01
7108            	7.68471554e+01
7109            	7.68484179e+01
7110            	7.68497352e+01
7111            	7.68510791e+01
7112            	7.68524164e+01
7113            	7.68537107e+01
7114            	7.68549525e+01
7115            	7.68562095e+01
7116            	7.68572544e+01
7117            	7.68580392e+01
7118            	7.68586277e+01
7119            	7.68591049e+01
7120            	7.68591713e+01
7121            	7.68587990e+01
7122            	7.68579744e+01
7123            	7.68567032e+01
7124            	7.68550039e+01
7125            	7.68529266e+01
7126            	7.68506510e+01
7127            	7.68488122e+01
7128            	7.68470243e+01
7129            	7.68454105e+01
7130            	7.68440789e+01
7131            	7.68429677e+01
7132            	7.68421239e+01
7133            	7.68415336e+01
7134            	7.68411833e+01
7135            	7.68410827e+01
7136            	7.68412650e+01
7137            	7.68417305e+01
7138            	7.68424331e+01
7139            	7.68433570e+01
7140            	7.68444451e+01
7141            	7.68456557e+01
7142            	7.68469510e+01
7143            	7.68483301e+01
7144            	7.68497577e+01
7145            	7.68512111e+01
7146            	7.68526770e+01
7147            	7.68541467e+01
7148            	7.68555847e+01
7149            	7.68569534e+01
7150            	7.68582170e+01
7151            	7.68593397e+01
7152            	7.68602785e+01
7153            	7.68609921e+01
7154            	7.68614380e+01
7155            	7.68621558e+01
7156            	7.68629007e+01
7157            	7.68632224e+01
7158            	7.68630899e+01
7159            	7.68624798e+01
7160            	7.68613768e+01
7161            	7.68597801e+01
7162            	7.68576971e+01
7163            	7.68551597e+01
7164            	7.68522042e+01
7165            	7.68488755e+01
7166            	7.68456781e+01
7167            	7.68440199e+01
7168            	7.68453431e+01
7169            	7.68467540e+01
7170            	7.68482351e+01
7171            	7.68497651e+01
7172            	7.68513100e+01
7173            	7.68528367e+01
7174            	7.68543385e+01
7175            	7.68558039e+01
7176            	7.68571990e+01
7177            	7.68585015e+01
7178            	7.68596885e+01
7179            	7.68607301e+01
7180            	7.68615981e+01
7181            	7.68622509e+01
7182            	7.68626451e+01
7183            	7.68632095e+01
7184            	7.68634925e+01
7185            	7.68634141e+01
7186            	7.68629429e+01
7187            	7.68620560e+01
7188            	7.68607505e+01
7189            	7.68590466e+01
7190            	7.68569558e+01
7191            	7.68545066e+01
7192            	7.68517757e+01
7193            	7.68531292e+01
7194            	7.68551730e+01
7195            	7.68569943e+01
7196            	7.68585667e+01
7197            	7.68598637e+01
7198            	7.68608704e+01
7199            	7.68615498e+01
7200            	7.68618811e+01
7201            	7.68618449e+01
7202            	7.68614302e+01
7203            	7.68606321e+01
7204            	7.68594609e+01
7205            	7.68579430e+01
7206            	7.68560963e+01
7207            	7.68539556e+01
7208            	7.68519783e+01
7209            	7.68514889e+01
7210            	7.68508876e+01
7211            	7.68501890e+01
7212            	7.68492985e+01
7213            	7.68482226e+01
7214            	7.68470324e+01
7215            	7.68468202e+01
7216            	7.68465660e+01
7217            	7.68462642e+01
7218            	7.68459106e+01
7219            	7.68456338e+01
7220            	7.68456856e+01
7221            	7.68466672e+01
7222            	7.68474342e+01
7223            	7.68479620e+01
7224            	7.68482389e+01
7225            	7.68482594e+01
7226            	7.68480341e+01
7227            	7.68475772e+01
7228            	7.68469179e+01
7229            	7.68461081e+01
7230            	7.68452107e+01
7231            	7.68442969e+01
7232            	7.68434283e+01
7233            	7.68426529e+01
7234            	7.68419922e+01
7235            	7.68414567e+01
7236            	7.68412213e+01
7237            	7.68423849e+01
7238            	7.68435125e+01
7239            	7.68446056e+01
7240            	7.68456494e+01
7241            	7.68466385e+01
7242            	7.68488498e+01
7243            	7.68510300e+01
7244            	7.68530676e+01
7245            	7.68549360e+01
7246            	7.68566080e+01
7247            	7.68580517e+01
7248            	7.68592379e+01
7249            	7.68601382e+01
7250            	7.68607260e+01
7251            	7.68609702e+01
7252            	7.68619752e+01
7253            	7.68631283e+01
7254            	7.68640434e+01
7255            	7.68646868e+01
7256            	7.68650194e+01
7257            	7.68650075e+01
7258            	7.68647213e+01
7259            	7.68644002e+01
7260            	7.68637182e+01
7261            	7.68626882e+01
7262            	7.68613437e+01
7263            	7.68597170e+01
7264            	7.68578869e+01
7265            	7.68559546e+01
7266            	7.68540031e+01
7267            	7.68521437e+01
7268            	7.68504478e+01
7269            	7.68489821e+01
7270            	7.68477380e+01
7271            	7.68467523e+01
7272            	7.68460801e+01
7273            	7.68456741e+01
7274            	7.68455129e+01
7275            	7.68456043e+01
7276            	7.68459771e+01
7277            	7.68466084e+01
7278            	7.68474654e+01
7279            	7.68484981e+01
7280            	7.68496850e+01
7281            	7.68510009e+01
7282            	7.68524178e+01
7283            	7.68540709e+01
7284            	7.68559640e+01
7285            	7.68578564e+01
7286            	7.68597077e+01
7287            	7.68614812e+01
7288            	7.68631289e+01
7289            	7.68646111e+01
7290            	7.68658745e+01
7291            	7.68668676e+01
7292            	7.68675419e+01
7293            	7.68678495e+01
7294            	7.68677514e+01
7295            	7.68672195e+01
7296            	7.68662426e+01
7297            	7.68648246e+01
7298            	7.68629896e+01
7299            	7.68607513e+01
7300            	7.68581720e+01
7301            	7.68553389e+01
7302            	7.68523734e+01
7303            	7.68493768e+01
7304            	7.68464406e+01
7305            	7.68450636e+01
7306            	7.68446256e+01
7307            	7.68444276e+01
7308            	7.68440443e+01
7309            	7.68434827e+01
7310            	7.68427515e+01
7311            	7.68425864e+01
7312            	7.68431067e+01
7313            	7.68437439e+01
7314            	7.68448743e+01
7315            	7.68466528e+01
7316            	7.68483820e+01
7317            	7.68500455e+01
7318            	7.68516271e+01
7319            	7.68530982e+01
7320            	7.68544508e+01
7321            	7.68556922e+01
7322            	7.68568035e+01
7323            	7.68577750e+01
7324            	7.68585984e+01
7325            	7.68592540e+01
7326            	7.68597175e+01
7327            	7.68599587e+01
7328            	7.68599501e+01
7329            	7.68597799e+01
7330            	7.68594383e+01
7331            	7.68587281e+01
7332            	7.68576315e+01
7333            	7.68561419e+01
7334            	7.68542637e+01
7335            	7.68520229e+01
7336            	7.68494707e+01
7337            	7.68466856e+01
7338            	7.68437757e+01
7339            	7.68407984e+01
7340            	7.68399108e+01
7341            	7.68410023e+01
7342            	7.68421928e+01
7343            	7.68434671e+01
7344            	7.68448193e+01
7345            	7.68462109e+01
7346            	7.68476280e+01
7347            	7.68490563e+01
7348            	7.68504909e+01
7349            	7.68519073e+01
7350            	7.68532983e+01
7351            	7.68546257e+01
7352            	7.68558489e+01
7353            	7.68569271e+01
7354            	7.68578192e+01
7355            	7.68584862e+01
7356            	7.68588810e+01
7357            	7.68589594e+01
7358            	7.68586853e+01
7359            	7.68580311e+01
7360            	7.68569846e+01
7361            	7.68555388e+01
7362            	7.68537078e+01
7363            	7.68545130e+01
7364            	7.68560396e+01
7365            	7.68573308e+01
7366            	7.68583487e+01
7367            	7.68590648e+01
7368            	7.68594488e+01
7369            	7.68594666e+01
7370            	7.68590967e+01
7371            	7.68583294e+01
7372            	7.68571683e+01
7373            	7.68564268e+01
7374            	7.68559175e+01
7375            	7.68550434e+01
7376            	7.68538170e+01
7377            	7.68522535e+01
7378            	7.68503751e+01
7379            	7.68482141e+01
7380            	7.68458436e+01
7381            	7.68433589e+01
7382            	7.68408275e+01
7383            	7.68416784e+01
7384            	7.68432504e+01
7385            	7.68447531e+01
7386            	7.68461617e+01
7387            	7.68474414e+01
7388            	7.68485504e+01
7389            	7.68494558e+01
7390            	7.68501233e+01
7391            	7.68513370e+01
7392            	7.68528272e+01
7393            	7.68540967e+01
7394            	7.68551115e+01
7395            	7.68558346e+01
7396            	7.68562415e+01
7397            	7.68563094e+01
7398            	7.68560167e+01
7399            	7.68553505e+01
7400            	7.68543039e+01
7401            	7.68528879e+01
7402            	7.68511127e+01
7403            	7.68490119e+01
7404            	7.68466262e+01
7405            	7.68440160e+01
7406            	7.68431771e+01
7407            	7.68442911e+01
7408            	7.68452872e+01
7409            	7.68461356e+01
7410            	7.68468201e+01
7411            	7.68473276e+01
7412            	7.68476474e+01
7413            	7.68477578e+01
7414            	7.68477397e+01
7415            	7.68475930e+01
7416            	7.68472546e+01
7417            	7.68467770e+01
7418            	7.68480062e+01
7419            	7.68492217e+01
7420            	7.68504043e+01
7421            	7.68515288e+01
7422            	7.68525576e+01
7423            	7.68534434e+01
7424            	7.68541387e+01
7425            	7.68545974e+01
7426            	7.68547739e+01
7427            	7.68546304e+01
7428            	7.68541449e+01
7429            	7.68533067e+01
7430            	7.68521240e+01
7431            	7.68506017e+01
7432            	7.68487682e+01
7433            	7.68466857e+01
7434            	7.68448884e+01
7435            	7.68461922e+01
7436            	7.68473257e+01
7437            	7.68482702e+01
7438            	7.68490134e+01
7439            	7.68495402e+01
7440            	7.68501377e+01
7441            	7.68507630e+01
7442            	7.68512372e+01
7443            	7.68515519e+01
7444            	7.68517002e+01
7445            	7.68516733e+01
7446            	7.68514710e+01
7447            	7.68510912e+01
7448            	7.68505240e+01
7449            	7.68497675e+01
7450            	7.68488350e+01
7451            	7.68477240e+01
7452            	7.68465628e+01
7453            	7.68461588e+01
7454            	7.68456119e+01
7455            	7.68468256e+01
7456            	7.68491067e+01
7457            	7.68513564e+01
7458            	7.68536233e+01
7459            	7.68557718e+01
7460            	7.68577768e+01
7461            	7.68595981e+01
7462            	7.68611972e+01
7463            	7.68625336e+01
7464            	7.68635670e+01
7465            	7.68642589e+01
7466            	7.68645746e+01
7467            	7.68644845e+01
7468            	7.68639657e+01
7469            	7.68630058e+01
7470            	7.68615983e+01
7471            	7.68597472e+01
7472            	7.68574767e+01
7473            	7.68548372e+01
7474            	7.68518842e+01
7475            	7.68486824e+01
7476            	7.68453382e+01
7477            	7.68419550e+01
7478            	7.68422872e+01
7479            	7.68434293e+01
7480            	7.68444645e+01
7481            	7.68453867e+01
7482            	7.68461784e+01
7483            	7.68468348e+01
7484            	7.68473486e+01
7485            	7.68477280e+01
7486            	7.68479687e+01
7487            	7.68480710e+01
7488            	7.68480376e+01
7489            	7.68478681e+01
7490            	7.68475547e+01
7491            	7.68471109e+01
7492            	7.68465509e+01
7493            	7.68458673e+01
7494            	7.68466075e+01
7495            	7.68474714e+01
7496            	7.68482260e+01
7497            	7.68488358e+01
7498            	7.68499642e+01
7499            	7.68523424e+01
7500            	7.68545706e+01
7501            	7.68566258e+01
7502            	7.68584872e+01
7503            	7.68601229e+01
7504            	7.68615047e+01
7505            	7.68626030e+01
7506            	7.68633893e+01
7507            	7.68638372e+01
7508            	7.68639143e+01
7509            	7.68635948e+01
7510            	7.68628605e+01
7511            	7.68617055e+01
7512            	7.68603366e+01
7513            	7.68585883e+01
7514            	7.68564609e+01
7515            	7.68539738e+01
7516            	7.68511923e+01
7517            	7.68481923e+01
7518            	7.68465344e+01
7519            	7.68448600e+01
7520            	7.68430700e+01
7521            	7.68411917e+01
7522            	7.68404803e+01
7523            	7.68407646e+01
7524            	7.68409867e+01
7525            	7.68413873e+01
7526            	7.68419668e+01
7527            	7.68425214e+01
7528            	7.68430537e+01
7529            	7.68435497e+01
7530            	7.68439962e+01
7531            	7.68443951e+01
7532            	7.68448010e+01
7533            	7.68452512e+01
7534            	7.68456293e+01
7535            	7.68459279e+01
7536            	7.68461444e+01
7537            	7.68462624e+01
7538            	7.68462755e+01
7539            	7.68461881e+01
7540            	7.68465497e+01
7541            	7.68486309e+01
7542            	7.68505554e+01
7543            	7.68523075e+01
7544            	7.68538550e+01
7545            	7.68551717e+01
7546            	7.68562312e+01
7547            	7.68570049e+01
7548            	7.68574691e+01
7549            	7.68575954e+01
7550            	7.68573701e+01
7551            	7.68567785e+01
7552            	7.68558157e+01
7553            	7.68544897e+01
7554            	7.68528141e+01
7555            	7.68507961e+01
7556            	7.68484755e+01
7557            	7.68479881e+01
7558            	7.68475342e+01
7559            	7.68469521e+01
7560            	7.68463902e+01
7561            	7.68456254e+01
7562            	7.68446553e+01
7563            	7.68436170e+01
7564            	7.68440538e+01
7565            	7.68443209e+01
7566            	7.68444417e+01
7567            	7.68450905e+01
7568            	7.68457022e+01
7569            	7.68462712e+01
7570            	7.68467830e+01
7571            	7.68472453e+01
7572            	7.68476155e+01
7573            	7.68478890e+01
7574            	7.68480571e+01
7575            	7.68481380e+01
7576            	7.68480945e+01
7577            	7.68479327e+01
7578            	7.68479523e+01
7579            	7.68478415e+01
7580            	7.68475833e+01
7581            	7.68471809e+01
7582            	7.68487858e+01
7583            	7.68509521e+01
7584            	7.68529419e+01
7585            	7.68547260e+01
7586            	7.68562784e+01
7587            	7.68575768e+01
7588            	7.68585871e+01
7589            	7.68592798e+01
7590            	7.68596292e+01
7591            	7.68596083e+01
7592            	7.68591967e+01
7593            	7.68583843e+01
7594            	7.68571658e+01
7595            	7.68555525e+01
7596            	7.68535654e+01
7597            	7.68516141e+01
7598            	7.68513849e+01
7599            	7.68508346e+01
7600            	7.68499626e+01
7601            	7.68487752e+01
7602            	7.68472896e+01
7603            	7.68455362e+01
7604            	7.68435710e+01
7605            	7.68414804e+01
7606            	7.68393334e+01
7607            	7.68383804e+01
7608            	7.68397642e+01
7609            	7.68411462e+01
7610            	7.68424996e+01
7611            	7.68437944e+01
7612            	7.68450397e+01
7613            	7.68463771e+01
7614            	7.68477425e+01
7615            	7.68490322e+01
7616            	7.68502352e+01
7617            	7.68513432e+01
7618            	7.68523522e+01
7619            	7.68532421e+01
7620            	7.68540002e+01
7621            	7.68546061e+01
7622            	7.68550290e+01
7623            	7.68552428e+01
7624            	7.68552186e+01
7625            	7.68549318e+01
7626            	7.68543608e+01
7627            	7.68534800e+01
7628            	7.68522817e+01
7629            	7.68507670e+01
7630            	7.68490557e+01
7631            	7.68496986e+01
7632            	7.68500864e+01
7633            	7.68501946e+01
7634            	7.68500084e+01
7635            	7.68495172e+01
7636            	7.68487144e+01
7637            	7.68476162e+01
7638            	7.68462284e+01
7639            	7.68447177e+01
7640            	7.68433948e+01
7641            	7.68419301e+01
7642            	7.68403586e+01
7643            	7.68393355e+01
7644            	7.68397253e+01
7645            	7.68401556e+01
7646            	7.68406000e+01
7647            	7.68410473e+01
7648            	7.68417875e+01
7649            	7.68425329e+01
7650            	7.68431857e+01
7651            	7.68437083e+01
7652            	7.68440627e+01
7653            	7.68442187e+01
7654            	7.68441518e+01
7655            	7.68452971e+01
7656            	7.68473402e+01
7657            	7.68492636e+01
7658            	7.68510489e+01
7659            	7.68526836e+01
7660            	7.68541575e+01
7661            	7.68554479e+01
7662            	7.68565311e+01
7663            	7.68573853e+01
7664            	7.68579929e+01
7665            	7.68583371e+01
7666            	7.68583968e+01
7667            	7.68581521e+01
7668            	7.68575884e+01
7669            	7.68566977e+01
7670            	7.68554843e+01
7671            	7.68539634e+01
7672            	7.68521599e+01
7673            	7.68500974e+01
7674            	7.68478299e+01
7675            	7.68459350e+01
7676            	7.68440090e+01
7677            	7.68431277e+01
7678            	7.68427071e+01
7679            	7.68438993e+01
7680            	7.68454408e+01
7681            	7.68469326e+01
7682            	7.68483555e+01
7683            	7.68496885e+01
7684            	7.68508921e+01
7685            	7.68519322e+01
7686            	7.68527743e+01
7687            	7.68533941e+01
7688            	7.68537584e+01
7689            	7.68538355e+01
7690            	7.68536061e+01
7691            	7.68530648e+01
7692            	7.68522027e+01
7693            	7.68510351e+01
7694            	7.68495673e+01
7695            	7.68481292e+01
7696            	7.68482395e+01
7697            	7.68480726e+01
7698            	7.68476177e+01
7699            	7.68468890e+01
7700            	7.68471595e+01
7701            	7.68479024e+01
7702            	7.68484987e+01
7703            	7.68489250e+01
7704            	7.68491613e+01
7705            	7.68491926e+01
7706            	7.68489943e+01
7707            	7.68485457e+01
7708            	7.68478406e+01
7709            	7.68476694e+01
7710            	7.68475637e+01
7711            	7.68473166e+01
7712            	7.68469290e+01
7713            	7.68464155e+01
7714            	7.68457964e+01
7715            	7.68451049e+01
7716            	7.68449626e+01
7717            	7.68449035e+01
7718            	7.68447122e+01
7719            	7.68443942e+01
7720            	7.68439583e+01
7721            	7.68438895e+01
7722            	7.68453013e+01
7723            	7.68467234e+01
7724            	7.68480109e+01
7725            	7.68491326e+01
7726            	7.68500687e+01
7727            	7.68507980e+01
7728            	7.68513034e+01
7729            	7.68515683e+01
7730            	7.68515806e+01
7731            	7.68513352e+01
7732            	7.68508360e+01
7733            	7.68500875e+01
7734            	7.68490963e+01
7735            	7.68478721e+01
7736            	7.68489612e+01
7737            	7.68501842e+01
7738            	7.68512394e+01
7739            	7.68520971e+01
7740            	7.68527251e+01
7741            	7.68530959e+01
7742            	7.68531850e+01
7743            	7.68529693e+01
7744            	7.68524376e+01
7745            	7.68515878e+01
7746            	7.68504235e+01
7747            	7.68489640e+01
7748            	7.68472475e+01
7749            	7.68453095e+01
7750            	7.68432281e+01
7751            	7.68419761e+01
7752            	7.68426500e+01
7753            	7.68432519e+01
7754            	7.68437534e+01
7755            	7.68441385e+01
7756            	7.68443997e+01
7757            	7.68445372e+01
7758            	7.68450662e+01
7759            	7.68464362e+01
7760            	7.68477008e+01
7761            	7.68488308e+01
7762            	7.68497955e+01
7763            	7.68505531e+01
7764            	7.68510716e+01
7765            	7.68513231e+01
7766            	7.68512864e+01
7767            	7.68509487e+01
7768            	7.68503019e+01
7769            	7.68498769e+01
7770            	7.68506806e+01
7771            	7.68512944e+01
7772            	7.68516991e+01
7773            	7.68518695e+01
7774            	7.68517844e+01
7775            	7.68515205e+01
7776            	7.68520733e+01
7777            	7.68523762e+01
7778            	7.68524206e+01
7779            	7.68521990e+01
7780            	7.68517150e+01
7781            	7.68509694e+01
7782            	7.68499793e+01
7783            	7.68487738e+01
7784            	7.68480849e+01
7785            	7.68473004e+01
7786            	7.68463944e+01
7787            	7.68453840e+01
7788            	7.68442911e+01
7789            	7.68431512e+01
7790            	7.68419606e+01
7791            	7.68423789e+01
7792            	7.68432064e+01
7793            	7.68440171e+01
7794            	7.68451773e+01
7795            	7.68467547e+01
7796            	7.68482538e+01
7797            	7.68496577e+01
7798            	7.68509278e+01
7799            	7.68520294e+01
7800            	7.68529284e+01
7801            	7.68536031e+01
7802            	7.68540301e+01
7803            	7.68541786e+01
7804            	7.68540275e+01
7805            	7.68535619e+01
7806            	7.68527924e+01
7807            	7.68517251e+01
7808            	7.68508660e+01
7809            	7.68515643e+01
7810            	7.68520140e+01
7811            	7.68521954e+01
7812            	7.68520852e+01
7813            	7.68516768e+01
7814            	7.68509783e+01
7815            	7.68499946e+01
7816            	7.68487423e+01
7817            	7.68472965e+01
7818            	7.68457318e+01
7819            	7.68440373e+01
7820            	7.68422498e+01
7821            	7.68404192e+01
7822            	7.68385956e+01
7823            	7.68377210e+01
7824            	7.68374888e+01
7825            	7.68372769e+01
7826            	7.68383356e+01
7827            	7.68394702e+01
7828            	7.68406862e+01
7829            	7.68419674e+01
7830            	7.68432882e+01
7831            	7.68446274e+01
7832            	7.68459561e+01
7833            	7.68472482e+01
7834            	7.68484646e+01
7835            	7.68495606e+01
7836            	7.68504957e+01
7837            	7.68512244e+01
7838            	7.68517129e+01
7839            	7.68519199e+01
7840            	7.68518168e+01
7841            	7.68513827e+01
7842            	7.68506169e+01
7843            	7.68512464e+01
7844            	7.68523987e+01
7845            	7.68533892e+01
7846            	7.68540918e+01
7847            	7.68544734e+01
7848            	7.68545064e+01
7849            	7.68541690e+01
7850            	7.68534547e+01
7851            	7.68523807e+01
7852            	7.68509603e+01
7853            	7.68492207e+01
7854            	7.68472000e+01
7855            	7.68455479e+01
7856            	7.68457750e+01
7857            	7.68459150e+01
7858            	7.68459708e+01
7859            	7.68459416e+01
7860            	7.68458210e+01
7861            	7.68456066e+01
7862            	7.68453028e+01
7863            	7.68448932e+01
7864            	7.68444626e+01
7865            	7.68443594e+01
7866            	7.68441609e+01
7867            	7.68438484e+01
7868            	7.68434070e+01
7869            	7.68429939e+01
7870            	7.68444687e+01
7871            	7.68458616e+01
7872            	7.68471398e+01
7873            	7.68482705e+01
7874            	7.68492085e+01
7875            	7.68499175e+01
7876            	7.68503624e+01
7877            	7.68505071e+01
7878            	7.68513953e+01
7879            	7.68523800e+01
7880            	7.68531242e+01
7881            	7.68535853e+01
7882            	7.68537302e+01
7883            	7.68535366e+01
7884            	7.68529965e+01
7885            	7.68521171e+01
7886            	7.68509002e+01
7887            	7.68493815e+01
7888            	7.68476143e+01
7889            	7.68457050e+01
7890            	7.68436956e+01
7891            	7.68438621e+01
7892            	7.68449597e+01
7893            	7.68459602e+01
7894            	7.68468540e+01
7895            	7.68476465e+01
7896            	7.68483355e+01
7897            	7.68489130e+01
7898            	7.68493857e+01
7899            	7.68497503e+01
7900            	7.68500103e+01
7901            	7.68501525e+01
7902            	7.68501795e+01
7903            	7.68500883e+01
7904            	7.68498787e+01
7905            	7.68500879e+01
7906            	7.68503560e+01
7907            	7.68504461e+01
7908            	7.68503483e+01
7909            	7.68500565e+01
7910            	7.68495684e+01
7911            	7.68503899e+01
7912            	7.68515104e+01
7913            	7.68524356e+01
7914            	7.68531301e+01
7915            	7.68535608e+01
7916            	7.68537024e+01
7917            	7.68535261e+01
7918            	7.68530224e+01
7919            	7.68521913e+01
7920            	7.68510563e+01
7921            	7.68498151e+01
7922            	7.68482386e+01
7923            	7.68464288e+01
7924            	7.68444191e+01
7925            	7.68422083e+01
7926            	7.68398784e+01
7927            	7.68383192e+01
7928            	7.68382696e+01
7929            	7.68382792e+01
7930            	7.68383720e+01
7931            	7.68385317e+01
7932            	7.68387580e+01
7933            	7.68393293e+01
7934            	7.68404670e+01
7935            	7.68415168e+01
7936            	7.68424481e+01
7937            	7.68432534e+01
7938            	7.68439293e+01
7939            	7.68444583e+01
7940            	7.68448586e+01
7941            	7.68451285e+01
7942            	7.68452735e+01
7943            	7.68453056e+01
7944            	7.68452429e+01
7945            	7.68450864e+01
7946            	7.68457471e+01
7947            	7.68472705e+01
7948            	7.68487138e+01
7949            	7.68500638e+01
7950            	7.68512980e+01
7951            	7.68523920e+01
7952            	7.68533198e+01
7953            	7.68540500e+01
7954            	7.68545544e+01
7955            	7.68548065e+01
7956            	7.68547787e+01
7957            	7.68544493e+01
7958            	7.68538046e+01
7959            	7.68528425e+01
7960            	7.68515712e+01
7961            	7.68499945e+01
7962            	7.68481463e+01
7963            	7.68460768e+01
7964            	7.68438657e+01
7965            	7.68433069e+01
7966            	7.68439379e+01
7967            	7.68445237e+01
7968            	7.68450525e+01
7969            	7.68455200e+01
7970            	7.68459106e+01
7971            	7.68462087e+01
7972            	7.68464053e+01
7973            	7.68464849e+01
7974            	7.68464301e+01
7975            	7.68462290e+01
7976            	7.68458858e+01
7977            	7.68453925e+01
7978            	7.68447418e+01
7979            	7.68453510e+01
7980            	7.68458265e+01
7981            	7.68461514e+01
7982            	7.68463194e+01
7983            	7.68463250e+01
7984            	7.68461626e+01
7985            	7.68458362e+01
7986            	7.68455628e+01
7987            	7.68472314e+01
7988            	7.68488058e+01
7989            	7.68502522e+01
7990            	7.68515442e+01
7991            	7.68526534e+01
7992            	7.68535446e+01
7993            	7.68541813e+01
7994            	7.68545323e+01
7995            	7.68545733e+01
7996            	7.68542848e+01
7997            	7.68536534e+01
7998            	7.68526735e+01
7999            	7.68513610e+01
8000            	7.68505913e+01
8001            	7.68510052e+01
8002            	7.68511829e+01
8003            	7.68510952e+01
8004            	7.68507185e+01
8005            	7.68500523e+01
8006            	7.68490968e+01
8007            	7.68478629e+01
8008            	7.68463844e+01
8009            	7.68454628e+01
8010            	7.68449784e+01
8011            	7.68443072e+01
8012            	7.68434401e+01
8013            	7.68433818e+01
8014            	7.68433281e+01
8015            	7.68431814e+01
8016            	7.68429662e+01
8017            	7.68426856e+01
8018            	7.68423643e+01
8019            	7.68420238e+01
8020            	7.68416782e+01
8021            	7.68413457e+01
8022            	7.68410366e+01
8023            	7.68410433e+01
8024            	7.68410157e+01
8025            	7.68422931e+01
8026            	7.68443190e+01
8027            	7.68462576e+01
8028            	7.68480741e+01
8029            	7.68497331e+01
8030            	7.68511994e+01
8031            	7.68524399e+01
8032            	7.68534282e+01
8033            	7.68546790e+01
8034            	7.68559260e+01
8035            	7.68569757e+01
8036            	7.68577937e+01
8037            	7.68583492e+01
8038            	7.68585977e+01
8039            	7.68585002e+01
8040            	7.68580305e+01
8041            	7.68571762e+01
8042            	7.68572155e+01
8043            	7.68577935e+01
8044            	7.68581028e+01
8045            	7.68581140e+01
8046            	7.68577949e+01
8047            	7.68571237e+01
8048            	7.68560899e+01
8049            	7.68547044e+01
8050            	7.68529856e+01
8051            	7.68509666e+01
8052            	7.68486976e+01
8053            	7.68462742e+01
8054            	7.68437943e+01
8055            	7.68413639e+01
8056            	7.68390496e+01
8057            	7.68369620e+01
8058            	7.68351529e+01
8059            	7.68361889e+01
8060            	7.68376170e+01
8061            	7.68391060e+01
8062            	7.68406299e+01
8063            	7.68421358e+01
8064            	7.68435785e+01
8065            	7.68449146e+01
8066            	7.68461189e+01
8067            	7.68471410e+01
8068            	7.68479474e+01
8069            	7.68485074e+01
8070            	7.68488021e+01
8071            	7.68488061e+01
8072            	7.68485089e+01
8073            	7.68479201e+01
8074            	7.68479582e+01
8075            	7.68501088e+01
8076            	7.68522115e+01
8077            	7.68542413e+01
8078            	7.68561700e+01
8079            	7.68579648e+01
8080            	7.68595747e+01
8081            	7.68609513e+01
8082            	7.68620408e+01
8083            	7.68627969e+01
8084            	7.68631784e+01
8085            	7.68631522e+01
8086            	7.68626973e+01
8087            	7.68618089e+01
8088            	7.68604881e+01
8089            	7.68587621e+01
8090            	7.68566803e+01
8091            	7.68542914e+01
8092            	7.68516878e+01
8093            	7.68489731e+01
8094            	7.68462307e+01
8095            	7.68435587e+01
8096            	7.68410096e+01
8097            	7.68386332e+01
8098            	7.68365281e+01
8099            	7.68347468e+01
8100            	7.68358330e+01
8101            	7.68368452e+01
8102            	7.68377509e+01
8103            	7.68385223e+01
8104            	7.68391352e+01
8105            	7.68395642e+01
8106            	7.68397999e+01
8107            	7.68398480e+01
8108            	7.68397130e+01
8109            	7.68394009e+01
8110            	7.68389299e+01
8111            	7.68385938e+01
8112            	7.68397820e+01
8113            	7.68408927e+01
8114            	7.68420881e+01
8115            	7.68441787e+01
8116            	7.68462325e+01
8117            	7.68481530e+01
8118            	7.68499018e+01
8119            	7.68514657e+01
8120            	7.68530352e+01
8121            	7.68543960e+01
8122            	7.68555014e+01
8123            	7.68563062e+01
8124            	7.68567768e+01
8125            	7.68568813e+01
8126            	7.68565992e+01
8127            	7.68559199e+01
8128            	7.68548504e+01
8129            	7.68533966e+01
8130            	7.68515943e+01
8131            	7.68494879e+01
8132            	7.68471421e+01
8133            	7.68446247e+01
8134            	7.68424171e+01
8135            	7.68417900e+01
8136            	7.68411823e+01
8137            	7.68406235e+01
8138            	7.68401255e+01
8139            	7.68397026e+01
8140            	7.68393702e+01
8141            	7.68391323e+01
8142            	7.68389859e+01
8143            	7.68389333e+01
8144            	7.68389838e+01
8145            	7.68395536e+01
8146            	7.68402363e+01
8147            	7.68410189e+01
8148            	7.68418746e+01
8149            	7.68427727e+01
8150            	7.68439023e+01
8151            	7.68451796e+01
8152            	7.68463338e+01
8153            	7.68473283e+01
8154            	7.68481281e+01
8155            	7.68487074e+01
8156            	7.68490347e+01
8157            	7.68496186e+01
8158            	7.68513369e+01
8159            	7.68527899e+01
8160            	7.68539290e+01
8161            	7.68547087e+01
8162            	7.68550881e+01
8163            	7.68550384e+01
8164            	7.68545472e+01
8165            	7.68536136e+01
8166            	7.68522452e+01
8167            	7.68504858e+01
8168            	7.68483920e+01
8169            	7.68474947e+01
8170            	7.68470796e+01
8171            	7.68466606e+01
8172            	7.68460547e+01
8173            	7.68452374e+01
8174            	7.68442351e+01
8175            	7.68430921e+01
8176            	7.68418575e+01
8177            	7.68408650e+01
8178            	7.68399322e+01
8179            	7.68390072e+01
8180            	7.68381705e+01
8181            	7.68374756e+01
8182            	7.68373099e+01
8183            	7.68383818e+01
8184            	7.68394826e+01
8185            	7.68409115e+01
8186            	7.68424556e+01
8187            	7.68439490e+01
8188            	7.68454871e+01
8189            	7.68473153e+01
8190            	7.68490537e+01
8191            	7.68506790e+01
8192            	7.68521710e+01
8193            	7.68535151e+01
8194            	7.68552121e+01
8195            	7.68569902e+01
8196            	7.68585711e+01
8197            	7.68599134e+01
8198            	7.68609806e+01
8199            	7.68617295e+01
8200            	7.68621182e+01
8201            	7.68621088e+01
8202            	7.68619484e+01
8203            	7.68614723e+01
8204            	7.68605321e+01
8205            	7.68591244e+01
8206            	7.68572797e+01
8207            	7.68550393e+01
8208            	7.68524726e+01
8209            	7.68496714e+01
8210            	7.68467606e+01
8211            	7.68438235e+01
8212            	7.68427152e+01
8213            	7.68418896e+01
8214            	7.68409467e+01
8215            	7.68399186e+01
8216            	7.68388365e+01
8217            	7.68377511e+01
8218            	7.68367175e+01
8219            	7.68357836e+01
8220            	7.68349705e+01
8221            	7.68343488e+01
8222            	7.68341790e+01
8223            	7.68341371e+01
8224            	7.68341837e+01
8225            	7.68343345e+01
8226            	7.68357676e+01
8227            	7.68377439e+01
8228            	7.68398499e+01
8229            	7.68420873e+01
8230            	7.68443296e+01
8231            	7.68465497e+01
8232            	7.68487237e+01
8233            	7.68508361e+01
8234            	7.68528547e+01
8235            	7.68547531e+01
8236            	7.68564883e+01
8237            	7.68580219e+01
8238            	7.68593154e+01
8239            	7.68603290e+01
8240            	7.68610262e+01
8241            	7.68613639e+01
8242            	7.68613062e+01
8243            	7.68608343e+01
8244            	7.68599352e+01
8245            	7.68586128e+01
8246            	7.68568745e+01
8247            	7.68548186e+01
8248            	7.68535290e+01
8249            	7.68519797e+01
8250            	7.68505121e+01
8251            	7.68493342e+01
8252            	7.68478762e+01
8253            	7.68461599e+01
8254            	7.68442115e+01
8255            	7.68420720e+01
8256            	7.68416614e+01
8257            	7.68418107e+01
8258            	7.68419107e+01
8259            	7.68419599e+01
8260            	7.68419382e+01
8261            	7.68418440e+01
8262            	7.68416548e+01
8263            	7.68413548e+01
8264            	7.68409322e+01
8265            	7.68403935e+01
8266            	7.68397148e+01
8267            	7.68389087e+01
8268            	7.68395772e+01
8269            	7.68412887e+01
8270            	7.68430126e+01
8271            	7.68447287e+01
8272            	7.68464193e+01
8273            	7.68480575e+01
8274            	7.68496341e+01
8275            	7.68511250e+01
8276            	7.68524985e+01
8277            	7.68537159e+01
8278            	7.68547384e+01
8279            	7.68555321e+01
8280            	7.68560583e+01
8281            	7.68562825e+01
8282            	7.68561981e+01
8283            	7.68560134e+01
8284            	7.68554374e+01
8285            	7.68544724e+01
8286            	7.68540910e+01
8287            	7.68540888e+01
8288            	7.68538350e+01
8289            	7.68533185e+01
8290            	7.68525318e+01
8291            	7.68514785e+01
8292            	7.68501736e+01
8293            	7.68486163e+01
8294            	7.68468256e+01
8295            	7.68471766e+01
8296            	7.68477018e+01
8297            	7.68480894e+01
8298            	7.68483097e+01
8299            	7.68483454e+01
8300            	7.68481801e+01
8301            	7.68477956e+01
8302            	7.68471860e+01
8303            	7.68463433e+01
8304            	7.68452880e+01
8305            	7.68440362e+01
8306            	7.68426303e+01
8307            	7.68411093e+01
8308            	7.68397024e+01
8309            	7.68410346e+01
8310            	7.68426765e+01
8311            	7.68443392e+01
8312            	7.68459881e+01
8313            	7.68475873e+01
8314            	7.68490932e+01
8315            	7.68504588e+01
8316            	7.68516393e+01
8317            	7.68525967e+01
8318            	7.68532900e+01
8319            	7.68536848e+01
8320            	7.68537534e+01
8321            	7.68534747e+01
8322            	7.68530933e+01
8323            	7.68548058e+01
8324            	7.68562600e+01
8325            	7.68574186e+01
8326            	7.68582428e+01
8327            	7.68586913e+01
8328            	7.68587366e+01
8329            	7.68583622e+01
8330            	7.68575740e+01
8331            	7.68563693e+01
8332            	7.68547618e+01
8333            	7.68527956e+01
8334            	7.68505296e+01
8335            	7.68499498e+01
8336            	7.68500522e+01
8337            	7.68499356e+01
8338            	7.68495832e+01
8339            	7.68489774e+01
8340            	7.68481164e+01
8341            	7.68470070e+01
8342            	7.68456740e+01
8343            	7.68447736e+01
8344            	7.68438730e+01
8345            	7.68429863e+01
8346            	7.68421368e+01
8347            	7.68413574e+01
8348            	7.68406528e+01
8349            	7.68400398e+01
8350            	7.68395573e+01
8351            	7.68391916e+01
8352            	7.68401425e+01
8353            	7.68415616e+01
8354            	7.68428937e+01
8355            	7.68441175e+01
8356            	7.68452290e+01
8357            	7.68462201e+01
8358            	7.68471270e+01
8359            	7.68490057e+01
8360            	7.68508022e+01
8361            	7.68524886e+01
8362            	7.68542283e+01
8363            	7.68560506e+01
8364            	7.68576852e+01
8365            	7.68590875e+01
8366            	7.68602141e+01
8367            	7.68610238e+01
8368            	7.68614805e+01
8369            	7.68615548e+01
8370            	7.68612263e+01
8371            	7.68604906e+01
8372            	7.68608330e+01
8373            	7.68612114e+01
8374            	7.68611610e+01
8375            	7.68606586e+01
8376            	7.68596909e+01
8377            	7.68582489e+01
8378            	7.68563442e+01
8379            	7.68557749e+01
8380            	7.68550780e+01
8381            	7.68540098e+01
8382            	7.68525759e+01
8383            	7.68507834e+01
8384            	7.68486773e+01
8385            	7.68463282e+01
8386            	7.68438327e+01
8387            	7.68426546e+01
8388            	7.68430681e+01
8389            	7.68433747e+01
8390            	7.68435517e+01
8391            	7.68435951e+01
8392            	7.68435184e+01
8393            	7.68433260e+01
8394            	7.68430190e+01
8395            	7.68426004e+01
8396            	7.68420750e+01
8397            	7.68414464e+01
8398            	7.68409140e+01
8399            	7.68405432e+01
8400            	7.68409162e+01
8401            	7.68424594e+01
8402            	7.68440040e+01
8403            	7.68455195e+01
8404            	7.68469984e+01
8405            	7.68484019e+01
8406            	7.68497033e+01
8407            	7.68508643e+01
8408            	7.68518514e+01
8409            	7.68526340e+01
8410            	7.68531912e+01
8411            	7.68535384e+01
8412            	7.68538578e+01
8413            	7.68538787e+01
8414            	7.68548194e+01
8415            	7.68569136e+01
8416            	7.68587757e+01
8417            	7.68603483e+01
8418            	7.68615782e+01
8419            	7.68624153e+01
8420            	7.68628179e+01
8421            	7.68627543e+01
8422            	7.68622052e+01
8423            	7.68611640e+01
8424            	7.68596396e+01
8425            	7.68576499e+01
8426            	7.68552523e+01
8427            	7.68561176e+01
8428            	7.68573022e+01
8429            	7.68581965e+01
8430            	7.68587708e+01
8431            	7.68590055e+01
8432            	7.68588793e+01
8433            	7.68583690e+01
8434            	7.68574641e+01
8435            	7.68561675e+01
8436            	7.68545277e+01
8437            	7.68528703e+01
8438            	7.68508682e+01
8439            	7.68485622e+01
8440            	7.68459926e+01
8441            	7.68432231e+01
8442            	7.68403327e+01
8443            	7.68406283e+01
8444            	7.68414276e+01
8445            	7.68425543e+01
8446            	7.68442289e+01
8447            	7.68459084e+01
8448            	7.68475507e+01
8449            	7.68491314e+01
8450            	7.68506195e+01
8451            	7.68519829e+01
8452            	7.68531950e+01
8453            	7.68542294e+01
8454            	7.68550644e+01
8455            	7.68556704e+01
8456            	7.68560192e+01
8457            	7.68560885e+01
8458            	7.68558541e+01
8459            	7.68566940e+01
8460            	7.68576279e+01
8461            	7.68582211e+01
8462            	7.68584467e+01
8463            	7.68583560e+01
8464            	7.68580831e+01
8465            	7.68574086e+01
8466            	7.68563304e+01
8467            	7.68548683e+01
8468            	7.68547084e+01
8469            	7.68556247e+01
8470            	7.68561568e+01
8471            	7.68562811e+01
8472            	7.68559783e+01
8473            	7.68552542e+01
8474            	7.68545037e+01
8475            	7.68551441e+01
8476            	7.68555035e+01
8477            	7.68561182e+01
8478            	7.68580326e+01
8479            	7.68597973e+01
8480            	7.68613748e+01
8481            	7.68627266e+01
8482            	7.68638134e+01
8483            	7.68645920e+01
8484            	7.68650186e+01
8485            	7.68650488e+01
8486            	7.68646490e+01
8487            	7.68637975e+01
8488            	7.68624793e+01
8489            	7.68606921e+01
8490            	7.68584468e+01
8491            	7.68557774e+01
8492            	7.68527285e+01
8493            	7.68493574e+01
8494            	7.68457768e+01
8495            	7.68477070e+01
8496            	7.68495738e+01
8497            	7.68512084e+01
8498            	7.68525710e+01
8499            	7.68536229e+01
8500            	7.68543389e+01
8501            	7.68546892e+01
8502            	7.68546625e+01
8503            	7.68542428e+01
8504            	7.68534307e+01
8505            	7.68522423e+01
8506            	7.68506945e+01
8507            	7.68488171e+01
8508            	7.68466705e+01
8509            	7.68442990e+01
8510            	7.68441054e+01
8511            	7.68461734e+01
8512            	7.68481538e+01
8513            	7.68500202e+01
8514            	7.68517412e+01
8515            	7.68532906e+01
8516            	7.68546535e+01
8517            	7.68558172e+01
8518            	7.68567599e+01
8519            	7.68574609e+01
8520            	7.68579032e+01
8521            	7.68580773e+01
8522            	7.68579757e+01
8523            	7.68576008e+01
8524            	7.68571267e+01
8525            	7.68582891e+01
8526            	7.68590943e+01
8527            	7.68595101e+01
8528            	7.68595087e+01
8529            	7.68590698e+01
8530            	7.68581906e+01
8531            	7.68568719e+01
8532            	7.68551368e+01
8533            	7.68530162e+01
8534            	7.68506029e+01
8535            	7.68514049e+01
8536            	7.68520277e+01
8537            	7.68524360e+01
8538            	7.68525998e+01
8539            	7.68524905e+01
8540            	7.68520868e+01
8541            	7.68513738e+01
8542            	7.68503483e+01
8543            	7.68495278e+01
8544            	7.68485178e+01
8545            	7.68471957e+01
8546            	7.68455839e+01
8547            	7.68437459e+01
8548            	7.68417566e+01
8549            	7.68409019e+01
8550            	7.68401932e+01
8551            	7.68395750e+01
8552            	7.68390847e+01
8553            	7.68399462e+01
8554            	7.68408349e+01
8555            	7.68417474e+01
8556            	7.68426657e+01
8557            	7.68435724e+01
8558            	7.68444533e+01
8559            	7.68461928e+01
8560            	7.68484778e+01
8561            	7.68506654e+01
8562            	7.68527508e+01
8563            	7.68547260e+01
8564            	7.68565856e+01
8565            	7.68583091e+01
8566            	7.68598772e+01
8567            	7.68612619e+01
8568            	7.68624287e+01
8569            	7.68633407e+01
8570            	7.68639578e+01
8571            	7.68642427e+01
8572            	7.68641586e+01
8573            	7.68636811e+01
8574            	7.68627975e+01
8575            	7.68615075e+01
8576            	7.68598236e+01
8577            	7.68577956e+01
8578            	7.68556355e+01
8579            	7.68560386e+01
8580            	7.68561745e+01
8581            	7.68560242e+01
8582            	7.68555796e+01
8583            	7.68548329e+01
8584            	7.68537837e+01
8585            	7.68524372e+01
8586            	7.68508123e+01
8587            	7.68489393e+01
8588            	7.68468559e+01
8589            	7.68446553e+01
8590            	7.68424364e+01
8591            	7.68401727e+01
8592            	7.68378961e+01
8593            	7.68356725e+01
8594            	7.68369089e+01
8595            	7.68384486e+01
8596            	7.68401503e+01
8597            	7.68419755e+01
8598            	7.68439039e+01
8599            	7.68459011e+01
8600            	7.68479286e+01
8601            	7.68499579e+01
8602            	7.68519520e+01
8603            	7.68538660e+01
8604            	7.68557099e+01
8605            	7.68574336e+01
8606            	7.68589320e+01
8607            	7.68601503e+01
8608            	7.68610299e+01
8609            	7.68615180e+01
8610            	7.68615889e+01
8611            	7.68613320e+01
8612            	7.68606207e+01
8613            	7.68594482e+01
8614            	7.68578217e+01
8615            	7.68557674e+01
8616            	7.68533361e+01
8617            	7.68508220e+01
8618            	7.68516639e+01
8619            	7.68535075e+01
8620            	7.68552140e+01
8621            	7.68567554e+01
8622            	7.68581013e+01
8623            	7.68592271e+01
8624            	7.68600923e+01
8625            	7.68606672e+01
8626            	7.68609206e+01
8627            	7.68608212e+01
8628            	7.68603407e+01
8629            	7.68594622e+01
8630            	7.68581759e+01
8631            	7.68564909e+01
8632            	7.68544153e+01
8633            	7.68519779e+01
8634            	7.68492137e+01
8635            	7.68461963e+01
8636            	7.68429879e+01
8637            	7.68405395e+01
8638            	7.68418158e+01
8639            	7.68430375e+01
8640            	7.68441657e+01
8641            	7.68451819e+01
8642            	7.68479691e+01
8643            	7.68508152e+01
8644            	7.68535480e+01
8645            	7.68561221e+01
8646            	7.68584892e+01
8647            	7.68605992e+01
8648            	7.68624020e+01
8649            	7.68638472e+01
8650            	7.68648831e+01
8651            	7.68654621e+01
8652            	7.68655445e+01
8653            	7.68651036e+01
8654            	7.68641244e+01
8655            	7.68626091e+01
8656            	7.68605647e+01
8657            	7.68580198e+01
8658            	7.68550359e+01
8659            	7.68522047e+01
8660            	7.68538389e+01
8661            	7.68561323e+01
8662            	7.68582390e+01
8663            	7.68601206e+01
8664            	7.68617362e+01
8665            	7.68630359e+01
8666            	7.68639740e+01
8667            	7.68645059e+01
8668            	7.68645925e+01
8669            	7.68641972e+01
8670            	7.68633514e+01
8671            	7.68621357e+01
8672            	7.68603946e+01
8673            	7.68581489e+01
8674            	7.68554508e+01
8675            	7.68523719e+01
8676            	7.68489875e+01
8677            	7.68454491e+01
8678            	7.68418458e+01
8679            	7.68385408e+01
8680            	7.68389493e+01
8681            	7.68393091e+01
8682            	7.68396162e+01
8683            	7.68398647e+01
8684            	7.68405424e+01
8685            	7.68438456e+01
8686            	7.68470956e+01
8687            	7.68502927e+01
8688            	7.68535010e+01
8689            	7.68565865e+01
8690            	7.68595104e+01
8691            	7.68622138e+01
8692            	7.68646391e+01
8693            	7.68667263e+01
8694            	7.68684233e+01
8695            	7.68696763e+01
8696            	7.68704344e+01
8697            	7.68706581e+01
8698            	7.68703199e+01
8699            	7.68694104e+01
8700            	7.68679398e+01
8701            	7.68659386e+01
8702            	7.68634490e+01
8703            	7.68605420e+01
8704            	7.68618066e+01
8705            	7.68638695e+01
8706            	7.68655611e+01
8707            	7.68668219e+01
8708            	7.68675975e+01
8709            	7.68678435e+01
8710            	7.68675326e+01
8711            	7.68666470e+01
8712            	7.68651887e+01
8713            	7.68631696e+01
8714            	7.68606294e+01
8715            	7.68576342e+01
8716            	7.68542456e+01
8717            	7.68505636e+01
8718            	7.68467317e+01
8719            	7.68428595e+01
8720            	7.68398018e+01
8721            	7.68413057e+01
8722            	7.68429879e+01
8723            	7.68447348e+01
8724            	7.68464982e+01
8725            	7.68482476e+01
8726            	7.68499609e+01
8727            	7.68516037e+01
8728            	7.68531461e+01
8729            	7.68545487e+01
8730            	7.68557691e+01
8731            	7.68567667e+01
8732            	7.68574938e+01
8733            	7.68587031e+01
8734            	7.68604007e+01
8735            	7.68618132e+01
8736            	7.68628993e+01
8737            	7.68636168e+01
8738            	7.68639282e+01
8739            	7.68638078e+01
8740            	7.68632443e+01
8741            	7.68622426e+01
8742            	7.68608121e+01
8743            	7.68589672e+01
8744            	7.68567567e+01
8745            	7.68542459e+01
8746            	7.68545945e+01
8747            	7.68559311e+01
8748            	7.68568884e+01
8749            	7.68574388e+01
8750            	7.68575599e+01
8751            	7.68572425e+01
8752            	7.68564727e+01
8753            	7.68552604e+01
8754            	7.68536345e+01
8755            	7.68516383e+01
8756            	7.68493210e+01
8757            	7.68467344e+01
8758            	7.68439823e+01
8759            	7.68411409e+01
8760            	7.68383197e+01
8761            	7.68363174e+01
8762            	7.68376232e+01
8763            	7.68398648e+01
8764            	7.68423543e+01
8765            	7.68448220e+01
8766            	7.68472254e+01
8767            	7.68495273e+01
8768            	7.68516877e+01
8769            	7.68536650e+01
8770            	7.68554148e+01
8771            	7.68568864e+01
8772            	7.68580325e+01
8773            	7.68588046e+01
8774            	7.68591580e+01
8775            	7.68590636e+01
8776            	7.68585057e+01
8777            	7.68575224e+01
8778            	7.68574177e+01
8779            	7.68571059e+01
8780            	7.68570595e+01
8781            	7.68566455e+01
8782            	7.68558562e+01
8783            	7.68546964e+01
8784            	7.68531806e+01
8785            	7.68513325e+01
8786            	7.68491895e+01
8787            	7.68467985e+01
8788            	7.68442197e+01
8789            	7.68415212e+01
8790            	7.68408235e+01
8791            	7.68406551e+01
8792            	7.68404005e+01
8793            	7.68400808e+01
8794            	7.68397362e+01
8795            	7.68393610e+01
8796            	7.68389860e+01
8797            	7.68386383e+01
8798            	7.68383528e+01
8799            	7.68381342e+01
8800            	7.68380096e+01
8801            	7.68379710e+01
8802            	7.68380302e+01
8803            	7.68381741e+01
8804            	7.68383781e+01
8805            	7.68386182e+01
8806            	7.68388760e+01
8807            	7.68409997e+01
8808            	7.68435669e+01
8809            	7.68460730e+01
8810            	7.68484874e+01
8811            	7.68507681e+01
8812            	7.68528833e+01
8813            	7.68547872e+01
8814            	7.68564381e+01
8815            	7.68577874e+01
8816            	7.68587917e+01
8817            	7.68594115e+01
8818            	7.68596019e+01
8819            	7.68593321e+01
8820            	7.68585756e+01
8821            	7.68573235e+01
8822            	7.68555748e+01
8823            	7.68533499e+01
8824            	7.68506774e+01
8825            	7.68476193e+01
8826            	7.68450376e+01
8827            	7.68448011e+01
8828            	7.68442922e+01
8829            	7.68438778e+01
8830            	7.68440982e+01
8831            	7.68443507e+01
8832            	7.68446175e+01
8833            	7.68448940e+01
8834            	7.68451727e+01
8835            	7.68454344e+01
8836            	7.68456525e+01
8837            	7.68458074e+01
8838            	7.68458794e+01
8839            	7.68458380e+01
8840            	7.68456603e+01
8841            	7.68453367e+01
8842            	7.68452967e+01
8843            	7.68461711e+01
8844            	7.68469330e+01
8845            	7.68475650e+01
8846            	7.68480375e+01
8847            	7.68483318e+01
8848            	7.68484330e+01
8849            	7.68483301e+01
8850            	7.68480042e+01
8851            	7.68474485e+01
8852            	7.68466618e+01
8853            	7.68477018e+01
8854            	7.68511037e+01
8855            	7.68543094e+01
8856            	7.68572845e+01
8857            	7.68599817e+01
8858            	7.68623619e+01
8859            	7.68643841e+01
8860            	7.68660086e+01
8861            	7.68671945e+01
8862            	7.68679049e+01
8863            	7.68681135e+01
8864            	7.68678045e+01
8865            	7.68669806e+01
8866            	7.68656558e+01
8867            	7.68641685e+01
8868            	7.68624554e+01
8869            	7.68603376e+01
8870            	7.68579048e+01
8871            	7.68552511e+01
8872            	7.68524876e+01
8873            	7.68497352e+01
8874            	7.68479625e+01
8875            	7.68480158e+01
8876            	7.68477985e+01
8877            	7.68473134e+01
8878            	7.68465619e+01
8879            	7.68455642e+01
8880            	7.68443519e+01
8881            	7.68430023e+01
8882            	7.68415861e+01
8883            	7.68401503e+01
8884            	7.68387400e+01
8885            	7.68379488e+01
8886            	7.68390993e+01
8887            	7.68402485e+01
8888            	7.68413938e+01
8889            	7.68425852e+01
8890            	7.68437685e+01
8891            	7.68455695e+01
8892            	7.68475526e+01
8893            	7.68499886e+01
8894            	7.68524361e+01
8895            	7.68548473e+01
8896            	7.68571847e+01
8897            	7.68594051e+01
8898            	7.68614561e+01
8899            	7.68632825e+01
8900            	7.68648181e+01
8901            	7.68660051e+01
8902            	7.68667925e+01
8903            	7.68671341e+01
8904            	7.68670002e+01
8905            	7.68663725e+01
8906            	7.68652568e+01
8907            	7.68636720e+01
8908            	7.68616501e+01
8909            	7.68592481e+01
8910            	7.68573635e+01
8911            	7.68582338e+01
8912            	7.68587573e+01
8913            	7.68589025e+01
8914            	7.68586454e+01
8915            	7.68579738e+01
8916            	7.68568884e+01
8917            	7.68554093e+01
8918            	7.68535790e+01
8919            	7.68514464e+01
8920            	7.68491122e+01
8921            	7.68466707e+01
8922            	7.68442125e+01
8923            	7.68418028e+01
8924            	7.68395091e+01
8925            	7.68377504e+01
8926            	7.68390077e+01
8927            	7.68403511e+01
8928            	7.68417187e+01
8929            	7.68430854e+01
8930            	7.68444499e+01
8931            	7.68458117e+01
8932            	7.68472155e+01
8933            	7.68499756e+01
8934            	7.68526796e+01
8935            	7.68552752e+01
8936            	7.68577112e+01
8937            	7.68599313e+01
8938            	7.68618801e+01
8939            	7.68635002e+01
8940            	7.68647284e+01
8941            	7.68655138e+01
8942            	7.68658145e+01
8943            	7.68656028e+01
8944            	7.68648724e+01
8945            	7.68636323e+01
8946            	7.68619057e+01
8947            	7.68597538e+01
8948            	7.68572337e+01
8949            	7.68579992e+01
8950            	7.68591950e+01
8951            	7.68605941e+01
8952            	7.68616284e+01
8953            	7.68622444e+01
8954            	7.68623955e+01
8955            	7.68620489e+01
8956            	7.68611861e+01
8957            	7.68598093e+01
8958            	7.68579310e+01
8959            	7.68568848e+01
8960            	7.68568107e+01
8961            	7.68562938e+01
8962            	7.68553346e+01
8963            	7.68539435e+01
8964            	7.68521638e+01
8965            	7.68500670e+01
8966            	7.68481402e+01
8967            	7.68461065e+01
8968            	7.68440391e+01
8969            	7.68443716e+01
8970            	7.68466570e+01
8971            	7.68489664e+01
8972            	7.68512674e+01
8973            	7.68535286e+01
8974            	7.68557110e+01
8975            	7.68577744e+01
8976            	7.68596735e+01
8977            	7.68613991e+01
8978            	7.68629142e+01
8979            	7.68641018e+01
8980            	7.68649068e+01
8981            	7.68652782e+01
8982            	7.68651762e+01
8983            	7.68645774e+01
8984            	7.68634717e+01
8985            	7.68618706e+01
8986            	7.68602240e+01
8987            	7.68599274e+01
8988            	7.68591949e+01
8989            	7.68580292e+01
8990            	7.68570196e+01
8991            	7.68596690e+01
8992            	7.68620440e+01
8993            	7.68641008e+01
8994            	7.68657866e+01
8995            	7.68670482e+01
8996            	7.68678363e+01
8997            	7.68681108e+01
8998            	7.68678483e+01
8999            	7.68670333e+01
9000            	7.68656712e+01
9001            	7.68637731e+01
9002            	7.68613853e+01
9003            	7.68585744e+01
9004            	7.68554347e+01
9005            	7.68523112e+01
9006            	7.68498035e+01
9007            	7.68473141e+01
9008            	7.68448889e+01
9009            	7.68426509e+01
9010            	7.68439524e+01
9011            	7.68469484e+01
9012            	7.68499571e+01
9013            	7.68529227e+01
9014            	7.68558082e+01
9015            	7.68585704e+01
9016            	7.68611666e+01
9017            	7.68635536e+01
9018            	7.68656782e+01
9019            	7.68674861e+01
9020            	7.68689190e+01
9021            	7.68699179e+01
9022            	7.68704322e+01
9023            	7.68704146e+01
9024            	7.68698341e+01
9025            	7.68686695e+01
9026            	7.68669197e+01
9027            	7.68646014e+01
9028            	7.68617416e+01
9029            	7.68584057e+01
9030            	7.68564082e+01
9031            	7.68590288e+01
9032            	7.68614540e+01
9033            	7.68636342e+01
9034            	7.68655208e+01
9035            	7.68670625e+01
9036            	7.68682128e+01
9037            	7.68690702e+01
9038            	7.68698056e+01
9039            	7.68699992e+01
9040            	7.68696274e+01
9041            	7.68686828e+01
9042            	7.68671786e+01
9043            	7.68651445e+01
9044            	7.68626472e+01
9045            	7.68597667e+01
9046            	7.68565834e+01
9047            	7.68546018e+01
9048            	7.68538004e+01
9049            	7.68527746e+01
9050            	7.68515510e+01
9051            	7.68501698e+01
9052            	7.68487668e+01
9053            	7.68486429e+01
9054            	7.68500860e+01
9055            	7.68515766e+01
9056            	7.68530145e+01
9057            	7.68542538e+01
9058            	7.68552805e+01
9059            	7.68560909e+01
9060            	7.68578340e+01
9061            	7.68595509e+01
9062            	7.68609495e+01
9063            	7.68619905e+01
9064            	7.68626418e+01
9065            	7.68628740e+01
9066            	7.68626662e+01
9067            	7.68620071e+01
9068            	7.68608920e+01
9069            	7.68593418e+01
9070            	7.68573734e+01
9071            	7.68560310e+01
9072            	7.68581936e+01
9073            	7.68602234e+01
9074            	7.68620720e+01
9075            	7.68636864e+01
9076            	7.68650089e+01
9077            	7.68659850e+01
9078            	7.68665591e+01
9079            	7.68666880e+01
9080            	7.68663354e+01
9081            	7.68654833e+01
9082            	7.68641324e+01
9083            	7.68623007e+01
9084            	7.68600241e+01
9085            	7.68573686e+01
9086            	7.68545021e+01
9087            	7.68517068e+01
9088            	7.68488340e+01
9089            	7.68459757e+01
9090            	7.68451337e+01
9091            	7.68465588e+01
9092            	7.68479889e+01
9093            	7.68494002e+01
9094            	7.68507597e+01
9095            	7.68520384e+01
9096            	7.68531946e+01
9097            	7.68541907e+01
9098            	7.68549774e+01
9099            	7.68555104e+01
9100            	7.68560137e+01
9101            	7.68575901e+01
9102            	7.68594450e+01
9103            	7.68610767e+01
9104            	7.68624452e+01
9105            	7.68635111e+01
9106            	7.68642420e+01
9107            	7.68646041e+01
9108            	7.68645691e+01
9109            	7.68641209e+01
9110            	7.68632569e+01
9111            	7.68619904e+01
9112            	7.68603557e+01
9113            	7.68584331e+01
9114            	7.68574879e+01
9115            	7.68586105e+01
9116            	7.68600839e+01
9117            	7.68612656e+01
9118            	7.68621056e+01
9119            	7.68625676e+01
9120            	7.68626144e+01
9121            	7.68622222e+01
9122            	7.68613766e+01
9123            	7.68600793e+01
9124            	7.68583379e+01
9125            	7.68561750e+01
9126            	7.68536346e+01
9127            	7.68507732e+01
9128            	7.68476952e+01
9129            	7.68498205e+01
9130            	7.68524051e+01
9131            	7.68548968e+01
9132            	7.68572542e+01
9133            	7.68594459e+01
9134            	7.68614359e+01
9135            	7.68631824e+01
9136            	7.68646462e+01
9137            	7.68657795e+01
9138            	7.68665674e+01
9139            	7.68670561e+01
9140            	7.68670876e+01
9141            	7.68666317e+01
9142            	7.68656816e+01
9143            	7.68660844e+01
9144            	7.68674840e+01
9145            	7.68685886e+01
9146            	7.68693474e+01
9147            	7.68697122e+01
9148            	7.68696462e+01
9149            	7.68691892e+01
9150            	7.68683691e+01
9151            	7.68671186e+01
9152            	7.68654570e+01
9153            	7.68634148e+01
9154            	7.68610346e+01
9155            	7.68590677e+01
9156            	7.68594061e+01
9157            	7.68594211e+01
9158            	7.68591004e+01
9159            	7.68584400e+01
9160            	7.68574374e+01
9161            	7.68561009e+01
9162            	7.68544362e+01
9163            	7.68524620e+01
9164            	7.68502763e+01
9165            	7.68501271e+01
9166            	7.68496861e+01
9167            	7.68489513e+01
9168            	7.68479480e+01
9169            	7.68501611e+01
9170            	7.68533168e+01
9171            	7.68564646e+01
9172            	7.68595597e+01
9173            	7.68625572e+01
9174            	7.68654136e+01
9175            	7.68680849e+01
9176            	7.68705208e+01
9177            	7.68726736e+01
9178            	7.68744805e+01
9179            	7.68758809e+01
9180            	7.68768147e+01
9181            	7.68772280e+01
9182            	7.68770779e+01
9183            	7.68763220e+01
9184            	7.68749378e+01
9185            	7.68761142e+01
9186            	7.68774874e+01
9187            	7.68783489e+01
9188            	7.68786402e+01
9189            	7.68783185e+01
9190            	7.68773454e+01
9191            	7.68757007e+01
9192            	7.68733924e+01
9193            	7.68704469e+01
9194            	7.68669106e+01
9195            	7.68628695e+01
9196            	7.68627429e+01
9197            	7.68639314e+01
9198            	7.68648884e+01
9199            	7.68655875e+01
9200            	7.68660006e+01
9201            	7.68661059e+01
9202            	7.68658917e+01
9203            	7.68653457e+01
9204            	7.68644557e+01
9205            	7.68632124e+01
9206            	7.68616222e+01
9207            	7.68596998e+01
9208            	7.68574862e+01
9209            	7.68550116e+01
9210            	7.68523445e+01
9211            	7.68495467e+01
9212            	7.68467447e+01
9213            	7.68440426e+01
9214            	7.68437475e+01
9215            	7.68471016e+01
9216            	7.68503228e+01
9217            	7.68533863e+01
9218            	7.68564530e+01
9219            	7.68593596e+01
9220            	7.68619864e+01
9221            	7.68642905e+01
9222            	7.68662309e+01
9223            	7.68677679e+01
9224            	7.68688653e+01
9225            	7.68694799e+01
9226            	7.68695833e+01
9227            	7.68691536e+01
9228            	7.68697040e+01
9229            	7.68712487e+01
9230            	7.68722888e+01
9231            	7.68730111e+01
9232            	7.68733529e+01
9233            	7.68730045e+01
9234            	7.68719522e+01
9235            	7.68702057e+01
9236            	7.68677822e+01
9237            	7.68647455e+01
9238            	7.68611863e+01
9239            	7.68616138e+01
9240            	7.68631593e+01
9241            	7.68644446e+01
9242            	7.68654201e+01
9243            	7.68660396e+01
9244            	7.68662586e+01
9245            	7.68660421e+01
9246            	7.68653662e+01
9247            	7.68642318e+01
9248            	7.68626444e+01
9249            	7.68606332e+01
9250            	7.68582374e+01
9251            	7.68555238e+01
9252            	7.68525699e+01
9253            	7.68495044e+01
9254            	7.68463887e+01
9255            	7.68433473e+01
9256            	7.68404166e+01
9257            	7.68377054e+01
9258            	7.68352525e+01
9259            	7.68331482e+01
9260            	7.68352763e+01
9261            	7.68380742e+01
9262            	7.68412121e+01
9263            	7.68443254e+01
9264            	7.68473769e+01
9265            	7.68506026e+01
9266            	7.68540237e+01
9267            	7.68572292e+01
9268            	7.68601562e+01
9269            	7.68627398e+01
9270            	7.68649140e+01
9271            	7.68666127e+01
9272            	7.68677809e+01
9273            	7.68683735e+01
9274            	7.68683666e+01
9275            	7.68677532e+01
9276            	7.68665406e+01
9277            	7.68647548e+01
9278            	7.68624577e+01
9279            	7.68597342e+01
9280            	7.68566776e+01
9281            	7.68544741e+01
9282            	7.68544486e+01
9283            	7.68541246e+01
9284            	7.68535043e+01
9285            	7.68525967e+01
9286            	7.68514095e+01
9287            	7.68499925e+01
9288            	7.68483819e+01
9289            	7.68466863e+01
9290            	7.68449736e+01
9291            	7.68433252e+01
9292            	7.68417808e+01
9293            	7.68403946e+01
9294            	7.68402953e+01
9295            	7.68411368e+01
9296            	7.68418727e+01
9297            	7.68424645e+01
9298            	7.68428869e+01
9299            	7.68431127e+01
9300            	7.68431817e+01
9301            	7.68454735e+01
9302            	7.68478489e+01
9303            	7.68502390e+01
9304            	7.68525863e+01
9305            	7.68548477e+01
9306            	7.68569754e+01
9307            	7.68589287e+01
9308            	7.68606632e+01
9309            	7.68621210e+01
9310            	7.68632496e+01
9311            	7.68639998e+01
9312            	7.68643342e+01
9313            	7.68642313e+01
9314            	7.68636847e+01
9315            	7.68627131e+01
9316            	7.68642633e+01
9317            	7.68656042e+01
9318            	7.68666568e+01
9319            	7.68673780e+01
9320            	7.68677197e+01
9321            	7.68676427e+01
9322            	7.68671184e+01
9323            	7.68661313e+01
9324            	7.68646836e+01
9325            	7.68627772e+01
9326            	7.68604435e+01
9327            	7.68577370e+01
9328            	7.68547247e+01
9329            	7.68515008e+01
9330            	7.68481793e+01
9331            	7.68456561e+01
9332            	7.68460137e+01
9333            	7.68473340e+01
9334            	7.68484864e+01
9335            	7.68494447e+01
9336            	7.68501918e+01
9337            	7.68507027e+01
9338            	7.68509525e+01
9339            	7.68509325e+01
9340            	7.68506314e+01
9341            	7.68505510e+01
9342            	7.68534058e+01
9343            	7.68562889e+01
9344            	7.68591534e+01
9345            	7.68619438e+01
9346            	7.68646017e+01
9347            	7.68670794e+01
9348            	7.68693258e+01
9349            	7.68712849e+01
9350            	7.68728964e+01
9351            	7.68740998e+01
9352            	7.68748368e+01
9353            	7.68750584e+01
9354            	7.68747269e+01
9355            	7.68738200e+01
9356            	7.68723274e+01
9357            	7.68702673e+01
9358            	7.68676696e+01
9359            	7.68645804e+01
9360            	7.68649490e+01
9361            	7.68653750e+01
9362            	7.68653641e+01
9363            	7.68648901e+01
9364            	7.68639338e+01
9365            	7.68624961e+01
9366            	7.68605795e+01
9367            	7.68582087e+01
9368            	7.68554340e+01
9369            	7.68523223e+01
9370            	7.68489429e+01
9371            	7.68454045e+01
9372            	7.68447929e+01
9373            	7.68451723e+01
9374            	7.68452569e+01
9375            	7.68450555e+01
9376            	7.68445825e+01
9377            	7.68438525e+01
9378            	7.68429037e+01
9379            	7.68417747e+01
9380            	7.68405092e+01
9381            	7.68394274e+01
9382            	7.68404885e+01
9383            	7.68433450e+01
9384            	7.68462795e+01
9385            	7.68492518e+01
9386            	7.68522015e+01
9387            	7.68550856e+01
9388            	7.68580518e+01
9389            	7.68611658e+01
9390            	7.68640985e+01
9391            	7.68668012e+01
9392            	7.68692270e+01
9393            	7.68713169e+01
9394            	7.68730132e+01
9395            	7.68742562e+01
9396            	7.68749915e+01
9397            	7.68751681e+01
9398            	7.68747489e+01
9399            	7.68737133e+01
9400            	7.68720539e+01
9401            	7.68697833e+01
9402            	7.68669205e+01
9403            	7.68635226e+01
9404            	7.68597613e+01
9405            	7.68601075e+01
9406            	7.68604795e+01
9407            	7.68604086e+01
9408            	7.68598801e+01
9409            	7.68588833e+01
9410            	7.68574119e+01
9411            	7.68554749e+01
9412            	7.68531002e+01
9413            	7.68503229e+01
9414            	7.68478274e+01
9415            	7.68457634e+01
9416            	7.68435469e+01
9417            	7.68412507e+01
9418            	7.68389627e+01
9419            	7.68367429e+01
9420            	7.68346491e+01
9421            	7.68328444e+01
9422            	7.68317712e+01
9423            	7.68309442e+01
9424            	7.68303463e+01
9425            	7.68312039e+01
9426            	7.68343311e+01
9427            	7.68375938e+01
9428            	7.68409040e+01
9429            	7.68441784e+01
9430            	7.68473853e+01
9431            	7.68504774e+01
9432            	7.68534404e+01
9433            	7.68562269e+01
9434            	7.68587997e+01
9435            	7.68611164e+01
9436            	7.68631304e+01
9437            	7.68647988e+01
9438            	7.68660771e+01
9439            	7.68669141e+01
9440            	7.68673334e+01
9441            	7.68691631e+01
9442            	7.68705377e+01
9443            	7.68713980e+01
9444            	7.68717009e+01
9445            	7.68714128e+01
9446            	7.68705179e+01
9447            	7.68690194e+01
9448            	7.68669558e+01
9449            	7.68643643e+01
9450            	7.68613241e+01
9451            	7.68594212e+01
9452            	7.68595370e+01
9453            	7.68591640e+01
9454            	7.68583055e+01
9455            	7.68569586e+01
9456            	7.68551537e+01
9457            	7.68529431e+01
9458            	7.68503936e+01
9459            	7.68475854e+01
9460            	7.68446193e+01
9461            	7.68416231e+01
9462            	7.68386539e+01
9463            	7.68371946e+01
9464            	7.68383305e+01
9465            	7.68394501e+01
9466            	7.68405077e+01
9467            	7.68414649e+01
9468            	7.68422643e+01
9469            	7.68428925e+01
9470            	7.68433655e+01
9471            	7.68455347e+01
9472            	7.68488034e+01
9473            	7.68519943e+01
9474            	7.68550515e+01
9475            	7.68579148e+01
9476            	7.68605292e+01
9477            	7.68628351e+01
9478            	7.68647693e+01
9479            	7.68666128e+01
9480            	7.68692309e+01
9481            	7.68714323e+01
9482            	7.68731447e+01
9483            	7.68743018e+01
9484            	7.68748485e+01
9485            	7.68747442e+01
9486            	7.68739689e+01
9487            	7.68725254e+01
9488            	7.68704379e+01
9489            	7.68677646e+01
9490            	7.68645716e+01
9491            	7.68609422e+01
9492            	7.68569842e+01
9493            	7.68528544e+01
9494            	7.68486813e+01
9495            	7.68446239e+01
9496            	7.68437272e+01
9497            	7.68433158e+01
9498            	7.68428883e+01
9499            	7.68424766e+01
9500            	7.68420754e+01
9501            	7.68416953e+01
9502            	7.68413276e+01
9503            	7.68410267e+01
9504            	7.68413456e+01
9505            	7.68416715e+01
9506            	7.68420110e+01
9507            	7.68423447e+01
9508            	7.68426457e+01
9509            	7.68429062e+01
9510            	7.68441189e+01
9511            	7.68463115e+01
9512            	7.68485370e+01
9513            	7.68507515e+01
9514            	7.68529027e+01
9515            	7.68549402e+01
9516            	7.68568024e+01
9517            	7.68584275e+01
9518            	7.68597574e+01
9519            	7.68619200e+01
9520            	7.68647750e+01
9521            	7.68673335e+01
9522            	7.68695322e+01
9523            	7.68713071e+01
9524            	7.68725918e+01
9525            	7.68733263e+01
9526            	7.68734647e+01
9527            	7.68729754e+01
9528            	7.68718464e+01
9529            	7.68700963e+01
9530            	7.68677469e+01
9531            	7.68648507e+01
9532            	7.68614796e+01
9533            	7.68577140e+01
9534            	7.68536921e+01
9535            	7.68495563e+01
9536            	7.68454068e+01
9537            	7.68443663e+01
9538            	7.68441896e+01
9539            	7.68438141e+01
9540            	7.68432440e+01
9541            	7.68424794e+01
9542            	7.68415138e+01
9543            	7.68403559e+01
9544            	7.68405693e+01
9545            	7.68420742e+01
9546            	7.68436636e+01
9547            	7.68453430e+01
9548            	7.68472879e+01
9549            	7.68492202e+01
9550            	7.68511226e+01
9551            	7.68529886e+01
9552            	7.68548060e+01
9553            	7.68565450e+01
9554            	7.68581738e+01
9555            	7.68596534e+01
9556            	7.68609481e+01
9557            	7.68620218e+01
9558            	7.68628334e+01
9559            	7.68633420e+01
9560            	7.68635051e+01
9561            	7.68632906e+01
9562            	7.68626775e+01
9563            	7.68616559e+01
9564            	7.68602271e+01
9565            	7.68613277e+01
9566            	7.68624300e+01
9567            	7.68630600e+01
9568            	7.68631821e+01
9569            	7.68627683e+01
9570            	7.68618131e+01
9571            	7.68603309e+01
9572            	7.68585465e+01
9573            	7.68564071e+01
9574            	7.68539025e+01
9575            	7.68526696e+01
9576            	7.68536932e+01
9577            	7.68543933e+01
9578            	7.68547308e+01
9579            	7.68546775e+01
9580            	7.68542146e+01
9581            	7.68533235e+01
9582            	7.68523658e+01
9583            	7.68510323e+01
9584            	7.68528718e+01
9585            	7.68549607e+01
9586            	7.68571548e+01
9587            	7.68594510e+01
9588            	7.68618009e+01
9589            	7.68641690e+01
9590            	7.68665102e+01
9591            	7.68687694e+01
9592            	7.68708851e+01
9593            	7.68727891e+01
9594            	7.68744132e+01
9595            	7.68756918e+01
9596            	7.68765584e+01
9597            	7.68769547e+01
9598            	7.68768342e+01
9599            	7.68761670e+01
9600            	7.68749412e+01
9601            	7.68731712e+01
9602            	7.68708803e+01
9603            	7.68681115e+01
9604            	7.68649337e+01
9605            	7.68614505e+01
9606            	7.68584100e+01
9607            	7.68597844e+01
9608            	7.68610793e+01
9609            	7.68620982e+01
9610            	7.68628037e+01
9611            	7.68631606e+01
9612            	7.68631321e+01
9613            	7.68626946e+01
9614            	7.68618343e+01
9615            	7.68605495e+01
9616            	7.68588508e+01
9617            	7.68579370e+01
9618            	7.68577630e+01
9619            	7.68571468e+01
9620            	7.68560973e+01
9621            	7.68546437e+01
9622            	7.68528397e+01
9623            	7.68507641e+01
9624            	7.68485274e+01
9625            	7.68462185e+01
9626            	7.68479959e+01
9627            	7.68512800e+01
9628            	7.68546447e+01
9629            	7.68580585e+01
9630            	7.68614633e+01
9631            	7.68648001e+01
9632            	7.68680185e+01
9633            	7.68710518e+01
9634            	7.68738318e+01
9635            	7.68762854e+01
9636            	7.68783418e+01
9637            	7.68799334e+01
9638            	7.68809968e+01
9639            	7.68814676e+01
9640            	7.68812937e+01
9641            	7.68804375e+01
9642            	7.68790980e+01
9643            	7.68770981e+01
9644            	7.68743984e+01
9645            	7.68710256e+01
9646            	7.68670253e+01
9647            	7.68629282e+01
9648            	7.68628683e+01
9649            	7.68623624e+01
9650            	7.68614066e+01
9651            	7.68606833e+01
9652            	7.68609928e+01
9653            	7.68608879e+01
9654            	7.68603723e+01
9655            	7.68594597e+01
9656            	7.68582818e+01
9657            	7.68571244e+01
9658            	7.68555148e+01
9659            	7.68536169e+01
9660            	7.68516534e+01
9661            	7.68493900e+01
9662            	7.68471437e+01
9663            	7.68454211e+01
9664            	7.68438637e+01
9665            	7.68425471e+01
9666            	7.68415028e+01
9667            	7.68407253e+01
9668            	7.68402203e+01
9669            	7.68400900e+01
9670            	7.68403483e+01
9671            	7.68421715e+01
9672            	7.68441960e+01
9673            	7.68463612e+01
9674            	7.68486210e+01
9675            	7.68509167e+01
9676            	7.68532082e+01
9677            	7.68562829e+01
9678            	7.68593451e+01
9679            	7.68620745e+01
9680            	7.68644234e+01
9681            	7.68663448e+01
9682            	7.68678129e+01
9683            	7.68698189e+01
9684            	7.68714341e+01
9685            	7.68725954e+01
9686            	7.68732497e+01
9687            	7.68733487e+01
9688            	7.68728623e+01
9689            	7.68717779e+01
9690            	7.68701088e+01
9691            	7.68678813e+01
9692            	7.68653194e+01
9693            	7.68635241e+01
9694            	7.68613101e+01
9695            	7.68587239e+01
9696            	7.68579525e+01
9697            	7.68572043e+01
9698            	7.68560807e+01
9699            	7.68546154e+01
9700            	7.68528953e+01
9701            	7.68510089e+01
9702            	7.68490796e+01
9703            	7.68471690e+01
9704            	7.68453108e+01
9705            	7.68435876e+01
9706            	7.68420435e+01
9707            	7.68407102e+01
9708            	7.68396205e+01
9709            	7.68388170e+01
9710            	7.68382620e+01
9711            	7.68392158e+01
9712            	7.68415943e+01
9713            	7.68442045e+01
9714            	7.68469482e+01
9715            	7.68497722e+01
9716            	7.68526275e+01
9717            	7.68554727e+01
9718            	7.68582763e+01
9719            	7.68609913e+01
9720            	7.68635755e+01
9721            	7.68659764e+01
9722            	7.68681415e+01
9723            	7.68700187e+01
9724            	7.68715570e+01
9725            	7.68727067e+01
9726            	7.68734175e+01
9727            	7.68736389e+01
9728            	7.68733309e+01
9729            	7.68725322e+01
9730            	7.68715918e+01
9731            	7.68700397e+01
9732            	7.68697671e+01
9733            	7.68700521e+01
9734            	7.68697852e+01
9735            	7.68689457e+01
9736            	7.68675341e+01
9737            	7.68655738e+01
9738            	7.68631058e+01
9739            	7.68601938e+01
9740            	7.68569219e+01
9741            	7.68533992e+01
9742            	7.68497785e+01
9743            	7.68461556e+01
9744            	7.68427374e+01
9745            	7.68427665e+01
9746            	7.68431077e+01
9747            	7.68436791e+01
9748            	7.68444786e+01
9749            	7.68455110e+01
9750            	7.68467503e+01
9751            	7.68481716e+01
9752            	7.68497247e+01
9753            	7.68513774e+01
9754            	7.68530971e+01
9755            	7.68548708e+01
9756            	7.68566705e+01
9757            	7.68584677e+01
9758            	7.68602167e+01
9759            	7.68618782e+01
9760            	7.68634068e+01
9761            	7.68647598e+01
9762            	7.68658917e+01
9763            	7.68667565e+01
9764            	7.68673128e+01
9765            	7.68675154e+01
9766            	7.68673259e+01
9767            	7.68667228e+01
9768            	7.68656992e+01
9769            	7.68667243e+01
9770            	7.68675097e+01
9771            	7.68677521e+01
9772            	7.68676692e+01
9773            	7.68683360e+01
9774            	7.68685111e+01
9775            	7.68681560e+01
9776            	7.68672471e+01
9777            	7.68657782e+01
9778            	7.68637654e+01
9779            	7.68612364e+01
9780            	7.68582338e+01
9781            	7.68553358e+01
9782            	7.68521558e+01
9783            	7.68487729e+01
9784            	7.68453108e+01
9785            	7.68418557e+01
9786            	7.68409047e+01
9787            	7.68419425e+01
9788            	7.68428315e+01
9789            	7.68435420e+01
9790            	7.68440719e+01
9791            	7.68444322e+01
9792            	7.68446206e+01
9793            	7.68446400e+01
9794            	7.68444945e+01
9795            	7.68442031e+01
9796            	7.68459918e+01
9797            	7.68479941e+01
9798            	7.68500294e+01
9799            	7.68520480e+01
9800            	7.68540137e+01
9801            	7.68558937e+01
9802            	7.68576525e+01
9803            	7.68592441e+01
9804            	7.68606238e+01
9805            	7.68617471e+01
9806            	7.68625716e+01
9807            	7.68630548e+01
9808            	7.68631594e+01
9809            	7.68628590e+01
9810            	7.68621403e+01
9811            	7.68632928e+01
9812            	7.68647970e+01
9813            	7.68658876e+01
9814            	7.68665297e+01
9815            	7.68667005e+01
9816            	7.68663876e+01
9817            	7.68656060e+01
9818            	7.68643782e+01
9819            	7.68627423e+01
9820            	7.68613860e+01
9821            	7.68599643e+01
9822            	7.68581331e+01
9823            	7.68560193e+01
9824            	7.68537182e+01
9825            	7.68512552e+01
9826            	7.68487245e+01
9827            	7.68464122e+01
9828            	7.68450486e+01
9829            	7.68439381e+01
9830            	7.68430935e+01
9831            	7.68433954e+01
9832            	7.68452794e+01
9833            	7.68472485e+01
9834            	7.68492680e+01
9835            	7.68513342e+01
9836            	7.68534344e+01
9837            	7.68555340e+01
9838            	7.68575967e+01
9839            	7.68595930e+01
9840            	7.68614935e+01
9841            	7.68632554e+01
9842            	7.68648427e+01
9843            	7.68662132e+01
9844            	7.68673258e+01
9845            	7.68681400e+01
9846            	7.68686149e+01
9847            	7.68687112e+01
9848            	7.68684003e+01
9849            	7.68676615e+01
9850            	7.68664910e+01
9851            	7.68648903e+01
9852            	7.68628931e+01
9853            	7.68605346e+01
9854            	7.68598165e+01
9855            	7.68614007e+01
9856            	7.68627152e+01
9857            	7.68637128e+01
9858            	7.68643471e+01
9859            	7.68645814e+01
9860            	7.68644327e+01
9861            	7.68639835e+01
9862            	7.68631382e+01
9863            	7.68619125e+01
9864            	7.68603408e+01
9865            	7.68584609e+01
9866            	7.68563554e+01
9867            	7.68541429e+01
9868            	7.68518978e+01
9869            	7.68496921e+01
9870            	7.68475855e+01
9871            	7.68457045e+01
9872            	7.68455137e+01
9873            	7.68471570e+01
9874            	7.68487822e+01
9875            	7.68503643e+01
9876            	7.68518551e+01
9877            	7.68532199e+01
9878            	7.68544276e+01
9879            	7.68554435e+01
9880            	7.68562382e+01
9881            	7.68571783e+01
9882            	7.68581739e+01
9883            	7.68589823e+01
9884            	7.68595646e+01
9885            	7.68598968e+01
9886            	7.68599586e+01
9887            	7.68613331e+01
9888            	7.68631692e+01
9889            	7.68647629e+01
9890            	7.68660568e+01
9891            	7.68669921e+01
9892            	7.68675188e+01
9893            	7.68675907e+01
9894            	7.68671766e+01
9895            	7.68662599e+01
9896            	7.68648394e+01
9897            	7.68654962e+01
9898            	7.68663851e+01
9899            	7.68671108e+01
9900            	7.68674393e+01
9901            	7.68673394e+01
9902            	7.68667950e+01
9903            	7.68658034e+01
9904            	7.68643741e+01
9905            	7.68625267e+01
9906            	7.68603022e+01
9907            	7.68577802e+01
9908            	7.68550536e+01
9909            	7.68522472e+01
9910            	7.68494278e+01
9911            	7.68507796e+01
9912            	7.68522001e+01
9913            	7.68534216e+01
9914            	7.68543997e+01
9915            	7.68550884e+01
9916            	7.68554514e+01
9917            	7.68554617e+01
9918            	7.68551056e+01
9919            	7.68543854e+01
9920            	7.68533155e+01
9921            	7.68519293e+01
9922            	7.68506676e+01
9923            	7.68520717e+01
9924            	7.68532615e+01
9925            	7.68542381e+01
9926            	7.68549795e+01
9927            	7.68572605e+01
9928            	7.68593781e+01
9929            	7.68612696e+01
9930            	7.68628840e+01
9931            	7.68641681e+01
9932            	7.68650745e+01
9933            	7.68655500e+01
9934            	7.68655541e+01
9935            	7.68650587e+01
9936            	7.68640516e+01
9937            	7.68625431e+01
9938            	7.68605353e+01
9939            	7.68595520e+01
9940            	7.68605096e+01
9941            	7.68611263e+01
9942            	7.68613637e+01
9943            	7.68611922e+01
9944            	7.68606015e+01
9945            	7.68595871e+01
9946            	7.68581637e+01
9947            	7.68563571e+01
9948            	7.68542346e+01
9949            	7.68518520e+01
9950            	7.68512346e+01
9951            	7.68512551e+01
9952            	7.68509597e+01
9953            	7.68503409e+01
9954            	7.68494035e+01
9955            	7.68481651e+01
9956            	7.68483586e+01
9957            	7.68494123e+01
9958            	7.68504550e+01
9959            	7.68514765e+01
9960            	7.68525469e+01
9961            	7.68536174e+01
9962            	7.68546310e+01
9963            	7.68555638e+01
9964            	7.68563980e+01
9965            	7.68571019e+01
9966            	7.68576458e+01
9967            	7.68579948e+01
9968            	7.68581128e+01
9969            	7.68579693e+01
9970            	7.68584868e+01
9971            	7.68604492e+01
9972            	7.68621152e+01
9973            	7.68634607e+01
9974            	7.68643927e+01
9975            	7.68648336e+01
9976            	7.68647448e+01
9977            	7.68641926e+01
9978            	7.68631434e+01
9979            	7.68615952e+01
9980            	7.68620985e+01
9981            	7.68629319e+01
9982            	7.68633934e+01
9983            	7.68634464e+01
9984            	7.68630646e+01
9985            	7.68622408e+01
9986            	7.68609849e+01
9987            	7.68593185e+01
9988            	7.68572818e+01
9989            	7.68549413e+01
9990            	7.68523829e+01
9991            	7.68497324e+01
9992            	7.68470769e+01
9993            	7.68444881e+01
9994            	7.68437677e+01
9995            	7.68459276e+01
9996            	7.68482657e+01
9997            	7.68506760e+01
9998            	7.68530602e+01
9999            	7.68554006e+01
10000           	7.68576739e+01
