# Region type : patch heatedWall
# Faces         : 16200
# Area          : 1.50000000e-02
# Scale factor  : 1.00000000e+00
# Time          	areaAverage(T)
6001            	6.68904642e+01
6002            	6.64423278e+01
6003            	6.63534072e+01
6004            	6.62853956e+01
6005            	6.62316983e+01
6006            	6.61874016e+01
6007            	6.61497932e+01
6008            	6.61172314e+01
6009            	6.60886356e+01
6010            	6.60632288e+01
6011            	6.60404563e+01
6012            	6.60199065e+01
6013            	6.60012410e+01
6014            	6.59842012e+01
6015            	6.59685872e+01
6016            	6.59542147e+01
6017            	6.59409445e+01
6018            	6.59286647e+01
6019            	6.59172643e+01
6020            	6.59066590e+01
6021            	6.58967813e+01
6022            	6.58875562e+01
6023            	6.58789282e+01
6024            	6.58708572e+01
6025            	6.58632878e+01
6026            	6.58561829e+01
6027            	6.58495174e+01
6028            	6.58432483e+01
6029            	6.58373489e+01
6030            	6.58318040e+01
6031            	6.58265781e+01
6032            	6.58216527e+01
6033            	6.58170180e+01
6034            	6.58126439e+01
6035            	6.58085172e+01
6036            	6.58046320e+01
6037            	6.58009624e+01
6038            	6.57974976e+01
6039            	6.57942367e+01
6040            	6.57911556e+01
6041            	6.57882464e+01
6042            	6.57855104e+01
6043            	6.57829251e+01
6044            	6.57804860e+01
6045            	6.57781954e+01
6046            	6.57760328e+01
6047            	6.57739949e+01
6048            	6.57720852e+01
6049            	6.57702853e+01
6050            	6.57685938e+01
6051            	6.57670148e+01
6052            	6.57655304e+01
6053            	6.57641401e+01
6054            	6.57628494e+01
6055            	6.57616407e+01
6056            	6.57605147e+01
6057            	6.57594779e+01
6058            	6.57585127e+01
6059            	6.57576207e+01
6060            	6.57568076e+01
6061            	6.57560578e+01
6062            	6.57553725e+01
6063            	6.57547585e+01
6064            	6.57541990e+01
6065            	6.57536969e+01
6066            	6.57532579e+01
6067            	6.57528666e+01
6068            	6.57525257e+01
6069            	6.57522419e+01
6070            	6.57519992e+01
6071            	6.57518015e+01
6072            	6.57516550e+01
6073            	6.57515447e+01
6074            	6.57514746e+01
6075            	6.57514508e+01
6076            	6.57514585e+01
6077            	6.57515017e+01
6078            	6.57515880e+01
6079            	6.57517014e+01
6080            	6.57518469e+01
6081            	6.57520313e+01
6082            	6.57522398e+01
6083            	6.57524774e+01
6084            	6.57527509e+01
6085            	6.57530451e+01
6086            	6.57533652e+01
6087            	6.57537181e+01
6088            	6.57540891e+01
6089            	6.57544835e+01
6090            	6.57549086e+01
6091            	6.57553494e+01
6092            	6.57558116e+01
6093            	6.57563021e+01
6094            	6.57568064e+01
6095            	6.57573301e+01
6096            	6.57578807e+01
6097            	6.57584430e+01
6098            	6.57590228e+01
6099            	6.57596270e+01
6100            	6.57602413e+01
6101            	6.57608716e+01
6102            	6.57615249e+01
6103            	6.57621861e+01
6104            	6.57628621e+01
6105            	6.57635595e+01
6106            	6.57642636e+01
6107            	6.57649807e+01
6108            	6.57657185e+01
6109            	6.57664618e+01
6110            	6.57672166e+01
6111            	6.57679903e+01
6112            	6.57687691e+01
6113            	6.57695580e+01
6114            	6.57703649e+01
6115            	6.57711754e+01
6116            	6.57719954e+01
6117            	6.57728318e+01
6118            	6.57736708e+01
6119            	6.57745185e+01
6120            	6.57753825e+01
6121            	6.57762484e+01
6122            	6.57771219e+01
6123            	6.57780111e+01
6124            	6.57789017e+01
6125            	6.57797990e+01
6126            	6.57807112e+01
6127            	6.57816235e+01
6128            	6.57825416e+01
6129            	6.57834739e+01
6130            	6.57844055e+01
6131            	6.57853427e+01
6132            	6.57862931e+01
6133            	6.57872418e+01
6134            	6.57881955e+01
6135            	6.57891621e+01
6136            	6.57901265e+01
6137            	6.57910955e+01
6138            	6.57920762e+01
6139            	6.57930551e+01
6140            	6.57940376e+01
6141            	6.57950315e+01
6142            	6.57960227e+01
6143            	6.57970172e+01
6144            	6.57980226e+01
6145            	6.57990244e+01
6146            	6.58000292e+01
6147            	6.58010445e+01
6148            	6.58020551e+01
6149            	6.58030680e+01
6150            	6.58040914e+01
6151            	6.58051098e+01
6152            	6.58061301e+01
6153            	6.58071598e+01
6154            	6.58081850e+01
6155            	6.58092114e+01
6156            	6.58102470e+01
6157            	6.58112771e+01
6158            	6.58123084e+01
6159            	6.58133486e+01
6160            	6.58143825e+01
6161            	6.58154175e+01
6162            	6.58164613e+01
6163            	6.58174988e+01
6164            	6.58185366e+01
6165            	6.58195835e+01
6166            	6.58206234e+01
6167            	6.58216636e+01
6168            	6.58227121e+01
6169            	6.58237540e+01
6170            	6.58247957e+01
6171            	6.58258454e+01
6172            	6.58268884e+01
6173            	6.58279316e+01
6174            	6.58289819e+01
6175            	6.58300255e+01
6176            	6.58310686e+01
6177            	6.58321190e+01
6178            	6.58331621e+01
6179            	6.58342048e+01
6180            	6.58352538e+01
6181            	6.58362963e+01
6182            	6.58373372e+01
6183            	6.58383853e+01
6184            	6.58394251e+01
6185            	6.58404641e+01
6186            	6.58415095e+01
6187            	6.58425475e+01
6188            	6.58435837e+01
6189            	6.58446258e+01
6190            	6.58456603e+01
6191            	6.58466938e+01
6192            	6.58477327e+01
6193            	6.58487638e+01
6194            	6.58497940e+01
6195            	6.58508297e+01
6196            	6.58518570e+01
6197            	6.58528824e+01
6198            	6.58539141e+01
6199            	6.58549370e+01
6200            	6.58559580e+01
6201            	6.58569850e+01
6202            	6.58580032e+01
6203            	6.58590190e+01
6204            	6.58600399e+01
6205            	6.58610522e+01
6206            	6.58620625e+01
6207            	6.58630784e+01
6208            	6.58640849e+01
6209            	6.58650895e+01
6210            	6.58660987e+01
6211            	6.58670990e+01
6212            	6.58680966e+01
6213            	6.58691000e+01
6214            	6.58700933e+01
6215            	6.58710835e+01
6216            	6.58720786e+01
6217            	6.58730639e+01
6218            	6.58740465e+01
6219            	6.58750333e+01
6220            	6.58760101e+01
6221            	6.58769832e+01
6222            	6.58779604e+01
6223            	6.58789273e+01
6224            	6.58798907e+01
6225            	6.58808577e+01
6226            	6.58818144e+01
6227            	6.58827679e+01
6228            	6.58837259e+01
6229            	6.58846732e+01
6230            	6.58856170e+01
6231            	6.58865655e+01
6232            	6.58875039e+01
6233            	6.58884397e+01
6234            	6.58893800e+01
6235            	6.58903111e+01
6236            	6.58912390e+01
6237            	6.58921721e+01
6238            	6.58930952e+01
6239            	6.58940160e+01
6240            	6.58949412e+01
6241            	6.58958566e+01
6242            	6.58967692e+01
6243            	6.58976863e+01
6244            	6.58985934e+01
6245            	6.58994975e+01
6246            	6.59004054e+01
6247            	6.59013038e+01
6248            	6.59021981e+01
6249            	6.59030964e+01
6250            	6.59039843e+01
6251            	6.59048679e+01
6252            	6.59057547e+01
6253            	6.59066303e+01
6254            	6.59075016e+01
6255            	6.59083760e+01
6256            	6.59092389e+01
6257            	6.59100970e+01
6258            	6.59109572e+01
6259            	6.59118061e+01
6260            	6.59126495e+01
6261            	6.59134953e+01
6262            	6.59143289e+01
6263            	6.59151574e+01
6264            	6.59159879e+01
6265            	6.59168058e+01
6266            	6.59176178e+01
6267            	6.59184320e+01
6268            	6.59192340e+01
6269            	6.59200307e+01
6270            	6.59208293e+01
6271            	6.59216159e+01
6272            	6.59223974e+01
6273            	6.59231814e+01
6274            	6.59239534e+01
6275            	6.59247205e+01
6276            	6.59254901e+01
6277            	6.59262490e+01
6278            	6.59270031e+01
6279            	6.59277603e+01
6280            	6.59285067e+01
6281            	6.59292487e+01
6282            	6.59299940e+01
6283            	6.59307289e+01
6284            	6.59314597e+01
6285            	6.59321937e+01
6286            	6.59329174e+01
6287            	6.59336369e+01
6288            	6.59343598e+01
6289            	6.59350724e+01
6290            	6.59357809e+01
6291            	6.59364918e+01
6292            	6.59371920e+01
6293            	6.59378873e+01
6294            	6.59385860e+01
6295            	6.59392733e+01
6296            	6.59399557e+01
6297            	6.59406411e+01
6298            	6.59413142e+01
6299            	6.59419816e+01
6300            	6.59426515e+01
6301            	6.59433097e+01
6302            	6.59439618e+01
6303            	6.59446156e+01
6304            	6.59452576e+01
6305            	6.59458928e+01
6306            	6.59465300e+01
6307            	6.59471554e+01
6308            	6.59477743e+01
6309            	6.59483954e+01
6310            	6.59490041e+01
6311            	6.59496074e+01
6312            	6.59502132e+01
6313            	6.59508072e+01
6314            	6.59513958e+01
6315            	6.59519872e+01
6316            	6.59525678e+01
6317            	6.59531429e+01
6318            	6.59537215e+01
6319            	6.59542895e+01
6320            	6.59548532e+01
6321            	6.59554206e+01
6322            	6.59559779e+01
6323            	6.59565310e+01
6324            	6.59570890e+01
6325            	6.59576355e+01
6326            	6.59581789e+01
6327            	6.59587263e+01
6328            	6.59592639e+01
6329            	6.59597970e+01
6330            	6.59603344e+01
6331            	6.59608611e+01
6332            	6.59613843e+01
6333            	6.59619105e+01
6334            	6.59624267e+01
6335            	6.59629381e+01
6336            	6.59634534e+01
6337            	6.59639581e+01
6338            	6.59644587e+01
6339            	6.59649627e+01
6340            	6.59654559e+01
6341            	6.59659438e+01
6342            	6.59664355e+01
6343            	6.59669162e+01
6344            	6.59673922e+01
6345            	6.59678716e+01
6346            	6.59683400e+01
6347            	6.59688036e+01
6348            	6.59692711e+01
6349            	6.59697279e+01
6350            	6.59701795e+01
6351            	6.59706353e+01
6352            	6.59710804e+01
6353            	6.59715211e+01
6354            	6.59719655e+01
6355            	6.59723998e+01
6356            	6.59728298e+01
6357            	6.59732639e+01
6358            	6.59736883e+01
6359            	6.59741086e+01
6360            	6.59745339e+01
6361            	6.59749497e+01
6362            	6.59753622e+01
6363            	6.59757794e+01
6364            	6.59761874e+01
6365            	6.59765919e+01
6366            	6.59770022e+01
6367            	6.59774029e+01
6368            	6.59778003e+01
6369            	6.59782031e+01
6370            	6.59785963e+01
6371            	6.59789859e+01
6372            	6.59793811e+01
6373            	6.59797664e+01
6374            	6.59801480e+01
6375            	6.59805342e+01
6376            	6.59809104e+01
6377            	6.59812825e+01
6378            	6.59816594e+01
6379            	6.59820266e+01
6380            	6.59823895e+01
6381            	6.59827573e+01
6382            	6.59831152e+01
6383            	6.59834687e+01
6384            	6.59838273e+01
6385            	6.59841762e+01
6386            	6.59845210e+01
6387            	6.59848707e+01
6388            	6.59852105e+01
6389            	6.59855471e+01
6390            	6.59858883e+01
6391            	6.59862199e+01
6392            	6.59865482e+01
6393            	6.59868818e+01
6394            	6.59872063e+01
6395            	6.59875277e+01
6396            	6.59878545e+01
6397            	6.59881729e+01
6398            	6.59884884e+01
6399            	6.59888096e+01
6400            	6.59891223e+01
6401            	6.59894330e+01
6402            	6.59897501e+01
6403            	6.59900586e+01
6404            	6.59903645e+01
6405            	6.59906768e+01
6406            	6.59909808e+01
6407            	6.59912826e+01
6408            	6.59915905e+01
6409            	6.59918895e+01
6410            	6.59921858e+01
6411            	6.59924881e+01
6412            	6.59927817e+01
6413            	6.59930716e+01
6414            	6.59933675e+01
6415            	6.59936541e+01
6416            	6.59939368e+01
6417            	6.59942249e+01
6418            	6.59945038e+01
6419            	6.59947787e+01
6420            	6.59950586e+01
6421            	6.59953292e+01
6422            	6.59955963e+01
6423            	6.59958686e+01
6424            	6.59961316e+01
6425            	6.59963915e+01
6426            	6.59966572e+01
6427            	6.59969139e+01
6428            	6.59971671e+01
6429            	6.59974261e+01
6430            	6.59976761e+01
6431            	6.59979230e+01
6432            	6.59981757e+01
6433            	6.59984196e+01
6434            	6.59986601e+01
6435            	6.59989068e+01
6436            	6.59991446e+01
6437            	6.59993794e+01
6438            	6.59996199e+01
6439            	6.59998518e+01
6440            	6.60000810e+01
6441            	6.60003163e+01
6442            	6.60005430e+01
6443            	6.60007673e+01
6444            	6.60009979e+01
6445            	6.60012205e+01
6446            	6.60014404e+01
6447            	6.60016669e+01
6448            	6.60018856e+01
6449            	6.60021020e+01
6450            	6.60023256e+01
6451            	6.60025412e+01
6452            	6.60027551e+01
6453            	6.60029764e+01
6454            	6.60031908e+01
6455            	6.60034041e+01
6456            	6.60036249e+01
6457            	6.60038391e+01
6458            	6.60040532e+01
6459            	6.60042753e+01
6460            	6.60044909e+01
6461            	6.60047064e+01
6462            	6.60049302e+01
6463            	6.60051472e+01
6464            	6.60053639e+01
6465            	6.60055882e+01
6466            	6.60058054e+01
6467            	6.60060214e+01
6468            	6.60062443e+01
6469            	6.60064587e+01
6470            	6.60066700e+01
6471            	6.60068879e+01
6472            	6.60070957e+01
6473            	6.60072996e+01
6474            	6.60075078e+01
6475            	6.60077052e+01
6476            	6.60078979e+01
6477            	6.60080942e+01
6478            	6.60082794e+01
6479            	6.60084591e+01
6480            	6.60086426e+01
6481            	6.60088150e+01
6482            	6.60089823e+01
6483            	6.60091529e+01
6484            	6.60093138e+01
6485            	6.60094700e+01
6486            	6.60096308e+01
6487            	6.60097815e+01
6488            	6.60099285e+01
6489            	6.60100811e+01
6490            	6.60102257e+01
6491            	6.60103677e+01
6492            	6.60105166e+01
6493            	6.60106582e+01
6494            	6.60107991e+01
6495            	6.60109485e+01
6496            	6.60110921e+01
6497            	6.60112361e+01
6498            	6.60113902e+01
6499            	6.60115402e+01
6500            	6.60116922e+01
6501            	6.60118552e+01
6502            	6.60120148e+01
6503            	6.60121765e+01
6504            	6.60123494e+01
6505            	6.60125188e+01
6506            	6.60126898e+01
6507            	6.60128709e+01
6508            	6.60130470e+01
6509            	6.60132230e+01
6510            	6.60134074e+01
6511            	6.60135855e+01
6512            	6.60137614e+01
6513            	6.60139421e+01
6514            	6.60141134e+01
6515            	6.60142814e+01
6516            	6.60144535e+01
6517            	6.60146127e+01
6518            	6.60147657e+01
6519            	6.60149219e+01
6520            	6.60150656e+01
6521            	6.60152022e+01
6522            	6.60153412e+01
6523            	6.60154679e+01
6524            	6.60155885e+01
6525            	6.60157120e+01
6526            	6.60158245e+01
6527            	6.60159313e+01
6528            	6.60160421e+01
6529            	6.60161427e+01
6530            	6.60162394e+01
6531            	6.60163415e+01
6532            	6.60164348e+01
6533            	6.60165260e+01
6534            	6.60166243e+01
6535            	6.60167160e+01
6536            	6.60168075e+01
6537            	6.60169081e+01
6538            	6.60170042e+01
6539            	6.60171020e+01
6540            	6.60172106e+01
6541            	6.60173161e+01
6542            	6.60174244e+01
6543            	6.60175447e+01
6544            	6.60176629e+01
6545            	6.60177843e+01
6546            	6.60179178e+01
6547            	6.60180483e+01
6548            	6.60181818e+01
6549            	6.60183254e+01
6550            	6.60184646e+01
6551            	6.60186034e+01
6552            	6.60187510e+01
6553            	6.60188908e+01
6554            	6.60190289e+01
6555            	6.60191723e+01
6556            	6.60193068e+01
6557            	6.60194368e+01
6558            	6.60195706e+01
6559            	6.60196938e+01
6560            	6.60198123e+01
6561            	6.60199350e+01
6562            	6.60200464e+01
6563            	6.60201532e+01
6564            	6.60202644e+01
6565            	6.60203659e+01
6566            	6.60204633e+01
6567            	6.60205658e+01
6568            	6.60206591e+01
6569            	6.60207497e+01
6570            	6.60208468e+01
6571            	6.60209359e+01
6572            	6.60210234e+01
6573            	6.60211181e+01
6574            	6.60212063e+01
6575            	6.60212936e+01
6576            	6.60213893e+01
6577            	6.60214789e+01
6578            	6.60215687e+01
6579            	6.60216672e+01
6580            	6.60217600e+01
6581            	6.60218529e+01
6582            	6.60219549e+01
6583            	6.60220505e+01
6584            	6.60221452e+01
6585            	6.60222483e+01
6586            	6.60223445e+01
6587            	6.60224392e+01
6588            	6.60225412e+01
6589            	6.60226355e+01
6590            	6.60227276e+01
6591            	6.60228260e+01
6592            	6.60229161e+01
6593            	6.60230032e+01
6594            	6.60230967e+01
6595            	6.60231814e+01
6596            	6.60232631e+01
6597            	6.60233512e+01
6598            	6.60234312e+01
6599            	6.60235091e+01
6600            	6.60235936e+01
6601            	6.60236700e+01
6602            	6.60237449e+01
6603            	6.60238275e+01
6604            	6.60239034e+01
6605            	6.60239781e+01
6606            	6.60240612e+01
6607            	6.60241377e+01
6608            	6.60242143e+01
6609            	6.60242993e+01
6610            	6.60243788e+01
6611            	6.60244581e+01
6612            	6.60245465e+01
6613            	6.60246290e+01
6614            	6.60247112e+01
6615            	6.60248021e+01
6616            	6.60248867e+01
6617            	6.60249709e+01
6618            	6.60250637e+01
6619            	6.60251494e+01
6620            	6.60252344e+01
6621            	6.60253273e+01
6622            	6.60254127e+01
6623            	6.60254968e+01
6624            	6.60255883e+01
6625            	6.60256724e+01
6626            	6.60257542e+01
6627            	6.60258434e+01
6628            	6.60259253e+01
6629            	6.60260047e+01
6630            	6.60260909e+01
6631            	6.60261692e+01
6632            	6.60262451e+01
6633            	6.60263273e+01
6634            	6.60264006e+01
6635            	6.60264710e+01
6636            	6.60265474e+01
6637            	6.60266144e+01
6638            	6.60266772e+01
6639            	6.60267455e+01
6640            	6.60268038e+01
6641            	6.60268582e+01
6642            	6.60269176e+01
6643            	6.60269666e+01
6644            	6.60270115e+01
6645            	6.60270618e+01
6646            	6.60271023e+01
6647            	6.60271388e+01
6648            	6.60271807e+01
6649            	6.60272138e+01
6650            	6.60272435e+01
6651            	6.60272794e+01
6652            	6.60273074e+01
6653            	6.60273334e+01
6654            	6.60273667e+01
6655            	6.60273933e+01
6656            	6.60274192e+01
6657            	6.60274543e+01
6658            	6.60274841e+01
6659            	6.60275154e+01
6660            	6.60275572e+01
6661            	6.60275955e+01
6662            	6.60276369e+01
6663            	6.60276902e+01
6664            	6.60277413e+01
6665            	6.60277964e+01
6666            	6.60278641e+01
6667            	6.60279301e+01
6668            	6.60279993e+01
6669            	6.60280805e+01
6670            	6.60281585e+01
6671            	6.60282378e+01
6672            	6.60283273e+01
6673            	6.60284113e+01
6674            	6.60284947e+01
6675            	6.60285868e+01
6676            	6.60286697e+01
6677            	6.60287498e+01
6678            	6.60288357e+01
6679            	6.60289117e+01
6680            	6.60289811e+01
6681            	6.60290538e+01
6682            	6.60291145e+01
6683            	6.60291687e+01
6684            	6.60292250e+01
6685            	6.60292684e+01
6686            	6.60293055e+01
6687            	6.60293450e+01
6688            	6.60293730e+01
6689            	6.60293954e+01
6690            	6.60294215e+01
6691            	6.60294372e+01
6692            	6.60294485e+01
6693            	6.60294652e+01
6694            	6.60294733e+01
6695            	6.60294790e+01
6696            	6.60294919e+01
6697            	6.60294983e+01
6698            	6.60295044e+01
6699            	6.60295209e+01
6700            	6.60295337e+01
6701            	6.60295495e+01
6702            	6.60295777e+01
6703            	6.60296048e+01
6704            	6.60296370e+01
6705            	6.60296837e+01
6706            	6.60297305e+01
6707            	6.60297839e+01
6708            	6.60298521e+01
6709            	6.60299204e+01
6710            	6.60299947e+01
6711            	6.60300820e+01
6712            	6.60301670e+01
6713            	6.60302549e+01
6714            	6.60303533e+01
6715            	6.60304461e+01
6716            	6.60305392e+01
6717            	6.60306399e+01
6718            	6.60307310e+01
6719            	6.60308178e+01
6720            	6.60309091e+01
6721            	6.60309892e+01
6722            	6.60310630e+01
6723            	6.60311386e+01
6724            	6.60311999e+01
6725            	6.60312528e+01
6726            	6.60313075e+01
6727            	6.60313479e+01
6728            	6.60313800e+01
6729            	6.60314128e+01
6730            	6.60314326e+01
6731            	6.60314454e+01
6732            	6.60314609e+01
6733            	6.60314644e+01
6734            	6.60314623e+01
6735            	6.60314645e+01
6736            	6.60314569e+01
6737            	6.60314457e+01
6738            	6.60314405e+01
6739            	6.60314279e+01
6740            	6.60314144e+01
6741            	6.60314102e+01
6742            	6.60314016e+01
6743            	6.60313955e+01
6744            	6.60314015e+01
6745            	6.60314056e+01
6746            	6.60314145e+01
6747            	6.60314375e+01
6748            	6.60314601e+01
6749            	6.60314885e+01
6750            	6.60315324e+01
6751            	6.60315769e+01
6752            	6.60316275e+01
6753            	6.60316922e+01
6754            	6.60317554e+01
6755            	6.60318218e+01
6756            	6.60318996e+01
6757            	6.60319725e+01
6758            	6.60320450e+01
6759            	6.60321255e+01
6760            	6.60321982e+01
6761            	6.60322680e+01
6762            	6.60323430e+01
6763            	6.60324074e+01
6764            	6.60324672e+01
6765            	6.60325300e+01
6766            	6.60325818e+01
6767            	6.60326281e+01
6768            	6.60326787e+01
6769            	6.60327183e+01
6770            	6.60327534e+01
6771            	6.60327935e+01
6772            	6.60328246e+01
6773            	6.60328525e+01
6774            	6.60328872e+01
6775            	6.60329141e+01
6776            	6.60329399e+01
6777            	6.60329743e+01
6778            	6.60330039e+01
6779            	6.60330346e+01
6780            	6.60330762e+01
6781            	6.60331147e+01
6782            	6.60331562e+01
6783            	6.60332100e+01
6784            	6.60332615e+01
6785            	6.60333164e+01
6786            	6.60333841e+01
6787            	6.60334494e+01
6788            	6.60335171e+01
6789            	6.60335954e+01
6790            	6.60336700e+01
6791            	6.60337448e+01
6792            	6.60338275e+01
6793            	6.60339031e+01
6794            	6.60339754e+01
6795            	6.60340527e+01
6796            	6.60341211e+01
6797            	6.60341845e+01
6798            	6.60342513e+01
6799            	6.60343061e+01
6800            	6.60343525e+01
6801            	6.60343999e+01
6802            	6.60344323e+01
6803            	6.60344553e+01
6804            	6.60344768e+01
6805            	6.60344835e+01
6806            	6.60344805e+01
6807            	6.60344758e+01
6808            	6.60344559e+01
6809            	6.60344254e+01
6810            	6.60343948e+01
6811            	6.60343494e+01
6812            	6.60342957e+01
6813            	6.60342424e+01
6814            	6.60341760e+01
6815            	6.60341027e+01
6816            	6.60340318e+01
6817            	6.60339495e+01
6818            	6.60338626e+01
6819            	6.60337805e+01
6820            	6.60336902e+01
6821            	6.60335982e+01
6822            	6.60335151e+01
6823            	6.60334274e+01
6824            	6.60333423e+01
6825            	6.60332705e+01
6826            	6.60331984e+01
6827            	6.60331332e+01
6828            	6.60330856e+01
6829            	6.60330422e+01
6830            	6.60330097e+01
6831            	6.60329978e+01
6832            	6.60329928e+01
6833            	6.60330007e+01
6834            	6.60330320e+01
6835            	6.60330719e+01
6836            	6.60331259e+01
6837            	6.60332007e+01
6838            	6.60332820e+01
6839            	6.60333725e+01
6840            	6.60334804e+01
6841            	6.60335874e+01
6842            	6.60337003e+01
6843            	6.60338260e+01
6844            	6.60339467e+01
6845            	6.60340671e+01
6846            	6.60341957e+01
6847            	6.60343145e+01
6848            	6.60344297e+01
6849            	6.60345478e+01
6850            	6.60346531e+01
6851            	6.60347498e+01
6852            	6.60348463e+01
6853            	6.60349271e+01
6854            	6.60349961e+01
6855            	6.60350626e+01
6856            	6.60351116e+01
6857            	6.60351498e+01
6858            	6.60351838e+01
6859            	6.60352001e+01
6860            	6.60352044e+01
6861            	6.60352057e+01
6862            	6.60351894e+01
6863            	6.60351619e+01
6864            	6.60351320e+01
6865            	6.60350857e+01
6866            	6.60350286e+01
6867            	6.60349703e+01
6868            	6.60348971e+01
6869            	6.60348153e+01
6870            	6.60347347e+01
6871            	6.60346412e+01
6872            	6.60345417e+01
6873            	6.60344467e+01
6874            	6.60343422e+01
6875            	6.60342352e+01
6876            	6.60341364e+01
6877            	6.60340325e+01
6878            	6.60339314e+01
6879            	6.60338431e+01
6880            	6.60337552e+01
6881            	6.60336746e+01
6882            	6.60336120e+01
6883            	6.60335538e+01
6884            	6.60335072e+01
6885            	6.60334814e+01
6886            	6.60334631e+01
6887            	6.60334584e+01
6888            	6.60334775e+01
6889            	6.60335051e+01
6890            	6.60335459e+01
6891            	6.60336089e+01
6892            	6.60336757e+01
6893            	6.60337509e+01
6894            	6.60338420e+01
6895            	6.60339315e+01
6896            	6.60340249e+01
6897            	6.60341297e+01
6898            	6.60342295e+01
6899            	6.60343271e+01
6900            	6.60344304e+01
6901            	6.60345238e+01
6902            	6.60346104e+01
6903            	6.60346969e+01
6904            	6.60347691e+01
6905            	6.60348315e+01
6906            	6.60348913e+01
6907            	6.60349326e+01
6908            	6.60349622e+01
6909            	6.60349888e+01
6910            	6.60349980e+01
6911            	6.60349951e+01
6912            	6.60349899e+01
6913            	6.60349678e+01
6914            	6.60349350e+01
6915            	6.60349007e+01
6916            	6.60348510e+01
6917            	6.60347922e+01
6918            	6.60347342e+01
6919            	6.60346629e+01
6920            	6.60345850e+01
6921            	6.60345102e+01
6922            	6.60344257e+01
6923            	6.60343379e+01
6924            	6.60342569e+01
6925            	6.60341702e+01
6926            	6.60340848e+01
6927            	6.60340111e+01
6928            	6.60339366e+01
6929            	6.60338683e+01
6930            	6.60338166e+01
6931            	6.60337676e+01
6932            	6.60337282e+01
6933            	6.60337080e+01
6934            	6.60336931e+01
6935            	6.60336904e+01
6936            	6.60337092e+01
6937            	6.60337339e+01
6938            	6.60337687e+01
6939            	6.60338207e+01
6940            	6.60338734e+01
6941            	6.60339309e+01
6942            	6.60340019e+01
6943            	6.60340687e+01
6944            	6.60341359e+01
6945            	6.60342118e+01
6946            	6.60342786e+01
6947            	6.60343420e+01
6948            	6.60344090e+01
6949            	6.60344632e+01
6950            	6.60345105e+01
6951            	6.60345597e+01
6952            	6.60345936e+01
6953            	6.60346187e+01
6954            	6.60346432e+01
6955            	6.60346522e+01
6956            	6.60346521e+01
6957            	6.60346520e+01
6958            	6.60346374e+01
6959            	6.60346148e+01
6960            	6.60345939e+01
6961            	6.60345596e+01
6962            	6.60345188e+01
6963            	6.60344812e+01
6964            	6.60344328e+01
6965            	6.60343801e+01
6966            	6.60343328e+01
6967            	6.60342773e+01
6968            	6.60342201e+01
6969            	6.60341713e+01
6970            	6.60341168e+01
6971            	6.60340638e+01
6972            	6.60340227e+01
6973            	6.60339794e+01
6974            	6.60339411e+01
6975            	6.60339172e+01
6976            	6.60338940e+01
6977            	6.60338777e+01
6978            	6.60338778e+01
6979            	6.60338799e+01
6980            	6.60338899e+01
6981            	6.60339170e+01
6982            	6.60339453e+01
6983            	6.60339780e+01
6984            	6.60340248e+01
6985            	6.60340678e+01
6986            	6.60341136e+01
6987            	6.60341693e+01
6988            	6.60342169e+01
6989            	6.60342638e+01
6990            	6.60343177e+01
6991            	6.60343605e+01
6992            	6.60343991e+01
6993            	6.60344403e+01
6994            	6.60344683e+01
6995            	6.60344901e+01
6996            	6.60345141e+01
6997            	6.60345246e+01
6998            	6.60345280e+01
6999            	6.60345334e+01
7000            	6.60345268e+01
7001            	6.60345139e+01
7002            	6.60345041e+01
7003            	6.60344827e+01
7004            	6.60344564e+01
7005            	6.60344349e+01
7006            	6.60344039e+01
7007            	6.60343695e+01
7008            	6.60343412e+01
7009            	6.60343049e+01
7010            	6.60342674e+01
7011            	6.60342381e+01
7012            	6.60342032e+01
7013            	6.60341690e+01
7014            	6.60341450e+01
7015            	6.60341176e+01
7016            	6.60340927e+01
7017            	6.60340801e+01
7018            	6.60340654e+01
7019            	6.60340549e+01
7020            	6.60340575e+01
7021            	6.60340586e+01
7022            	6.60340645e+01
7023            	6.60340840e+01
7024            	6.60341004e+01
7025            	6.60341193e+01
7026            	6.60341492e+01
7027            	6.60341736e+01
7028            	6.60341982e+01
7029            	6.60342314e+01
7030            	6.60342563e+01
7031            	6.60342791e+01
7032            	6.60343075e+01
7033            	6.60343254e+01
7034            	6.60343394e+01
7035            	6.60343579e+01
7036            	6.60343655e+01
7037            	6.60343681e+01
7038            	6.60343750e+01
7039            	6.60343712e+01
7040            	6.60343632e+01
7041            	6.60343597e+01
7042            	6.60343469e+01
7043            	6.60343307e+01
7044            	6.60343203e+01
7045            	6.60343011e+01
7046            	6.60342799e+01
7047            	6.60342656e+01
7048            	6.60342444e+01
7049            	6.60342222e+01
7050            	6.60342083e+01
7051            	6.60341885e+01
7052            	6.60341693e+01
7053            	6.60341601e+01
7054            	6.60341467e+01
7055            	6.60341350e+01
7056            	6.60341342e+01
7057            	6.60341301e+01
7058            	6.60341282e+01
7059            	6.60341380e+01
7060            	6.60341444e+01
7061            	6.60341528e+01
7062            	6.60341716e+01
7063            	6.60341861e+01
7064            	6.60342012e+01
7065            	6.60342247e+01
7066            	6.60342416e+01
7067            	6.60342567e+01
7068            	6.60342790e+01
7069            	6.60342927e+01
7070            	6.60343033e+01
7071            	6.60343197e+01
7072            	6.60343266e+01
7073            	6.60343291e+01
7074            	6.60343367e+01
7075            	6.60343352e+01
7076            	6.60343300e+01
7077            	6.60343303e+01
7078            	6.60343219e+01
7079            	6.60343108e+01
7080            	6.60343060e+01
7081            	6.60342932e+01
7082            	6.60342789e+01
7083            	6.60342723e+01
7084            	6.60342591e+01
7085            	6.60342455e+01
7086            	6.60342404e+01
7087            	6.60342299e+01
7088            	6.60342200e+01
7089            	6.60342200e+01
7090            	6.60342152e+01
7091            	6.60342117e+01
7092            	6.60342187e+01
7093            	6.60342210e+01
7094            	6.60342246e+01
7095            	6.60342379e+01
7096            	6.60342455e+01
7097            	6.60342534e+01
7098            	6.60342699e+01
7099            	6.60342799e+01
7100            	6.60342886e+01
7101            	6.60343043e+01
7102            	6.60343123e+01
7103            	6.60343182e+01
7104            	6.60343302e+01
7105            	6.60343331e+01
7106            	6.60343327e+01
7107            	6.60343381e+01
7108            	6.60343354e+01
7109            	6.60343296e+01
7110            	6.60343293e+01
7111            	6.60343205e+01
7112            	6.60343091e+01
7113            	6.60343044e+01
7114            	6.60342917e+01
7115            	6.60342775e+01
7116            	6.60342708e+01
7117            	6.60342571e+01
7118            	6.60342429e+01
7119            	6.60342371e+01
7120            	6.60342260e+01
7121            	6.60342154e+01
7122            	6.60342147e+01
7123            	6.60342093e+01
7124            	6.60342050e+01
7125            	6.60342113e+01
7126            	6.60342138e+01
7127            	6.60342178e+01
7128            	6.60342321e+01
7129            	6.60342417e+01
7130            	6.60342517e+01
7131            	6.60342709e+01
7132            	6.60342839e+01
7133            	6.60342958e+01
7134            	6.60343154e+01
7135            	6.60343264e+01
7136            	6.60343352e+01
7137            	6.60343505e+01
7138            	6.60343567e+01
7139            	6.60343591e+01
7140            	6.60343672e+01
7141            	6.60343660e+01
7142            	6.60343609e+01
7143            	6.60343613e+01
7144            	6.60343530e+01
7145            	6.60343417e+01
7146            	6.60343366e+01
7147            	6.60343231e+01
7148            	6.60343077e+01
7149            	6.60342991e+01
7150            	6.60342834e+01
7151            	6.60342666e+01
7152            	6.60342580e+01
7153            	6.60342430e+01
7154            	6.60342275e+01
7155            	6.60342213e+01
7156            	6.60342096e+01
7157            	6.60341989e+01
7158            	6.60341979e+01
7159            	6.60341922e+01
7160            	6.60341876e+01
7161            	6.60341930e+01
7162            	6.60341943e+01
7163            	6.60341966e+01
7164            	6.60342085e+01
7165            	6.60342160e+01
7166            	6.60342239e+01
7167            	6.60342406e+01
7168            	6.60342518e+01
7169            	6.60342625e+01
7170            	6.60342811e+01
7171            	6.60342927e+01
7172            	6.60343021e+01
7173            	6.60343186e+01
7174            	6.60343269e+01
7175            	6.60343332e+01
7176            	6.60343454e+01
7177            	6.60343487e+01
7178            	6.60343488e+01
7179            	6.60343552e+01
7180            	6.60343526e+01
7181            	6.60343474e+01
7182            	6.60343481e+01
7183            	6.60343410e+01
7184            	6.60343315e+01
7185            	6.60343288e+01
7186            	6.60343186e+01
7187            	6.60343067e+01
7188            	6.60343027e+01
7189            	6.60342921e+01
7190            	6.60342805e+01
7191            	6.60342775e+01
7192            	6.60342688e+01
7193            	6.60342599e+01
7194            	6.60342598e+01
7195            	6.60342539e+01
7196            	6.60342477e+01
7197            	6.60342497e+01
7198            	6.60342457e+01
7199            	6.60342409e+01
7200            	6.60342440e+01
7201            	6.60342403e+01
7202            	6.60342353e+01
7203            	6.60342383e+01
7204            	6.60342344e+01
7205            	6.60342290e+01
7206            	6.60342309e+01
7207            	6.60342259e+01
7208            	6.60342196e+01
7209            	6.60342217e+01
7210            	6.60342170e+01
7211            	6.60342117e+01
7212            	6.60342146e+01
7213            	6.60342111e+01
7214            	6.60342074e+01
7215            	6.60342126e+01
7216            	6.60342116e+01
7217            	6.60342105e+01
7218            	6.60342176e+01
7219            	6.60342191e+01
7220            	6.60342204e+01
7221            	6.60342304e+01
7222            	6.60342344e+01
7223            	6.60342386e+01
7224            	6.60342510e+01
7225            	6.60342574e+01
7226            	6.60342634e+01
7227            	6.60342779e+01
7228            	6.60342857e+01
7229            	6.60342922e+01
7230            	6.60343063e+01
7231            	6.60343134e+01
7232            	6.60343183e+01
7233            	6.60343305e+01
7234            	6.60343346e+01
7235            	6.60343363e+01
7236            	6.60343439e+01
7237            	6.60343432e+01
7238            	6.60343401e+01
7239            	6.60343431e+01
7240            	6.60343374e+01
7241            	6.60343292e+01
7242            	6.60343275e+01
7243            	6.60343173e+01
7244            	6.60343047e+01
7245            	6.60342990e+01
7246            	6.60342857e+01
7247            	6.60342706e+01
7248            	6.60342628e+01
7249            	6.60342478e+01
7250            	6.60342316e+01
7251            	6.60342236e+01
7252            	6.60342088e+01
7253            	6.60341938e+01
7254            	6.60341876e+01
7255            	6.60341756e+01
7256            	6.60341637e+01
7257            	6.60341614e+01
7258            	6.60341541e+01
7259            	6.60341474e+01
7260            	6.60341511e+01
7261            	6.60341501e+01
7262            	6.60341501e+01
7263            	6.60341602e+01
7264            	6.60341653e+01
7265            	6.60341713e+01
7266            	6.60341867e+01
7267            	6.60341963e+01
7268            	6.60342060e+01
7269            	6.60342240e+01
7270            	6.60342351e+01
7271            	6.60342446e+01
7272            	6.60342614e+01
7273            	6.60342705e+01
7274            	6.60342772e+01
7275            	6.60342905e+01
7276            	6.60342951e+01
7277            	6.60342981e+01
7278            	6.60343065e+01
7279            	6.60343062e+01
7280            	6.60343031e+01
7281            	6.60343064e+01
7282            	6.60343012e+01
7283            	6.60342932e+01
7284            	6.60342921e+01
7285            	6.60342829e+01
7286            	6.60342716e+01
7287            	6.60342675e+01
7288            	6.60342559e+01
7289            	6.60342433e+01
7290            	6.60342384e+01
7291            	6.60342272e+01
7292            	6.60342151e+01
7293            	6.60342118e+01
7294            	6.60342031e+01
7295            	6.60341946e+01
7296            	6.60341955e+01
7297            	6.60341912e+01
7298            	6.60341878e+01
7299            	6.60341941e+01
7300            	6.60341956e+01
7301            	6.60341974e+01
7302            	6.60342085e+01
7303            	6.60342144e+01
7304            	6.60342200e+01
7305            	6.60342337e+01
7306            	6.60342406e+01
7307            	6.60342462e+01
7308            	6.60342586e+01
7309            	6.60342636e+01
7310            	6.60342657e+01
7311            	6.60342747e+01
7312            	6.60342753e+01
7313            	6.60342732e+01
7314            	6.60342772e+01
7315            	6.60342727e+01
7316            	6.60342658e+01
7317            	6.60342652e+01
7318            	6.60342567e+01
7319            	6.60342463e+01
7320            	6.60342433e+01
7321            	6.60342332e+01
7322            	6.60342218e+01
7323            	6.60342186e+01
7324            	6.60342087e+01
7325            	6.60341980e+01
7326            	6.60341956e+01
7327            	6.60341874e+01
7328            	6.60341792e+01
7329            	6.60341803e+01
7330            	6.60341759e+01
7331            	6.60341721e+01
7332            	6.60341778e+01
7333            	6.60341782e+01
7334            	6.60341795e+01
7335            	6.60341899e+01
7336            	6.60341956e+01
7337            	6.60342013e+01
7338            	6.60342160e+01
7339            	6.60342257e+01
7340            	6.60342348e+01
7341            	6.60342517e+01
7342            	6.60342616e+01
7343            	6.60342698e+01
7344            	6.60342848e+01
7345            	6.60342916e+01
7346            	6.60342960e+01
7347            	6.60343068e+01
7348            	6.60343086e+01
7349            	6.60343073e+01
7350            	6.60343116e+01
7351            	6.60343066e+01
7352            	6.60342989e+01
7353            	6.60342975e+01
7354            	6.60342879e+01
7355            	6.60342759e+01
7356            	6.60342709e+01
7357            	6.60342585e+01
7358            	6.60342451e+01
7359            	6.60342398e+01
7360            	6.60342281e+01
7361            	6.60342161e+01
7362            	6.60342134e+01
7363            	6.60342052e+01
7364            	6.60341975e+01
7365            	6.60341994e+01
7366            	6.60341959e+01
7367            	6.60341933e+01
7368            	6.60342004e+01
7369            	6.60342018e+01
7370            	6.60342029e+01
7371            	6.60342125e+01
7372            	6.60342161e+01
7373            	6.60342190e+01
7374            	6.60342303e+01
7375            	6.60342345e+01
7376            	6.60342371e+01
7377            	6.60342470e+01
7378            	6.60342503e+01
7379            	6.60342519e+01
7380            	6.60342611e+01
7381            	6.60342627e+01
7382            	6.60342631e+01
7383            	6.60342708e+01
7384            	6.60342710e+01
7385            	6.60342696e+01
7386            	6.60342756e+01
7387            	6.60342736e+01
7388            	6.60342706e+01
7389            	6.60342746e+01
7390            	6.60342715e+01
7391            	6.60342668e+01
7392            	6.60342699e+01
7393            	6.60342660e+01
7394            	6.60342612e+01
7395            	6.60342644e+01
7396            	6.60342616e+01
7397            	6.60342584e+01
7398            	6.60342637e+01
7399            	6.60342628e+01
7400            	6.60342616e+01
7401            	6.60342692e+01
7402            	6.60342703e+01
7403            	6.60342708e+01
7404            	6.60342795e+01
7405            	6.60342811e+01
7406            	6.60342818e+01
7407            	6.60342905e+01
7408            	6.60342914e+01
7409            	6.60342912e+01
7410            	6.60342985e+01
7411            	6.60342983e+01
7412            	6.60342960e+01
7413            	6.60343014e+01
7414            	6.60342995e+01
7415            	6.60342954e+01
7416            	6.60342983e+01
7417            	6.60342941e+01
7418            	6.60342884e+01
7419            	6.60342897e+01
7420            	6.60342840e+01
7421            	6.60342768e+01
7422            	6.60342775e+01
7423            	6.60342710e+01
7424            	6.60342639e+01
7425            	6.60342649e+01
7426            	6.60342595e+01
7427            	6.60342537e+01
7428            	6.60342567e+01
7429            	6.60342537e+01
7430            	6.60342511e+01
7431            	6.60342574e+01
7432            	6.60342586e+01
7433            	6.60342602e+01
7434            	6.60342712e+01
7435            	6.60342770e+01
7436            	6.60342826e+01
7437            	6.60342972e+01
7438            	6.60343055e+01
7439            	6.60343132e+01
7440            	6.60343285e+01
7441            	6.60343364e+01
7442            	6.60343430e+01
7443            	6.60343561e+01
7444            	6.60343614e+01
7445            	6.60343644e+01
7446            	6.60343734e+01
7447            	6.60343741e+01
7448            	6.60343724e+01
7449            	6.60343771e+01
7450            	6.60343728e+01
7451            	6.60343664e+01
7452            	6.60343666e+01
7453            	6.60343591e+01
7454            	6.60343497e+01
7455            	6.60343474e+01
7456            	6.60343378e+01
7457            	6.60343265e+01
7458            	6.60343227e+01
7459            	6.60343122e+01
7460            	6.60343008e+01
7461            	6.60342971e+01
7462            	6.60342868e+01
7463            	6.60342758e+01
7464            	6.60342728e+01
7465            	6.60342637e+01
7466            	6.60342541e+01
7467            	6.60342536e+01
7468            	6.60342475e+01
7469            	6.60342417e+01
7470            	6.60342450e+01
7471            	6.60342435e+01
7472            	6.60342429e+01
7473            	6.60342515e+01
7474            	6.60342550e+01
7475            	6.60342592e+01
7476            	6.60342726e+01
7477            	6.60342807e+01
7478            	6.60342890e+01
7479            	6.60343054e+01
7480            	6.60343151e+01
7481            	6.60343238e+01
7482            	6.60343395e+01
7483            	6.60343482e+01
7484            	6.60343550e+01
7485            	6.60343681e+01
7486            	6.60343727e+01
7487            	6.60343753e+01
7488            	6.60343840e+01
7489            	6.60343840e+01
7490            	6.60343811e+01
7491            	6.60343846e+01
7492            	6.60343796e+01
7493            	6.60343727e+01
7494            	6.60343724e+01
7495            	6.60343642e+01
7496            	6.60343540e+01
7497            	6.60343511e+01
7498            	6.60343412e+01
7499            	6.60343301e+01
7500            	6.60343267e+01
7501            	6.60343166e+01
7502            	6.60343055e+01
7503            	6.60343033e+01
7504            	6.60342947e+01
7505            	6.60342857e+01
7506            	6.60342852e+01
7507            	6.60342789e+01
7508            	6.60342726e+01
7509            	6.60342757e+01
7510            	6.60342727e+01
7511            	6.60342695e+01
7512            	6.60342755e+01
7513            	6.60342757e+01
7514            	6.60342756e+01
7515            	6.60342846e+01
7516            	6.60342870e+01
7517            	6.60342895e+01
7518            	6.60343003e+01
7519            	6.60343046e+01
7520            	6.60343088e+01
7521            	6.60343210e+01
7522            	6.60343263e+01
7523            	6.60343309e+01
7524            	6.60343426e+01
7525            	6.60343477e+01
7526            	6.60343512e+01
7527            	6.60343618e+01
7528            	6.60343649e+01
7529            	6.60343665e+01
7530            	6.60343744e+01
7531            	6.60343746e+01
7532            	6.60343727e+01
7533            	6.60343778e+01
7534            	6.60343749e+01
7535            	6.60343700e+01
7536            	6.60343721e+01
7537            	6.60343665e+01
7538            	6.60343591e+01
7539            	6.60343593e+01
7540            	6.60343522e+01
7541            	6.60343440e+01
7542            	6.60343433e+01
7543            	6.60343357e+01
7544            	6.60343274e+01
7545            	6.60343270e+01
7546            	6.60343194e+01
7547            	6.60343116e+01
7548            	6.60343117e+01
7549            	6.60343053e+01
7550            	6.60342984e+01
7551            	6.60342998e+01
7552            	6.60342953e+01
7553            	6.60342898e+01
7554            	6.60342929e+01
7555            	6.60342900e+01
7556            	6.60342869e+01
7557            	6.60342922e+01
7558            	6.60342918e+01
7559            	6.60342909e+01
7560            	6.60342989e+01
7561            	6.60343010e+01
7562            	6.60343029e+01
7563            	6.60343133e+01
7564            	6.60343177e+01
7565            	6.60343209e+01
7566            	6.60343323e+01
7567            	6.60343368e+01
7568            	6.60343403e+01
7569            	6.60343513e+01
7570            	6.60343547e+01
7571            	6.60343564e+01
7572            	6.60343656e+01
7573            	6.60343663e+01
7574            	6.60343650e+01
7575            	6.60343705e+01
7576            	6.60343677e+01
7577            	6.60343627e+01
7578            	6.60343642e+01
7579            	6.60343580e+01
7580            	6.60343496e+01
7581            	6.60343480e+01
7582            	6.60343387e+01
7583            	6.60343279e+01
7584            	6.60343243e+01
7585            	6.60343136e+01
7586            	6.60343016e+01
7587            	6.60342975e+01
7588            	6.60342871e+01
7589            	6.60342762e+01
7590            	6.60342738e+01
7591            	6.60342653e+01
7592            	6.60342568e+01
7593            	6.60342572e+01
7594            	6.60342519e+01
7595            	6.60342474e+01
7596            	6.60342520e+01
7597            	6.60342509e+01
7598            	6.60342503e+01
7599            	6.60342591e+01
7600            	6.60342623e+01
7601            	6.60342657e+01
7602            	6.60342783e+01
7603            	6.60342850e+01
7604            	6.60342910e+01
7605            	6.60343054e+01
7606            	6.60343123e+01
7607            	6.60343183e+01
7608            	6.60343310e+01
7609            	6.60343360e+01
7610            	6.60343388e+01
7611            	6.60343481e+01
7612            	6.60343487e+01
7613            	6.60343470e+01
7614            	6.60343517e+01
7615            	6.60343477e+01
7616            	6.60343413e+01
7617            	6.60343413e+01
7618            	6.60343334e+01
7619            	6.60343235e+01
7620            	6.60343204e+01
7621            	6.60343098e+01
7622            	6.60342978e+01
7623            	6.60342936e+01
7624            	6.60342824e+01
7625            	6.60342706e+01
7626            	6.60342672e+01
7627            	6.60342578e+01
7628            	6.60342484e+01
7629            	6.60342482e+01
7630            	6.60342427e+01
7631            	6.60342375e+01
7632            	6.60342423e+01
7633            	6.60342418e+01
7634            	6.60342422e+01
7635            	6.60342523e+01
7636            	6.60342572e+01
7637            	6.60342629e+01
7638            	6.60342779e+01
7639            	6.60342868e+01
7640            	6.60342954e+01
7641            	6.60343121e+01
7642            	6.60343218e+01
7643            	6.60343310e+01
7644            	6.60343474e+01
7645            	6.60343556e+01
7646            	6.60343618e+01
7647            	6.60343742e+01
7648            	6.60343788e+01
7649            	6.60343805e+01
7650            	6.60343883e+01
7651            	6.60343872e+01
7652            	6.60343836e+01
7653            	6.60343867e+01
7654            	6.60343819e+01
7655            	6.60343749e+01
7656            	6.60343748e+01
7657            	6.60343670e+01
7658            	6.60343576e+01
7659            	6.60343555e+01
7660            	6.60343466e+01
7661            	6.60343368e+01
7662            	6.60343347e+01
7663            	6.60343261e+01
7664            	6.60343175e+01
7665            	6.60343169e+01
7666            	6.60343101e+01
7667            	6.60343031e+01
7668            	6.60343047e+01
7669            	6.60343001e+01
7670            	6.60342954e+01
7671            	6.60342993e+01
7672            	6.60342977e+01
7673            	6.60342956e+01
7674            	6.60343021e+01
7675            	6.60343024e+01
7676            	6.60343024e+01
7677            	6.60343107e+01
7678            	6.60343131e+01
7679            	6.60343149e+01
7680            	6.60343249e+01
7681            	6.60343277e+01
7682            	6.60343296e+01
7683            	6.60343392e+01
7684            	6.60343415e+01
7685            	6.60343417e+01
7686            	6.60343492e+01
7687            	6.60343493e+01
7688            	6.60343474e+01
7689            	6.60343523e+01
7690            	6.60343498e+01
7691            	6.60343460e+01
7692            	6.60343492e+01
7693            	6.60343450e+01
7694            	6.60343399e+01
7695            	6.60343425e+01
7696            	6.60343385e+01
7697            	6.60343334e+01
7698            	6.60343368e+01
7699            	6.60343336e+01
7700            	6.60343300e+01
7701            	6.60343348e+01
7702            	6.60343331e+01
7703            	6.60343306e+01
7704            	6.60343369e+01
7705            	6.60343364e+01
7706            	6.60343348e+01
7707            	6.60343411e+01
7708            	6.60343405e+01
7709            	6.60343392e+01
7710            	6.60343453e+01
7711            	6.60343444e+01
7712            	6.60343425e+01
7713            	6.60343481e+01
7714            	6.60343468e+01
7715            	6.60343440e+01
7716            	6.60343490e+01
7717            	6.60343466e+01
7718            	6.60343428e+01
7719            	6.60343466e+01
7720            	6.60343434e+01
7721            	6.60343386e+01
7722            	6.60343411e+01
7723            	6.60343362e+01
7724            	6.60343300e+01
7725            	6.60343313e+01
7726            	6.60343256e+01
7727            	6.60343188e+01
7728            	6.60343194e+01
7729            	6.60343136e+01
7730            	6.60343068e+01
7731            	6.60343083e+01
7732            	6.60343034e+01
7733            	6.60342980e+01
7734            	6.60343011e+01
7735            	6.60342979e+01
7736            	6.60342953e+01
7737            	6.60343009e+01
7738            	6.60343008e+01
7739            	6.60343008e+01
7740            	6.60343092e+01
7741            	6.60343114e+01
7742            	6.60343132e+01
7743            	6.60343232e+01
7744            	6.60343271e+01
7745            	6.60343305e+01
7746            	6.60343417e+01
7747            	6.60343458e+01
7748            	6.60343487e+01
7749            	6.60343590e+01
7750            	6.60343622e+01
7751            	6.60343637e+01
7752            	6.60343725e+01
7753            	6.60343738e+01
7754            	6.60343737e+01
7755            	6.60343806e+01
7756            	6.60343800e+01
7757            	6.60343774e+01
7758            	6.60343817e+01
7759            	6.60343780e+01
7760            	6.60343729e+01
7761            	6.60343749e+01
7762            	6.60343692e+01
7763            	6.60343616e+01
7764            	6.60343616e+01
7765            	6.60343542e+01
7766            	6.60343457e+01
7767            	6.60343452e+01
7768            	6.60343379e+01
7769            	6.60343298e+01
7770            	6.60343298e+01
7771            	6.60343236e+01
7772            	6.60343170e+01
7773            	6.60343188e+01
7774            	6.60343142e+01
7775            	6.60343101e+01
7776            	6.60343143e+01
7777            	6.60343125e+01
7778            	6.60343106e+01
7779            	6.60343174e+01
7780            	6.60343179e+01
7781            	6.60343184e+01
7782            	6.60343276e+01
7783            	6.60343302e+01
7784            	6.60343320e+01
7785            	6.60343418e+01
7786            	6.60343452e+01
7787            	6.60343475e+01
7788            	6.60343571e+01
7789            	6.60343596e+01
7790            	6.60343602e+01
7791            	6.60343680e+01
7792            	6.60343676e+01
7793            	6.60343652e+01
7794            	6.60343693e+01
7795            	6.60343656e+01
7796            	6.60343594e+01
7797            	6.60343605e+01
7798            	6.60343538e+01
7799            	6.60343451e+01
7800            	6.60343434e+01
7801            	6.60343344e+01
7802            	6.60343240e+01
7803            	6.60343210e+01
7804            	6.60343115e+01
7805            	6.60343013e+01
7806            	6.60342995e+01
7807            	6.60342916e+01
7808            	6.60342836e+01
7809            	6.60342847e+01
7810            	6.60342803e+01
7811            	6.60342764e+01
7812            	6.60342815e+01
7813            	6.60342814e+01
7814            	6.60342819e+01
7815            	6.60342912e+01
7816            	6.60342956e+01
7817            	6.60342991e+01
7818            	6.60343109e+01
7819            	6.60343171e+01
7820            	6.60343220e+01
7821            	6.60343348e+01
7822            	6.60343409e+01
7823            	6.60343449e+01
7824            	6.60343563e+01
7825            	6.60343598e+01
7826            	6.60343611e+01
7827            	6.60343686e+01
7828            	6.60343682e+01
7829            	6.60343653e+01
7830            	6.60343690e+01
7831            	6.60343643e+01
7832            	6.60343574e+01
7833            	6.60343570e+01
7834            	6.60343491e+01
7835            	6.60343389e+01
7836            	6.60343362e+01
7837            	6.60343257e+01
7838            	6.60343143e+01
7839            	6.60343106e+01
7840            	6.60343006e+01
7841            	6.60342901e+01
7842            	6.60342882e+01
7843            	6.60342805e+01
7844            	6.60342730e+01
7845            	6.60342748e+01
7846            	6.60342710e+01
7847            	6.60342675e+01
7848            	6.60342731e+01
7849            	6.60342740e+01
7850            	6.60342745e+01
7851            	6.60342843e+01
7852            	6.60342878e+01
7853            	6.60342910e+01
7854            	6.60343023e+01
7855            	6.60343073e+01
7856            	6.60343111e+01
7857            	6.60343224e+01
7858            	6.60343264e+01
7859            	6.60343290e+01
7860            	6.60343384e+01
7861            	6.60343403e+01
7862            	6.60343398e+01
7863            	6.60343461e+01
7864            	6.60343448e+01
7865            	6.60343413e+01
7866            	6.60343446e+01
7867            	6.60343402e+01
7868            	6.60343341e+01
7869            	6.60343353e+01
7870            	6.60343292e+01
7871            	6.60343220e+01
7872            	6.60343221e+01
7873            	6.60343155e+01
7874            	6.60343080e+01
7875            	6.60343089e+01
7876            	6.60343036e+01
7877            	6.60342979e+01
7878            	6.60343006e+01
7879            	6.60342974e+01
7880            	6.60342939e+01
7881            	6.60342989e+01
7882            	6.60342986e+01
7883            	6.60342980e+01
7884            	6.60343059e+01
7885            	6.60343078e+01
7886            	6.60343089e+01
7887            	6.60343189e+01
7888            	6.60343225e+01
7889            	6.60343247e+01
7890            	6.60343352e+01
7891            	6.60343384e+01
7892            	6.60343398e+01
7893            	6.60343490e+01
7894            	6.60343507e+01
7895            	6.60343500e+01
7896            	6.60343567e+01
7897            	6.60343552e+01
7898            	6.60343510e+01
7899            	6.60343534e+01
7900            	6.60343483e+01
7901            	6.60343410e+01
7902            	6.60343403e+01
7903            	6.60343313e+01
7904            	6.60343210e+01
7905            	6.60343180e+01
7906            	6.60343079e+01
7907            	6.60342962e+01
7908            	6.60342924e+01
7909            	6.60342820e+01
7910            	6.60342708e+01
7911            	6.60342680e+01
7912            	6.60342592e+01
7913            	6.60342502e+01
7914            	6.60342502e+01
7915            	6.60342444e+01
7916            	6.60342390e+01
7917            	6.60342427e+01
7918            	6.60342411e+01
7919            	6.60342399e+01
7920            	6.60342481e+01
7921            	6.60342507e+01
7922            	6.60342535e+01
7923            	6.60342654e+01
7924            	6.60342720e+01
7925            	6.60342786e+01
7926            	6.60342934e+01
7927            	6.60343021e+01
7928            	6.60343100e+01
7929            	6.60343259e+01
7930            	6.60343342e+01
7931            	6.60343414e+01
7932            	6.60343555e+01
7933            	6.60343617e+01
7934            	6.60343652e+01
7935            	6.60343759e+01
7936            	6.60343785e+01
7937            	6.60343783e+01
7938            	6.60343839e+01
7939            	6.60343814e+01
7940            	6.60343761e+01
7941            	6.60343775e+01
7942            	6.60343710e+01
7943            	6.60343625e+01
7944            	6.60343605e+01
7945            	6.60343512e+01
7946            	6.60343405e+01
7947            	6.60343374e+01
7948            	6.60343272e+01
7949            	6.60343156e+01
7950            	6.60343119e+01
7951            	6.60343017e+01
7952            	6.60342907e+01
7953            	6.60342879e+01
7954            	6.60342789e+01
7955            	6.60342693e+01
7956            	6.60342681e+01
7957            	6.60342611e+01
7958            	6.60342539e+01
7959            	6.60342555e+01
7960            	6.60342515e+01
7961            	6.60342473e+01
7962            	6.60342523e+01
7963            	6.60342515e+01
7964            	6.60342507e+01
7965            	6.60342593e+01
7966            	6.60342622e+01
7967            	6.60342647e+01
7968            	6.60342758e+01
7969            	6.60342806e+01
7970            	6.60342850e+01
7971            	6.60342972e+01
7972            	6.60343030e+01
7973            	6.60343070e+01
7974            	6.60343188e+01
7975            	6.60343228e+01
7976            	6.60343254e+01
7977            	6.60343348e+01
7978            	6.60343367e+01
7979            	6.60343369e+01
7980            	6.60343440e+01
7981            	6.60343430e+01
7982            	6.60343404e+01
7983            	6.60343443e+01
7984            	6.60343408e+01
7985            	6.60343354e+01
7986            	6.60343370e+01
7987            	6.60343309e+01
7988            	6.60343232e+01
7989            	6.60343228e+01
7990            	6.60343149e+01
7991            	6.60343054e+01
7992            	6.60343037e+01
7993            	6.60342945e+01
7994            	6.60342844e+01
7995            	6.60342821e+01
7996            	6.60342731e+01
7997            	6.60342633e+01
7998            	6.60342617e+01
7999            	6.60342538e+01
8000            	6.60342458e+01
8001            	6.60342461e+01
8002            	6.60342412e+01
8003            	6.60342363e+01
8004            	6.60342406e+01
8005            	6.60342395e+01
8006            	6.60342388e+01
8007            	6.60342469e+01
8008            	6.60342505e+01
8009            	6.60342537e+01
8010            	6.60342654e+01
8011            	6.60342719e+01
8012            	6.60342776e+01
8013            	6.60342919e+01
8014            	6.60342992e+01
8015            	6.60343055e+01
8016            	6.60343194e+01
8017            	6.60343260e+01
8018            	6.60343305e+01
8019            	6.60343423e+01
8020            	6.60343458e+01
8021            	6.60343468e+01
8022            	6.60343544e+01
8023            	6.60343532e+01
8024            	6.60343492e+01
8025            	6.60343515e+01
8026            	6.60343453e+01
8027            	6.60343366e+01
8028            	6.60343340e+01
8029            	6.60343234e+01
8030            	6.60343104e+01
8031            	6.60343046e+01
8032            	6.60342910e+01
8033            	6.60342758e+01
8034            	6.60342679e+01
8035            	6.60342531e+01
8036            	6.60342376e+01
8037            	6.60342303e+01
8038            	6.60342170e+01
8039            	6.60342038e+01
8040            	6.60341995e+01
8041            	6.60341901e+01
8042            	6.60341810e+01
8043            	6.60341816e+01
8044            	6.60341777e+01
8045            	6.60341749e+01
8046            	6.60341821e+01
8047            	6.60341845e+01
8048            	6.60341878e+01
8049            	6.60342009e+01
8050            	6.60342093e+01
8051            	6.60342177e+01
8052            	6.60342350e+01
8053            	6.60342463e+01
8054            	6.60342578e+01
8055            	6.60342777e+01
8056            	6.60342900e+01
8057            	6.60343008e+01
8058            	6.60343189e+01
8059            	6.60343285e+01
8060            	6.60343352e+01
8061            	6.60343482e+01
8062            	6.60343525e+01
8063            	6.60343537e+01
8064            	6.60343603e+01
8065            	6.60343583e+01
8066            	6.60343535e+01
8067            	6.60343546e+01
8068            	6.60343471e+01
8069            	6.60343369e+01
8070            	6.60343332e+01
8071            	6.60343212e+01
8072            	6.60343072e+01
8073            	6.60343005e+01
8074            	6.60342866e+01
8075            	6.60342714e+01
8076            	6.60342638e+01
8077            	6.60342496e+01
8078            	6.60342350e+01
8079            	6.60342286e+01
8080            	6.60342168e+01
8081            	6.60342048e+01
8082            	6.60342017e+01
8083            	6.60341931e+01
8084            	6.60341850e+01
8085            	6.60341866e+01
8086            	6.60341833e+01
8087            	6.60341809e+01
8088            	6.60341886e+01
8089            	6.60341910e+01
8090            	6.60341942e+01
8091            	6.60342073e+01
8092            	6.60342150e+01
8093            	6.60342235e+01
8094            	6.60342408e+01
8095            	6.60342517e+01
8096            	6.60342630e+01
8097            	6.60342816e+01
8098            	6.60342933e+01
8099            	6.60343036e+01
8100            	6.60343206e+01
8101            	6.60343300e+01
8102            	6.60343372e+01
8103            	6.60343505e+01
8104            	6.60343552e+01
8105            	6.60343576e+01
8106            	6.60343661e+01
8107            	6.60343659e+01
8108            	6.60343629e+01
8109            	6.60343665e+01
8110            	6.60343618e+01
8111            	6.60343548e+01
8112            	6.60343545e+01
8113            	6.60343466e+01
8114            	6.60343367e+01
8115            	6.60343337e+01
8116            	6.60343236e+01
8117            	6.60343118e+01
8118            	6.60343075e+01
8119            	6.60342967e+01
8120            	6.60342850e+01
8121            	6.60342814e+01
8122            	6.60342717e+01
8123            	6.60342619e+01
8124            	6.60342608e+01
8125            	6.60342542e+01
8126            	6.60342481e+01
8127            	6.60342513e+01
8128            	6.60342495e+01
8129            	6.60342484e+01
8130            	6.60342568e+01
8131            	6.60342600e+01
8132            	6.60342638e+01
8133            	6.60342773e+01
8134            	6.60342851e+01
8135            	6.60342932e+01
8136            	6.60343098e+01
8137            	6.60343195e+01
8138            	6.60343282e+01
8139            	6.60343447e+01
8140            	6.60343540e+01
8141            	6.60343613e+01
8142            	6.60343754e+01
8143            	6.60343811e+01
8144            	6.60343845e+01
8145            	6.60343944e+01
8146            	6.60343957e+01
8147            	6.60343939e+01
8148            	6.60343984e+01
8149            	6.60343946e+01
8150            	6.60343879e+01
8151            	6.60343875e+01
8152            	6.60343789e+01
8153            	6.60343679e+01
8154            	6.60343639e+01
8155            	6.60343523e+01
8156            	6.60343391e+01
8157            	6.60343333e+01
8158            	6.60343209e+01
8159            	6.60343076e+01
8160            	6.60343025e+01
8161            	6.60342916e+01
8162            	6.60342807e+01
8163            	6.60342788e+01
8164            	6.60342721e+01
8165            	6.60342658e+01
8166            	6.60342692e+01
8167            	6.60342679e+01
8168            	6.60342675e+01
8169            	6.60342770e+01
8170            	6.60342820e+01
8171            	6.60342872e+01
8172            	6.60343020e+01
8173            	6.60343109e+01
8174            	6.60343197e+01
8175            	6.60343370e+01
8176            	6.60343471e+01
8177            	6.60343564e+01
8178            	6.60343731e+01
8179            	6.60343818e+01
8180            	6.60343885e+01
8181            	6.60344015e+01
8182            	6.60344059e+01
8183            	6.60344076e+01
8184            	6.60344147e+01
8185            	6.60344131e+01
8186            	6.60344085e+01
8187            	6.60344097e+01
8188            	6.60344019e+01
8189            	6.60343914e+01
8190            	6.60343869e+01
8191            	6.60343742e+01
8192            	6.60343591e+01
8193            	6.60343509e+01
8194            	6.60343351e+01
8195            	6.60343173e+01
8196            	6.60343072e+01
8197            	6.60342900e+01
8198            	6.60342718e+01
8199            	6.60342623e+01
8200            	6.60342468e+01
8201            	6.60342314e+01
8202            	6.60342251e+01
8203            	6.60342139e+01
8204            	6.60342036e+01
8205            	6.60342035e+01
8206            	6.60341989e+01
8207            	6.60341962e+01
8208            	6.60342039e+01
8209            	6.60342073e+01
8210            	6.60342129e+01
8211            	6.60342287e+01
8212            	6.60342398e+01
8213            	6.60342521e+01
8214            	6.60342735e+01
8215            	6.60342889e+01
8216            	6.60343044e+01
8217            	6.60343274e+01
8218            	6.60343439e+01
8219            	6.60343585e+01
8220            	6.60343789e+01
8221            	6.60343910e+01
8222            	6.60344002e+01
8223            	6.60344149e+01
8224            	6.60344201e+01
8225            	6.60344214e+01
8226            	6.60344283e+01
8227            	6.60344259e+01
8228            	6.60344201e+01
8229            	6.60344198e+01
8230            	6.60344109e+01
8231            	6.60343989e+01
8232            	6.60343927e+01
8233            	6.60343783e+01
8234            	6.60343616e+01
8235            	6.60343518e+01
8236            	6.60343343e+01
8237            	6.60343156e+01
8238            	6.60343042e+01
8239            	6.60342861e+01
8240            	6.60342673e+01
8241            	6.60342568e+01
8242            	6.60342408e+01
8243            	6.60342246e+01
8244            	6.60342177e+01
8245            	6.60342055e+01
8246            	6.60341939e+01
8247            	6.60341922e+01
8248            	6.60341863e+01
8249            	6.60341821e+01
8250            	6.60341880e+01
8251            	6.60341894e+01
8252            	6.60341928e+01
8253            	6.60342063e+01
8254            	6.60342154e+01
8255            	6.60342254e+01
8256            	6.60342451e+01
8257            	6.60342594e+01
8258            	6.60342728e+01
8259            	6.60342938e+01
8260            	6.60343082e+01
8261            	6.60343206e+01
8262            	6.60343392e+01
8263            	6.60343503e+01
8264            	6.60343580e+01
8265            	6.60343712e+01
8266            	6.60343756e+01
8267            	6.60343768e+01
8268            	6.60343839e+01
8269            	6.60343819e+01
8270            	6.60343765e+01
8271            	6.60343773e+01
8272            	6.60343701e+01
8273            	6.60343600e+01
8274            	6.60343566e+01
8275            	6.60343452e+01
8276            	6.60343319e+01
8277            	6.60343254e+01
8278            	6.60343117e+01
8279            	6.60342965e+01
8280            	6.60342889e+01
8281            	6.60342746e+01
8282            	6.60342592e+01
8283            	6.60342522e+01
8284            	6.60342395e+01
8285            	6.60342269e+01
8286            	6.60342233e+01
8287            	6.60342145e+01
8288            	6.60342065e+01
8289            	6.60342082e+01
8290            	6.60342054e+01
8291            	6.60342037e+01
8292            	6.60342121e+01
8293            	6.60342155e+01
8294            	6.60342197e+01
8295            	6.60342338e+01
8296            	6.60342424e+01
8297            	6.60342511e+01
8298            	6.60342686e+01
8299            	6.60342794e+01
8300            	6.60342896e+01
8301            	6.60343070e+01
8302            	6.60343179e+01
8303            	6.60343272e+01
8304            	6.60343427e+01
8305            	6.60343510e+01
8306            	6.60343568e+01
8307            	6.60343684e+01
8308            	6.60343720e+01
8309            	6.60343732e+01
8310            	6.60343805e+01
8311            	6.60343791e+01
8312            	6.60343754e+01
8313            	6.60343778e+01
8314            	6.60343722e+01
8315            	6.60343638e+01
8316            	6.60343615e+01
8317            	6.60343512e+01
8318            	6.60343386e+01
8319            	6.60343331e+01
8320            	6.60343201e+01
8321            	6.60343051e+01
8322            	6.60342977e+01
8323            	6.60342837e+01
8324            	6.60342687e+01
8325            	6.60342620e+01
8326            	6.60342490e+01
8327            	6.60342356e+01
8328            	6.60342316e+01
8329            	6.60342220e+01
8330            	6.60342129e+01
8331            	6.60342134e+01
8332            	6.60342088e+01
8333            	6.60342048e+01
8334            	6.60342106e+01
8335            	6.60342117e+01
8336            	6.60342135e+01
8337            	6.60342248e+01
8338            	6.60342311e+01
8339            	6.60342378e+01
8340            	6.60342534e+01
8341            	6.60342636e+01
8342            	6.60342733e+01
8343            	6.60342916e+01
8344            	6.60343033e+01
8345            	6.60343140e+01
8346            	6.60343321e+01
8347            	6.60343425e+01
8348            	6.60343507e+01
8349            	6.60343652e+01
8350            	6.60343719e+01
8351            	6.60343752e+01
8352            	6.60343850e+01
8353            	6.60343854e+01
8354            	6.60343827e+01
8355            	6.60343859e+01
8356            	6.60343802e+01
8357            	6.60343715e+01
8358            	6.60343691e+01
8359            	6.60343578e+01
8360            	6.60343439e+01
8361            	6.60343367e+01
8362            	6.60343218e+01
8363            	6.60343048e+01
8364            	6.60342948e+01
8365            	6.60342773e+01
8366            	6.60342587e+01
8367            	6.60342481e+01
8368            	6.60342311e+01
8369            	6.60342135e+01
8370            	6.60342046e+01
8371            	6.60341899e+01
8372            	6.60341756e+01
8373            	6.60341707e+01
8374            	6.60341607e+01
8375            	6.60341517e+01
8376            	6.60341523e+01
8377            	6.60341483e+01
8378            	6.60341458e+01
8379            	6.60341532e+01
8380            	6.60341560e+01
8381            	6.60341599e+01
8382            	6.60341729e+01
8383            	6.60341805e+01
8384            	6.60341889e+01
8385            	6.60342065e+01
8386            	6.60342182e+01
8387            	6.60342296e+01
8388            	6.60342490e+01
8389            	6.60342619e+01
8390            	6.60342734e+01
8391            	6.60342915e+01
8392            	6.60343028e+01
8393            	6.60343112e+01
8394            	6.60343259e+01
8395            	6.60343324e+01
8396            	6.60343361e+01
8397            	6.60343455e+01
8398            	6.60343466e+01
8399            	6.60343448e+01
8400            	6.60343494e+01
8401            	6.60343452e+01
8402            	6.60343378e+01
8403            	6.60343374e+01
8404            	6.60343294e+01
8405            	6.60343193e+01
8406            	6.60343158e+01
8407            	6.60343046e+01
8408            	6.60342920e+01
8409            	6.60342864e+01
8410            	6.60342737e+01
8411            	6.60342595e+01
8412            	6.60342533e+01
8413            	6.60342401e+01
8414            	6.60342262e+01
8415            	6.60342204e+01
8416            	6.60342082e+01
8417            	6.60341959e+01
8418            	6.60341923e+01
8419            	6.60341832e+01
8420            	6.60341743e+01
8421            	6.60341746e+01
8422            	6.60341698e+01
8423            	6.60341654e+01
8424            	6.60341706e+01
8425            	6.60341703e+01
8426            	6.60341701e+01
8427            	6.60341790e+01
8428            	6.60341821e+01
8429            	6.60341848e+01
8430            	6.60341964e+01
8431            	6.60342017e+01
8432            	6.60342061e+01
8433            	6.60342181e+01
8434            	6.60342237e+01
8435            	6.60342284e+01
8436            	6.60342405e+01
8437            	6.60342456e+01
8438            	6.60342493e+01
8439            	6.60342606e+01
8440            	6.60342645e+01
8441            	6.60342675e+01
8442            	6.60342776e+01
8443            	6.60342805e+01
8444            	6.60342820e+01
8445            	6.60342908e+01
8446            	6.60342924e+01
8447            	6.60342924e+01
8448            	6.60342994e+01
8449            	6.60342993e+01
8450            	6.60342975e+01
8451            	6.60343030e+01
8452            	6.60343008e+01
8453            	6.60342971e+01
8454            	6.60343002e+01
8455            	6.60342963e+01
8456            	6.60342906e+01
8457            	6.60342922e+01
8458            	6.60342866e+01
8459            	6.60342796e+01
8460            	6.60342800e+01
8461            	6.60342733e+01
8462            	6.60342652e+01
8463            	6.60342648e+01
8464            	6.60342578e+01
8465            	6.60342499e+01
8466            	6.60342501e+01
8467            	6.60342437e+01
8468            	6.60342366e+01
8469            	6.60342377e+01
8470            	6.60342329e+01
8471            	6.60342278e+01
8472            	6.60342310e+01
8473            	6.60342282e+01
8474            	6.60342244e+01
8475            	6.60342297e+01
8476            	6.60342283e+01
8477            	6.60342258e+01
8478            	6.60342318e+01
8479            	6.60342311e+01
8480            	6.60342302e+01
8481            	6.60342371e+01
8482            	6.60342377e+01
8483            	6.60342371e+01
8484            	6.60342444e+01
8485            	6.60342451e+01
8486            	6.60342448e+01
8487            	6.60342530e+01
8488            	6.60342546e+01
8489            	6.60342553e+01
8490            	6.60342639e+01
8491            	6.60342654e+01
8492            	6.60342662e+01
8493            	6.60342748e+01
8494            	6.60342765e+01
8495            	6.60342774e+01
8496            	6.60342856e+01
8497            	6.60342867e+01
8498            	6.60342868e+01
8499            	6.60342943e+01
8500            	6.60342952e+01
8501            	6.60342946e+01
8502            	6.60343015e+01
8503            	6.60343017e+01
8504            	6.60343007e+01
8505            	6.60343072e+01
8506            	6.60343072e+01
8507            	6.60343064e+01
8508            	6.60343138e+01
8509            	6.60343144e+01
8510            	6.60343136e+01
8511            	6.60343210e+01
8512            	6.60343213e+01
8513            	6.60343204e+01
8514            	6.60343269e+01
8515            	6.60343260e+01
8516            	6.60343234e+01
8517            	6.60343280e+01
8518            	6.60343248e+01
8519            	6.60343192e+01
8520            	6.60343206e+01
8521            	6.60343142e+01
8522            	6.60343057e+01
8523            	6.60343042e+01
8524            	6.60342952e+01
8525            	6.60342847e+01
8526            	6.60342815e+01
8527            	6.60342709e+01
8528            	6.60342594e+01
8529            	6.60342558e+01
8530            	6.60342458e+01
8531            	6.60342352e+01
8532            	6.60342331e+01
8533            	6.60342251e+01
8534            	6.60342173e+01
8535            	6.60342187e+01
8536            	6.60342147e+01
8537            	6.60342114e+01
8538            	6.60342179e+01
8539            	6.60342195e+01
8540            	6.60342218e+01
8541            	6.60342340e+01
8542            	6.60342413e+01
8543            	6.60342487e+01
8544            	6.60342653e+01
8545            	6.60342765e+01
8546            	6.60342875e+01
8547            	6.60343069e+01
8548            	6.60343200e+01
8549            	6.60343307e+01
8550            	6.60343490e+01
8551            	6.60343596e+01
8552            	6.60343674e+01
8553            	6.60343816e+01
8554            	6.60343879e+01
8555            	6.60343903e+01
8556            	6.60343982e+01
8557            	6.60343974e+01
8558            	6.60343933e+01
8559            	6.60343949e+01
8560            	6.60343877e+01
8561            	6.60343773e+01
8562            	6.60343728e+01
8563            	6.60343600e+01
8564            	6.60343447e+01
8565            	6.60343360e+01
8566            	6.60343197e+01
8567            	6.60343015e+01
8568            	6.60342908e+01
8569            	6.60342735e+01
8570            	6.60342555e+01
8571            	6.60342459e+01
8572            	6.60342306e+01
8573            	6.60342155e+01
8574            	6.60342101e+01
8575            	6.60341997e+01
8576            	6.60341905e+01
8577            	6.60341919e+01
8578            	6.60341892e+01
8579            	6.60341880e+01
8580            	6.60341972e+01
8581            	6.60342022e+01
8582            	6.60342087e+01
8583            	6.60342256e+01
8584            	6.60342371e+01
8585            	6.60342483e+01
8586            	6.60342684e+01
8587            	6.60342817e+01
8588            	6.60342934e+01
8589            	6.60343123e+01
8590            	6.60343236e+01
8591            	6.60343333e+01
8592            	6.60343491e+01
8593            	6.60343556e+01
8594            	6.60343596e+01
8595            	6.60343697e+01
8596            	6.60343710e+01
8597            	6.60343695e+01
8598            	6.60343734e+01
8599            	6.60343686e+01
8600            	6.60343610e+01
8601            	6.60343590e+01
8602            	6.60343488e+01
8603            	6.60343360e+01
8604            	6.60343299e+01
8605            	6.60343161e+01
8606            	6.60343002e+01
8607            	6.60342916e+01
8608            	6.60342762e+01
8609            	6.60342596e+01
8610            	6.60342512e+01
8611            	6.60342365e+01
8612            	6.60342218e+01
8613            	6.60342162e+01
8614            	6.60342052e+01
8615            	6.60341948e+01
8616            	6.60341942e+01
8617            	6.60341889e+01
8618            	6.60341850e+01
8619            	6.60341913e+01
8620            	6.60341928e+01
8621            	6.60341961e+01
8622            	6.60342089e+01
8623            	6.60342169e+01
8624            	6.60342252e+01
8625            	6.60342427e+01
8626            	6.60342546e+01
8627            	6.60342652e+01
8628            	6.60342837e+01
8629            	6.60342957e+01
8630            	6.60343064e+01
8631            	6.60343242e+01
8632            	6.60343344e+01
8633            	6.60343418e+01
8634            	6.60343565e+01
8635            	6.60343626e+01
8636            	6.60343668e+01
8637            	6.60343771e+01
8638            	6.60343791e+01
8639            	6.60343789e+01
8640            	6.60343849e+01
8641            	6.60343821e+01
8642            	6.60343765e+01
8643            	6.60343772e+01
8644            	6.60343700e+01
8645            	6.60343601e+01
8646            	6.60343562e+01
8647            	6.60343444e+01
8648            	6.60343301e+01
8649            	6.60343222e+01
8650            	6.60343071e+01
8651            	6.60342903e+01
8652            	6.60342810e+01
8653            	6.60342648e+01
8654            	6.60342475e+01
8655            	6.60342387e+01
8656            	6.60342242e+01
8657            	6.60342099e+01
8658            	6.60342048e+01
8659            	6.60341946e+01
8660            	6.60341852e+01
8661            	6.60341858e+01
8662            	6.60341814e+01
8663            	6.60341782e+01
8664            	6.60341850e+01
8665            	6.60341869e+01
8666            	6.60341895e+01
8667            	6.60342019e+01
8668            	6.60342094e+01
8669            	6.60342173e+01
8670            	6.60342341e+01
8671            	6.60342452e+01
8672            	6.60342559e+01
8673            	6.60342749e+01
8674            	6.60342875e+01
8675            	6.60342991e+01
8676            	6.60343181e+01
8677            	6.60343287e+01
8678            	6.60343380e+01
8679            	6.60343536e+01
8680            	6.60343606e+01
8681            	6.60343647e+01
8682            	6.60343748e+01
8683            	6.60343757e+01
8684            	6.60343731e+01
8685            	6.60343765e+01
8686            	6.60343707e+01
8687            	6.60343616e+01
8688            	6.60343580e+01
8689            	6.60343454e+01
8690            	6.60343297e+01
8691            	6.60343201e+01
8692            	6.60343019e+01
8693            	6.60342819e+01
8694            	6.60342688e+01
8695            	6.60342480e+01
8696            	6.60342262e+01
8697            	6.60342124e+01
8698            	6.60341924e+01
8699            	6.60341727e+01
8700            	6.60341622e+01
8701            	6.60341468e+01
8702            	6.60341325e+01
8703            	6.60341288e+01
8704            	6.60341212e+01
8705            	6.60341155e+01
8706            	6.60341209e+01
8707            	6.60341230e+01
8708            	6.60341264e+01
8709            	6.60341410e+01
8710            	6.60341513e+01
8711            	6.60341623e+01
8712            	6.60341829e+01
8713            	6.60341981e+01
8714            	6.60342125e+01
8715            	6.60342348e+01
8716            	6.60342500e+01
8717            	6.60342639e+01
8718            	6.60342845e+01
8719            	6.60342958e+01
8720            	6.60343047e+01
8721            	6.60343190e+01
8722            	6.60343243e+01
8723            	6.60343265e+01
8724            	6.60343336e+01
8725            	6.60343316e+01
8726            	6.60343263e+01
8727            	6.60343267e+01
8728            	6.60343178e+01
8729            	6.60343056e+01
8730            	6.60342995e+01
8731            	6.60342847e+01
8732            	6.60342676e+01
8733            	6.60342569e+01
8734            	6.60342387e+01
8735            	6.60342188e+01
8736            	6.60342068e+01
8737            	6.60341885e+01
8738            	6.60341698e+01
8739            	6.60341606e+01
8740            	6.60341461e+01
8741            	6.60341328e+01
8742            	6.60341299e+01
8743            	6.60341226e+01
8744            	6.60341173e+01
8745            	6.60341227e+01
8746            	6.60341245e+01
8747            	6.60341280e+01
8748            	6.60341425e+01
8749            	6.60341523e+01
8750            	6.60341638e+01
8751            	6.60341834e+01
8752            	6.60341977e+01
8753            	6.60342111e+01
8754            	6.60342326e+01
8755            	6.60342470e+01
8756            	6.60342591e+01
8757            	6.60342779e+01
8758            	6.60342886e+01
8759            	6.60342965e+01
8760            	6.60343100e+01
8761            	6.60343150e+01
8762            	6.60343163e+01
8763            	6.60343231e+01
8764            	6.60343211e+01
8765            	6.60343157e+01
8766            	6.60343163e+01
8767            	6.60343080e+01
8768            	6.60342968e+01
8769            	6.60342920e+01
8770            	6.60342790e+01
8771            	6.60342640e+01
8772            	6.60342559e+01
8773            	6.60342403e+01
8774            	6.60342233e+01
8775            	6.60342144e+01
8776            	6.60341992e+01
8777            	6.60341839e+01
8778            	6.60341776e+01
8779            	6.60341659e+01
8780            	6.60341550e+01
8781            	6.60341540e+01
8782            	6.60341483e+01
8783            	6.60341441e+01
8784            	6.60341503e+01
8785            	6.60341518e+01
8786            	6.60341546e+01
8787            	6.60341672e+01
8788            	6.60341750e+01
8789            	6.60341837e+01
8790            	6.60342010e+01
8791            	6.60342130e+01
8792            	6.60342242e+01
8793            	6.60342427e+01
8794            	6.60342546e+01
8795            	6.60342650e+01
8796            	6.60342816e+01
8797            	6.60342902e+01
8798            	6.60342964e+01
8799            	6.60343085e+01
8800            	6.60343120e+01
8801            	6.60343124e+01
8802            	6.60343185e+01
8803            	6.60343162e+01
8804            	6.60343113e+01
8805            	6.60343127e+01
8806            	6.60343057e+01
8807            	6.60342962e+01
8808            	6.60342934e+01
8809            	6.60342826e+01
8810            	6.60342699e+01
8811            	6.60342647e+01
8812            	6.60342526e+01
8813            	6.60342387e+01
8814            	6.60342328e+01
8815            	6.60342206e+01
8816            	6.60342081e+01
8817            	6.60342041e+01
8818            	6.60341939e+01
8819            	6.60341834e+01
8820            	6.60341821e+01
8821            	6.60341752e+01
8822            	6.60341686e+01
8823            	6.60341712e+01
8824            	6.60341682e+01
8825            	6.60341656e+01
8826            	6.60341720e+01
8827            	6.60341735e+01
8828            	6.60341751e+01
8829            	6.60341860e+01
8830            	6.60341905e+01
8831            	6.60341955e+01
8832            	6.60342090e+01
8833            	6.60342168e+01
8834            	6.60342239e+01
8835            	6.60342396e+01
8836            	6.60342485e+01
8837            	6.60342565e+01
8838            	6.60342723e+01
8839            	6.60342805e+01
8840            	6.60342872e+01
8841            	6.60343010e+01
8842            	6.60343067e+01
8843            	6.60343108e+01
8844            	6.60343211e+01
8845            	6.60343225e+01
8846            	6.60343211e+01
8847            	6.60343264e+01
8848            	6.60343232e+01
8849            	6.60343170e+01
8850            	6.60343173e+01
8851            	6.60343097e+01
8852            	6.60342994e+01
8853            	6.60342957e+01
8854            	6.60342842e+01
8855            	6.60342711e+01
8856            	6.60342648e+01
8857            	6.60342510e+01
8858            	6.60342360e+01
8859            	6.60342288e+01
8860            	6.60342150e+01
8861            	6.60342002e+01
8862            	6.60341936e+01
8863            	6.60341809e+01
8864            	6.60341682e+01
8865            	6.60341644e+01
8866            	6.60341553e+01
8867            	6.60341467e+01
8868            	6.60341479e+01
8869            	6.60341436e+01
8870            	6.60341407e+01
8871            	6.60341475e+01
8872            	6.60341500e+01
8873            	6.60341534e+01
8874            	6.60341660e+01
8875            	6.60341739e+01
8876            	6.60341820e+01
8877            	6.60341984e+01
8878            	6.60342098e+01
8879            	6.60342206e+01
8880            	6.60342388e+01
8881            	6.60342502e+01
8882            	6.60342603e+01
8883            	6.60342775e+01
8884            	6.60342870e+01
8885            	6.60342937e+01
8886            	6.60343061e+01
8887            	6.60343100e+01
8888            	6.60343102e+01
8889            	6.60343160e+01
8890            	6.60343128e+01
8891            	6.60343063e+01
8892            	6.60343056e+01
8893            	6.60342954e+01
8894            	6.60342818e+01
8895            	6.60342739e+01
8896            	6.60342580e+01
8897            	6.60342395e+01
8898            	6.60342275e+01
8899            	6.60342077e+01
8900            	6.60341865e+01
8901            	6.60341729e+01
8902            	6.60341529e+01
8903            	6.60341328e+01
8904            	6.60341215e+01
8905            	6.60341051e+01
8906            	6.60340896e+01
8907            	6.60340840e+01
8908            	6.60340744e+01
8909            	6.60340666e+01
8910            	6.60340699e+01
8911            	6.60340691e+01
8912            	6.60340709e+01
8913            	6.60340825e+01
8914            	6.60340901e+01
8915            	6.60340990e+01
8916            	6.60341180e+01
8917            	6.60341315e+01
8918            	6.60341450e+01
8919            	6.60341671e+01
8920            	6.60341833e+01
8921            	6.60341991e+01
8922            	6.60342222e+01
8923            	6.60342376e+01
8924            	6.60342517e+01
8925            	6.60342722e+01
8926            	6.60342837e+01
8927            	6.60342917e+01
8928            	6.60343060e+01
8929            	6.60343112e+01
8930            	6.60343135e+01
8931            	6.60343210e+01
8932            	6.60343194e+01
8933            	6.60343145e+01
8934            	6.60343149e+01
8935            	6.60343065e+01
8936            	6.60342947e+01
8937            	6.60342889e+01
8938            	6.60342747e+01
8939            	6.60342581e+01
8940            	6.60342482e+01
8941            	6.60342305e+01
8942            	6.60342117e+01
8943            	6.60342007e+01
8944            	6.60341837e+01
8945            	6.60341665e+01
8946            	6.60341583e+01
8947            	6.60341447e+01
8948            	6.60341319e+01
8949            	6.60341290e+01
8950            	6.60341220e+01
8951            	6.60341161e+01
8952            	6.60341205e+01
8953            	6.60341206e+01
8954            	6.60341218e+01
8955            	6.60341334e+01
8956            	6.60341403e+01
8957            	6.60341473e+01
8958            	6.60341636e+01
8959            	6.60341745e+01
8960            	6.60341861e+01
8961            	6.60342062e+01
8962            	6.60342205e+01
8963            	6.60342342e+01
8964            	6.60342557e+01
8965            	6.60342700e+01
8966            	6.60342830e+01
8967            	6.60343031e+01
8968            	6.60343156e+01
8969            	6.60343261e+01
8970            	6.60343422e+01
8971            	6.60343499e+01
8972            	6.60343551e+01
8973            	6.60343665e+01
8974            	6.60343684e+01
8975            	6.60343671e+01
8976            	6.60343722e+01
8977            	6.60343681e+01
8978            	6.60343611e+01
8979            	6.60343595e+01
8980            	6.60343498e+01
8981            	6.60343370e+01
8982            	6.60343308e+01
8983            	6.60343163e+01
8984            	6.60343004e+01
8985            	6.60342920e+01
8986            	6.60342766e+01
8987            	6.60342603e+01
8988            	6.60342524e+01
8989            	6.60342386e+01
8990            	6.60342244e+01
8991            	6.60342194e+01
8992            	6.60342091e+01
8993            	6.60341989e+01
8994            	6.60341985e+01
8995            	6.60341926e+01
8996            	6.60341877e+01
8997            	6.60341919e+01
8998            	6.60341914e+01
8999            	6.60341917e+01
9000            	6.60342011e+01
9001            	6.60342054e+01
9002            	6.60342105e+01
9003            	6.60342246e+01
9004            	6.60342327e+01
9005            	6.60342410e+01
9006            	6.60342587e+01
9007            	6.60342698e+01
9008            	6.60342801e+01
9009            	6.60342984e+01
9010            	6.60343090e+01
9011            	6.60343179e+01
9012            	6.60343340e+01
9013            	6.60343420e+01
9014            	6.60343476e+01
9015            	6.60343595e+01
9016            	6.60343620e+01
9017            	6.60343625e+01
9018            	6.60343685e+01
9019            	6.60343650e+01
9020            	6.60343586e+01
9021            	6.60343576e+01
9022            	6.60343485e+01
9023            	6.60343367e+01
9024            	6.60343313e+01
9025            	6.60343179e+01
9026            	6.60343032e+01
9027            	6.60342959e+01
9028            	6.60342820e+01
9029            	6.60342669e+01
9030            	6.60342606e+01
9031            	6.60342480e+01
9032            	6.60342364e+01
9033            	6.60342334e+01
9034            	6.60342254e+01
9035            	6.60342175e+01
9036            	6.60342195e+01
9037            	6.60342161e+01
9038            	6.60342131e+01
9039            	6.60342195e+01
9040            	6.60342207e+01
9041            	6.60342214e+01
9042            	6.60342321e+01
9043            	6.60342362e+01
9044            	6.60342401e+01
9045            	6.60342526e+01
9046            	6.60342586e+01
9047            	6.60342633e+01
9048            	6.60342756e+01
9049            	6.60342810e+01
9050            	6.60342843e+01
9051            	6.60342951e+01
9052            	6.60342974e+01
9053            	6.60342977e+01
9054            	6.60343048e+01
9055            	6.60343034e+01
9056            	6.60343000e+01
9057            	6.60343029e+01
9058            	6.60342978e+01
9059            	6.60342904e+01
9060            	6.60342896e+01
9061            	6.60342805e+01
9062            	6.60342699e+01
9063            	6.60342660e+01
9064            	6.60342548e+01
9065            	6.60342421e+01
9066            	6.60342372e+01
9067            	6.60342254e+01
9068            	6.60342132e+01
9069            	6.60342096e+01
9070            	6.60342001e+01
9071            	6.60341909e+01
9072            	6.60341911e+01
9073            	6.60341862e+01
9074            	6.60341820e+01
9075            	6.60341879e+01
9076            	6.60341889e+01
9077            	6.60341907e+01
9078            	6.60342019e+01
9079            	6.60342077e+01
9080            	6.60342143e+01
9081            	6.60342292e+01
9082            	6.60342376e+01
9083            	6.60342455e+01
9084            	6.60342609e+01
9085            	6.60342694e+01
9086            	6.60342764e+01
9087            	6.60342906e+01
9088            	6.60342976e+01
9089            	6.60343021e+01
9090            	6.60343130e+01
9091            	6.60343155e+01
9092            	6.60343149e+01
9093            	6.60343202e+01
9094            	6.60343169e+01
9095            	6.60343111e+01
9096            	6.60343108e+01
9097            	6.60343014e+01
9098            	6.60342897e+01
9099            	6.60342845e+01
9100            	6.60342715e+01
9101            	6.60342562e+01
9102            	6.60342480e+01
9103            	6.60342323e+01
9104            	6.60342155e+01
9105            	6.60342068e+01
9106            	6.60341918e+01
9107            	6.60341762e+01
9108            	6.60341695e+01
9109            	6.60341571e+01
9110            	6.60341451e+01
9111            	6.60341427e+01
9112            	6.60341349e+01
9113            	6.60341279e+01
9114            	6.60341308e+01
9115            	6.60341291e+01
9116            	6.60341280e+01
9117            	6.60341369e+01
9118            	6.60341413e+01
9119            	6.60341460e+01
9120            	6.60341596e+01
9121            	6.60341684e+01
9122            	6.60341764e+01
9123            	6.60341929e+01
9124            	6.60342029e+01
9125            	6.60342113e+01
9126            	6.60342280e+01
9127            	6.60342377e+01
9128            	6.60342450e+01
9129            	6.60342597e+01
9130            	6.60342662e+01
9131            	6.60342701e+01
9132            	6.60342809e+01
9133            	6.60342829e+01
9134            	6.60342813e+01
9135            	6.60342855e+01
9136            	6.60342819e+01
9137            	6.60342758e+01
9138            	6.60342756e+01
9139            	6.60342670e+01
9140            	6.60342562e+01
9141            	6.60342523e+01
9142            	6.60342406e+01
9143            	6.60342277e+01
9144            	6.60342224e+01
9145            	6.60342102e+01
9146            	6.60341970e+01
9147            	6.60341922e+01
9148            	6.60341817e+01
9149            	6.60341710e+01
9150            	6.60341695e+01
9151            	6.60341621e+01
9152            	6.60341553e+01
9153            	6.60341576e+01
9154            	6.60341543e+01
9155            	6.60341522e+01
9156            	6.60341592e+01
9157            	6.60341607e+01
9158            	6.60341633e+01
9159            	6.60341750e+01
9160            	6.60341808e+01
9161            	6.60341867e+01
9162            	6.60342008e+01
9163            	6.60342088e+01
9164            	6.60342165e+01
9165            	6.60342313e+01
9166            	6.60342390e+01
9167            	6.60342462e+01
9168            	6.60342602e+01
9169            	6.60342669e+01
9170            	6.60342719e+01
9171            	6.60342832e+01
9172            	6.60342868e+01
9173            	6.60342881e+01
9174            	6.60342955e+01
9175            	6.60342934e+01
9176            	6.60342884e+01
9177            	6.60342900e+01
9178            	6.60342827e+01
9179            	6.60342723e+01
9180            	6.60342685e+01
9181            	6.60342566e+01
9182            	6.60342423e+01
9183            	6.60342347e+01
9184            	6.60342199e+01
9185            	6.60342038e+01
9186            	6.60341955e+01
9187            	6.60341808e+01
9188            	6.60341656e+01
9189            	6.60341596e+01
9190            	6.60341483e+01
9191            	6.60341373e+01
9192            	6.60341364e+01
9193            	6.60341304e+01
9194            	6.60341262e+01
9195            	6.60341315e+01
9196            	6.60341322e+01
9197            	6.60341349e+01
9198            	6.60341470e+01
9199            	6.60341541e+01
9200            	6.60341620e+01
9201            	6.60341794e+01
9202            	6.60341909e+01
9203            	6.60342022e+01
9204            	6.60342224e+01
9205            	6.60342357e+01
9206            	6.60342485e+01
9207            	6.60342692e+01
9208            	6.60342824e+01
9209            	6.60342933e+01
9210            	6.60343117e+01
9211            	6.60343220e+01
9212            	6.60343291e+01
9213            	6.60343433e+01
9214            	6.60343493e+01
9215            	6.60343516e+01
9216            	6.60343599e+01
9217            	6.60343596e+01
9218            	6.60343556e+01
9219            	6.60343573e+01
9220            	6.60343497e+01
9221            	6.60343394e+01
9222            	6.60343349e+01
9223            	6.60343217e+01
9224            	6.60343056e+01
9225            	6.60342958e+01
9226            	6.60342783e+01
9227            	6.60342586e+01
9228            	6.60342465e+01
9229            	6.60342275e+01
9230            	6.60342074e+01
9231            	6.60341957e+01
9232            	6.60341781e+01
9233            	6.60341609e+01
9234            	6.60341532e+01
9235            	6.60341403e+01
9236            	6.60341286e+01
9237            	6.60341272e+01
9238            	6.60341213e+01
9239            	6.60341170e+01
9240            	6.60341228e+01
9241            	6.60341242e+01
9242            	6.60341273e+01
9243            	6.60341402e+01
9244            	6.60341484e+01
9245            	6.60341571e+01
9246            	6.60341751e+01
9247            	6.60341877e+01
9248            	6.60342008e+01
9249            	6.60342224e+01
9250            	6.60342372e+01
9251            	6.60342519e+01
9252            	6.60342743e+01
9253            	6.60342891e+01
9254            	6.60343024e+01
9255            	6.60343222e+01
9256            	6.60343336e+01
9257            	6.60343426e+01
9258            	6.60343569e+01
9259            	6.60343625e+01
9260            	6.60343650e+01
9261            	6.60343724e+01
9262            	6.60343709e+01
9263            	6.60343659e+01
9264            	6.60343665e+01
9265            	6.60343581e+01
9266            	6.60343468e+01
9267            	6.60343413e+01
9268            	6.60343274e+01
9269            	6.60343110e+01
9270            	6.60343016e+01
9271            	6.60342845e+01
9272            	6.60342664e+01
9273            	6.60342562e+01
9274            	6.60342398e+01
9275            	6.60342228e+01
9276            	6.60342147e+01
9277            	6.60342008e+01
9278            	6.60341876e+01
9279            	6.60341837e+01
9280            	6.60341753e+01
9281            	6.60341677e+01
9282            	6.60341699e+01
9283            	6.60341676e+01
9284            	6.60341664e+01
9285            	6.60341751e+01
9286            	6.60341790e+01
9287            	6.60341841e+01
9288            	6.60341985e+01
9289            	6.60342080e+01
9290            	6.60342183e+01
9291            	6.60342373e+01
9292            	6.60342500e+01
9293            	6.60342624e+01
9294            	6.60342813e+01
9295            	6.60342930e+01
9296            	6.60343020e+01
9297            	6.60343162e+01
9298            	6.60343217e+01
9299            	6.60343246e+01
9300            	6.60343333e+01
9301            	6.60343323e+01
9302            	6.60343282e+01
9303            	6.60343294e+01
9304            	6.60343218e+01
9305            	6.60343115e+01
9306            	6.60343073e+01
9307            	6.60342948e+01
9308            	6.60342801e+01
9309            	6.60342723e+01
9310            	6.60342574e+01
9311            	6.60342411e+01
9312            	6.60342323e+01
9313            	6.60342170e+01
9314            	6.60342005e+01
9315            	6.60341926e+01
9316            	6.60341786e+01
9317            	6.60341644e+01
9318            	6.60341591e+01
9319            	6.60341486e+01
9320            	6.60341384e+01
9321            	6.60341382e+01
9322            	6.60341335e+01
9323            	6.60341295e+01
9324            	6.60341357e+01
9325            	6.60341373e+01
9326            	6.60341395e+01
9327            	6.60341520e+01
9328            	6.60341594e+01
9329            	6.60341675e+01
9330            	6.60341855e+01
9331            	6.60341978e+01
9332            	6.60342095e+01
9333            	6.60342290e+01
9334            	6.60342413e+01
9335            	6.60342518e+01
9336            	6.60342684e+01
9337            	6.60342771e+01
9338            	6.60342825e+01
9339            	6.60342939e+01
9340            	6.60342958e+01
9341            	6.60342951e+01
9342            	6.60342998e+01
9343            	6.60342952e+01
9344            	6.60342875e+01
9345            	6.60342852e+01
9346            	6.60342741e+01
9347            	6.60342600e+01
9348            	6.60342522e+01
9349            	6.60342360e+01
9350            	6.60342182e+01
9351            	6.60342068e+01
9352            	6.60341877e+01
9353            	6.60341674e+01
9354            	6.60341551e+01
9355            	6.60341360e+01
9356            	6.60341162e+01
9357            	6.60341052e+01
9358            	6.60340885e+01
9359            	6.60340723e+01
9360            	6.60340651e+01
9361            	6.60340535e+01
9362            	6.60340430e+01
9363            	6.60340430e+01
9364            	6.60340385e+01
9365            	6.60340358e+01
9366            	6.60340433e+01
9367            	6.60340469e+01
9368            	6.60340519e+01
9369            	6.60340673e+01
9370            	6.60340788e+01
9371            	6.60340917e+01
9372            	6.60341142e+01
9373            	6.60341313e+01
9374            	6.60341482e+01
9375            	6.60341745e+01
9376            	6.60341945e+01
9377            	6.60342131e+01
9378            	6.60342392e+01
9379            	6.60342574e+01
9380            	6.60342731e+01
9381            	6.60342955e+01
9382            	6.60343081e+01
9383            	6.60343166e+01
9384            	6.60343304e+01
9385            	6.60343347e+01
9386            	6.60343343e+01
9387            	6.60343388e+01
9388            	6.60343335e+01
9389            	6.60343238e+01
9390            	6.60343194e+01
9391            	6.60343054e+01
9392            	6.60342880e+01
9393            	6.60342765e+01
9394            	6.60342561e+01
9395            	6.60342334e+01
9396            	6.60342177e+01
9397            	6.60341947e+01
9398            	6.60341707e+01
9399            	6.60341550e+01
9400            	6.60341332e+01
9401            	6.60341114e+01
9402            	6.60340991e+01
9403            	6.60340823e+01
9404            	6.60340666e+01
9405            	6.60340617e+01
9406            	6.60340529e+01
9407            	6.60340465e+01
9408            	6.60340514e+01
9409            	6.60340532e+01
9410            	6.60340569e+01
9411            	6.60340720e+01
9412            	6.60340837e+01
9413            	6.60340975e+01
9414            	6.60341218e+01
9415            	6.60341416e+01
9416            	6.60341627e+01
9417            	6.60341928e+01
9418            	6.60342175e+01
9419            	6.60342410e+01
9420            	6.60342719e+01
9421            	6.60342947e+01
9422            	6.60343153e+01
9423            	6.60343412e+01
9424            	6.60343578e+01
9425            	6.60343709e+01
9426            	6.60343884e+01
9427            	6.60343954e+01
9428            	6.60343981e+01
9429            	6.60344055e+01
9430            	6.60344024e+01
9431            	6.60343946e+01
9432            	6.60343914e+01
9433            	6.60343788e+01
9434            	6.60343622e+01
9435            	6.60343514e+01
9436            	6.60343321e+01
9437            	6.60343102e+01
9438            	6.60342950e+01
9439            	6.60342724e+01
9440            	6.60342484e+01
9441            	6.60342324e+01
9442            	6.60342106e+01
9443            	6.60341888e+01
9444            	6.60341765e+01
9445            	6.60341593e+01
9446            	6.60341435e+01
9447            	6.60341383e+01
9448            	6.60341296e+01
9449            	6.60341233e+01
9450            	6.60341281e+01
9451            	6.60341290e+01
9452            	6.60341329e+01
9453            	6.60341471e+01
9454            	6.60341578e+01
9455            	6.60341697e+01
9456            	6.60341913e+01
9457            	6.60342076e+01
9458            	6.60342240e+01
9459            	6.60342488e+01
9460            	6.60342672e+01
9461            	6.60342840e+01
9462            	6.60343072e+01
9463            	6.60343225e+01
9464            	6.60343349e+01
9465            	6.60343530e+01
9466            	6.60343613e+01
9467            	6.60343656e+01
9468            	6.60343749e+01
9469            	6.60343742e+01
9470            	6.60343695e+01
9471            	6.60343700e+01
9472            	6.60343610e+01
9473            	6.60343485e+01
9474            	6.60343416e+01
9475            	6.60343257e+01
9476            	6.60343070e+01
9477            	6.60342951e+01
9478            	6.60342755e+01
9479            	6.60342542e+01
9480            	6.60342405e+01
9481            	6.60342202e+01
9482            	6.60342000e+01
9483            	6.60341887e+01
9484            	6.60341724e+01
9485            	6.60341570e+01
9486            	6.60341521e+01
9487            	6.60341429e+01
9488            	6.60341357e+01
9489            	6.60341393e+01
9490            	6.60341397e+01
9491            	6.60341418e+01
9492            	6.60341550e+01
9493            	6.60341639e+01
9494            	6.60341740e+01
9495            	6.60341933e+01
9496            	6.60342077e+01
9497            	6.60342220e+01
9498            	6.60342445e+01
9499            	6.60342595e+01
9500            	6.60342729e+01
9501            	6.60342932e+01
9502            	6.60343060e+01
9503            	6.60343159e+01
9504            	6.60343310e+01
9505            	6.60343366e+01
9506            	6.60343390e+01
9507            	6.60343472e+01
9508            	6.60343462e+01
9509            	6.60343413e+01
9510            	6.60343416e+01
9511            	6.60343334e+01
9512            	6.60343220e+01
9513            	6.60343166e+01
9514            	6.60343026e+01
9515            	6.60342864e+01
9516            	6.60342771e+01
9517            	6.60342601e+01
9518            	6.60342418e+01
9519            	6.60342310e+01
9520            	6.60342137e+01
9521            	6.60341961e+01
9522            	6.60341875e+01
9523            	6.60341730e+01
9524            	6.60341592e+01
9525            	6.60341549e+01
9526            	6.60341463e+01
9527            	6.60341392e+01
9528            	6.60341425e+01
9529            	6.60341415e+01
9530            	6.60341423e+01
9531            	6.60341532e+01
9532            	6.60341596e+01
9533            	6.60341669e+01
9534            	6.60341840e+01
9535            	6.60341956e+01
9536            	6.60342074e+01
9537            	6.60342279e+01
9538            	6.60342413e+01
9539            	6.60342536e+01
9540            	6.60342735e+01
9541            	6.60342861e+01
9542            	6.60342966e+01
9543            	6.60343135e+01
9544            	6.60343222e+01
9545            	6.60343287e+01
9546            	6.60343403e+01
9547            	6.60343435e+01
9548            	6.60343435e+01
9549            	6.60343501e+01
9550            	6.60343470e+01
9551            	6.60343410e+01
9552            	6.60343408e+01
9553            	6.60343324e+01
9554            	6.60343214e+01
9555            	6.60343164e+01
9556            	6.60343036e+01
9557            	6.60342890e+01
9558            	6.60342813e+01
9559            	6.60342658e+01
9560            	6.60342492e+01
9561            	6.60342406e+01
9562            	6.60342261e+01
9563            	6.60342109e+01
9564            	6.60342044e+01
9565            	6.60341926e+01
9566            	6.60341811e+01
9567            	6.60341795e+01
9568            	6.60341730e+01
9569            	6.60341676e+01
9570            	6.60341722e+01
9571            	6.60341719e+01
9572            	6.60341727e+01
9573            	6.60341835e+01
9574            	6.60341895e+01
9575            	6.60341954e+01
9576            	6.60342117e+01
9577            	6.60342216e+01
9578            	6.60342316e+01
9579            	6.60342507e+01
9580            	6.60342631e+01
9581            	6.60342737e+01
9582            	6.60342920e+01
9583            	6.60343031e+01
9584            	6.60343121e+01
9585            	6.60343278e+01
9586            	6.60343351e+01
9587            	6.60343397e+01
9588            	6.60343507e+01
9589            	6.60343536e+01
9590            	6.60343535e+01
9591            	6.60343588e+01
9592            	6.60343556e+01
9593            	6.60343489e+01
9594            	6.60343479e+01
9595            	6.60343379e+01
9596            	6.60343252e+01
9597            	6.60343186e+01
9598            	6.60343037e+01
9599            	6.60342863e+01
9600            	6.60342761e+01
9601            	6.60342586e+01
9602            	6.60342395e+01
9603            	6.60342285e+01
9604            	6.60342115e+01
9605            	6.60341945e+01
9606            	6.60341867e+01
9607            	6.60341737e+01
9608            	6.60341616e+01
9609            	6.60341590e+01
9610            	6.60341524e+01
9611            	6.60341468e+01
9612            	6.60341511e+01
9613            	6.60341517e+01
9614            	6.60341533e+01
9615            	6.60341653e+01
9616            	6.60341733e+01
9617            	6.60341821e+01
9618            	6.60341998e+01
9619            	6.60342128e+01
9620            	6.60342263e+01
9621            	6.60342482e+01
9622            	6.60342638e+01
9623            	6.60342777e+01
9624            	6.60342994e+01
9625            	6.60343130e+01
9626            	6.60343249e+01
9627            	6.60343423e+01
9628            	6.60343513e+01
9629            	6.60343573e+01
9630            	6.60343679e+01
9631            	6.60343685e+01
9632            	6.60343658e+01
9633            	6.60343674e+01
9634            	6.60343593e+01
9635            	6.60343472e+01
9636            	6.60343406e+01
9637            	6.60343245e+01
9638            	6.60343051e+01
9639            	6.60342916e+01
9640            	6.60342702e+01
9641            	6.60342470e+01
9642            	6.60342311e+01
9643            	6.60342084e+01
9644            	6.60341850e+01
9645            	6.60341708e+01
9646            	6.60341514e+01
9647            	6.60341328e+01
9648            	6.60341244e+01
9649            	6.60341123e+01
9650            	6.60341025e+01
9651            	6.60341040e+01
9652            	6.60341024e+01
9653            	6.60341034e+01
9654            	6.60341159e+01
9655            	6.60341252e+01
9656            	6.60341370e+01
9657            	6.60341596e+01
9658            	6.60341781e+01
9659            	6.60341976e+01
9660            	6.60342257e+01
9661            	6.60342481e+01
9662            	6.60342698e+01
9663            	6.60342991e+01
9664            	6.60343201e+01
9665            	6.60343387e+01
9666            	6.60343636e+01
9667            	6.60343788e+01
9668            	6.60343896e+01
9669            	6.60344054e+01
9670            	6.60344114e+01
9671            	6.60344123e+01
9672            	6.60344169e+01
9673            	6.60344112e+01
9674            	6.60344008e+01
9675            	6.60343950e+01
9676            	6.60343791e+01
9677            	6.60343592e+01
9678            	6.60343446e+01
9679            	6.60343209e+01
9680            	6.60342940e+01
9681            	6.60342734e+01
9682            	6.60342451e+01
9683            	6.60342155e+01
9684            	6.60341940e+01
9685            	6.60341664e+01
9686            	6.60341389e+01
9687            	6.60341212e+01
9688            	6.60340996e+01
9689            	6.60340797e+01
9690            	6.60340717e+01
9691            	6.60340605e+01
9692            	6.60340526e+01
9693            	6.60340569e+01
9694            	6.60340594e+01
9695            	6.60340654e+01
9696            	6.60340833e+01
9697            	6.60340986e+01
9698            	6.60341160e+01
9699            	6.60341436e+01
9700            	6.60341678e+01
9701            	6.60341920e+01
9702            	6.60342246e+01
9703            	6.60342502e+01
9704            	6.60342745e+01
9705            	6.60343054e+01
9706            	6.60343272e+01
9707            	6.60343456e+01
9708            	6.60343698e+01
9709            	6.60343831e+01
9710            	6.60343917e+01
9711            	6.60344044e+01
9712            	6.60344070e+01
9713            	6.60344045e+01
9714            	6.60344067e+01
9715            	6.60343983e+01
9716            	6.60343856e+01
9717            	6.60343776e+01
9718            	6.60343599e+01
9719            	6.60343388e+01
9720            	6.60343234e+01
9721            	6.60342997e+01
9722            	6.60342734e+01
9723            	6.60342543e+01
9724            	6.60342281e+01
9725            	6.60342011e+01
9726            	6.60341827e+01
9727            	6.60341588e+01
9728            	6.60341357e+01
9729            	6.60341228e+01
9730            	6.60341058e+01
9731            	6.60340912e+01
9732            	6.60340878e+01
9733            	6.60340811e+01
9734            	6.60340773e+01
9735            	6.60340851e+01
9736            	6.60340899e+01
9737            	6.60340976e+01
9738            	6.60341166e+01
9739            	6.60341306e+01
9740            	6.60341464e+01
9741            	6.60341713e+01
9742            	6.60341904e+01
9743            	6.60342102e+01
9744            	6.60342371e+01
9745            	6.60342565e+01
9746            	6.60342745e+01
9747            	6.60342986e+01
9748            	6.60343141e+01
9749            	6.60343264e+01
9750            	6.60343445e+01
9751            	6.60343534e+01
9752            	6.60343584e+01
9753            	6.60343680e+01
9754            	6.60343684e+01
9755            	6.60343653e+01
9756            	6.60343675e+01
9757            	6.60343602e+01
9758            	6.60343496e+01
9759            	6.60343447e+01
9760            	6.60343315e+01
9761            	6.60343154e+01
9762            	6.60343058e+01
9763            	6.60342883e+01
9764            	6.60342690e+01
9765            	6.60342573e+01
9766            	6.60342389e+01
9767            	6.60342198e+01
9768            	6.60342097e+01
9769            	6.60341937e+01
9770            	6.60341783e+01
9771            	6.60341728e+01
9772            	6.60341631e+01
9773            	6.60341546e+01
9774            	6.60341566e+01
9775            	6.60341543e+01
9776            	6.60341537e+01
9777            	6.60341635e+01
9778            	6.60341696e+01
9779            	6.60341769e+01
9780            	6.60341940e+01
9781            	6.60342065e+01
9782            	6.60342200e+01
9783            	6.60342424e+01
9784            	6.60342593e+01
9785            	6.60342761e+01
9786            	6.60343008e+01
9787            	6.60343184e+01
9788            	6.60343340e+01
9789            	6.60343567e+01
9790            	6.60343718e+01
9791            	6.60343834e+01
9792            	6.60344005e+01
9793            	6.60344084e+01
9794            	6.60344128e+01
9795            	6.60344223e+01
9796            	6.60344226e+01
9797            	6.60344194e+01
9798            	6.60344215e+01
9799            	6.60344140e+01
9800            	6.60344028e+01
9801            	6.60343974e+01
9802            	6.60343836e+01
9803            	6.60343669e+01
9804            	6.60343564e+01
9805            	6.60343384e+01
9806            	6.60343186e+01
9807            	6.60343063e+01
9808            	6.60342873e+01
9809            	6.60342675e+01
9810            	6.60342559e+01
9811            	6.60342388e+01
9812            	6.60342219e+01
9813            	6.60342147e+01
9814            	6.60342024e+01
9815            	6.60341914e+01
9816            	6.60341912e+01
9817            	6.60341870e+01
9818            	6.60341851e+01
9819            	6.60341937e+01
9820            	6.60341988e+01
9821            	6.60342053e+01
9822            	6.60342228e+01
9823            	6.60342352e+01
9824            	6.60342478e+01
9825            	6.60342704e+01
9826            	6.60342862e+01
9827            	6.60343019e+01
9828            	6.60343255e+01
9829            	6.60343406e+01
9830            	6.60343541e+01
9831            	6.60343739e+01
9832            	6.60343846e+01
9833            	6.60343921e+01
9834            	6.60344050e+01
9835            	6.60344089e+01
9836            	6.60344089e+01
9837            	6.60344148e+01
9838            	6.60344114e+01
9839            	6.60344043e+01
9840            	6.60344022e+01
9841            	6.60343907e+01
9842            	6.60343767e+01
9843            	6.60343686e+01
9844            	6.60343517e+01
9845            	6.60343322e+01
9846            	6.60343197e+01
9847            	6.60342998e+01
9848            	6.60342786e+01
9849            	6.60342652e+01
9850            	6.60342454e+01
9851            	6.60342252e+01
9852            	6.60342140e+01
9853            	6.60341977e+01
9854            	6.60341822e+01
9855            	6.60341772e+01
9856            	6.60341681e+01
9857            	6.60341610e+01
9858            	6.60341643e+01
9859            	6.60341643e+01
9860            	6.60341666e+01
9861            	6.60341795e+01
9862            	6.60341883e+01
9863            	6.60341986e+01
9864            	6.60342187e+01
9865            	6.60342341e+01
9866            	6.60342491e+01
9867            	6.60342719e+01
9868            	6.60342888e+01
9869            	6.60343034e+01
9870            	6.60343250e+01
9871            	6.60343383e+01
9872            	6.60343492e+01
9873            	6.60343654e+01
9874            	6.60343727e+01
9875            	6.60343753e+01
9876            	6.60343831e+01
9877            	6.60343817e+01
9878            	6.60343769e+01
9879            	6.60343775e+01
9880            	6.60343686e+01
9881            	6.60343566e+01
9882            	6.60343508e+01
9883            	6.60343362e+01
9884            	6.60343194e+01
9885            	6.60343094e+01
9886            	6.60342918e+01
9887            	6.60342724e+01
9888            	6.60342611e+01
9889            	6.60342430e+01
9890            	6.60342245e+01
9891            	6.60342145e+01
9892            	6.60341985e+01
9893            	6.60341830e+01
9894            	6.60341768e+01
9895            	6.60341651e+01
9896            	6.60341542e+01
9897            	6.60341531e+01
9898            	6.60341475e+01
9899            	6.60341430e+01
9900            	6.60341491e+01
9901            	6.60341506e+01
9902            	6.60341542e+01
9903            	6.60341672e+01
9904            	6.60341756e+01
9905            	6.60341850e+01
9906            	6.60342030e+01
9907            	6.60342153e+01
9908            	6.60342277e+01
9909            	6.60342476e+01
9910            	6.60342604e+01
9911            	6.60342714e+01
9912            	6.60342887e+01
9913            	6.60342978e+01
9914            	6.60343042e+01
9915            	6.60343165e+01
9916            	6.60343212e+01
9917            	6.60343221e+01
9918            	6.60343290e+01
9919            	6.60343272e+01
9920            	6.60343229e+01
9921            	6.60343246e+01
9922            	6.60343189e+01
9923            	6.60343105e+01
9924            	6.60343091e+01
9925            	6.60342995e+01
9926            	6.60342882e+01
9927            	6.60342832e+01
9928            	6.60342714e+01
9929            	6.60342578e+01
9930            	6.60342517e+01
9931            	6.60342383e+01
9932            	6.60342246e+01
9933            	6.60342185e+01
9934            	6.60342064e+01
9935            	6.60341939e+01
9936            	6.60341904e+01
9937            	6.60341813e+01
9938            	6.60341727e+01
9939            	6.60341735e+01
9940            	6.60341700e+01
9941            	6.60341673e+01
9942            	6.60341743e+01
9943            	6.60341769e+01
9944            	6.60341798e+01
9945            	6.60341920e+01
9946            	6.60341986e+01
9947            	6.60342057e+01
9948            	6.60342210e+01
9949            	6.60342299e+01
9950            	6.60342378e+01
9951            	6.60342537e+01
9952            	6.60342627e+01
9953            	6.60342695e+01
9954            	6.60342839e+01
9955            	6.60342905e+01
9956            	6.60342949e+01
9957            	6.60343057e+01
9958            	6.60343089e+01
9959            	6.60343089e+01
9960            	6.60343157e+01
9961            	6.60343137e+01
9962            	6.60343090e+01
9963            	6.60343105e+01
9964            	6.60343035e+01
9965            	6.60342936e+01
9966            	6.60342903e+01
9967            	6.60342785e+01
9968            	6.60342642e+01
9969            	6.60342566e+01
9970            	6.60342414e+01
9971            	6.60342246e+01
9972            	6.60342156e+01
9973            	6.60341996e+01
9974            	6.60341831e+01
9975            	6.60341754e+01
9976            	6.60341625e+01
9977            	6.60341501e+01
9978            	6.60341472e+01
9979            	6.60341395e+01
9980            	6.60341327e+01
9981            	6.60341361e+01
9982            	6.60341356e+01
9983            	6.60341364e+01
9984            	6.60341476e+01
9985            	6.60341541e+01
9986            	6.60341613e+01
9987            	6.60341790e+01
9988            	6.60341909e+01
9989            	6.60342032e+01
9990            	6.60342246e+01
9991            	6.60342404e+01
9992            	6.60342547e+01
9993            	6.60342766e+01
9994            	6.60342911e+01
9995            	6.60343033e+01
9996            	6.60343217e+01
9997            	6.60343304e+01
9998            	6.60343370e+01
9999            	6.60343485e+01
10000           	6.60343499e+01
