# Wall heat-flux
# Time        	patch         	min           	max           	integral      
1             	warmPlate	-8.560236e+00	4.997742e-01	-7.468277e-01
1             	OVC	-8.988354e+00	6.583744e-01	-4.993763e+00
1             	shield_slave	-8.643033e+00	-6.177002e+00	-4.362436e+00
2             	warmPlate	-8.560351e+00	4.996176e-01	-7.468401e-01
2             	OVC	-8.988490e+00	6.581343e-01	-4.993893e+00
2             	shield_slave	-8.642823e+00	-6.176778e+00	-4.362170e+00
3             	warmPlate	-8.560439e+00	4.994892e-01	-7.468503e-01
3             	OVC	-8.988597e+00	6.579388e-01	-4.993994e+00
3             	shield_slave	-8.642671e+00	-6.176603e+00	-4.361968e+00
4             	warmPlate	-8.560506e+00	4.993830e-01	-7.468587e-01
4             	OVC	-8.988718e+00	6.577784e-01	-4.994073e+00
4             	shield_slave	-8.642562e+00	-6.176464e+00	-4.361812e+00
5             	warmPlate	-8.560559e+00	4.992946e-01	-7.468657e-01
5             	OVC	-8.988828e+00	6.576479e-01	-4.994136e+00
5             	shield_slave	-8.642482e+00	-6.176353e+00	-4.361691e+00
6             	warmPlate	-8.560599e+00	4.992206e-01	-7.468715e-01
6             	OVC	-8.988911e+00	6.575428e-01	-4.994186e+00
6             	shield_slave	-8.642425e+00	-6.176263e+00	-4.361596e+00
7             	warmPlate	-8.560631e+00	4.991582e-01	-7.468764e-01
7             	OVC	-8.988974e+00	6.574545e-01	-4.994227e+00
7             	shield_slave	-8.642384e+00	-6.176190e+00	-4.361521e+00
8             	warmPlate	-8.560656e+00	4.991055e-01	-7.468805e-01
8             	OVC	-8.989023e+00	6.573799e-01	-4.994260e+00
8             	shield_slave	-8.642354e+00	-6.176129e+00	-4.361461e+00
9             	warmPlate	-8.560677e+00	4.990606e-01	-7.468839e-01
9             	OVC	-8.989060e+00	6.573163e-01	-4.994287e+00
9             	shield_slave	-8.642333e+00	-6.176078e+00	-4.361413e+00
10            	warmPlate	-8.560693e+00	4.990223e-01	-7.468868e-01
10            	OVC	-8.989089e+00	6.572619e-01	-4.994310e+00
10            	shield_slave	-8.642318e+00	-6.176035e+00	-4.361375e+00
11            	warmPlate	-8.560706e+00	4.989894e-01	-7.468893e-01
11            	OVC	-8.989112e+00	6.572151e-01	-4.994329e+00
11            	shield_slave	-8.642307e+00	-6.175998e+00	-4.361343e+00
12            	warmPlate	-8.560717e+00	4.989611e-01	-7.468914e-01
12            	OVC	-8.989130e+00	6.571747e-01	-4.994346e+00
12            	shield_slave	-8.642299e+00	-6.175967e+00	-4.361316e+00
13            	warmPlate	-8.560725e+00	4.989366e-01	-7.468932e-01
13            	OVC	-8.989145e+00	6.571395e-01	-4.994360e+00
13            	shield_slave	-8.642294e+00	-6.175940e+00	-4.361294e+00
14            	warmPlate	-8.560733e+00	4.989154e-01	-7.468947e-01
14            	OVC	-8.989156e+00	6.571088e-01	-4.994372e+00
14            	shield_slave	-8.642290e+00	-6.175916e+00	-4.361276e+00
15            	warmPlate	-8.560739e+00	4.988969e-01	-7.468960e-01
15            	OVC	-8.989165e+00	6.570819e-01	-4.994382e+00
15            	shield_slave	-8.642287e+00	-6.175896e+00	-4.361260e+00
16            	warmPlate	-8.560744e+00	4.988808e-01	-7.468972e-01
16            	OVC	-8.989173e+00	6.570582e-01	-4.994391e+00
16            	shield_slave	-8.642285e+00	-6.175878e+00	-4.361247e+00
17            	warmPlate	-8.560748e+00	4.988667e-01	-7.468982e-01
17            	OVC	-8.989179e+00	6.570374e-01	-4.994399e+00
17            	shield_slave	-8.642284e+00	-6.175862e+00	-4.361235e+00
18            	warmPlate	-8.560752e+00	4.988543e-01	-7.468991e-01
18            	OVC	-8.989184e+00	6.570189e-01	-4.994405e+00
18            	shield_slave	-8.642283e+00	-6.175848e+00	-4.361225e+00
19            	warmPlate	-8.560755e+00	4.988434e-01	-7.468998e-01
19            	OVC	-8.989189e+00	6.570025e-01	-4.994412e+00
19            	shield_slave	-8.642283e+00	-6.175836e+00	-4.361217e+00
20            	warmPlate	-8.560758e+00	4.988337e-01	-7.469005e-01
20            	OVC	-8.989193e+00	6.569879e-01	-4.994417e+00
20            	shield_slave	-8.642283e+00	-6.175825e+00	-4.361209e+00
21            	warmPlate	-8.560760e+00	4.988252e-01	-7.469011e-01
21            	OVC	-8.989196e+00	6.569749e-01	-4.994422e+00
21            	shield_slave	-8.642283e+00	-6.175815e+00	-4.361203e+00
22            	warmPlate	-8.560763e+00	4.988176e-01	-7.469016e-01
22            	OVC	-8.989198e+00	6.569633e-01	-4.994426e+00
22            	shield_slave	-8.642283e+00	-6.175806e+00	-4.361197e+00
23            	warmPlate	-8.560764e+00	4.988108e-01	-7.469020e-01
23            	OVC	-8.989201e+00	6.569528e-01	-4.994429e+00
23            	shield_slave	-8.642283e+00	-6.175799e+00	-4.361192e+00
24            	warmPlate	-8.560766e+00	4.988048e-01	-7.469024e-01
24            	OVC	-8.989203e+00	6.569435e-01	-4.994433e+00
24            	shield_slave	-8.642283e+00	-6.175792e+00	-4.361187e+00
25            	warmPlate	-8.560767e+00	4.987994e-01	-7.469028e-01
25            	OVC	-8.989204e+00	6.569351e-01	-4.994436e+00
25            	shield_slave	-8.642283e+00	-6.175785e+00	-4.361183e+00
26            	warmPlate	-8.560769e+00	4.987946e-01	-7.469031e-01
26            	OVC	-8.989206e+00	6.569276e-01	-4.994438e+00
26            	shield_slave	-8.642283e+00	-6.175780e+00	-4.361179e+00
27            	warmPlate	-8.560770e+00	4.987902e-01	-7.469034e-01
27            	OVC	-8.989207e+00	6.569208e-01	-4.994440e+00
27            	shield_slave	-8.642283e+00	-6.175775e+00	-4.361176e+00
28            	warmPlate	-8.560771e+00	4.987863e-01	-7.469036e-01
28            	OVC	-8.989208e+00	6.569147e-01	-4.994443e+00
28            	shield_slave	-8.642284e+00	-6.175771e+00	-4.361173e+00
29            	warmPlate	-8.560772e+00	4.987828e-01	-7.469039e-01
29            	OVC	-8.989209e+00	6.569092e-01	-4.994444e+00
29            	shield_slave	-8.642284e+00	-6.175767e+00	-4.361170e+00
30            	warmPlate	-8.560772e+00	4.987796e-01	-7.469041e-01
30            	OVC	-8.989210e+00	6.569042e-01	-4.994446e+00
30            	shield_slave	-8.642284e+00	-6.175763e+00	-4.361168e+00
31            	warmPlate	-8.560773e+00	4.987767e-01	-7.469042e-01
31            	OVC	-8.989211e+00	6.568997e-01	-4.994447e+00
31            	shield_slave	-8.642284e+00	-6.175760e+00	-4.361165e+00
32            	warmPlate	-8.560774e+00	4.987741e-01	-7.469044e-01
32            	OVC	-8.989212e+00	6.568956e-01	-4.994449e+00
32            	shield_slave	-8.642284e+00	-6.175757e+00	-4.361163e+00
33            	warmPlate	-8.560774e+00	4.987717e-01	-7.469045e-01
33            	OVC	-8.989212e+00	6.568919e-01	-4.994450e+00
33            	shield_slave	-8.642284e+00	-6.175755e+00	-4.361162e+00
34            	warmPlate	-8.560775e+00	4.987696e-01	-7.469047e-01
34            	OVC	-8.989213e+00	6.568886e-01	-4.994451e+00
34            	shield_slave	-8.642285e+00	-6.175752e+00	-4.361160e+00
35            	warmPlate	-8.560775e+00	4.987676e-01	-7.469048e-01
35            	OVC	-8.989214e+00	6.568855e-01	-4.994452e+00
35            	shield_slave	-8.642285e+00	-6.175750e+00	-4.361158e+00
36            	warmPlate	-8.560776e+00	4.987658e-01	-7.469049e-01
36            	OVC	-8.989214e+00	6.568828e-01	-4.994453e+00
36            	shield_slave	-8.642285e+00	-6.175749e+00	-4.361157e+00
37            	warmPlate	-8.560776e+00	4.987642e-01	-7.469050e-01
37            	OVC	-8.989214e+00	6.568803e-01	-4.994453e+00
37            	shield_slave	-8.642285e+00	-6.175747e+00	-4.361156e+00
38            	warmPlate	-8.560776e+00	4.987627e-01	-7.469051e-01
38            	OVC	-8.989215e+00	6.568781e-01	-4.994454e+00
38            	shield_slave	-8.642285e+00	-6.175745e+00	-4.361155e+00
39            	warmPlate	-8.560777e+00	4.987614e-01	-7.469052e-01
39            	OVC	-8.989215e+00	6.568760e-01	-4.994455e+00
39            	shield_slave	-8.642285e+00	-6.175744e+00	-4.361153e+00
40            	warmPlate	-8.560777e+00	4.987601e-01	-7.469052e-01
40            	OVC	-8.989215e+00	6.568741e-01	-4.994455e+00
40            	shield_slave	-8.642285e+00	-6.175743e+00	-4.361152e+00
41            	warmPlate	-8.560777e+00	4.987590e-01	-7.469053e-01
41            	OVC	-8.989216e+00	6.568725e-01	-4.994456e+00
41            	shield_slave	-8.642285e+00	-6.175742e+00	-4.361152e+00
42            	warmPlate	-8.560777e+00	4.987579e-01	-7.469054e-01
42            	OVC	-8.989216e+00	6.568709e-01	-4.994456e+00
42            	shield_slave	-8.642285e+00	-6.175741e+00	-4.361151e+00
43            	warmPlate	-8.560778e+00	4.987570e-01	-7.469054e-01
43            	OVC	-8.989216e+00	6.568695e-01	-4.994456e+00
43            	shield_slave	-8.642285e+00	-6.175740e+00	-4.361150e+00
44            	warmPlate	-8.560778e+00	4.987561e-01	-7.469055e-01
44            	OVC	-8.989216e+00	6.568683e-01	-4.994457e+00
44            	shield_slave	-8.642285e+00	-6.175740e+00	-4.361149e+00
45            	warmPlate	-8.560778e+00	4.987553e-01	-7.469055e-01
45            	OVC	-8.989217e+00	6.568671e-01	-4.994457e+00
45            	shield_slave	-8.642285e+00	-6.175739e+00	-4.361149e+00
46            	warmPlate	-8.560778e+00	4.987545e-01	-7.469056e-01
46            	OVC	-8.989217e+00	6.568660e-01	-4.994457e+00
46            	shield_slave	-8.642285e+00	-6.175738e+00	-4.361148e+00
47            	warmPlate	-8.560778e+00	4.987538e-01	-7.469056e-01
47            	OVC	-8.989217e+00	6.568651e-01	-4.994457e+00
47            	shield_slave	-8.642286e+00	-6.175738e+00	-4.361147e+00
48            	warmPlate	-8.560778e+00	4.987532e-01	-7.469056e-01
48            	OVC	-8.989217e+00	6.568642e-01	-4.994457e+00
48            	shield_slave	-8.642286e+00	-6.175737e+00	-4.361147e+00
49            	warmPlate	-8.560779e+00	4.987526e-01	-7.469057e-01
49            	OVC	-8.989217e+00	6.568634e-01	-4.994457e+00
49            	shield_slave	-8.642286e+00	-6.175737e+00	-4.361146e+00
50            	warmPlate	-8.560779e+00	4.987521e-01	-7.469057e-01
50            	OVC	-8.989217e+00	6.568627e-01	-4.994458e+00
50            	shield_slave	-8.642286e+00	-6.175737e+00	-4.361146e+00
51            	warmPlate	-8.560779e+00	4.987516e-01	-7.469057e-01
51            	OVC	-8.989218e+00	6.568620e-01	-4.994458e+00
51            	shield_slave	-8.642286e+00	-6.175736e+00	-4.361145e+00
52            	warmPlate	-8.560779e+00	4.987511e-01	-7.469058e-01
52            	OVC	-8.989218e+00	6.568614e-01	-4.994458e+00
52            	shield_slave	-8.642286e+00	-6.175736e+00	-4.361145e+00
53            	warmPlate	-8.560779e+00	4.987507e-01	-7.469058e-01
53            	OVC	-8.989218e+00	6.568609e-01	-4.994458e+00
53            	shield_slave	-8.642286e+00	-6.175736e+00	-4.361145e+00
54            	warmPlate	-8.560779e+00	4.987503e-01	-7.469058e-01
54            	OVC	-8.989218e+00	6.568604e-01	-4.994458e+00
54            	shield_slave	-8.642286e+00	-6.175735e+00	-4.361144e+00
55            	warmPlate	-8.560779e+00	4.987499e-01	-7.469058e-01
55            	OVC	-8.989218e+00	6.568599e-01	-4.994458e+00
55            	shield_slave	-8.642286e+00	-6.175735e+00	-4.361144e+00
56            	warmPlate	-8.560779e+00	4.987496e-01	-7.469058e-01
56            	OVC	-8.989218e+00	6.568595e-01	-4.994458e+00
56            	shield_slave	-8.642286e+00	-6.175735e+00	-4.361144e+00
57            	warmPlate	-8.560779e+00	4.987493e-01	-7.469059e-01
57            	OVC	-8.989218e+00	6.568591e-01	-4.994458e+00
57            	shield_slave	-8.642286e+00	-6.175735e+00	-4.361143e+00
58            	warmPlate	-8.560779e+00	4.987490e-01	-7.469059e-01
58            	OVC	-8.989218e+00	6.568588e-01	-4.994458e+00
58            	shield_slave	-8.642286e+00	-6.175735e+00	-4.361143e+00
59            	warmPlate	-8.560779e+00	4.987487e-01	-7.469059e-01
59            	OVC	-8.989218e+00	6.568585e-01	-4.994458e+00
59            	shield_slave	-8.642286e+00	-6.175735e+00	-4.361143e+00
60            	warmPlate	-8.560780e+00	4.987485e-01	-7.469059e-01
60            	OVC	-8.989218e+00	6.568582e-01	-4.994458e+00
60            	shield_slave	-8.642286e+00	-6.175734e+00	-4.361143e+00
61            	warmPlate	-8.560780e+00	4.987483e-01	-7.469059e-01
61            	OVC	-8.989218e+00	6.568579e-01	-4.994458e+00
61            	shield_slave	-8.642286e+00	-6.175734e+00	-4.361142e+00
62            	warmPlate	-8.560780e+00	4.987480e-01	-7.469059e-01
62            	OVC	-8.989218e+00	6.568577e-01	-4.994458e+00
62            	shield_slave	-8.642286e+00	-6.175734e+00	-4.361142e+00
63            	warmPlate	-8.560780e+00	4.987478e-01	-7.469059e-01
63            	OVC	-8.989218e+00	6.568575e-01	-4.994458e+00
63            	shield_slave	-8.642286e+00	-6.175734e+00	-4.361142e+00
64            	warmPlate	-8.560780e+00	4.987477e-01	-7.469059e-01
64            	OVC	-8.989218e+00	6.568573e-01	-4.994458e+00
64            	shield_slave	-8.642286e+00	-6.175734e+00	-4.361142e+00
65            	warmPlate	-8.560780e+00	4.987475e-01	-7.469059e-01
65            	OVC	-8.989218e+00	6.568571e-01	-4.994458e+00
65            	shield_slave	-8.642286e+00	-6.175734e+00	-4.361141e+00
66            	warmPlate	-8.560780e+00	4.987473e-01	-7.469060e-01
66            	OVC	-8.989218e+00	6.568569e-01	-4.994458e+00
66            	shield_slave	-8.642286e+00	-6.175734e+00	-4.361141e+00
67            	warmPlate	-8.560780e+00	4.987472e-01	-7.469060e-01
67            	OVC	-8.989219e+00	6.568568e-01	-4.994458e+00
67            	shield_slave	-8.642286e+00	-6.175734e+00	-4.361141e+00
68            	warmPlate	-8.560780e+00	4.987471e-01	-7.469060e-01
68            	OVC	-8.989219e+00	6.568566e-01	-4.994458e+00
68            	shield_slave	-8.642286e+00	-6.175734e+00	-4.361141e+00
69            	warmPlate	-8.560780e+00	4.987469e-01	-7.469060e-01
69            	OVC	-8.989219e+00	6.568565e-01	-4.994458e+00
69            	shield_slave	-8.642286e+00	-6.175734e+00	-4.361141e+00
70            	warmPlate	-8.560780e+00	4.987468e-01	-7.469060e-01
70            	OVC	-8.989219e+00	6.568564e-01	-4.994458e+00
70            	shield_slave	-8.642286e+00	-6.175734e+00	-4.361141e+00
71            	warmPlate	-8.560780e+00	4.987467e-01	-7.469060e-01
71            	OVC	-8.989219e+00	6.568563e-01	-4.994458e+00
71            	shield_slave	-8.642286e+00	-6.175734e+00	-4.361140e+00
72            	warmPlate	-8.560780e+00	4.987466e-01	-7.469060e-01
72            	OVC	-8.989219e+00	6.568562e-01	-4.994458e+00
72            	shield_slave	-8.642286e+00	-6.175734e+00	-4.361140e+00
73            	warmPlate	-8.560780e+00	4.987465e-01	-7.469060e-01
73            	OVC	-8.989219e+00	6.568561e-01	-4.994458e+00
73            	shield_slave	-8.642286e+00	-6.175734e+00	-4.361140e+00
74            	warmPlate	-8.560780e+00	4.987464e-01	-7.469060e-01
74            	OVC	-8.989219e+00	6.568560e-01	-4.994458e+00
74            	shield_slave	-8.642286e+00	-6.175733e+00	-4.361140e+00
75            	warmPlate	-8.560780e+00	4.987463e-01	-7.469060e-01
75            	OVC	-8.989219e+00	6.568560e-01	-4.994457e+00
75            	shield_slave	-8.642285e+00	-6.175733e+00	-4.361140e+00
76            	warmPlate	-8.560780e+00	4.987463e-01	-7.469060e-01
76            	OVC	-8.989219e+00	6.568559e-01	-4.994457e+00
76            	shield_slave	-8.642285e+00	-6.175733e+00	-4.361140e+00
77            	warmPlate	-8.560780e+00	4.987462e-01	-7.469060e-01
77            	OVC	-8.989219e+00	6.568558e-01	-4.994457e+00
77            	shield_slave	-8.642285e+00	-6.175733e+00	-4.361140e+00
78            	warmPlate	-8.560780e+00	4.987461e-01	-7.469060e-01
78            	OVC	-8.989219e+00	6.568558e-01	-4.994457e+00
78            	shield_slave	-8.642285e+00	-6.175733e+00	-4.361140e+00
79            	warmPlate	-8.560780e+00	4.987461e-01	-7.469060e-01
79            	OVC	-8.989219e+00	6.568557e-01	-4.994457e+00
79            	shield_slave	-8.642285e+00	-6.175733e+00	-4.361139e+00
80            	warmPlate	-8.560780e+00	4.987460e-01	-7.469060e-01
80            	OVC	-8.989219e+00	6.568557e-01	-4.994457e+00
80            	shield_slave	-8.642285e+00	-6.175733e+00	-4.361139e+00
81            	warmPlate	-8.560780e+00	4.987459e-01	-7.469060e-01
81            	OVC	-8.989219e+00	6.568557e-01	-4.994457e+00
81            	shield_slave	-8.642285e+00	-6.175733e+00	-4.361139e+00
82            	warmPlate	-8.560780e+00	4.987459e-01	-7.469060e-01
82            	OVC	-8.989219e+00	6.568556e-01	-4.994457e+00
82            	shield_slave	-8.642285e+00	-6.175733e+00	-4.361139e+00
83            	warmPlate	-8.560780e+00	4.987459e-01	-7.469060e-01
83            	OVC	-8.989219e+00	6.568556e-01	-4.994457e+00
83            	shield_slave	-8.642285e+00	-6.175733e+00	-4.361139e+00
84            	warmPlate	-8.560780e+00	4.987458e-01	-7.469060e-01
84            	OVC	-8.989219e+00	6.568556e-01	-4.994457e+00
84            	shield_slave	-8.642285e+00	-6.175733e+00	-4.361139e+00
85            	warmPlate	-8.560780e+00	4.987458e-01	-7.469060e-01
85            	OVC	-8.989219e+00	6.568555e-01	-4.994457e+00
85            	shield_slave	-8.642285e+00	-6.175733e+00	-4.361139e+00
86            	warmPlate	-8.560780e+00	4.987457e-01	-7.469060e-01
86            	OVC	-8.989219e+00	6.568555e-01	-4.994457e+00
86            	shield_slave	-8.642285e+00	-6.175733e+00	-4.361139e+00
87            	warmPlate	-8.560780e+00	4.987457e-01	-7.469060e-01
87            	OVC	-8.989219e+00	6.568555e-01	-4.994457e+00
87            	shield_slave	-8.642285e+00	-6.175733e+00	-4.361139e+00
88            	warmPlate	-8.560780e+00	4.987457e-01	-7.469060e-01
88            	OVC	-8.989219e+00	6.568555e-01	-4.994457e+00
88            	shield_slave	-8.642285e+00	-6.175733e+00	-4.361139e+00
89            	warmPlate	-8.560780e+00	4.987456e-01	-7.469060e-01
89            	OVC	-8.989219e+00	6.568554e-01	-4.994457e+00
89            	shield_slave	-8.642285e+00	-6.175733e+00	-4.361139e+00
90            	warmPlate	-8.560780e+00	4.987456e-01	-7.469060e-01
90            	OVC	-8.989219e+00	6.568554e-01	-4.994457e+00
90            	shield_slave	-8.642285e+00	-6.175733e+00	-4.361139e+00
91            	warmPlate	-8.560780e+00	4.987456e-01	-7.469060e-01
91            	OVC	-8.989219e+00	6.568554e-01	-4.994457e+00
91            	shield_slave	-8.642285e+00	-6.175733e+00	-4.361138e+00
92            	warmPlate	-8.560780e+00	4.987456e-01	-7.469060e-01
92            	OVC	-8.989219e+00	6.568554e-01	-4.994457e+00
92            	shield_slave	-8.642285e+00	-6.175733e+00	-4.361138e+00
93            	warmPlate	-8.560780e+00	4.987455e-01	-7.469060e-01
93            	OVC	-8.989219e+00	6.568554e-01	-4.994457e+00
93            	shield_slave	-8.642285e+00	-6.175733e+00	-4.361138e+00
94            	warmPlate	-8.560780e+00	4.987455e-01	-7.469060e-01
94            	OVC	-8.989219e+00	6.568554e-01	-4.994457e+00
94            	shield_slave	-8.642285e+00	-6.175733e+00	-4.361138e+00
95            	warmPlate	-8.560780e+00	4.987455e-01	-7.469060e-01
95            	OVC	-8.989219e+00	6.568554e-01	-4.994457e+00
95            	shield_slave	-8.642285e+00	-6.175733e+00	-4.361138e+00
96            	warmPlate	-8.560780e+00	4.987455e-01	-7.469060e-01
96            	OVC	-8.989219e+00	6.568554e-01	-4.994457e+00
96            	shield_slave	-8.642285e+00	-6.175733e+00	-4.361138e+00
97            	warmPlate	-8.560780e+00	4.987455e-01	-7.469060e-01
97            	OVC	-8.989219e+00	6.568554e-01	-4.994457e+00
97            	shield_slave	-8.642285e+00	-6.175733e+00	-4.361138e+00
98            	warmPlate	-8.560780e+00	4.987455e-01	-7.469060e-01
98            	OVC	-8.989219e+00	6.568554e-01	-4.994457e+00
98            	shield_slave	-8.642285e+00	-6.175733e+00	-4.361138e+00
99            	warmPlate	-8.560780e+00	4.987455e-01	-7.469060e-01
99            	OVC	-8.989219e+00	6.568554e-01	-4.994456e+00
99            	shield_slave	-8.642285e+00	-6.175733e+00	-4.361138e+00
100           	warmPlate	-8.560780e+00	4.987454e-01	-7.469060e-01
100           	OVC	-8.989219e+00	6.568553e-01	-4.994456e+00
100           	shield_slave	-8.642285e+00	-6.175733e+00	-4.361138e+00
101           	warmPlate	-8.560780e+00	4.987454e-01	-7.469060e-01
101           	OVC	-8.989219e+00	6.568553e-01	-4.994456e+00
101           	shield_slave	-8.642285e+00	-6.175733e+00	-4.361138e+00
102           	warmPlate	-8.560780e+00	4.987454e-01	-7.469060e-01
102           	OVC	-8.989219e+00	6.568553e-01	-4.994456e+00
102           	shield_slave	-8.642285e+00	-6.175733e+00	-4.361138e+00
103           	warmPlate	-8.560780e+00	4.987454e-01	-7.469060e-01
103           	OVC	-8.989219e+00	6.568553e-01	-4.994456e+00
103           	shield_slave	-8.642285e+00	-6.175733e+00	-4.361138e+00
104           	warmPlate	-8.560780e+00	4.987454e-01	-7.469060e-01
104           	OVC	-8.989219e+00	6.568553e-01	-4.994456e+00
104           	shield_slave	-8.642285e+00	-6.175733e+00	-4.361138e+00
105           	warmPlate	-8.560780e+00	4.987454e-01	-7.469060e-01
105           	OVC	-8.989219e+00	6.568553e-01	-4.994456e+00
105           	shield_slave	-8.642285e+00	-6.175733e+00	-4.361138e+00
106           	warmPlate	-8.560780e+00	4.987454e-01	-7.469060e-01
106           	OVC	-8.989219e+00	6.568553e-01	-4.994456e+00
106           	shield_slave	-8.642285e+00	-6.175733e+00	-4.361138e+00
107           	warmPlate	-8.560780e+00	4.987454e-01	-7.469060e-01
107           	OVC	-8.989219e+00	6.568553e-01	-4.994456e+00
107           	shield_slave	-8.642285e+00	-6.175733e+00	-4.361138e+00
108           	warmPlate	-8.560780e+00	4.987454e-01	-7.469060e-01
108           	OVC	-8.989219e+00	6.568553e-01	-4.994456e+00
108           	shield_slave	-8.642285e+00	-6.175733e+00	-4.361138e+00
109           	warmPlate	-8.560780e+00	4.987454e-01	-7.469060e-01
109           	OVC	-8.989219e+00	6.568553e-01	-4.994456e+00
109           	shield_slave	-8.642285e+00	-6.175733e+00	-4.361138e+00
110           	warmPlate	-8.560780e+00	4.987454e-01	-7.469060e-01
110           	OVC	-8.989219e+00	6.568553e-01	-4.994456e+00
110           	shield_slave	-8.642285e+00	-6.175733e+00	-4.361137e+00
111           	warmPlate	-8.560780e+00	4.987454e-01	-7.469060e-01
111           	OVC	-8.989219e+00	6.568553e-01	-4.994456e+00
111           	shield_slave	-8.642285e+00	-6.175733e+00	-4.361137e+00
112           	warmPlate	-8.560780e+00	4.987454e-01	-7.469060e-01
112           	OVC	-8.989219e+00	6.568553e-01	-4.994456e+00
112           	shield_slave	-8.642285e+00	-6.175733e+00	-4.361137e+00
113           	warmPlate	-8.560780e+00	4.987454e-01	-7.469060e-01
113           	OVC	-8.989219e+00	6.568553e-01	-4.994456e+00
113           	shield_slave	-8.642285e+00	-6.175733e+00	-4.361137e+00
114           	warmPlate	-8.560780e+00	4.987454e-01	-7.469060e-01
114           	OVC	-8.989219e+00	6.568553e-01	-4.994456e+00
114           	shield_slave	-8.642285e+00	-6.175733e+00	-4.361137e+00
115           	warmPlate	-8.560780e+00	4.987454e-01	-7.469060e-01
115           	OVC	-8.989219e+00	6.568553e-01	-4.994456e+00
115           	shield_slave	-8.642285e+00	-6.175733e+00	-4.361137e+00
116           	warmPlate	-8.560780e+00	4.987454e-01	-7.469060e-01
116           	OVC	-8.989219e+00	6.568553e-01	-4.994456e+00
116           	shield_slave	-8.642285e+00	-6.175733e+00	-4.361137e+00
117           	warmPlate	-8.560780e+00	4.987454e-01	-7.469060e-01
117           	OVC	-8.989219e+00	6.568553e-01	-4.994456e+00
117           	shield_slave	-8.642285e+00	-6.175733e+00	-4.361137e+00
118           	warmPlate	-8.560780e+00	4.987454e-01	-7.469060e-01
118           	OVC	-8.989219e+00	6.568554e-01	-4.994456e+00
118           	shield_slave	-8.642285e+00	-6.175732e+00	-4.361137e+00
119           	warmPlate	-8.560780e+00	4.987453e-01	-7.469060e-01
119           	OVC	-8.989219e+00	6.568554e-01	-4.994456e+00
119           	shield_slave	-8.642285e+00	-6.175732e+00	-4.361137e+00
120           	warmPlate	-8.560780e+00	4.987453e-01	-7.469060e-01
120           	OVC	-8.989219e+00	6.568554e-01	-4.994456e+00
120           	shield_slave	-8.642285e+00	-6.175732e+00	-4.361137e+00
121           	warmPlate	-8.560780e+00	4.987453e-01	-7.469060e-01
121           	OVC	-8.989219e+00	6.568554e-01	-4.994456e+00
121           	shield_slave	-8.642285e+00	-6.175732e+00	-4.361137e+00
122           	warmPlate	-8.560780e+00	4.987453e-01	-7.469060e-01
122           	OVC	-8.989219e+00	6.568554e-01	-4.994456e+00
122           	shield_slave	-8.642285e+00	-6.175732e+00	-4.361137e+00
123           	warmPlate	-8.560780e+00	4.987453e-01	-7.469060e-01
123           	OVC	-8.989219e+00	6.568554e-01	-4.994456e+00
123           	shield_slave	-8.642285e+00	-6.175732e+00	-4.361137e+00
124           	warmPlate	-8.560780e+00	4.987453e-01	-7.469060e-01
124           	OVC	-8.989219e+00	6.568554e-01	-4.994456e+00
124           	shield_slave	-8.642285e+00	-6.175732e+00	-4.361137e+00
125           	warmPlate	-8.560780e+00	4.987453e-01	-7.469060e-01
125           	OVC	-8.989219e+00	6.568554e-01	-4.994456e+00
125           	shield_slave	-8.642285e+00	-6.175732e+00	-4.361137e+00
126           	warmPlate	-8.560780e+00	4.987453e-01	-7.469060e-01
126           	OVC	-8.989219e+00	6.568554e-01	-4.994456e+00
126           	shield_slave	-8.642285e+00	-6.175732e+00	-4.361137e+00
127           	warmPlate	-8.560780e+00	4.987453e-01	-7.469060e-01
127           	OVC	-8.989219e+00	6.568554e-01	-4.994456e+00
127           	shield_slave	-8.642285e+00	-6.175732e+00	-4.361137e+00
128           	warmPlate	-8.560780e+00	4.987454e-01	-7.469060e-01
128           	OVC	-8.989219e+00	6.568554e-01	-4.994456e+00
128           	shield_slave	-8.642285e+00	-6.175732e+00	-4.361137e+00
129           	warmPlate	-8.560780e+00	4.987454e-01	-7.469060e-01
129           	OVC	-8.989219e+00	6.568554e-01	-4.994456e+00
129           	shield_slave	-8.642285e+00	-6.175732e+00	-4.361137e+00
130           	warmPlate	-8.560780e+00	4.987454e-01	-7.469060e-01
130           	OVC	-8.989219e+00	6.568554e-01	-4.994456e+00
130           	shield_slave	-8.642285e+00	-6.175732e+00	-4.361137e+00
131           	warmPlate	-8.560780e+00	4.987454e-01	-7.469060e-01
131           	OVC	-8.989219e+00	6.568554e-01	-4.994456e+00
131           	shield_slave	-8.642285e+00	-6.175732e+00	-4.361137e+00
132           	warmPlate	-8.560780e+00	4.987454e-01	-7.469060e-01
132           	OVC	-8.989219e+00	6.568554e-01	-4.994456e+00
132           	shield_slave	-8.642285e+00	-6.175732e+00	-4.361137e+00
133           	warmPlate	-8.560780e+00	4.987454e-01	-7.469060e-01
133           	OVC	-8.989219e+00	6.568554e-01	-4.994456e+00
133           	shield_slave	-8.642285e+00	-6.175732e+00	-4.361137e+00
134           	warmPlate	-8.560780e+00	4.987454e-01	-7.469060e-01
134           	OVC	-8.989219e+00	6.568554e-01	-4.994456e+00
134           	shield_slave	-8.642285e+00	-6.175732e+00	-4.361137e+00
135           	warmPlate	-8.560780e+00	4.987454e-01	-7.469060e-01
135           	OVC	-8.989219e+00	6.568554e-01	-4.994456e+00
135           	shield_slave	-8.642285e+00	-6.175732e+00	-4.361137e+00
136           	warmPlate	-8.560780e+00	4.987454e-01	-7.469060e-01
136           	OVC	-8.989219e+00	6.568554e-01	-4.994456e+00
136           	shield_slave	-8.642285e+00	-6.175732e+00	-4.361137e+00
137           	warmPlate	-8.560780e+00	4.987454e-01	-7.469060e-01
137           	OVC	-8.989219e+00	6.568554e-01	-4.994456e+00
137           	shield_slave	-8.642285e+00	-6.175732e+00	-4.361137e+00
138           	warmPlate	-8.560780e+00	4.987454e-01	-7.469060e-01
138           	OVC	-8.989219e+00	6.568554e-01	-4.994456e+00
138           	shield_slave	-8.642285e+00	-6.175732e+00	-4.361137e+00
139           	warmPlate	-8.560780e+00	4.987454e-01	-7.469060e-01
139           	OVC	-8.989219e+00	6.568554e-01	-4.994456e+00
139           	shield_slave	-8.642285e+00	-6.175732e+00	-4.361137e+00
140           	warmPlate	-8.560780e+00	4.987454e-01	-7.469060e-01
140           	OVC	-8.989219e+00	6.568554e-01	-4.994456e+00
140           	shield_slave	-8.642285e+00	-6.175732e+00	-4.361137e+00
141           	warmPlate	-8.560780e+00	4.987454e-01	-7.469060e-01
141           	OVC	-8.989219e+00	6.568554e-01	-4.994456e+00
141           	shield_slave	-8.642285e+00	-6.175732e+00	-4.361137e+00
142           	warmPlate	-8.560780e+00	4.987454e-01	-7.469060e-01
142           	OVC	-8.989219e+00	6.568554e-01	-4.994456e+00
142           	shield_slave	-8.642285e+00	-6.175732e+00	-4.361137e+00
143           	warmPlate	-8.560780e+00	4.987454e-01	-7.469060e-01
143           	OVC	-8.989219e+00	6.568554e-01	-4.994456e+00
143           	shield_slave	-8.642285e+00	-6.175732e+00	-4.361137e+00
144           	warmPlate	-8.560780e+00	4.987454e-01	-7.469060e-01
144           	OVC	-8.989219e+00	6.568554e-01	-4.994456e+00
144           	shield_slave	-8.642285e+00	-6.175732e+00	-4.361137e+00
145           	warmPlate	-8.560780e+00	4.987454e-01	-7.469060e-01
145           	OVC	-8.989219e+00	6.568554e-01	-4.994456e+00
145           	shield_slave	-8.642285e+00	-6.175732e+00	-4.361137e+00
146           	warmPlate	-8.560780e+00	4.987454e-01	-7.469060e-01
146           	OVC	-8.989219e+00	6.568554e-01	-4.994456e+00
146           	shield_slave	-8.642285e+00	-6.175732e+00	-4.361137e+00
147           	warmPlate	-8.560780e+00	4.987454e-01	-7.469060e-01
147           	OVC	-8.989219e+00	6.568554e-01	-4.994456e+00
147           	shield_slave	-8.642285e+00	-6.175732e+00	-4.361137e+00
148           	warmPlate	-8.560780e+00	4.987454e-01	-7.469060e-01
148           	OVC	-8.989219e+00	6.568554e-01	-4.994456e+00
148           	shield_slave	-8.642285e+00	-6.175732e+00	-4.361137e+00
149           	warmPlate	-8.560780e+00	4.987454e-01	-7.469060e-01
149           	OVC	-8.989219e+00	6.568554e-01	-4.994456e+00
149           	shield_slave	-8.642285e+00	-6.175732e+00	-4.361137e+00
150           	warmPlate	-8.560780e+00	4.987454e-01	-7.469060e-01
150           	OVC	-8.989219e+00	6.568554e-01	-4.994456e+00
150           	shield_slave	-8.642285e+00	-6.175732e+00	-4.361137e+00
151           	warmPlate	-8.560780e+00	4.987454e-01	-7.469060e-01
151           	OVC	-8.989219e+00	6.568554e-01	-4.994456e+00
151           	shield_slave	-8.642285e+00	-6.175732e+00	-4.361137e+00
152           	warmPlate	-8.560780e+00	4.987454e-01	-7.469060e-01
152           	OVC	-8.989219e+00	6.568554e-01	-4.994456e+00
152           	shield_slave	-8.642285e+00	-6.175732e+00	-4.361137e+00
153           	warmPlate	-8.560780e+00	4.987454e-01	-7.469060e-01
153           	OVC	-8.989219e+00	6.568554e-01	-4.994456e+00
153           	shield_slave	-8.642285e+00	-6.175732e+00	-4.361137e+00
154           	warmPlate	-8.560780e+00	4.987454e-01	-7.469060e-01
154           	OVC	-8.989219e+00	6.568554e-01	-4.994456e+00
154           	shield_slave	-8.642285e+00	-6.175732e+00	-4.361137e+00
155           	warmPlate	-8.560780e+00	4.987454e-01	-7.469060e-01
155           	OVC	-8.989219e+00	6.568554e-01	-4.994456e+00
155           	shield_slave	-8.642285e+00	-6.175732e+00	-4.361137e+00
156           	warmPlate	-8.560780e+00	4.987454e-01	-7.469060e-01
156           	OVC	-8.989219e+00	6.568554e-01	-4.994456e+00
156           	shield_slave	-8.642285e+00	-6.175732e+00	-4.361137e+00
157           	warmPlate	-8.560780e+00	4.987454e-01	-7.469060e-01
157           	OVC	-8.989219e+00	6.568554e-01	-4.994456e+00
157           	shield_slave	-8.642285e+00	-6.175732e+00	-4.361137e+00
158           	warmPlate	-8.560780e+00	4.987454e-01	-7.469060e-01
158           	OVC	-8.989219e+00	6.568554e-01	-4.994456e+00
158           	shield_slave	-8.642285e+00	-6.175732e+00	-4.361137e+00
159           	warmPlate	-8.560780e+00	4.987454e-01	-7.469060e-01
159           	OVC	-8.989219e+00	6.568554e-01	-4.994456e+00
159           	shield_slave	-8.642285e+00	-6.175732e+00	-4.361137e+00
160           	warmPlate	-8.560780e+00	4.987454e-01	-7.469060e-01
160           	OVC	-8.989219e+00	6.568554e-01	-4.994456e+00
160           	shield_slave	-8.642285e+00	-6.175732e+00	-4.361137e+00
161           	warmPlate	-8.560780e+00	4.987454e-01	-7.469060e-01
161           	OVC	-8.989219e+00	6.568554e-01	-4.994456e+00
161           	shield_slave	-8.642285e+00	-6.175732e+00	-4.361136e+00
162           	warmPlate	-8.560780e+00	4.987454e-01	-7.469060e-01
162           	OVC	-8.989219e+00	6.568554e-01	-4.994456e+00
162           	shield_slave	-8.642285e+00	-6.175732e+00	-4.361136e+00
163           	warmPlate	-8.560780e+00	4.987454e-01	-7.469060e-01
163           	OVC	-8.989219e+00	6.568554e-01	-4.994456e+00
163           	shield_slave	-8.642285e+00	-6.175732e+00	-4.361136e+00
164           	warmPlate	-8.560780e+00	4.987454e-01	-7.469060e-01
164           	OVC	-8.989219e+00	6.568554e-01	-4.994455e+00
164           	shield_slave	-8.642285e+00	-6.175732e+00	-4.361136e+00
165           	warmPlate	-8.560780e+00	4.987454e-01	-7.469060e-01
165           	OVC	-8.989219e+00	6.568554e-01	-4.994455e+00
165           	shield_slave	-8.642285e+00	-6.175732e+00	-4.361136e+00
166           	warmPlate	-8.560780e+00	4.987454e-01	-7.469060e-01
166           	OVC	-8.989219e+00	6.568555e-01	-4.994455e+00
166           	shield_slave	-8.642285e+00	-6.175732e+00	-4.361136e+00
167           	warmPlate	-8.560780e+00	4.987454e-01	-7.469060e-01
167           	OVC	-8.989219e+00	6.568555e-01	-4.994455e+00
167           	shield_slave	-8.642285e+00	-6.175732e+00	-4.361136e+00
168           	warmPlate	-8.560780e+00	4.987454e-01	-7.469060e-01
168           	OVC	-8.989219e+00	6.568555e-01	-4.994455e+00
168           	shield_slave	-8.642285e+00	-6.175732e+00	-4.361136e+00
169           	warmPlate	-8.560780e+00	4.987454e-01	-7.469060e-01
169           	OVC	-8.989219e+00	6.568555e-01	-4.994455e+00
169           	shield_slave	-8.642285e+00	-6.175732e+00	-4.361136e+00
170           	warmPlate	-8.560780e+00	4.987454e-01	-7.469060e-01
170           	OVC	-8.989219e+00	6.568555e-01	-4.994455e+00
170           	shield_slave	-8.642285e+00	-6.175732e+00	-4.361136e+00
171           	warmPlate	-8.560780e+00	4.987454e-01	-7.469060e-01
171           	OVC	-8.989219e+00	6.568555e-01	-4.994455e+00
171           	shield_slave	-8.642285e+00	-6.175732e+00	-4.361136e+00
172           	warmPlate	-8.560780e+00	4.987454e-01	-7.469060e-01
172           	OVC	-8.989219e+00	6.568555e-01	-4.994455e+00
172           	shield_slave	-8.642285e+00	-6.175732e+00	-4.361136e+00
173           	warmPlate	-8.560780e+00	4.987454e-01	-7.469060e-01
173           	OVC	-8.989219e+00	6.568555e-01	-4.994455e+00
173           	shield_slave	-8.642285e+00	-6.175732e+00	-4.361136e+00
174           	warmPlate	-8.560780e+00	4.987454e-01	-7.469060e-01
174           	OVC	-8.989219e+00	6.568555e-01	-4.994455e+00
174           	shield_slave	-8.642285e+00	-6.175732e+00	-4.361136e+00
175           	warmPlate	-8.560780e+00	4.987454e-01	-7.469060e-01
175           	OVC	-8.989219e+00	6.568555e-01	-4.994455e+00
175           	shield_slave	-8.642285e+00	-6.175732e+00	-4.361136e+00
176           	warmPlate	-8.560780e+00	4.987454e-01	-7.469060e-01
176           	OVC	-8.989219e+00	6.568555e-01	-4.994455e+00
176           	shield_slave	-8.642285e+00	-6.175732e+00	-4.361136e+00
177           	warmPlate	-8.560780e+00	4.987454e-01	-7.469060e-01
177           	OVC	-8.989219e+00	6.568555e-01	-4.994455e+00
177           	shield_slave	-8.642285e+00	-6.175732e+00	-4.361136e+00
178           	warmPlate	-8.560780e+00	4.987454e-01	-7.469060e-01
178           	OVC	-8.989219e+00	6.568555e-01	-4.994455e+00
178           	shield_slave	-8.642285e+00	-6.175732e+00	-4.361136e+00
179           	warmPlate	-8.560780e+00	4.987454e-01	-7.469060e-01
179           	OVC	-8.989219e+00	6.568555e-01	-4.994455e+00
179           	shield_slave	-8.642285e+00	-6.175732e+00	-4.361136e+00
180           	warmPlate	-8.560780e+00	4.987454e-01	-7.469060e-01
180           	OVC	-8.989219e+00	6.568555e-01	-4.994455e+00
180           	shield_slave	-8.642285e+00	-6.175732e+00	-4.361136e+00
181           	warmPlate	-8.560780e+00	4.987454e-01	-7.469060e-01
181           	OVC	-8.989219e+00	6.568555e-01	-4.994455e+00
181           	shield_slave	-8.642285e+00	-6.175732e+00	-4.361136e+00
182           	warmPlate	-8.560780e+00	4.987454e-01	-7.469060e-01
182           	OVC	-8.989219e+00	6.568555e-01	-4.994455e+00
182           	shield_slave	-8.642285e+00	-6.175732e+00	-4.361136e+00
183           	warmPlate	-8.560780e+00	4.987454e-01	-7.469060e-01
183           	OVC	-8.989219e+00	6.568555e-01	-4.994455e+00
183           	shield_slave	-8.642285e+00	-6.175732e+00	-4.361136e+00
184           	warmPlate	-8.560780e+00	4.987454e-01	-7.469060e-01
184           	OVC	-8.989219e+00	6.568555e-01	-4.994455e+00
184           	shield_slave	-8.642285e+00	-6.175732e+00	-4.361136e+00
185           	warmPlate	-8.560780e+00	4.987454e-01	-7.469060e-01
185           	OVC	-8.989219e+00	6.568555e-01	-4.994455e+00
185           	shield_slave	-8.642285e+00	-6.175732e+00	-4.361136e+00
186           	warmPlate	-8.560780e+00	4.987454e-01	-7.469060e-01
186           	OVC	-8.989219e+00	6.568555e-01	-4.994455e+00
186           	shield_slave	-8.642285e+00	-6.175732e+00	-4.361136e+00
187           	warmPlate	-8.560780e+00	4.987454e-01	-7.469060e-01
187           	OVC	-8.989219e+00	6.568555e-01	-4.994455e+00
187           	shield_slave	-8.642285e+00	-6.175732e+00	-4.361136e+00
188           	warmPlate	-8.560780e+00	4.987454e-01	-7.469060e-01
188           	OVC	-8.989219e+00	6.568555e-01	-4.994455e+00
188           	shield_slave	-8.642285e+00	-6.175732e+00	-4.361136e+00
189           	warmPlate	-8.560780e+00	4.987454e-01	-7.469060e-01
189           	OVC	-8.989219e+00	6.568555e-01	-4.994455e+00
189           	shield_slave	-8.642285e+00	-6.175732e+00	-4.361136e+00
190           	warmPlate	-8.560780e+00	4.987454e-01	-7.469060e-01
190           	OVC	-8.989219e+00	6.568555e-01	-4.994455e+00
190           	shield_slave	-8.642285e+00	-6.175732e+00	-4.361136e+00
191           	warmPlate	-8.560780e+00	4.987454e-01	-7.469060e-01
191           	OVC	-8.989219e+00	6.568555e-01	-4.994455e+00
191           	shield_slave	-8.642285e+00	-6.175732e+00	-4.361136e+00
192           	warmPlate	-8.560780e+00	4.987454e-01	-7.469060e-01
192           	OVC	-8.989219e+00	6.568555e-01	-4.994455e+00
192           	shield_slave	-8.642285e+00	-6.175732e+00	-4.361136e+00
193           	warmPlate	-8.560780e+00	4.987454e-01	-7.469060e-01
193           	OVC	-8.989219e+00	6.568555e-01	-4.994455e+00
193           	shield_slave	-8.642285e+00	-6.175732e+00	-4.361136e+00
194           	warmPlate	-8.560780e+00	4.987454e-01	-7.469060e-01
194           	OVC	-8.989219e+00	6.568555e-01	-4.994455e+00
194           	shield_slave	-8.642285e+00	-6.175732e+00	-4.361136e+00
195           	warmPlate	-8.560780e+00	4.987454e-01	-7.469060e-01
195           	OVC	-8.989219e+00	6.568555e-01	-4.994455e+00
195           	shield_slave	-8.642285e+00	-6.175732e+00	-4.361136e+00
196           	warmPlate	-8.560780e+00	4.987454e-01	-7.469060e-01
196           	OVC	-8.989219e+00	6.568555e-01	-4.994455e+00
196           	shield_slave	-8.642285e+00	-6.175732e+00	-4.361136e+00
197           	warmPlate	-8.560780e+00	4.987454e-01	-7.469060e-01
197           	OVC	-8.989219e+00	6.568555e-01	-4.994455e+00
197           	shield_slave	-8.642285e+00	-6.175732e+00	-4.361136e+00
198           	warmPlate	-8.560780e+00	4.987454e-01	-7.469060e-01
198           	OVC	-8.989219e+00	6.568555e-01	-4.994455e+00
198           	shield_slave	-8.642285e+00	-6.175732e+00	-4.361136e+00
199           	warmPlate	-8.560780e+00	4.987454e-01	-7.469060e-01
199           	OVC	-8.989219e+00	6.568555e-01	-4.994455e+00
199           	shield_slave	-8.642285e+00	-6.175732e+00	-4.361136e+00
200           	warmPlate	-8.560780e+00	4.987454e-01	-7.469060e-01
200           	OVC	-8.989219e+00	6.568555e-01	-4.994455e+00
200           	shield_slave	-8.642285e+00	-6.175732e+00	-4.361136e+00
201           	warmPlate	-8.560780e+00	4.987454e-01	-7.469060e-01
201           	OVC	-8.989219e+00	6.568555e-01	-4.994455e+00
201           	shield_slave	-8.642285e+00	-6.175732e+00	-4.361136e+00
202           	warmPlate	-8.560780e+00	4.987454e-01	-7.469060e-01
202           	OVC	-8.989219e+00	6.568555e-01	-4.994455e+00
202           	shield_slave	-8.642285e+00	-6.175732e+00	-4.361136e+00
203           	warmPlate	-8.560780e+00	4.987455e-01	-7.469060e-01
203           	OVC	-8.989219e+00	6.568555e-01	-4.994455e+00
203           	shield_slave	-8.642285e+00	-6.175732e+00	-4.361136e+00
204           	warmPlate	-8.560780e+00	4.987455e-01	-7.469060e-01
204           	OVC	-8.989219e+00	6.568555e-01	-4.994455e+00
204           	shield_slave	-8.642285e+00	-6.175732e+00	-4.361136e+00
205           	warmPlate	-8.560780e+00	4.987455e-01	-7.469060e-01
205           	OVC	-8.989219e+00	6.568555e-01	-4.994455e+00
205           	shield_slave	-8.642285e+00	-6.175732e+00	-4.361136e+00
206           	warmPlate	-8.560780e+00	4.987455e-01	-7.469060e-01
206           	OVC	-8.989219e+00	6.568555e-01	-4.994455e+00
206           	shield_slave	-8.642285e+00	-6.175732e+00	-4.361136e+00
207           	warmPlate	-8.560780e+00	4.987455e-01	-7.469060e-01
207           	OVC	-8.989219e+00	6.568555e-01	-4.994455e+00
207           	shield_slave	-8.642285e+00	-6.175732e+00	-4.361136e+00
208           	warmPlate	-8.560780e+00	4.987455e-01	-7.469060e-01
208           	OVC	-8.989219e+00	6.568555e-01	-4.994455e+00
208           	shield_slave	-8.642285e+00	-6.175732e+00	-4.361136e+00
209           	warmPlate	-8.560780e+00	4.987455e-01	-7.469060e-01
209           	OVC	-8.989219e+00	6.568555e-01	-4.994455e+00
209           	shield_slave	-8.642285e+00	-6.175732e+00	-4.361136e+00
210           	warmPlate	-8.560780e+00	4.987455e-01	-7.469060e-01
210           	OVC	-8.989219e+00	6.568555e-01	-4.994455e+00
210           	shield_slave	-8.642285e+00	-6.175732e+00	-4.361136e+00
211           	warmPlate	-8.560780e+00	4.987455e-01	-7.469060e-01
211           	OVC	-8.989219e+00	6.568555e-01	-4.994455e+00
211           	shield_slave	-8.642285e+00	-6.175732e+00	-4.361136e+00
212           	warmPlate	-8.560780e+00	4.987455e-01	-7.469060e-01
212           	OVC	-8.989219e+00	6.568555e-01	-4.994455e+00
212           	shield_slave	-8.642285e+00	-6.175732e+00	-4.361136e+00
213           	warmPlate	-8.560780e+00	4.987455e-01	-7.469060e-01
213           	OVC	-8.989219e+00	6.568555e-01	-4.994455e+00
213           	shield_slave	-8.642285e+00	-6.175732e+00	-4.361136e+00
214           	warmPlate	-8.560780e+00	4.987455e-01	-7.469060e-01
214           	OVC	-8.989219e+00	6.568555e-01	-4.994455e+00
214           	shield_slave	-8.642285e+00	-6.175732e+00	-4.361136e+00
215           	warmPlate	-8.560780e+00	4.987455e-01	-7.469060e-01
215           	OVC	-8.989219e+00	6.568555e-01	-4.994455e+00
215           	shield_slave	-8.642285e+00	-6.175732e+00	-4.361136e+00
216           	warmPlate	-8.560780e+00	4.987455e-01	-7.469060e-01
216           	OVC	-8.989219e+00	6.568555e-01	-4.994455e+00
216           	shield_slave	-8.642285e+00	-6.175732e+00	-4.361136e+00
217           	warmPlate	-8.560780e+00	4.987455e-01	-7.469060e-01
217           	OVC	-8.989219e+00	6.568555e-01	-4.994455e+00
217           	shield_slave	-8.642285e+00	-6.175732e+00	-4.361136e+00
218           	warmPlate	-8.560780e+00	4.987455e-01	-7.469060e-01
218           	OVC	-8.989219e+00	6.568555e-01	-4.994455e+00
218           	shield_slave	-8.642285e+00	-6.175732e+00	-4.361136e+00
219           	warmPlate	-8.560780e+00	4.987455e-01	-7.469060e-01
219           	OVC	-8.989219e+00	6.568555e-01	-4.994455e+00
219           	shield_slave	-8.642285e+00	-6.175732e+00	-4.361136e+00
220           	warmPlate	-8.560780e+00	4.987455e-01	-7.469060e-01
220           	OVC	-8.989219e+00	6.568555e-01	-4.994455e+00
220           	shield_slave	-8.642285e+00	-6.175732e+00	-4.361136e+00
221           	warmPlate	-8.560780e+00	4.987455e-01	-7.469060e-01
221           	OVC	-8.989219e+00	6.568555e-01	-4.994455e+00
221           	shield_slave	-8.642285e+00	-6.175732e+00	-4.361136e+00
222           	warmPlate	-8.560780e+00	4.987455e-01	-7.469060e-01
222           	OVC	-8.989219e+00	6.568555e-01	-4.994455e+00
222           	shield_slave	-8.642285e+00	-6.175732e+00	-4.361136e+00
223           	warmPlate	-8.560780e+00	4.987455e-01	-7.469060e-01
223           	OVC	-8.989219e+00	6.568555e-01	-4.994455e+00
223           	shield_slave	-8.642285e+00	-6.175732e+00	-4.361136e+00
224           	warmPlate	-8.560780e+00	4.987455e-01	-7.469060e-01
224           	OVC	-8.989219e+00	6.568555e-01	-4.994455e+00
224           	shield_slave	-8.642285e+00	-6.175732e+00	-4.361136e+00
225           	warmPlate	-8.560780e+00	4.987455e-01	-7.469060e-01
225           	OVC	-8.989219e+00	6.568555e-01	-4.994455e+00
225           	shield_slave	-8.642285e+00	-6.175732e+00	-4.361136e+00
226           	warmPlate	-8.560780e+00	4.987455e-01	-7.469060e-01
226           	OVC	-8.989219e+00	6.568555e-01	-4.994455e+00
226           	shield_slave	-8.642285e+00	-6.175732e+00	-4.361136e+00
227           	warmPlate	-8.560780e+00	4.987455e-01	-7.469060e-01
227           	OVC	-8.989219e+00	6.568555e-01	-4.994455e+00
227           	shield_slave	-8.642285e+00	-6.175732e+00	-4.361136e+00
228           	warmPlate	-8.560780e+00	4.987455e-01	-7.469060e-01
228           	OVC	-8.989219e+00	6.568555e-01	-4.994455e+00
228           	shield_slave	-8.642285e+00	-6.175732e+00	-4.361136e+00
229           	warmPlate	-8.560780e+00	4.987455e-01	-7.469060e-01
229           	OVC	-8.989219e+00	6.568555e-01	-4.994455e+00
229           	shield_slave	-8.642285e+00	-6.175732e+00	-4.361136e+00
230           	warmPlate	-8.560780e+00	4.987455e-01	-7.469060e-01
230           	OVC	-8.989219e+00	6.568555e-01	-4.994455e+00
230           	shield_slave	-8.642285e+00	-6.175732e+00	-4.361136e+00
231           	warmPlate	-8.560780e+00	4.987455e-01	-7.469060e-01
231           	OVC	-8.989219e+00	6.568555e-01	-4.994455e+00
231           	shield_slave	-8.642285e+00	-6.175732e+00	-4.361136e+00
232           	warmPlate	-8.560780e+00	4.987455e-01	-7.469060e-01
232           	OVC	-8.989219e+00	6.568555e-01	-4.994455e+00
232           	shield_slave	-8.642285e+00	-6.175732e+00	-4.361136e+00
233           	warmPlate	-8.560780e+00	4.987455e-01	-7.469060e-01
233           	OVC	-8.989219e+00	6.568555e-01	-4.994455e+00
233           	shield_slave	-8.642285e+00	-6.175732e+00	-4.361136e+00
234           	warmPlate	-8.560780e+00	4.987455e-01	-7.469060e-01
234           	OVC	-8.989219e+00	6.568555e-01	-4.994455e+00
234           	shield_slave	-8.642285e+00	-6.175732e+00	-4.361136e+00
235           	warmPlate	-8.560780e+00	4.987455e-01	-7.469060e-01
235           	OVC	-8.989219e+00	6.568555e-01	-4.994455e+00
235           	shield_slave	-8.642285e+00	-6.175732e+00	-4.361136e+00
236           	warmPlate	-8.560780e+00	4.987455e-01	-7.469060e-01
236           	OVC	-8.989219e+00	6.568555e-01	-4.994455e+00
236           	shield_slave	-8.642285e+00	-6.175732e+00	-4.361136e+00
237           	warmPlate	-8.560780e+00	4.987455e-01	-7.469060e-01
237           	OVC	-8.989219e+00	6.568555e-01	-4.994455e+00
237           	shield_slave	-8.642285e+00	-6.175732e+00	-4.361136e+00
238           	warmPlate	-8.560780e+00	4.987455e-01	-7.469060e-01
238           	OVC	-8.989219e+00	6.568555e-01	-4.994455e+00
238           	shield_slave	-8.642285e+00	-6.175732e+00	-4.361136e+00
239           	warmPlate	-8.560780e+00	4.987455e-01	-7.469060e-01
239           	OVC	-8.989219e+00	6.568555e-01	-4.994455e+00
239           	shield_slave	-8.642285e+00	-6.175732e+00	-4.361136e+00
240           	warmPlate	-8.560780e+00	4.987455e-01	-7.469060e-01
240           	OVC	-8.989219e+00	6.568555e-01	-4.994455e+00
240           	shield_slave	-8.642285e+00	-6.175732e+00	-4.361136e+00
241           	warmPlate	-8.560780e+00	4.987455e-01	-7.469060e-01
241           	OVC	-8.989219e+00	6.568555e-01	-4.994455e+00
241           	shield_slave	-8.642285e+00	-6.175732e+00	-4.361136e+00
242           	warmPlate	-8.560780e+00	4.987455e-01	-7.469060e-01
242           	OVC	-8.989219e+00	6.568555e-01	-4.994455e+00
242           	shield_slave	-8.642285e+00	-6.175732e+00	-4.361136e+00
243           	warmPlate	-8.560780e+00	4.987455e-01	-7.469060e-01
243           	OVC	-8.989219e+00	6.568555e-01	-4.994455e+00
243           	shield_slave	-8.642285e+00	-6.175732e+00	-4.361136e+00
244           	warmPlate	-8.560780e+00	4.987455e-01	-7.469060e-01
244           	OVC	-8.989219e+00	6.568555e-01	-4.994455e+00
244           	shield_slave	-8.642285e+00	-6.175732e+00	-4.361136e+00
245           	warmPlate	-8.560780e+00	4.987455e-01	-7.469060e-01
245           	OVC	-8.989219e+00	6.568555e-01	-4.994455e+00
245           	shield_slave	-8.642285e+00	-6.175732e+00	-4.361136e+00
246           	warmPlate	-8.560780e+00	4.987455e-01	-7.469060e-01
246           	OVC	-8.989219e+00	6.568555e-01	-4.994455e+00
246           	shield_slave	-8.642285e+00	-6.175732e+00	-4.361136e+00
247           	warmPlate	-8.560780e+00	4.987455e-01	-7.469060e-01
247           	OVC	-8.989219e+00	6.568555e-01	-4.994455e+00
247           	shield_slave	-8.642285e+00	-6.175732e+00	-4.361136e+00
248           	warmPlate	-8.560780e+00	4.987455e-01	-7.469060e-01
248           	OVC	-8.989219e+00	6.568555e-01	-4.994455e+00
248           	shield_slave	-8.642285e+00	-6.175732e+00	-4.361136e+00
249           	warmPlate	-8.560780e+00	4.987455e-01	-7.469060e-01
249           	OVC	-8.989219e+00	6.568555e-01	-4.994455e+00
249           	shield_slave	-8.642285e+00	-6.175732e+00	-4.361136e+00
250           	warmPlate	-8.560780e+00	4.987455e-01	-7.469060e-01
250           	OVC	-8.989219e+00	6.568555e-01	-4.994455e+00
250           	shield_slave	-8.642285e+00	-6.175732e+00	-4.361136e+00
251           	warmPlate	-8.560780e+00	4.987455e-01	-7.469060e-01
251           	OVC	-8.989219e+00	6.568555e-01	-4.994455e+00
251           	shield_slave	-8.642285e+00	-6.175732e+00	-4.361136e+00
252           	warmPlate	-8.560780e+00	4.987455e-01	-7.469060e-01
252           	OVC	-8.989219e+00	6.568555e-01	-4.994455e+00
252           	shield_slave	-8.642285e+00	-6.175732e+00	-4.361136e+00
253           	warmPlate	-8.560780e+00	4.987455e-01	-7.469060e-01
253           	OVC	-8.989219e+00	6.568555e-01	-4.994455e+00
253           	shield_slave	-8.642285e+00	-6.175732e+00	-4.361136e+00
254           	warmPlate	-8.560780e+00	4.987455e-01	-7.469060e-01
254           	OVC	-8.989219e+00	6.568555e-01	-4.994455e+00
254           	shield_slave	-8.642285e+00	-6.175732e+00	-4.361136e+00
255           	warmPlate	-8.560780e+00	4.987455e-01	-7.469060e-01
255           	OVC	-8.989219e+00	6.568555e-01	-4.994455e+00
255           	shield_slave	-8.642285e+00	-6.175732e+00	-4.361136e+00
256           	warmPlate	-8.560780e+00	4.987455e-01	-7.469060e-01
256           	OVC	-8.989219e+00	6.568555e-01	-4.994455e+00
256           	shield_slave	-8.642285e+00	-6.175732e+00	-4.361136e+00
257           	warmPlate	-8.560780e+00	4.987455e-01	-7.469060e-01
257           	OVC	-8.989219e+00	6.568555e-01	-4.994455e+00
257           	shield_slave	-8.642285e+00	-6.175732e+00	-4.361136e+00
258           	warmPlate	-8.560780e+00	4.987455e-01	-7.469060e-01
258           	OVC	-8.989219e+00	6.568555e-01	-4.994455e+00
258           	shield_slave	-8.642285e+00	-6.175732e+00	-4.361136e+00
259           	warmPlate	-8.560780e+00	4.987455e-01	-7.469060e-01
259           	OVC	-8.989219e+00	6.568555e-01	-4.994455e+00
259           	shield_slave	-8.642285e+00	-6.175732e+00	-4.361136e+00
260           	warmPlate	-8.560780e+00	4.987455e-01	-7.469060e-01
260           	OVC	-8.989219e+00	6.568555e-01	-4.994455e+00
260           	shield_slave	-8.642285e+00	-6.175732e+00	-4.361136e+00
261           	warmPlate	-8.560780e+00	4.987455e-01	-7.469060e-01
261           	OVC	-8.989219e+00	6.568555e-01	-4.994455e+00
261           	shield_slave	-8.642285e+00	-6.175732e+00	-4.361136e+00
262           	warmPlate	-8.560780e+00	4.987455e-01	-7.469060e-01
262           	OVC	-8.989219e+00	6.568555e-01	-4.994455e+00
262           	shield_slave	-8.642285e+00	-6.175732e+00	-4.361136e+00
263           	warmPlate	-8.560780e+00	4.987455e-01	-7.469060e-01
263           	OVC	-8.989219e+00	6.568555e-01	-4.994455e+00
263           	shield_slave	-8.642285e+00	-6.175732e+00	-4.361136e+00
264           	warmPlate	-8.560780e+00	4.987455e-01	-7.469060e-01
264           	OVC	-8.989219e+00	6.568555e-01	-4.994455e+00
264           	shield_slave	-8.642285e+00	-6.175732e+00	-4.361136e+00
265           	warmPlate	-8.560780e+00	4.987455e-01	-7.469060e-01
265           	OVC	-8.989219e+00	6.568555e-01	-4.994455e+00
265           	shield_slave	-8.642285e+00	-6.175732e+00	-4.361136e+00
266           	warmPlate	-8.560780e+00	4.987455e-01	-7.469060e-01
266           	OVC	-8.989219e+00	6.568555e-01	-4.994455e+00
266           	shield_slave	-8.642285e+00	-6.175732e+00	-4.361136e+00
267           	warmPlate	-8.560780e+00	4.987455e-01	-7.469060e-01
267           	OVC	-8.989219e+00	6.568555e-01	-4.994455e+00
267           	shield_slave	-8.642285e+00	-6.175732e+00	-4.361136e+00
268           	warmPlate	-8.560780e+00	4.987455e-01	-7.469060e-01
268           	OVC	-8.989219e+00	6.568555e-01	-4.994455e+00
268           	shield_slave	-8.642285e+00	-6.175732e+00	-4.361136e+00
269           	warmPlate	-8.560780e+00	4.987455e-01	-7.469060e-01
269           	OVC	-8.989219e+00	6.568555e-01	-4.994455e+00
269           	shield_slave	-8.642285e+00	-6.175732e+00	-4.361136e+00
270           	warmPlate	-8.560780e+00	4.987455e-01	-7.469060e-01
270           	OVC	-8.989219e+00	6.568555e-01	-4.994455e+00
270           	shield_slave	-8.642285e+00	-6.175732e+00	-4.361136e+00
271           	warmPlate	-8.560780e+00	4.987455e-01	-7.469060e-01
271           	OVC	-8.989219e+00	6.568555e-01	-4.994455e+00
271           	shield_slave	-8.642285e+00	-6.175732e+00	-4.361136e+00
272           	warmPlate	-8.560780e+00	4.987455e-01	-7.469060e-01
272           	OVC	-8.989219e+00	6.568555e-01	-4.994455e+00
272           	shield_slave	-8.642285e+00	-6.175732e+00	-4.361136e+00
273           	warmPlate	-8.560780e+00	4.987455e-01	-7.469060e-01
273           	OVC	-8.989219e+00	6.568555e-01	-4.994455e+00
273           	shield_slave	-8.642285e+00	-6.175732e+00	-4.361136e+00
274           	warmPlate	-8.560780e+00	4.987455e-01	-7.469060e-01
274           	OVC	-8.989219e+00	6.568555e-01	-4.994455e+00
274           	shield_slave	-8.642285e+00	-6.175732e+00	-4.361136e+00
275           	warmPlate	-8.560780e+00	4.987455e-01	-7.469060e-01
275           	OVC	-8.989219e+00	6.568555e-01	-4.994455e+00
275           	shield_slave	-8.642285e+00	-6.175732e+00	-4.361136e+00
276           	warmPlate	-8.560780e+00	4.987455e-01	-7.469060e-01
276           	OVC	-8.989219e+00	6.568555e-01	-4.994455e+00
276           	shield_slave	-8.642285e+00	-6.175732e+00	-4.361136e+00
277           	warmPlate	-8.560780e+00	4.987455e-01	-7.469060e-01
277           	OVC	-8.989219e+00	6.568555e-01	-4.994455e+00
277           	shield_slave	-8.642285e+00	-6.175732e+00	-4.361136e+00
278           	warmPlate	-8.560780e+00	4.987455e-01	-7.469060e-01
278           	OVC	-8.989219e+00	6.568555e-01	-4.994455e+00
278           	shield_slave	-8.642285e+00	-6.175732e+00	-4.361136e+00
279           	warmPlate	-8.560780e+00	4.987455e-01	-7.469060e-01
279           	OVC	-8.989219e+00	6.568555e-01	-4.994455e+00
279           	shield_slave	-8.642285e+00	-6.175732e+00	-4.361136e+00
280           	warmPlate	-8.560780e+00	4.987455e-01	-7.469060e-01
280           	OVC	-8.989219e+00	6.568555e-01	-4.994455e+00
280           	shield_slave	-8.642285e+00	-6.175732e+00	-4.361136e+00
281           	warmPlate	-8.560780e+00	4.987455e-01	-7.469060e-01
281           	OVC	-8.989219e+00	6.568555e-01	-4.994455e+00
281           	shield_slave	-8.642285e+00	-6.175732e+00	-4.361136e+00
282           	warmPlate	-8.560780e+00	4.987455e-01	-7.469060e-01
282           	OVC	-8.989219e+00	6.568555e-01	-4.994455e+00
282           	shield_slave	-8.642285e+00	-6.175732e+00	-4.361136e+00
283           	warmPlate	-8.560780e+00	4.987455e-01	-7.469060e-01
283           	OVC	-8.989219e+00	6.568555e-01	-4.994455e+00
283           	shield_slave	-8.642285e+00	-6.175732e+00	-4.361136e+00
284           	warmPlate	-8.560780e+00	4.987455e-01	-7.469060e-01
284           	OVC	-8.989219e+00	6.568555e-01	-4.994455e+00
284           	shield_slave	-8.642285e+00	-6.175732e+00	-4.361136e+00
285           	warmPlate	-8.560780e+00	4.987455e-01	-7.469060e-01
285           	OVC	-8.989219e+00	6.568555e-01	-4.994455e+00
285           	shield_slave	-8.642285e+00	-6.175732e+00	-4.361136e+00
286           	warmPlate	-8.560780e+00	4.987455e-01	-7.469060e-01
286           	OVC	-8.989219e+00	6.568555e-01	-4.994455e+00
286           	shield_slave	-8.642285e+00	-6.175732e+00	-4.361136e+00
287           	warmPlate	-8.560780e+00	4.987455e-01	-7.469060e-01
287           	OVC	-8.989219e+00	6.568555e-01	-4.994455e+00
287           	shield_slave	-8.642285e+00	-6.175732e+00	-4.361136e+00
288           	warmPlate	-8.560780e+00	4.987455e-01	-7.469060e-01
288           	OVC	-8.989219e+00	6.568555e-01	-4.994455e+00
288           	shield_slave	-8.642285e+00	-6.175732e+00	-4.361136e+00
289           	warmPlate	-8.560780e+00	4.987455e-01	-7.469060e-01
289           	OVC	-8.989219e+00	6.568555e-01	-4.994455e+00
289           	shield_slave	-8.642285e+00	-6.175732e+00	-4.361136e+00
290           	warmPlate	-8.560780e+00	4.987455e-01	-7.469060e-01
290           	OVC	-8.989219e+00	6.568555e-01	-4.994455e+00
290           	shield_slave	-8.642285e+00	-6.175732e+00	-4.361136e+00
291           	warmPlate	-8.560780e+00	4.987455e-01	-7.469060e-01
291           	OVC	-8.989219e+00	6.568555e-01	-4.994455e+00
291           	shield_slave	-8.642285e+00	-6.175732e+00	-4.361136e+00
292           	warmPlate	-8.560780e+00	4.987455e-01	-7.469060e-01
292           	OVC	-8.989219e+00	6.568555e-01	-4.994455e+00
292           	shield_slave	-8.642285e+00	-6.175732e+00	-4.361136e+00
293           	warmPlate	-8.560780e+00	4.987455e-01	-7.469060e-01
293           	OVC	-8.989219e+00	6.568555e-01	-4.994455e+00
293           	shield_slave	-8.642285e+00	-6.175732e+00	-4.361136e+00
294           	warmPlate	-8.560780e+00	4.987455e-01	-7.469060e-01
294           	OVC	-8.989219e+00	6.568555e-01	-4.994455e+00
294           	shield_slave	-8.642285e+00	-6.175732e+00	-4.361136e+00
295           	warmPlate	-8.560780e+00	4.987455e-01	-7.469060e-01
295           	OVC	-8.989219e+00	6.568555e-01	-4.994455e+00
295           	shield_slave	-8.642285e+00	-6.175732e+00	-4.361136e+00
296           	warmPlate	-8.560780e+00	4.987455e-01	-7.469060e-01
296           	OVC	-8.989219e+00	6.568555e-01	-4.994455e+00
296           	shield_slave	-8.642285e+00	-6.175732e+00	-4.361136e+00
297           	warmPlate	-8.560780e+00	4.987455e-01	-7.469060e-01
297           	OVC	-8.989219e+00	6.568555e-01	-4.994455e+00
297           	shield_slave	-8.642285e+00	-6.175732e+00	-4.361136e+00
298           	warmPlate	-8.560780e+00	4.987455e-01	-7.469060e-01
298           	OVC	-8.989219e+00	6.568555e-01	-4.994455e+00
298           	shield_slave	-8.642285e+00	-6.175732e+00	-4.361136e+00
299           	warmPlate	-8.560780e+00	4.987455e-01	-7.469060e-01
299           	OVC	-8.989219e+00	6.568555e-01	-4.994455e+00
299           	shield_slave	-8.642285e+00	-6.175732e+00	-4.361136e+00
300           	warmPlate	-8.560780e+00	4.987455e-01	-7.469060e-01
300           	OVC	-8.989219e+00	6.568555e-01	-4.994455e+00
300           	shield_slave	-8.642285e+00	-6.175732e+00	-4.361136e+00
301           	warmPlate	-8.560780e+00	4.987455e-01	-7.469060e-01
301           	OVC	-8.989219e+00	6.568555e-01	-4.994455e+00
301           	shield_slave	-8.642285e+00	-6.175732e+00	-4.361136e+00
302           	warmPlate	-8.560780e+00	4.987455e-01	-7.469060e-01
302           	OVC	-8.989219e+00	6.568555e-01	-4.994455e+00
302           	shield_slave	-8.642285e+00	-6.175732e+00	-4.361136e+00
303           	warmPlate	-8.560780e+00	4.987455e-01	-7.469060e-01
303           	OVC	-8.989219e+00	6.568555e-01	-4.994455e+00
303           	shield_slave	-8.642285e+00	-6.175732e+00	-4.361136e+00
304           	warmPlate	-8.560780e+00	4.987455e-01	-7.469060e-01
304           	OVC	-8.989219e+00	6.568555e-01	-4.994455e+00
304           	shield_slave	-8.642285e+00	-6.175732e+00	-4.361136e+00
305           	warmPlate	-8.560780e+00	4.987455e-01	-7.469060e-01
305           	OVC	-8.989219e+00	6.568555e-01	-4.994455e+00
305           	shield_slave	-8.642285e+00	-6.175732e+00	-4.361136e+00
306           	warmPlate	-8.560780e+00	4.987455e-01	-7.469060e-01
306           	OVC	-8.989219e+00	6.568555e-01	-4.994455e+00
306           	shield_slave	-8.642285e+00	-6.175732e+00	-4.361136e+00
307           	warmPlate	-8.560780e+00	4.987455e-01	-7.469060e-01
307           	OVC	-8.989219e+00	6.568555e-01	-4.994455e+00
307           	shield_slave	-8.642285e+00	-6.175732e+00	-4.361136e+00
308           	warmPlate	-8.560780e+00	4.987455e-01	-7.469060e-01
308           	OVC	-8.989219e+00	6.568555e-01	-4.994455e+00
308           	shield_slave	-8.642285e+00	-6.175732e+00	-4.361136e+00
309           	warmPlate	-8.560780e+00	4.987455e-01	-7.469060e-01
309           	OVC	-8.989219e+00	6.568555e-01	-4.994455e+00
309           	shield_slave	-8.642285e+00	-6.175732e+00	-4.361136e+00
310           	warmPlate	-8.560780e+00	4.987455e-01	-7.469060e-01
310           	OVC	-8.989219e+00	6.568555e-01	-4.994455e+00
310           	shield_slave	-8.642285e+00	-6.175732e+00	-4.361136e+00
311           	warmPlate	-8.560780e+00	4.987455e-01	-7.469060e-01
311           	OVC	-8.989219e+00	6.568555e-01	-4.994455e+00
311           	shield_slave	-8.642285e+00	-6.175732e+00	-4.361136e+00
312           	warmPlate	-8.560780e+00	4.987455e-01	-7.469060e-01
312           	OVC	-8.989219e+00	6.568555e-01	-4.994455e+00
312           	shield_slave	-8.642285e+00	-6.175732e+00	-4.361136e+00
313           	warmPlate	-8.560780e+00	4.987455e-01	-7.469060e-01
313           	OVC	-8.989219e+00	6.568555e-01	-4.994455e+00
313           	shield_slave	-8.642285e+00	-6.175732e+00	-4.361136e+00
314           	warmPlate	-8.560780e+00	4.987455e-01	-7.469060e-01
314           	OVC	-8.989219e+00	6.568555e-01	-4.994455e+00
314           	shield_slave	-8.642285e+00	-6.175732e+00	-4.361136e+00
315           	warmPlate	-8.560780e+00	4.987455e-01	-7.469060e-01
315           	OVC	-8.989219e+00	6.568555e-01	-4.994455e+00
315           	shield_slave	-8.642285e+00	-6.175732e+00	-4.361136e+00
316           	warmPlate	-8.560780e+00	4.987455e-01	-7.469060e-01
316           	OVC	-8.989219e+00	6.568555e-01	-4.994455e+00
316           	shield_slave	-8.642285e+00	-6.175732e+00	-4.361136e+00
317           	warmPlate	-8.560780e+00	4.987455e-01	-7.469060e-01
317           	OVC	-8.989219e+00	6.568555e-01	-4.994455e+00
317           	shield_slave	-8.642285e+00	-6.175732e+00	-4.361136e+00
318           	warmPlate	-8.560780e+00	4.987455e-01	-7.469060e-01
318           	OVC	-8.989219e+00	6.568555e-01	-4.994455e+00
318           	shield_slave	-8.642285e+00	-6.175732e+00	-4.361136e+00
319           	warmPlate	-8.560780e+00	4.987455e-01	-7.469060e-01
319           	OVC	-8.989219e+00	6.568555e-01	-4.994455e+00
319           	shield_slave	-8.642285e+00	-6.175732e+00	-4.361136e+00
320           	warmPlate	-8.560780e+00	4.987455e-01	-7.469060e-01
320           	OVC	-8.989219e+00	6.568555e-01	-4.994455e+00
320           	shield_slave	-8.642285e+00	-6.175732e+00	-4.361136e+00
321           	warmPlate	-8.560780e+00	4.987455e-01	-7.469060e-01
321           	OVC	-8.989219e+00	6.568555e-01	-4.994455e+00
321           	shield_slave	-8.642285e+00	-6.175732e+00	-4.361136e+00
322           	warmPlate	-8.560780e+00	4.987455e-01	-7.469060e-01
322           	OVC	-8.989219e+00	6.568555e-01	-4.994455e+00
322           	shield_slave	-8.642285e+00	-6.175732e+00	-4.361136e+00
323           	warmPlate	-8.560780e+00	4.987455e-01	-7.469060e-01
323           	OVC	-8.989219e+00	6.568555e-01	-4.994455e+00
323           	shield_slave	-8.642285e+00	-6.175732e+00	-4.361136e+00
324           	warmPlate	-8.560780e+00	4.987455e-01	-7.469060e-01
324           	OVC	-8.989219e+00	6.568555e-01	-4.994455e+00
324           	shield_slave	-8.642285e+00	-6.175732e+00	-4.361136e+00
325           	warmPlate	-8.560780e+00	4.987455e-01	-7.469060e-01
325           	OVC	-8.989219e+00	6.568555e-01	-4.994455e+00
325           	shield_slave	-8.642285e+00	-6.175732e+00	-4.361136e+00
326           	warmPlate	-8.560780e+00	4.987455e-01	-7.469060e-01
326           	OVC	-8.989219e+00	6.568555e-01	-4.994455e+00
326           	shield_slave	-8.642285e+00	-6.175732e+00	-4.361136e+00
327           	warmPlate	-8.560780e+00	4.987455e-01	-7.469060e-01
327           	OVC	-8.989219e+00	6.568555e-01	-4.994455e+00
327           	shield_slave	-8.642285e+00	-6.175732e+00	-4.361136e+00
328           	warmPlate	-8.560780e+00	4.987455e-01	-7.469060e-01
328           	OVC	-8.989219e+00	6.568555e-01	-4.994455e+00
328           	shield_slave	-8.642285e+00	-6.175732e+00	-4.361136e+00
329           	warmPlate	-8.560780e+00	4.987455e-01	-7.469060e-01
329           	OVC	-8.989219e+00	6.568555e-01	-4.994455e+00
329           	shield_slave	-8.642285e+00	-6.175732e+00	-4.361136e+00
330           	warmPlate	-8.560780e+00	4.987455e-01	-7.469060e-01
330           	OVC	-8.989219e+00	6.568555e-01	-4.994455e+00
330           	shield_slave	-8.642285e+00	-6.175732e+00	-4.361136e+00
331           	warmPlate	-8.560780e+00	4.987455e-01	-7.469060e-01
331           	OVC	-8.989219e+00	6.568555e-01	-4.994455e+00
331           	shield_slave	-8.642285e+00	-6.175732e+00	-4.361136e+00
332           	warmPlate	-8.560780e+00	4.987455e-01	-7.469060e-01
332           	OVC	-8.989219e+00	6.568555e-01	-4.994455e+00
332           	shield_slave	-8.642285e+00	-6.175732e+00	-4.361136e+00
333           	warmPlate	-8.560780e+00	4.987455e-01	-7.469060e-01
333           	OVC	-8.989219e+00	6.568555e-01	-4.994455e+00
333           	shield_slave	-8.642285e+00	-6.175732e+00	-4.361136e+00
334           	warmPlate	-8.560780e+00	4.987455e-01	-7.469060e-01
334           	OVC	-8.989219e+00	6.568555e-01	-4.994455e+00
334           	shield_slave	-8.642285e+00	-6.175732e+00	-4.361136e+00
335           	warmPlate	-8.560780e+00	4.987455e-01	-7.469060e-01
335           	OVC	-8.989219e+00	6.568555e-01	-4.994455e+00
335           	shield_slave	-8.642285e+00	-6.175732e+00	-4.361136e+00
336           	warmPlate	-8.560780e+00	4.987455e-01	-7.469060e-01
336           	OVC	-8.989219e+00	6.568555e-01	-4.994455e+00
336           	shield_slave	-8.642285e+00	-6.175732e+00	-4.361136e+00
337           	warmPlate	-8.560780e+00	4.987455e-01	-7.469060e-01
337           	OVC	-8.989219e+00	6.568555e-01	-4.994455e+00
337           	shield_slave	-8.642285e+00	-6.175732e+00	-4.361136e+00
338           	warmPlate	-8.560780e+00	4.987455e-01	-7.469060e-01
338           	OVC	-8.989219e+00	6.568555e-01	-4.994455e+00
338           	shield_slave	-8.642285e+00	-6.175732e+00	-4.361136e+00
339           	warmPlate	-8.560780e+00	4.987455e-01	-7.469060e-01
339           	OVC	-8.989219e+00	6.568555e-01	-4.994455e+00
339           	shield_slave	-8.642285e+00	-6.175732e+00	-4.361136e+00
340           	warmPlate	-8.560780e+00	4.987455e-01	-7.469060e-01
340           	OVC	-8.989219e+00	6.568555e-01	-4.994455e+00
340           	shield_slave	-8.642285e+00	-6.175732e+00	-4.361136e+00
341           	warmPlate	-8.560780e+00	4.987455e-01	-7.469060e-01
341           	OVC	-8.989219e+00	6.568555e-01	-4.994455e+00
341           	shield_slave	-8.642285e+00	-6.175732e+00	-4.361136e+00
342           	warmPlate	-8.560780e+00	4.987455e-01	-7.469060e-01
342           	OVC	-8.989219e+00	6.568555e-01	-4.994455e+00
342           	shield_slave	-8.642285e+00	-6.175732e+00	-4.361136e+00
343           	warmPlate	-8.560780e+00	4.987455e-01	-7.469060e-01
343           	OVC	-8.989219e+00	6.568555e-01	-4.994455e+00
343           	shield_slave	-8.642285e+00	-6.175732e+00	-4.361136e+00
344           	warmPlate	-8.560780e+00	4.987455e-01	-7.469060e-01
344           	OVC	-8.989219e+00	6.568555e-01	-4.994455e+00
344           	shield_slave	-8.642285e+00	-6.175732e+00	-4.361136e+00
345           	warmPlate	-8.560780e+00	4.987455e-01	-7.469060e-01
345           	OVC	-8.989219e+00	6.568555e-01	-4.994455e+00
345           	shield_slave	-8.642285e+00	-6.175732e+00	-4.361136e+00
346           	warmPlate	-8.560780e+00	4.987455e-01	-7.469060e-01
346           	OVC	-8.989219e+00	6.568555e-01	-4.994455e+00
346           	shield_slave	-8.642285e+00	-6.175732e+00	-4.361136e+00
347           	warmPlate	-8.560780e+00	4.987455e-01	-7.469060e-01
347           	OVC	-8.989219e+00	6.568555e-01	-4.994455e+00
347           	shield_slave	-8.642285e+00	-6.175732e+00	-4.361136e+00
348           	warmPlate	-8.560780e+00	4.987455e-01	-7.469060e-01
348           	OVC	-8.989219e+00	6.568555e-01	-4.994455e+00
348           	shield_slave	-8.642285e+00	-6.175732e+00	-4.361136e+00
349           	warmPlate	-8.560780e+00	4.987455e-01	-7.469060e-01
349           	OVC	-8.989219e+00	6.568555e-01	-4.994455e+00
349           	shield_slave	-8.642285e+00	-6.175732e+00	-4.361136e+00
350           	warmPlate	-8.560780e+00	4.987455e-01	-7.469060e-01
350           	OVC	-8.989219e+00	6.568555e-01	-4.994455e+00
350           	shield_slave	-8.642285e+00	-6.175732e+00	-4.361136e+00
351           	warmPlate	-8.560780e+00	4.987455e-01	-7.469060e-01
351           	OVC	-8.989219e+00	6.568555e-01	-4.994455e+00
351           	shield_slave	-8.642285e+00	-6.175732e+00	-4.361136e+00
352           	warmPlate	-8.560780e+00	4.987455e-01	-7.469060e-01
352           	OVC	-8.989219e+00	6.568555e-01	-4.994455e+00
352           	shield_slave	-8.642285e+00	-6.175732e+00	-4.361136e+00
353           	warmPlate	-8.560780e+00	4.987455e-01	-7.469060e-01
353           	OVC	-8.989219e+00	6.568555e-01	-4.994455e+00
353           	shield_slave	-8.642285e+00	-6.175732e+00	-4.361136e+00
354           	warmPlate	-8.560780e+00	4.987455e-01	-7.469060e-01
354           	OVC	-8.989219e+00	6.568555e-01	-4.994455e+00
354           	shield_slave	-8.642285e+00	-6.175732e+00	-4.361136e+00
355           	warmPlate	-8.560780e+00	4.987455e-01	-7.469060e-01
355           	OVC	-8.989219e+00	6.568555e-01	-4.994455e+00
355           	shield_slave	-8.642285e+00	-6.175732e+00	-4.361136e+00
356           	warmPlate	-8.560780e+00	4.987455e-01	-7.469060e-01
356           	OVC	-8.989219e+00	6.568555e-01	-4.994455e+00
356           	shield_slave	-8.642285e+00	-6.175732e+00	-4.361136e+00
357           	warmPlate	-8.560780e+00	4.987455e-01	-7.469060e-01
357           	OVC	-8.989219e+00	6.568555e-01	-4.994455e+00
357           	shield_slave	-8.642285e+00	-6.175732e+00	-4.361136e+00
358           	warmPlate	-8.560780e+00	4.987455e-01	-7.469060e-01
358           	OVC	-8.989219e+00	6.568555e-01	-4.994455e+00
358           	shield_slave	-8.642285e+00	-6.175732e+00	-4.361136e+00
359           	warmPlate	-8.560780e+00	4.987455e-01	-7.469060e-01
359           	OVC	-8.989219e+00	6.568555e-01	-4.994455e+00
359           	shield_slave	-8.642285e+00	-6.175732e+00	-4.361136e+00
360           	warmPlate	-8.560780e+00	4.987455e-01	-7.469060e-01
360           	OVC	-8.989219e+00	6.568555e-01	-4.994455e+00
360           	shield_slave	-8.642285e+00	-6.175732e+00	-4.361136e+00
361           	warmPlate	-8.560780e+00	4.987455e-01	-7.469060e-01
361           	OVC	-8.989219e+00	6.568555e-01	-4.994455e+00
361           	shield_slave	-8.642285e+00	-6.175732e+00	-4.361136e+00
362           	warmPlate	-8.560780e+00	4.987455e-01	-7.469060e-01
362           	OVC	-8.989219e+00	6.568555e-01	-4.994455e+00
362           	shield_slave	-8.642285e+00	-6.175732e+00	-4.361136e+00
363           	warmPlate	-8.560780e+00	4.987455e-01	-7.469060e-01
363           	OVC	-8.989219e+00	6.568555e-01	-4.994455e+00
363           	shield_slave	-8.642285e+00	-6.175732e+00	-4.361136e+00
364           	warmPlate	-8.560780e+00	4.987455e-01	-7.469060e-01
364           	OVC	-8.989219e+00	6.568555e-01	-4.994455e+00
364           	shield_slave	-8.642285e+00	-6.175732e+00	-4.361136e+00
365           	warmPlate	-8.560780e+00	4.987455e-01	-7.469060e-01
365           	OVC	-8.989219e+00	6.568555e-01	-4.994455e+00
365           	shield_slave	-8.642285e+00	-6.175732e+00	-4.361136e+00
366           	warmPlate	-8.560780e+00	4.987455e-01	-7.469060e-01
366           	OVC	-8.989219e+00	6.568555e-01	-4.994455e+00
366           	shield_slave	-8.642285e+00	-6.175732e+00	-4.361136e+00
367           	warmPlate	-8.560780e+00	4.987455e-01	-7.469060e-01
367           	OVC	-8.989219e+00	6.568555e-01	-4.994455e+00
367           	shield_slave	-8.642285e+00	-6.175732e+00	-4.361136e+00
368           	warmPlate	-8.560780e+00	4.987455e-01	-7.469060e-01
368           	OVC	-8.989219e+00	6.568555e-01	-4.994455e+00
368           	shield_slave	-8.642285e+00	-6.175732e+00	-4.361136e+00
369           	warmPlate	-8.560780e+00	4.987455e-01	-7.469060e-01
369           	OVC	-8.989219e+00	6.568555e-01	-4.994455e+00
369           	shield_slave	-8.642285e+00	-6.175732e+00	-4.361136e+00
370           	warmPlate	-8.560780e+00	4.987455e-01	-7.469060e-01
370           	OVC	-8.989219e+00	6.568555e-01	-4.994455e+00
370           	shield_slave	-8.642285e+00	-6.175732e+00	-4.361136e+00
371           	warmPlate	-8.560780e+00	4.987455e-01	-7.469060e-01
371           	OVC	-8.989219e+00	6.568555e-01	-4.994455e+00
371           	shield_slave	-8.642285e+00	-6.175732e+00	-4.361136e+00
372           	warmPlate	-8.560780e+00	4.987455e-01	-7.469060e-01
372           	OVC	-8.989219e+00	6.568555e-01	-4.994455e+00
372           	shield_slave	-8.642285e+00	-6.175732e+00	-4.361136e+00
373           	warmPlate	-8.560780e+00	4.987455e-01	-7.469060e-01
373           	OVC	-8.989219e+00	6.568555e-01	-4.994455e+00
373           	shield_slave	-8.642285e+00	-6.175732e+00	-4.361136e+00
374           	warmPlate	-8.560780e+00	4.987455e-01	-7.469060e-01
374           	OVC	-8.989219e+00	6.568555e-01	-4.994455e+00
374           	shield_slave	-8.642285e+00	-6.175732e+00	-4.361136e+00
375           	warmPlate	-8.560780e+00	4.987455e-01	-7.469060e-01
375           	OVC	-8.989219e+00	6.568555e-01	-4.994455e+00
375           	shield_slave	-8.642285e+00	-6.175732e+00	-4.361136e+00
376           	warmPlate	-8.560780e+00	4.987455e-01	-7.469060e-01
376           	OVC	-8.989219e+00	6.568555e-01	-4.994455e+00
376           	shield_slave	-8.642285e+00	-6.175732e+00	-4.361136e+00
377           	warmPlate	-8.560780e+00	4.987455e-01	-7.469060e-01
377           	OVC	-8.989219e+00	6.568555e-01	-4.994455e+00
377           	shield_slave	-8.642285e+00	-6.175732e+00	-4.361136e+00
378           	warmPlate	-8.560780e+00	4.987455e-01	-7.469060e-01
378           	OVC	-8.989219e+00	6.568555e-01	-4.994455e+00
378           	shield_slave	-8.642285e+00	-6.175732e+00	-4.361136e+00
379           	warmPlate	-8.560780e+00	4.987455e-01	-7.469060e-01
379           	OVC	-8.989219e+00	6.568555e-01	-4.994455e+00
379           	shield_slave	-8.642285e+00	-6.175732e+00	-4.361136e+00
380           	warmPlate	-8.560780e+00	4.987455e-01	-7.469060e-01
380           	OVC	-8.989219e+00	6.568555e-01	-4.994455e+00
380           	shield_slave	-8.642285e+00	-6.175732e+00	-4.361136e+00
381           	warmPlate	-8.560780e+00	4.987455e-01	-7.469060e-01
381           	OVC	-8.989219e+00	6.568555e-01	-4.994455e+00
381           	shield_slave	-8.642285e+00	-6.175732e+00	-4.361136e+00
382           	warmPlate	-8.560780e+00	4.987455e-01	-7.469060e-01
382           	OVC	-8.989219e+00	6.568555e-01	-4.994455e+00
382           	shield_slave	-8.642285e+00	-6.175732e+00	-4.361136e+00
383           	warmPlate	-8.560780e+00	4.987455e-01	-7.469060e-01
383           	OVC	-8.989219e+00	6.568555e-01	-4.994455e+00
383           	shield_slave	-8.642285e+00	-6.175732e+00	-4.361136e+00
384           	warmPlate	-8.560780e+00	4.987455e-01	-7.469060e-01
384           	OVC	-8.989219e+00	6.568555e-01	-4.994455e+00
384           	shield_slave	-8.642285e+00	-6.175732e+00	-4.361136e+00
385           	warmPlate	-8.560780e+00	4.987455e-01	-7.469060e-01
385           	OVC	-8.989219e+00	6.568555e-01	-4.994455e+00
385           	shield_slave	-8.642285e+00	-6.175732e+00	-4.361136e+00
386           	warmPlate	-8.560780e+00	4.987455e-01	-7.469060e-01
386           	OVC	-8.989219e+00	6.568555e-01	-4.994455e+00
386           	shield_slave	-8.642285e+00	-6.175732e+00	-4.361136e+00
387           	warmPlate	-8.560780e+00	4.987455e-01	-7.469060e-01
387           	OVC	-8.989219e+00	6.568555e-01	-4.994455e+00
387           	shield_slave	-8.642285e+00	-6.175732e+00	-4.361136e+00
388           	warmPlate	-8.560780e+00	4.987455e-01	-7.469060e-01
388           	OVC	-8.989219e+00	6.568555e-01	-4.994455e+00
388           	shield_slave	-8.642285e+00	-6.175732e+00	-4.361136e+00
389           	warmPlate	-8.560780e+00	4.987455e-01	-7.469060e-01
389           	OVC	-8.989219e+00	6.568555e-01	-4.994455e+00
389           	shield_slave	-8.642285e+00	-6.175732e+00	-4.361136e+00
390           	warmPlate	-8.560780e+00	4.987455e-01	-7.469060e-01
390           	OVC	-8.989219e+00	6.568555e-01	-4.994455e+00
390           	shield_slave	-8.642285e+00	-6.175732e+00	-4.361136e+00
391           	warmPlate	-8.560780e+00	4.987455e-01	-7.469060e-01
391           	OVC	-8.989219e+00	6.568555e-01	-4.994455e+00
391           	shield_slave	-8.642285e+00	-6.175732e+00	-4.361136e+00
392           	warmPlate	-8.560780e+00	4.987455e-01	-7.469060e-01
392           	OVC	-8.989219e+00	6.568555e-01	-4.994455e+00
392           	shield_slave	-8.642285e+00	-6.175732e+00	-4.361136e+00
393           	warmPlate	-8.560780e+00	4.987455e-01	-7.469060e-01
393           	OVC	-8.989219e+00	6.568555e-01	-4.994455e+00
393           	shield_slave	-8.642285e+00	-6.175732e+00	-4.361136e+00
394           	warmPlate	-8.560780e+00	4.987455e-01	-7.469060e-01
394           	OVC	-8.989219e+00	6.568555e-01	-4.994455e+00
394           	shield_slave	-8.642285e+00	-6.175732e+00	-4.361136e+00
395           	warmPlate	-8.560780e+00	4.987455e-01	-7.469060e-01
395           	OVC	-8.989219e+00	6.568555e-01	-4.994455e+00
395           	shield_slave	-8.642285e+00	-6.175732e+00	-4.361136e+00
396           	warmPlate	-8.560780e+00	4.987455e-01	-7.469060e-01
396           	OVC	-8.989219e+00	6.568555e-01	-4.994455e+00
396           	shield_slave	-8.642285e+00	-6.175732e+00	-4.361136e+00
397           	warmPlate	-8.560780e+00	4.987455e-01	-7.469060e-01
397           	OVC	-8.989219e+00	6.568555e-01	-4.994455e+00
397           	shield_slave	-8.642285e+00	-6.175732e+00	-4.361136e+00
398           	warmPlate	-8.560780e+00	4.987455e-01	-7.469060e-01
398           	OVC	-8.989219e+00	6.568555e-01	-4.994455e+00
398           	shield_slave	-8.642285e+00	-6.175732e+00	-4.361136e+00
399           	warmPlate	-8.560780e+00	4.987455e-01	-7.469060e-01
399           	OVC	-8.989219e+00	6.568555e-01	-4.994455e+00
399           	shield_slave	-8.642285e+00	-6.175732e+00	-4.361136e+00
400           	warmPlate	-8.560780e+00	4.987455e-01	-7.469060e-01
400           	OVC	-8.989219e+00	6.568555e-01	-4.994455e+00
400           	shield_slave	-8.642285e+00	-6.175732e+00	-4.361136e+00
401           	warmPlate	-8.560780e+00	4.987455e-01	-7.469060e-01
401           	OVC	-8.989219e+00	6.568555e-01	-4.994455e+00
401           	shield_slave	-8.642285e+00	-6.175732e+00	-4.361136e+00
402           	warmPlate	-8.560780e+00	4.987455e-01	-7.469060e-01
402           	OVC	-8.989219e+00	6.568555e-01	-4.994455e+00
402           	shield_slave	-8.642285e+00	-6.175732e+00	-4.361136e+00
403           	warmPlate	-8.560780e+00	4.987455e-01	-7.469060e-01
403           	OVC	-8.989219e+00	6.568555e-01	-4.994455e+00
403           	shield_slave	-8.642285e+00	-6.175732e+00	-4.361136e+00
404           	warmPlate	-8.560780e+00	4.987455e-01	-7.469060e-01
404           	OVC	-8.989219e+00	6.568555e-01	-4.994455e+00
404           	shield_slave	-8.642285e+00	-6.175732e+00	-4.361136e+00
405           	warmPlate	-8.560780e+00	4.987455e-01	-7.469060e-01
405           	OVC	-8.989219e+00	6.568555e-01	-4.994455e+00
405           	shield_slave	-8.642285e+00	-6.175732e+00	-4.361136e+00
406           	warmPlate	-8.560780e+00	4.987455e-01	-7.469060e-01
406           	OVC	-8.989219e+00	6.568555e-01	-4.994455e+00
406           	shield_slave	-8.642285e+00	-6.175732e+00	-4.361136e+00
407           	warmPlate	-8.560780e+00	4.987455e-01	-7.469060e-01
407           	OVC	-8.989219e+00	6.568555e-01	-4.994455e+00
407           	shield_slave	-8.642285e+00	-6.175732e+00	-4.361136e+00
408           	warmPlate	-8.560780e+00	4.987455e-01	-7.469060e-01
408           	OVC	-8.989219e+00	6.568555e-01	-4.994455e+00
408           	shield_slave	-8.642285e+00	-6.175732e+00	-4.361136e+00
409           	warmPlate	-8.560780e+00	4.987455e-01	-7.469060e-01
409           	OVC	-8.989219e+00	6.568555e-01	-4.994455e+00
409           	shield_slave	-8.642285e+00	-6.175732e+00	-4.361136e+00
410           	warmPlate	-8.560780e+00	4.987455e-01	-7.469060e-01
410           	OVC	-8.989219e+00	6.568555e-01	-4.994455e+00
410           	shield_slave	-8.642285e+00	-6.175732e+00	-4.361136e+00
411           	warmPlate	-8.560780e+00	4.987455e-01	-7.469060e-01
411           	OVC	-8.989219e+00	6.568555e-01	-4.994455e+00
411           	shield_slave	-8.642285e+00	-6.175732e+00	-4.361136e+00
412           	warmPlate	-8.560780e+00	4.987455e-01	-7.469060e-01
412           	OVC	-8.989219e+00	6.568555e-01	-4.994455e+00
412           	shield_slave	-8.642285e+00	-6.175732e+00	-4.361136e+00
413           	warmPlate	-8.560780e+00	4.987455e-01	-7.469060e-01
413           	OVC	-8.989219e+00	6.568555e-01	-4.994455e+00
413           	shield_slave	-8.642285e+00	-6.175732e+00	-4.361136e+00
414           	warmPlate	-8.560780e+00	4.987455e-01	-7.469060e-01
414           	OVC	-8.989219e+00	6.568555e-01	-4.994455e+00
414           	shield_slave	-8.642285e+00	-6.175732e+00	-4.361136e+00
415           	warmPlate	-8.560780e+00	4.987455e-01	-7.469060e-01
415           	OVC	-8.989219e+00	6.568555e-01	-4.994455e+00
415           	shield_slave	-8.642285e+00	-6.175732e+00	-4.361136e+00
416           	warmPlate	-8.560780e+00	4.987455e-01	-7.469060e-01
416           	OVC	-8.989219e+00	6.568555e-01	-4.994455e+00
416           	shield_slave	-8.642285e+00	-6.175732e+00	-4.361136e+00
417           	warmPlate	-8.560780e+00	4.987455e-01	-7.469060e-01
417           	OVC	-8.989219e+00	6.568555e-01	-4.994455e+00
417           	shield_slave	-8.642285e+00	-6.175732e+00	-4.361136e+00
418           	warmPlate	-8.560780e+00	4.987455e-01	-7.469060e-01
418           	OVC	-8.989219e+00	6.568555e-01	-4.994455e+00
418           	shield_slave	-8.642285e+00	-6.175732e+00	-4.361136e+00
419           	warmPlate	-8.560780e+00	4.987455e-01	-7.469060e-01
419           	OVC	-8.989219e+00	6.568555e-01	-4.994455e+00
419           	shield_slave	-8.642285e+00	-6.175732e+00	-4.361136e+00
420           	warmPlate	-8.560780e+00	4.987455e-01	-7.469060e-01
420           	OVC	-8.989219e+00	6.568555e-01	-4.994455e+00
420           	shield_slave	-8.642285e+00	-6.175732e+00	-4.361136e+00
421           	warmPlate	-8.560780e+00	4.987455e-01	-7.469060e-01
421           	OVC	-8.989219e+00	6.568555e-01	-4.994455e+00
421           	shield_slave	-8.642285e+00	-6.175732e+00	-4.361136e+00
422           	warmPlate	-8.560780e+00	4.987455e-01	-7.469060e-01
422           	OVC	-8.989219e+00	6.568555e-01	-4.994455e+00
422           	shield_slave	-8.642285e+00	-6.175732e+00	-4.361136e+00
423           	warmPlate	-8.560780e+00	4.987455e-01	-7.469060e-01
423           	OVC	-8.989219e+00	6.568555e-01	-4.994455e+00
423           	shield_slave	-8.642285e+00	-6.175732e+00	-4.361136e+00
424           	warmPlate	-8.560780e+00	4.987455e-01	-7.469060e-01
424           	OVC	-8.989219e+00	6.568555e-01	-4.994455e+00
424           	shield_slave	-8.642285e+00	-6.175732e+00	-4.361136e+00
425           	warmPlate	-8.560780e+00	4.987455e-01	-7.469060e-01
425           	OVC	-8.989219e+00	6.568555e-01	-4.994455e+00
425           	shield_slave	-8.642285e+00	-6.175732e+00	-4.361136e+00
426           	warmPlate	-8.560780e+00	4.987455e-01	-7.469060e-01
426           	OVC	-8.989219e+00	6.568555e-01	-4.994455e+00
426           	shield_slave	-8.642285e+00	-6.175732e+00	-4.361136e+00
427           	warmPlate	-8.560780e+00	4.987455e-01	-7.469060e-01
427           	OVC	-8.989219e+00	6.568555e-01	-4.994455e+00
427           	shield_slave	-8.642285e+00	-6.175732e+00	-4.361136e+00
428           	warmPlate	-8.560780e+00	4.987455e-01	-7.469060e-01
428           	OVC	-8.989219e+00	6.568555e-01	-4.994455e+00
428           	shield_slave	-8.642285e+00	-6.175732e+00	-4.361136e+00
429           	warmPlate	-8.560780e+00	4.987455e-01	-7.469060e-01
429           	OVC	-8.989219e+00	6.568555e-01	-4.994455e+00
429           	shield_slave	-8.642285e+00	-6.175732e+00	-4.361136e+00
430           	warmPlate	-8.560780e+00	4.987455e-01	-7.469060e-01
430           	OVC	-8.989219e+00	6.568555e-01	-4.994455e+00
430           	shield_slave	-8.642285e+00	-6.175732e+00	-4.361136e+00
431           	warmPlate	-8.560780e+00	4.987455e-01	-7.469060e-01
431           	OVC	-8.989219e+00	6.568555e-01	-4.994455e+00
431           	shield_slave	-8.642285e+00	-6.175732e+00	-4.361136e+00
432           	warmPlate	-8.560780e+00	4.987455e-01	-7.469060e-01
432           	OVC	-8.989219e+00	6.568555e-01	-4.994455e+00
432           	shield_slave	-8.642285e+00	-6.175732e+00	-4.361136e+00
433           	warmPlate	-8.560780e+00	4.987455e-01	-7.469060e-01
433           	OVC	-8.989219e+00	6.568555e-01	-4.994455e+00
433           	shield_slave	-8.642285e+00	-6.175732e+00	-4.361136e+00
434           	warmPlate	-8.560780e+00	4.987455e-01	-7.469060e-01
434           	OVC	-8.989219e+00	6.568555e-01	-4.994455e+00
434           	shield_slave	-8.642285e+00	-6.175732e+00	-4.361136e+00
435           	warmPlate	-8.560780e+00	4.987455e-01	-7.469060e-01
435           	OVC	-8.989219e+00	6.568555e-01	-4.994455e+00
435           	shield_slave	-8.642285e+00	-6.175732e+00	-4.361136e+00
436           	warmPlate	-8.560780e+00	4.987455e-01	-7.469060e-01
436           	OVC	-8.989219e+00	6.568555e-01	-4.994455e+00
436           	shield_slave	-8.642285e+00	-6.175732e+00	-4.361136e+00
437           	warmPlate	-8.560780e+00	4.987455e-01	-7.469060e-01
437           	OVC	-8.989219e+00	6.568555e-01	-4.994455e+00
437           	shield_slave	-8.642285e+00	-6.175732e+00	-4.361136e+00
438           	warmPlate	-8.560780e+00	4.987455e-01	-7.469060e-01
438           	OVC	-8.989219e+00	6.568555e-01	-4.994455e+00
438           	shield_slave	-8.642285e+00	-6.175732e+00	-4.361136e+00
439           	warmPlate	-8.560780e+00	4.987455e-01	-7.469060e-01
439           	OVC	-8.989219e+00	6.568555e-01	-4.994455e+00
439           	shield_slave	-8.642285e+00	-6.175732e+00	-4.361136e+00
440           	warmPlate	-8.560780e+00	4.987455e-01	-7.469060e-01
440           	OVC	-8.989219e+00	6.568555e-01	-4.994455e+00
440           	shield_slave	-8.642285e+00	-6.175732e+00	-4.361136e+00
441           	warmPlate	-8.560780e+00	4.987455e-01	-7.469060e-01
441           	OVC	-8.989219e+00	6.568555e-01	-4.994455e+00
441           	shield_slave	-8.642285e+00	-6.175732e+00	-4.361136e+00
442           	warmPlate	-8.560780e+00	4.987455e-01	-7.469060e-01
442           	OVC	-8.989219e+00	6.568555e-01	-4.994455e+00
442           	shield_slave	-8.642285e+00	-6.175732e+00	-4.361136e+00
443           	warmPlate	-8.560780e+00	4.987455e-01	-7.469060e-01
443           	OVC	-8.989219e+00	6.568555e-01	-4.994455e+00
443           	shield_slave	-8.642285e+00	-6.175732e+00	-4.361136e+00
444           	warmPlate	-8.560780e+00	4.987455e-01	-7.469060e-01
444           	OVC	-8.989219e+00	6.568555e-01	-4.994455e+00
444           	shield_slave	-8.642285e+00	-6.175732e+00	-4.361136e+00
445           	warmPlate	-8.560780e+00	4.987455e-01	-7.469060e-01
445           	OVC	-8.989219e+00	6.568555e-01	-4.994455e+00
445           	shield_slave	-8.642285e+00	-6.175732e+00	-4.361136e+00
446           	warmPlate	-8.560780e+00	4.987455e-01	-7.469060e-01
446           	OVC	-8.989219e+00	6.568555e-01	-4.994455e+00
446           	shield_slave	-8.642285e+00	-6.175732e+00	-4.361136e+00
447           	warmPlate	-8.560780e+00	4.987455e-01	-7.469060e-01
447           	OVC	-8.989219e+00	6.568555e-01	-4.994455e+00
447           	shield_slave	-8.642285e+00	-6.175732e+00	-4.361136e+00
448           	warmPlate	-8.560780e+00	4.987455e-01	-7.469060e-01
448           	OVC	-8.989219e+00	6.568555e-01	-4.994455e+00
448           	shield_slave	-8.642285e+00	-6.175732e+00	-4.361136e+00
449           	warmPlate	-8.560780e+00	4.987455e-01	-7.469060e-01
449           	OVC	-8.989219e+00	6.568555e-01	-4.994455e+00
449           	shield_slave	-8.642285e+00	-6.175732e+00	-4.361136e+00
450           	warmPlate	-8.560780e+00	4.987455e-01	-7.469060e-01
450           	OVC	-8.989219e+00	6.568555e-01	-4.994455e+00
450           	shield_slave	-8.642285e+00	-6.175732e+00	-4.361136e+00
451           	warmPlate	-8.560780e+00	4.987455e-01	-7.469060e-01
451           	OVC	-8.989219e+00	6.568555e-01	-4.994455e+00
451           	shield_slave	-8.642285e+00	-6.175732e+00	-4.361136e+00
452           	warmPlate	-8.560780e+00	4.987455e-01	-7.469060e-01
452           	OVC	-8.989219e+00	6.568555e-01	-4.994455e+00
452           	shield_slave	-8.642285e+00	-6.175732e+00	-4.361136e+00
453           	warmPlate	-8.560780e+00	4.987455e-01	-7.469060e-01
453           	OVC	-8.989219e+00	6.568555e-01	-4.994455e+00
453           	shield_slave	-8.642285e+00	-6.175732e+00	-4.361136e+00
454           	warmPlate	-8.560780e+00	4.987455e-01	-7.469060e-01
454           	OVC	-8.989219e+00	6.568555e-01	-4.994455e+00
454           	shield_slave	-8.642285e+00	-6.175732e+00	-4.361136e+00
455           	warmPlate	-8.560780e+00	4.987455e-01	-7.469060e-01
455           	OVC	-8.989219e+00	6.568555e-01	-4.994455e+00
455           	shield_slave	-8.642285e+00	-6.175732e+00	-4.361136e+00
456           	warmPlate	-8.560780e+00	4.987455e-01	-7.469060e-01
456           	OVC	-8.989219e+00	6.568555e-01	-4.994455e+00
456           	shield_slave	-8.642285e+00	-6.175732e+00	-4.361136e+00
457           	warmPlate	-8.560780e+00	4.987455e-01	-7.469060e-01
457           	OVC	-8.989219e+00	6.568555e-01	-4.994455e+00
457           	shield_slave	-8.642285e+00	-6.175732e+00	-4.361136e+00
458           	warmPlate	-8.560780e+00	4.987455e-01	-7.469060e-01
458           	OVC	-8.989219e+00	6.568555e-01	-4.994455e+00
458           	shield_slave	-8.642285e+00	-6.175732e+00	-4.361136e+00
459           	warmPlate	-8.560780e+00	4.987455e-01	-7.469060e-01
459           	OVC	-8.989219e+00	6.568555e-01	-4.994455e+00
459           	shield_slave	-8.642285e+00	-6.175732e+00	-4.361136e+00
460           	warmPlate	-8.560780e+00	4.987455e-01	-7.469060e-01
460           	OVC	-8.989219e+00	6.568555e-01	-4.994455e+00
460           	shield_slave	-8.642285e+00	-6.175732e+00	-4.361136e+00
461           	warmPlate	-8.560780e+00	4.987455e-01	-7.469060e-01
461           	OVC	-8.989219e+00	6.568555e-01	-4.994455e+00
461           	shield_slave	-8.642285e+00	-6.175732e+00	-4.361136e+00
462           	warmPlate	-8.560780e+00	4.987455e-01	-7.469060e-01
462           	OVC	-8.989219e+00	6.568555e-01	-4.994455e+00
462           	shield_slave	-8.642285e+00	-6.175732e+00	-4.361136e+00
463           	warmPlate	-8.560780e+00	4.987455e-01	-7.469060e-01
463           	OVC	-8.989219e+00	6.568555e-01	-4.994455e+00
463           	shield_slave	-8.642285e+00	-6.175732e+00	-4.361136e+00
464           	warmPlate	-8.560780e+00	4.987455e-01	-7.469060e-01
464           	OVC	-8.989219e+00	6.568555e-01	-4.994455e+00
464           	shield_slave	-8.642285e+00	-6.175732e+00	-4.361136e+00
465           	warmPlate	-8.560780e+00	4.987455e-01	-7.469060e-01
465           	OVC	-8.989219e+00	6.568555e-01	-4.994455e+00
465           	shield_slave	-8.642285e+00	-6.175732e+00	-4.361136e+00
466           	warmPlate	-8.560780e+00	4.987455e-01	-7.469060e-01
466           	OVC	-8.989219e+00	6.568555e-01	-4.994455e+00
466           	shield_slave	-8.642285e+00	-6.175732e+00	-4.361136e+00
467           	warmPlate	-8.560780e+00	4.987455e-01	-7.469060e-01
467           	OVC	-8.989219e+00	6.568555e-01	-4.994455e+00
467           	shield_slave	-8.642285e+00	-6.175732e+00	-4.361136e+00
468           	warmPlate	-8.560780e+00	4.987455e-01	-7.469060e-01
468           	OVC	-8.989219e+00	6.568555e-01	-4.994455e+00
468           	shield_slave	-8.642285e+00	-6.175732e+00	-4.361136e+00
469           	warmPlate	-8.560780e+00	4.987455e-01	-7.469060e-01
469           	OVC	-8.989219e+00	6.568555e-01	-4.994455e+00
469           	shield_slave	-8.642285e+00	-6.175732e+00	-4.361136e+00
470           	warmPlate	-8.560780e+00	4.987455e-01	-7.469060e-01
470           	OVC	-8.989219e+00	6.568555e-01	-4.994455e+00
470           	shield_slave	-8.642285e+00	-6.175732e+00	-4.361136e+00
471           	warmPlate	-8.560780e+00	4.987455e-01	-7.469060e-01
471           	OVC	-8.989219e+00	6.568555e-01	-4.994455e+00
471           	shield_slave	-8.642285e+00	-6.175732e+00	-4.361136e+00
472           	warmPlate	-8.560780e+00	4.987455e-01	-7.469060e-01
472           	OVC	-8.989219e+00	6.568555e-01	-4.994455e+00
472           	shield_slave	-8.642285e+00	-6.175732e+00	-4.361136e+00
473           	warmPlate	-8.560780e+00	4.987455e-01	-7.469060e-01
473           	OVC	-8.989219e+00	6.568555e-01	-4.994455e+00
473           	shield_slave	-8.642285e+00	-6.175732e+00	-4.361136e+00
474           	warmPlate	-8.560780e+00	4.987455e-01	-7.469060e-01
474           	OVC	-8.989219e+00	6.568555e-01	-4.994455e+00
474           	shield_slave	-8.642285e+00	-6.175732e+00	-4.361136e+00
475           	warmPlate	-8.560780e+00	4.987455e-01	-7.469060e-01
475           	OVC	-8.989219e+00	6.568555e-01	-4.994455e+00
475           	shield_slave	-8.642285e+00	-6.175732e+00	-4.361136e+00
476           	warmPlate	-8.560780e+00	4.987455e-01	-7.469060e-01
476           	OVC	-8.989219e+00	6.568555e-01	-4.994455e+00
476           	shield_slave	-8.642285e+00	-6.175732e+00	-4.361136e+00
477           	warmPlate	-8.560780e+00	4.987455e-01	-7.469060e-01
477           	OVC	-8.989219e+00	6.568555e-01	-4.994455e+00
477           	shield_slave	-8.642285e+00	-6.175732e+00	-4.361136e+00
478           	warmPlate	-8.560780e+00	4.987455e-01	-7.469060e-01
478           	OVC	-8.989219e+00	6.568555e-01	-4.994455e+00
478           	shield_slave	-8.642285e+00	-6.175732e+00	-4.361136e+00
479           	warmPlate	-8.560780e+00	4.987455e-01	-7.469060e-01
479           	OVC	-8.989219e+00	6.568555e-01	-4.994455e+00
479           	shield_slave	-8.642285e+00	-6.175732e+00	-4.361136e+00
480           	warmPlate	-8.560780e+00	4.987455e-01	-7.469060e-01
480           	OVC	-8.989219e+00	6.568555e-01	-4.994455e+00
480           	shield_slave	-8.642285e+00	-6.175732e+00	-4.361136e+00
481           	warmPlate	-8.560780e+00	4.987455e-01	-7.469060e-01
481           	OVC	-8.989219e+00	6.568555e-01	-4.994455e+00
481           	shield_slave	-8.642285e+00	-6.175732e+00	-4.361136e+00
482           	warmPlate	-8.560780e+00	4.987455e-01	-7.469060e-01
482           	OVC	-8.989219e+00	6.568555e-01	-4.994455e+00
482           	shield_slave	-8.642285e+00	-6.175732e+00	-4.361136e+00
483           	warmPlate	-8.560780e+00	4.987455e-01	-7.469060e-01
483           	OVC	-8.989219e+00	6.568555e-01	-4.994455e+00
483           	shield_slave	-8.642285e+00	-6.175732e+00	-4.361136e+00
484           	warmPlate	-8.560780e+00	4.987455e-01	-7.469060e-01
484           	OVC	-8.989219e+00	6.568555e-01	-4.994455e+00
484           	shield_slave	-8.642285e+00	-6.175732e+00	-4.361136e+00
485           	warmPlate	-8.560780e+00	4.987455e-01	-7.469060e-01
485           	OVC	-8.989219e+00	6.568555e-01	-4.994455e+00
485           	shield_slave	-8.642285e+00	-6.175732e+00	-4.361136e+00
486           	warmPlate	-8.560780e+00	4.987455e-01	-7.469060e-01
486           	OVC	-8.989219e+00	6.568555e-01	-4.994455e+00
486           	shield_slave	-8.642285e+00	-6.175732e+00	-4.361136e+00
487           	warmPlate	-8.560780e+00	4.987455e-01	-7.469060e-01
487           	OVC	-8.989219e+00	6.568555e-01	-4.994455e+00
487           	shield_slave	-8.642285e+00	-6.175732e+00	-4.361136e+00
488           	warmPlate	-8.560780e+00	4.987455e-01	-7.469060e-01
488           	OVC	-8.989219e+00	6.568555e-01	-4.994455e+00
488           	shield_slave	-8.642285e+00	-6.175732e+00	-4.361136e+00
489           	warmPlate	-8.560780e+00	4.987455e-01	-7.469060e-01
489           	OVC	-8.989219e+00	6.568555e-01	-4.994455e+00
489           	shield_slave	-8.642285e+00	-6.175732e+00	-4.361136e+00
490           	warmPlate	-8.560780e+00	4.987455e-01	-7.469060e-01
490           	OVC	-8.989219e+00	6.568555e-01	-4.994455e+00
490           	shield_slave	-8.642285e+00	-6.175732e+00	-4.361136e+00
491           	warmPlate	-8.560780e+00	4.987455e-01	-7.469060e-01
491           	OVC	-8.989219e+00	6.568555e-01	-4.994455e+00
491           	shield_slave	-8.642285e+00	-6.175732e+00	-4.361136e+00
492           	warmPlate	-8.560780e+00	4.987455e-01	-7.469060e-01
492           	OVC	-8.989219e+00	6.568555e-01	-4.994455e+00
492           	shield_slave	-8.642285e+00	-6.175732e+00	-4.361136e+00
493           	warmPlate	-8.560780e+00	4.987455e-01	-7.469060e-01
493           	OVC	-8.989219e+00	6.568555e-01	-4.994455e+00
493           	shield_slave	-8.642285e+00	-6.175732e+00	-4.361136e+00
494           	warmPlate	-8.560780e+00	4.987455e-01	-7.469060e-01
494           	OVC	-8.989219e+00	6.568555e-01	-4.994455e+00
494           	shield_slave	-8.642285e+00	-6.175732e+00	-4.361136e+00
495           	warmPlate	-8.560780e+00	4.987455e-01	-7.469060e-01
495           	OVC	-8.989219e+00	6.568555e-01	-4.994455e+00
495           	shield_slave	-8.642285e+00	-6.175732e+00	-4.361136e+00
496           	warmPlate	-8.560780e+00	4.987455e-01	-7.469060e-01
496           	OVC	-8.989219e+00	6.568555e-01	-4.994455e+00
496           	shield_slave	-8.642285e+00	-6.175732e+00	-4.361136e+00
497           	warmPlate	-8.560780e+00	4.987455e-01	-7.469060e-01
497           	OVC	-8.989219e+00	6.568555e-01	-4.994455e+00
497           	shield_slave	-8.642285e+00	-6.175732e+00	-4.361136e+00
498           	warmPlate	-8.560780e+00	4.987455e-01	-7.469060e-01
498           	OVC	-8.989219e+00	6.568555e-01	-4.994455e+00
498           	shield_slave	-8.642285e+00	-6.175732e+00	-4.361136e+00
499           	warmPlate	-8.560780e+00	4.987455e-01	-7.469060e-01
499           	OVC	-8.989219e+00	6.568555e-01	-4.994455e+00
499           	shield_slave	-8.642285e+00	-6.175732e+00	-4.361136e+00
500           	warmPlate	-8.560780e+00	4.987455e-01	-7.469060e-01
500           	OVC	-8.989219e+00	6.568555e-01	-4.994455e+00
500           	shield_slave	-8.642285e+00	-6.175732e+00	-4.361136e+00
501           	warmPlate	-8.560780e+00	4.987455e-01	-7.469060e-01
501           	OVC	-8.989219e+00	6.568555e-01	-4.994455e+00
501           	shield_slave	-8.642285e+00	-6.175732e+00	-4.361136e+00
502           	warmPlate	-8.560780e+00	4.987455e-01	-7.469060e-01
502           	OVC	-8.989219e+00	6.568555e-01	-4.994455e+00
502           	shield_slave	-8.642285e+00	-6.175732e+00	-4.361136e+00
503           	warmPlate	-8.560780e+00	4.987455e-01	-7.469060e-01
503           	OVC	-8.989219e+00	6.568555e-01	-4.994455e+00
503           	shield_slave	-8.642285e+00	-6.175732e+00	-4.361136e+00
504           	warmPlate	-8.560780e+00	4.987455e-01	-7.469060e-01
504           	OVC	-8.989219e+00	6.568555e-01	-4.994455e+00
504           	shield_slave	-8.642285e+00	-6.175732e+00	-4.361136e+00
505           	warmPlate	-8.560780e+00	4.987455e-01	-7.469060e-01
505           	OVC	-8.989219e+00	6.568555e-01	-4.994455e+00
505           	shield_slave	-8.642285e+00	-6.175732e+00	-4.361136e+00
506           	warmPlate	-8.560780e+00	4.987455e-01	-7.469060e-01
506           	OVC	-8.989219e+00	6.568555e-01	-4.994455e+00
506           	shield_slave	-8.642285e+00	-6.175732e+00	-4.361136e+00
507           	warmPlate	-8.560780e+00	4.987455e-01	-7.469060e-01
507           	OVC	-8.989219e+00	6.568555e-01	-4.994455e+00
507           	shield_slave	-8.642285e+00	-6.175732e+00	-4.361136e+00
508           	warmPlate	-8.560780e+00	4.987455e-01	-7.469060e-01
508           	OVC	-8.989219e+00	6.568555e-01	-4.994455e+00
508           	shield_slave	-8.642285e+00	-6.175732e+00	-4.361136e+00
509           	warmPlate	-8.560780e+00	4.987455e-01	-7.469060e-01
509           	OVC	-8.989219e+00	6.568555e-01	-4.994455e+00
509           	shield_slave	-8.642285e+00	-6.175732e+00	-4.361136e+00
510           	warmPlate	-8.560780e+00	4.987455e-01	-7.469060e-01
510           	OVC	-8.989219e+00	6.568555e-01	-4.994455e+00
510           	shield_slave	-8.642285e+00	-6.175732e+00	-4.361136e+00
511           	warmPlate	-8.560780e+00	4.987455e-01	-7.469060e-01
511           	OVC	-8.989219e+00	6.568555e-01	-4.994455e+00
511           	shield_slave	-8.642285e+00	-6.175732e+00	-4.361136e+00
512           	warmPlate	-8.560780e+00	4.987455e-01	-7.469060e-01
512           	OVC	-8.989219e+00	6.568555e-01	-4.994455e+00
512           	shield_slave	-8.642285e+00	-6.175732e+00	-4.361136e+00
513           	warmPlate	-8.560780e+00	4.987455e-01	-7.469060e-01
513           	OVC	-8.989219e+00	6.568555e-01	-4.994455e+00
513           	shield_slave	-8.642285e+00	-6.175732e+00	-4.361136e+00
514           	warmPlate	-8.560780e+00	4.987455e-01	-7.469060e-01
514           	OVC	-8.989219e+00	6.568555e-01	-4.994455e+00
514           	shield_slave	-8.642285e+00	-6.175732e+00	-4.361136e+00
515           	warmPlate	-8.560780e+00	4.987455e-01	-7.469060e-01
515           	OVC	-8.989219e+00	6.568555e-01	-4.994455e+00
515           	shield_slave	-8.642285e+00	-6.175732e+00	-4.361136e+00
516           	warmPlate	-8.560780e+00	4.987455e-01	-7.469060e-01
516           	OVC	-8.989219e+00	6.568555e-01	-4.994455e+00
516           	shield_slave	-8.642285e+00	-6.175732e+00	-4.361136e+00
517           	warmPlate	-8.560780e+00	4.987455e-01	-7.469060e-01
517           	OVC	-8.989219e+00	6.568555e-01	-4.994455e+00
517           	shield_slave	-8.642285e+00	-6.175732e+00	-4.361136e+00
518           	warmPlate	-8.560780e+00	4.987455e-01	-7.469060e-01
518           	OVC	-8.989219e+00	6.568555e-01	-4.994455e+00
518           	shield_slave	-8.642285e+00	-6.175732e+00	-4.361136e+00
519           	warmPlate	-8.560780e+00	4.987455e-01	-7.469060e-01
519           	OVC	-8.989219e+00	6.568555e-01	-4.994455e+00
519           	shield_slave	-8.642285e+00	-6.175732e+00	-4.361136e+00
520           	warmPlate	-8.560780e+00	4.987455e-01	-7.469060e-01
520           	OVC	-8.989219e+00	6.568555e-01	-4.994455e+00
520           	shield_slave	-8.642285e+00	-6.175732e+00	-4.361136e+00
521           	warmPlate	-8.560780e+00	4.987455e-01	-7.469060e-01
521           	OVC	-8.989219e+00	6.568555e-01	-4.994455e+00
521           	shield_slave	-8.642285e+00	-6.175732e+00	-4.361136e+00
522           	warmPlate	-8.560780e+00	4.987455e-01	-7.469060e-01
522           	OVC	-8.989219e+00	6.568555e-01	-4.994455e+00
522           	shield_slave	-8.642285e+00	-6.175732e+00	-4.361136e+00
523           	warmPlate	-8.560780e+00	4.987455e-01	-7.469060e-01
523           	OVC	-8.989219e+00	6.568555e-01	-4.994455e+00
523           	shield_slave	-8.642285e+00	-6.175732e+00	-4.361136e+00
524           	warmPlate	-8.560780e+00	4.987455e-01	-7.469060e-01
524           	OVC	-8.989219e+00	6.568555e-01	-4.994455e+00
524           	shield_slave	-8.642285e+00	-6.175732e+00	-4.361136e+00
525           	warmPlate	-8.560780e+00	4.987455e-01	-7.469060e-01
525           	OVC	-8.989219e+00	6.568555e-01	-4.994455e+00
525           	shield_slave	-8.642285e+00	-6.175732e+00	-4.361136e+00
526           	warmPlate	-8.560780e+00	4.987455e-01	-7.469060e-01
526           	OVC	-8.989219e+00	6.568555e-01	-4.994455e+00
526           	shield_slave	-8.642285e+00	-6.175732e+00	-4.361136e+00
527           	warmPlate	-8.560780e+00	4.987455e-01	-7.469060e-01
527           	OVC	-8.989219e+00	6.568555e-01	-4.994455e+00
527           	shield_slave	-8.642285e+00	-6.175732e+00	-4.361136e+00
528           	warmPlate	-8.560780e+00	4.987455e-01	-7.469060e-01
528           	OVC	-8.989219e+00	6.568555e-01	-4.994455e+00
528           	shield_slave	-8.642285e+00	-6.175732e+00	-4.361136e+00
529           	warmPlate	-8.560780e+00	4.987455e-01	-7.469060e-01
529           	OVC	-8.989219e+00	6.568555e-01	-4.994455e+00
529           	shield_slave	-8.642285e+00	-6.175732e+00	-4.361136e+00
530           	warmPlate	-8.560780e+00	4.987455e-01	-7.469060e-01
530           	OVC	-8.989219e+00	6.568555e-01	-4.994455e+00
530           	shield_slave	-8.642285e+00	-6.175732e+00	-4.361136e+00
531           	warmPlate	-8.560780e+00	4.987455e-01	-7.469060e-01
531           	OVC	-8.989219e+00	6.568555e-01	-4.994455e+00
531           	shield_slave	-8.642285e+00	-6.175732e+00	-4.361136e+00
532           	warmPlate	-8.560780e+00	4.987455e-01	-7.469060e-01
532           	OVC	-8.989219e+00	6.568555e-01	-4.994455e+00
532           	shield_slave	-8.642285e+00	-6.175732e+00	-4.361136e+00
533           	warmPlate	-8.560780e+00	4.987455e-01	-7.469060e-01
533           	OVC	-8.989219e+00	6.568555e-01	-4.994455e+00
533           	shield_slave	-8.642285e+00	-6.175732e+00	-4.361136e+00
534           	warmPlate	-8.560780e+00	4.987455e-01	-7.469060e-01
534           	OVC	-8.989219e+00	6.568555e-01	-4.994455e+00
534           	shield_slave	-8.642285e+00	-6.175732e+00	-4.361136e+00
535           	warmPlate	-8.560780e+00	4.987455e-01	-7.469060e-01
535           	OVC	-8.989219e+00	6.568555e-01	-4.994455e+00
535           	shield_slave	-8.642285e+00	-6.175732e+00	-4.361136e+00
536           	warmPlate	-8.560780e+00	4.987455e-01	-7.469060e-01
536           	OVC	-8.989219e+00	6.568555e-01	-4.994455e+00
536           	shield_slave	-8.642285e+00	-6.175732e+00	-4.361136e+00
537           	warmPlate	-8.560780e+00	4.987455e-01	-7.469060e-01
537           	OVC	-8.989219e+00	6.568555e-01	-4.994455e+00
537           	shield_slave	-8.642285e+00	-6.175732e+00	-4.361136e+00
538           	warmPlate	-8.560780e+00	4.987455e-01	-7.469060e-01
538           	OVC	-8.989219e+00	6.568555e-01	-4.994455e+00
538           	shield_slave	-8.642285e+00	-6.175732e+00	-4.361136e+00
539           	warmPlate	-8.560780e+00	4.987455e-01	-7.469060e-01
539           	OVC	-8.989219e+00	6.568555e-01	-4.994455e+00
539           	shield_slave	-8.642285e+00	-6.175732e+00	-4.361136e+00
540           	warmPlate	-8.560780e+00	4.987455e-01	-7.469060e-01
540           	OVC	-8.989219e+00	6.568555e-01	-4.994455e+00
540           	shield_slave	-8.642285e+00	-6.175732e+00	-4.361136e+00
541           	warmPlate	-8.560780e+00	4.987455e-01	-7.469060e-01
541           	OVC	-8.989219e+00	6.568555e-01	-4.994455e+00
541           	shield_slave	-8.642285e+00	-6.175732e+00	-4.361136e+00
542           	warmPlate	-8.560780e+00	4.987455e-01	-7.469060e-01
542           	OVC	-8.989219e+00	6.568555e-01	-4.994455e+00
542           	shield_slave	-8.642285e+00	-6.175732e+00	-4.361136e+00
543           	warmPlate	-8.560780e+00	4.987455e-01	-7.469060e-01
543           	OVC	-8.989219e+00	6.568555e-01	-4.994455e+00
543           	shield_slave	-8.642285e+00	-6.175732e+00	-4.361136e+00
544           	warmPlate	-8.560780e+00	4.987455e-01	-7.469060e-01
544           	OVC	-8.989219e+00	6.568555e-01	-4.994455e+00
544           	shield_slave	-8.642285e+00	-6.175732e+00	-4.361136e+00
545           	warmPlate	-8.560780e+00	4.987455e-01	-7.469060e-01
545           	OVC	-8.989219e+00	6.568555e-01	-4.994455e+00
545           	shield_slave	-8.642285e+00	-6.175732e+00	-4.361136e+00
546           	warmPlate	-8.560780e+00	4.987455e-01	-7.469060e-01
546           	OVC	-8.989219e+00	6.568555e-01	-4.994455e+00
546           	shield_slave	-8.642285e+00	-6.175732e+00	-4.361136e+00
547           	warmPlate	-8.560780e+00	4.987455e-01	-7.469060e-01
547           	OVC	-8.989219e+00	6.568555e-01	-4.994455e+00
547           	shield_slave	-8.642285e+00	-6.175732e+00	-4.361136e+00
548           	warmPlate	-8.560780e+00	4.987455e-01	-7.469060e-01
548           	OVC	-8.989219e+00	6.568555e-01	-4.994455e+00
548           	shield_slave	-8.642285e+00	-6.175732e+00	-4.361136e+00
549           	warmPlate	-8.560780e+00	4.987455e-01	-7.469060e-01
549           	OVC	-8.989219e+00	6.568555e-01	-4.994455e+00
549           	shield_slave	-8.642285e+00	-6.175732e+00	-4.361136e+00
550           	warmPlate	-8.560780e+00	4.987455e-01	-7.469060e-01
550           	OVC	-8.989219e+00	6.568555e-01	-4.994455e+00
550           	shield_slave	-8.642285e+00	-6.175732e+00	-4.361136e+00
551           	warmPlate	-8.560780e+00	4.987455e-01	-7.469060e-01
551           	OVC	-8.989219e+00	6.568555e-01	-4.994455e+00
551           	shield_slave	-8.642285e+00	-6.175732e+00	-4.361136e+00
552           	warmPlate	-8.560780e+00	4.987455e-01	-7.469060e-01
552           	OVC	-8.989219e+00	6.568555e-01	-4.994455e+00
552           	shield_slave	-8.642285e+00	-6.175732e+00	-4.361136e+00
553           	warmPlate	-8.560780e+00	4.987455e-01	-7.469060e-01
553           	OVC	-8.989219e+00	6.568555e-01	-4.994455e+00
553           	shield_slave	-8.642285e+00	-6.175732e+00	-4.361136e+00
554           	warmPlate	-8.560780e+00	4.987455e-01	-7.469060e-01
554           	OVC	-8.989219e+00	6.568555e-01	-4.994455e+00
554           	shield_slave	-8.642285e+00	-6.175732e+00	-4.361136e+00
555           	warmPlate	-8.560780e+00	4.987455e-01	-7.469060e-01
555           	OVC	-8.989219e+00	6.568555e-01	-4.994455e+00
555           	shield_slave	-8.642285e+00	-6.175732e+00	-4.361136e+00
556           	warmPlate	-8.560780e+00	4.987455e-01	-7.469060e-01
556           	OVC	-8.989219e+00	6.568555e-01	-4.994455e+00
556           	shield_slave	-8.642285e+00	-6.175732e+00	-4.361136e+00
557           	warmPlate	-8.560780e+00	4.987455e-01	-7.469060e-01
557           	OVC	-8.989219e+00	6.568555e-01	-4.994455e+00
557           	shield_slave	-8.642285e+00	-6.175732e+00	-4.361136e+00
558           	warmPlate	-8.560780e+00	4.987455e-01	-7.469060e-01
558           	OVC	-8.989219e+00	6.568555e-01	-4.994455e+00
558           	shield_slave	-8.642285e+00	-6.175732e+00	-4.361136e+00
559           	warmPlate	-8.560780e+00	4.987455e-01	-7.469060e-01
559           	OVC	-8.989219e+00	6.568555e-01	-4.994455e+00
559           	shield_slave	-8.642285e+00	-6.175732e+00	-4.361136e+00
560           	warmPlate	-8.560780e+00	4.987455e-01	-7.469060e-01
560           	OVC	-8.989219e+00	6.568555e-01	-4.994455e+00
560           	shield_slave	-8.642285e+00	-6.175732e+00	-4.361136e+00
561           	warmPlate	-8.560780e+00	4.987455e-01	-7.469060e-01
561           	OVC	-8.989219e+00	6.568555e-01	-4.994455e+00
561           	shield_slave	-8.642285e+00	-6.175732e+00	-4.361136e+00
562           	warmPlate	-8.560780e+00	4.987455e-01	-7.469060e-01
562           	OVC	-8.989219e+00	6.568555e-01	-4.994455e+00
562           	shield_slave	-8.642285e+00	-6.175732e+00	-4.361136e+00
563           	warmPlate	-8.560780e+00	4.987455e-01	-7.469060e-01
563           	OVC	-8.989219e+00	6.568555e-01	-4.994455e+00
563           	shield_slave	-8.642285e+00	-6.175732e+00	-4.361136e+00
564           	warmPlate	-8.560780e+00	4.987455e-01	-7.469060e-01
564           	OVC	-8.989219e+00	6.568555e-01	-4.994455e+00
564           	shield_slave	-8.642285e+00	-6.175732e+00	-4.361136e+00
565           	warmPlate	-8.560780e+00	4.987455e-01	-7.469060e-01
565           	OVC	-8.989219e+00	6.568555e-01	-4.994455e+00
565           	shield_slave	-8.642285e+00	-6.175732e+00	-4.361136e+00
566           	warmPlate	-8.560780e+00	4.987455e-01	-7.469060e-01
566           	OVC	-8.989219e+00	6.568555e-01	-4.994455e+00
566           	shield_slave	-8.642285e+00	-6.175732e+00	-4.361136e+00
567           	warmPlate	-8.560780e+00	4.987455e-01	-7.469060e-01
567           	OVC	-8.989219e+00	6.568555e-01	-4.994455e+00
567           	shield_slave	-8.642285e+00	-6.175732e+00	-4.361136e+00
568           	warmPlate	-8.560780e+00	4.987455e-01	-7.469060e-01
568           	OVC	-8.989219e+00	6.568555e-01	-4.994455e+00
568           	shield_slave	-8.642285e+00	-6.175732e+00	-4.361136e+00
569           	warmPlate	-8.560780e+00	4.987455e-01	-7.469060e-01
569           	OVC	-8.989219e+00	6.568555e-01	-4.994455e+00
569           	shield_slave	-8.642285e+00	-6.175732e+00	-4.361136e+00
570           	warmPlate	-8.560780e+00	4.987455e-01	-7.469060e-01
570           	OVC	-8.989219e+00	6.568555e-01	-4.994455e+00
570           	shield_slave	-8.642285e+00	-6.175732e+00	-4.361136e+00
571           	warmPlate	-8.560780e+00	4.987455e-01	-7.469060e-01
571           	OVC	-8.989219e+00	6.568555e-01	-4.994455e+00
571           	shield_slave	-8.642285e+00	-6.175732e+00	-4.361136e+00
572           	warmPlate	-8.560780e+00	4.987455e-01	-7.469060e-01
572           	OVC	-8.989219e+00	6.568555e-01	-4.994455e+00
572           	shield_slave	-8.642285e+00	-6.175732e+00	-4.361136e+00
573           	warmPlate	-8.560780e+00	4.987455e-01	-7.469060e-01
573           	OVC	-8.989219e+00	6.568555e-01	-4.994455e+00
573           	shield_slave	-8.642285e+00	-6.175732e+00	-4.361136e+00
574           	warmPlate	-8.560780e+00	4.987455e-01	-7.469060e-01
574           	OVC	-8.989219e+00	6.568555e-01	-4.994455e+00
574           	shield_slave	-8.642285e+00	-6.175732e+00	-4.361136e+00
575           	warmPlate	-8.560780e+00	4.987455e-01	-7.469060e-01
575           	OVC	-8.989219e+00	6.568555e-01	-4.994455e+00
575           	shield_slave	-8.642285e+00	-6.175732e+00	-4.361136e+00
576           	warmPlate	-8.560780e+00	4.987455e-01	-7.469060e-01
576           	OVC	-8.989219e+00	6.568555e-01	-4.994455e+00
576           	shield_slave	-8.642285e+00	-6.175732e+00	-4.361136e+00
577           	warmPlate	-8.560780e+00	4.987455e-01	-7.469060e-01
577           	OVC	-8.989219e+00	6.568555e-01	-4.994455e+00
577           	shield_slave	-8.642285e+00	-6.175732e+00	-4.361136e+00
578           	warmPlate	-8.560780e+00	4.987455e-01	-7.469060e-01
578           	OVC	-8.989219e+00	6.568555e-01	-4.994455e+00
578           	shield_slave	-8.642285e+00	-6.175732e+00	-4.361136e+00
579           	warmPlate	-8.560780e+00	4.987455e-01	-7.469060e-01
579           	OVC	-8.989219e+00	6.568555e-01	-4.994455e+00
579           	shield_slave	-8.642285e+00	-6.175732e+00	-4.361136e+00
580           	warmPlate	-8.560780e+00	4.987455e-01	-7.469060e-01
580           	OVC	-8.989219e+00	6.568555e-01	-4.994455e+00
580           	shield_slave	-8.642285e+00	-6.175732e+00	-4.361136e+00
581           	warmPlate	-8.560780e+00	4.987455e-01	-7.469060e-01
581           	OVC	-8.989219e+00	6.568555e-01	-4.994455e+00
581           	shield_slave	-8.642285e+00	-6.175732e+00	-4.361136e+00
582           	warmPlate	-8.560780e+00	4.987455e-01	-7.469060e-01
582           	OVC	-8.989219e+00	6.568555e-01	-4.994455e+00
582           	shield_slave	-8.642285e+00	-6.175732e+00	-4.361136e+00
583           	warmPlate	-8.560780e+00	4.987455e-01	-7.469060e-01
583           	OVC	-8.989219e+00	6.568555e-01	-4.994455e+00
583           	shield_slave	-8.642285e+00	-6.175732e+00	-4.361136e+00
584           	warmPlate	-8.560780e+00	4.987455e-01	-7.469060e-01
584           	OVC	-8.989219e+00	6.568555e-01	-4.994455e+00
584           	shield_slave	-8.642285e+00	-6.175732e+00	-4.361136e+00
585           	warmPlate	-8.560780e+00	4.987455e-01	-7.469060e-01
585           	OVC	-8.989219e+00	6.568555e-01	-4.994455e+00
585           	shield_slave	-8.642285e+00	-6.175732e+00	-4.361136e+00
586           	warmPlate	-8.560780e+00	4.987455e-01	-7.469060e-01
586           	OVC	-8.989219e+00	6.568555e-01	-4.994455e+00
586           	shield_slave	-8.642285e+00	-6.175732e+00	-4.361136e+00
587           	warmPlate	-8.560780e+00	4.987455e-01	-7.469060e-01
587           	OVC	-8.989219e+00	6.568555e-01	-4.994455e+00
587           	shield_slave	-8.642285e+00	-6.175732e+00	-4.361136e+00
588           	warmPlate	-8.560780e+00	4.987455e-01	-7.469060e-01
588           	OVC	-8.989219e+00	6.568555e-01	-4.994455e+00
588           	shield_slave	-8.642285e+00	-6.175732e+00	-4.361136e+00
589           	warmPlate	-8.560780e+00	4.987455e-01	-7.469060e-01
589           	OVC	-8.989219e+00	6.568555e-01	-4.994455e+00
589           	shield_slave	-8.642285e+00	-6.175732e+00	-4.361136e+00
590           	warmPlate	-8.560780e+00	4.987455e-01	-7.469060e-01
590           	OVC	-8.989219e+00	6.568555e-01	-4.994455e+00
590           	shield_slave	-8.642285e+00	-6.175732e+00	-4.361136e+00
591           	warmPlate	-8.560780e+00	4.987455e-01	-7.469060e-01
591           	OVC	-8.989219e+00	6.568555e-01	-4.994455e+00
591           	shield_slave	-8.642285e+00	-6.175732e+00	-4.361136e+00
592           	warmPlate	-8.560780e+00	4.987455e-01	-7.469060e-01
592           	OVC	-8.989219e+00	6.568555e-01	-4.994455e+00
592           	shield_slave	-8.642285e+00	-6.175732e+00	-4.361136e+00
593           	warmPlate	-8.560780e+00	4.987455e-01	-7.469060e-01
593           	OVC	-8.989219e+00	6.568555e-01	-4.994455e+00
593           	shield_slave	-8.642285e+00	-6.175732e+00	-4.361136e+00
594           	warmPlate	-8.560780e+00	4.987455e-01	-7.469060e-01
594           	OVC	-8.989219e+00	6.568555e-01	-4.994455e+00
594           	shield_slave	-8.642285e+00	-6.175732e+00	-4.361136e+00
595           	warmPlate	-8.560780e+00	4.987455e-01	-7.469060e-01
595           	OVC	-8.989219e+00	6.568555e-01	-4.994455e+00
595           	shield_slave	-8.642285e+00	-6.175732e+00	-4.361136e+00
596           	warmPlate	-8.560780e+00	4.987455e-01	-7.469060e-01
596           	OVC	-8.989219e+00	6.568555e-01	-4.994455e+00
596           	shield_slave	-8.642285e+00	-6.175732e+00	-4.361136e+00
597           	warmPlate	-8.560780e+00	4.987455e-01	-7.469060e-01
597           	OVC	-8.989219e+00	6.568555e-01	-4.994455e+00
597           	shield_slave	-8.642285e+00	-6.175732e+00	-4.361136e+00
598           	warmPlate	-8.560780e+00	4.987455e-01	-7.469060e-01
598           	OVC	-8.989219e+00	6.568555e-01	-4.994455e+00
598           	shield_slave	-8.642285e+00	-6.175732e+00	-4.361136e+00
599           	warmPlate	-8.560780e+00	4.987455e-01	-7.469060e-01
599           	OVC	-8.989219e+00	6.568555e-01	-4.994455e+00
599           	shield_slave	-8.642285e+00	-6.175732e+00	-4.361136e+00
600           	warmPlate	-8.560780e+00	4.987455e-01	-7.469060e-01
600           	OVC	-8.989219e+00	6.568555e-01	-4.994455e+00
600           	shield_slave	-8.642285e+00	-6.175732e+00	-4.361136e+00
601           	warmPlate	-8.560780e+00	4.987455e-01	-7.469060e-01
601           	OVC	-8.989219e+00	6.568555e-01	-4.994455e+00
601           	shield_slave	-8.642285e+00	-6.175732e+00	-4.361136e+00
602           	warmPlate	-8.560780e+00	4.987455e-01	-7.469060e-01
602           	OVC	-8.989219e+00	6.568555e-01	-4.994455e+00
602           	shield_slave	-8.642285e+00	-6.175732e+00	-4.361136e+00
603           	warmPlate	-8.560780e+00	4.987455e-01	-7.469060e-01
603           	OVC	-8.989219e+00	6.568555e-01	-4.994455e+00
603           	shield_slave	-8.642285e+00	-6.175732e+00	-4.361136e+00
604           	warmPlate	-8.560780e+00	4.987455e-01	-7.469060e-01
604           	OVC	-8.989219e+00	6.568555e-01	-4.994455e+00
604           	shield_slave	-8.642285e+00	-6.175732e+00	-4.361136e+00
605           	warmPlate	-8.560780e+00	4.987455e-01	-7.469060e-01
605           	OVC	-8.989219e+00	6.568555e-01	-4.994455e+00
605           	shield_slave	-8.642285e+00	-6.175732e+00	-4.361136e+00
606           	warmPlate	-8.560780e+00	4.987455e-01	-7.469060e-01
606           	OVC	-8.989219e+00	6.568555e-01	-4.994455e+00
606           	shield_slave	-8.642285e+00	-6.175732e+00	-4.361136e+00
607           	warmPlate	-8.560780e+00	4.987455e-01	-7.469060e-01
607           	OVC	-8.989219e+00	6.568555e-01	-4.994455e+00
607           	shield_slave	-8.642285e+00	-6.175732e+00	-4.361136e+00
608           	warmPlate	-8.560780e+00	4.987455e-01	-7.469060e-01
608           	OVC	-8.989219e+00	6.568555e-01	-4.994455e+00
608           	shield_slave	-8.642285e+00	-6.175732e+00	-4.361136e+00
609           	warmPlate	-8.560780e+00	4.987455e-01	-7.469060e-01
609           	OVC	-8.989219e+00	6.568555e-01	-4.994455e+00
609           	shield_slave	-8.642285e+00	-6.175732e+00	-4.361136e+00
610           	warmPlate	-8.560780e+00	4.987455e-01	-7.469060e-01
610           	OVC	-8.989219e+00	6.568555e-01	-4.994455e+00
610           	shield_slave	-8.642285e+00	-6.175732e+00	-4.361136e+00
611           	warmPlate	-8.560780e+00	4.987455e-01	-7.469060e-01
611           	OVC	-8.989219e+00	6.568555e-01	-4.994455e+00
611           	shield_slave	-8.642285e+00	-6.175732e+00	-4.361136e+00
612           	warmPlate	-8.560780e+00	4.987455e-01	-7.469060e-01
612           	OVC	-8.989219e+00	6.568555e-01	-4.994455e+00
612           	shield_slave	-8.642285e+00	-6.175732e+00	-4.361136e+00
613           	warmPlate	-8.560780e+00	4.987455e-01	-7.469060e-01
613           	OVC	-8.989219e+00	6.568555e-01	-4.994455e+00
613           	shield_slave	-8.642285e+00	-6.175732e+00	-4.361136e+00
614           	warmPlate	-8.560780e+00	4.987455e-01	-7.469060e-01
614           	OVC	-8.989219e+00	6.568555e-01	-4.994455e+00
614           	shield_slave	-8.642285e+00	-6.175732e+00	-4.361136e+00
615           	warmPlate	-8.560780e+00	4.987455e-01	-7.469060e-01
615           	OVC	-8.989219e+00	6.568555e-01	-4.994455e+00
615           	shield_slave	-8.642285e+00	-6.175732e+00	-4.361136e+00
616           	warmPlate	-8.560780e+00	4.987455e-01	-7.469060e-01
616           	OVC	-8.989219e+00	6.568555e-01	-4.994455e+00
616           	shield_slave	-8.642285e+00	-6.175732e+00	-4.361136e+00
617           	warmPlate	-8.560780e+00	4.987455e-01	-7.469060e-01
617           	OVC	-8.989219e+00	6.568555e-01	-4.994455e+00
617           	shield_slave	-8.642285e+00	-6.175732e+00	-4.361136e+00
618           	warmPlate	-8.560780e+00	4.987455e-01	-7.469060e-01
618           	OVC	-8.989219e+00	6.568555e-01	-4.994455e+00
618           	shield_slave	-8.642285e+00	-6.175732e+00	-4.361136e+00
619           	warmPlate	-8.560780e+00	4.987455e-01	-7.469060e-01
619           	OVC	-8.989219e+00	6.568555e-01	-4.994455e+00
619           	shield_slave	-8.642285e+00	-6.175732e+00	-4.361136e+00
620           	warmPlate	-8.560780e+00	4.987455e-01	-7.469060e-01
620           	OVC	-8.989219e+00	6.568555e-01	-4.994455e+00
620           	shield_slave	-8.642285e+00	-6.175732e+00	-4.361136e+00
621           	warmPlate	-8.560780e+00	4.987455e-01	-7.469060e-01
621           	OVC	-8.989219e+00	6.568555e-01	-4.994455e+00
621           	shield_slave	-8.642285e+00	-6.175732e+00	-4.361136e+00
622           	warmPlate	-8.560780e+00	4.987455e-01	-7.469060e-01
622           	OVC	-8.989219e+00	6.568555e-01	-4.994455e+00
622           	shield_slave	-8.642285e+00	-6.175732e+00	-4.361136e+00
623           	warmPlate	-8.560780e+00	4.987455e-01	-7.469060e-01
623           	OVC	-8.989219e+00	6.568555e-01	-4.994455e+00
623           	shield_slave	-8.642285e+00	-6.175732e+00	-4.361136e+00
624           	warmPlate	-8.560780e+00	4.987455e-01	-7.469060e-01
624           	OVC	-8.989219e+00	6.568555e-01	-4.994455e+00
624           	shield_slave	-8.642285e+00	-6.175732e+00	-4.361136e+00
625           	warmPlate	-8.560780e+00	4.987455e-01	-7.469060e-01
625           	OVC	-8.989219e+00	6.568555e-01	-4.994455e+00
625           	shield_slave	-8.642285e+00	-6.175732e+00	-4.361136e+00
626           	warmPlate	-8.560780e+00	4.987455e-01	-7.469060e-01
626           	OVC	-8.989219e+00	6.568555e-01	-4.994455e+00
626           	shield_slave	-8.642285e+00	-6.175732e+00	-4.361136e+00
627           	warmPlate	-8.560780e+00	4.987455e-01	-7.469060e-01
627           	OVC	-8.989219e+00	6.568555e-01	-4.994455e+00
627           	shield_slave	-8.642285e+00	-6.175732e+00	-4.361136e+00
628           	warmPlate	-8.560780e+00	4.987455e-01	-7.469060e-01
628           	OVC	-8.989219e+00	6.568555e-01	-4.994455e+00
628           	shield_slave	-8.642285e+00	-6.175732e+00	-4.361136e+00
629           	warmPlate	-8.560780e+00	4.987455e-01	-7.469060e-01
629           	OVC	-8.989219e+00	6.568555e-01	-4.994455e+00
629           	shield_slave	-8.642285e+00	-6.175732e+00	-4.361136e+00
630           	warmPlate	-8.560780e+00	4.987455e-01	-7.469060e-01
630           	OVC	-8.989219e+00	6.568555e-01	-4.994455e+00
630           	shield_slave	-8.642285e+00	-6.175732e+00	-4.361136e+00
631           	warmPlate	-8.560780e+00	4.987455e-01	-7.469060e-01
631           	OVC	-8.989219e+00	6.568555e-01	-4.994455e+00
631           	shield_slave	-8.642285e+00	-6.175732e+00	-4.361136e+00
632           	warmPlate	-8.560780e+00	4.987455e-01	-7.469060e-01
632           	OVC	-8.989219e+00	6.568555e-01	-4.994455e+00
632           	shield_slave	-8.642285e+00	-6.175732e+00	-4.361136e+00
633           	warmPlate	-8.560780e+00	4.987455e-01	-7.469060e-01
633           	OVC	-8.989219e+00	6.568555e-01	-4.994455e+00
633           	shield_slave	-8.642285e+00	-6.175732e+00	-4.361136e+00
634           	warmPlate	-8.560780e+00	4.987455e-01	-7.469060e-01
634           	OVC	-8.989219e+00	6.568555e-01	-4.994455e+00
634           	shield_slave	-8.642285e+00	-6.175732e+00	-4.361136e+00
635           	warmPlate	-8.560780e+00	4.987455e-01	-7.469060e-01
635           	OVC	-8.989219e+00	6.568555e-01	-4.994455e+00
635           	shield_slave	-8.642285e+00	-6.175732e+00	-4.361136e+00
636           	warmPlate	-8.560780e+00	4.987455e-01	-7.469060e-01
636           	OVC	-8.989219e+00	6.568555e-01	-4.994455e+00
636           	shield_slave	-8.642285e+00	-6.175732e+00	-4.361136e+00
637           	warmPlate	-8.560780e+00	4.987455e-01	-7.469060e-01
637           	OVC	-8.989219e+00	6.568555e-01	-4.994455e+00
637           	shield_slave	-8.642285e+00	-6.175732e+00	-4.361136e+00
638           	warmPlate	-8.560780e+00	4.987455e-01	-7.469060e-01
638           	OVC	-8.989219e+00	6.568555e-01	-4.994455e+00
638           	shield_slave	-8.642285e+00	-6.175732e+00	-4.361136e+00
639           	warmPlate	-8.560780e+00	4.987455e-01	-7.469060e-01
639           	OVC	-8.989219e+00	6.568555e-01	-4.994455e+00
639           	shield_slave	-8.642285e+00	-6.175732e+00	-4.361136e+00
640           	warmPlate	-8.560780e+00	4.987455e-01	-7.469060e-01
640           	OVC	-8.989219e+00	6.568555e-01	-4.994455e+00
640           	shield_slave	-8.642285e+00	-6.175732e+00	-4.361136e+00
641           	warmPlate	-8.560780e+00	4.987455e-01	-7.469060e-01
641           	OVC	-8.989219e+00	6.568555e-01	-4.994455e+00
641           	shield_slave	-8.642285e+00	-6.175732e+00	-4.361136e+00
642           	warmPlate	-8.560780e+00	4.987455e-01	-7.469060e-01
642           	OVC	-8.989219e+00	6.568555e-01	-4.994455e+00
642           	shield_slave	-8.642285e+00	-6.175732e+00	-4.361136e+00
643           	warmPlate	-8.560780e+00	4.987455e-01	-7.469060e-01
643           	OVC	-8.989219e+00	6.568555e-01	-4.994455e+00
643           	shield_slave	-8.642285e+00	-6.175732e+00	-4.361136e+00
644           	warmPlate	-8.560780e+00	4.987455e-01	-7.469060e-01
644           	OVC	-8.989219e+00	6.568555e-01	-4.994455e+00
644           	shield_slave	-8.642285e+00	-6.175732e+00	-4.361136e+00
645           	warmPlate	-8.560780e+00	4.987455e-01	-7.469060e-01
645           	OVC	-8.989219e+00	6.568555e-01	-4.994455e+00
645           	shield_slave	-8.642285e+00	-6.175732e+00	-4.361136e+00
646           	warmPlate	-8.560780e+00	4.987455e-01	-7.469060e-01
646           	OVC	-8.989219e+00	6.568555e-01	-4.994455e+00
646           	shield_slave	-8.642285e+00	-6.175732e+00	-4.361136e+00
647           	warmPlate	-8.560780e+00	4.987455e-01	-7.469060e-01
647           	OVC	-8.989219e+00	6.568555e-01	-4.994455e+00
647           	shield_slave	-8.642285e+00	-6.175732e+00	-4.361136e+00
648           	warmPlate	-8.560780e+00	4.987455e-01	-7.469060e-01
648           	OVC	-8.989219e+00	6.568555e-01	-4.994455e+00
648           	shield_slave	-8.642285e+00	-6.175732e+00	-4.361136e+00
649           	warmPlate	-8.560780e+00	4.987455e-01	-7.469060e-01
649           	OVC	-8.989219e+00	6.568555e-01	-4.994455e+00
649           	shield_slave	-8.642285e+00	-6.175732e+00	-4.361136e+00
650           	warmPlate	-8.560780e+00	4.987455e-01	-7.469060e-01
650           	OVC	-8.989219e+00	6.568555e-01	-4.994455e+00
650           	shield_slave	-8.642285e+00	-6.175732e+00	-4.361136e+00
651           	warmPlate	-8.560780e+00	4.987455e-01	-7.469060e-01
651           	OVC	-8.989219e+00	6.568555e-01	-4.994455e+00
651           	shield_slave	-8.642285e+00	-6.175732e+00	-4.361136e+00
652           	warmPlate	-8.560780e+00	4.987455e-01	-7.469060e-01
652           	OVC	-8.989219e+00	6.568555e-01	-4.994455e+00
652           	shield_slave	-8.642285e+00	-6.175732e+00	-4.361136e+00
653           	warmPlate	-8.560780e+00	4.987455e-01	-7.469060e-01
653           	OVC	-8.989219e+00	6.568555e-01	-4.994455e+00
653           	shield_slave	-8.642285e+00	-6.175732e+00	-4.361136e+00
654           	warmPlate	-8.560780e+00	4.987455e-01	-7.469060e-01
654           	OVC	-8.989219e+00	6.568555e-01	-4.994455e+00
654           	shield_slave	-8.642285e+00	-6.175732e+00	-4.361136e+00
655           	warmPlate	-8.560780e+00	4.987455e-01	-7.469060e-01
655           	OVC	-8.989219e+00	6.568555e-01	-4.994455e+00
655           	shield_slave	-8.642285e+00	-6.175732e+00	-4.361136e+00
656           	warmPlate	-8.560780e+00	4.987455e-01	-7.469060e-01
656           	OVC	-8.989219e+00	6.568555e-01	-4.994455e+00
656           	shield_slave	-8.642285e+00	-6.175732e+00	-4.361136e+00
657           	warmPlate	-8.560780e+00	4.987455e-01	-7.469060e-01
657           	OVC	-8.989219e+00	6.568555e-01	-4.994455e+00
657           	shield_slave	-8.642285e+00	-6.175732e+00	-4.361136e+00
658           	warmPlate	-8.560780e+00	4.987455e-01	-7.469060e-01
658           	OVC	-8.989219e+00	6.568555e-01	-4.994455e+00
658           	shield_slave	-8.642285e+00	-6.175732e+00	-4.361136e+00
659           	warmPlate	-8.560780e+00	4.987455e-01	-7.469060e-01
659           	OVC	-8.989219e+00	6.568555e-01	-4.994455e+00
659           	shield_slave	-8.642285e+00	-6.175732e+00	-4.361136e+00
660           	warmPlate	-8.560780e+00	4.987455e-01	-7.469060e-01
660           	OVC	-8.989219e+00	6.568555e-01	-4.994455e+00
660           	shield_slave	-8.642285e+00	-6.175732e+00	-4.361136e+00
661           	warmPlate	-8.560780e+00	4.987455e-01	-7.469060e-01
661           	OVC	-8.989219e+00	6.568555e-01	-4.994455e+00
661           	shield_slave	-8.642285e+00	-6.175732e+00	-4.361136e+00
662           	warmPlate	-8.560780e+00	4.987455e-01	-7.469060e-01
662           	OVC	-8.989219e+00	6.568555e-01	-4.994455e+00
662           	shield_slave	-8.642285e+00	-6.175732e+00	-4.361136e+00
663           	warmPlate	-8.560780e+00	4.987455e-01	-7.469060e-01
663           	OVC	-8.989219e+00	6.568555e-01	-4.994455e+00
663           	shield_slave	-8.642285e+00	-6.175732e+00	-4.361136e+00
664           	warmPlate	-8.560780e+00	4.987455e-01	-7.469060e-01
664           	OVC	-8.989219e+00	6.568555e-01	-4.994455e+00
664           	shield_slave	-8.642285e+00	-6.175732e+00	-4.361136e+00
665           	warmPlate	-8.560780e+00	4.987455e-01	-7.469060e-01
665           	OVC	-8.989219e+00	6.568555e-01	-4.994455e+00
665           	shield_slave	-8.642285e+00	-6.175732e+00	-4.361136e+00
666           	warmPlate	-8.560780e+00	4.987455e-01	-7.469060e-01
666           	OVC	-8.989219e+00	6.568555e-01	-4.994455e+00
666           	shield_slave	-8.642285e+00	-6.175732e+00	-4.361136e+00
667           	warmPlate	-8.560780e+00	4.987455e-01	-7.469060e-01
667           	OVC	-8.989219e+00	6.568555e-01	-4.994455e+00
667           	shield_slave	-8.642285e+00	-6.175732e+00	-4.361136e+00
668           	warmPlate	-8.560780e+00	4.987455e-01	-7.469060e-01
668           	OVC	-8.989219e+00	6.568555e-01	-4.994455e+00
668           	shield_slave	-8.642285e+00	-6.175732e+00	-4.361136e+00
669           	warmPlate	-8.560780e+00	4.987455e-01	-7.469060e-01
669           	OVC	-8.989219e+00	6.568555e-01	-4.994455e+00
669           	shield_slave	-8.642285e+00	-6.175732e+00	-4.361136e+00
670           	warmPlate	-8.560780e+00	4.987455e-01	-7.469060e-01
670           	OVC	-8.989219e+00	6.568555e-01	-4.994455e+00
670           	shield_slave	-8.642285e+00	-6.175732e+00	-4.361136e+00
671           	warmPlate	-8.560780e+00	4.987455e-01	-7.469060e-01
671           	OVC	-8.989219e+00	6.568555e-01	-4.994455e+00
671           	shield_slave	-8.642285e+00	-6.175732e+00	-4.361136e+00
672           	warmPlate	-8.560780e+00	4.987455e-01	-7.469060e-01
672           	OVC	-8.989219e+00	6.568555e-01	-4.994455e+00
672           	shield_slave	-8.642285e+00	-6.175732e+00	-4.361136e+00
673           	warmPlate	-8.560780e+00	4.987455e-01	-7.469060e-01
673           	OVC	-8.989219e+00	6.568555e-01	-4.994455e+00
673           	shield_slave	-8.642285e+00	-6.175732e+00	-4.361136e+00
674           	warmPlate	-8.560780e+00	4.987455e-01	-7.469060e-01
674           	OVC	-8.989219e+00	6.568555e-01	-4.994455e+00
674           	shield_slave	-8.642285e+00	-6.175732e+00	-4.361136e+00
675           	warmPlate	-8.560780e+00	4.987455e-01	-7.469060e-01
675           	OVC	-8.989219e+00	6.568555e-01	-4.994455e+00
675           	shield_slave	-8.642285e+00	-6.175732e+00	-4.361136e+00
676           	warmPlate	-8.560780e+00	4.987455e-01	-7.469060e-01
676           	OVC	-8.989219e+00	6.568555e-01	-4.994455e+00
676           	shield_slave	-8.642285e+00	-6.175732e+00	-4.361136e+00
677           	warmPlate	-8.560780e+00	4.987455e-01	-7.469060e-01
677           	OVC	-8.989219e+00	6.568555e-01	-4.994455e+00
677           	shield_slave	-8.642285e+00	-6.175732e+00	-4.361136e+00
678           	warmPlate	-8.560780e+00	4.987455e-01	-7.469060e-01
678           	OVC	-8.989219e+00	6.568555e-01	-4.994455e+00
678           	shield_slave	-8.642285e+00	-6.175732e+00	-4.361136e+00
679           	warmPlate	-8.560780e+00	4.987455e-01	-7.469060e-01
679           	OVC	-8.989219e+00	6.568555e-01	-4.994455e+00
679           	shield_slave	-8.642285e+00	-6.175732e+00	-4.361136e+00
680           	warmPlate	-8.560780e+00	4.987455e-01	-7.469060e-01
680           	OVC	-8.989219e+00	6.568555e-01	-4.994455e+00
680           	shield_slave	-8.642285e+00	-6.175732e+00	-4.361136e+00
681           	warmPlate	-8.560780e+00	4.987455e-01	-7.469060e-01
681           	OVC	-8.989219e+00	6.568555e-01	-4.994455e+00
681           	shield_slave	-8.642285e+00	-6.175732e+00	-4.361136e+00
682           	warmPlate	-8.560780e+00	4.987455e-01	-7.469060e-01
682           	OVC	-8.989219e+00	6.568555e-01	-4.994455e+00
682           	shield_slave	-8.642285e+00	-6.175732e+00	-4.361136e+00
683           	warmPlate	-8.560780e+00	4.987455e-01	-7.469060e-01
683           	OVC	-8.989219e+00	6.568555e-01	-4.994455e+00
683           	shield_slave	-8.642285e+00	-6.175732e+00	-4.361136e+00
684           	warmPlate	-8.560780e+00	4.987455e-01	-7.469060e-01
684           	OVC	-8.989219e+00	6.568555e-01	-4.994455e+00
684           	shield_slave	-8.642285e+00	-6.175732e+00	-4.361136e+00
685           	warmPlate	-8.560780e+00	4.987455e-01	-7.469060e-01
685           	OVC	-8.989219e+00	6.568555e-01	-4.994455e+00
685           	shield_slave	-8.642285e+00	-6.175732e+00	-4.361136e+00
686           	warmPlate	-8.560780e+00	4.987455e-01	-7.469060e-01
686           	OVC	-8.989219e+00	6.568555e-01	-4.994455e+00
686           	shield_slave	-8.642285e+00	-6.175732e+00	-4.361136e+00
687           	warmPlate	-8.560780e+00	4.987455e-01	-7.469060e-01
687           	OVC	-8.989219e+00	6.568555e-01	-4.994455e+00
687           	shield_slave	-8.642285e+00	-6.175732e+00	-4.361136e+00
688           	warmPlate	-8.560780e+00	4.987455e-01	-7.469060e-01
688           	OVC	-8.989219e+00	6.568555e-01	-4.994455e+00
688           	shield_slave	-8.642285e+00	-6.175732e+00	-4.361136e+00
689           	warmPlate	-8.560780e+00	4.987455e-01	-7.469060e-01
689           	OVC	-8.989219e+00	6.568555e-01	-4.994455e+00
689           	shield_slave	-8.642285e+00	-6.175732e+00	-4.361136e+00
690           	warmPlate	-8.560780e+00	4.987455e-01	-7.469060e-01
690           	OVC	-8.989219e+00	6.568555e-01	-4.994455e+00
690           	shield_slave	-8.642285e+00	-6.175732e+00	-4.361136e+00
691           	warmPlate	-8.560780e+00	4.987455e-01	-7.469060e-01
691           	OVC	-8.989219e+00	6.568555e-01	-4.994455e+00
691           	shield_slave	-8.642285e+00	-6.175732e+00	-4.361136e+00
692           	warmPlate	-8.560780e+00	4.987455e-01	-7.469060e-01
692           	OVC	-8.989219e+00	6.568555e-01	-4.994455e+00
692           	shield_slave	-8.642285e+00	-6.175732e+00	-4.361136e+00
693           	warmPlate	-8.560780e+00	4.987455e-01	-7.469060e-01
693           	OVC	-8.989219e+00	6.568555e-01	-4.994455e+00
693           	shield_slave	-8.642285e+00	-6.175732e+00	-4.361136e+00
694           	warmPlate	-8.560780e+00	4.987455e-01	-7.469060e-01
694           	OVC	-8.989219e+00	6.568555e-01	-4.994455e+00
694           	shield_slave	-8.642285e+00	-6.175732e+00	-4.361136e+00
695           	warmPlate	-8.560780e+00	4.987455e-01	-7.469060e-01
695           	OVC	-8.989219e+00	6.568555e-01	-4.994455e+00
695           	shield_slave	-8.642285e+00	-6.175732e+00	-4.361136e+00
696           	warmPlate	-8.560780e+00	4.987455e-01	-7.469060e-01
696           	OVC	-8.989219e+00	6.568555e-01	-4.994455e+00
696           	shield_slave	-8.642285e+00	-6.175732e+00	-4.361136e+00
697           	warmPlate	-8.560780e+00	4.987455e-01	-7.469060e-01
697           	OVC	-8.989219e+00	6.568555e-01	-4.994455e+00
697           	shield_slave	-8.642285e+00	-6.175732e+00	-4.361136e+00
698           	warmPlate	-8.560780e+00	4.987455e-01	-7.469060e-01
698           	OVC	-8.989219e+00	6.568555e-01	-4.994455e+00
698           	shield_slave	-8.642285e+00	-6.175732e+00	-4.361136e+00
699           	warmPlate	-8.560780e+00	4.987455e-01	-7.469060e-01
699           	OVC	-8.989219e+00	6.568555e-01	-4.994455e+00
699           	shield_slave	-8.642285e+00	-6.175732e+00	-4.361136e+00
700           	warmPlate	-8.560780e+00	4.987455e-01	-7.469060e-01
700           	OVC	-8.989219e+00	6.568555e-01	-4.994455e+00
700           	shield_slave	-8.642285e+00	-6.175732e+00	-4.361136e+00
701           	warmPlate	-8.560780e+00	4.987455e-01	-7.469060e-01
701           	OVC	-8.989219e+00	6.568555e-01	-4.994455e+00
701           	shield_slave	-8.642285e+00	-6.175732e+00	-4.361136e+00
702           	warmPlate	-8.560780e+00	4.987455e-01	-7.469060e-01
702           	OVC	-8.989219e+00	6.568555e-01	-4.994455e+00
702           	shield_slave	-8.642285e+00	-6.175732e+00	-4.361136e+00
703           	warmPlate	-8.560780e+00	4.987455e-01	-7.469060e-01
703           	OVC	-8.989219e+00	6.568555e-01	-4.994455e+00
703           	shield_slave	-8.642285e+00	-6.175732e+00	-4.361136e+00
704           	warmPlate	-8.560780e+00	4.987455e-01	-7.469060e-01
704           	OVC	-8.989219e+00	6.568555e-01	-4.994455e+00
704           	shield_slave	-8.642285e+00	-6.175732e+00	-4.361136e+00
705           	warmPlate	-8.560780e+00	4.987455e-01	-7.469060e-01
705           	OVC	-8.989219e+00	6.568555e-01	-4.994455e+00
705           	shield_slave	-8.642285e+00	-6.175732e+00	-4.361136e+00
706           	warmPlate	-8.560780e+00	4.987455e-01	-7.469060e-01
706           	OVC	-8.989219e+00	6.568555e-01	-4.994455e+00
706           	shield_slave	-8.642285e+00	-6.175732e+00	-4.361136e+00
707           	warmPlate	-8.560780e+00	4.987455e-01	-7.469060e-01
707           	OVC	-8.989219e+00	6.568555e-01	-4.994455e+00
707           	shield_slave	-8.642285e+00	-6.175732e+00	-4.361136e+00
708           	warmPlate	-8.560780e+00	4.987455e-01	-7.469060e-01
708           	OVC	-8.989219e+00	6.568555e-01	-4.994455e+00
708           	shield_slave	-8.642285e+00	-6.175732e+00	-4.361136e+00
709           	warmPlate	-8.560780e+00	4.987455e-01	-7.469060e-01
709           	OVC	-8.989219e+00	6.568555e-01	-4.994455e+00
709           	shield_slave	-8.642285e+00	-6.175732e+00	-4.361136e+00
710           	warmPlate	-8.560780e+00	4.987455e-01	-7.469060e-01
710           	OVC	-8.989219e+00	6.568555e-01	-4.994455e+00
710           	shield_slave	-8.642285e+00	-6.175732e+00	-4.361136e+00
711           	warmPlate	-8.560780e+00	4.987455e-01	-7.469060e-01
711           	OVC	-8.989219e+00	6.568555e-01	-4.994455e+00
711           	shield_slave	-8.642285e+00	-6.175732e+00	-4.361136e+00
712           	warmPlate	-8.560780e+00	4.987455e-01	-7.469060e-01
712           	OVC	-8.989219e+00	6.568555e-01	-4.994455e+00
712           	shield_slave	-8.642285e+00	-6.175732e+00	-4.361136e+00
713           	warmPlate	-8.560780e+00	4.987455e-01	-7.469060e-01
713           	OVC	-8.989219e+00	6.568555e-01	-4.994455e+00
713           	shield_slave	-8.642285e+00	-6.175732e+00	-4.361136e+00
714           	warmPlate	-8.560780e+00	4.987455e-01	-7.469060e-01
714           	OVC	-8.989219e+00	6.568555e-01	-4.994455e+00
714           	shield_slave	-8.642285e+00	-6.175732e+00	-4.361136e+00
715           	warmPlate	-8.560780e+00	4.987455e-01	-7.469060e-01
715           	OVC	-8.989219e+00	6.568555e-01	-4.994455e+00
715           	shield_slave	-8.642285e+00	-6.175732e+00	-4.361136e+00
716           	warmPlate	-8.560780e+00	4.987455e-01	-7.469060e-01
716           	OVC	-8.989219e+00	6.568555e-01	-4.994455e+00
716           	shield_slave	-8.642285e+00	-6.175732e+00	-4.361136e+00
717           	warmPlate	-8.560780e+00	4.987455e-01	-7.469060e-01
717           	OVC	-8.989219e+00	6.568555e-01	-4.994455e+00
717           	shield_slave	-8.642285e+00	-6.175732e+00	-4.361136e+00
718           	warmPlate	-8.560780e+00	4.987455e-01	-7.469060e-01
718           	OVC	-8.989219e+00	6.568555e-01	-4.994455e+00
718           	shield_slave	-8.642285e+00	-6.175732e+00	-4.361136e+00
719           	warmPlate	-8.560780e+00	4.987455e-01	-7.469060e-01
719           	OVC	-8.989219e+00	6.568555e-01	-4.994455e+00
719           	shield_slave	-8.642285e+00	-6.175732e+00	-4.361136e+00
720           	warmPlate	-8.560780e+00	4.987455e-01	-7.469060e-01
720           	OVC	-8.989219e+00	6.568555e-01	-4.994455e+00
720           	shield_slave	-8.642285e+00	-6.175732e+00	-4.361136e+00
721           	warmPlate	-8.560780e+00	4.987455e-01	-7.469060e-01
721           	OVC	-8.989219e+00	6.568555e-01	-4.994455e+00
721           	shield_slave	-8.642285e+00	-6.175732e+00	-4.361136e+00
722           	warmPlate	-8.560780e+00	4.987455e-01	-7.469060e-01
722           	OVC	-8.989219e+00	6.568555e-01	-4.994455e+00
722           	shield_slave	-8.642285e+00	-6.175732e+00	-4.361136e+00
723           	warmPlate	-8.560780e+00	4.987455e-01	-7.469060e-01
723           	OVC	-8.989219e+00	6.568555e-01	-4.994455e+00
723           	shield_slave	-8.642285e+00	-6.175732e+00	-4.361136e+00
724           	warmPlate	-8.560780e+00	4.987455e-01	-7.469060e-01
724           	OVC	-8.989219e+00	6.568555e-01	-4.994455e+00
724           	shield_slave	-8.642285e+00	-6.175732e+00	-4.361136e+00
725           	warmPlate	-8.560780e+00	4.987455e-01	-7.469060e-01
725           	OVC	-8.989219e+00	6.568555e-01	-4.994455e+00
725           	shield_slave	-8.642285e+00	-6.175732e+00	-4.361136e+00
726           	warmPlate	-8.560780e+00	4.987455e-01	-7.469060e-01
726           	OVC	-8.989219e+00	6.568555e-01	-4.994455e+00
726           	shield_slave	-8.642285e+00	-6.175732e+00	-4.361136e+00
727           	warmPlate	-8.560780e+00	4.987455e-01	-7.469060e-01
727           	OVC	-8.989219e+00	6.568555e-01	-4.994455e+00
727           	shield_slave	-8.642285e+00	-6.175732e+00	-4.361136e+00
728           	warmPlate	-8.560780e+00	4.987455e-01	-7.469060e-01
728           	OVC	-8.989219e+00	6.568555e-01	-4.994455e+00
728           	shield_slave	-8.642285e+00	-6.175732e+00	-4.361136e+00
729           	warmPlate	-8.560780e+00	4.987455e-01	-7.469060e-01
729           	OVC	-8.989219e+00	6.568555e-01	-4.994455e+00
729           	shield_slave	-8.642285e+00	-6.175732e+00	-4.361136e+00
730           	warmPlate	-8.560780e+00	4.987455e-01	-7.469060e-01
730           	OVC	-8.989219e+00	6.568555e-01	-4.994455e+00
730           	shield_slave	-8.642285e+00	-6.175732e+00	-4.361136e+00
731           	warmPlate	-8.560780e+00	4.987455e-01	-7.469060e-01
731           	OVC	-8.989219e+00	6.568555e-01	-4.994455e+00
731           	shield_slave	-8.642285e+00	-6.175732e+00	-4.361136e+00
732           	warmPlate	-8.560780e+00	4.987455e-01	-7.469060e-01
732           	OVC	-8.989219e+00	6.568555e-01	-4.994455e+00
732           	shield_slave	-8.642285e+00	-6.175732e+00	-4.361136e+00
733           	warmPlate	-8.560780e+00	4.987455e-01	-7.469060e-01
733           	OVC	-8.989219e+00	6.568555e-01	-4.994455e+00
733           	shield_slave	-8.642285e+00	-6.175732e+00	-4.361136e+00
734           	warmPlate	-8.560780e+00	4.987455e-01	-7.469060e-01
734           	OVC	-8.989219e+00	6.568555e-01	-4.994455e+00
734           	shield_slave	-8.642285e+00	-6.175732e+00	-4.361136e+00
735           	warmPlate	-8.560780e+00	4.987455e-01	-7.469060e-01
735           	OVC	-8.989219e+00	6.568555e-01	-4.994455e+00
735           	shield_slave	-8.642285e+00	-6.175732e+00	-4.361136e+00
736           	warmPlate	-8.560780e+00	4.987455e-01	-7.469060e-01
736           	OVC	-8.989219e+00	6.568555e-01	-4.994455e+00
736           	shield_slave	-8.642285e+00	-6.175732e+00	-4.361136e+00
737           	warmPlate	-8.560780e+00	4.987455e-01	-7.469060e-01
737           	OVC	-8.989219e+00	6.568555e-01	-4.994455e+00
737           	shield_slave	-8.642285e+00	-6.175732e+00	-4.361136e+00
738           	warmPlate	-8.560780e+00	4.987455e-01	-7.469060e-01
738           	OVC	-8.989219e+00	6.568555e-01	-4.994455e+00
738           	shield_slave	-8.642285e+00	-6.175732e+00	-4.361136e+00
739           	warmPlate	-8.560780e+00	4.987455e-01	-7.469060e-01
739           	OVC	-8.989219e+00	6.568555e-01	-4.994455e+00
739           	shield_slave	-8.642285e+00	-6.175732e+00	-4.361136e+00
740           	warmPlate	-8.560780e+00	4.987455e-01	-7.469060e-01
740           	OVC	-8.989219e+00	6.568555e-01	-4.994455e+00
740           	shield_slave	-8.642285e+00	-6.175732e+00	-4.361136e+00
741           	warmPlate	-8.560780e+00	4.987455e-01	-7.469060e-01
741           	OVC	-8.989219e+00	6.568555e-01	-4.994455e+00
741           	shield_slave	-8.642285e+00	-6.175732e+00	-4.361136e+00
742           	warmPlate	-8.560780e+00	4.987455e-01	-7.469060e-01
742           	OVC	-8.989219e+00	6.568555e-01	-4.994455e+00
742           	shield_slave	-8.642285e+00	-6.175732e+00	-4.361136e+00
743           	warmPlate	-8.560780e+00	4.987455e-01	-7.469060e-01
743           	OVC	-8.989219e+00	6.568555e-01	-4.994455e+00
743           	shield_slave	-8.642285e+00	-6.175732e+00	-4.361136e+00
744           	warmPlate	-8.560780e+00	4.987455e-01	-7.469060e-01
744           	OVC	-8.989219e+00	6.568555e-01	-4.994455e+00
744           	shield_slave	-8.642285e+00	-6.175732e+00	-4.361136e+00
745           	warmPlate	-8.560780e+00	4.987455e-01	-7.469060e-01
745           	OVC	-8.989219e+00	6.568555e-01	-4.994455e+00
745           	shield_slave	-8.642285e+00	-6.175732e+00	-4.361136e+00
746           	warmPlate	-8.560780e+00	4.987455e-01	-7.469060e-01
746           	OVC	-8.989219e+00	6.568555e-01	-4.994455e+00
746           	shield_slave	-8.642285e+00	-6.175732e+00	-4.361136e+00
747           	warmPlate	-8.560780e+00	4.987455e-01	-7.469060e-01
747           	OVC	-8.989219e+00	6.568555e-01	-4.994455e+00
747           	shield_slave	-8.642285e+00	-6.175732e+00	-4.361136e+00
748           	warmPlate	-8.560780e+00	4.987455e-01	-7.469060e-01
748           	OVC	-8.989219e+00	6.568555e-01	-4.994455e+00
748           	shield_slave	-8.642285e+00	-6.175732e+00	-4.361136e+00
749           	warmPlate	-8.560780e+00	4.987455e-01	-7.469060e-01
749           	OVC	-8.989219e+00	6.568555e-01	-4.994455e+00
749           	shield_slave	-8.642285e+00	-6.175732e+00	-4.361136e+00
750           	warmPlate	-8.560780e+00	4.987455e-01	-7.469060e-01
750           	OVC	-8.989219e+00	6.568555e-01	-4.994455e+00
750           	shield_slave	-8.642285e+00	-6.175732e+00	-4.361136e+00
751           	warmPlate	-8.560780e+00	4.987455e-01	-7.469060e-01
751           	OVC	-8.989219e+00	6.568555e-01	-4.994455e+00
751           	shield_slave	-8.642285e+00	-6.175732e+00	-4.361136e+00
752           	warmPlate	-8.560780e+00	4.987455e-01	-7.469060e-01
752           	OVC	-8.989219e+00	6.568555e-01	-4.994455e+00
752           	shield_slave	-8.642285e+00	-6.175732e+00	-4.361136e+00
753           	warmPlate	-8.560780e+00	4.987455e-01	-7.469060e-01
753           	OVC	-8.989219e+00	6.568555e-01	-4.994455e+00
753           	shield_slave	-8.642285e+00	-6.175732e+00	-4.361136e+00
754           	warmPlate	-8.560780e+00	4.987455e-01	-7.469060e-01
754           	OVC	-8.989219e+00	6.568555e-01	-4.994455e+00
754           	shield_slave	-8.642285e+00	-6.175732e+00	-4.361136e+00
755           	warmPlate	-8.560780e+00	4.987455e-01	-7.469060e-01
755           	OVC	-8.989219e+00	6.568555e-01	-4.994455e+00
755           	shield_slave	-8.642285e+00	-6.175732e+00	-4.361136e+00
756           	warmPlate	-8.560780e+00	4.987455e-01	-7.469060e-01
756           	OVC	-8.989219e+00	6.568555e-01	-4.994455e+00
756           	shield_slave	-8.642285e+00	-6.175732e+00	-4.361136e+00
757           	warmPlate	-8.560780e+00	4.987455e-01	-7.469060e-01
757           	OVC	-8.989219e+00	6.568555e-01	-4.994455e+00
757           	shield_slave	-8.642285e+00	-6.175732e+00	-4.361136e+00
758           	warmPlate	-8.560780e+00	4.987455e-01	-7.469060e-01
758           	OVC	-8.989219e+00	6.568555e-01	-4.994455e+00
758           	shield_slave	-8.642285e+00	-6.175732e+00	-4.361136e+00
759           	warmPlate	-8.560780e+00	4.987455e-01	-7.469060e-01
759           	OVC	-8.989219e+00	6.568555e-01	-4.994455e+00
759           	shield_slave	-8.642285e+00	-6.175732e+00	-4.361136e+00
760           	warmPlate	-8.560780e+00	4.987455e-01	-7.469060e-01
760           	OVC	-8.989219e+00	6.568555e-01	-4.994455e+00
760           	shield_slave	-8.642285e+00	-6.175732e+00	-4.361136e+00
761           	warmPlate	-8.560780e+00	4.987455e-01	-7.469060e-01
761           	OVC	-8.989219e+00	6.568555e-01	-4.994455e+00
761           	shield_slave	-8.642285e+00	-6.175732e+00	-4.361136e+00
762           	warmPlate	-8.560780e+00	4.987455e-01	-7.469060e-01
762           	OVC	-8.989219e+00	6.568555e-01	-4.994455e+00
762           	shield_slave	-8.642285e+00	-6.175732e+00	-4.361136e+00
763           	warmPlate	-8.560780e+00	4.987455e-01	-7.469060e-01
763           	OVC	-8.989219e+00	6.568555e-01	-4.994455e+00
763           	shield_slave	-8.642285e+00	-6.175732e+00	-4.361136e+00
764           	warmPlate	-8.560780e+00	4.987455e-01	-7.469060e-01
764           	OVC	-8.989219e+00	6.568555e-01	-4.994455e+00
764           	shield_slave	-8.642285e+00	-6.175732e+00	-4.361136e+00
765           	warmPlate	-8.560780e+00	4.987455e-01	-7.469060e-01
765           	OVC	-8.989219e+00	6.568555e-01	-4.994455e+00
765           	shield_slave	-8.642285e+00	-6.175732e+00	-4.361136e+00
766           	warmPlate	-8.560780e+00	4.987455e-01	-7.469060e-01
766           	OVC	-8.989219e+00	6.568555e-01	-4.994455e+00
766           	shield_slave	-8.642285e+00	-6.175732e+00	-4.361136e+00
767           	warmPlate	-8.560780e+00	4.987455e-01	-7.469060e-01
767           	OVC	-8.989219e+00	6.568555e-01	-4.994455e+00
767           	shield_slave	-8.642285e+00	-6.175732e+00	-4.361136e+00
768           	warmPlate	-8.560780e+00	4.987455e-01	-7.469060e-01
768           	OVC	-8.989219e+00	6.568555e-01	-4.994455e+00
768           	shield_slave	-8.642285e+00	-6.175732e+00	-4.361136e+00
769           	warmPlate	-8.560780e+00	4.987455e-01	-7.469060e-01
769           	OVC	-8.989219e+00	6.568555e-01	-4.994455e+00
769           	shield_slave	-8.642285e+00	-6.175732e+00	-4.361136e+00
770           	warmPlate	-8.560780e+00	4.987455e-01	-7.469060e-01
770           	OVC	-8.989219e+00	6.568555e-01	-4.994455e+00
770           	shield_slave	-8.642285e+00	-6.175732e+00	-4.361136e+00
771           	warmPlate	-8.560780e+00	4.987455e-01	-7.469060e-01
771           	OVC	-8.989219e+00	6.568555e-01	-4.994455e+00
771           	shield_slave	-8.642285e+00	-6.175732e+00	-4.361136e+00
772           	warmPlate	-8.560780e+00	4.987455e-01	-7.469060e-01
772           	OVC	-8.989219e+00	6.568555e-01	-4.994455e+00
772           	shield_slave	-8.642285e+00	-6.175732e+00	-4.361136e+00
773           	warmPlate	-8.560780e+00	4.987455e-01	-7.469060e-01
773           	OVC	-8.989219e+00	6.568555e-01	-4.994455e+00
773           	shield_slave	-8.642285e+00	-6.175732e+00	-4.361136e+00
774           	warmPlate	-8.560780e+00	4.987455e-01	-7.469060e-01
774           	OVC	-8.989219e+00	6.568555e-01	-4.994455e+00
774           	shield_slave	-8.642285e+00	-6.175732e+00	-4.361136e+00
775           	warmPlate	-8.560780e+00	4.987455e-01	-7.469060e-01
775           	OVC	-8.989219e+00	6.568555e-01	-4.994455e+00
775           	shield_slave	-8.642285e+00	-6.175732e+00	-4.361136e+00
776           	warmPlate	-8.560780e+00	4.987455e-01	-7.469060e-01
776           	OVC	-8.989219e+00	6.568555e-01	-4.994455e+00
776           	shield_slave	-8.642285e+00	-6.175732e+00	-4.361136e+00
777           	warmPlate	-8.560780e+00	4.987455e-01	-7.469060e-01
777           	OVC	-8.989219e+00	6.568555e-01	-4.994455e+00
777           	shield_slave	-8.642285e+00	-6.175732e+00	-4.361136e+00
778           	warmPlate	-8.560780e+00	4.987455e-01	-7.469060e-01
778           	OVC	-8.989219e+00	6.568555e-01	-4.994455e+00
778           	shield_slave	-8.642285e+00	-6.175732e+00	-4.361136e+00
779           	warmPlate	-8.560780e+00	4.987455e-01	-7.469060e-01
779           	OVC	-8.989219e+00	6.568555e-01	-4.994455e+00
779           	shield_slave	-8.642285e+00	-6.175732e+00	-4.361136e+00
780           	warmPlate	-8.560780e+00	4.987455e-01	-7.469060e-01
780           	OVC	-8.989219e+00	6.568555e-01	-4.994455e+00
780           	shield_slave	-8.642285e+00	-6.175732e+00	-4.361136e+00
781           	warmPlate	-8.560780e+00	4.987455e-01	-7.469060e-01
781           	OVC	-8.989219e+00	6.568555e-01	-4.994455e+00
781           	shield_slave	-8.642285e+00	-6.175732e+00	-4.361136e+00
782           	warmPlate	-8.560780e+00	4.987455e-01	-7.469060e-01
782           	OVC	-8.989219e+00	6.568555e-01	-4.994455e+00
782           	shield_slave	-8.642285e+00	-6.175732e+00	-4.361136e+00
783           	warmPlate	-8.560780e+00	4.987455e-01	-7.469060e-01
783           	OVC	-8.989219e+00	6.568555e-01	-4.994455e+00
783           	shield_slave	-8.642285e+00	-6.175732e+00	-4.361136e+00
784           	warmPlate	-8.560780e+00	4.987455e-01	-7.469060e-01
784           	OVC	-8.989219e+00	6.568555e-01	-4.994455e+00
784           	shield_slave	-8.642285e+00	-6.175732e+00	-4.361136e+00
785           	warmPlate	-8.560780e+00	4.987455e-01	-7.469060e-01
785           	OVC	-8.989219e+00	6.568555e-01	-4.994455e+00
785           	shield_slave	-8.642285e+00	-6.175732e+00	-4.361136e+00
786           	warmPlate	-8.560780e+00	4.987455e-01	-7.469060e-01
786           	OVC	-8.989219e+00	6.568555e-01	-4.994455e+00
786           	shield_slave	-8.642285e+00	-6.175732e+00	-4.361136e+00
787           	warmPlate	-8.560780e+00	4.987455e-01	-7.469060e-01
787           	OVC	-8.989219e+00	6.568555e-01	-4.994455e+00
787           	shield_slave	-8.642285e+00	-6.175732e+00	-4.361136e+00
788           	warmPlate	-8.560780e+00	4.987455e-01	-7.469060e-01
788           	OVC	-8.989219e+00	6.568555e-01	-4.994455e+00
788           	shield_slave	-8.642285e+00	-6.175732e+00	-4.361136e+00
789           	warmPlate	-8.560780e+00	4.987455e-01	-7.469060e-01
789           	OVC	-8.989219e+00	6.568555e-01	-4.994455e+00
789           	shield_slave	-8.642285e+00	-6.175732e+00	-4.361136e+00
790           	warmPlate	-8.560780e+00	4.987455e-01	-7.469060e-01
790           	OVC	-8.989219e+00	6.568555e-01	-4.994455e+00
790           	shield_slave	-8.642285e+00	-6.175732e+00	-4.361136e+00
791           	warmPlate	-8.560780e+00	4.987455e-01	-7.469060e-01
791           	OVC	-8.989219e+00	6.568555e-01	-4.994455e+00
791           	shield_slave	-8.642285e+00	-6.175732e+00	-4.361136e+00
792           	warmPlate	-8.560780e+00	4.987455e-01	-7.469060e-01
792           	OVC	-8.989219e+00	6.568555e-01	-4.994455e+00
792           	shield_slave	-8.642285e+00	-6.175732e+00	-4.361136e+00
793           	warmPlate	-8.560780e+00	4.987455e-01	-7.469060e-01
793           	OVC	-8.989219e+00	6.568555e-01	-4.994455e+00
793           	shield_slave	-8.642285e+00	-6.175732e+00	-4.361136e+00
794           	warmPlate	-8.560780e+00	4.987455e-01	-7.469060e-01
794           	OVC	-8.989219e+00	6.568555e-01	-4.994455e+00
794           	shield_slave	-8.642285e+00	-6.175732e+00	-4.361136e+00
795           	warmPlate	-8.560780e+00	4.987455e-01	-7.469060e-01
795           	OVC	-8.989219e+00	6.568555e-01	-4.994455e+00
795           	shield_slave	-8.642285e+00	-6.175732e+00	-4.361136e+00
796           	warmPlate	-8.560780e+00	4.987455e-01	-7.469060e-01
796           	OVC	-8.989219e+00	6.568555e-01	-4.994455e+00
796           	shield_slave	-8.642285e+00	-6.175732e+00	-4.361136e+00
797           	warmPlate	-8.560780e+00	4.987455e-01	-7.469060e-01
797           	OVC	-8.989219e+00	6.568555e-01	-4.994455e+00
797           	shield_slave	-8.642285e+00	-6.175732e+00	-4.361136e+00
798           	warmPlate	-8.560780e+00	4.987455e-01	-7.469060e-01
798           	OVC	-8.989219e+00	6.568555e-01	-4.994455e+00
798           	shield_slave	-8.642285e+00	-6.175732e+00	-4.361136e+00
799           	warmPlate	-8.560780e+00	4.987455e-01	-7.469060e-01
799           	OVC	-8.989219e+00	6.568555e-01	-4.994455e+00
799           	shield_slave	-8.642285e+00	-6.175732e+00	-4.361136e+00
800           	warmPlate	-8.560780e+00	4.987455e-01	-7.469060e-01
800           	OVC	-8.989219e+00	6.568555e-01	-4.994455e+00
800           	shield_slave	-8.642285e+00	-6.175732e+00	-4.361136e+00
801           	warmPlate	-8.560780e+00	4.987455e-01	-7.469060e-01
801           	OVC	-8.989219e+00	6.568555e-01	-4.994455e+00
801           	shield_slave	-8.642285e+00	-6.175732e+00	-4.361136e+00
802           	warmPlate	-8.560780e+00	4.987455e-01	-7.469060e-01
802           	OVC	-8.989219e+00	6.568555e-01	-4.994455e+00
802           	shield_slave	-8.642285e+00	-6.175732e+00	-4.361136e+00
803           	warmPlate	-8.560780e+00	4.987455e-01	-7.469060e-01
803           	OVC	-8.989219e+00	6.568555e-01	-4.994455e+00
803           	shield_slave	-8.642285e+00	-6.175732e+00	-4.361136e+00
804           	warmPlate	-8.560780e+00	4.987455e-01	-7.469060e-01
804           	OVC	-8.989219e+00	6.568555e-01	-4.994455e+00
804           	shield_slave	-8.642285e+00	-6.175732e+00	-4.361136e+00
805           	warmPlate	-8.560780e+00	4.987455e-01	-7.469060e-01
805           	OVC	-8.989219e+00	6.568555e-01	-4.994455e+00
805           	shield_slave	-8.642285e+00	-6.175732e+00	-4.361136e+00
806           	warmPlate	-8.560780e+00	4.987455e-01	-7.469060e-01
806           	OVC	-8.989219e+00	6.568555e-01	-4.994455e+00
806           	shield_slave	-8.642285e+00	-6.175732e+00	-4.361136e+00
807           	warmPlate	-8.560780e+00	4.987455e-01	-7.469060e-01
807           	OVC	-8.989219e+00	6.568555e-01	-4.994455e+00
807           	shield_slave	-8.642285e+00	-6.175732e+00	-4.361136e+00
808           	warmPlate	-8.560780e+00	4.987455e-01	-7.469060e-01
808           	OVC	-8.989219e+00	6.568555e-01	-4.994455e+00
808           	shield_slave	-8.642285e+00	-6.175732e+00	-4.361136e+00
809           	warmPlate	-8.560780e+00	4.987455e-01	-7.469060e-01
809           	OVC	-8.989219e+00	6.568555e-01	-4.994455e+00
809           	shield_slave	-8.642285e+00	-6.175732e+00	-4.361136e+00
810           	warmPlate	-8.560780e+00	4.987455e-01	-7.469060e-01
810           	OVC	-8.989219e+00	6.568555e-01	-4.994455e+00
810           	shield_slave	-8.642285e+00	-6.175732e+00	-4.361136e+00
811           	warmPlate	-8.560780e+00	4.987455e-01	-7.469060e-01
811           	OVC	-8.989219e+00	6.568555e-01	-4.994455e+00
811           	shield_slave	-8.642285e+00	-6.175732e+00	-4.361136e+00
812           	warmPlate	-8.560780e+00	4.987455e-01	-7.469060e-01
812           	OVC	-8.989219e+00	6.568555e-01	-4.994455e+00
812           	shield_slave	-8.642285e+00	-6.175732e+00	-4.361136e+00
813           	warmPlate	-8.560780e+00	4.987455e-01	-7.469060e-01
813           	OVC	-8.989219e+00	6.568555e-01	-4.994455e+00
813           	shield_slave	-8.642285e+00	-6.175732e+00	-4.361136e+00
814           	warmPlate	-8.560780e+00	4.987455e-01	-7.469060e-01
814           	OVC	-8.989219e+00	6.568555e-01	-4.994455e+00
814           	shield_slave	-8.642285e+00	-6.175732e+00	-4.361136e+00
815           	warmPlate	-8.560780e+00	4.987455e-01	-7.469060e-01
815           	OVC	-8.989219e+00	6.568555e-01	-4.994455e+00
815           	shield_slave	-8.642285e+00	-6.175732e+00	-4.361136e+00
816           	warmPlate	-8.560780e+00	4.987455e-01	-7.469060e-01
816           	OVC	-8.989219e+00	6.568555e-01	-4.994455e+00
816           	shield_slave	-8.642285e+00	-6.175732e+00	-4.361136e+00
817           	warmPlate	-8.560780e+00	4.987455e-01	-7.469060e-01
817           	OVC	-8.989219e+00	6.568555e-01	-4.994455e+00
817           	shield_slave	-8.642285e+00	-6.175732e+00	-4.361136e+00
818           	warmPlate	-8.560780e+00	4.987455e-01	-7.469060e-01
818           	OVC	-8.989219e+00	6.568555e-01	-4.994455e+00
818           	shield_slave	-8.642285e+00	-6.175732e+00	-4.361136e+00
819           	warmPlate	-8.560780e+00	4.987455e-01	-7.469060e-01
819           	OVC	-8.989219e+00	6.568555e-01	-4.994455e+00
819           	shield_slave	-8.642285e+00	-6.175732e+00	-4.361136e+00
820           	warmPlate	-8.560780e+00	4.987455e-01	-7.469060e-01
820           	OVC	-8.989219e+00	6.568555e-01	-4.994455e+00
820           	shield_slave	-8.642285e+00	-6.175732e+00	-4.361136e+00
821           	warmPlate	-8.560780e+00	4.987455e-01	-7.469060e-01
821           	OVC	-8.989219e+00	6.568555e-01	-4.994455e+00
821           	shield_slave	-8.642285e+00	-6.175732e+00	-4.361136e+00
822           	warmPlate	-8.560780e+00	4.987455e-01	-7.469060e-01
822           	OVC	-8.989219e+00	6.568555e-01	-4.994455e+00
822           	shield_slave	-8.642285e+00	-6.175732e+00	-4.361136e+00
823           	warmPlate	-8.560780e+00	4.987455e-01	-7.469060e-01
823           	OVC	-8.989219e+00	6.568555e-01	-4.994455e+00
823           	shield_slave	-8.642285e+00	-6.175732e+00	-4.361136e+00
824           	warmPlate	-8.560780e+00	4.987455e-01	-7.469060e-01
824           	OVC	-8.989219e+00	6.568555e-01	-4.994455e+00
824           	shield_slave	-8.642285e+00	-6.175732e+00	-4.361136e+00
825           	warmPlate	-8.560780e+00	4.987455e-01	-7.469060e-01
825           	OVC	-8.989219e+00	6.568555e-01	-4.994455e+00
825           	shield_slave	-8.642285e+00	-6.175732e+00	-4.361136e+00
826           	warmPlate	-8.560780e+00	4.987455e-01	-7.469060e-01
826           	OVC	-8.989219e+00	6.568555e-01	-4.994455e+00
826           	shield_slave	-8.642285e+00	-6.175732e+00	-4.361136e+00
827           	warmPlate	-8.560780e+00	4.987455e-01	-7.469060e-01
827           	OVC	-8.989219e+00	6.568555e-01	-4.994455e+00
827           	shield_slave	-8.642285e+00	-6.175732e+00	-4.361136e+00
828           	warmPlate	-8.560780e+00	4.987455e-01	-7.469060e-01
828           	OVC	-8.989219e+00	6.568555e-01	-4.994455e+00
828           	shield_slave	-8.642285e+00	-6.175732e+00	-4.361136e+00
829           	warmPlate	-8.560780e+00	4.987455e-01	-7.469060e-01
829           	OVC	-8.989219e+00	6.568555e-01	-4.994455e+00
829           	shield_slave	-8.642285e+00	-6.175732e+00	-4.361136e+00
830           	warmPlate	-8.560780e+00	4.987455e-01	-7.469060e-01
830           	OVC	-8.989219e+00	6.568555e-01	-4.994455e+00
830           	shield_slave	-8.642285e+00	-6.175732e+00	-4.361136e+00
831           	warmPlate	-8.560780e+00	4.987455e-01	-7.469060e-01
831           	OVC	-8.989219e+00	6.568555e-01	-4.994455e+00
831           	shield_slave	-8.642285e+00	-6.175732e+00	-4.361136e+00
832           	warmPlate	-8.560780e+00	4.987455e-01	-7.469060e-01
832           	OVC	-8.989219e+00	6.568555e-01	-4.994455e+00
832           	shield_slave	-8.642285e+00	-6.175732e+00	-4.361136e+00
833           	warmPlate	-8.560780e+00	4.987455e-01	-7.469060e-01
833           	OVC	-8.989219e+00	6.568555e-01	-4.994455e+00
833           	shield_slave	-8.642285e+00	-6.175732e+00	-4.361136e+00
834           	warmPlate	-8.560780e+00	4.987455e-01	-7.469060e-01
834           	OVC	-8.989219e+00	6.568555e-01	-4.994455e+00
834           	shield_slave	-8.642285e+00	-6.175732e+00	-4.361136e+00
835           	warmPlate	-8.560780e+00	4.987455e-01	-7.469060e-01
835           	OVC	-8.989219e+00	6.568555e-01	-4.994455e+00
835           	shield_slave	-8.642285e+00	-6.175732e+00	-4.361136e+00
836           	warmPlate	-8.560780e+00	4.987455e-01	-7.469060e-01
836           	OVC	-8.989219e+00	6.568555e-01	-4.994455e+00
836           	shield_slave	-8.642285e+00	-6.175732e+00	-4.361136e+00
837           	warmPlate	-8.560780e+00	4.987455e-01	-7.469060e-01
837           	OVC	-8.989219e+00	6.568555e-01	-4.994455e+00
837           	shield_slave	-8.642285e+00	-6.175732e+00	-4.361136e+00
838           	warmPlate	-8.560780e+00	4.987455e-01	-7.469060e-01
838           	OVC	-8.989219e+00	6.568555e-01	-4.994455e+00
838           	shield_slave	-8.642285e+00	-6.175732e+00	-4.361136e+00
839           	warmPlate	-8.560780e+00	4.987455e-01	-7.469060e-01
839           	OVC	-8.989219e+00	6.568555e-01	-4.994455e+00
839           	shield_slave	-8.642285e+00	-6.175732e+00	-4.361136e+00
840           	warmPlate	-8.560780e+00	4.987455e-01	-7.469060e-01
840           	OVC	-8.989219e+00	6.568555e-01	-4.994455e+00
840           	shield_slave	-8.642285e+00	-6.175732e+00	-4.361136e+00
841           	warmPlate	-8.560780e+00	4.987455e-01	-7.469060e-01
841           	OVC	-8.989219e+00	6.568555e-01	-4.994455e+00
841           	shield_slave	-8.642285e+00	-6.175732e+00	-4.361136e+00
842           	warmPlate	-8.560780e+00	4.987455e-01	-7.469060e-01
842           	OVC	-8.989219e+00	6.568555e-01	-4.994455e+00
842           	shield_slave	-8.642285e+00	-6.175732e+00	-4.361136e+00
843           	warmPlate	-8.560780e+00	4.987455e-01	-7.469060e-01
843           	OVC	-8.989219e+00	6.568555e-01	-4.994455e+00
843           	shield_slave	-8.642285e+00	-6.175732e+00	-4.361136e+00
844           	warmPlate	-8.560780e+00	4.987455e-01	-7.469060e-01
844           	OVC	-8.989219e+00	6.568555e-01	-4.994455e+00
844           	shield_slave	-8.642285e+00	-6.175732e+00	-4.361136e+00
845           	warmPlate	-8.560780e+00	4.987455e-01	-7.469060e-01
845           	OVC	-8.989219e+00	6.568555e-01	-4.994455e+00
845           	shield_slave	-8.642285e+00	-6.175732e+00	-4.361136e+00
846           	warmPlate	-8.560780e+00	4.987455e-01	-7.469060e-01
846           	OVC	-8.989219e+00	6.568555e-01	-4.994455e+00
846           	shield_slave	-8.642285e+00	-6.175732e+00	-4.361136e+00
847           	warmPlate	-8.560780e+00	4.987455e-01	-7.469060e-01
847           	OVC	-8.989219e+00	6.568555e-01	-4.994455e+00
847           	shield_slave	-8.642285e+00	-6.175732e+00	-4.361136e+00
848           	warmPlate	-8.560780e+00	4.987455e-01	-7.469060e-01
848           	OVC	-8.989219e+00	6.568555e-01	-4.994455e+00
848           	shield_slave	-8.642285e+00	-6.175732e+00	-4.361136e+00
849           	warmPlate	-8.560780e+00	4.987455e-01	-7.469060e-01
849           	OVC	-8.989219e+00	6.568555e-01	-4.994455e+00
849           	shield_slave	-8.642285e+00	-6.175732e+00	-4.361136e+00
850           	warmPlate	-8.560780e+00	4.987455e-01	-7.469060e-01
850           	OVC	-8.989219e+00	6.568555e-01	-4.994455e+00
850           	shield_slave	-8.642285e+00	-6.175732e+00	-4.361136e+00
851           	warmPlate	-8.560780e+00	4.987455e-01	-7.469060e-01
851           	OVC	-8.989219e+00	6.568555e-01	-4.994455e+00
851           	shield_slave	-8.642285e+00	-6.175732e+00	-4.361136e+00
852           	warmPlate	-8.560780e+00	4.987455e-01	-7.469060e-01
852           	OVC	-8.989219e+00	6.568555e-01	-4.994455e+00
852           	shield_slave	-8.642285e+00	-6.175732e+00	-4.361136e+00
853           	warmPlate	-8.560780e+00	4.987455e-01	-7.469060e-01
853           	OVC	-8.989219e+00	6.568555e-01	-4.994455e+00
853           	shield_slave	-8.642285e+00	-6.175732e+00	-4.361136e+00
854           	warmPlate	-8.560780e+00	4.987455e-01	-7.469060e-01
854           	OVC	-8.989219e+00	6.568555e-01	-4.994455e+00
854           	shield_slave	-8.642285e+00	-6.175732e+00	-4.361136e+00
855           	warmPlate	-8.560780e+00	4.987455e-01	-7.469060e-01
855           	OVC	-8.989219e+00	6.568555e-01	-4.994455e+00
855           	shield_slave	-8.642285e+00	-6.175732e+00	-4.361136e+00
856           	warmPlate	-8.560780e+00	4.987455e-01	-7.469060e-01
856           	OVC	-8.989219e+00	6.568555e-01	-4.994455e+00
856           	shield_slave	-8.642285e+00	-6.175732e+00	-4.361136e+00
857           	warmPlate	-8.560780e+00	4.987455e-01	-7.469060e-01
857           	OVC	-8.989219e+00	6.568555e-01	-4.994455e+00
857           	shield_slave	-8.642285e+00	-6.175732e+00	-4.361136e+00
858           	warmPlate	-8.560780e+00	4.987455e-01	-7.469060e-01
858           	OVC	-8.989219e+00	6.568555e-01	-4.994455e+00
858           	shield_slave	-8.642285e+00	-6.175732e+00	-4.361136e+00
859           	warmPlate	-8.560780e+00	4.987455e-01	-7.469060e-01
859           	OVC	-8.989219e+00	6.568555e-01	-4.994455e+00
859           	shield_slave	-8.642285e+00	-6.175732e+00	-4.361136e+00
860           	warmPlate	-8.560780e+00	4.987455e-01	-7.469060e-01
860           	OVC	-8.989219e+00	6.568555e-01	-4.994455e+00
860           	shield_slave	-8.642285e+00	-6.175732e+00	-4.361136e+00
861           	warmPlate	-8.560780e+00	4.987455e-01	-7.469060e-01
861           	OVC	-8.989219e+00	6.568555e-01	-4.994455e+00
861           	shield_slave	-8.642285e+00	-6.175732e+00	-4.361136e+00
862           	warmPlate	-8.560780e+00	4.987455e-01	-7.469060e-01
862           	OVC	-8.989219e+00	6.568555e-01	-4.994455e+00
862           	shield_slave	-8.642285e+00	-6.175732e+00	-4.361136e+00
863           	warmPlate	-8.560780e+00	4.987455e-01	-7.469060e-01
863           	OVC	-8.989219e+00	6.568555e-01	-4.994455e+00
863           	shield_slave	-8.642285e+00	-6.175732e+00	-4.361136e+00
864           	warmPlate	-8.560780e+00	4.987455e-01	-7.469060e-01
864           	OVC	-8.989219e+00	6.568555e-01	-4.994455e+00
864           	shield_slave	-8.642285e+00	-6.175732e+00	-4.361136e+00
865           	warmPlate	-8.560780e+00	4.987455e-01	-7.469060e-01
865           	OVC	-8.989219e+00	6.568555e-01	-4.994455e+00
865           	shield_slave	-8.642285e+00	-6.175732e+00	-4.361136e+00
866           	warmPlate	-8.560780e+00	4.987455e-01	-7.469060e-01
866           	OVC	-8.989219e+00	6.568555e-01	-4.994455e+00
866           	shield_slave	-8.642285e+00	-6.175732e+00	-4.361136e+00
867           	warmPlate	-8.560780e+00	4.987455e-01	-7.469060e-01
867           	OVC	-8.989219e+00	6.568555e-01	-4.994455e+00
867           	shield_slave	-8.642285e+00	-6.175732e+00	-4.361136e+00
868           	warmPlate	-8.560780e+00	4.987455e-01	-7.469060e-01
868           	OVC	-8.989219e+00	6.568555e-01	-4.994455e+00
868           	shield_slave	-8.642285e+00	-6.175732e+00	-4.361136e+00
869           	warmPlate	-8.560780e+00	4.987455e-01	-7.469060e-01
869           	OVC	-8.989219e+00	6.568555e-01	-4.994455e+00
869           	shield_slave	-8.642285e+00	-6.175732e+00	-4.361136e+00
870           	warmPlate	-8.560780e+00	4.987455e-01	-7.469060e-01
870           	OVC	-8.989219e+00	6.568555e-01	-4.994455e+00
870           	shield_slave	-8.642285e+00	-6.175732e+00	-4.361136e+00
871           	warmPlate	-8.560780e+00	4.987455e-01	-7.469060e-01
871           	OVC	-8.989219e+00	6.568555e-01	-4.994455e+00
871           	shield_slave	-8.642285e+00	-6.175732e+00	-4.361136e+00
872           	warmPlate	-8.560780e+00	4.987455e-01	-7.469060e-01
872           	OVC	-8.989219e+00	6.568555e-01	-4.994455e+00
872           	shield_slave	-8.642285e+00	-6.175732e+00	-4.361136e+00
873           	warmPlate	-8.560780e+00	4.987455e-01	-7.469060e-01
873           	OVC	-8.989219e+00	6.568555e-01	-4.994455e+00
873           	shield_slave	-8.642285e+00	-6.175732e+00	-4.361136e+00
874           	warmPlate	-8.560780e+00	4.987455e-01	-7.469060e-01
874           	OVC	-8.989219e+00	6.568555e-01	-4.994455e+00
874           	shield_slave	-8.642285e+00	-6.175732e+00	-4.361136e+00
875           	warmPlate	-8.560780e+00	4.987455e-01	-7.469060e-01
875           	OVC	-8.989219e+00	6.568555e-01	-4.994455e+00
875           	shield_slave	-8.642285e+00	-6.175732e+00	-4.361136e+00
876           	warmPlate	-8.560780e+00	4.987455e-01	-7.469060e-01
876           	OVC	-8.989219e+00	6.568555e-01	-4.994455e+00
876           	shield_slave	-8.642285e+00	-6.175732e+00	-4.361136e+00
877           	warmPlate	-8.560780e+00	4.987455e-01	-7.469060e-01
877           	OVC	-8.989219e+00	6.568555e-01	-4.994455e+00
877           	shield_slave	-8.642285e+00	-6.175732e+00	-4.361136e+00
878           	warmPlate	-8.560780e+00	4.987455e-01	-7.469060e-01
878           	OVC	-8.989219e+00	6.568555e-01	-4.994455e+00
878           	shield_slave	-8.642285e+00	-6.175732e+00	-4.361136e+00
879           	warmPlate	-8.560780e+00	4.987455e-01	-7.469060e-01
879           	OVC	-8.989219e+00	6.568555e-01	-4.994455e+00
879           	shield_slave	-8.642285e+00	-6.175732e+00	-4.361136e+00
880           	warmPlate	-8.560780e+00	4.987455e-01	-7.469060e-01
880           	OVC	-8.989219e+00	6.568555e-01	-4.994455e+00
880           	shield_slave	-8.642285e+00	-6.175732e+00	-4.361136e+00
881           	warmPlate	-8.560780e+00	4.987455e-01	-7.469060e-01
881           	OVC	-8.989219e+00	6.568555e-01	-4.994455e+00
881           	shield_slave	-8.642285e+00	-6.175732e+00	-4.361136e+00
882           	warmPlate	-8.560780e+00	4.987455e-01	-7.469060e-01
882           	OVC	-8.989219e+00	6.568555e-01	-4.994455e+00
882           	shield_slave	-8.642285e+00	-6.175732e+00	-4.361136e+00
883           	warmPlate	-8.560780e+00	4.987455e-01	-7.469060e-01
883           	OVC	-8.989219e+00	6.568555e-01	-4.994455e+00
883           	shield_slave	-8.642285e+00	-6.175732e+00	-4.361136e+00
884           	warmPlate	-8.560780e+00	4.987455e-01	-7.469060e-01
884           	OVC	-8.989219e+00	6.568555e-01	-4.994455e+00
884           	shield_slave	-8.642285e+00	-6.175732e+00	-4.361136e+00
885           	warmPlate	-8.560780e+00	4.987455e-01	-7.469060e-01
885           	OVC	-8.989219e+00	6.568555e-01	-4.994455e+00
885           	shield_slave	-8.642285e+00	-6.175732e+00	-4.361136e+00
886           	warmPlate	-8.560780e+00	4.987455e-01	-7.469060e-01
886           	OVC	-8.989219e+00	6.568555e-01	-4.994455e+00
886           	shield_slave	-8.642285e+00	-6.175732e+00	-4.361136e+00
887           	warmPlate	-8.560780e+00	4.987455e-01	-7.469060e-01
887           	OVC	-8.989219e+00	6.568555e-01	-4.994455e+00
887           	shield_slave	-8.642285e+00	-6.175732e+00	-4.361136e+00
888           	warmPlate	-8.560780e+00	4.987455e-01	-7.469060e-01
888           	OVC	-8.989219e+00	6.568555e-01	-4.994455e+00
888           	shield_slave	-8.642285e+00	-6.175732e+00	-4.361136e+00
889           	warmPlate	-8.560780e+00	4.987455e-01	-7.469060e-01
889           	OVC	-8.989219e+00	6.568555e-01	-4.994455e+00
889           	shield_slave	-8.642285e+00	-6.175732e+00	-4.361136e+00
890           	warmPlate	-8.560780e+00	4.987455e-01	-7.469060e-01
890           	OVC	-8.989219e+00	6.568555e-01	-4.994455e+00
890           	shield_slave	-8.642285e+00	-6.175732e+00	-4.361136e+00
891           	warmPlate	-8.560780e+00	4.987455e-01	-7.469060e-01
891           	OVC	-8.989219e+00	6.568555e-01	-4.994455e+00
891           	shield_slave	-8.642285e+00	-6.175732e+00	-4.361136e+00
892           	warmPlate	-8.560780e+00	4.987455e-01	-7.469060e-01
892           	OVC	-8.989219e+00	6.568555e-01	-4.994455e+00
892           	shield_slave	-8.642285e+00	-6.175732e+00	-4.361136e+00
893           	warmPlate	-8.560780e+00	4.987455e-01	-7.469060e-01
893           	OVC	-8.989219e+00	6.568555e-01	-4.994455e+00
893           	shield_slave	-8.642285e+00	-6.175732e+00	-4.361136e+00
894           	warmPlate	-8.560780e+00	4.987455e-01	-7.469060e-01
894           	OVC	-8.989219e+00	6.568555e-01	-4.994455e+00
894           	shield_slave	-8.642285e+00	-6.175732e+00	-4.361136e+00
895           	warmPlate	-8.560780e+00	4.987455e-01	-7.469060e-01
895           	OVC	-8.989219e+00	6.568555e-01	-4.994455e+00
895           	shield_slave	-8.642285e+00	-6.175732e+00	-4.361136e+00
896           	warmPlate	-8.560780e+00	4.987455e-01	-7.469060e-01
896           	OVC	-8.989219e+00	6.568555e-01	-4.994455e+00
896           	shield_slave	-8.642285e+00	-6.175732e+00	-4.361136e+00
897           	warmPlate	-8.560780e+00	4.987455e-01	-7.469060e-01
897           	OVC	-8.989219e+00	6.568555e-01	-4.994455e+00
897           	shield_slave	-8.642285e+00	-6.175732e+00	-4.361136e+00
898           	warmPlate	-8.560780e+00	4.987455e-01	-7.469060e-01
898           	OVC	-8.989219e+00	6.568555e-01	-4.994455e+00
898           	shield_slave	-8.642285e+00	-6.175732e+00	-4.361136e+00
899           	warmPlate	-8.560780e+00	4.987455e-01	-7.469060e-01
899           	OVC	-8.989219e+00	6.568555e-01	-4.994455e+00
899           	shield_slave	-8.642285e+00	-6.175732e+00	-4.361136e+00
900           	warmPlate	-8.560780e+00	4.987455e-01	-7.469060e-01
900           	OVC	-8.989219e+00	6.568555e-01	-4.994455e+00
900           	shield_slave	-8.642285e+00	-6.175732e+00	-4.361136e+00
901           	warmPlate	-8.560780e+00	4.987455e-01	-7.469060e-01
901           	OVC	-8.989219e+00	6.568555e-01	-4.994455e+00
901           	shield_slave	-8.642285e+00	-6.175732e+00	-4.361136e+00
902           	warmPlate	-8.560780e+00	4.987455e-01	-7.469060e-01
902           	OVC	-8.989219e+00	6.568555e-01	-4.994455e+00
902           	shield_slave	-8.642285e+00	-6.175732e+00	-4.361136e+00
903           	warmPlate	-8.560780e+00	4.987455e-01	-7.469060e-01
903           	OVC	-8.989219e+00	6.568555e-01	-4.994455e+00
903           	shield_slave	-8.642285e+00	-6.175732e+00	-4.361136e+00
904           	warmPlate	-8.560780e+00	4.987455e-01	-7.469060e-01
904           	OVC	-8.989219e+00	6.568555e-01	-4.994455e+00
904           	shield_slave	-8.642285e+00	-6.175732e+00	-4.361136e+00
905           	warmPlate	-8.560780e+00	4.987455e-01	-7.469060e-01
905           	OVC	-8.989219e+00	6.568555e-01	-4.994455e+00
905           	shield_slave	-8.642285e+00	-6.175732e+00	-4.361136e+00
906           	warmPlate	-8.560780e+00	4.987455e-01	-7.469060e-01
906           	OVC	-8.989219e+00	6.568555e-01	-4.994455e+00
906           	shield_slave	-8.642285e+00	-6.175732e+00	-4.361136e+00
907           	warmPlate	-8.560780e+00	4.987455e-01	-7.469060e-01
907           	OVC	-8.989219e+00	6.568555e-01	-4.994455e+00
907           	shield_slave	-8.642285e+00	-6.175732e+00	-4.361136e+00
908           	warmPlate	-8.560780e+00	4.987455e-01	-7.469060e-01
908           	OVC	-8.989219e+00	6.568555e-01	-4.994455e+00
908           	shield_slave	-8.642285e+00	-6.175732e+00	-4.361136e+00
909           	warmPlate	-8.560780e+00	4.987455e-01	-7.469060e-01
909           	OVC	-8.989219e+00	6.568555e-01	-4.994455e+00
909           	shield_slave	-8.642285e+00	-6.175732e+00	-4.361136e+00
910           	warmPlate	-8.560780e+00	4.987455e-01	-7.469060e-01
910           	OVC	-8.989219e+00	6.568555e-01	-4.994455e+00
910           	shield_slave	-8.642285e+00	-6.175732e+00	-4.361136e+00
911           	warmPlate	-8.560780e+00	4.987455e-01	-7.469060e-01
911           	OVC	-8.989219e+00	6.568555e-01	-4.994455e+00
911           	shield_slave	-8.642285e+00	-6.175732e+00	-4.361136e+00
912           	warmPlate	-8.560780e+00	4.987455e-01	-7.469060e-01
912           	OVC	-8.989219e+00	6.568555e-01	-4.994455e+00
912           	shield_slave	-8.642285e+00	-6.175732e+00	-4.361136e+00
913           	warmPlate	-8.560780e+00	4.987455e-01	-7.469060e-01
913           	OVC	-8.989219e+00	6.568555e-01	-4.994455e+00
913           	shield_slave	-8.642285e+00	-6.175732e+00	-4.361136e+00
914           	warmPlate	-8.560780e+00	4.987455e-01	-7.469060e-01
914           	OVC	-8.989219e+00	6.568555e-01	-4.994455e+00
914           	shield_slave	-8.642285e+00	-6.175732e+00	-4.361136e+00
915           	warmPlate	-8.560780e+00	4.987455e-01	-7.469060e-01
915           	OVC	-8.989219e+00	6.568555e-01	-4.994455e+00
915           	shield_slave	-8.642285e+00	-6.175732e+00	-4.361136e+00
916           	warmPlate	-8.560780e+00	4.987455e-01	-7.469060e-01
916           	OVC	-8.989219e+00	6.568555e-01	-4.994455e+00
916           	shield_slave	-8.642285e+00	-6.175732e+00	-4.361136e+00
917           	warmPlate	-8.560780e+00	4.987455e-01	-7.469060e-01
917           	OVC	-8.989219e+00	6.568555e-01	-4.994455e+00
917           	shield_slave	-8.642285e+00	-6.175732e+00	-4.361136e+00
918           	warmPlate	-8.560780e+00	4.987455e-01	-7.469060e-01
918           	OVC	-8.989219e+00	6.568555e-01	-4.994455e+00
918           	shield_slave	-8.642285e+00	-6.175732e+00	-4.361136e+00
919           	warmPlate	-8.560780e+00	4.987455e-01	-7.469060e-01
919           	OVC	-8.989219e+00	6.568555e-01	-4.994455e+00
919           	shield_slave	-8.642285e+00	-6.175732e+00	-4.361136e+00
920           	warmPlate	-8.560780e+00	4.987455e-01	-7.469060e-01
920           	OVC	-8.989219e+00	6.568555e-01	-4.994455e+00
920           	shield_slave	-8.642285e+00	-6.175732e+00	-4.361136e+00
921           	warmPlate	-8.560780e+00	4.987455e-01	-7.469060e-01
921           	OVC	-8.989219e+00	6.568555e-01	-4.994455e+00
921           	shield_slave	-8.642285e+00	-6.175732e+00	-4.361136e+00
922           	warmPlate	-8.560780e+00	4.987455e-01	-7.469060e-01
922           	OVC	-8.989219e+00	6.568555e-01	-4.994455e+00
922           	shield_slave	-8.642285e+00	-6.175732e+00	-4.361136e+00
923           	warmPlate	-8.560780e+00	4.987455e-01	-7.469060e-01
923           	OVC	-8.989219e+00	6.568555e-01	-4.994455e+00
923           	shield_slave	-8.642285e+00	-6.175732e+00	-4.361136e+00
924           	warmPlate	-8.560780e+00	4.987455e-01	-7.469060e-01
924           	OVC	-8.989219e+00	6.568555e-01	-4.994455e+00
924           	shield_slave	-8.642285e+00	-6.175732e+00	-4.361136e+00
925           	warmPlate	-8.560780e+00	4.987455e-01	-7.469060e-01
925           	OVC	-8.989219e+00	6.568555e-01	-4.994455e+00
925           	shield_slave	-8.642285e+00	-6.175732e+00	-4.361136e+00
926           	warmPlate	-8.560780e+00	4.987455e-01	-7.469060e-01
926           	OVC	-8.989219e+00	6.568555e-01	-4.994455e+00
926           	shield_slave	-8.642285e+00	-6.175732e+00	-4.361136e+00
927           	warmPlate	-8.560780e+00	4.987455e-01	-7.469060e-01
927           	OVC	-8.989219e+00	6.568555e-01	-4.994455e+00
927           	shield_slave	-8.642285e+00	-6.175732e+00	-4.361136e+00
928           	warmPlate	-8.560780e+00	4.987455e-01	-7.469060e-01
928           	OVC	-8.989219e+00	6.568555e-01	-4.994455e+00
928           	shield_slave	-8.642285e+00	-6.175732e+00	-4.361136e+00
929           	warmPlate	-8.560780e+00	4.987455e-01	-7.469060e-01
929           	OVC	-8.989219e+00	6.568555e-01	-4.994455e+00
929           	shield_slave	-8.642285e+00	-6.175732e+00	-4.361136e+00
930           	warmPlate	-8.560780e+00	4.987455e-01	-7.469060e-01
930           	OVC	-8.989219e+00	6.568555e-01	-4.994455e+00
930           	shield_slave	-8.642285e+00	-6.175732e+00	-4.361136e+00
931           	warmPlate	-8.560780e+00	4.987455e-01	-7.469060e-01
931           	OVC	-8.989219e+00	6.568555e-01	-4.994455e+00
931           	shield_slave	-8.642285e+00	-6.175732e+00	-4.361136e+00
932           	warmPlate	-8.560780e+00	4.987455e-01	-7.469060e-01
932           	OVC	-8.989219e+00	6.568555e-01	-4.994455e+00
932           	shield_slave	-8.642285e+00	-6.175732e+00	-4.361136e+00
933           	warmPlate	-8.560780e+00	4.987455e-01	-7.469060e-01
933           	OVC	-8.989219e+00	6.568555e-01	-4.994455e+00
933           	shield_slave	-8.642285e+00	-6.175732e+00	-4.361136e+00
934           	warmPlate	-8.560780e+00	4.987455e-01	-7.469060e-01
934           	OVC	-8.989219e+00	6.568555e-01	-4.994455e+00
934           	shield_slave	-8.642285e+00	-6.175732e+00	-4.361136e+00
935           	warmPlate	-8.560780e+00	4.987455e-01	-7.469060e-01
935           	OVC	-8.989219e+00	6.568555e-01	-4.994455e+00
935           	shield_slave	-8.642285e+00	-6.175732e+00	-4.361136e+00
936           	warmPlate	-8.560780e+00	4.987455e-01	-7.469060e-01
936           	OVC	-8.989219e+00	6.568555e-01	-4.994455e+00
936           	shield_slave	-8.642285e+00	-6.175732e+00	-4.361136e+00
937           	warmPlate	-8.560780e+00	4.987455e-01	-7.469060e-01
937           	OVC	-8.989219e+00	6.568555e-01	-4.994455e+00
937           	shield_slave	-8.642285e+00	-6.175732e+00	-4.361136e+00
938           	warmPlate	-8.560780e+00	4.987455e-01	-7.469060e-01
938           	OVC	-8.989219e+00	6.568555e-01	-4.994455e+00
938           	shield_slave	-8.642285e+00	-6.175732e+00	-4.361136e+00
939           	warmPlate	-8.560780e+00	4.987455e-01	-7.469060e-01
939           	OVC	-8.989219e+00	6.568555e-01	-4.994455e+00
939           	shield_slave	-8.642285e+00	-6.175732e+00	-4.361136e+00
940           	warmPlate	-8.560780e+00	4.987455e-01	-7.469060e-01
940           	OVC	-8.989219e+00	6.568555e-01	-4.994455e+00
940           	shield_slave	-8.642285e+00	-6.175732e+00	-4.361136e+00
941           	warmPlate	-8.560780e+00	4.987455e-01	-7.469060e-01
941           	OVC	-8.989219e+00	6.568555e-01	-4.994455e+00
941           	shield_slave	-8.642285e+00	-6.175732e+00	-4.361136e+00
942           	warmPlate	-8.560780e+00	4.987455e-01	-7.469060e-01
942           	OVC	-8.989219e+00	6.568555e-01	-4.994455e+00
942           	shield_slave	-8.642285e+00	-6.175732e+00	-4.361136e+00
943           	warmPlate	-8.560780e+00	4.987455e-01	-7.469060e-01
943           	OVC	-8.989219e+00	6.568555e-01	-4.994455e+00
943           	shield_slave	-8.642285e+00	-6.175732e+00	-4.361136e+00
944           	warmPlate	-8.560780e+00	4.987455e-01	-7.469060e-01
944           	OVC	-8.989219e+00	6.568555e-01	-4.994455e+00
944           	shield_slave	-8.642285e+00	-6.175732e+00	-4.361136e+00
945           	warmPlate	-8.560780e+00	4.987455e-01	-7.469060e-01
945           	OVC	-8.989219e+00	6.568555e-01	-4.994455e+00
945           	shield_slave	-8.642285e+00	-6.175732e+00	-4.361136e+00
946           	warmPlate	-8.560780e+00	4.987455e-01	-7.469060e-01
946           	OVC	-8.989219e+00	6.568555e-01	-4.994455e+00
946           	shield_slave	-8.642285e+00	-6.175732e+00	-4.361136e+00
947           	warmPlate	-8.560780e+00	4.987455e-01	-7.469060e-01
947           	OVC	-8.989219e+00	6.568555e-01	-4.994455e+00
947           	shield_slave	-8.642285e+00	-6.175732e+00	-4.361136e+00
948           	warmPlate	-8.560780e+00	4.987455e-01	-7.469060e-01
948           	OVC	-8.989219e+00	6.568555e-01	-4.994455e+00
948           	shield_slave	-8.642285e+00	-6.175732e+00	-4.361136e+00
949           	warmPlate	-8.560780e+00	4.987455e-01	-7.469060e-01
949           	OVC	-8.989219e+00	6.568555e-01	-4.994455e+00
949           	shield_slave	-8.642285e+00	-6.175732e+00	-4.361136e+00
950           	warmPlate	-8.560780e+00	4.987455e-01	-7.469060e-01
950           	OVC	-8.989219e+00	6.568555e-01	-4.994455e+00
950           	shield_slave	-8.642285e+00	-6.175732e+00	-4.361136e+00
951           	warmPlate	-8.560780e+00	4.987455e-01	-7.469060e-01
951           	OVC	-8.989219e+00	6.568555e-01	-4.994455e+00
951           	shield_slave	-8.642285e+00	-6.175732e+00	-4.361136e+00
952           	warmPlate	-8.560780e+00	4.987455e-01	-7.469060e-01
952           	OVC	-8.989219e+00	6.568555e-01	-4.994455e+00
952           	shield_slave	-8.642285e+00	-6.175732e+00	-4.361136e+00
953           	warmPlate	-8.560780e+00	4.987455e-01	-7.469060e-01
953           	OVC	-8.989219e+00	6.568555e-01	-4.994455e+00
953           	shield_slave	-8.642285e+00	-6.175732e+00	-4.361136e+00
954           	warmPlate	-8.560780e+00	4.987455e-01	-7.469060e-01
954           	OVC	-8.989219e+00	6.568555e-01	-4.994455e+00
954           	shield_slave	-8.642285e+00	-6.175732e+00	-4.361136e+00
955           	warmPlate	-8.560780e+00	4.987455e-01	-7.469060e-01
955           	OVC	-8.989219e+00	6.568555e-01	-4.994455e+00
955           	shield_slave	-8.642285e+00	-6.175732e+00	-4.361136e+00
956           	warmPlate	-8.560780e+00	4.987455e-01	-7.469060e-01
956           	OVC	-8.989219e+00	6.568555e-01	-4.994455e+00
956           	shield_slave	-8.642285e+00	-6.175732e+00	-4.361136e+00
957           	warmPlate	-8.560780e+00	4.987455e-01	-7.469060e-01
957           	OVC	-8.989219e+00	6.568555e-01	-4.994455e+00
957           	shield_slave	-8.642285e+00	-6.175732e+00	-4.361136e+00
958           	warmPlate	-8.560780e+00	4.987455e-01	-7.469060e-01
958           	OVC	-8.989219e+00	6.568555e-01	-4.994455e+00
958           	shield_slave	-8.642285e+00	-6.175732e+00	-4.361136e+00
959           	warmPlate	-8.560780e+00	4.987455e-01	-7.469060e-01
959           	OVC	-8.989219e+00	6.568555e-01	-4.994455e+00
959           	shield_slave	-8.642285e+00	-6.175732e+00	-4.361136e+00
960           	warmPlate	-8.560780e+00	4.987455e-01	-7.469060e-01
960           	OVC	-8.989219e+00	6.568555e-01	-4.994455e+00
960           	shield_slave	-8.642285e+00	-6.175732e+00	-4.361136e+00
961           	warmPlate	-8.560780e+00	4.987455e-01	-7.469060e-01
961           	OVC	-8.989219e+00	6.568555e-01	-4.994455e+00
961           	shield_slave	-8.642285e+00	-6.175732e+00	-4.361136e+00
962           	warmPlate	-8.560780e+00	4.987455e-01	-7.469060e-01
962           	OVC	-8.989219e+00	6.568555e-01	-4.994455e+00
962           	shield_slave	-8.642285e+00	-6.175732e+00	-4.361136e+00
963           	warmPlate	-8.560780e+00	4.987455e-01	-7.469060e-01
963           	OVC	-8.989219e+00	6.568555e-01	-4.994455e+00
963           	shield_slave	-8.642285e+00	-6.175732e+00	-4.361136e+00
964           	warmPlate	-8.560780e+00	4.987455e-01	-7.469060e-01
964           	OVC	-8.989219e+00	6.568555e-01	-4.994455e+00
964           	shield_slave	-8.642285e+00	-6.175732e+00	-4.361136e+00
965           	warmPlate	-8.560780e+00	4.987455e-01	-7.469060e-01
965           	OVC	-8.989219e+00	6.568555e-01	-4.994455e+00
965           	shield_slave	-8.642285e+00	-6.175732e+00	-4.361136e+00
966           	warmPlate	-8.560780e+00	4.987455e-01	-7.469060e-01
966           	OVC	-8.989219e+00	6.568555e-01	-4.994455e+00
966           	shield_slave	-8.642285e+00	-6.175732e+00	-4.361136e+00
967           	warmPlate	-8.560780e+00	4.987455e-01	-7.469060e-01
967           	OVC	-8.989219e+00	6.568555e-01	-4.994455e+00
967           	shield_slave	-8.642285e+00	-6.175732e+00	-4.361136e+00
968           	warmPlate	-8.560780e+00	4.987455e-01	-7.469060e-01
968           	OVC	-8.989219e+00	6.568555e-01	-4.994455e+00
968           	shield_slave	-8.642285e+00	-6.175732e+00	-4.361136e+00
969           	warmPlate	-8.560780e+00	4.987455e-01	-7.469060e-01
969           	OVC	-8.989219e+00	6.568555e-01	-4.994455e+00
969           	shield_slave	-8.642285e+00	-6.175732e+00	-4.361136e+00
970           	warmPlate	-8.560780e+00	4.987455e-01	-7.469060e-01
970           	OVC	-8.989219e+00	6.568555e-01	-4.994455e+00
970           	shield_slave	-8.642285e+00	-6.175732e+00	-4.361136e+00
971           	warmPlate	-8.560780e+00	4.987455e-01	-7.469060e-01
971           	OVC	-8.989219e+00	6.568555e-01	-4.994455e+00
971           	shield_slave	-8.642285e+00	-6.175732e+00	-4.361136e+00
972           	warmPlate	-8.560780e+00	4.987455e-01	-7.469060e-01
972           	OVC	-8.989219e+00	6.568555e-01	-4.994455e+00
972           	shield_slave	-8.642285e+00	-6.175732e+00	-4.361136e+00
973           	warmPlate	-8.560780e+00	4.987455e-01	-7.469060e-01
973           	OVC	-8.989219e+00	6.568555e-01	-4.994455e+00
973           	shield_slave	-8.642285e+00	-6.175732e+00	-4.361136e+00
974           	warmPlate	-8.560780e+00	4.987455e-01	-7.469060e-01
974           	OVC	-8.989219e+00	6.568555e-01	-4.994455e+00
974           	shield_slave	-8.642285e+00	-6.175732e+00	-4.361136e+00
975           	warmPlate	-8.560780e+00	4.987455e-01	-7.469060e-01
975           	OVC	-8.989219e+00	6.568555e-01	-4.994455e+00
975           	shield_slave	-8.642285e+00	-6.175732e+00	-4.361136e+00
976           	warmPlate	-8.560780e+00	4.987455e-01	-7.469060e-01
976           	OVC	-8.989219e+00	6.568555e-01	-4.994455e+00
976           	shield_slave	-8.642285e+00	-6.175732e+00	-4.361136e+00
977           	warmPlate	-8.560780e+00	4.987455e-01	-7.469060e-01
977           	OVC	-8.989219e+00	6.568555e-01	-4.994455e+00
977           	shield_slave	-8.642285e+00	-6.175732e+00	-4.361136e+00
978           	warmPlate	-8.560780e+00	4.987455e-01	-7.469060e-01
978           	OVC	-8.989219e+00	6.568555e-01	-4.994455e+00
978           	shield_slave	-8.642285e+00	-6.175732e+00	-4.361136e+00
979           	warmPlate	-8.560780e+00	4.987455e-01	-7.469060e-01
979           	OVC	-8.989219e+00	6.568555e-01	-4.994455e+00
979           	shield_slave	-8.642285e+00	-6.175732e+00	-4.361136e+00
980           	warmPlate	-8.560780e+00	4.987455e-01	-7.469060e-01
980           	OVC	-8.989219e+00	6.568555e-01	-4.994455e+00
980           	shield_slave	-8.642285e+00	-6.175732e+00	-4.361136e+00
981           	warmPlate	-8.560780e+00	4.987455e-01	-7.469060e-01
981           	OVC	-8.989219e+00	6.568555e-01	-4.994455e+00
981           	shield_slave	-8.642285e+00	-6.175732e+00	-4.361136e+00
982           	warmPlate	-8.560780e+00	4.987455e-01	-7.469060e-01
982           	OVC	-8.989219e+00	6.568555e-01	-4.994455e+00
982           	shield_slave	-8.642285e+00	-6.175732e+00	-4.361136e+00
983           	warmPlate	-8.560780e+00	4.987455e-01	-7.469060e-01
983           	OVC	-8.989219e+00	6.568555e-01	-4.994455e+00
983           	shield_slave	-8.642285e+00	-6.175732e+00	-4.361136e+00
984           	warmPlate	-8.560780e+00	4.987455e-01	-7.469060e-01
984           	OVC	-8.989219e+00	6.568555e-01	-4.994455e+00
984           	shield_slave	-8.642285e+00	-6.175732e+00	-4.361136e+00
985           	warmPlate	-8.560780e+00	4.987455e-01	-7.469060e-01
985           	OVC	-8.989219e+00	6.568555e-01	-4.994455e+00
985           	shield_slave	-8.642285e+00	-6.175732e+00	-4.361136e+00
986           	warmPlate	-8.560780e+00	4.987455e-01	-7.469060e-01
986           	OVC	-8.989219e+00	6.568555e-01	-4.994455e+00
986           	shield_slave	-8.642285e+00	-6.175732e+00	-4.361136e+00
987           	warmPlate	-8.560780e+00	4.987455e-01	-7.469060e-01
987           	OVC	-8.989219e+00	6.568555e-01	-4.994455e+00
987           	shield_slave	-8.642285e+00	-6.175732e+00	-4.361136e+00
988           	warmPlate	-8.560780e+00	4.987455e-01	-7.469060e-01
988           	OVC	-8.989219e+00	6.568555e-01	-4.994455e+00
988           	shield_slave	-8.642285e+00	-6.175732e+00	-4.361136e+00
989           	warmPlate	-8.560780e+00	4.987455e-01	-7.469060e-01
989           	OVC	-8.989219e+00	6.568555e-01	-4.994455e+00
989           	shield_slave	-8.642285e+00	-6.175732e+00	-4.361136e+00
990           	warmPlate	-8.560780e+00	4.987455e-01	-7.469060e-01
990           	OVC	-8.989219e+00	6.568555e-01	-4.994455e+00
990           	shield_slave	-8.642285e+00	-6.175732e+00	-4.361136e+00
991           	warmPlate	-8.560780e+00	4.987455e-01	-7.469060e-01
991           	OVC	-8.989219e+00	6.568555e-01	-4.994455e+00
991           	shield_slave	-8.642285e+00	-6.175732e+00	-4.361136e+00
992           	warmPlate	-8.560780e+00	4.987455e-01	-7.469060e-01
992           	OVC	-8.989219e+00	6.568555e-01	-4.994455e+00
992           	shield_slave	-8.642285e+00	-6.175732e+00	-4.361136e+00
993           	warmPlate	-8.560780e+00	4.987455e-01	-7.469060e-01
993           	OVC	-8.989219e+00	6.568555e-01	-4.994455e+00
993           	shield_slave	-8.642285e+00	-6.175732e+00	-4.361136e+00
994           	warmPlate	-8.560780e+00	4.987455e-01	-7.469060e-01
994           	OVC	-8.989219e+00	6.568555e-01	-4.994455e+00
994           	shield_slave	-8.642285e+00	-6.175732e+00	-4.361136e+00
995           	warmPlate	-8.560780e+00	4.987455e-01	-7.469060e-01
995           	OVC	-8.989219e+00	6.568555e-01	-4.994455e+00
995           	shield_slave	-8.642285e+00	-6.175732e+00	-4.361136e+00
996           	warmPlate	-8.560780e+00	4.987455e-01	-7.469060e-01
996           	OVC	-8.989219e+00	6.568555e-01	-4.994455e+00
996           	shield_slave	-8.642285e+00	-6.175732e+00	-4.361136e+00
997           	warmPlate	-8.560780e+00	4.987455e-01	-7.469060e-01
997           	OVC	-8.989219e+00	6.568555e-01	-4.994455e+00
997           	shield_slave	-8.642285e+00	-6.175732e+00	-4.361136e+00
998           	warmPlate	-8.560780e+00	4.987455e-01	-7.469060e-01
998           	OVC	-8.989219e+00	6.568555e-01	-4.994455e+00
998           	shield_slave	-8.642285e+00	-6.175732e+00	-4.361136e+00
999           	warmPlate	-8.560780e+00	4.987455e-01	-7.469060e-01
999           	OVC	-8.989219e+00	6.568555e-01	-4.994455e+00
999           	shield_slave	-8.642285e+00	-6.175732e+00	-4.361136e+00
1000          	warmPlate	-8.560780e+00	4.987455e-01	-7.469060e-01
1000          	OVC	-8.989219e+00	6.568555e-01	-4.994455e+00
1000          	shield_slave	-8.642285e+00	-6.175732e+00	-4.361136e+00
1001          	warmPlate	-8.560780e+00	4.987455e-01	-7.469060e-01
1001          	OVC	-8.989219e+00	6.568555e-01	-4.994455e+00
1001          	shield_slave	-8.642285e+00	-6.175732e+00	-4.361136e+00
1002          	warmPlate	-8.560780e+00	4.987455e-01	-7.469060e-01
1002          	OVC	-8.989219e+00	6.568555e-01	-4.994455e+00
1002          	shield_slave	-8.642285e+00	-6.175732e+00	-4.361136e+00
1003          	warmPlate	-8.560780e+00	4.987455e-01	-7.469060e-01
1003          	OVC	-8.989219e+00	6.568555e-01	-4.994455e+00
1003          	shield_slave	-8.642285e+00	-6.175732e+00	-4.361136e+00
1004          	warmPlate	-8.560780e+00	4.987455e-01	-7.469060e-01
1004          	OVC	-8.989219e+00	6.568555e-01	-4.994455e+00
1004          	shield_slave	-8.642285e+00	-6.175732e+00	-4.361136e+00
1005          	warmPlate	-8.560780e+00	4.987455e-01	-7.469060e-01
1005          	OVC	-8.989219e+00	6.568555e-01	-4.994455e+00
1005          	shield_slave	-8.642285e+00	-6.175732e+00	-4.361136e+00
1006          	warmPlate	-8.560780e+00	4.987455e-01	-7.469060e-01
1006          	OVC	-8.989219e+00	6.568555e-01	-4.994455e+00
1006          	shield_slave	-8.642285e+00	-6.175732e+00	-4.361136e+00
1007          	warmPlate	-8.560780e+00	4.987455e-01	-7.469060e-01
1007          	OVC	-8.989219e+00	6.568555e-01	-4.994455e+00
1007          	shield_slave	-8.642285e+00	-6.175732e+00	-4.361136e+00
1008          	warmPlate	-8.560780e+00	4.987455e-01	-7.469060e-01
1008          	OVC	-8.989219e+00	6.568555e-01	-4.994455e+00
1008          	shield_slave	-8.642285e+00	-6.175732e+00	-4.361136e+00
1009          	warmPlate	-8.560780e+00	4.987455e-01	-7.469060e-01
1009          	OVC	-8.989219e+00	6.568555e-01	-4.994455e+00
1009          	shield_slave	-8.642285e+00	-6.175732e+00	-4.361136e+00
1010          	warmPlate	-8.560780e+00	4.987455e-01	-7.469060e-01
1010          	OVC	-8.989219e+00	6.568555e-01	-4.994455e+00
1010          	shield_slave	-8.642285e+00	-6.175732e+00	-4.361136e+00
1011          	warmPlate	-8.560780e+00	4.987455e-01	-7.469060e-01
1011          	OVC	-8.989219e+00	6.568555e-01	-4.994455e+00
1011          	shield_slave	-8.642285e+00	-6.175732e+00	-4.361136e+00
1012          	warmPlate	-8.560780e+00	4.987455e-01	-7.469060e-01
1012          	OVC	-8.989219e+00	6.568555e-01	-4.994455e+00
1012          	shield_slave	-8.642285e+00	-6.175732e+00	-4.361136e+00
1013          	warmPlate	-8.560780e+00	4.987455e-01	-7.469060e-01
1013          	OVC	-8.989219e+00	6.568555e-01	-4.994455e+00
1013          	shield_slave	-8.642285e+00	-6.175732e+00	-4.361136e+00
1014          	warmPlate	-8.560780e+00	4.987455e-01	-7.469060e-01
1014          	OVC	-8.989219e+00	6.568555e-01	-4.994455e+00
1014          	shield_slave	-8.642285e+00	-6.175732e+00	-4.361136e+00
1015          	warmPlate	-8.560780e+00	4.987455e-01	-7.469060e-01
1015          	OVC	-8.989219e+00	6.568555e-01	-4.994455e+00
1015          	shield_slave	-8.642285e+00	-6.175732e+00	-4.361136e+00
1016          	warmPlate	-8.560780e+00	4.987455e-01	-7.469060e-01
1016          	OVC	-8.989219e+00	6.568555e-01	-4.994455e+00
1016          	shield_slave	-8.642285e+00	-6.175732e+00	-4.361136e+00
1017          	warmPlate	-8.560780e+00	4.987455e-01	-7.469060e-01
1017          	OVC	-8.989219e+00	6.568555e-01	-4.994455e+00
1017          	shield_slave	-8.642285e+00	-6.175732e+00	-4.361136e+00
1018          	warmPlate	-8.560780e+00	4.987455e-01	-7.469060e-01
1018          	OVC	-8.989219e+00	6.568555e-01	-4.994455e+00
1018          	shield_slave	-8.642285e+00	-6.175732e+00	-4.361136e+00
1019          	warmPlate	-8.560780e+00	4.987455e-01	-7.469060e-01
1019          	OVC	-8.989219e+00	6.568555e-01	-4.994455e+00
1019          	shield_slave	-8.642285e+00	-6.175732e+00	-4.361136e+00
1020          	warmPlate	-8.560780e+00	4.987455e-01	-7.469060e-01
1020          	OVC	-8.989219e+00	6.568555e-01	-4.994455e+00
1020          	shield_slave	-8.642285e+00	-6.175732e+00	-4.361136e+00
1021          	warmPlate	-8.560780e+00	4.987455e-01	-7.469060e-01
1021          	OVC	-8.989219e+00	6.568555e-01	-4.994455e+00
1021          	shield_slave	-8.642285e+00	-6.175732e+00	-4.361136e+00
1022          	warmPlate	-8.560780e+00	4.987455e-01	-7.469060e-01
1022          	OVC	-8.989219e+00	6.568555e-01	-4.994455e+00
1022          	shield_slave	-8.642285e+00	-6.175732e+00	-4.361136e+00
1023          	warmPlate	-8.560780e+00	4.987455e-01	-7.469060e-01
1023          	OVC	-8.989219e+00	6.568555e-01	-4.994455e+00
1023          	shield_slave	-8.642285e+00	-6.175732e+00	-4.361136e+00
1024          	warmPlate	-8.560780e+00	4.987455e-01	-7.469060e-01
1024          	OVC	-8.989219e+00	6.568555e-01	-4.994455e+00
1024          	shield_slave	-8.642285e+00	-6.175732e+00	-4.361136e+00
1025          	warmPlate	-8.560780e+00	4.987455e-01	-7.469060e-01
1025          	OVC	-8.989219e+00	6.568555e-01	-4.994455e+00
1025          	shield_slave	-8.642285e+00	-6.175732e+00	-4.361136e+00
1026          	warmPlate	-8.560780e+00	4.987455e-01	-7.469060e-01
1026          	OVC	-8.989219e+00	6.568555e-01	-4.994455e+00
1026          	shield_slave	-8.642285e+00	-6.175732e+00	-4.361136e+00
1027          	warmPlate	-8.560780e+00	4.987455e-01	-7.469060e-01
1027          	OVC	-8.989219e+00	6.568555e-01	-4.994455e+00
1027          	shield_slave	-8.642285e+00	-6.175732e+00	-4.361136e+00
1028          	warmPlate	-8.560780e+00	4.987455e-01	-7.469060e-01
1028          	OVC	-8.989219e+00	6.568555e-01	-4.994455e+00
1028          	shield_slave	-8.642285e+00	-6.175732e+00	-4.361136e+00
1029          	warmPlate	-8.560780e+00	4.987455e-01	-7.469060e-01
1029          	OVC	-8.989219e+00	6.568555e-01	-4.994455e+00
1029          	shield_slave	-8.642285e+00	-6.175732e+00	-4.361136e+00
1030          	warmPlate	-8.560780e+00	4.987455e-01	-7.469060e-01
1030          	OVC	-8.989219e+00	6.568555e-01	-4.994455e+00
1030          	shield_slave	-8.642285e+00	-6.175732e+00	-4.361136e+00
1031          	warmPlate	-8.560780e+00	4.987455e-01	-7.469060e-01
1031          	OVC	-8.989219e+00	6.568555e-01	-4.994455e+00
1031          	shield_slave	-8.642285e+00	-6.175732e+00	-4.361136e+00
1032          	warmPlate	-8.560780e+00	4.987455e-01	-7.469060e-01
1032          	OVC	-8.989219e+00	6.568555e-01	-4.994455e+00
1032          	shield_slave	-8.642285e+00	-6.175732e+00	-4.361136e+00
1033          	warmPlate	-8.560780e+00	4.987455e-01	-7.469060e-01
1033          	OVC	-8.989219e+00	6.568555e-01	-4.994455e+00
1033          	shield_slave	-8.642285e+00	-6.175732e+00	-4.361136e+00
1034          	warmPlate	-8.560780e+00	4.987455e-01	-7.469060e-01
1034          	OVC	-8.989219e+00	6.568555e-01	-4.994455e+00
1034          	shield_slave	-8.642285e+00	-6.175732e+00	-4.361136e+00
1035          	warmPlate	-8.560780e+00	4.987455e-01	-7.469060e-01
1035          	OVC	-8.989219e+00	6.568555e-01	-4.994455e+00
1035          	shield_slave	-8.642285e+00	-6.175732e+00	-4.361136e+00
1036          	warmPlate	-8.560780e+00	4.987455e-01	-7.469060e-01
1036          	OVC	-8.989219e+00	6.568555e-01	-4.994455e+00
1036          	shield_slave	-8.642285e+00	-6.175732e+00	-4.361136e+00
1037          	warmPlate	-8.560780e+00	4.987455e-01	-7.469060e-01
1037          	OVC	-8.989219e+00	6.568555e-01	-4.994455e+00
1037          	shield_slave	-8.642285e+00	-6.175732e+00	-4.361136e+00
1038          	warmPlate	-8.560780e+00	4.987455e-01	-7.469060e-01
1038          	OVC	-8.989219e+00	6.568555e-01	-4.994455e+00
1038          	shield_slave	-8.642285e+00	-6.175732e+00	-4.361136e+00
1039          	warmPlate	-8.560780e+00	4.987455e-01	-7.469060e-01
1039          	OVC	-8.989219e+00	6.568555e-01	-4.994455e+00
1039          	shield_slave	-8.642285e+00	-6.175732e+00	-4.361136e+00
1040          	warmPlate	-8.560780e+00	4.987455e-01	-7.469060e-01
1040          	OVC	-8.989219e+00	6.568555e-01	-4.994455e+00
1040          	shield_slave	-8.642285e+00	-6.175732e+00	-4.361136e+00
1041          	warmPlate	-8.560780e+00	4.987455e-01	-7.469060e-01
1041          	OVC	-8.989219e+00	6.568555e-01	-4.994455e+00
1041          	shield_slave	-8.642285e+00	-6.175732e+00	-4.361136e+00
1042          	warmPlate	-8.560780e+00	4.987455e-01	-7.469060e-01
1042          	OVC	-8.989219e+00	6.568555e-01	-4.994455e+00
1042          	shield_slave	-8.642285e+00	-6.175732e+00	-4.361136e+00
1043          	warmPlate	-8.560780e+00	4.987455e-01	-7.469060e-01
1043          	OVC	-8.989219e+00	6.568555e-01	-4.994455e+00
1043          	shield_slave	-8.642285e+00	-6.175732e+00	-4.361136e+00
1044          	warmPlate	-8.560780e+00	4.987455e-01	-7.469060e-01
1044          	OVC	-8.989219e+00	6.568555e-01	-4.994455e+00
1044          	shield_slave	-8.642285e+00	-6.175732e+00	-4.361136e+00
1045          	warmPlate	-8.560780e+00	4.987455e-01	-7.469060e-01
1045          	OVC	-8.989219e+00	6.568555e-01	-4.994455e+00
1045          	shield_slave	-8.642285e+00	-6.175732e+00	-4.361136e+00
1046          	warmPlate	-8.560780e+00	4.987455e-01	-7.469060e-01
1046          	OVC	-8.989219e+00	6.568555e-01	-4.994455e+00
1046          	shield_slave	-8.642285e+00	-6.175732e+00	-4.361136e+00
1047          	warmPlate	-8.560780e+00	4.987455e-01	-7.469060e-01
1047          	OVC	-8.989219e+00	6.568555e-01	-4.994455e+00
1047          	shield_slave	-8.642285e+00	-6.175732e+00	-4.361136e+00
1048          	warmPlate	-8.560780e+00	4.987455e-01	-7.469060e-01
1048          	OVC	-8.989219e+00	6.568555e-01	-4.994455e+00
1048          	shield_slave	-8.642285e+00	-6.175732e+00	-4.361136e+00
1049          	warmPlate	-8.560780e+00	4.987455e-01	-7.469060e-01
1049          	OVC	-8.989219e+00	6.568555e-01	-4.994455e+00
1049          	shield_slave	-8.642285e+00	-6.175732e+00	-4.361136e+00
1050          	warmPlate	-8.560780e+00	4.987455e-01	-7.469060e-01
1050          	OVC	-8.989219e+00	6.568555e-01	-4.994455e+00
1050          	shield_slave	-8.642285e+00	-6.175732e+00	-4.361136e+00
1051          	warmPlate	-8.560780e+00	4.987455e-01	-7.469060e-01
1051          	OVC	-8.989219e+00	6.568555e-01	-4.994455e+00
1051          	shield_slave	-8.642285e+00	-6.175732e+00	-4.361136e+00
1052          	warmPlate	-8.560780e+00	4.987455e-01	-7.469060e-01
1052          	OVC	-8.989219e+00	6.568555e-01	-4.994455e+00
1052          	shield_slave	-8.642285e+00	-6.175732e+00	-4.361136e+00
1053          	warmPlate	-8.560780e+00	4.987455e-01	-7.469060e-01
1053          	OVC	-8.989219e+00	6.568555e-01	-4.994455e+00
1053          	shield_slave	-8.642285e+00	-6.175732e+00	-4.361136e+00
1054          	warmPlate	-8.560780e+00	4.987455e-01	-7.469060e-01
1054          	OVC	-8.989219e+00	6.568555e-01	-4.994455e+00
1054          	shield_slave	-8.642285e+00	-6.175732e+00	-4.361136e+00
1055          	warmPlate	-8.560780e+00	4.987455e-01	-7.469060e-01
1055          	OVC	-8.989219e+00	6.568555e-01	-4.994455e+00
1055          	shield_slave	-8.642285e+00	-6.175732e+00	-4.361136e+00
1056          	warmPlate	-8.560780e+00	4.987455e-01	-7.469060e-01
1056          	OVC	-8.989219e+00	6.568555e-01	-4.994455e+00
1056          	shield_slave	-8.642285e+00	-6.175732e+00	-4.361136e+00
1057          	warmPlate	-8.560780e+00	4.987455e-01	-7.469060e-01
1057          	OVC	-8.989219e+00	6.568555e-01	-4.994455e+00
1057          	shield_slave	-8.642285e+00	-6.175732e+00	-4.361136e+00
1058          	warmPlate	-8.560780e+00	4.987455e-01	-7.469060e-01
1058          	OVC	-8.989219e+00	6.568555e-01	-4.994455e+00
1058          	shield_slave	-8.642285e+00	-6.175732e+00	-4.361136e+00
1059          	warmPlate	-8.560780e+00	4.987455e-01	-7.469060e-01
1059          	OVC	-8.989219e+00	6.568555e-01	-4.994455e+00
1059          	shield_slave	-8.642285e+00	-6.175732e+00	-4.361136e+00
1060          	warmPlate	-8.560780e+00	4.987455e-01	-7.469060e-01
1060          	OVC	-8.989219e+00	6.568555e-01	-4.994455e+00
1060          	shield_slave	-8.642285e+00	-6.175732e+00	-4.361136e+00
1061          	warmPlate	-8.560780e+00	4.987455e-01	-7.469060e-01
1061          	OVC	-8.989219e+00	6.568555e-01	-4.994455e+00
1061          	shield_slave	-8.642285e+00	-6.175732e+00	-4.361136e+00
1062          	warmPlate	-8.560780e+00	4.987455e-01	-7.469060e-01
1062          	OVC	-8.989219e+00	6.568555e-01	-4.994455e+00
1062          	shield_slave	-8.642285e+00	-6.175732e+00	-4.361136e+00
1063          	warmPlate	-8.560780e+00	4.987455e-01	-7.469060e-01
1063          	OVC	-8.989219e+00	6.568555e-01	-4.994455e+00
1063          	shield_slave	-8.642285e+00	-6.175732e+00	-4.361136e+00
1064          	warmPlate	-8.560780e+00	4.987455e-01	-7.469060e-01
1064          	OVC	-8.989219e+00	6.568555e-01	-4.994455e+00
1064          	shield_slave	-8.642285e+00	-6.175732e+00	-4.361136e+00
1065          	warmPlate	-8.560780e+00	4.987455e-01	-7.469060e-01
1065          	OVC	-8.989219e+00	6.568555e-01	-4.994455e+00
1065          	shield_slave	-8.642285e+00	-6.175732e+00	-4.361136e+00
1066          	warmPlate	-8.560780e+00	4.987455e-01	-7.469060e-01
1066          	OVC	-8.989219e+00	6.568555e-01	-4.994455e+00
1066          	shield_slave	-8.642285e+00	-6.175732e+00	-4.361136e+00
1067          	warmPlate	-8.560780e+00	4.987455e-01	-7.469060e-01
1067          	OVC	-8.989219e+00	6.568555e-01	-4.994455e+00
1067          	shield_slave	-8.642285e+00	-6.175732e+00	-4.361136e+00
1068          	warmPlate	-8.560780e+00	4.987455e-01	-7.469060e-01
1068          	OVC	-8.989219e+00	6.568555e-01	-4.994455e+00
1068          	shield_slave	-8.642285e+00	-6.175732e+00	-4.361136e+00
1069          	warmPlate	-8.560780e+00	4.987455e-01	-7.469060e-01
1069          	OVC	-8.989219e+00	6.568555e-01	-4.994455e+00
1069          	shield_slave	-8.642285e+00	-6.175732e+00	-4.361136e+00
1070          	warmPlate	-8.560780e+00	4.987455e-01	-7.469060e-01
1070          	OVC	-8.989219e+00	6.568555e-01	-4.994455e+00
1070          	shield_slave	-8.642285e+00	-6.175732e+00	-4.361136e+00
1071          	warmPlate	-8.560780e+00	4.987455e-01	-7.469060e-01
1071          	OVC	-8.989219e+00	6.568555e-01	-4.994455e+00
1071          	shield_slave	-8.642285e+00	-6.175732e+00	-4.361136e+00
1072          	warmPlate	-8.560780e+00	4.987455e-01	-7.469060e-01
1072          	OVC	-8.989219e+00	6.568555e-01	-4.994455e+00
1072          	shield_slave	-8.642285e+00	-6.175732e+00	-4.361136e+00
1073          	warmPlate	-8.560780e+00	4.987455e-01	-7.469060e-01
1073          	OVC	-8.989219e+00	6.568555e-01	-4.994455e+00
1073          	shield_slave	-8.642285e+00	-6.175732e+00	-4.361136e+00
1074          	warmPlate	-8.560780e+00	4.987455e-01	-7.469060e-01
1074          	OVC	-8.989219e+00	6.568555e-01	-4.994455e+00
1074          	shield_slave	-8.642285e+00	-6.175732e+00	-4.361136e+00
1075          	warmPlate	-8.560780e+00	4.987455e-01	-7.469060e-01
1075          	OVC	-8.989219e+00	6.568555e-01	-4.994455e+00
1075          	shield_slave	-8.642285e+00	-6.175732e+00	-4.361136e+00
1076          	warmPlate	-8.560780e+00	4.987455e-01	-7.469060e-01
1076          	OVC	-8.989219e+00	6.568555e-01	-4.994455e+00
1076          	shield_slave	-8.642285e+00	-6.175732e+00	-4.361136e+00
1077          	warmPlate	-8.560780e+00	4.987455e-01	-7.469060e-01
1077          	OVC	-8.989219e+00	6.568555e-01	-4.994455e+00
1077          	shield_slave	-8.642285e+00	-6.175732e+00	-4.361136e+00
1078          	warmPlate	-8.560780e+00	4.987455e-01	-7.469060e-01
1078          	OVC	-8.989219e+00	6.568555e-01	-4.994455e+00
1078          	shield_slave	-8.642285e+00	-6.175732e+00	-4.361136e+00
1079          	warmPlate	-8.560780e+00	4.987455e-01	-7.469060e-01
1079          	OVC	-8.989219e+00	6.568555e-01	-4.994455e+00
1079          	shield_slave	-8.642285e+00	-6.175732e+00	-4.361136e+00
1080          	warmPlate	-8.560780e+00	4.987455e-01	-7.469060e-01
1080          	OVC	-8.989219e+00	6.568555e-01	-4.994455e+00
1080          	shield_slave	-8.642285e+00	-6.175732e+00	-4.361136e+00
1081          	warmPlate	-8.560780e+00	4.987455e-01	-7.469060e-01
1081          	OVC	-8.989219e+00	6.568555e-01	-4.994455e+00
1081          	shield_slave	-8.642285e+00	-6.175732e+00	-4.361136e+00
1082          	warmPlate	-8.560780e+00	4.987455e-01	-7.469060e-01
1082          	OVC	-8.989219e+00	6.568555e-01	-4.994455e+00
1082          	shield_slave	-8.642285e+00	-6.175732e+00	-4.361136e+00
1083          	warmPlate	-8.560780e+00	4.987455e-01	-7.469060e-01
1083          	OVC	-8.989219e+00	6.568555e-01	-4.994455e+00
1083          	shield_slave	-8.642285e+00	-6.175732e+00	-4.361136e+00
1084          	warmPlate	-8.560780e+00	4.987455e-01	-7.469060e-01
1084          	OVC	-8.989219e+00	6.568555e-01	-4.994455e+00
1084          	shield_slave	-8.642285e+00	-6.175732e+00	-4.361136e+00
1085          	warmPlate	-8.560780e+00	4.987455e-01	-7.469060e-01
1085          	OVC	-8.989219e+00	6.568555e-01	-4.994455e+00
1085          	shield_slave	-8.642285e+00	-6.175732e+00	-4.361136e+00
1086          	warmPlate	-8.560780e+00	4.987455e-01	-7.469060e-01
1086          	OVC	-8.989219e+00	6.568555e-01	-4.994455e+00
1086          	shield_slave	-8.642285e+00	-6.175732e+00	-4.361136e+00
1087          	warmPlate	-8.560780e+00	4.987455e-01	-7.469060e-01
1087          	OVC	-8.989219e+00	6.568555e-01	-4.994455e+00
1087          	shield_slave	-8.642285e+00	-6.175732e+00	-4.361136e+00
1088          	warmPlate	-8.560780e+00	4.987455e-01	-7.469060e-01
1088          	OVC	-8.989219e+00	6.568555e-01	-4.994455e+00
1088          	shield_slave	-8.642285e+00	-6.175732e+00	-4.361136e+00
1089          	warmPlate	-8.560780e+00	4.987455e-01	-7.469060e-01
1089          	OVC	-8.989219e+00	6.568555e-01	-4.994455e+00
1089          	shield_slave	-8.642285e+00	-6.175732e+00	-4.361136e+00
1090          	warmPlate	-8.560780e+00	4.987455e-01	-7.469060e-01
1090          	OVC	-8.989219e+00	6.568555e-01	-4.994455e+00
1090          	shield_slave	-8.642285e+00	-6.175732e+00	-4.361136e+00
1091          	warmPlate	-8.560780e+00	4.987455e-01	-7.469060e-01
1091          	OVC	-8.989219e+00	6.568555e-01	-4.994455e+00
1091          	shield_slave	-8.642285e+00	-6.175732e+00	-4.361136e+00
1092          	warmPlate	-8.560780e+00	4.987455e-01	-7.469060e-01
1092          	OVC	-8.989219e+00	6.568555e-01	-4.994455e+00
1092          	shield_slave	-8.642285e+00	-6.175732e+00	-4.361136e+00
1093          	warmPlate	-8.560780e+00	4.987455e-01	-7.469060e-01
1093          	OVC	-8.989219e+00	6.568555e-01	-4.994455e+00
1093          	shield_slave	-8.642285e+00	-6.175732e+00	-4.361136e+00
1094          	warmPlate	-8.560780e+00	4.987455e-01	-7.469060e-01
1094          	OVC	-8.989219e+00	6.568555e-01	-4.994455e+00
1094          	shield_slave	-8.642285e+00	-6.175732e+00	-4.361136e+00
1095          	warmPlate	-8.560780e+00	4.987455e-01	-7.469060e-01
1095          	OVC	-8.989219e+00	6.568555e-01	-4.994455e+00
1095          	shield_slave	-8.642285e+00	-6.175732e+00	-4.361136e+00
1096          	warmPlate	-8.560780e+00	4.987455e-01	-7.469060e-01
1096          	OVC	-8.989219e+00	6.568555e-01	-4.994455e+00
1096          	shield_slave	-8.642285e+00	-6.175732e+00	-4.361136e+00
1097          	warmPlate	-8.560780e+00	4.987455e-01	-7.469060e-01
1097          	OVC	-8.989219e+00	6.568555e-01	-4.994455e+00
1097          	shield_slave	-8.642285e+00	-6.175732e+00	-4.361136e+00
1098          	warmPlate	-8.560780e+00	4.987455e-01	-7.469060e-01
1098          	OVC	-8.989219e+00	6.568555e-01	-4.994455e+00
1098          	shield_slave	-8.642285e+00	-6.175732e+00	-4.361136e+00
1099          	warmPlate	-8.560780e+00	4.987455e-01	-7.469060e-01
1099          	OVC	-8.989219e+00	6.568555e-01	-4.994455e+00
1099          	shield_slave	-8.642285e+00	-6.175732e+00	-4.361136e+00
1100          	warmPlate	-8.560780e+00	4.987455e-01	-7.469060e-01
1100          	OVC	-8.989219e+00	6.568555e-01	-4.994455e+00
1100          	shield_slave	-8.642285e+00	-6.175732e+00	-4.361136e+00
1101          	warmPlate	-8.560780e+00	4.987455e-01	-7.469060e-01
1101          	OVC	-8.989219e+00	6.568555e-01	-4.994455e+00
1101          	shield_slave	-8.642285e+00	-6.175732e+00	-4.361136e+00
1102          	warmPlate	-8.560780e+00	4.987455e-01	-7.469060e-01
1102          	OVC	-8.989219e+00	6.568555e-01	-4.994455e+00
1102          	shield_slave	-8.642285e+00	-6.175732e+00	-4.361136e+00
1103          	warmPlate	-8.560780e+00	4.987455e-01	-7.469060e-01
1103          	OVC	-8.989219e+00	6.568555e-01	-4.994455e+00
1103          	shield_slave	-8.642285e+00	-6.175732e+00	-4.361136e+00
1104          	warmPlate	-8.560780e+00	4.987455e-01	-7.469060e-01
1104          	OVC	-8.989219e+00	6.568555e-01	-4.994455e+00
1104          	shield_slave	-8.642285e+00	-6.175732e+00	-4.361136e+00
1105          	warmPlate	-8.560780e+00	4.987455e-01	-7.469060e-01
1105          	OVC	-8.989219e+00	6.568555e-01	-4.994455e+00
1105          	shield_slave	-8.642285e+00	-6.175732e+00	-4.361136e+00
1106          	warmPlate	-8.560780e+00	4.987455e-01	-7.469060e-01
1106          	OVC	-8.989219e+00	6.568555e-01	-4.994455e+00
1106          	shield_slave	-8.642285e+00	-6.175732e+00	-4.361136e+00
1107          	warmPlate	-8.560780e+00	4.987455e-01	-7.469060e-01
1107          	OVC	-8.989219e+00	6.568555e-01	-4.994455e+00
1107          	shield_slave	-8.642285e+00	-6.175732e+00	-4.361136e+00
1108          	warmPlate	-8.560780e+00	4.987455e-01	-7.469060e-01
1108          	OVC	-8.989219e+00	6.568555e-01	-4.994455e+00
1108          	shield_slave	-8.642285e+00	-6.175732e+00	-4.361136e+00
1109          	warmPlate	-8.560780e+00	4.987455e-01	-7.469060e-01
1109          	OVC	-8.989219e+00	6.568555e-01	-4.994455e+00
1109          	shield_slave	-8.642285e+00	-6.175732e+00	-4.361136e+00
1110          	warmPlate	-8.560780e+00	4.987455e-01	-7.469060e-01
1110          	OVC	-8.989219e+00	6.568555e-01	-4.994455e+00
1110          	shield_slave	-8.642285e+00	-6.175732e+00	-4.361136e+00
1111          	warmPlate	-8.560780e+00	4.987455e-01	-7.469060e-01
1111          	OVC	-8.989219e+00	6.568555e-01	-4.994455e+00
1111          	shield_slave	-8.642285e+00	-6.175732e+00	-4.361136e+00
1112          	warmPlate	-8.560780e+00	4.987455e-01	-7.469060e-01
1112          	OVC	-8.989219e+00	6.568555e-01	-4.994455e+00
1112          	shield_slave	-8.642285e+00	-6.175732e+00	-4.361136e+00
1113          	warmPlate	-8.560780e+00	4.987455e-01	-7.469060e-01
1113          	OVC	-8.989219e+00	6.568555e-01	-4.994455e+00
1113          	shield_slave	-8.642285e+00	-6.175732e+00	-4.361136e+00
1114          	warmPlate	-8.560780e+00	4.987455e-01	-7.469060e-01
1114          	OVC	-8.989219e+00	6.568555e-01	-4.994455e+00
1114          	shield_slave	-8.642285e+00	-6.175732e+00	-4.361136e+00
1115          	warmPlate	-8.560780e+00	4.987455e-01	-7.469060e-01
1115          	OVC	-8.989219e+00	6.568555e-01	-4.994455e+00
1115          	shield_slave	-8.642285e+00	-6.175732e+00	-4.361136e+00
1116          	warmPlate	-8.560780e+00	4.987455e-01	-7.469060e-01
1116          	OVC	-8.989219e+00	6.568555e-01	-4.994455e+00
1116          	shield_slave	-8.642285e+00	-6.175732e+00	-4.361136e+00
1117          	warmPlate	-8.560780e+00	4.987455e-01	-7.469060e-01
1117          	OVC	-8.989219e+00	6.568555e-01	-4.994455e+00
1117          	shield_slave	-8.642285e+00	-6.175732e+00	-4.361136e+00
1118          	warmPlate	-8.560780e+00	4.987455e-01	-7.469060e-01
1118          	OVC	-8.989219e+00	6.568555e-01	-4.994455e+00
1118          	shield_slave	-8.642285e+00	-6.175732e+00	-4.361136e+00
1119          	warmPlate	-8.560780e+00	4.987455e-01	-7.469060e-01
1119          	OVC	-8.989219e+00	6.568555e-01	-4.994455e+00
1119          	shield_slave	-8.642285e+00	-6.175732e+00	-4.361136e+00
1120          	warmPlate	-8.560780e+00	4.987455e-01	-7.469060e-01
1120          	OVC	-8.989219e+00	6.568555e-01	-4.994455e+00
1120          	shield_slave	-8.642285e+00	-6.175732e+00	-4.361136e+00
1121          	warmPlate	-8.560780e+00	4.987455e-01	-7.469060e-01
1121          	OVC	-8.989219e+00	6.568555e-01	-4.994455e+00
1121          	shield_slave	-8.642285e+00	-6.175732e+00	-4.361136e+00
1122          	warmPlate	-8.560780e+00	4.987455e-01	-7.469060e-01
1122          	OVC	-8.989219e+00	6.568555e-01	-4.994455e+00
1122          	shield_slave	-8.642285e+00	-6.175732e+00	-4.361136e+00
1123          	warmPlate	-8.560780e+00	4.987455e-01	-7.469060e-01
1123          	OVC	-8.989219e+00	6.568555e-01	-4.994455e+00
1123          	shield_slave	-8.642285e+00	-6.175732e+00	-4.361136e+00
1124          	warmPlate	-8.560780e+00	4.987455e-01	-7.469060e-01
1124          	OVC	-8.989219e+00	6.568555e-01	-4.994455e+00
1124          	shield_slave	-8.642285e+00	-6.175732e+00	-4.361136e+00
1125          	warmPlate	-8.560780e+00	4.987455e-01	-7.469060e-01
1125          	OVC	-8.989219e+00	6.568555e-01	-4.994455e+00
1125          	shield_slave	-8.642285e+00	-6.175732e+00	-4.361136e+00
1126          	warmPlate	-8.560780e+00	4.987455e-01	-7.469060e-01
1126          	OVC	-8.989219e+00	6.568555e-01	-4.994455e+00
1126          	shield_slave	-8.642285e+00	-6.175732e+00	-4.361136e+00
1127          	warmPlate	-8.560780e+00	4.987455e-01	-7.469060e-01
1127          	OVC	-8.989219e+00	6.568555e-01	-4.994455e+00
1127          	shield_slave	-8.642285e+00	-6.175732e+00	-4.361136e+00
1128          	warmPlate	-8.560780e+00	4.987455e-01	-7.469060e-01
1128          	OVC	-8.989219e+00	6.568555e-01	-4.994455e+00
1128          	shield_slave	-8.642285e+00	-6.175732e+00	-4.361136e+00
1129          	warmPlate	-8.560780e+00	4.987455e-01	-7.469060e-01
1129          	OVC	-8.989219e+00	6.568555e-01	-4.994455e+00
1129          	shield_slave	-8.642285e+00	-6.175732e+00	-4.361136e+00
1130          	warmPlate	-8.560780e+00	4.987455e-01	-7.469060e-01
1130          	OVC	-8.989219e+00	6.568555e-01	-4.994455e+00
1130          	shield_slave	-8.642285e+00	-6.175732e+00	-4.361136e+00
1131          	warmPlate	-8.560780e+00	4.987455e-01	-7.469060e-01
1131          	OVC	-8.989219e+00	6.568555e-01	-4.994455e+00
1131          	shield_slave	-8.642285e+00	-6.175732e+00	-4.361136e+00
1132          	warmPlate	-8.560780e+00	4.987455e-01	-7.469060e-01
1132          	OVC	-8.989219e+00	6.568555e-01	-4.994455e+00
1132          	shield_slave	-8.642285e+00	-6.175732e+00	-4.361136e+00
1133          	warmPlate	-8.560780e+00	4.987455e-01	-7.469060e-01
1133          	OVC	-8.989219e+00	6.568555e-01	-4.994455e+00
1133          	shield_slave	-8.642285e+00	-6.175732e+00	-4.361136e+00
1134          	warmPlate	-8.560780e+00	4.987455e-01	-7.469060e-01
1134          	OVC	-8.989219e+00	6.568555e-01	-4.994455e+00
1134          	shield_slave	-8.642285e+00	-6.175732e+00	-4.361136e+00
1135          	warmPlate	-8.560780e+00	4.987455e-01	-7.469060e-01
1135          	OVC	-8.989219e+00	6.568555e-01	-4.994455e+00
1135          	shield_slave	-8.642285e+00	-6.175732e+00	-4.361136e+00
1136          	warmPlate	-8.560780e+00	4.987455e-01	-7.469060e-01
1136          	OVC	-8.989219e+00	6.568555e-01	-4.994455e+00
1136          	shield_slave	-8.642285e+00	-6.175732e+00	-4.361136e+00
1137          	warmPlate	-8.560780e+00	4.987455e-01	-7.469060e-01
1137          	OVC	-8.989219e+00	6.568555e-01	-4.994455e+00
1137          	shield_slave	-8.642285e+00	-6.175732e+00	-4.361136e+00
1138          	warmPlate	-8.560780e+00	4.987455e-01	-7.469060e-01
1138          	OVC	-8.989219e+00	6.568555e-01	-4.994455e+00
1138          	shield_slave	-8.642285e+00	-6.175732e+00	-4.361136e+00
1139          	warmPlate	-8.560780e+00	4.987455e-01	-7.469060e-01
1139          	OVC	-8.989219e+00	6.568555e-01	-4.994455e+00
1139          	shield_slave	-8.642285e+00	-6.175732e+00	-4.361136e+00
1140          	warmPlate	-8.560780e+00	4.987455e-01	-7.469060e-01
1140          	OVC	-8.989219e+00	6.568555e-01	-4.994455e+00
1140          	shield_slave	-8.642285e+00	-6.175732e+00	-4.361136e+00
1141          	warmPlate	-8.560780e+00	4.987455e-01	-7.469060e-01
1141          	OVC	-8.989219e+00	6.568555e-01	-4.994455e+00
1141          	shield_slave	-8.642285e+00	-6.175732e+00	-4.361136e+00
1142          	warmPlate	-8.560780e+00	4.987455e-01	-7.469060e-01
1142          	OVC	-8.989219e+00	6.568555e-01	-4.994455e+00
1142          	shield_slave	-8.642285e+00	-6.175732e+00	-4.361136e+00
1143          	warmPlate	-8.560780e+00	4.987455e-01	-7.469060e-01
1143          	OVC	-8.989219e+00	6.568555e-01	-4.994455e+00
1143          	shield_slave	-8.642285e+00	-6.175732e+00	-4.361136e+00
1144          	warmPlate	-8.560780e+00	4.987455e-01	-7.469060e-01
1144          	OVC	-8.989219e+00	6.568555e-01	-4.994455e+00
1144          	shield_slave	-8.642285e+00	-6.175732e+00	-4.361136e+00
1145          	warmPlate	-8.560780e+00	4.987455e-01	-7.469060e-01
1145          	OVC	-8.989219e+00	6.568555e-01	-4.994455e+00
1145          	shield_slave	-8.642285e+00	-6.175732e+00	-4.361136e+00
1146          	warmPlate	-8.560780e+00	4.987455e-01	-7.469060e-01
1146          	OVC	-8.989219e+00	6.568555e-01	-4.994455e+00
1146          	shield_slave	-8.642285e+00	-6.175732e+00	-4.361136e+00
1147          	warmPlate	-8.560780e+00	4.987455e-01	-7.469060e-01
1147          	OVC	-8.989219e+00	6.568555e-01	-4.994455e+00
1147          	shield_slave	-8.642285e+00	-6.175732e+00	-4.361136e+00
1148          	warmPlate	-8.560780e+00	4.987455e-01	-7.469060e-01
1148          	OVC	-8.989219e+00	6.568555e-01	-4.994455e+00
1148          	shield_slave	-8.642285e+00	-6.175732e+00	-4.361136e+00
1149          	warmPlate	-8.560780e+00	4.987455e-01	-7.469060e-01
1149          	OVC	-8.989219e+00	6.568555e-01	-4.994455e+00
1149          	shield_slave	-8.642285e+00	-6.175732e+00	-4.361136e+00
1150          	warmPlate	-8.560780e+00	4.987455e-01	-7.469060e-01
1150          	OVC	-8.989219e+00	6.568555e-01	-4.994455e+00
1150          	shield_slave	-8.642285e+00	-6.175732e+00	-4.361136e+00
1151          	warmPlate	-8.560780e+00	4.987455e-01	-7.469060e-01
1151          	OVC	-8.989219e+00	6.568555e-01	-4.994455e+00
1151          	shield_slave	-8.642285e+00	-6.175732e+00	-4.361136e+00
1152          	warmPlate	-8.560780e+00	4.987455e-01	-7.469060e-01
1152          	OVC	-8.989219e+00	6.568555e-01	-4.994455e+00
1152          	shield_slave	-8.642285e+00	-6.175732e+00	-4.361136e+00
1153          	warmPlate	-8.560780e+00	4.987455e-01	-7.469060e-01
1153          	OVC	-8.989219e+00	6.568555e-01	-4.994455e+00
1153          	shield_slave	-8.642285e+00	-6.175732e+00	-4.361136e+00
1154          	warmPlate	-8.560780e+00	4.987455e-01	-7.469060e-01
1154          	OVC	-8.989219e+00	6.568555e-01	-4.994455e+00
1154          	shield_slave	-8.642285e+00	-6.175732e+00	-4.361136e+00
1155          	warmPlate	-8.560780e+00	4.987455e-01	-7.469060e-01
1155          	OVC	-8.989219e+00	6.568555e-01	-4.994455e+00
1155          	shield_slave	-8.642285e+00	-6.175732e+00	-4.361136e+00
1156          	warmPlate	-8.560780e+00	4.987455e-01	-7.469060e-01
1156          	OVC	-8.989219e+00	6.568555e-01	-4.994455e+00
1156          	shield_slave	-8.642285e+00	-6.175732e+00	-4.361136e+00
1157          	warmPlate	-8.560780e+00	4.987455e-01	-7.469060e-01
1157          	OVC	-8.989219e+00	6.568555e-01	-4.994455e+00
1157          	shield_slave	-8.642285e+00	-6.175732e+00	-4.361136e+00
1158          	warmPlate	-8.560780e+00	4.987455e-01	-7.469060e-01
1158          	OVC	-8.989219e+00	6.568555e-01	-4.994455e+00
1158          	shield_slave	-8.642285e+00	-6.175732e+00	-4.361136e+00
1159          	warmPlate	-8.560780e+00	4.987455e-01	-7.469060e-01
1159          	OVC	-8.989219e+00	6.568555e-01	-4.994455e+00
1159          	shield_slave	-8.642285e+00	-6.175732e+00	-4.361136e+00
1160          	warmPlate	-8.560780e+00	4.987455e-01	-7.469060e-01
1160          	OVC	-8.989219e+00	6.568555e-01	-4.994455e+00
1160          	shield_slave	-8.642285e+00	-6.175732e+00	-4.361136e+00
1161          	warmPlate	-8.560780e+00	4.987455e-01	-7.469060e-01
1161          	OVC	-8.989219e+00	6.568555e-01	-4.994455e+00
1161          	shield_slave	-8.642285e+00	-6.175732e+00	-4.361136e+00
1162          	warmPlate	-8.560780e+00	4.987455e-01	-7.469060e-01
1162          	OVC	-8.989219e+00	6.568555e-01	-4.994455e+00
1162          	shield_slave	-8.642285e+00	-6.175732e+00	-4.361136e+00
1163          	warmPlate	-8.560780e+00	4.987455e-01	-7.469060e-01
1163          	OVC	-8.989219e+00	6.568555e-01	-4.994455e+00
1163          	shield_slave	-8.642285e+00	-6.175732e+00	-4.361136e+00
1164          	warmPlate	-8.560780e+00	4.987455e-01	-7.469060e-01
1164          	OVC	-8.989219e+00	6.568555e-01	-4.994455e+00
1164          	shield_slave	-8.642285e+00	-6.175732e+00	-4.361136e+00
1165          	warmPlate	-8.560780e+00	4.987455e-01	-7.469060e-01
1165          	OVC	-8.989219e+00	6.568555e-01	-4.994455e+00
1165          	shield_slave	-8.642285e+00	-6.175732e+00	-4.361136e+00
1166          	warmPlate	-8.560780e+00	4.987455e-01	-7.469060e-01
1166          	OVC	-8.989219e+00	6.568555e-01	-4.994455e+00
1166          	shield_slave	-8.642285e+00	-6.175732e+00	-4.361136e+00
1167          	warmPlate	-8.560780e+00	4.987455e-01	-7.469060e-01
1167          	OVC	-8.989219e+00	6.568555e-01	-4.994455e+00
1167          	shield_slave	-8.642285e+00	-6.175732e+00	-4.361136e+00
1168          	warmPlate	-8.560780e+00	4.987455e-01	-7.469060e-01
1168          	OVC	-8.989219e+00	6.568555e-01	-4.994455e+00
1168          	shield_slave	-8.642285e+00	-6.175732e+00	-4.361136e+00
1169          	warmPlate	-8.560780e+00	4.987455e-01	-7.469060e-01
1169          	OVC	-8.989219e+00	6.568555e-01	-4.994455e+00
1169          	shield_slave	-8.642285e+00	-6.175732e+00	-4.361136e+00
1170          	warmPlate	-8.560780e+00	4.987455e-01	-7.469060e-01
1170          	OVC	-8.989219e+00	6.568555e-01	-4.994455e+00
1170          	shield_slave	-8.642285e+00	-6.175732e+00	-4.361136e+00
1171          	warmPlate	-8.560780e+00	4.987455e-01	-7.469060e-01
1171          	OVC	-8.989219e+00	6.568555e-01	-4.994455e+00
1171          	shield_slave	-8.642285e+00	-6.175732e+00	-4.361136e+00
1172          	warmPlate	-8.560780e+00	4.987455e-01	-7.469060e-01
1172          	OVC	-8.989219e+00	6.568555e-01	-4.994455e+00
1172          	shield_slave	-8.642285e+00	-6.175732e+00	-4.361136e+00
1173          	warmPlate	-8.560780e+00	4.987455e-01	-7.469060e-01
1173          	OVC	-8.989219e+00	6.568555e-01	-4.994455e+00
1173          	shield_slave	-8.642285e+00	-6.175732e+00	-4.361136e+00
1174          	warmPlate	-8.560780e+00	4.987455e-01	-7.469060e-01
1174          	OVC	-8.989219e+00	6.568555e-01	-4.994455e+00
1174          	shield_slave	-8.642285e+00	-6.175732e+00	-4.361136e+00
1175          	warmPlate	-8.560780e+00	4.987455e-01	-7.469060e-01
1175          	OVC	-8.989219e+00	6.568555e-01	-4.994455e+00
1175          	shield_slave	-8.642285e+00	-6.175732e+00	-4.361136e+00
1176          	warmPlate	-8.560780e+00	4.987455e-01	-7.469060e-01
1176          	OVC	-8.989219e+00	6.568555e-01	-4.994455e+00
1176          	shield_slave	-8.642285e+00	-6.175732e+00	-4.361136e+00
1177          	warmPlate	-8.560780e+00	4.987455e-01	-7.469060e-01
1177          	OVC	-8.989219e+00	6.568555e-01	-4.994455e+00
1177          	shield_slave	-8.642285e+00	-6.175732e+00	-4.361136e+00
1178          	warmPlate	-8.560780e+00	4.987455e-01	-7.469060e-01
1178          	OVC	-8.989219e+00	6.568555e-01	-4.994455e+00
1178          	shield_slave	-8.642285e+00	-6.175732e+00	-4.361136e+00
1179          	warmPlate	-8.560780e+00	4.987455e-01	-7.469060e-01
1179          	OVC	-8.989219e+00	6.568555e-01	-4.994455e+00
1179          	shield_slave	-8.642285e+00	-6.175732e+00	-4.361136e+00
1180          	warmPlate	-8.560780e+00	4.987455e-01	-7.469060e-01
1180          	OVC	-8.989219e+00	6.568555e-01	-4.994455e+00
1180          	shield_slave	-8.642285e+00	-6.175732e+00	-4.361136e+00
1181          	warmPlate	-8.560780e+00	4.987455e-01	-7.469060e-01
1181          	OVC	-8.989219e+00	6.568555e-01	-4.994455e+00
1181          	shield_slave	-8.642285e+00	-6.175732e+00	-4.361136e+00
1182          	warmPlate	-8.560780e+00	4.987455e-01	-7.469060e-01
1182          	OVC	-8.989219e+00	6.568555e-01	-4.994455e+00
1182          	shield_slave	-8.642285e+00	-6.175732e+00	-4.361136e+00
1183          	warmPlate	-8.560780e+00	4.987455e-01	-7.469060e-01
1183          	OVC	-8.989219e+00	6.568555e-01	-4.994455e+00
1183          	shield_slave	-8.642285e+00	-6.175732e+00	-4.361136e+00
1184          	warmPlate	-8.560780e+00	4.987455e-01	-7.469060e-01
1184          	OVC	-8.989219e+00	6.568555e-01	-4.994455e+00
1184          	shield_slave	-8.642285e+00	-6.175732e+00	-4.361136e+00
1185          	warmPlate	-8.560780e+00	4.987455e-01	-7.469060e-01
1185          	OVC	-8.989219e+00	6.568555e-01	-4.994455e+00
1185          	shield_slave	-8.642285e+00	-6.175732e+00	-4.361136e+00
1186          	warmPlate	-8.560780e+00	4.987455e-01	-7.469060e-01
1186          	OVC	-8.989219e+00	6.568555e-01	-4.994455e+00
1186          	shield_slave	-8.642285e+00	-6.175732e+00	-4.361136e+00
1187          	warmPlate	-8.560780e+00	4.987455e-01	-7.469060e-01
1187          	OVC	-8.989219e+00	6.568555e-01	-4.994455e+00
1187          	shield_slave	-8.642285e+00	-6.175732e+00	-4.361136e+00
1188          	warmPlate	-8.560780e+00	4.987455e-01	-7.469060e-01
1188          	OVC	-8.989219e+00	6.568555e-01	-4.994455e+00
1188          	shield_slave	-8.642285e+00	-6.175732e+00	-4.361136e+00
1189          	warmPlate	-8.560780e+00	4.987455e-01	-7.469060e-01
1189          	OVC	-8.989219e+00	6.568555e-01	-4.994455e+00
1189          	shield_slave	-8.642285e+00	-6.175732e+00	-4.361136e+00
1190          	warmPlate	-8.560780e+00	4.987455e-01	-7.469060e-01
1190          	OVC	-8.989219e+00	6.568555e-01	-4.994455e+00
1190          	shield_slave	-8.642285e+00	-6.175732e+00	-4.361136e+00
1191          	warmPlate	-8.560780e+00	4.987455e-01	-7.469060e-01
1191          	OVC	-8.989219e+00	6.568555e-01	-4.994455e+00
1191          	shield_slave	-8.642285e+00	-6.175732e+00	-4.361136e+00
1192          	warmPlate	-8.560780e+00	4.987455e-01	-7.469060e-01
1192          	OVC	-8.989219e+00	6.568555e-01	-4.994455e+00
1192          	shield_slave	-8.642285e+00	-6.175732e+00	-4.361136e+00
1193          	warmPlate	-8.560780e+00	4.987455e-01	-7.469060e-01
1193          	OVC	-8.989219e+00	6.568555e-01	-4.994455e+00
1193          	shield_slave	-8.642285e+00	-6.175732e+00	-4.361136e+00
1194          	warmPlate	-8.560780e+00	4.987455e-01	-7.469060e-01
1194          	OVC	-8.989219e+00	6.568555e-01	-4.994455e+00
1194          	shield_slave	-8.642285e+00	-6.175732e+00	-4.361136e+00
1195          	warmPlate	-8.560780e+00	4.987455e-01	-7.469060e-01
1195          	OVC	-8.989219e+00	6.568555e-01	-4.994455e+00
1195          	shield_slave	-8.642285e+00	-6.175732e+00	-4.361136e+00
1196          	warmPlate	-8.560780e+00	4.987455e-01	-7.469060e-01
1196          	OVC	-8.989219e+00	6.568555e-01	-4.994455e+00
1196          	shield_slave	-8.642285e+00	-6.175732e+00	-4.361136e+00
1197          	warmPlate	-8.560780e+00	4.987455e-01	-7.469060e-01
1197          	OVC	-8.989219e+00	6.568555e-01	-4.994455e+00
1197          	shield_slave	-8.642285e+00	-6.175732e+00	-4.361136e+00
1198          	warmPlate	-8.560780e+00	4.987455e-01	-7.469060e-01
1198          	OVC	-8.989219e+00	6.568555e-01	-4.994455e+00
1198          	shield_slave	-8.642285e+00	-6.175732e+00	-4.361136e+00
1199          	warmPlate	-8.560780e+00	4.987455e-01	-7.469060e-01
1199          	OVC	-8.989219e+00	6.568555e-01	-4.994455e+00
1199          	shield_slave	-8.642285e+00	-6.175732e+00	-4.361136e+00
1200          	warmPlate	-8.560780e+00	4.987455e-01	-7.469060e-01
1200          	OVC	-8.989219e+00	6.568555e-01	-4.994455e+00
1200          	shield_slave	-8.642285e+00	-6.175732e+00	-4.361136e+00
1201          	warmPlate	-8.560780e+00	4.987455e-01	-7.469060e-01
1201          	OVC	-8.989219e+00	6.568555e-01	-4.994455e+00
1201          	shield_slave	-8.642285e+00	-6.175732e+00	-4.361136e+00
1202          	warmPlate	-8.560780e+00	4.987455e-01	-7.469060e-01
1202          	OVC	-8.989219e+00	6.568555e-01	-4.994455e+00
1202          	shield_slave	-8.642285e+00	-6.175732e+00	-4.361136e+00
1203          	warmPlate	-8.560780e+00	4.987455e-01	-7.469060e-01
1203          	OVC	-8.989219e+00	6.568555e-01	-4.994455e+00
1203          	shield_slave	-8.642285e+00	-6.175732e+00	-4.361136e+00
1204          	warmPlate	-8.560780e+00	4.987455e-01	-7.469060e-01
1204          	OVC	-8.989219e+00	6.568555e-01	-4.994455e+00
1204          	shield_slave	-8.642285e+00	-6.175732e+00	-4.361136e+00
1205          	warmPlate	-8.560780e+00	4.987455e-01	-7.469060e-01
1205          	OVC	-8.989219e+00	6.568555e-01	-4.994455e+00
1205          	shield_slave	-8.642285e+00	-6.175732e+00	-4.361136e+00
1206          	warmPlate	-8.560780e+00	4.987455e-01	-7.469060e-01
1206          	OVC	-8.989219e+00	6.568555e-01	-4.994455e+00
1206          	shield_slave	-8.642285e+00	-6.175732e+00	-4.361136e+00
1207          	warmPlate	-8.560780e+00	4.987455e-01	-7.469060e-01
1207          	OVC	-8.989219e+00	6.568555e-01	-4.994455e+00
1207          	shield_slave	-8.642285e+00	-6.175732e+00	-4.361136e+00
1208          	warmPlate	-8.560780e+00	4.987455e-01	-7.469060e-01
1208          	OVC	-8.989219e+00	6.568555e-01	-4.994455e+00
1208          	shield_slave	-8.642285e+00	-6.175732e+00	-4.361136e+00
1209          	warmPlate	-8.560780e+00	4.987455e-01	-7.469060e-01
1209          	OVC	-8.989219e+00	6.568555e-01	-4.994455e+00
1209          	shield_slave	-8.642285e+00	-6.175732e+00	-4.361136e+00
1210          	warmPlate	-8.560780e+00	4.987455e-01	-7.469060e-01
1210          	OVC	-8.989219e+00	6.568555e-01	-4.994455e+00
1210          	shield_slave	-8.642285e+00	-6.175732e+00	-4.361136e+00
1211          	warmPlate	-8.560780e+00	4.987455e-01	-7.469060e-01
1211          	OVC	-8.989219e+00	6.568555e-01	-4.994455e+00
1211          	shield_slave	-8.642285e+00	-6.175732e+00	-4.361136e+00
1212          	warmPlate	-8.560780e+00	4.987455e-01	-7.469060e-01
1212          	OVC	-8.989219e+00	6.568555e-01	-4.994455e+00
1212          	shield_slave	-8.642285e+00	-6.175732e+00	-4.361136e+00
1213          	warmPlate	-8.560780e+00	4.987455e-01	-7.469060e-01
1213          	OVC	-8.989219e+00	6.568555e-01	-4.994455e+00
1213          	shield_slave	-8.642285e+00	-6.175732e+00	-4.361136e+00
1214          	warmPlate	-8.560780e+00	4.987455e-01	-7.469060e-01
1214          	OVC	-8.989219e+00	6.568555e-01	-4.994455e+00
1214          	shield_slave	-8.642285e+00	-6.175732e+00	-4.361136e+00
1215          	warmPlate	-8.560780e+00	4.987455e-01	-7.469060e-01
1215          	OVC	-8.989219e+00	6.568555e-01	-4.994455e+00
1215          	shield_slave	-8.642285e+00	-6.175732e+00	-4.361136e+00
1216          	warmPlate	-8.560780e+00	4.987455e-01	-7.469060e-01
1216          	OVC	-8.989219e+00	6.568555e-01	-4.994455e+00
1216          	shield_slave	-8.642285e+00	-6.175732e+00	-4.361136e+00
1217          	warmPlate	-8.560780e+00	4.987455e-01	-7.469060e-01
1217          	OVC	-8.989219e+00	6.568555e-01	-4.994455e+00
1217          	shield_slave	-8.642285e+00	-6.175732e+00	-4.361136e+00
1218          	warmPlate	-8.560780e+00	4.987455e-01	-7.469060e-01
1218          	OVC	-8.989219e+00	6.568555e-01	-4.994455e+00
1218          	shield_slave	-8.642285e+00	-6.175732e+00	-4.361136e+00
1219          	warmPlate	-8.560780e+00	4.987455e-01	-7.469060e-01
1219          	OVC	-8.989219e+00	6.568555e-01	-4.994455e+00
1219          	shield_slave	-8.642285e+00	-6.175732e+00	-4.361136e+00
1220          	warmPlate	-8.560780e+00	4.987455e-01	-7.469060e-01
1220          	OVC	-8.989219e+00	6.568555e-01	-4.994455e+00
1220          	shield_slave	-8.642285e+00	-6.175732e+00	-4.361136e+00
1221          	warmPlate	-8.560780e+00	4.987455e-01	-7.469060e-01
1221          	OVC	-8.989219e+00	6.568555e-01	-4.994455e+00
1221          	shield_slave	-8.642285e+00	-6.175732e+00	-4.361136e+00
1222          	warmPlate	-8.560780e+00	4.987455e-01	-7.469060e-01
1222          	OVC	-8.989219e+00	6.568555e-01	-4.994455e+00
1222          	shield_slave	-8.642285e+00	-6.175732e+00	-4.361136e+00
1223          	warmPlate	-8.560780e+00	4.987455e-01	-7.469060e-01
1223          	OVC	-8.989219e+00	6.568555e-01	-4.994455e+00
1223          	shield_slave	-8.642285e+00	-6.175732e+00	-4.361136e+00
1224          	warmPlate	-8.560780e+00	4.987455e-01	-7.469060e-01
1224          	OVC	-8.989219e+00	6.568555e-01	-4.994455e+00
1224          	shield_slave	-8.642285e+00	-6.175732e+00	-4.361136e+00
1225          	warmPlate	-8.560780e+00	4.987455e-01	-7.469060e-01
1225          	OVC	-8.989219e+00	6.568555e-01	-4.994455e+00
1225          	shield_slave	-8.642285e+00	-6.175732e+00	-4.361136e+00
1226          	warmPlate	-8.560780e+00	4.987455e-01	-7.469060e-01
1226          	OVC	-8.989219e+00	6.568555e-01	-4.994455e+00
1226          	shield_slave	-8.642285e+00	-6.175732e+00	-4.361136e+00
1227          	warmPlate	-8.560780e+00	4.987455e-01	-7.469060e-01
1227          	OVC	-8.989219e+00	6.568555e-01	-4.994455e+00
1227          	shield_slave	-8.642285e+00	-6.175732e+00	-4.361136e+00
1228          	warmPlate	-8.560780e+00	4.987455e-01	-7.469060e-01
1228          	OVC	-8.989219e+00	6.568555e-01	-4.994455e+00
1228          	shield_slave	-8.642285e+00	-6.175732e+00	-4.361136e+00
1229          	warmPlate	-8.560780e+00	4.987455e-01	-7.469060e-01
1229          	OVC	-8.989219e+00	6.568555e-01	-4.994455e+00
1229          	shield_slave	-8.642285e+00	-6.175732e+00	-4.361136e+00
1230          	warmPlate	-8.560780e+00	4.987455e-01	-7.469060e-01
1230          	OVC	-8.989219e+00	6.568555e-01	-4.994455e+00
1230          	shield_slave	-8.642285e+00	-6.175732e+00	-4.361136e+00
1231          	warmPlate	-8.560780e+00	4.987455e-01	-7.469060e-01
1231          	OVC	-8.989219e+00	6.568555e-01	-4.994455e+00
1231          	shield_slave	-8.642285e+00	-6.175732e+00	-4.361136e+00
1232          	warmPlate	-8.560780e+00	4.987455e-01	-7.469060e-01
1232          	OVC	-8.989219e+00	6.568555e-01	-4.994455e+00
1232          	shield_slave	-8.642285e+00	-6.175732e+00	-4.361136e+00
1233          	warmPlate	-8.560780e+00	4.987455e-01	-7.469060e-01
1233          	OVC	-8.989219e+00	6.568555e-01	-4.994455e+00
1233          	shield_slave	-8.642285e+00	-6.175732e+00	-4.361136e+00
1234          	warmPlate	-8.560780e+00	4.987455e-01	-7.469060e-01
1234          	OVC	-8.989219e+00	6.568555e-01	-4.994455e+00
1234          	shield_slave	-8.642285e+00	-6.175732e+00	-4.361136e+00
1235          	warmPlate	-8.560780e+00	4.987455e-01	-7.469060e-01
1235          	OVC	-8.989219e+00	6.568555e-01	-4.994455e+00
1235          	shield_slave	-8.642285e+00	-6.175732e+00	-4.361136e+00
1236          	warmPlate	-8.560780e+00	4.987455e-01	-7.469060e-01
1236          	OVC	-8.989219e+00	6.568555e-01	-4.994455e+00
1236          	shield_slave	-8.642285e+00	-6.175732e+00	-4.361136e+00
1237          	warmPlate	-8.560780e+00	4.987455e-01	-7.469060e-01
1237          	OVC	-8.989219e+00	6.568555e-01	-4.994455e+00
1237          	shield_slave	-8.642285e+00	-6.175732e+00	-4.361136e+00
1238          	warmPlate	-8.560780e+00	4.987455e-01	-7.469060e-01
1238          	OVC	-8.989219e+00	6.568555e-01	-4.994455e+00
1238          	shield_slave	-8.642285e+00	-6.175732e+00	-4.361136e+00
1239          	warmPlate	-8.560780e+00	4.987455e-01	-7.469060e-01
1239          	OVC	-8.989219e+00	6.568555e-01	-4.994455e+00
1239          	shield_slave	-8.642285e+00	-6.175732e+00	-4.361136e+00
1240          	warmPlate	-8.560780e+00	4.987455e-01	-7.469060e-01
1240          	OVC	-8.989219e+00	6.568555e-01	-4.994455e+00
1240          	shield_slave	-8.642285e+00	-6.175732e+00	-4.361136e+00
1241          	warmPlate	-8.560780e+00	4.987455e-01	-7.469060e-01
1241          	OVC	-8.989219e+00	6.568555e-01	-4.994455e+00
1241          	shield_slave	-8.642285e+00	-6.175732e+00	-4.361136e+00
1242          	warmPlate	-8.560780e+00	4.987455e-01	-7.469060e-01
1242          	OVC	-8.989219e+00	6.568555e-01	-4.994455e+00
1242          	shield_slave	-8.642285e+00	-6.175732e+00	-4.361136e+00
1243          	warmPlate	-8.560780e+00	4.987455e-01	-7.469060e-01
1243          	OVC	-8.989219e+00	6.568555e-01	-4.994455e+00
1243          	shield_slave	-8.642285e+00	-6.175732e+00	-4.361136e+00
1244          	warmPlate	-8.560780e+00	4.987455e-01	-7.469060e-01
1244          	OVC	-8.989219e+00	6.568555e-01	-4.994455e+00
1244          	shield_slave	-8.642285e+00	-6.175732e+00	-4.361136e+00
1245          	warmPlate	-8.560780e+00	4.987455e-01	-7.469060e-01
1245          	OVC	-8.989219e+00	6.568555e-01	-4.994455e+00
1245          	shield_slave	-8.642285e+00	-6.175732e+00	-4.361136e+00
1246          	warmPlate	-8.560780e+00	4.987455e-01	-7.469060e-01
1246          	OVC	-8.989219e+00	6.568555e-01	-4.994455e+00
1246          	shield_slave	-8.642285e+00	-6.175732e+00	-4.361136e+00
1247          	warmPlate	-8.560780e+00	4.987455e-01	-7.469060e-01
1247          	OVC	-8.989219e+00	6.568555e-01	-4.994455e+00
1247          	shield_slave	-8.642285e+00	-6.175732e+00	-4.361136e+00
1248          	warmPlate	-8.560780e+00	4.987455e-01	-7.469060e-01
1248          	OVC	-8.989219e+00	6.568555e-01	-4.994455e+00
1248          	shield_slave	-8.642285e+00	-6.175732e+00	-4.361136e+00
1249          	warmPlate	-8.560780e+00	4.987455e-01	-7.469060e-01
1249          	OVC	-8.989219e+00	6.568555e-01	-4.994455e+00
1249          	shield_slave	-8.642285e+00	-6.175732e+00	-4.361136e+00
1250          	warmPlate	-8.560780e+00	4.987455e-01	-7.469060e-01
1250          	OVC	-8.989219e+00	6.568555e-01	-4.994455e+00
1250          	shield_slave	-8.642285e+00	-6.175732e+00	-4.361136e+00
1251          	warmPlate	-8.560780e+00	4.987455e-01	-7.469060e-01
1251          	OVC	-8.989219e+00	6.568555e-01	-4.994455e+00
1251          	shield_slave	-8.642285e+00	-6.175732e+00	-4.361136e+00
1252          	warmPlate	-8.560780e+00	4.987455e-01	-7.469060e-01
1252          	OVC	-8.989219e+00	6.568555e-01	-4.994455e+00
1252          	shield_slave	-8.642285e+00	-6.175732e+00	-4.361136e+00
1253          	warmPlate	-8.560780e+00	4.987455e-01	-7.469060e-01
1253          	OVC	-8.989219e+00	6.568555e-01	-4.994455e+00
1253          	shield_slave	-8.642285e+00	-6.175732e+00	-4.361136e+00
1254          	warmPlate	-8.560780e+00	4.987455e-01	-7.469060e-01
1254          	OVC	-8.989219e+00	6.568555e-01	-4.994455e+00
1254          	shield_slave	-8.642285e+00	-6.175732e+00	-4.361136e+00
1255          	warmPlate	-8.560780e+00	4.987455e-01	-7.469060e-01
1255          	OVC	-8.989219e+00	6.568555e-01	-4.994455e+00
1255          	shield_slave	-8.642285e+00	-6.175732e+00	-4.361136e+00
1256          	warmPlate	-8.560780e+00	4.987455e-01	-7.469060e-01
1256          	OVC	-8.989219e+00	6.568555e-01	-4.994455e+00
1256          	shield_slave	-8.642285e+00	-6.175732e+00	-4.361136e+00
1257          	warmPlate	-8.560780e+00	4.987455e-01	-7.469060e-01
1257          	OVC	-8.989219e+00	6.568555e-01	-4.994455e+00
1257          	shield_slave	-8.642285e+00	-6.175732e+00	-4.361136e+00
1258          	warmPlate	-8.560780e+00	4.987455e-01	-7.469060e-01
1258          	OVC	-8.989219e+00	6.568555e-01	-4.994455e+00
1258          	shield_slave	-8.642285e+00	-6.175732e+00	-4.361136e+00
1259          	warmPlate	-8.560780e+00	4.987455e-01	-7.469060e-01
1259          	OVC	-8.989219e+00	6.568555e-01	-4.994455e+00
1259          	shield_slave	-8.642285e+00	-6.175732e+00	-4.361136e+00
1260          	warmPlate	-8.560780e+00	4.987455e-01	-7.469060e-01
1260          	OVC	-8.989219e+00	6.568555e-01	-4.994455e+00
1260          	shield_slave	-8.642285e+00	-6.175732e+00	-4.361136e+00
1261          	warmPlate	-8.560780e+00	4.987455e-01	-7.469060e-01
1261          	OVC	-8.989219e+00	6.568555e-01	-4.994455e+00
1261          	shield_slave	-8.642285e+00	-6.175732e+00	-4.361136e+00
1262          	warmPlate	-8.560780e+00	4.987455e-01	-7.469060e-01
1262          	OVC	-8.989219e+00	6.568555e-01	-4.994455e+00
1262          	shield_slave	-8.642285e+00	-6.175732e+00	-4.361136e+00
1263          	warmPlate	-8.560780e+00	4.987455e-01	-7.469060e-01
1263          	OVC	-8.989219e+00	6.568555e-01	-4.994455e+00
1263          	shield_slave	-8.642285e+00	-6.175732e+00	-4.361136e+00
1264          	warmPlate	-8.560780e+00	4.987455e-01	-7.469060e-01
1264          	OVC	-8.989219e+00	6.568555e-01	-4.994455e+00
1264          	shield_slave	-8.642285e+00	-6.175732e+00	-4.361136e+00
1265          	warmPlate	-8.560780e+00	4.987455e-01	-7.469060e-01
1265          	OVC	-8.989219e+00	6.568555e-01	-4.994455e+00
1265          	shield_slave	-8.642285e+00	-6.175732e+00	-4.361136e+00
1266          	warmPlate	-8.560780e+00	4.987455e-01	-7.469060e-01
1266          	OVC	-8.989219e+00	6.568555e-01	-4.994455e+00
1266          	shield_slave	-8.642285e+00	-6.175732e+00	-4.361136e+00
1267          	warmPlate	-8.560780e+00	4.987455e-01	-7.469060e-01
1267          	OVC	-8.989219e+00	6.568555e-01	-4.994455e+00
1267          	shield_slave	-8.642285e+00	-6.175732e+00	-4.361136e+00
1268          	warmPlate	-8.560780e+00	4.987455e-01	-7.469060e-01
1268          	OVC	-8.989219e+00	6.568555e-01	-4.994455e+00
1268          	shield_slave	-8.642285e+00	-6.175732e+00	-4.361136e+00
1269          	warmPlate	-8.560780e+00	4.987455e-01	-7.469060e-01
1269          	OVC	-8.989219e+00	6.568555e-01	-4.994455e+00
1269          	shield_slave	-8.642285e+00	-6.175732e+00	-4.361136e+00
1270          	warmPlate	-8.560780e+00	4.987455e-01	-7.469060e-01
1270          	OVC	-8.989219e+00	6.568555e-01	-4.994455e+00
1270          	shield_slave	-8.642285e+00	-6.175732e+00	-4.361136e+00
1271          	warmPlate	-8.560780e+00	4.987455e-01	-7.469060e-01
1271          	OVC	-8.989219e+00	6.568555e-01	-4.994455e+00
1271          	shield_slave	-8.642285e+00	-6.175732e+00	-4.361136e+00
1272          	warmPlate	-8.560780e+00	4.987455e-01	-7.469060e-01
1272          	OVC	-8.989219e+00	6.568555e-01	-4.994455e+00
1272          	shield_slave	-8.642285e+00	-6.175732e+00	-4.361136e+00
1273          	warmPlate	-8.560780e+00	4.987455e-01	-7.469060e-01
1273          	OVC	-8.989219e+00	6.568555e-01	-4.994455e+00
1273          	shield_slave	-8.642285e+00	-6.175732e+00	-4.361136e+00
1274          	warmPlate	-8.560780e+00	4.987455e-01	-7.469060e-01
1274          	OVC	-8.989219e+00	6.568555e-01	-4.994455e+00
1274          	shield_slave	-8.642285e+00	-6.175732e+00	-4.361136e+00
1275          	warmPlate	-8.560780e+00	4.987455e-01	-7.469060e-01
1275          	OVC	-8.989219e+00	6.568555e-01	-4.994455e+00
1275          	shield_slave	-8.642285e+00	-6.175732e+00	-4.361136e+00
1276          	warmPlate	-8.560780e+00	4.987455e-01	-7.469060e-01
1276          	OVC	-8.989219e+00	6.568555e-01	-4.994455e+00
1276          	shield_slave	-8.642285e+00	-6.175732e+00	-4.361136e+00
1277          	warmPlate	-8.560780e+00	4.987455e-01	-7.469060e-01
1277          	OVC	-8.989219e+00	6.568555e-01	-4.994455e+00
1277          	shield_slave	-8.642285e+00	-6.175732e+00	-4.361136e+00
1278          	warmPlate	-8.560780e+00	4.987455e-01	-7.469060e-01
1278          	OVC	-8.989219e+00	6.568555e-01	-4.994455e+00
1278          	shield_slave	-8.642285e+00	-6.175732e+00	-4.361136e+00
1279          	warmPlate	-8.560780e+00	4.987455e-01	-7.469060e-01
1279          	OVC	-8.989219e+00	6.568555e-01	-4.994455e+00
1279          	shield_slave	-8.642285e+00	-6.175732e+00	-4.361136e+00
1280          	warmPlate	-8.560780e+00	4.987455e-01	-7.469060e-01
1280          	OVC	-8.989219e+00	6.568555e-01	-4.994455e+00
1280          	shield_slave	-8.642285e+00	-6.175732e+00	-4.361136e+00
1281          	warmPlate	-8.560780e+00	4.987455e-01	-7.469060e-01
1281          	OVC	-8.989219e+00	6.568555e-01	-4.994455e+00
1281          	shield_slave	-8.642285e+00	-6.175732e+00	-4.361136e+00
1282          	warmPlate	-8.560780e+00	4.987455e-01	-7.469060e-01
1282          	OVC	-8.989219e+00	6.568555e-01	-4.994455e+00
1282          	shield_slave	-8.642285e+00	-6.175732e+00	-4.361136e+00
1283          	warmPlate	-8.560780e+00	4.987455e-01	-7.469060e-01
1283          	OVC	-8.989219e+00	6.568555e-01	-4.994455e+00
1283          	shield_slave	-8.642285e+00	-6.175732e+00	-4.361136e+00
1284          	warmPlate	-8.560780e+00	4.987455e-01	-7.469060e-01
1284          	OVC	-8.989219e+00	6.568555e-01	-4.994455e+00
1284          	shield_slave	-8.642285e+00	-6.175732e+00	-4.361136e+00
1285          	warmPlate	-8.560780e+00	4.987455e-01	-7.469060e-01
1285          	OVC	-8.989219e+00	6.568555e-01	-4.994455e+00
1285          	shield_slave	-8.642285e+00	-6.175732e+00	-4.361136e+00
1286          	warmPlate	-8.560780e+00	4.987455e-01	-7.469060e-01
1286          	OVC	-8.989219e+00	6.568555e-01	-4.994455e+00
1286          	shield_slave	-8.642285e+00	-6.175732e+00	-4.361136e+00
1287          	warmPlate	-8.560780e+00	4.987455e-01	-7.469060e-01
1287          	OVC	-8.989219e+00	6.568555e-01	-4.994455e+00
1287          	shield_slave	-8.642285e+00	-6.175732e+00	-4.361136e+00
1288          	warmPlate	-8.560780e+00	4.987455e-01	-7.469060e-01
1288          	OVC	-8.989219e+00	6.568555e-01	-4.994455e+00
1288          	shield_slave	-8.642285e+00	-6.175732e+00	-4.361136e+00
1289          	warmPlate	-8.560780e+00	4.987455e-01	-7.469060e-01
1289          	OVC	-8.989219e+00	6.568555e-01	-4.994455e+00
1289          	shield_slave	-8.642285e+00	-6.175732e+00	-4.361136e+00
1290          	warmPlate	-8.560780e+00	4.987455e-01	-7.469060e-01
1290          	OVC	-8.989219e+00	6.568555e-01	-4.994455e+00
1290          	shield_slave	-8.642285e+00	-6.175732e+00	-4.361136e+00
1291          	warmPlate	-8.560780e+00	4.987455e-01	-7.469060e-01
1291          	OVC	-8.989219e+00	6.568555e-01	-4.994455e+00
1291          	shield_slave	-8.642285e+00	-6.175732e+00	-4.361136e+00
1292          	warmPlate	-8.560780e+00	4.987455e-01	-7.469060e-01
1292          	OVC	-8.989219e+00	6.568555e-01	-4.994455e+00
1292          	shield_slave	-8.642285e+00	-6.175732e+00	-4.361136e+00
1293          	warmPlate	-8.560780e+00	4.987455e-01	-7.469060e-01
1293          	OVC	-8.989219e+00	6.568555e-01	-4.994455e+00
1293          	shield_slave	-8.642285e+00	-6.175732e+00	-4.361136e+00
1294          	warmPlate	-8.560780e+00	4.987455e-01	-7.469060e-01
1294          	OVC	-8.989219e+00	6.568555e-01	-4.994455e+00
1294          	shield_slave	-8.642285e+00	-6.175732e+00	-4.361136e+00
1295          	warmPlate	-8.560780e+00	4.987455e-01	-7.469060e-01
1295          	OVC	-8.989219e+00	6.568555e-01	-4.994455e+00
1295          	shield_slave	-8.642285e+00	-6.175732e+00	-4.361136e+00
1296          	warmPlate	-8.560780e+00	4.987455e-01	-7.469060e-01
1296          	OVC	-8.989219e+00	6.568555e-01	-4.994455e+00
1296          	shield_slave	-8.642285e+00	-6.175732e+00	-4.361136e+00
1297          	warmPlate	-8.560780e+00	4.987455e-01	-7.469060e-01
1297          	OVC	-8.989219e+00	6.568555e-01	-4.994455e+00
1297          	shield_slave	-8.642285e+00	-6.175732e+00	-4.361136e+00
1298          	warmPlate	-8.560780e+00	4.987455e-01	-7.469060e-01
1298          	OVC	-8.989219e+00	6.568555e-01	-4.994455e+00
1298          	shield_slave	-8.642285e+00	-6.175732e+00	-4.361136e+00
1299          	warmPlate	-8.560780e+00	4.987455e-01	-7.469060e-01
1299          	OVC	-8.989219e+00	6.568555e-01	-4.994455e+00
1299          	shield_slave	-8.642285e+00	-6.175732e+00	-4.361136e+00
1300          	warmPlate	-8.560780e+00	4.987455e-01	-7.469060e-01
1300          	OVC	-8.989219e+00	6.568555e-01	-4.994455e+00
1300          	shield_slave	-8.642285e+00	-6.175732e+00	-4.361136e+00
1301          	warmPlate	-8.560780e+00	4.987455e-01	-7.469060e-01
1301          	OVC	-8.989219e+00	6.568555e-01	-4.994455e+00
1301          	shield_slave	-8.642285e+00	-6.175732e+00	-4.361136e+00
1302          	warmPlate	-8.560780e+00	4.987455e-01	-7.469060e-01
1302          	OVC	-8.989219e+00	6.568555e-01	-4.994455e+00
1302          	shield_slave	-8.642285e+00	-6.175732e+00	-4.361136e+00
1303          	warmPlate	-8.560780e+00	4.987455e-01	-7.469060e-01
1303          	OVC	-8.989219e+00	6.568555e-01	-4.994455e+00
1303          	shield_slave	-8.642285e+00	-6.175732e+00	-4.361136e+00
1304          	warmPlate	-8.560780e+00	4.987455e-01	-7.469060e-01
1304          	OVC	-8.989219e+00	6.568555e-01	-4.994455e+00
1304          	shield_slave	-8.642285e+00	-6.175732e+00	-4.361136e+00
1305          	warmPlate	-8.560780e+00	4.987455e-01	-7.469060e-01
1305          	OVC	-8.989219e+00	6.568555e-01	-4.994455e+00
1305          	shield_slave	-8.642285e+00	-6.175732e+00	-4.361136e+00
1306          	warmPlate	-8.560780e+00	4.987455e-01	-7.469060e-01
1306          	OVC	-8.989219e+00	6.568555e-01	-4.994455e+00
1306          	shield_slave	-8.642285e+00	-6.175732e+00	-4.361136e+00
1307          	warmPlate	-8.560780e+00	4.987455e-01	-7.469060e-01
1307          	OVC	-8.989219e+00	6.568555e-01	-4.994455e+00
1307          	shield_slave	-8.642285e+00	-6.175732e+00	-4.361136e+00
1308          	warmPlate	-8.560780e+00	4.987455e-01	-7.469060e-01
1308          	OVC	-8.989219e+00	6.568555e-01	-4.994455e+00
1308          	shield_slave	-8.642285e+00	-6.175732e+00	-4.361136e+00
1309          	warmPlate	-8.560780e+00	4.987455e-01	-7.469060e-01
1309          	OVC	-8.989219e+00	6.568555e-01	-4.994455e+00
1309          	shield_slave	-8.642285e+00	-6.175732e+00	-4.361136e+00
1310          	warmPlate	-8.560780e+00	4.987455e-01	-7.469060e-01
1310          	OVC	-8.989219e+00	6.568555e-01	-4.994455e+00
1310          	shield_slave	-8.642285e+00	-6.175732e+00	-4.361136e+00
1311          	warmPlate	-8.560780e+00	4.987455e-01	-7.469060e-01
1311          	OVC	-8.989219e+00	6.568555e-01	-4.994455e+00
1311          	shield_slave	-8.642285e+00	-6.175732e+00	-4.361136e+00
1312          	warmPlate	-8.560780e+00	4.987455e-01	-7.469060e-01
1312          	OVC	-8.989219e+00	6.568555e-01	-4.994455e+00
1312          	shield_slave	-8.642285e+00	-6.175732e+00	-4.361136e+00
1313          	warmPlate	-8.560780e+00	4.987455e-01	-7.469060e-01
1313          	OVC	-8.989219e+00	6.568555e-01	-4.994455e+00
1313          	shield_slave	-8.642285e+00	-6.175732e+00	-4.361136e+00
1314          	warmPlate	-8.560780e+00	4.987455e-01	-7.469060e-01
1314          	OVC	-8.989219e+00	6.568555e-01	-4.994455e+00
1314          	shield_slave	-8.642285e+00	-6.175732e+00	-4.361136e+00
1315          	warmPlate	-8.560780e+00	4.987455e-01	-7.469060e-01
1315          	OVC	-8.989219e+00	6.568555e-01	-4.994455e+00
1315          	shield_slave	-8.642285e+00	-6.175732e+00	-4.361136e+00
1316          	warmPlate	-8.560780e+00	4.987455e-01	-7.469060e-01
1316          	OVC	-8.989219e+00	6.568555e-01	-4.994455e+00
1316          	shield_slave	-8.642285e+00	-6.175732e+00	-4.361136e+00
1317          	warmPlate	-8.560780e+00	4.987455e-01	-7.469060e-01
1317          	OVC	-8.989219e+00	6.568555e-01	-4.994455e+00
1317          	shield_slave	-8.642285e+00	-6.175732e+00	-4.361136e+00
1318          	warmPlate	-8.560780e+00	4.987455e-01	-7.469060e-01
1318          	OVC	-8.989219e+00	6.568555e-01	-4.994455e+00
1318          	shield_slave	-8.642285e+00	-6.175732e+00	-4.361136e+00
1319          	warmPlate	-8.560780e+00	4.987455e-01	-7.469060e-01
1319          	OVC	-8.989219e+00	6.568555e-01	-4.994455e+00
1319          	shield_slave	-8.642285e+00	-6.175732e+00	-4.361136e+00
1320          	warmPlate	-8.560780e+00	4.987455e-01	-7.469060e-01
1320          	OVC	-8.989219e+00	6.568555e-01	-4.994455e+00
1320          	shield_slave	-8.642285e+00	-6.175732e+00	-4.361136e+00
1321          	warmPlate	-8.560780e+00	4.987455e-01	-7.469060e-01
1321          	OVC	-8.989219e+00	6.568555e-01	-4.994455e+00
1321          	shield_slave	-8.642285e+00	-6.175732e+00	-4.361136e+00
1322          	warmPlate	-8.560780e+00	4.987455e-01	-7.469060e-01
1322          	OVC	-8.989219e+00	6.568555e-01	-4.994455e+00
1322          	shield_slave	-8.642285e+00	-6.175732e+00	-4.361136e+00
1323          	warmPlate	-8.560780e+00	4.987455e-01	-7.469060e-01
1323          	OVC	-8.989219e+00	6.568555e-01	-4.994455e+00
1323          	shield_slave	-8.642285e+00	-6.175732e+00	-4.361136e+00
1324          	warmPlate	-8.560780e+00	4.987455e-01	-7.469060e-01
1324          	OVC	-8.989219e+00	6.568555e-01	-4.994455e+00
1324          	shield_slave	-8.642285e+00	-6.175732e+00	-4.361136e+00
1325          	warmPlate	-8.560780e+00	4.987455e-01	-7.469060e-01
1325          	OVC	-8.989219e+00	6.568555e-01	-4.994455e+00
1325          	shield_slave	-8.642285e+00	-6.175732e+00	-4.361136e+00
1326          	warmPlate	-8.560780e+00	4.987455e-01	-7.469060e-01
1326          	OVC	-8.989219e+00	6.568555e-01	-4.994455e+00
1326          	shield_slave	-8.642285e+00	-6.175732e+00	-4.361136e+00
1327          	warmPlate	-8.560780e+00	4.987455e-01	-7.469060e-01
1327          	OVC	-8.989219e+00	6.568555e-01	-4.994455e+00
1327          	shield_slave	-8.642285e+00	-6.175732e+00	-4.361136e+00
1328          	warmPlate	-8.560780e+00	4.987455e-01	-7.469060e-01
1328          	OVC	-8.989219e+00	6.568555e-01	-4.994455e+00
1328          	shield_slave	-8.642285e+00	-6.175732e+00	-4.361136e+00
1329          	warmPlate	-8.560780e+00	4.987455e-01	-7.469060e-01
1329          	OVC	-8.989219e+00	6.568555e-01	-4.994455e+00
1329          	shield_slave	-8.642285e+00	-6.175732e+00	-4.361136e+00
1330          	warmPlate	-8.560780e+00	4.987455e-01	-7.469060e-01
1330          	OVC	-8.989219e+00	6.568555e-01	-4.994455e+00
1330          	shield_slave	-8.642285e+00	-6.175732e+00	-4.361136e+00
1331          	warmPlate	-8.560780e+00	4.987455e-01	-7.469060e-01
1331          	OVC	-8.989219e+00	6.568555e-01	-4.994455e+00
1331          	shield_slave	-8.642285e+00	-6.175732e+00	-4.361136e+00
1332          	warmPlate	-8.560780e+00	4.987455e-01	-7.469060e-01
1332          	OVC	-8.989219e+00	6.568555e-01	-4.994455e+00
1332          	shield_slave	-8.642285e+00	-6.175732e+00	-4.361136e+00
1333          	warmPlate	-8.560780e+00	4.987455e-01	-7.469060e-01
1333          	OVC	-8.989219e+00	6.568555e-01	-4.994455e+00
1333          	shield_slave	-8.642285e+00	-6.175732e+00	-4.361136e+00
1334          	warmPlate	-8.560780e+00	4.987455e-01	-7.469060e-01
1334          	OVC	-8.989219e+00	6.568555e-01	-4.994455e+00
1334          	shield_slave	-8.642285e+00	-6.175732e+00	-4.361136e+00
1335          	warmPlate	-8.560780e+00	4.987455e-01	-7.469060e-01
1335          	OVC	-8.989219e+00	6.568555e-01	-4.994455e+00
1335          	shield_slave	-8.642285e+00	-6.175732e+00	-4.361136e+00
1336          	warmPlate	-8.560780e+00	4.987455e-01	-7.469060e-01
1336          	OVC	-8.989219e+00	6.568555e-01	-4.994455e+00
1336          	shield_slave	-8.642285e+00	-6.175732e+00	-4.361136e+00
1337          	warmPlate	-8.560780e+00	4.987455e-01	-7.469060e-01
1337          	OVC	-8.989219e+00	6.568555e-01	-4.994455e+00
1337          	shield_slave	-8.642285e+00	-6.175732e+00	-4.361136e+00
1338          	warmPlate	-8.560780e+00	4.987455e-01	-7.469060e-01
1338          	OVC	-8.989219e+00	6.568555e-01	-4.994455e+00
1338          	shield_slave	-8.642285e+00	-6.175732e+00	-4.361136e+00
1339          	warmPlate	-8.560780e+00	4.987455e-01	-7.469060e-01
1339          	OVC	-8.989219e+00	6.568555e-01	-4.994455e+00
1339          	shield_slave	-8.642285e+00	-6.175732e+00	-4.361136e+00
1340          	warmPlate	-8.560780e+00	4.987455e-01	-7.469060e-01
1340          	OVC	-8.989219e+00	6.568555e-01	-4.994455e+00
1340          	shield_slave	-8.642285e+00	-6.175732e+00	-4.361136e+00
1341          	warmPlate	-8.560780e+00	4.987455e-01	-7.469060e-01
1341          	OVC	-8.989219e+00	6.568555e-01	-4.994455e+00
1341          	shield_slave	-8.642285e+00	-6.175732e+00	-4.361136e+00
1342          	warmPlate	-8.560780e+00	4.987455e-01	-7.469060e-01
1342          	OVC	-8.989219e+00	6.568555e-01	-4.994455e+00
1342          	shield_slave	-8.642285e+00	-6.175732e+00	-4.361136e+00
1343          	warmPlate	-8.560780e+00	4.987455e-01	-7.469060e-01
1343          	OVC	-8.989219e+00	6.568555e-01	-4.994455e+00
1343          	shield_slave	-8.642285e+00	-6.175732e+00	-4.361136e+00
1344          	warmPlate	-8.560780e+00	4.987455e-01	-7.469060e-01
1344          	OVC	-8.989219e+00	6.568555e-01	-4.994455e+00
1344          	shield_slave	-8.642285e+00	-6.175732e+00	-4.361136e+00
1345          	warmPlate	-8.560780e+00	4.987455e-01	-7.469060e-01
1345          	OVC	-8.989219e+00	6.568555e-01	-4.994455e+00
1345          	shield_slave	-8.642285e+00	-6.175732e+00	-4.361136e+00
1346          	warmPlate	-8.560780e+00	4.987455e-01	-7.469060e-01
1346          	OVC	-8.989219e+00	6.568555e-01	-4.994455e+00
1346          	shield_slave	-8.642285e+00	-6.175732e+00	-4.361136e+00
1347          	warmPlate	-8.560780e+00	4.987455e-01	-7.469060e-01
1347          	OVC	-8.989219e+00	6.568555e-01	-4.994455e+00
1347          	shield_slave	-8.642285e+00	-6.175732e+00	-4.361136e+00
1348          	warmPlate	-8.560780e+00	4.987455e-01	-7.469060e-01
1348          	OVC	-8.989219e+00	6.568555e-01	-4.994455e+00
1348          	shield_slave	-8.642285e+00	-6.175732e+00	-4.361136e+00
1349          	warmPlate	-8.560780e+00	4.987455e-01	-7.469060e-01
1349          	OVC	-8.989219e+00	6.568555e-01	-4.994455e+00
1349          	shield_slave	-8.642285e+00	-6.175732e+00	-4.361136e+00
1350          	warmPlate	-8.560780e+00	4.987455e-01	-7.469060e-01
1350          	OVC	-8.989219e+00	6.568555e-01	-4.994455e+00
1350          	shield_slave	-8.642285e+00	-6.175732e+00	-4.361136e+00
1351          	warmPlate	-8.560780e+00	4.987455e-01	-7.469060e-01
1351          	OVC	-8.989219e+00	6.568555e-01	-4.994455e+00
1351          	shield_slave	-8.642285e+00	-6.175732e+00	-4.361136e+00
1352          	warmPlate	-8.560780e+00	4.987455e-01	-7.469060e-01
1352          	OVC	-8.989219e+00	6.568555e-01	-4.994455e+00
1352          	shield_slave	-8.642285e+00	-6.175732e+00	-4.361136e+00
1353          	warmPlate	-8.560780e+00	4.987455e-01	-7.469060e-01
1353          	OVC	-8.989219e+00	6.568555e-01	-4.994455e+00
1353          	shield_slave	-8.642285e+00	-6.175732e+00	-4.361136e+00
1354          	warmPlate	-8.560780e+00	4.987455e-01	-7.469060e-01
1354          	OVC	-8.989219e+00	6.568555e-01	-4.994455e+00
1354          	shield_slave	-8.642285e+00	-6.175732e+00	-4.361136e+00
1355          	warmPlate	-8.560780e+00	4.987455e-01	-7.469060e-01
1355          	OVC	-8.989219e+00	6.568555e-01	-4.994455e+00
1355          	shield_slave	-8.642285e+00	-6.175732e+00	-4.361136e+00
1356          	warmPlate	-8.560780e+00	4.987455e-01	-7.469060e-01
1356          	OVC	-8.989219e+00	6.568555e-01	-4.994455e+00
1356          	shield_slave	-8.642285e+00	-6.175732e+00	-4.361136e+00
1357          	warmPlate	-8.560780e+00	4.987455e-01	-7.469060e-01
1357          	OVC	-8.989219e+00	6.568555e-01	-4.994455e+00
1357          	shield_slave	-8.642285e+00	-6.175732e+00	-4.361136e+00
1358          	warmPlate	-8.560780e+00	4.987455e-01	-7.469060e-01
1358          	OVC	-8.989219e+00	6.568555e-01	-4.994455e+00
1358          	shield_slave	-8.642285e+00	-6.175732e+00	-4.361136e+00
1359          	warmPlate	-8.560780e+00	4.987455e-01	-7.469060e-01
1359          	OVC	-8.989219e+00	6.568555e-01	-4.994455e+00
1359          	shield_slave	-8.642285e+00	-6.175732e+00	-4.361136e+00
1360          	warmPlate	-8.560780e+00	4.987455e-01	-7.469060e-01
1360          	OVC	-8.989219e+00	6.568555e-01	-4.994455e+00
1360          	shield_slave	-8.642285e+00	-6.175732e+00	-4.361136e+00
1361          	warmPlate	-8.560780e+00	4.987455e-01	-7.469060e-01
1361          	OVC	-8.989219e+00	6.568555e-01	-4.994455e+00
1361          	shield_slave	-8.642285e+00	-6.175732e+00	-4.361136e+00
1362          	warmPlate	-8.560780e+00	4.987455e-01	-7.469060e-01
1362          	OVC	-8.989219e+00	6.568555e-01	-4.994455e+00
1362          	shield_slave	-8.642285e+00	-6.175732e+00	-4.361136e+00
1363          	warmPlate	-8.560780e+00	4.987455e-01	-7.469060e-01
1363          	OVC	-8.989219e+00	6.568555e-01	-4.994455e+00
1363          	shield_slave	-8.642285e+00	-6.175732e+00	-4.361136e+00
1364          	warmPlate	-8.560780e+00	4.987455e-01	-7.469060e-01
1364          	OVC	-8.989219e+00	6.568555e-01	-4.994455e+00
1364          	shield_slave	-8.642285e+00	-6.175732e+00	-4.361136e+00
1365          	warmPlate	-8.560780e+00	4.987455e-01	-7.469060e-01
1365          	OVC	-8.989219e+00	6.568555e-01	-4.994455e+00
1365          	shield_slave	-8.642285e+00	-6.175732e+00	-4.361136e+00
1366          	warmPlate	-8.560780e+00	4.987455e-01	-7.469060e-01
1366          	OVC	-8.989219e+00	6.568555e-01	-4.994455e+00
1366          	shield_slave	-8.642285e+00	-6.175732e+00	-4.361136e+00
1367          	warmPlate	-8.560780e+00	4.987455e-01	-7.469060e-01
1367          	OVC	-8.989219e+00	6.568555e-01	-4.994455e+00
1367          	shield_slave	-8.642285e+00	-6.175732e+00	-4.361136e+00
1368          	warmPlate	-8.560780e+00	4.987455e-01	-7.469060e-01
1368          	OVC	-8.989219e+00	6.568555e-01	-4.994455e+00
1368          	shield_slave	-8.642285e+00	-6.175732e+00	-4.361136e+00
1369          	warmPlate	-8.560780e+00	4.987455e-01	-7.469060e-01
1369          	OVC	-8.989219e+00	6.568555e-01	-4.994455e+00
1369          	shield_slave	-8.642285e+00	-6.175732e+00	-4.361136e+00
1370          	warmPlate	-8.560780e+00	4.987455e-01	-7.469060e-01
1370          	OVC	-8.989219e+00	6.568555e-01	-4.994455e+00
1370          	shield_slave	-8.642285e+00	-6.175732e+00	-4.361136e+00
1371          	warmPlate	-8.560780e+00	4.987455e-01	-7.469060e-01
1371          	OVC	-8.989219e+00	6.568555e-01	-4.994455e+00
1371          	shield_slave	-8.642285e+00	-6.175732e+00	-4.361136e+00
1372          	warmPlate	-8.560780e+00	4.987455e-01	-7.469060e-01
1372          	OVC	-8.989219e+00	6.568555e-01	-4.994455e+00
1372          	shield_slave	-8.642285e+00	-6.175732e+00	-4.361136e+00
1373          	warmPlate	-8.560780e+00	4.987455e-01	-7.469060e-01
1373          	OVC	-8.989219e+00	6.568555e-01	-4.994455e+00
1373          	shield_slave	-8.642285e+00	-6.175732e+00	-4.361136e+00
1374          	warmPlate	-8.560780e+00	4.987455e-01	-7.469060e-01
1374          	OVC	-8.989219e+00	6.568555e-01	-4.994455e+00
1374          	shield_slave	-8.642285e+00	-6.175732e+00	-4.361136e+00
1375          	warmPlate	-8.560780e+00	4.987455e-01	-7.469060e-01
1375          	OVC	-8.989219e+00	6.568555e-01	-4.994455e+00
1375          	shield_slave	-8.642285e+00	-6.175732e+00	-4.361136e+00
1376          	warmPlate	-8.560780e+00	4.987455e-01	-7.469060e-01
1376          	OVC	-8.989219e+00	6.568555e-01	-4.994455e+00
1376          	shield_slave	-8.642285e+00	-6.175732e+00	-4.361136e+00
1377          	warmPlate	-8.560780e+00	4.987455e-01	-7.469060e-01
1377          	OVC	-8.989219e+00	6.568555e-01	-4.994455e+00
1377          	shield_slave	-8.642285e+00	-6.175732e+00	-4.361136e+00
1378          	warmPlate	-8.560780e+00	4.987455e-01	-7.469060e-01
1378          	OVC	-8.989219e+00	6.568555e-01	-4.994455e+00
1378          	shield_slave	-8.642285e+00	-6.175732e+00	-4.361136e+00
1379          	warmPlate	-8.560780e+00	4.987455e-01	-7.469060e-01
1379          	OVC	-8.989219e+00	6.568555e-01	-4.994455e+00
1379          	shield_slave	-8.642285e+00	-6.175732e+00	-4.361136e+00
1380          	warmPlate	-8.560780e+00	4.987455e-01	-7.469060e-01
1380          	OVC	-8.989219e+00	6.568555e-01	-4.994455e+00
1380          	shield_slave	-8.642285e+00	-6.175732e+00	-4.361136e+00
1381          	warmPlate	-8.560780e+00	4.987455e-01	-7.469060e-01
1381          	OVC	-8.989219e+00	6.568555e-01	-4.994455e+00
1381          	shield_slave	-8.642285e+00	-6.175732e+00	-4.361136e+00
1382          	warmPlate	-8.560780e+00	4.987455e-01	-7.469060e-01
1382          	OVC	-8.989219e+00	6.568555e-01	-4.994455e+00
1382          	shield_slave	-8.642285e+00	-6.175732e+00	-4.361136e+00
1383          	warmPlate	-8.560780e+00	4.987455e-01	-7.469060e-01
1383          	OVC	-8.989219e+00	6.568555e-01	-4.994455e+00
1383          	shield_slave	-8.642285e+00	-6.175732e+00	-4.361136e+00
1384          	warmPlate	-8.560780e+00	4.987455e-01	-7.469060e-01
1384          	OVC	-8.989219e+00	6.568555e-01	-4.994455e+00
1384          	shield_slave	-8.642285e+00	-6.175732e+00	-4.361136e+00
1385          	warmPlate	-8.560780e+00	4.987455e-01	-7.469060e-01
1385          	OVC	-8.989219e+00	6.568555e-01	-4.994455e+00
1385          	shield_slave	-8.642285e+00	-6.175732e+00	-4.361136e+00
1386          	warmPlate	-8.560780e+00	4.987455e-01	-7.469060e-01
1386          	OVC	-8.989219e+00	6.568555e-01	-4.994455e+00
1386          	shield_slave	-8.642285e+00	-6.175732e+00	-4.361136e+00
1387          	warmPlate	-8.560780e+00	4.987455e-01	-7.469060e-01
1387          	OVC	-8.989219e+00	6.568555e-01	-4.994455e+00
1387          	shield_slave	-8.642285e+00	-6.175732e+00	-4.361136e+00
1388          	warmPlate	-8.560780e+00	4.987455e-01	-7.469060e-01
1388          	OVC	-8.989219e+00	6.568555e-01	-4.994455e+00
1388          	shield_slave	-8.642285e+00	-6.175732e+00	-4.361136e+00
1389          	warmPlate	-8.560780e+00	4.987455e-01	-7.469060e-01
1389          	OVC	-8.989219e+00	6.568555e-01	-4.994455e+00
1389          	shield_slave	-8.642285e+00	-6.175732e+00	-4.361136e+00
1390          	warmPlate	-8.560780e+00	4.987455e-01	-7.469060e-01
1390          	OVC	-8.989219e+00	6.568555e-01	-4.994455e+00
1390          	shield_slave	-8.642285e+00	-6.175732e+00	-4.361136e+00
1391          	warmPlate	-8.560780e+00	4.987455e-01	-7.469060e-01
1391          	OVC	-8.989219e+00	6.568555e-01	-4.994455e+00
1391          	shield_slave	-8.642285e+00	-6.175732e+00	-4.361136e+00
1392          	warmPlate	-8.560780e+00	4.987455e-01	-7.469060e-01
1392          	OVC	-8.989219e+00	6.568555e-01	-4.994455e+00
1392          	shield_slave	-8.642285e+00	-6.175732e+00	-4.361136e+00
1393          	warmPlate	-8.560780e+00	4.987455e-01	-7.469060e-01
1393          	OVC	-8.989219e+00	6.568555e-01	-4.994455e+00
1393          	shield_slave	-8.642285e+00	-6.175732e+00	-4.361136e+00
1394          	warmPlate	-8.560780e+00	4.987455e-01	-7.469060e-01
1394          	OVC	-8.989219e+00	6.568555e-01	-4.994455e+00
1394          	shield_slave	-8.642285e+00	-6.175732e+00	-4.361136e+00
1395          	warmPlate	-8.560780e+00	4.987455e-01	-7.469060e-01
1395          	OVC	-8.989219e+00	6.568555e-01	-4.994455e+00
1395          	shield_slave	-8.642285e+00	-6.175732e+00	-4.361136e+00
1396          	warmPlate	-8.560780e+00	4.987455e-01	-7.469060e-01
1396          	OVC	-8.989219e+00	6.568555e-01	-4.994455e+00
1396          	shield_slave	-8.642285e+00	-6.175732e+00	-4.361136e+00
1397          	warmPlate	-8.560780e+00	4.987455e-01	-7.469060e-01
1397          	OVC	-8.989219e+00	6.568555e-01	-4.994455e+00
1397          	shield_slave	-8.642285e+00	-6.175732e+00	-4.361136e+00
1398          	warmPlate	-8.560780e+00	4.987455e-01	-7.469060e-01
1398          	OVC	-8.989219e+00	6.568555e-01	-4.994455e+00
1398          	shield_slave	-8.642285e+00	-6.175732e+00	-4.361136e+00
1399          	warmPlate	-8.560780e+00	4.987455e-01	-7.469060e-01
1399          	OVC	-8.989219e+00	6.568555e-01	-4.994455e+00
1399          	shield_slave	-8.642285e+00	-6.175732e+00	-4.361136e+00
1400          	warmPlate	-8.560780e+00	4.987455e-01	-7.469060e-01
1400          	OVC	-8.989219e+00	6.568555e-01	-4.994455e+00
1400          	shield_slave	-8.642285e+00	-6.175732e+00	-4.361136e+00
1401          	warmPlate	-8.560780e+00	4.987455e-01	-7.469060e-01
1401          	OVC	-8.989219e+00	6.568555e-01	-4.994455e+00
1401          	shield_slave	-8.642285e+00	-6.175732e+00	-4.361136e+00
1402          	warmPlate	-8.560780e+00	4.987455e-01	-7.469060e-01
1402          	OVC	-8.989219e+00	6.568555e-01	-4.994455e+00
1402          	shield_slave	-8.642285e+00	-6.175732e+00	-4.361136e+00
1403          	warmPlate	-8.560780e+00	4.987455e-01	-7.469060e-01
1403          	OVC	-8.989219e+00	6.568555e-01	-4.994455e+00
1403          	shield_slave	-8.642285e+00	-6.175732e+00	-4.361136e+00
1404          	warmPlate	-8.560780e+00	4.987455e-01	-7.469060e-01
1404          	OVC	-8.989219e+00	6.568555e-01	-4.994455e+00
1404          	shield_slave	-8.642285e+00	-6.175732e+00	-4.361136e+00
1405          	warmPlate	-8.560780e+00	4.987455e-01	-7.469060e-01
1405          	OVC	-8.989219e+00	6.568555e-01	-4.994455e+00
1405          	shield_slave	-8.642285e+00	-6.175732e+00	-4.361136e+00
1406          	warmPlate	-8.560780e+00	4.987455e-01	-7.469060e-01
1406          	OVC	-8.989219e+00	6.568555e-01	-4.994455e+00
1406          	shield_slave	-8.642285e+00	-6.175732e+00	-4.361136e+00
1407          	warmPlate	-8.560780e+00	4.987455e-01	-7.469060e-01
1407          	OVC	-8.989219e+00	6.568555e-01	-4.994455e+00
1407          	shield_slave	-8.642285e+00	-6.175732e+00	-4.361136e+00
1408          	warmPlate	-8.560780e+00	4.987455e-01	-7.469060e-01
1408          	OVC	-8.989219e+00	6.568555e-01	-4.994455e+00
1408          	shield_slave	-8.642285e+00	-6.175732e+00	-4.361136e+00
1409          	warmPlate	-8.560780e+00	4.987455e-01	-7.469060e-01
1409          	OVC	-8.989219e+00	6.568555e-01	-4.994455e+00
1409          	shield_slave	-8.642285e+00	-6.175732e+00	-4.361136e+00
1410          	warmPlate	-8.560780e+00	4.987455e-01	-7.469060e-01
1410          	OVC	-8.989219e+00	6.568555e-01	-4.994455e+00
1410          	shield_slave	-8.642285e+00	-6.175732e+00	-4.361136e+00
1411          	warmPlate	-8.560780e+00	4.987455e-01	-7.469060e-01
1411          	OVC	-8.989219e+00	6.568555e-01	-4.994455e+00
1411          	shield_slave	-8.642285e+00	-6.175732e+00	-4.361136e+00
1412          	warmPlate	-8.560780e+00	4.987455e-01	-7.469060e-01
1412          	OVC	-8.989219e+00	6.568555e-01	-4.994455e+00
1412          	shield_slave	-8.642285e+00	-6.175732e+00	-4.361136e+00
1413          	warmPlate	-8.560780e+00	4.987455e-01	-7.469060e-01
1413          	OVC	-8.989219e+00	6.568555e-01	-4.994455e+00
1413          	shield_slave	-8.642285e+00	-6.175732e+00	-4.361136e+00
1414          	warmPlate	-8.560780e+00	4.987455e-01	-7.469060e-01
1414          	OVC	-8.989219e+00	6.568555e-01	-4.994455e+00
1414          	shield_slave	-8.642285e+00	-6.175732e+00	-4.361136e+00
1415          	warmPlate	-8.560780e+00	4.987455e-01	-7.469060e-01
1415          	OVC	-8.989219e+00	6.568555e-01	-4.994455e+00
1415          	shield_slave	-8.642285e+00	-6.175732e+00	-4.361136e+00
1416          	warmPlate	-8.560780e+00	4.987455e-01	-7.469060e-01
1416          	OVC	-8.989219e+00	6.568555e-01	-4.994455e+00
1416          	shield_slave	-8.642285e+00	-6.175732e+00	-4.361136e+00
1417          	warmPlate	-8.560780e+00	4.987455e-01	-7.469060e-01
1417          	OVC	-8.989219e+00	6.568555e-01	-4.994455e+00
1417          	shield_slave	-8.642285e+00	-6.175732e+00	-4.361136e+00
1418          	warmPlate	-8.560780e+00	4.987455e-01	-7.469060e-01
1418          	OVC	-8.989219e+00	6.568555e-01	-4.994455e+00
1418          	shield_slave	-8.642285e+00	-6.175732e+00	-4.361136e+00
1419          	warmPlate	-8.560780e+00	4.987455e-01	-7.469060e-01
1419          	OVC	-8.989219e+00	6.568555e-01	-4.994455e+00
1419          	shield_slave	-8.642285e+00	-6.175732e+00	-4.361136e+00
1420          	warmPlate	-8.560780e+00	4.987455e-01	-7.469060e-01
1420          	OVC	-8.989219e+00	6.568555e-01	-4.994455e+00
1420          	shield_slave	-8.642285e+00	-6.175732e+00	-4.361136e+00
1421          	warmPlate	-8.560780e+00	4.987455e-01	-7.469060e-01
1421          	OVC	-8.989219e+00	6.568555e-01	-4.994455e+00
1421          	shield_slave	-8.642285e+00	-6.175732e+00	-4.361136e+00
1422          	warmPlate	-8.560780e+00	4.987455e-01	-7.469060e-01
1422          	OVC	-8.989219e+00	6.568555e-01	-4.994455e+00
1422          	shield_slave	-8.642285e+00	-6.175732e+00	-4.361136e+00
1423          	warmPlate	-8.560780e+00	4.987455e-01	-7.469060e-01
1423          	OVC	-8.989219e+00	6.568555e-01	-4.994455e+00
1423          	shield_slave	-8.642285e+00	-6.175732e+00	-4.361136e+00
1424          	warmPlate	-8.560780e+00	4.987455e-01	-7.469060e-01
1424          	OVC	-8.989219e+00	6.568555e-01	-4.994455e+00
1424          	shield_slave	-8.642285e+00	-6.175732e+00	-4.361136e+00
1425          	warmPlate	-8.560780e+00	4.987455e-01	-7.469060e-01
1425          	OVC	-8.989219e+00	6.568555e-01	-4.994455e+00
1425          	shield_slave	-8.642285e+00	-6.175732e+00	-4.361136e+00
1426          	warmPlate	-8.560780e+00	4.987455e-01	-7.469060e-01
1426          	OVC	-8.989219e+00	6.568555e-01	-4.994455e+00
1426          	shield_slave	-8.642285e+00	-6.175732e+00	-4.361136e+00
1427          	warmPlate	-8.560780e+00	4.987455e-01	-7.469060e-01
1427          	OVC	-8.989219e+00	6.568555e-01	-4.994455e+00
1427          	shield_slave	-8.642285e+00	-6.175732e+00	-4.361136e+00
1428          	warmPlate	-8.560780e+00	4.987455e-01	-7.469060e-01
1428          	OVC	-8.989219e+00	6.568555e-01	-4.994455e+00
1428          	shield_slave	-8.642285e+00	-6.175732e+00	-4.361136e+00
1429          	warmPlate	-8.560780e+00	4.987455e-01	-7.469060e-01
1429          	OVC	-8.989219e+00	6.568555e-01	-4.994455e+00
1429          	shield_slave	-8.642285e+00	-6.175732e+00	-4.361136e+00
1430          	warmPlate	-8.560780e+00	4.987455e-01	-7.469060e-01
1430          	OVC	-8.989219e+00	6.568555e-01	-4.994455e+00
1430          	shield_slave	-8.642285e+00	-6.175732e+00	-4.361136e+00
1431          	warmPlate	-8.560780e+00	4.987455e-01	-7.469060e-01
1431          	OVC	-8.989219e+00	6.568555e-01	-4.994455e+00
1431          	shield_slave	-8.642285e+00	-6.175732e+00	-4.361136e+00
1432          	warmPlate	-8.560780e+00	4.987455e-01	-7.469060e-01
1432          	OVC	-8.989219e+00	6.568555e-01	-4.994455e+00
1432          	shield_slave	-8.642285e+00	-6.175732e+00	-4.361136e+00
1433          	warmPlate	-8.560780e+00	4.987455e-01	-7.469060e-01
1433          	OVC	-8.989219e+00	6.568555e-01	-4.994455e+00
1433          	shield_slave	-8.642285e+00	-6.175732e+00	-4.361136e+00
1434          	warmPlate	-8.560780e+00	4.987455e-01	-7.469060e-01
1434          	OVC	-8.989219e+00	6.568555e-01	-4.994455e+00
1434          	shield_slave	-8.642285e+00	-6.175732e+00	-4.361136e+00
1435          	warmPlate	-8.560780e+00	4.987455e-01	-7.469060e-01
1435          	OVC	-8.989219e+00	6.568555e-01	-4.994455e+00
1435          	shield_slave	-8.642285e+00	-6.175732e+00	-4.361136e+00
1436          	warmPlate	-8.560780e+00	4.987455e-01	-7.469060e-01
1436          	OVC	-8.989219e+00	6.568555e-01	-4.994455e+00
1436          	shield_slave	-8.642285e+00	-6.175732e+00	-4.361136e+00
1437          	warmPlate	-8.560780e+00	4.987455e-01	-7.469060e-01
1437          	OVC	-8.989219e+00	6.568555e-01	-4.994455e+00
1437          	shield_slave	-8.642285e+00	-6.175732e+00	-4.361136e+00
1438          	warmPlate	-8.560780e+00	4.987455e-01	-7.469060e-01
1438          	OVC	-8.989219e+00	6.568555e-01	-4.994455e+00
1438          	shield_slave	-8.642285e+00	-6.175732e+00	-4.361136e+00
1439          	warmPlate	-8.560780e+00	4.987455e-01	-7.469060e-01
1439          	OVC	-8.989219e+00	6.568555e-01	-4.994455e+00
1439          	shield_slave	-8.642285e+00	-6.175732e+00	-4.361136e+00
1440          	warmPlate	-8.560780e+00	4.987455e-01	-7.469060e-01
1440          	OVC	-8.989219e+00	6.568555e-01	-4.994455e+00
1440          	shield_slave	-8.642285e+00	-6.175732e+00	-4.361136e+00
1441          	warmPlate	-8.560780e+00	4.987455e-01	-7.469060e-01
1441          	OVC	-8.989219e+00	6.568555e-01	-4.994455e+00
1441          	shield_slave	-8.642285e+00	-6.175732e+00	-4.361136e+00
1442          	warmPlate	-8.560780e+00	4.987455e-01	-7.469060e-01
1442          	OVC	-8.989219e+00	6.568555e-01	-4.994455e+00
1442          	shield_slave	-8.642285e+00	-6.175732e+00	-4.361136e+00
1443          	warmPlate	-8.560780e+00	4.987455e-01	-7.469060e-01
1443          	OVC	-8.989219e+00	6.568555e-01	-4.994455e+00
1443          	shield_slave	-8.642285e+00	-6.175732e+00	-4.361136e+00
1444          	warmPlate	-8.560780e+00	4.987455e-01	-7.469060e-01
1444          	OVC	-8.989219e+00	6.568555e-01	-4.994455e+00
1444          	shield_slave	-8.642285e+00	-6.175732e+00	-4.361136e+00
1445          	warmPlate	-8.560780e+00	4.987455e-01	-7.469060e-01
1445          	OVC	-8.989219e+00	6.568555e-01	-4.994455e+00
1445          	shield_slave	-8.642285e+00	-6.175732e+00	-4.361136e+00
1446          	warmPlate	-8.560780e+00	4.987455e-01	-7.469060e-01
1446          	OVC	-8.989219e+00	6.568555e-01	-4.994455e+00
1446          	shield_slave	-8.642285e+00	-6.175732e+00	-4.361136e+00
1447          	warmPlate	-8.560780e+00	4.987455e-01	-7.469060e-01
1447          	OVC	-8.989219e+00	6.568555e-01	-4.994455e+00
1447          	shield_slave	-8.642285e+00	-6.175732e+00	-4.361136e+00
1448          	warmPlate	-8.560780e+00	4.987455e-01	-7.469060e-01
1448          	OVC	-8.989219e+00	6.568555e-01	-4.994455e+00
1448          	shield_slave	-8.642285e+00	-6.175732e+00	-4.361136e+00
1449          	warmPlate	-8.560780e+00	4.987455e-01	-7.469060e-01
1449          	OVC	-8.989219e+00	6.568555e-01	-4.994455e+00
1449          	shield_slave	-8.642285e+00	-6.175732e+00	-4.361136e+00
1450          	warmPlate	-8.560780e+00	4.987455e-01	-7.469060e-01
1450          	OVC	-8.989219e+00	6.568555e-01	-4.994455e+00
1450          	shield_slave	-8.642285e+00	-6.175732e+00	-4.361136e+00
1451          	warmPlate	-8.560780e+00	4.987455e-01	-7.469060e-01
1451          	OVC	-8.989219e+00	6.568555e-01	-4.994455e+00
1451          	shield_slave	-8.642285e+00	-6.175732e+00	-4.361136e+00
1452          	warmPlate	-8.560780e+00	4.987455e-01	-7.469060e-01
1452          	OVC	-8.989219e+00	6.568555e-01	-4.994455e+00
1452          	shield_slave	-8.642285e+00	-6.175732e+00	-4.361136e+00
1453          	warmPlate	-8.560780e+00	4.987455e-01	-7.469060e-01
1453          	OVC	-8.989219e+00	6.568555e-01	-4.994455e+00
1453          	shield_slave	-8.642285e+00	-6.175732e+00	-4.361136e+00
1454          	warmPlate	-8.560780e+00	4.987455e-01	-7.469060e-01
1454          	OVC	-8.989219e+00	6.568555e-01	-4.994455e+00
1454          	shield_slave	-8.642285e+00	-6.175732e+00	-4.361136e+00
1455          	warmPlate	-8.560780e+00	4.987455e-01	-7.469060e-01
1455          	OVC	-8.989219e+00	6.568555e-01	-4.994455e+00
1455          	shield_slave	-8.642285e+00	-6.175732e+00	-4.361136e+00
1456          	warmPlate	-8.560780e+00	4.987455e-01	-7.469060e-01
1456          	OVC	-8.989219e+00	6.568555e-01	-4.994455e+00
1456          	shield_slave	-8.642285e+00	-6.175732e+00	-4.361136e+00
1457          	warmPlate	-8.560780e+00	4.987455e-01	-7.469060e-01
1457          	OVC	-8.989219e+00	6.568555e-01	-4.994455e+00
1457          	shield_slave	-8.642285e+00	-6.175732e+00	-4.361136e+00
1458          	warmPlate	-8.560780e+00	4.987455e-01	-7.469060e-01
1458          	OVC	-8.989219e+00	6.568555e-01	-4.994455e+00
1458          	shield_slave	-8.642285e+00	-6.175732e+00	-4.361136e+00
1459          	warmPlate	-8.560780e+00	4.987455e-01	-7.469060e-01
1459          	OVC	-8.989219e+00	6.568555e-01	-4.994455e+00
1459          	shield_slave	-8.642285e+00	-6.175732e+00	-4.361136e+00
1460          	warmPlate	-8.560780e+00	4.987455e-01	-7.469060e-01
1460          	OVC	-8.989219e+00	6.568555e-01	-4.994455e+00
1460          	shield_slave	-8.642285e+00	-6.175732e+00	-4.361136e+00
1461          	warmPlate	-8.560780e+00	4.987455e-01	-7.469060e-01
1461          	OVC	-8.989219e+00	6.568555e-01	-4.994455e+00
1461          	shield_slave	-8.642285e+00	-6.175732e+00	-4.361136e+00
1462          	warmPlate	-8.560780e+00	4.987455e-01	-7.469060e-01
1462          	OVC	-8.989219e+00	6.568555e-01	-4.994455e+00
1462          	shield_slave	-8.642285e+00	-6.175732e+00	-4.361136e+00
1463          	warmPlate	-8.560780e+00	4.987455e-01	-7.469060e-01
1463          	OVC	-8.989219e+00	6.568555e-01	-4.994455e+00
1463          	shield_slave	-8.642285e+00	-6.175732e+00	-4.361136e+00
1464          	warmPlate	-8.560780e+00	4.987455e-01	-7.469060e-01
1464          	OVC	-8.989219e+00	6.568555e-01	-4.994455e+00
1464          	shield_slave	-8.642285e+00	-6.175732e+00	-4.361136e+00
1465          	warmPlate	-8.560780e+00	4.987455e-01	-7.469060e-01
1465          	OVC	-8.989219e+00	6.568555e-01	-4.994455e+00
1465          	shield_slave	-8.642285e+00	-6.175732e+00	-4.361136e+00
1466          	warmPlate	-8.560780e+00	4.987455e-01	-7.469060e-01
1466          	OVC	-8.989219e+00	6.568555e-01	-4.994455e+00
1466          	shield_slave	-8.642285e+00	-6.175732e+00	-4.361136e+00
1467          	warmPlate	-8.560780e+00	4.987455e-01	-7.469060e-01
1467          	OVC	-8.989219e+00	6.568555e-01	-4.994455e+00
1467          	shield_slave	-8.642285e+00	-6.175732e+00	-4.361136e+00
1468          	warmPlate	-8.560780e+00	4.987455e-01	-7.469060e-01
1468          	OVC	-8.989219e+00	6.568555e-01	-4.994455e+00
1468          	shield_slave	-8.642285e+00	-6.175732e+00	-4.361136e+00
1469          	warmPlate	-8.560780e+00	4.987455e-01	-7.469060e-01
1469          	OVC	-8.989219e+00	6.568555e-01	-4.994455e+00
1469          	shield_slave	-8.642285e+00	-6.175732e+00	-4.361136e+00
1470          	warmPlate	-8.560780e+00	4.987455e-01	-7.469060e-01
1470          	OVC	-8.989219e+00	6.568555e-01	-4.994455e+00
1470          	shield_slave	-8.642285e+00	-6.175732e+00	-4.361136e+00
1471          	warmPlate	-8.560780e+00	4.987455e-01	-7.469060e-01
1471          	OVC	-8.989219e+00	6.568555e-01	-4.994455e+00
1471          	shield_slave	-8.642285e+00	-6.175732e+00	-4.361136e+00
1472          	warmPlate	-8.560780e+00	4.987455e-01	-7.469060e-01
1472          	OVC	-8.989219e+00	6.568555e-01	-4.994455e+00
1472          	shield_slave	-8.642285e+00	-6.175732e+00	-4.361136e+00
1473          	warmPlate	-8.560780e+00	4.987455e-01	-7.469060e-01
1473          	OVC	-8.989219e+00	6.568555e-01	-4.994455e+00
1473          	shield_slave	-8.642285e+00	-6.175732e+00	-4.361136e+00
1474          	warmPlate	-8.560780e+00	4.987455e-01	-7.469060e-01
1474          	OVC	-8.989219e+00	6.568555e-01	-4.994455e+00
1474          	shield_slave	-8.642285e+00	-6.175732e+00	-4.361136e+00
1475          	warmPlate	-8.560780e+00	4.987455e-01	-7.469060e-01
1475          	OVC	-8.989219e+00	6.568555e-01	-4.994455e+00
1475          	shield_slave	-8.642285e+00	-6.175732e+00	-4.361136e+00
1476          	warmPlate	-8.560780e+00	4.987455e-01	-7.469060e-01
1476          	OVC	-8.989219e+00	6.568555e-01	-4.994455e+00
1476          	shield_slave	-8.642285e+00	-6.175732e+00	-4.361136e+00
1477          	warmPlate	-8.560780e+00	4.987455e-01	-7.469060e-01
1477          	OVC	-8.989219e+00	6.568555e-01	-4.994455e+00
1477          	shield_slave	-8.642285e+00	-6.175732e+00	-4.361136e+00
1478          	warmPlate	-8.560780e+00	4.987455e-01	-7.469060e-01
1478          	OVC	-8.989219e+00	6.568555e-01	-4.994455e+00
1478          	shield_slave	-8.642285e+00	-6.175732e+00	-4.361136e+00
1479          	warmPlate	-8.560780e+00	4.987455e-01	-7.469060e-01
1479          	OVC	-8.989219e+00	6.568555e-01	-4.994455e+00
1479          	shield_slave	-8.642285e+00	-6.175732e+00	-4.361136e+00
1480          	warmPlate	-8.560780e+00	4.987455e-01	-7.469060e-01
1480          	OVC	-8.989219e+00	6.568555e-01	-4.994455e+00
1480          	shield_slave	-8.642285e+00	-6.175732e+00	-4.361136e+00
1481          	warmPlate	-8.560780e+00	4.987455e-01	-7.469060e-01
1481          	OVC	-8.989219e+00	6.568555e-01	-4.994455e+00
1481          	shield_slave	-8.642285e+00	-6.175732e+00	-4.361136e+00
1482          	warmPlate	-8.560780e+00	4.987455e-01	-7.469060e-01
1482          	OVC	-8.989219e+00	6.568555e-01	-4.994455e+00
1482          	shield_slave	-8.642285e+00	-6.175732e+00	-4.361136e+00
1483          	warmPlate	-8.560780e+00	4.987455e-01	-7.469060e-01
1483          	OVC	-8.989219e+00	6.568555e-01	-4.994455e+00
1483          	shield_slave	-8.642285e+00	-6.175732e+00	-4.361136e+00
1484          	warmPlate	-8.560780e+00	4.987455e-01	-7.469060e-01
1484          	OVC	-8.989219e+00	6.568555e-01	-4.994455e+00
1484          	shield_slave	-8.642285e+00	-6.175732e+00	-4.361136e+00
1485          	warmPlate	-8.560780e+00	4.987455e-01	-7.469060e-01
1485          	OVC	-8.989219e+00	6.568555e-01	-4.994455e+00
1485          	shield_slave	-8.642285e+00	-6.175732e+00	-4.361136e+00
1486          	warmPlate	-8.560780e+00	4.987455e-01	-7.469060e-01
1486          	OVC	-8.989219e+00	6.568555e-01	-4.994455e+00
1486          	shield_slave	-8.642285e+00	-6.175732e+00	-4.361136e+00
1487          	warmPlate	-8.560780e+00	4.987455e-01	-7.469060e-01
1487          	OVC	-8.989219e+00	6.568555e-01	-4.994455e+00
1487          	shield_slave	-8.642285e+00	-6.175732e+00	-4.361136e+00
1488          	warmPlate	-8.560780e+00	4.987455e-01	-7.469060e-01
1488          	OVC	-8.989219e+00	6.568555e-01	-4.994455e+00
1488          	shield_slave	-8.642285e+00	-6.175732e+00	-4.361136e+00
1489          	warmPlate	-8.560780e+00	4.987455e-01	-7.469060e-01
1489          	OVC	-8.989219e+00	6.568555e-01	-4.994455e+00
1489          	shield_slave	-8.642285e+00	-6.175732e+00	-4.361136e+00
1490          	warmPlate	-8.560780e+00	4.987455e-01	-7.469060e-01
1490          	OVC	-8.989219e+00	6.568555e-01	-4.994455e+00
1490          	shield_slave	-8.642285e+00	-6.175732e+00	-4.361136e+00
1491          	warmPlate	-8.560780e+00	4.987455e-01	-7.469060e-01
1491          	OVC	-8.989219e+00	6.568555e-01	-4.994455e+00
1491          	shield_slave	-8.642285e+00	-6.175732e+00	-4.361136e+00
1492          	warmPlate	-8.560780e+00	4.987455e-01	-7.469060e-01
1492          	OVC	-8.989219e+00	6.568555e-01	-4.994455e+00
1492          	shield_slave	-8.642285e+00	-6.175732e+00	-4.361136e+00
1493          	warmPlate	-8.560780e+00	4.987455e-01	-7.469060e-01
1493          	OVC	-8.989219e+00	6.568555e-01	-4.994455e+00
1493          	shield_slave	-8.642285e+00	-6.175732e+00	-4.361136e+00
1494          	warmPlate	-8.560780e+00	4.987455e-01	-7.469060e-01
1494          	OVC	-8.989219e+00	6.568555e-01	-4.994455e+00
1494          	shield_slave	-8.642285e+00	-6.175732e+00	-4.361136e+00
1495          	warmPlate	-8.560780e+00	4.987455e-01	-7.469060e-01
1495          	OVC	-8.989219e+00	6.568555e-01	-4.994455e+00
1495          	shield_slave	-8.642285e+00	-6.175732e+00	-4.361136e+00
1496          	warmPlate	-8.560780e+00	4.987455e-01	-7.469060e-01
1496          	OVC	-8.989219e+00	6.568555e-01	-4.994455e+00
1496          	shield_slave	-8.642285e+00	-6.175732e+00	-4.361136e+00
1497          	warmPlate	-8.560780e+00	4.987455e-01	-7.469060e-01
1497          	OVC	-8.989219e+00	6.568555e-01	-4.994455e+00
1497          	shield_slave	-8.642285e+00	-6.175732e+00	-4.361136e+00
1498          	warmPlate	-8.560780e+00	4.987455e-01	-7.469060e-01
1498          	OVC	-8.989219e+00	6.568555e-01	-4.994455e+00
1498          	shield_slave	-8.642285e+00	-6.175732e+00	-4.361136e+00
1499          	warmPlate	-8.560780e+00	4.987455e-01	-7.469060e-01
1499          	OVC	-8.989219e+00	6.568555e-01	-4.994455e+00
1499          	shield_slave	-8.642285e+00	-6.175732e+00	-4.361136e+00
1500          	warmPlate	-8.560780e+00	4.987455e-01	-7.469060e-01
1500          	OVC	-8.989219e+00	6.568555e-01	-4.994455e+00
1500          	shield_slave	-8.642285e+00	-6.175732e+00	-4.361136e+00
1501          	warmPlate	-8.560780e+00	4.987455e-01	-7.469060e-01
1501          	OVC	-8.989219e+00	6.568555e-01	-4.994455e+00
1501          	shield_slave	-8.642285e+00	-6.175732e+00	-4.361136e+00
1502          	warmPlate	-8.560780e+00	4.987455e-01	-7.469060e-01
1502          	OVC	-8.989219e+00	6.568555e-01	-4.994455e+00
1502          	shield_slave	-8.642285e+00	-6.175732e+00	-4.361136e+00
1503          	warmPlate	-8.560780e+00	4.987455e-01	-7.469060e-01
1503          	OVC	-8.989219e+00	6.568555e-01	-4.994455e+00
1503          	shield_slave	-8.642285e+00	-6.175732e+00	-4.361136e+00
1504          	warmPlate	-8.560780e+00	4.987455e-01	-7.469060e-01
1504          	OVC	-8.989219e+00	6.568555e-01	-4.994455e+00
1504          	shield_slave	-8.642285e+00	-6.175732e+00	-4.361136e+00
1505          	warmPlate	-8.560780e+00	4.987455e-01	-7.469060e-01
1505          	OVC	-8.989219e+00	6.568555e-01	-4.994455e+00
1505          	shield_slave	-8.642285e+00	-6.175732e+00	-4.361136e+00
1506          	warmPlate	-8.560780e+00	4.987455e-01	-7.469060e-01
1506          	OVC	-8.989219e+00	6.568555e-01	-4.994455e+00
1506          	shield_slave	-8.642285e+00	-6.175732e+00	-4.361136e+00
1507          	warmPlate	-8.560780e+00	4.987455e-01	-7.469060e-01
1507          	OVC	-8.989219e+00	6.568555e-01	-4.994455e+00
1507          	shield_slave	-8.642285e+00	-6.175732e+00	-4.361136e+00
1508          	warmPlate	-8.560780e+00	4.987455e-01	-7.469060e-01
1508          	OVC	-8.989219e+00	6.568555e-01	-4.994455e+00
1508          	shield_slave	-8.642285e+00	-6.175732e+00	-4.361136e+00
1509          	warmPlate	-8.560780e+00	4.987455e-01	-7.469060e-01
1509          	OVC	-8.989219e+00	6.568555e-01	-4.994455e+00
1509          	shield_slave	-8.642285e+00	-6.175732e+00	-4.361136e+00
1510          	warmPlate	-8.560780e+00	4.987455e-01	-7.469060e-01
1510          	OVC	-8.989219e+00	6.568555e-01	-4.994455e+00
1510          	shield_slave	-8.642285e+00	-6.175732e+00	-4.361136e+00
1511          	warmPlate	-8.560780e+00	4.987455e-01	-7.469060e-01
1511          	OVC	-8.989219e+00	6.568555e-01	-4.994455e+00
1511          	shield_slave	-8.642285e+00	-6.175732e+00	-4.361136e+00
1512          	warmPlate	-8.560780e+00	4.987455e-01	-7.469060e-01
1512          	OVC	-8.989219e+00	6.568555e-01	-4.994455e+00
1512          	shield_slave	-8.642285e+00	-6.175732e+00	-4.361136e+00
1513          	warmPlate	-8.560780e+00	4.987455e-01	-7.469060e-01
1513          	OVC	-8.989219e+00	6.568555e-01	-4.994455e+00
1513          	shield_slave	-8.642285e+00	-6.175732e+00	-4.361136e+00
1514          	warmPlate	-8.560780e+00	4.987455e-01	-7.469060e-01
1514          	OVC	-8.989219e+00	6.568555e-01	-4.994455e+00
1514          	shield_slave	-8.642285e+00	-6.175732e+00	-4.361136e+00
1515          	warmPlate	-8.560780e+00	4.987455e-01	-7.469060e-01
1515          	OVC	-8.989219e+00	6.568555e-01	-4.994455e+00
1515          	shield_slave	-8.642285e+00	-6.175732e+00	-4.361136e+00
1516          	warmPlate	-8.560780e+00	4.987455e-01	-7.469060e-01
1516          	OVC	-8.989219e+00	6.568555e-01	-4.994455e+00
1516          	shield_slave	-8.642285e+00	-6.175732e+00	-4.361136e+00
1517          	warmPlate	-8.560780e+00	4.987455e-01	-7.469060e-01
1517          	OVC	-8.989219e+00	6.568555e-01	-4.994455e+00
1517          	shield_slave	-8.642285e+00	-6.175732e+00	-4.361136e+00
1518          	warmPlate	-8.560780e+00	4.987455e-01	-7.469060e-01
1518          	OVC	-8.989219e+00	6.568555e-01	-4.994455e+00
1518          	shield_slave	-8.642285e+00	-6.175732e+00	-4.361136e+00
1519          	warmPlate	-8.560780e+00	4.987455e-01	-7.469060e-01
1519          	OVC	-8.989219e+00	6.568555e-01	-4.994455e+00
1519          	shield_slave	-8.642285e+00	-6.175732e+00	-4.361136e+00
1520          	warmPlate	-8.560780e+00	4.987455e-01	-7.469060e-01
1520          	OVC	-8.989219e+00	6.568555e-01	-4.994455e+00
1520          	shield_slave	-8.642285e+00	-6.175732e+00	-4.361136e+00
1521          	warmPlate	-8.560780e+00	4.987455e-01	-7.469060e-01
1521          	OVC	-8.989219e+00	6.568555e-01	-4.994455e+00
1521          	shield_slave	-8.642285e+00	-6.175732e+00	-4.361136e+00
1522          	warmPlate	-8.560780e+00	4.987455e-01	-7.469060e-01
1522          	OVC	-8.989219e+00	6.568555e-01	-4.994455e+00
1522          	shield_slave	-8.642285e+00	-6.175732e+00	-4.361136e+00
1523          	warmPlate	-8.560780e+00	4.987455e-01	-7.469060e-01
1523          	OVC	-8.989219e+00	6.568555e-01	-4.994455e+00
1523          	shield_slave	-8.642285e+00	-6.175732e+00	-4.361136e+00
1524          	warmPlate	-8.560780e+00	4.987455e-01	-7.469060e-01
1524          	OVC	-8.989219e+00	6.568555e-01	-4.994455e+00
1524          	shield_slave	-8.642285e+00	-6.175732e+00	-4.361136e+00
1525          	warmPlate	-8.560780e+00	4.987455e-01	-7.469060e-01
1525          	OVC	-8.989219e+00	6.568555e-01	-4.994455e+00
1525          	shield_slave	-8.642285e+00	-6.175732e+00	-4.361136e+00
1526          	warmPlate	-8.560780e+00	4.987455e-01	-7.469060e-01
1526          	OVC	-8.989219e+00	6.568555e-01	-4.994455e+00
1526          	shield_slave	-8.642285e+00	-6.175732e+00	-4.361136e+00
1527          	warmPlate	-8.560780e+00	4.987455e-01	-7.469060e-01
1527          	OVC	-8.989219e+00	6.568555e-01	-4.994455e+00
1527          	shield_slave	-8.642285e+00	-6.175732e+00	-4.361136e+00
1528          	warmPlate	-8.560780e+00	4.987455e-01	-7.469060e-01
1528          	OVC	-8.989219e+00	6.568555e-01	-4.994455e+00
1528          	shield_slave	-8.642285e+00	-6.175732e+00	-4.361136e+00
1529          	warmPlate	-8.560780e+00	4.987455e-01	-7.469060e-01
1529          	OVC	-8.989219e+00	6.568555e-01	-4.994455e+00
1529          	shield_slave	-8.642285e+00	-6.175732e+00	-4.361136e+00
1530          	warmPlate	-8.560780e+00	4.987455e-01	-7.469060e-01
1530          	OVC	-8.989219e+00	6.568555e-01	-4.994455e+00
1530          	shield_slave	-8.642285e+00	-6.175732e+00	-4.361136e+00
1531          	warmPlate	-8.560780e+00	4.987455e-01	-7.469060e-01
1531          	OVC	-8.989219e+00	6.568555e-01	-4.994455e+00
1531          	shield_slave	-8.642285e+00	-6.175732e+00	-4.361136e+00
1532          	warmPlate	-8.560780e+00	4.987455e-01	-7.469060e-01
1532          	OVC	-8.989219e+00	6.568555e-01	-4.994455e+00
1532          	shield_slave	-8.642285e+00	-6.175732e+00	-4.361136e+00
1533          	warmPlate	-8.560780e+00	4.987455e-01	-7.469060e-01
1533          	OVC	-8.989219e+00	6.568555e-01	-4.994455e+00
1533          	shield_slave	-8.642285e+00	-6.175732e+00	-4.361136e+00
1534          	warmPlate	-8.560780e+00	4.987455e-01	-7.469060e-01
1534          	OVC	-8.989219e+00	6.568555e-01	-4.994455e+00
1534          	shield_slave	-8.642285e+00	-6.175732e+00	-4.361136e+00
1535          	warmPlate	-8.560780e+00	4.987455e-01	-7.469060e-01
1535          	OVC	-8.989219e+00	6.568555e-01	-4.994455e+00
1535          	shield_slave	-8.642285e+00	-6.175732e+00	-4.361136e+00
1536          	warmPlate	-8.560780e+00	4.987455e-01	-7.469060e-01
1536          	OVC	-8.989219e+00	6.568555e-01	-4.994455e+00
1536          	shield_slave	-8.642285e+00	-6.175732e+00	-4.361136e+00
1537          	warmPlate	-8.560780e+00	4.987455e-01	-7.469060e-01
1537          	OVC	-8.989219e+00	6.568555e-01	-4.994455e+00
1537          	shield_slave	-8.642285e+00	-6.175732e+00	-4.361136e+00
1538          	warmPlate	-8.560780e+00	4.987455e-01	-7.469060e-01
1538          	OVC	-8.989219e+00	6.568555e-01	-4.994455e+00
1538          	shield_slave	-8.642285e+00	-6.175732e+00	-4.361136e+00
1539          	warmPlate	-8.560780e+00	4.987455e-01	-7.469060e-01
1539          	OVC	-8.989219e+00	6.568555e-01	-4.994455e+00
1539          	shield_slave	-8.642285e+00	-6.175732e+00	-4.361136e+00
1540          	warmPlate	-8.560780e+00	4.987455e-01	-7.469060e-01
1540          	OVC	-8.989219e+00	6.568555e-01	-4.994455e+00
1540          	shield_slave	-8.642285e+00	-6.175732e+00	-4.361136e+00
1541          	warmPlate	-8.560780e+00	4.987455e-01	-7.469060e-01
1541          	OVC	-8.989219e+00	6.568555e-01	-4.994455e+00
1541          	shield_slave	-8.642285e+00	-6.175732e+00	-4.361136e+00
1542          	warmPlate	-8.560780e+00	4.987455e-01	-7.469060e-01
1542          	OVC	-8.989219e+00	6.568555e-01	-4.994455e+00
1542          	shield_slave	-8.642285e+00	-6.175732e+00	-4.361136e+00
1543          	warmPlate	-8.560780e+00	4.987455e-01	-7.469060e-01
1543          	OVC	-8.989219e+00	6.568555e-01	-4.994455e+00
1543          	shield_slave	-8.642285e+00	-6.175732e+00	-4.361136e+00
1544          	warmPlate	-8.560780e+00	4.987455e-01	-7.469060e-01
1544          	OVC	-8.989219e+00	6.568555e-01	-4.994455e+00
1544          	shield_slave	-8.642285e+00	-6.175732e+00	-4.361136e+00
1545          	warmPlate	-8.560780e+00	4.987455e-01	-7.469060e-01
1545          	OVC	-8.989219e+00	6.568555e-01	-4.994455e+00
1545          	shield_slave	-8.642285e+00	-6.175732e+00	-4.361136e+00
1546          	warmPlate	-8.560780e+00	4.987455e-01	-7.469060e-01
1546          	OVC	-8.989219e+00	6.568555e-01	-4.994455e+00
1546          	shield_slave	-8.642285e+00	-6.175732e+00	-4.361136e+00
1547          	warmPlate	-8.560780e+00	4.987455e-01	-7.469060e-01
1547          	OVC	-8.989219e+00	6.568555e-01	-4.994455e+00
1547          	shield_slave	-8.642285e+00	-6.175732e+00	-4.361136e+00
1548          	warmPlate	-8.560780e+00	4.987455e-01	-7.469060e-01
1548          	OVC	-8.989219e+00	6.568555e-01	-4.994455e+00
1548          	shield_slave	-8.642285e+00	-6.175732e+00	-4.361136e+00
1549          	warmPlate	-8.560780e+00	4.987455e-01	-7.469060e-01
1549          	OVC	-8.989219e+00	6.568555e-01	-4.994455e+00
1549          	shield_slave	-8.642285e+00	-6.175732e+00	-4.361136e+00
1550          	warmPlate	-8.560780e+00	4.987455e-01	-7.469060e-01
1550          	OVC	-8.989219e+00	6.568555e-01	-4.994455e+00
1550          	shield_slave	-8.642285e+00	-6.175732e+00	-4.361136e+00
1551          	warmPlate	-8.560780e+00	4.987455e-01	-7.469060e-01
1551          	OVC	-8.989219e+00	6.568555e-01	-4.994455e+00
1551          	shield_slave	-8.642285e+00	-6.175732e+00	-4.361136e+00
1552          	warmPlate	-8.560780e+00	4.987455e-01	-7.469060e-01
1552          	OVC	-8.989219e+00	6.568555e-01	-4.994455e+00
1552          	shield_slave	-8.642285e+00	-6.175732e+00	-4.361136e+00
1553          	warmPlate	-8.560780e+00	4.987455e-01	-7.469060e-01
1553          	OVC	-8.989219e+00	6.568555e-01	-4.994455e+00
1553          	shield_slave	-8.642285e+00	-6.175732e+00	-4.361136e+00
1554          	warmPlate	-8.560780e+00	4.987455e-01	-7.469060e-01
1554          	OVC	-8.989219e+00	6.568555e-01	-4.994455e+00
1554          	shield_slave	-8.642285e+00	-6.175732e+00	-4.361136e+00
1555          	warmPlate	-8.560780e+00	4.987455e-01	-7.469060e-01
1555          	OVC	-8.989219e+00	6.568555e-01	-4.994455e+00
1555          	shield_slave	-8.642285e+00	-6.175732e+00	-4.361136e+00
1556          	warmPlate	-8.560780e+00	4.987455e-01	-7.469060e-01
1556          	OVC	-8.989219e+00	6.568555e-01	-4.994455e+00
1556          	shield_slave	-8.642285e+00	-6.175732e+00	-4.361136e+00
1557          	warmPlate	-8.560780e+00	4.987455e-01	-7.469060e-01
1557          	OVC	-8.989219e+00	6.568555e-01	-4.994455e+00
1557          	shield_slave	-8.642285e+00	-6.175732e+00	-4.361136e+00
1558          	warmPlate	-8.560780e+00	4.987455e-01	-7.469060e-01
1558          	OVC	-8.989219e+00	6.568555e-01	-4.994455e+00
1558          	shield_slave	-8.642285e+00	-6.175732e+00	-4.361136e+00
1559          	warmPlate	-8.560780e+00	4.987455e-01	-7.469060e-01
1559          	OVC	-8.989219e+00	6.568555e-01	-4.994455e+00
1559          	shield_slave	-8.642285e+00	-6.175732e+00	-4.361136e+00
1560          	warmPlate	-8.560780e+00	4.987455e-01	-7.469060e-01
1560          	OVC	-8.989219e+00	6.568555e-01	-4.994455e+00
1560          	shield_slave	-8.642285e+00	-6.175732e+00	-4.361136e+00
1561          	warmPlate	-8.560780e+00	4.987455e-01	-7.469060e-01
1561          	OVC	-8.989219e+00	6.568555e-01	-4.994455e+00
1561          	shield_slave	-8.642285e+00	-6.175732e+00	-4.361136e+00
1562          	warmPlate	-8.560780e+00	4.987455e-01	-7.469060e-01
1562          	OVC	-8.989219e+00	6.568555e-01	-4.994455e+00
1562          	shield_slave	-8.642285e+00	-6.175732e+00	-4.361136e+00
1563          	warmPlate	-8.560780e+00	4.987455e-01	-7.469060e-01
1563          	OVC	-8.989219e+00	6.568555e-01	-4.994455e+00
1563          	shield_slave	-8.642285e+00	-6.175732e+00	-4.361136e+00
1564          	warmPlate	-8.560780e+00	4.987455e-01	-7.469060e-01
1564          	OVC	-8.989219e+00	6.568555e-01	-4.994455e+00
1564          	shield_slave	-8.642285e+00	-6.175732e+00	-4.361136e+00
1565          	warmPlate	-8.560780e+00	4.987455e-01	-7.469060e-01
1565          	OVC	-8.989219e+00	6.568555e-01	-4.994455e+00
1565          	shield_slave	-8.642285e+00	-6.175732e+00	-4.361136e+00
1566          	warmPlate	-8.560780e+00	4.987455e-01	-7.469060e-01
1566          	OVC	-8.989219e+00	6.568555e-01	-4.994455e+00
1566          	shield_slave	-8.642285e+00	-6.175732e+00	-4.361136e+00
1567          	warmPlate	-8.560780e+00	4.987455e-01	-7.469060e-01
1567          	OVC	-8.989219e+00	6.568555e-01	-4.994455e+00
1567          	shield_slave	-8.642285e+00	-6.175732e+00	-4.361136e+00
1568          	warmPlate	-8.560780e+00	4.987455e-01	-7.469060e-01
1568          	OVC	-8.989219e+00	6.568555e-01	-4.994455e+00
1568          	shield_slave	-8.642285e+00	-6.175732e+00	-4.361136e+00
1569          	warmPlate	-8.560780e+00	4.987455e-01	-7.469060e-01
1569          	OVC	-8.989219e+00	6.568555e-01	-4.994455e+00
1569          	shield_slave	-8.642285e+00	-6.175732e+00	-4.361136e+00
1570          	warmPlate	-8.560780e+00	4.987455e-01	-7.469060e-01
1570          	OVC	-8.989219e+00	6.568555e-01	-4.994455e+00
1570          	shield_slave	-8.642285e+00	-6.175732e+00	-4.361136e+00
1571          	warmPlate	-8.560780e+00	4.987455e-01	-7.469060e-01
1571          	OVC	-8.989219e+00	6.568555e-01	-4.994455e+00
1571          	shield_slave	-8.642285e+00	-6.175732e+00	-4.361136e+00
1572          	warmPlate	-8.560780e+00	4.987455e-01	-7.469060e-01
1572          	OVC	-8.989219e+00	6.568555e-01	-4.994455e+00
1572          	shield_slave	-8.642285e+00	-6.175732e+00	-4.361136e+00
1573          	warmPlate	-8.560780e+00	4.987455e-01	-7.469060e-01
1573          	OVC	-8.989219e+00	6.568555e-01	-4.994455e+00
1573          	shield_slave	-8.642285e+00	-6.175732e+00	-4.361136e+00
1574          	warmPlate	-8.560780e+00	4.987455e-01	-7.469060e-01
1574          	OVC	-8.989219e+00	6.568555e-01	-4.994455e+00
1574          	shield_slave	-8.642285e+00	-6.175732e+00	-4.361136e+00
1575          	warmPlate	-8.560780e+00	4.987455e-01	-7.469060e-01
1575          	OVC	-8.989219e+00	6.568555e-01	-4.994455e+00
1575          	shield_slave	-8.642285e+00	-6.175732e+00	-4.361136e+00
1576          	warmPlate	-8.560780e+00	4.987455e-01	-7.469060e-01
1576          	OVC	-8.989219e+00	6.568555e-01	-4.994455e+00
1576          	shield_slave	-8.642285e+00	-6.175732e+00	-4.361136e+00
1577          	warmPlate	-8.560780e+00	4.987455e-01	-7.469060e-01
1577          	OVC	-8.989219e+00	6.568555e-01	-4.994455e+00
1577          	shield_slave	-8.642285e+00	-6.175732e+00	-4.361136e+00
1578          	warmPlate	-8.560780e+00	4.987455e-01	-7.469060e-01
1578          	OVC	-8.989219e+00	6.568555e-01	-4.994455e+00
1578          	shield_slave	-8.642285e+00	-6.175732e+00	-4.361136e+00
1579          	warmPlate	-8.560780e+00	4.987455e-01	-7.469060e-01
1579          	OVC	-8.989219e+00	6.568555e-01	-4.994455e+00
1579          	shield_slave	-8.642285e+00	-6.175732e+00	-4.361136e+00
1580          	warmPlate	-8.560780e+00	4.987455e-01	-7.469060e-01
1580          	OVC	-8.989219e+00	6.568555e-01	-4.994455e+00
1580          	shield_slave	-8.642285e+00	-6.175732e+00	-4.361136e+00
1581          	warmPlate	-8.560780e+00	4.987455e-01	-7.469060e-01
1581          	OVC	-8.989219e+00	6.568555e-01	-4.994455e+00
1581          	shield_slave	-8.642285e+00	-6.175732e+00	-4.361136e+00
1582          	warmPlate	-8.560780e+00	4.987455e-01	-7.469060e-01
1582          	OVC	-8.989219e+00	6.568555e-01	-4.994455e+00
1582          	shield_slave	-8.642285e+00	-6.175732e+00	-4.361136e+00
1583          	warmPlate	-8.560780e+00	4.987455e-01	-7.469060e-01
1583          	OVC	-8.989219e+00	6.568555e-01	-4.994455e+00
1583          	shield_slave	-8.642285e+00	-6.175732e+00	-4.361136e+00
1584          	warmPlate	-8.560780e+00	4.987455e-01	-7.469060e-01
1584          	OVC	-8.989219e+00	6.568555e-01	-4.994455e+00
1584          	shield_slave	-8.642285e+00	-6.175732e+00	-4.361136e+00
1585          	warmPlate	-8.560780e+00	4.987455e-01	-7.469060e-01
1585          	OVC	-8.989219e+00	6.568555e-01	-4.994455e+00
1585          	shield_slave	-8.642285e+00	-6.175732e+00	-4.361136e+00
1586          	warmPlate	-8.560780e+00	4.987455e-01	-7.469060e-01
1586          	OVC	-8.989219e+00	6.568555e-01	-4.994455e+00
1586          	shield_slave	-8.642285e+00	-6.175732e+00	-4.361136e+00
1587          	warmPlate	-8.560780e+00	4.987455e-01	-7.469060e-01
1587          	OVC	-8.989219e+00	6.568555e-01	-4.994455e+00
1587          	shield_slave	-8.642285e+00	-6.175732e+00	-4.361136e+00
1588          	warmPlate	-8.560780e+00	4.987455e-01	-7.469060e-01
1588          	OVC	-8.989219e+00	6.568555e-01	-4.994455e+00
1588          	shield_slave	-8.642285e+00	-6.175732e+00	-4.361136e+00
1589          	warmPlate	-8.560780e+00	4.987455e-01	-7.469060e-01
1589          	OVC	-8.989219e+00	6.568555e-01	-4.994455e+00
1589          	shield_slave	-8.642285e+00	-6.175732e+00	-4.361136e+00
1590          	warmPlate	-8.560780e+00	4.987455e-01	-7.469060e-01
1590          	OVC	-8.989219e+00	6.568555e-01	-4.994455e+00
1590          	shield_slave	-8.642285e+00	-6.175732e+00	-4.361136e+00
1591          	warmPlate	-8.560780e+00	4.987455e-01	-7.469060e-01
1591          	OVC	-8.989219e+00	6.568555e-01	-4.994455e+00
1591          	shield_slave	-8.642285e+00	-6.175732e+00	-4.361136e+00
1592          	warmPlate	-8.560780e+00	4.987455e-01	-7.469060e-01
1592          	OVC	-8.989219e+00	6.568555e-01	-4.994455e+00
1592          	shield_slave	-8.642285e+00	-6.175732e+00	-4.361136e+00
1593          	warmPlate	-8.560780e+00	4.987455e-01	-7.469060e-01
1593          	OVC	-8.989219e+00	6.568555e-01	-4.994455e+00
1593          	shield_slave	-8.642285e+00	-6.175732e+00	-4.361136e+00
1594          	warmPlate	-8.560780e+00	4.987455e-01	-7.469060e-01
1594          	OVC	-8.989219e+00	6.568555e-01	-4.994455e+00
1594          	shield_slave	-8.642285e+00	-6.175732e+00	-4.361136e+00
1595          	warmPlate	-8.560780e+00	4.987455e-01	-7.469060e-01
1595          	OVC	-8.989219e+00	6.568555e-01	-4.994455e+00
1595          	shield_slave	-8.642285e+00	-6.175732e+00	-4.361136e+00
1596          	warmPlate	-8.560780e+00	4.987455e-01	-7.469060e-01
1596          	OVC	-8.989219e+00	6.568555e-01	-4.994455e+00
1596          	shield_slave	-8.642285e+00	-6.175732e+00	-4.361136e+00
1597          	warmPlate	-8.560780e+00	4.987455e-01	-7.469060e-01
1597          	OVC	-8.989219e+00	6.568555e-01	-4.994455e+00
1597          	shield_slave	-8.642285e+00	-6.175732e+00	-4.361136e+00
1598          	warmPlate	-8.560780e+00	4.987455e-01	-7.469060e-01
1598          	OVC	-8.989219e+00	6.568555e-01	-4.994455e+00
1598          	shield_slave	-8.642285e+00	-6.175732e+00	-4.361136e+00
1599          	warmPlate	-8.560780e+00	4.987455e-01	-7.469060e-01
1599          	OVC	-8.989219e+00	6.568555e-01	-4.994455e+00
1599          	shield_slave	-8.642285e+00	-6.175732e+00	-4.361136e+00
1600          	warmPlate	-8.560780e+00	4.987455e-01	-7.469060e-01
1600          	OVC	-8.989219e+00	6.568555e-01	-4.994455e+00
1600          	shield_slave	-8.642285e+00	-6.175732e+00	-4.361136e+00
1601          	warmPlate	-8.560780e+00	4.987455e-01	-7.469060e-01
1601          	OVC	-8.989219e+00	6.568555e-01	-4.994455e+00
1601          	shield_slave	-8.642285e+00	-6.175732e+00	-4.361136e+00
1602          	warmPlate	-8.560780e+00	4.987455e-01	-7.469060e-01
1602          	OVC	-8.989219e+00	6.568555e-01	-4.994455e+00
1602          	shield_slave	-8.642285e+00	-6.175732e+00	-4.361136e+00
1603          	warmPlate	-8.560780e+00	4.987455e-01	-7.469060e-01
1603          	OVC	-8.989219e+00	6.568555e-01	-4.994455e+00
1603          	shield_slave	-8.642285e+00	-6.175732e+00	-4.361136e+00
1604          	warmPlate	-8.560780e+00	4.987455e-01	-7.469060e-01
1604          	OVC	-8.989219e+00	6.568555e-01	-4.994455e+00
1604          	shield_slave	-8.642285e+00	-6.175732e+00	-4.361136e+00
1605          	warmPlate	-8.560780e+00	4.987455e-01	-7.469060e-01
1605          	OVC	-8.989219e+00	6.568555e-01	-4.994455e+00
1605          	shield_slave	-8.642285e+00	-6.175732e+00	-4.361136e+00
1606          	warmPlate	-8.560780e+00	4.987455e-01	-7.469060e-01
1606          	OVC	-8.989219e+00	6.568555e-01	-4.994455e+00
1606          	shield_slave	-8.642285e+00	-6.175732e+00	-4.361136e+00
1607          	warmPlate	-8.560780e+00	4.987455e-01	-7.469060e-01
1607          	OVC	-8.989219e+00	6.568555e-01	-4.994455e+00
1607          	shield_slave	-8.642285e+00	-6.175732e+00	-4.361136e+00
1608          	warmPlate	-8.560780e+00	4.987455e-01	-7.469060e-01
1608          	OVC	-8.989219e+00	6.568555e-01	-4.994455e+00
1608          	shield_slave	-8.642285e+00	-6.175732e+00	-4.361136e+00
1609          	warmPlate	-8.560780e+00	4.987455e-01	-7.469060e-01
1609          	OVC	-8.989219e+00	6.568555e-01	-4.994455e+00
1609          	shield_slave	-8.642285e+00	-6.175732e+00	-4.361136e+00
1610          	warmPlate	-8.560780e+00	4.987455e-01	-7.469060e-01
1610          	OVC	-8.989219e+00	6.568555e-01	-4.994455e+00
1610          	shield_slave	-8.642285e+00	-6.175732e+00	-4.361136e+00
1611          	warmPlate	-8.560780e+00	4.987455e-01	-7.469060e-01
1611          	OVC	-8.989219e+00	6.568555e-01	-4.994455e+00
1611          	shield_slave	-8.642285e+00	-6.175732e+00	-4.361136e+00
1612          	warmPlate	-8.560780e+00	4.987455e-01	-7.469060e-01
1612          	OVC	-8.989219e+00	6.568555e-01	-4.994455e+00
1612          	shield_slave	-8.642285e+00	-6.175732e+00	-4.361136e+00
1613          	warmPlate	-8.560780e+00	4.987455e-01	-7.469060e-01
1613          	OVC	-8.989219e+00	6.568555e-01	-4.994455e+00
1613          	shield_slave	-8.642285e+00	-6.175732e+00	-4.361136e+00
1614          	warmPlate	-8.560780e+00	4.987455e-01	-7.469060e-01
1614          	OVC	-8.989219e+00	6.568555e-01	-4.994455e+00
1614          	shield_slave	-8.642285e+00	-6.175732e+00	-4.361136e+00
1615          	warmPlate	-8.560780e+00	4.987455e-01	-7.469060e-01
1615          	OVC	-8.989219e+00	6.568555e-01	-4.994455e+00
1615          	shield_slave	-8.642285e+00	-6.175732e+00	-4.361136e+00
1616          	warmPlate	-8.560780e+00	4.987455e-01	-7.469060e-01
1616          	OVC	-8.989219e+00	6.568555e-01	-4.994455e+00
1616          	shield_slave	-8.642285e+00	-6.175732e+00	-4.361136e+00
1617          	warmPlate	-8.560780e+00	4.987455e-01	-7.469060e-01
1617          	OVC	-8.989219e+00	6.568555e-01	-4.994455e+00
1617          	shield_slave	-8.642285e+00	-6.175732e+00	-4.361136e+00
1618          	warmPlate	-8.560780e+00	4.987455e-01	-7.469060e-01
1618          	OVC	-8.989219e+00	6.568555e-01	-4.994455e+00
1618          	shield_slave	-8.642285e+00	-6.175732e+00	-4.361136e+00
1619          	warmPlate	-8.560780e+00	4.987455e-01	-7.469060e-01
1619          	OVC	-8.989219e+00	6.568555e-01	-4.994455e+00
1619          	shield_slave	-8.642285e+00	-6.175732e+00	-4.361136e+00
1620          	warmPlate	-8.560780e+00	4.987455e-01	-7.469060e-01
1620          	OVC	-8.989219e+00	6.568555e-01	-4.994455e+00
1620          	shield_slave	-8.642285e+00	-6.175732e+00	-4.361136e+00
1621          	warmPlate	-8.560780e+00	4.987455e-01	-7.469060e-01
1621          	OVC	-8.989219e+00	6.568555e-01	-4.994455e+00
1621          	shield_slave	-8.642285e+00	-6.175732e+00	-4.361136e+00
1622          	warmPlate	-8.560780e+00	4.987455e-01	-7.469060e-01
1622          	OVC	-8.989219e+00	6.568555e-01	-4.994455e+00
1622          	shield_slave	-8.642285e+00	-6.175732e+00	-4.361136e+00
1623          	warmPlate	-8.560780e+00	4.987455e-01	-7.469060e-01
1623          	OVC	-8.989219e+00	6.568555e-01	-4.994455e+00
1623          	shield_slave	-8.642285e+00	-6.175732e+00	-4.361136e+00
1624          	warmPlate	-8.560780e+00	4.987455e-01	-7.469060e-01
1624          	OVC	-8.989219e+00	6.568555e-01	-4.994455e+00
1624          	shield_slave	-8.642285e+00	-6.175732e+00	-4.361136e+00
1625          	warmPlate	-8.560780e+00	4.987455e-01	-7.469060e-01
1625          	OVC	-8.989219e+00	6.568555e-01	-4.994455e+00
1625          	shield_slave	-8.642285e+00	-6.175732e+00	-4.361136e+00
1626          	warmPlate	-8.560780e+00	4.987455e-01	-7.469060e-01
1626          	OVC	-8.989219e+00	6.568555e-01	-4.994455e+00
1626          	shield_slave	-8.642285e+00	-6.175732e+00	-4.361136e+00
1627          	warmPlate	-8.560780e+00	4.987455e-01	-7.469060e-01
1627          	OVC	-8.989219e+00	6.568555e-01	-4.994455e+00
1627          	shield_slave	-8.642285e+00	-6.175732e+00	-4.361136e+00
1628          	warmPlate	-8.560780e+00	4.987455e-01	-7.469060e-01
1628          	OVC	-8.989219e+00	6.568555e-01	-4.994455e+00
1628          	shield_slave	-8.642285e+00	-6.175732e+00	-4.361136e+00
1629          	warmPlate	-8.560780e+00	4.987455e-01	-7.469060e-01
1629          	OVC	-8.989219e+00	6.568555e-01	-4.994455e+00
1629          	shield_slave	-8.642285e+00	-6.175732e+00	-4.361136e+00
1630          	warmPlate	-8.560780e+00	4.987455e-01	-7.469060e-01
1630          	OVC	-8.989219e+00	6.568555e-01	-4.994455e+00
1630          	shield_slave	-8.642285e+00	-6.175732e+00	-4.361136e+00
1631          	warmPlate	-8.560780e+00	4.987455e-01	-7.469060e-01
1631          	OVC	-8.989219e+00	6.568555e-01	-4.994455e+00
1631          	shield_slave	-8.642285e+00	-6.175732e+00	-4.361136e+00
1632          	warmPlate	-8.560780e+00	4.987455e-01	-7.469060e-01
1632          	OVC	-8.989219e+00	6.568555e-01	-4.994455e+00
1632          	shield_slave	-8.642285e+00	-6.175732e+00	-4.361136e+00
1633          	warmPlate	-8.560780e+00	4.987455e-01	-7.469060e-01
1633          	OVC	-8.989219e+00	6.568555e-01	-4.994455e+00
1633          	shield_slave	-8.642285e+00	-6.175732e+00	-4.361136e+00
1634          	warmPlate	-8.560780e+00	4.987455e-01	-7.469060e-01
1634          	OVC	-8.989219e+00	6.568555e-01	-4.994455e+00
1634          	shield_slave	-8.642285e+00	-6.175732e+00	-4.361136e+00
1635          	warmPlate	-8.560780e+00	4.987455e-01	-7.469060e-01
1635          	OVC	-8.989219e+00	6.568555e-01	-4.994455e+00
1635          	shield_slave	-8.642285e+00	-6.175732e+00	-4.361136e+00
1636          	warmPlate	-8.560780e+00	4.987455e-01	-7.469060e-01
1636          	OVC	-8.989219e+00	6.568555e-01	-4.994455e+00
1636          	shield_slave	-8.642285e+00	-6.175732e+00	-4.361136e+00
1637          	warmPlate	-8.560780e+00	4.987455e-01	-7.469060e-01
1637          	OVC	-8.989219e+00	6.568555e-01	-4.994455e+00
1637          	shield_slave	-8.642285e+00	-6.175732e+00	-4.361136e+00
1638          	warmPlate	-8.560780e+00	4.987455e-01	-7.469060e-01
1638          	OVC	-8.989219e+00	6.568555e-01	-4.994455e+00
1638          	shield_slave	-8.642285e+00	-6.175732e+00	-4.361136e+00
1639          	warmPlate	-8.560780e+00	4.987455e-01	-7.469060e-01
1639          	OVC	-8.989219e+00	6.568555e-01	-4.994455e+00
1639          	shield_slave	-8.642285e+00	-6.175732e+00	-4.361136e+00
1640          	warmPlate	-8.560780e+00	4.987455e-01	-7.469060e-01
1640          	OVC	-8.989219e+00	6.568555e-01	-4.994455e+00
1640          	shield_slave	-8.642285e+00	-6.175732e+00	-4.361136e+00
1641          	warmPlate	-8.560780e+00	4.987455e-01	-7.469060e-01
1641          	OVC	-8.989219e+00	6.568555e-01	-4.994455e+00
1641          	shield_slave	-8.642285e+00	-6.175732e+00	-4.361136e+00
1642          	warmPlate	-8.560780e+00	4.987455e-01	-7.469060e-01
1642          	OVC	-8.989219e+00	6.568555e-01	-4.994455e+00
1642          	shield_slave	-8.642285e+00	-6.175732e+00	-4.361136e+00
1643          	warmPlate	-8.560780e+00	4.987455e-01	-7.469060e-01
1643          	OVC	-8.989219e+00	6.568555e-01	-4.994455e+00
1643          	shield_slave	-8.642285e+00	-6.175732e+00	-4.361136e+00
1644          	warmPlate	-8.560780e+00	4.987455e-01	-7.469060e-01
1644          	OVC	-8.989219e+00	6.568555e-01	-4.994455e+00
1644          	shield_slave	-8.642285e+00	-6.175732e+00	-4.361136e+00
1645          	warmPlate	-8.560780e+00	4.987455e-01	-7.469060e-01
1645          	OVC	-8.989219e+00	6.568555e-01	-4.994455e+00
1645          	shield_slave	-8.642285e+00	-6.175732e+00	-4.361136e+00
1646          	warmPlate	-8.560780e+00	4.987455e-01	-7.469060e-01
1646          	OVC	-8.989219e+00	6.568555e-01	-4.994455e+00
1646          	shield_slave	-8.642285e+00	-6.175732e+00	-4.361136e+00
1647          	warmPlate	-8.560780e+00	4.987455e-01	-7.469060e-01
1647          	OVC	-8.989219e+00	6.568555e-01	-4.994455e+00
1647          	shield_slave	-8.642285e+00	-6.175732e+00	-4.361136e+00
1648          	warmPlate	-8.560780e+00	4.987455e-01	-7.469060e-01
1648          	OVC	-8.989219e+00	6.568555e-01	-4.994455e+00
1648          	shield_slave	-8.642285e+00	-6.175732e+00	-4.361136e+00
1649          	warmPlate	-8.560780e+00	4.987455e-01	-7.469060e-01
1649          	OVC	-8.989219e+00	6.568555e-01	-4.994455e+00
1649          	shield_slave	-8.642285e+00	-6.175732e+00	-4.361136e+00
1650          	warmPlate	-8.560780e+00	4.987455e-01	-7.469060e-01
1650          	OVC	-8.989219e+00	6.568555e-01	-4.994455e+00
1650          	shield_slave	-8.642285e+00	-6.175732e+00	-4.361136e+00
1651          	warmPlate	-8.560780e+00	4.987455e-01	-7.469060e-01
1651          	OVC	-8.989219e+00	6.568555e-01	-4.994455e+00
1651          	shield_slave	-8.642285e+00	-6.175732e+00	-4.361136e+00
1652          	warmPlate	-8.560780e+00	4.987455e-01	-7.469060e-01
1652          	OVC	-8.989219e+00	6.568555e-01	-4.994455e+00
1652          	shield_slave	-8.642285e+00	-6.175732e+00	-4.361136e+00
1653          	warmPlate	-8.560780e+00	4.987455e-01	-7.469060e-01
1653          	OVC	-8.989219e+00	6.568555e-01	-4.994455e+00
1653          	shield_slave	-8.642285e+00	-6.175732e+00	-4.361136e+00
1654          	warmPlate	-8.560780e+00	4.987455e-01	-7.469060e-01
1654          	OVC	-8.989219e+00	6.568555e-01	-4.994455e+00
1654          	shield_slave	-8.642285e+00	-6.175732e+00	-4.361136e+00
1655          	warmPlate	-8.560780e+00	4.987455e-01	-7.469060e-01
1655          	OVC	-8.989219e+00	6.568555e-01	-4.994455e+00
1655          	shield_slave	-8.642285e+00	-6.175732e+00	-4.361136e+00
1656          	warmPlate	-8.560780e+00	4.987455e-01	-7.469060e-01
1656          	OVC	-8.989219e+00	6.568555e-01	-4.994455e+00
1656          	shield_slave	-8.642285e+00	-6.175732e+00	-4.361136e+00
1657          	warmPlate	-8.560780e+00	4.987455e-01	-7.469060e-01
1657          	OVC	-8.989219e+00	6.568555e-01	-4.994455e+00
1657          	shield_slave	-8.642285e+00	-6.175732e+00	-4.361136e+00
1658          	warmPlate	-8.560780e+00	4.987455e-01	-7.469060e-01
1658          	OVC	-8.989219e+00	6.568555e-01	-4.994455e+00
1658          	shield_slave	-8.642285e+00	-6.175732e+00	-4.361136e+00
1659          	warmPlate	-8.560780e+00	4.987455e-01	-7.469060e-01
1659          	OVC	-8.989219e+00	6.568555e-01	-4.994455e+00
1659          	shield_slave	-8.642285e+00	-6.175732e+00	-4.361136e+00
1660          	warmPlate	-8.560780e+00	4.987455e-01	-7.469060e-01
1660          	OVC	-8.989219e+00	6.568555e-01	-4.994455e+00
1660          	shield_slave	-8.642285e+00	-6.175732e+00	-4.361136e+00
1661          	warmPlate	-8.560780e+00	4.987455e-01	-7.469060e-01
1661          	OVC	-8.989219e+00	6.568555e-01	-4.994455e+00
1661          	shield_slave	-8.642285e+00	-6.175732e+00	-4.361136e+00
1662          	warmPlate	-8.560780e+00	4.987455e-01	-7.469060e-01
1662          	OVC	-8.989219e+00	6.568555e-01	-4.994455e+00
1662          	shield_slave	-8.642285e+00	-6.175732e+00	-4.361136e+00
1663          	warmPlate	-8.560780e+00	4.987455e-01	-7.469060e-01
1663          	OVC	-8.989219e+00	6.568555e-01	-4.994455e+00
1663          	shield_slave	-8.642285e+00	-6.175732e+00	-4.361136e+00
1664          	warmPlate	-8.560780e+00	4.987455e-01	-7.469060e-01
1664          	OVC	-8.989219e+00	6.568555e-01	-4.994455e+00
1664          	shield_slave	-8.642285e+00	-6.175732e+00	-4.361136e+00
1665          	warmPlate	-8.560780e+00	4.987455e-01	-7.469060e-01
1665          	OVC	-8.989219e+00	6.568555e-01	-4.994455e+00
1665          	shield_slave	-8.642285e+00	-6.175732e+00	-4.361136e+00
1666          	warmPlate	-8.560780e+00	4.987455e-01	-7.469060e-01
1666          	OVC	-8.989219e+00	6.568555e-01	-4.994455e+00
1666          	shield_slave	-8.642285e+00	-6.175732e+00	-4.361136e+00
1667          	warmPlate	-8.560780e+00	4.987455e-01	-7.469060e-01
1667          	OVC	-8.989219e+00	6.568555e-01	-4.994455e+00
1667          	shield_slave	-8.642285e+00	-6.175732e+00	-4.361136e+00
1668          	warmPlate	-8.560780e+00	4.987455e-01	-7.469060e-01
1668          	OVC	-8.989219e+00	6.568555e-01	-4.994455e+00
1668          	shield_slave	-8.642285e+00	-6.175732e+00	-4.361136e+00
1669          	warmPlate	-8.560780e+00	4.987455e-01	-7.469060e-01
1669          	OVC	-8.989219e+00	6.568555e-01	-4.994455e+00
1669          	shield_slave	-8.642285e+00	-6.175732e+00	-4.361136e+00
1670          	warmPlate	-8.560780e+00	4.987455e-01	-7.469060e-01
1670          	OVC	-8.989219e+00	6.568555e-01	-4.994455e+00
1670          	shield_slave	-8.642285e+00	-6.175732e+00	-4.361136e+00
1671          	warmPlate	-8.560780e+00	4.987455e-01	-7.469060e-01
1671          	OVC	-8.989219e+00	6.568555e-01	-4.994455e+00
1671          	shield_slave	-8.642285e+00	-6.175732e+00	-4.361136e+00
1672          	warmPlate	-8.560780e+00	4.987455e-01	-7.469060e-01
1672          	OVC	-8.989219e+00	6.568555e-01	-4.994455e+00
1672          	shield_slave	-8.642285e+00	-6.175732e+00	-4.361136e+00
1673          	warmPlate	-8.560780e+00	4.987455e-01	-7.469060e-01
1673          	OVC	-8.989219e+00	6.568555e-01	-4.994455e+00
1673          	shield_slave	-8.642285e+00	-6.175732e+00	-4.361136e+00
1674          	warmPlate	-8.560780e+00	4.987455e-01	-7.469060e-01
1674          	OVC	-8.989219e+00	6.568555e-01	-4.994455e+00
1674          	shield_slave	-8.642285e+00	-6.175732e+00	-4.361136e+00
1675          	warmPlate	-8.560780e+00	4.987455e-01	-7.469060e-01
1675          	OVC	-8.989219e+00	6.568555e-01	-4.994455e+00
1675          	shield_slave	-8.642285e+00	-6.175732e+00	-4.361136e+00
1676          	warmPlate	-8.560780e+00	4.987455e-01	-7.469060e-01
1676          	OVC	-8.989219e+00	6.568555e-01	-4.994455e+00
1676          	shield_slave	-8.642285e+00	-6.175732e+00	-4.361136e+00
1677          	warmPlate	-8.560780e+00	4.987455e-01	-7.469060e-01
1677          	OVC	-8.989219e+00	6.568555e-01	-4.994455e+00
1677          	shield_slave	-8.642285e+00	-6.175732e+00	-4.361136e+00
1678          	warmPlate	-8.560780e+00	4.987455e-01	-7.469060e-01
1678          	OVC	-8.989219e+00	6.568555e-01	-4.994455e+00
1678          	shield_slave	-8.642285e+00	-6.175732e+00	-4.361136e+00
1679          	warmPlate	-8.560780e+00	4.987455e-01	-7.469060e-01
1679          	OVC	-8.989219e+00	6.568555e-01	-4.994455e+00
1679          	shield_slave	-8.642285e+00	-6.175732e+00	-4.361136e+00
1680          	warmPlate	-8.560780e+00	4.987455e-01	-7.469060e-01
1680          	OVC	-8.989219e+00	6.568555e-01	-4.994455e+00
1680          	shield_slave	-8.642285e+00	-6.175732e+00	-4.361136e+00
1681          	warmPlate	-8.560780e+00	4.987455e-01	-7.469060e-01
1681          	OVC	-8.989219e+00	6.568555e-01	-4.994455e+00
1681          	shield_slave	-8.642285e+00	-6.175732e+00	-4.361136e+00
1682          	warmPlate	-8.560780e+00	4.987455e-01	-7.469060e-01
1682          	OVC	-8.989219e+00	6.568555e-01	-4.994455e+00
1682          	shield_slave	-8.642285e+00	-6.175732e+00	-4.361136e+00
1683          	warmPlate	-8.560780e+00	4.987455e-01	-7.469060e-01
1683          	OVC	-8.989219e+00	6.568555e-01	-4.994455e+00
1683          	shield_slave	-8.642285e+00	-6.175732e+00	-4.361136e+00
1684          	warmPlate	-8.560780e+00	4.987455e-01	-7.469060e-01
1684          	OVC	-8.989219e+00	6.568555e-01	-4.994455e+00
1684          	shield_slave	-8.642285e+00	-6.175732e+00	-4.361136e+00
1685          	warmPlate	-8.560780e+00	4.987455e-01	-7.469060e-01
1685          	OVC	-8.989219e+00	6.568555e-01	-4.994455e+00
1685          	shield_slave	-8.642285e+00	-6.175732e+00	-4.361136e+00
1686          	warmPlate	-8.560780e+00	4.987455e-01	-7.469060e-01
1686          	OVC	-8.989219e+00	6.568555e-01	-4.994455e+00
1686          	shield_slave	-8.642285e+00	-6.175732e+00	-4.361136e+00
1687          	warmPlate	-8.560780e+00	4.987455e-01	-7.469060e-01
1687          	OVC	-8.989219e+00	6.568555e-01	-4.994455e+00
1687          	shield_slave	-8.642285e+00	-6.175732e+00	-4.361136e+00
1688          	warmPlate	-8.560780e+00	4.987455e-01	-7.469060e-01
1688          	OVC	-8.989219e+00	6.568555e-01	-4.994455e+00
1688          	shield_slave	-8.642285e+00	-6.175732e+00	-4.361136e+00
1689          	warmPlate	-8.560780e+00	4.987455e-01	-7.469060e-01
1689          	OVC	-8.989219e+00	6.568555e-01	-4.994455e+00
1689          	shield_slave	-8.642285e+00	-6.175732e+00	-4.361136e+00
1690          	warmPlate	-8.560780e+00	4.987455e-01	-7.469060e-01
1690          	OVC	-8.989219e+00	6.568555e-01	-4.994455e+00
1690          	shield_slave	-8.642285e+00	-6.175732e+00	-4.361136e+00
1691          	warmPlate	-8.560780e+00	4.987455e-01	-7.469060e-01
1691          	OVC	-8.989219e+00	6.568555e-01	-4.994455e+00
1691          	shield_slave	-8.642285e+00	-6.175732e+00	-4.361136e+00
1692          	warmPlate	-8.560780e+00	4.987455e-01	-7.469060e-01
1692          	OVC	-8.989219e+00	6.568555e-01	-4.994455e+00
1692          	shield_slave	-8.642285e+00	-6.175732e+00	-4.361136e+00
1693          	warmPlate	-8.560780e+00	4.987455e-01	-7.469060e-01
1693          	OVC	-8.989219e+00	6.568555e-01	-4.994455e+00
1693          	shield_slave	-8.642285e+00	-6.175732e+00	-4.361136e+00
1694          	warmPlate	-8.560780e+00	4.987455e-01	-7.469060e-01
1694          	OVC	-8.989219e+00	6.568555e-01	-4.994455e+00
1694          	shield_slave	-8.642285e+00	-6.175732e+00	-4.361136e+00
1695          	warmPlate	-8.560780e+00	4.987455e-01	-7.469060e-01
1695          	OVC	-8.989219e+00	6.568555e-01	-4.994455e+00
1695          	shield_slave	-8.642285e+00	-6.175732e+00	-4.361136e+00
1696          	warmPlate	-8.560780e+00	4.987455e-01	-7.469060e-01
1696          	OVC	-8.989219e+00	6.568555e-01	-4.994455e+00
1696          	shield_slave	-8.642285e+00	-6.175732e+00	-4.361136e+00
1697          	warmPlate	-8.560780e+00	4.987455e-01	-7.469060e-01
1697          	OVC	-8.989219e+00	6.568555e-01	-4.994455e+00
1697          	shield_slave	-8.642285e+00	-6.175732e+00	-4.361136e+00
1698          	warmPlate	-8.560780e+00	4.987455e-01	-7.469060e-01
1698          	OVC	-8.989219e+00	6.568555e-01	-4.994455e+00
1698          	shield_slave	-8.642285e+00	-6.175732e+00	-4.361136e+00
1699          	warmPlate	-8.560780e+00	4.987455e-01	-7.469060e-01
1699          	OVC	-8.989219e+00	6.568555e-01	-4.994455e+00
1699          	shield_slave	-8.642285e+00	-6.175732e+00	-4.361136e+00
1700          	warmPlate	-8.560780e+00	4.987455e-01	-7.469060e-01
1700          	OVC	-8.989219e+00	6.568555e-01	-4.994455e+00
1700          	shield_slave	-8.642285e+00	-6.175732e+00	-4.361136e+00
1701          	warmPlate	-8.560780e+00	4.987455e-01	-7.469060e-01
1701          	OVC	-8.989219e+00	6.568555e-01	-4.994455e+00
1701          	shield_slave	-8.642285e+00	-6.175732e+00	-4.361136e+00
1702          	warmPlate	-8.560780e+00	4.987455e-01	-7.469060e-01
1702          	OVC	-8.989219e+00	6.568555e-01	-4.994455e+00
1702          	shield_slave	-8.642285e+00	-6.175732e+00	-4.361136e+00
1703          	warmPlate	-8.560780e+00	4.987455e-01	-7.469060e-01
1703          	OVC	-8.989219e+00	6.568555e-01	-4.994455e+00
1703          	shield_slave	-8.642285e+00	-6.175732e+00	-4.361136e+00
1704          	warmPlate	-8.560780e+00	4.987455e-01	-7.469060e-01
1704          	OVC	-8.989219e+00	6.568555e-01	-4.994455e+00
1704          	shield_slave	-8.642285e+00	-6.175732e+00	-4.361136e+00
1705          	warmPlate	-8.560780e+00	4.987455e-01	-7.469060e-01
1705          	OVC	-8.989219e+00	6.568555e-01	-4.994455e+00
1705          	shield_slave	-8.642285e+00	-6.175732e+00	-4.361136e+00
1706          	warmPlate	-8.560780e+00	4.987455e-01	-7.469060e-01
1706          	OVC	-8.989219e+00	6.568555e-01	-4.994455e+00
1706          	shield_slave	-8.642285e+00	-6.175732e+00	-4.361136e+00
1707          	warmPlate	-8.560780e+00	4.987455e-01	-7.469060e-01
1707          	OVC	-8.989219e+00	6.568555e-01	-4.994455e+00
1707          	shield_slave	-8.642285e+00	-6.175732e+00	-4.361136e+00
1708          	warmPlate	-8.560780e+00	4.987455e-01	-7.469060e-01
1708          	OVC	-8.989219e+00	6.568555e-01	-4.994455e+00
1708          	shield_slave	-8.642285e+00	-6.175732e+00	-4.361136e+00
1709          	warmPlate	-8.560780e+00	4.987455e-01	-7.469060e-01
1709          	OVC	-8.989219e+00	6.568555e-01	-4.994455e+00
1709          	shield_slave	-8.642285e+00	-6.175732e+00	-4.361136e+00
1710          	warmPlate	-8.560780e+00	4.987455e-01	-7.469060e-01
1710          	OVC	-8.989219e+00	6.568555e-01	-4.994455e+00
1710          	shield_slave	-8.642285e+00	-6.175732e+00	-4.361136e+00
1711          	warmPlate	-8.560780e+00	4.987455e-01	-7.469060e-01
1711          	OVC	-8.989219e+00	6.568555e-01	-4.994455e+00
1711          	shield_slave	-8.642285e+00	-6.175732e+00	-4.361136e+00
1712          	warmPlate	-8.560780e+00	4.987455e-01	-7.469060e-01
1712          	OVC	-8.989219e+00	6.568555e-01	-4.994455e+00
1712          	shield_slave	-8.642285e+00	-6.175732e+00	-4.361136e+00
1713          	warmPlate	-8.560780e+00	4.987455e-01	-7.469060e-01
1713          	OVC	-8.989219e+00	6.568555e-01	-4.994455e+00
1713          	shield_slave	-8.642285e+00	-6.175732e+00	-4.361136e+00
1714          	warmPlate	-8.560780e+00	4.987455e-01	-7.469060e-01
1714          	OVC	-8.989219e+00	6.568555e-01	-4.994455e+00
1714          	shield_slave	-8.642285e+00	-6.175732e+00	-4.361136e+00
1715          	warmPlate	-8.560780e+00	4.987455e-01	-7.469060e-01
1715          	OVC	-8.989219e+00	6.568555e-01	-4.994455e+00
1715          	shield_slave	-8.642285e+00	-6.175732e+00	-4.361136e+00
1716          	warmPlate	-8.560780e+00	4.987455e-01	-7.469060e-01
1716          	OVC	-8.989219e+00	6.568555e-01	-4.994455e+00
1716          	shield_slave	-8.642285e+00	-6.175732e+00	-4.361136e+00
1717          	warmPlate	-8.560780e+00	4.987455e-01	-7.469060e-01
1717          	OVC	-8.989219e+00	6.568555e-01	-4.994455e+00
1717          	shield_slave	-8.642285e+00	-6.175732e+00	-4.361136e+00
1718          	warmPlate	-8.560780e+00	4.987455e-01	-7.469060e-01
1718          	OVC	-8.989219e+00	6.568555e-01	-4.994455e+00
1718          	shield_slave	-8.642285e+00	-6.175732e+00	-4.361136e+00
1719          	warmPlate	-8.560780e+00	4.987455e-01	-7.469060e-01
1719          	OVC	-8.989219e+00	6.568555e-01	-4.994455e+00
1719          	shield_slave	-8.642285e+00	-6.175732e+00	-4.361136e+00
1720          	warmPlate	-8.560780e+00	4.987455e-01	-7.469060e-01
1720          	OVC	-8.989219e+00	6.568555e-01	-4.994455e+00
1720          	shield_slave	-8.642285e+00	-6.175732e+00	-4.361136e+00
1721          	warmPlate	-8.560780e+00	4.987455e-01	-7.469060e-01
1721          	OVC	-8.989219e+00	6.568555e-01	-4.994455e+00
1721          	shield_slave	-8.642285e+00	-6.175732e+00	-4.361136e+00
1722          	warmPlate	-8.560780e+00	4.987455e-01	-7.469060e-01
1722          	OVC	-8.989219e+00	6.568555e-01	-4.994455e+00
1722          	shield_slave	-8.642285e+00	-6.175732e+00	-4.361136e+00
1723          	warmPlate	-8.560780e+00	4.987455e-01	-7.469060e-01
1723          	OVC	-8.989219e+00	6.568555e-01	-4.994455e+00
1723          	shield_slave	-8.642285e+00	-6.175732e+00	-4.361136e+00
1724          	warmPlate	-8.560780e+00	4.987455e-01	-7.469060e-01
1724          	OVC	-8.989219e+00	6.568555e-01	-4.994455e+00
1724          	shield_slave	-8.642285e+00	-6.175732e+00	-4.361136e+00
1725          	warmPlate	-8.560780e+00	4.987455e-01	-7.469060e-01
1725          	OVC	-8.989219e+00	6.568555e-01	-4.994455e+00
1725          	shield_slave	-8.642285e+00	-6.175732e+00	-4.361136e+00
1726          	warmPlate	-8.560780e+00	4.987455e-01	-7.469060e-01
1726          	OVC	-8.989219e+00	6.568555e-01	-4.994455e+00
1726          	shield_slave	-8.642285e+00	-6.175732e+00	-4.361136e+00
1727          	warmPlate	-8.560780e+00	4.987455e-01	-7.469060e-01
1727          	OVC	-8.989219e+00	6.568555e-01	-4.994455e+00
1727          	shield_slave	-8.642285e+00	-6.175732e+00	-4.361136e+00
1728          	warmPlate	-8.560780e+00	4.987455e-01	-7.469060e-01
1728          	OVC	-8.989219e+00	6.568555e-01	-4.994455e+00
1728          	shield_slave	-8.642285e+00	-6.175732e+00	-4.361136e+00
1729          	warmPlate	-8.560780e+00	4.987455e-01	-7.469060e-01
1729          	OVC	-8.989219e+00	6.568555e-01	-4.994455e+00
1729          	shield_slave	-8.642285e+00	-6.175732e+00	-4.361136e+00
1730          	warmPlate	-8.560780e+00	4.987455e-01	-7.469060e-01
1730          	OVC	-8.989219e+00	6.568555e-01	-4.994455e+00
1730          	shield_slave	-8.642285e+00	-6.175732e+00	-4.361136e+00
1731          	warmPlate	-8.560780e+00	4.987455e-01	-7.469060e-01
1731          	OVC	-8.989219e+00	6.568555e-01	-4.994455e+00
1731          	shield_slave	-8.642285e+00	-6.175732e+00	-4.361136e+00
1732          	warmPlate	-8.560780e+00	4.987455e-01	-7.469060e-01
1732          	OVC	-8.989219e+00	6.568555e-01	-4.994455e+00
1732          	shield_slave	-8.642285e+00	-6.175732e+00	-4.361136e+00
1733          	warmPlate	-8.560780e+00	4.987455e-01	-7.469060e-01
1733          	OVC	-8.989219e+00	6.568555e-01	-4.994455e+00
1733          	shield_slave	-8.642285e+00	-6.175732e+00	-4.361136e+00
1734          	warmPlate	-8.560780e+00	4.987455e-01	-7.469060e-01
1734          	OVC	-8.989219e+00	6.568555e-01	-4.994455e+00
1734          	shield_slave	-8.642285e+00	-6.175732e+00	-4.361136e+00
1735          	warmPlate	-8.560780e+00	4.987455e-01	-7.469060e-01
1735          	OVC	-8.989219e+00	6.568555e-01	-4.994455e+00
1735          	shield_slave	-8.642285e+00	-6.175732e+00	-4.361136e+00
1736          	warmPlate	-8.560780e+00	4.987455e-01	-7.469060e-01
1736          	OVC	-8.989219e+00	6.568555e-01	-4.994455e+00
1736          	shield_slave	-8.642285e+00	-6.175732e+00	-4.361136e+00
1737          	warmPlate	-8.560780e+00	4.987455e-01	-7.469060e-01
1737          	OVC	-8.989219e+00	6.568555e-01	-4.994455e+00
1737          	shield_slave	-8.642285e+00	-6.175732e+00	-4.361136e+00
1738          	warmPlate	-8.560780e+00	4.987455e-01	-7.469060e-01
1738          	OVC	-8.989219e+00	6.568555e-01	-4.994455e+00
1738          	shield_slave	-8.642285e+00	-6.175732e+00	-4.361136e+00
1739          	warmPlate	-8.560780e+00	4.987455e-01	-7.469060e-01
1739          	OVC	-8.989219e+00	6.568555e-01	-4.994455e+00
1739          	shield_slave	-8.642285e+00	-6.175732e+00	-4.361136e+00
1740          	warmPlate	-8.560780e+00	4.987455e-01	-7.469060e-01
1740          	OVC	-8.989219e+00	6.568555e-01	-4.994455e+00
1740          	shield_slave	-8.642285e+00	-6.175732e+00	-4.361136e+00
1741          	warmPlate	-8.560780e+00	4.987455e-01	-7.469060e-01
1741          	OVC	-8.989219e+00	6.568555e-01	-4.994455e+00
1741          	shield_slave	-8.642285e+00	-6.175732e+00	-4.361136e+00
1742          	warmPlate	-8.560780e+00	4.987455e-01	-7.469060e-01
1742          	OVC	-8.989219e+00	6.568555e-01	-4.994455e+00
1742          	shield_slave	-8.642285e+00	-6.175732e+00	-4.361136e+00
1743          	warmPlate	-8.560780e+00	4.987455e-01	-7.469060e-01
1743          	OVC	-8.989219e+00	6.568555e-01	-4.994455e+00
1743          	shield_slave	-8.642285e+00	-6.175732e+00	-4.361136e+00
1744          	warmPlate	-8.560780e+00	4.987455e-01	-7.469060e-01
1744          	OVC	-8.989219e+00	6.568555e-01	-4.994455e+00
1744          	shield_slave	-8.642285e+00	-6.175732e+00	-4.361136e+00
1745          	warmPlate	-8.560780e+00	4.987455e-01	-7.469060e-01
1745          	OVC	-8.989219e+00	6.568555e-01	-4.994455e+00
1745          	shield_slave	-8.642285e+00	-6.175732e+00	-4.361136e+00
1746          	warmPlate	-8.560780e+00	4.987455e-01	-7.469060e-01
1746          	OVC	-8.989219e+00	6.568555e-01	-4.994455e+00
1746          	shield_slave	-8.642285e+00	-6.175732e+00	-4.361136e+00
1747          	warmPlate	-8.560780e+00	4.987455e-01	-7.469060e-01
1747          	OVC	-8.989219e+00	6.568555e-01	-4.994455e+00
1747          	shield_slave	-8.642285e+00	-6.175732e+00	-4.361136e+00
1748          	warmPlate	-8.560780e+00	4.987455e-01	-7.469060e-01
1748          	OVC	-8.989219e+00	6.568555e-01	-4.994455e+00
1748          	shield_slave	-8.642285e+00	-6.175732e+00	-4.361136e+00
1749          	warmPlate	-8.560780e+00	4.987455e-01	-7.469060e-01
1749          	OVC	-8.989219e+00	6.568555e-01	-4.994455e+00
1749          	shield_slave	-8.642285e+00	-6.175732e+00	-4.361136e+00
1750          	warmPlate	-8.560780e+00	4.987455e-01	-7.469060e-01
1750          	OVC	-8.989219e+00	6.568555e-01	-4.994455e+00
1750          	shield_slave	-8.642285e+00	-6.175732e+00	-4.361136e+00
1751          	warmPlate	-8.560780e+00	4.987455e-01	-7.469060e-01
1751          	OVC	-8.989219e+00	6.568555e-01	-4.994455e+00
1751          	shield_slave	-8.642285e+00	-6.175732e+00	-4.361136e+00
1752          	warmPlate	-8.560780e+00	4.987455e-01	-7.469060e-01
1752          	OVC	-8.989219e+00	6.568555e-01	-4.994455e+00
1752          	shield_slave	-8.642285e+00	-6.175732e+00	-4.361136e+00
1753          	warmPlate	-8.560780e+00	4.987455e-01	-7.469060e-01
1753          	OVC	-8.989219e+00	6.568555e-01	-4.994455e+00
1753          	shield_slave	-8.642285e+00	-6.175732e+00	-4.361136e+00
1754          	warmPlate	-8.560780e+00	4.987455e-01	-7.469060e-01
1754          	OVC	-8.989219e+00	6.568555e-01	-4.994455e+00
1754          	shield_slave	-8.642285e+00	-6.175732e+00	-4.361136e+00
1755          	warmPlate	-8.560780e+00	4.987455e-01	-7.469060e-01
1755          	OVC	-8.989219e+00	6.568555e-01	-4.994455e+00
1755          	shield_slave	-8.642285e+00	-6.175732e+00	-4.361136e+00
1756          	warmPlate	-8.560780e+00	4.987455e-01	-7.469060e-01
1756          	OVC	-8.989219e+00	6.568555e-01	-4.994455e+00
1756          	shield_slave	-8.642285e+00	-6.175732e+00	-4.361136e+00
1757          	warmPlate	-8.560780e+00	4.987455e-01	-7.469060e-01
1757          	OVC	-8.989219e+00	6.568555e-01	-4.994455e+00
1757          	shield_slave	-8.642285e+00	-6.175732e+00	-4.361136e+00
1758          	warmPlate	-8.560780e+00	4.987455e-01	-7.469060e-01
1758          	OVC	-8.989219e+00	6.568555e-01	-4.994455e+00
1758          	shield_slave	-8.642285e+00	-6.175732e+00	-4.361136e+00
1759          	warmPlate	-8.560780e+00	4.987455e-01	-7.469060e-01
1759          	OVC	-8.989219e+00	6.568555e-01	-4.994455e+00
1759          	shield_slave	-8.642285e+00	-6.175732e+00	-4.361136e+00
1760          	warmPlate	-8.560780e+00	4.987455e-01	-7.469060e-01
1760          	OVC	-8.989219e+00	6.568555e-01	-4.994455e+00
1760          	shield_slave	-8.642285e+00	-6.175732e+00	-4.361136e+00
1761          	warmPlate	-8.560780e+00	4.987455e-01	-7.469060e-01
1761          	OVC	-8.989219e+00	6.568555e-01	-4.994455e+00
1761          	shield_slave	-8.642285e+00	-6.175732e+00	-4.361136e+00
1762          	warmPlate	-8.560780e+00	4.987455e-01	-7.469060e-01
1762          	OVC	-8.989219e+00	6.568555e-01	-4.994455e+00
1762          	shield_slave	-8.642285e+00	-6.175732e+00	-4.361136e+00
1763          	warmPlate	-8.560780e+00	4.987455e-01	-7.469060e-01
1763          	OVC	-8.989219e+00	6.568555e-01	-4.994455e+00
1763          	shield_slave	-8.642285e+00	-6.175732e+00	-4.361136e+00
1764          	warmPlate	-8.560780e+00	4.987455e-01	-7.469060e-01
1764          	OVC	-8.989219e+00	6.568555e-01	-4.994455e+00
1764          	shield_slave	-8.642285e+00	-6.175732e+00	-4.361136e+00
1765          	warmPlate	-8.560780e+00	4.987455e-01	-7.469060e-01
1765          	OVC	-8.989219e+00	6.568555e-01	-4.994455e+00
1765          	shield_slave	-8.642285e+00	-6.175732e+00	-4.361136e+00
1766          	warmPlate	-8.560780e+00	4.987455e-01	-7.469060e-01
1766          	OVC	-8.989219e+00	6.568555e-01	-4.994455e+00
1766          	shield_slave	-8.642285e+00	-6.175732e+00	-4.361136e+00
1767          	warmPlate	-8.560780e+00	4.987455e-01	-7.469060e-01
1767          	OVC	-8.989219e+00	6.568555e-01	-4.994455e+00
1767          	shield_slave	-8.642285e+00	-6.175732e+00	-4.361136e+00
1768          	warmPlate	-8.560780e+00	4.987455e-01	-7.469060e-01
1768          	OVC	-8.989219e+00	6.568555e-01	-4.994455e+00
1768          	shield_slave	-8.642285e+00	-6.175732e+00	-4.361136e+00
1769          	warmPlate	-8.560780e+00	4.987455e-01	-7.469060e-01
1769          	OVC	-8.989219e+00	6.568555e-01	-4.994455e+00
1769          	shield_slave	-8.642285e+00	-6.175732e+00	-4.361136e+00
1770          	warmPlate	-8.560780e+00	4.987455e-01	-7.469060e-01
1770          	OVC	-8.989219e+00	6.568555e-01	-4.994455e+00
1770          	shield_slave	-8.642285e+00	-6.175732e+00	-4.361136e+00
1771          	warmPlate	-8.560780e+00	4.987455e-01	-7.469060e-01
1771          	OVC	-8.989219e+00	6.568555e-01	-4.994455e+00
1771          	shield_slave	-8.642285e+00	-6.175732e+00	-4.361136e+00
1772          	warmPlate	-8.560780e+00	4.987455e-01	-7.469060e-01
1772          	OVC	-8.989219e+00	6.568555e-01	-4.994455e+00
1772          	shield_slave	-8.642285e+00	-6.175732e+00	-4.361136e+00
1773          	warmPlate	-8.560780e+00	4.987455e-01	-7.469060e-01
1773          	OVC	-8.989219e+00	6.568555e-01	-4.994455e+00
1773          	shield_slave	-8.642285e+00	-6.175732e+00	-4.361136e+00
1774          	warmPlate	-8.560780e+00	4.987455e-01	-7.469060e-01
1774          	OVC	-8.989219e+00	6.568555e-01	-4.994455e+00
1774          	shield_slave	-8.642285e+00	-6.175732e+00	-4.361136e+00
1775          	warmPlate	-8.560780e+00	4.987455e-01	-7.469060e-01
1775          	OVC	-8.989219e+00	6.568555e-01	-4.994455e+00
1775          	shield_slave	-8.642285e+00	-6.175732e+00	-4.361136e+00
1776          	warmPlate	-8.560780e+00	4.987455e-01	-7.469060e-01
1776          	OVC	-8.989219e+00	6.568555e-01	-4.994455e+00
1776          	shield_slave	-8.642285e+00	-6.175732e+00	-4.361136e+00
1777          	warmPlate	-8.560780e+00	4.987455e-01	-7.469060e-01
1777          	OVC	-8.989219e+00	6.568555e-01	-4.994455e+00
1777          	shield_slave	-8.642285e+00	-6.175732e+00	-4.361136e+00
1778          	warmPlate	-8.560780e+00	4.987455e-01	-7.469060e-01
1778          	OVC	-8.989219e+00	6.568555e-01	-4.994455e+00
1778          	shield_slave	-8.642285e+00	-6.175732e+00	-4.361136e+00
1779          	warmPlate	-8.560780e+00	4.987455e-01	-7.469060e-01
1779          	OVC	-8.989219e+00	6.568555e-01	-4.994455e+00
1779          	shield_slave	-8.642285e+00	-6.175732e+00	-4.361136e+00
1780          	warmPlate	-8.560780e+00	4.987455e-01	-7.469060e-01
1780          	OVC	-8.989219e+00	6.568555e-01	-4.994455e+00
1780          	shield_slave	-8.642285e+00	-6.175732e+00	-4.361136e+00
1781          	warmPlate	-8.560780e+00	4.987455e-01	-7.469060e-01
1781          	OVC	-8.989219e+00	6.568555e-01	-4.994455e+00
1781          	shield_slave	-8.642285e+00	-6.175732e+00	-4.361136e+00
1782          	warmPlate	-8.560780e+00	4.987455e-01	-7.469060e-01
1782          	OVC	-8.989219e+00	6.568555e-01	-4.994455e+00
1782          	shield_slave	-8.642285e+00	-6.175732e+00	-4.361136e+00
1783          	warmPlate	-8.560780e+00	4.987455e-01	-7.469060e-01
1783          	OVC	-8.989219e+00	6.568555e-01	-4.994455e+00
1783          	shield_slave	-8.642285e+00	-6.175732e+00	-4.361136e+00
1784          	warmPlate	-8.560780e+00	4.987455e-01	-7.469060e-01
1784          	OVC	-8.989219e+00	6.568555e-01	-4.994455e+00
1784          	shield_slave	-8.642285e+00	-6.175732e+00	-4.361136e+00
1785          	warmPlate	-8.560780e+00	4.987455e-01	-7.469060e-01
1785          	OVC	-8.989219e+00	6.568555e-01	-4.994455e+00
1785          	shield_slave	-8.642285e+00	-6.175732e+00	-4.361136e+00
1786          	warmPlate	-8.560780e+00	4.987455e-01	-7.469060e-01
1786          	OVC	-8.989219e+00	6.568555e-01	-4.994455e+00
1786          	shield_slave	-8.642285e+00	-6.175732e+00	-4.361136e+00
1787          	warmPlate	-8.560780e+00	4.987455e-01	-7.469060e-01
1787          	OVC	-8.989219e+00	6.568555e-01	-4.994455e+00
1787          	shield_slave	-8.642285e+00	-6.175732e+00	-4.361136e+00
1788          	warmPlate	-8.560780e+00	4.987455e-01	-7.469060e-01
1788          	OVC	-8.989219e+00	6.568555e-01	-4.994455e+00
1788          	shield_slave	-8.642285e+00	-6.175732e+00	-4.361136e+00
1789          	warmPlate	-8.560780e+00	4.987455e-01	-7.469060e-01
1789          	OVC	-8.989219e+00	6.568555e-01	-4.994455e+00
1789          	shield_slave	-8.642285e+00	-6.175732e+00	-4.361136e+00
1790          	warmPlate	-8.560780e+00	4.987455e-01	-7.469060e-01
1790          	OVC	-8.989219e+00	6.568555e-01	-4.994455e+00
1790          	shield_slave	-8.642285e+00	-6.175732e+00	-4.361136e+00
1791          	warmPlate	-8.560780e+00	4.987455e-01	-7.469060e-01
1791          	OVC	-8.989219e+00	6.568555e-01	-4.994455e+00
1791          	shield_slave	-8.642285e+00	-6.175732e+00	-4.361136e+00
1792          	warmPlate	-8.560780e+00	4.987455e-01	-7.469060e-01
1792          	OVC	-8.989219e+00	6.568555e-01	-4.994455e+00
1792          	shield_slave	-8.642285e+00	-6.175732e+00	-4.361136e+00
1793          	warmPlate	-8.560780e+00	4.987455e-01	-7.469060e-01
1793          	OVC	-8.989219e+00	6.568555e-01	-4.994455e+00
1793          	shield_slave	-8.642285e+00	-6.175732e+00	-4.361136e+00
1794          	warmPlate	-8.560780e+00	4.987455e-01	-7.469060e-01
1794          	OVC	-8.989219e+00	6.568555e-01	-4.994455e+00
1794          	shield_slave	-8.642285e+00	-6.175732e+00	-4.361136e+00
1795          	warmPlate	-8.560780e+00	4.987455e-01	-7.469060e-01
1795          	OVC	-8.989219e+00	6.568555e-01	-4.994455e+00
1795          	shield_slave	-8.642285e+00	-6.175732e+00	-4.361136e+00
1796          	warmPlate	-8.560780e+00	4.987455e-01	-7.469060e-01
1796          	OVC	-8.989219e+00	6.568555e-01	-4.994455e+00
1796          	shield_slave	-8.642285e+00	-6.175732e+00	-4.361136e+00
1797          	warmPlate	-8.560780e+00	4.987455e-01	-7.469060e-01
1797          	OVC	-8.989219e+00	6.568555e-01	-4.994455e+00
1797          	shield_slave	-8.642285e+00	-6.175732e+00	-4.361136e+00
1798          	warmPlate	-8.560780e+00	4.987455e-01	-7.469060e-01
1798          	OVC	-8.989219e+00	6.568555e-01	-4.994455e+00
1798          	shield_slave	-8.642285e+00	-6.175732e+00	-4.361136e+00
1799          	warmPlate	-8.560780e+00	4.987455e-01	-7.469060e-01
1799          	OVC	-8.989219e+00	6.568555e-01	-4.994455e+00
1799          	shield_slave	-8.642285e+00	-6.175732e+00	-4.361136e+00
1800          	warmPlate	-8.560780e+00	4.987455e-01	-7.469060e-01
1800          	OVC	-8.989219e+00	6.568555e-01	-4.994455e+00
1800          	shield_slave	-8.642285e+00	-6.175732e+00	-4.361136e+00
1801          	warmPlate	-8.560780e+00	4.987455e-01	-7.469060e-01
1801          	OVC	-8.989219e+00	6.568555e-01	-4.994455e+00
1801          	shield_slave	-8.642285e+00	-6.175732e+00	-4.361136e+00
1802          	warmPlate	-8.560780e+00	4.987455e-01	-7.469060e-01
1802          	OVC	-8.989219e+00	6.568555e-01	-4.994455e+00
1802          	shield_slave	-8.642285e+00	-6.175732e+00	-4.361136e+00
1803          	warmPlate	-8.560780e+00	4.987455e-01	-7.469060e-01
1803          	OVC	-8.989219e+00	6.568555e-01	-4.994455e+00
1803          	shield_slave	-8.642285e+00	-6.175732e+00	-4.361136e+00
1804          	warmPlate	-8.560780e+00	4.987455e-01	-7.469060e-01
1804          	OVC	-8.989219e+00	6.568555e-01	-4.994455e+00
1804          	shield_slave	-8.642285e+00	-6.175732e+00	-4.361136e+00
1805          	warmPlate	-8.560780e+00	4.987455e-01	-7.469060e-01
1805          	OVC	-8.989219e+00	6.568555e-01	-4.994455e+00
1805          	shield_slave	-8.642285e+00	-6.175732e+00	-4.361136e+00
1806          	warmPlate	-8.560780e+00	4.987455e-01	-7.469060e-01
1806          	OVC	-8.989219e+00	6.568555e-01	-4.994455e+00
1806          	shield_slave	-8.642285e+00	-6.175732e+00	-4.361136e+00
1807          	warmPlate	-8.560780e+00	4.987455e-01	-7.469060e-01
1807          	OVC	-8.989219e+00	6.568555e-01	-4.994455e+00
1807          	shield_slave	-8.642285e+00	-6.175732e+00	-4.361136e+00
1808          	warmPlate	-8.560780e+00	4.987455e-01	-7.469060e-01
1808          	OVC	-8.989219e+00	6.568555e-01	-4.994455e+00
1808          	shield_slave	-8.642285e+00	-6.175732e+00	-4.361136e+00
1809          	warmPlate	-8.560780e+00	4.987455e-01	-7.469060e-01
1809          	OVC	-8.989219e+00	6.568555e-01	-4.994455e+00
1809          	shield_slave	-8.642285e+00	-6.175732e+00	-4.361136e+00
1810          	warmPlate	-8.560780e+00	4.987455e-01	-7.469060e-01
1810          	OVC	-8.989219e+00	6.568555e-01	-4.994455e+00
1810          	shield_slave	-8.642285e+00	-6.175732e+00	-4.361136e+00
1811          	warmPlate	-8.560780e+00	4.987455e-01	-7.469060e-01
1811          	OVC	-8.989219e+00	6.568555e-01	-4.994455e+00
1811          	shield_slave	-8.642285e+00	-6.175732e+00	-4.361136e+00
1812          	warmPlate	-8.560780e+00	4.987455e-01	-7.469060e-01
1812          	OVC	-8.989219e+00	6.568555e-01	-4.994455e+00
1812          	shield_slave	-8.642285e+00	-6.175732e+00	-4.361136e+00
1813          	warmPlate	-8.560780e+00	4.987455e-01	-7.469060e-01
1813          	OVC	-8.989219e+00	6.568555e-01	-4.994455e+00
1813          	shield_slave	-8.642285e+00	-6.175732e+00	-4.361136e+00
1814          	warmPlate	-8.560780e+00	4.987455e-01	-7.469060e-01
1814          	OVC	-8.989219e+00	6.568555e-01	-4.994455e+00
1814          	shield_slave	-8.642285e+00	-6.175732e+00	-4.361136e+00
1815          	warmPlate	-8.560780e+00	4.987455e-01	-7.469060e-01
1815          	OVC	-8.989219e+00	6.568555e-01	-4.994455e+00
1815          	shield_slave	-8.642285e+00	-6.175732e+00	-4.361136e+00
1816          	warmPlate	-8.560780e+00	4.987455e-01	-7.469060e-01
1816          	OVC	-8.989219e+00	6.568555e-01	-4.994455e+00
1816          	shield_slave	-8.642285e+00	-6.175732e+00	-4.361136e+00
1817          	warmPlate	-8.560780e+00	4.987455e-01	-7.469060e-01
1817          	OVC	-8.989219e+00	6.568555e-01	-4.994455e+00
1817          	shield_slave	-8.642285e+00	-6.175732e+00	-4.361136e+00
1818          	warmPlate	-8.560780e+00	4.987455e-01	-7.469060e-01
1818          	OVC	-8.989219e+00	6.568555e-01	-4.994455e+00
1818          	shield_slave	-8.642285e+00	-6.175732e+00	-4.361136e+00
1819          	warmPlate	-8.560780e+00	4.987455e-01	-7.469060e-01
1819          	OVC	-8.989219e+00	6.568555e-01	-4.994455e+00
1819          	shield_slave	-8.642285e+00	-6.175732e+00	-4.361136e+00
1820          	warmPlate	-8.560780e+00	4.987455e-01	-7.469060e-01
1820          	OVC	-8.989219e+00	6.568555e-01	-4.994455e+00
1820          	shield_slave	-8.642285e+00	-6.175732e+00	-4.361136e+00
1821          	warmPlate	-8.560780e+00	4.987455e-01	-7.469060e-01
1821          	OVC	-8.989219e+00	6.568555e-01	-4.994455e+00
1821          	shield_slave	-8.642285e+00	-6.175732e+00	-4.361136e+00
1822          	warmPlate	-8.560780e+00	4.987455e-01	-7.469060e-01
1822          	OVC	-8.989219e+00	6.568555e-01	-4.994455e+00
1822          	shield_slave	-8.642285e+00	-6.175732e+00	-4.361136e+00
1823          	warmPlate	-8.560780e+00	4.987455e-01	-7.469060e-01
1823          	OVC	-8.989219e+00	6.568555e-01	-4.994455e+00
1823          	shield_slave	-8.642285e+00	-6.175732e+00	-4.361136e+00
1824          	warmPlate	-8.560780e+00	4.987455e-01	-7.469060e-01
1824          	OVC	-8.989219e+00	6.568555e-01	-4.994455e+00
1824          	shield_slave	-8.642285e+00	-6.175732e+00	-4.361136e+00
1825          	warmPlate	-8.560780e+00	4.987455e-01	-7.469060e-01
1825          	OVC	-8.989219e+00	6.568555e-01	-4.994455e+00
1825          	shield_slave	-8.642285e+00	-6.175732e+00	-4.361136e+00
1826          	warmPlate	-8.560780e+00	4.987455e-01	-7.469060e-01
1826          	OVC	-8.989219e+00	6.568555e-01	-4.994455e+00
1826          	shield_slave	-8.642285e+00	-6.175732e+00	-4.361136e+00
1827          	warmPlate	-8.560780e+00	4.987455e-01	-7.469060e-01
1827          	OVC	-8.989219e+00	6.568555e-01	-4.994455e+00
1827          	shield_slave	-8.642285e+00	-6.175732e+00	-4.361136e+00
1828          	warmPlate	-8.560780e+00	4.987455e-01	-7.469060e-01
1828          	OVC	-8.989219e+00	6.568555e-01	-4.994455e+00
1828          	shield_slave	-8.642285e+00	-6.175732e+00	-4.361136e+00
1829          	warmPlate	-8.560780e+00	4.987455e-01	-7.469060e-01
1829          	OVC	-8.989219e+00	6.568555e-01	-4.994455e+00
1829          	shield_slave	-8.642285e+00	-6.175732e+00	-4.361136e+00
1830          	warmPlate	-8.560780e+00	4.987455e-01	-7.469060e-01
1830          	OVC	-8.989219e+00	6.568555e-01	-4.994455e+00
1830          	shield_slave	-8.642285e+00	-6.175732e+00	-4.361136e+00
1831          	warmPlate	-8.560780e+00	4.987455e-01	-7.469060e-01
1831          	OVC	-8.989219e+00	6.568555e-01	-4.994455e+00
1831          	shield_slave	-8.642285e+00	-6.175732e+00	-4.361136e+00
1832          	warmPlate	-8.560780e+00	4.987455e-01	-7.469060e-01
1832          	OVC	-8.989219e+00	6.568555e-01	-4.994455e+00
1832          	shield_slave	-8.642285e+00	-6.175732e+00	-4.361136e+00
1833          	warmPlate	-8.560780e+00	4.987455e-01	-7.469060e-01
1833          	OVC	-8.989219e+00	6.568555e-01	-4.994455e+00
1833          	shield_slave	-8.642285e+00	-6.175732e+00	-4.361136e+00
1834          	warmPlate	-8.560780e+00	4.987455e-01	-7.469060e-01
1834          	OVC	-8.989219e+00	6.568555e-01	-4.994455e+00
1834          	shield_slave	-8.642285e+00	-6.175732e+00	-4.361136e+00
1835          	warmPlate	-8.560780e+00	4.987455e-01	-7.469060e-01
1835          	OVC	-8.989219e+00	6.568555e-01	-4.994455e+00
1835          	shield_slave	-8.642285e+00	-6.175732e+00	-4.361136e+00
1836          	warmPlate	-8.560780e+00	4.987455e-01	-7.469060e-01
1836          	OVC	-8.989219e+00	6.568555e-01	-4.994455e+00
1836          	shield_slave	-8.642285e+00	-6.175732e+00	-4.361136e+00
1837          	warmPlate	-8.560780e+00	4.987455e-01	-7.469060e-01
1837          	OVC	-8.989219e+00	6.568555e-01	-4.994455e+00
1837          	shield_slave	-8.642285e+00	-6.175732e+00	-4.361136e+00
1838          	warmPlate	-8.560780e+00	4.987455e-01	-7.469060e-01
1838          	OVC	-8.989219e+00	6.568555e-01	-4.994455e+00
1838          	shield_slave	-8.642285e+00	-6.175732e+00	-4.361136e+00
1839          	warmPlate	-8.560780e+00	4.987455e-01	-7.469060e-01
1839          	OVC	-8.989219e+00	6.568555e-01	-4.994455e+00
1839          	shield_slave	-8.642285e+00	-6.175732e+00	-4.361136e+00
1840          	warmPlate	-8.560780e+00	4.987455e-01	-7.469060e-01
1840          	OVC	-8.989219e+00	6.568555e-01	-4.994455e+00
1840          	shield_slave	-8.642285e+00	-6.175732e+00	-4.361136e+00
1841          	warmPlate	-8.560780e+00	4.987455e-01	-7.469060e-01
1841          	OVC	-8.989219e+00	6.568555e-01	-4.994455e+00
1841          	shield_slave	-8.642285e+00	-6.175732e+00	-4.361136e+00
1842          	warmPlate	-8.560780e+00	4.987455e-01	-7.469060e-01
1842          	OVC	-8.989219e+00	6.568555e-01	-4.994455e+00
1842          	shield_slave	-8.642285e+00	-6.175732e+00	-4.361136e+00
1843          	warmPlate	-8.560780e+00	4.987455e-01	-7.469060e-01
1843          	OVC	-8.989219e+00	6.568555e-01	-4.994455e+00
1843          	shield_slave	-8.642285e+00	-6.175732e+00	-4.361136e+00
1844          	warmPlate	-8.560780e+00	4.987455e-01	-7.469060e-01
1844          	OVC	-8.989219e+00	6.568555e-01	-4.994455e+00
1844          	shield_slave	-8.642285e+00	-6.175732e+00	-4.361136e+00
1845          	warmPlate	-8.560780e+00	4.987455e-01	-7.469060e-01
1845          	OVC	-8.989219e+00	6.568555e-01	-4.994455e+00
1845          	shield_slave	-8.642285e+00	-6.175732e+00	-4.361136e+00
1846          	warmPlate	-8.560780e+00	4.987455e-01	-7.469060e-01
1846          	OVC	-8.989219e+00	6.568555e-01	-4.994455e+00
1846          	shield_slave	-8.642285e+00	-6.175732e+00	-4.361136e+00
1847          	warmPlate	-8.560780e+00	4.987455e-01	-7.469060e-01
1847          	OVC	-8.989219e+00	6.568555e-01	-4.994455e+00
1847          	shield_slave	-8.642285e+00	-6.175732e+00	-4.361136e+00
1848          	warmPlate	-8.560780e+00	4.987455e-01	-7.469060e-01
1848          	OVC	-8.989219e+00	6.568555e-01	-4.994455e+00
1848          	shield_slave	-8.642285e+00	-6.175732e+00	-4.361136e+00
1849          	warmPlate	-8.560780e+00	4.987455e-01	-7.469060e-01
1849          	OVC	-8.989219e+00	6.568555e-01	-4.994455e+00
1849          	shield_slave	-8.642285e+00	-6.175732e+00	-4.361136e+00
1850          	warmPlate	-8.560780e+00	4.987455e-01	-7.469060e-01
1850          	OVC	-8.989219e+00	6.568555e-01	-4.994455e+00
1850          	shield_slave	-8.642285e+00	-6.175732e+00	-4.361136e+00
1851          	warmPlate	-8.560780e+00	4.987455e-01	-7.469060e-01
1851          	OVC	-8.989219e+00	6.568555e-01	-4.994455e+00
1851          	shield_slave	-8.642285e+00	-6.175732e+00	-4.361136e+00
1852          	warmPlate	-8.560780e+00	4.987455e-01	-7.469060e-01
1852          	OVC	-8.989219e+00	6.568555e-01	-4.994455e+00
1852          	shield_slave	-8.642285e+00	-6.175732e+00	-4.361136e+00
1853          	warmPlate	-8.560780e+00	4.987455e-01	-7.469060e-01
1853          	OVC	-8.989219e+00	6.568555e-01	-4.994455e+00
1853          	shield_slave	-8.642285e+00	-6.175732e+00	-4.361136e+00
1854          	warmPlate	-8.560780e+00	4.987455e-01	-7.469060e-01
1854          	OVC	-8.989219e+00	6.568555e-01	-4.994455e+00
1854          	shield_slave	-8.642285e+00	-6.175732e+00	-4.361136e+00
1855          	warmPlate	-8.560780e+00	4.987455e-01	-7.469060e-01
1855          	OVC	-8.989219e+00	6.568555e-01	-4.994455e+00
1855          	shield_slave	-8.642285e+00	-6.175732e+00	-4.361136e+00
1856          	warmPlate	-8.560780e+00	4.987455e-01	-7.469060e-01
1856          	OVC	-8.989219e+00	6.568555e-01	-4.994455e+00
1856          	shield_slave	-8.642285e+00	-6.175732e+00	-4.361136e+00
1857          	warmPlate	-8.560780e+00	4.987455e-01	-7.469060e-01
1857          	OVC	-8.989219e+00	6.568555e-01	-4.994455e+00
1857          	shield_slave	-8.642285e+00	-6.175732e+00	-4.361136e+00
1858          	warmPlate	-8.560780e+00	4.987455e-01	-7.469060e-01
1858          	OVC	-8.989219e+00	6.568555e-01	-4.994455e+00
1858          	shield_slave	-8.642285e+00	-6.175732e+00	-4.361136e+00
1859          	warmPlate	-8.560780e+00	4.987455e-01	-7.469060e-01
1859          	OVC	-8.989219e+00	6.568555e-01	-4.994455e+00
1859          	shield_slave	-8.642285e+00	-6.175732e+00	-4.361136e+00
1860          	warmPlate	-8.560780e+00	4.987455e-01	-7.469060e-01
1860          	OVC	-8.989219e+00	6.568555e-01	-4.994455e+00
1860          	shield_slave	-8.642285e+00	-6.175732e+00	-4.361136e+00
1861          	warmPlate	-8.560780e+00	4.987455e-01	-7.469060e-01
1861          	OVC	-8.989219e+00	6.568555e-01	-4.994455e+00
1861          	shield_slave	-8.642285e+00	-6.175732e+00	-4.361136e+00
1862          	warmPlate	-8.560780e+00	4.987455e-01	-7.469060e-01
1862          	OVC	-8.989219e+00	6.568555e-01	-4.994455e+00
1862          	shield_slave	-8.642285e+00	-6.175732e+00	-4.361136e+00
1863          	warmPlate	-8.560780e+00	4.987455e-01	-7.469060e-01
1863          	OVC	-8.989219e+00	6.568555e-01	-4.994455e+00
1863          	shield_slave	-8.642285e+00	-6.175732e+00	-4.361136e+00
1864          	warmPlate	-8.560780e+00	4.987455e-01	-7.469060e-01
1864          	OVC	-8.989219e+00	6.568555e-01	-4.994455e+00
1864          	shield_slave	-8.642285e+00	-6.175732e+00	-4.361136e+00
1865          	warmPlate	-8.560780e+00	4.987455e-01	-7.469060e-01
1865          	OVC	-8.989219e+00	6.568555e-01	-4.994455e+00
1865          	shield_slave	-8.642285e+00	-6.175732e+00	-4.361136e+00
1866          	warmPlate	-8.560780e+00	4.987455e-01	-7.469060e-01
1866          	OVC	-8.989219e+00	6.568555e-01	-4.994455e+00
1866          	shield_slave	-8.642285e+00	-6.175732e+00	-4.361136e+00
1867          	warmPlate	-8.560780e+00	4.987455e-01	-7.469060e-01
1867          	OVC	-8.989219e+00	6.568555e-01	-4.994455e+00
1867          	shield_slave	-8.642285e+00	-6.175732e+00	-4.361136e+00
1868          	warmPlate	-8.560780e+00	4.987455e-01	-7.469060e-01
1868          	OVC	-8.989219e+00	6.568555e-01	-4.994455e+00
1868          	shield_slave	-8.642285e+00	-6.175732e+00	-4.361136e+00
1869          	warmPlate	-8.560780e+00	4.987455e-01	-7.469060e-01
1869          	OVC	-8.989219e+00	6.568555e-01	-4.994455e+00
1869          	shield_slave	-8.642285e+00	-6.175732e+00	-4.361136e+00
1870          	warmPlate	-8.560780e+00	4.987455e-01	-7.469060e-01
1870          	OVC	-8.989219e+00	6.568555e-01	-4.994455e+00
1870          	shield_slave	-8.642285e+00	-6.175732e+00	-4.361136e+00
1871          	warmPlate	-8.560780e+00	4.987455e-01	-7.469060e-01
1871          	OVC	-8.989219e+00	6.568555e-01	-4.994455e+00
1871          	shield_slave	-8.642285e+00	-6.175732e+00	-4.361136e+00
1872          	warmPlate	-8.560780e+00	4.987455e-01	-7.469060e-01
1872          	OVC	-8.989219e+00	6.568555e-01	-4.994455e+00
1872          	shield_slave	-8.642285e+00	-6.175732e+00	-4.361136e+00
1873          	warmPlate	-8.560780e+00	4.987455e-01	-7.469060e-01
1873          	OVC	-8.989219e+00	6.568555e-01	-4.994455e+00
1873          	shield_slave	-8.642285e+00	-6.175732e+00	-4.361136e+00
1874          	warmPlate	-8.560780e+00	4.987455e-01	-7.469060e-01
1874          	OVC	-8.989219e+00	6.568555e-01	-4.994455e+00
1874          	shield_slave	-8.642285e+00	-6.175732e+00	-4.361136e+00
1875          	warmPlate	-8.560780e+00	4.987455e-01	-7.469060e-01
1875          	OVC	-8.989219e+00	6.568555e-01	-4.994455e+00
1875          	shield_slave	-8.642285e+00	-6.175732e+00	-4.361136e+00
1876          	warmPlate	-8.560780e+00	4.987455e-01	-7.469060e-01
1876          	OVC	-8.989219e+00	6.568555e-01	-4.994455e+00
1876          	shield_slave	-8.642285e+00	-6.175732e+00	-4.361136e+00
1877          	warmPlate	-8.560780e+00	4.987455e-01	-7.469060e-01
1877          	OVC	-8.989219e+00	6.568555e-01	-4.994455e+00
1877          	shield_slave	-8.642285e+00	-6.175732e+00	-4.361136e+00
1878          	warmPlate	-8.560780e+00	4.987455e-01	-7.469060e-01
1878          	OVC	-8.989219e+00	6.568555e-01	-4.994455e+00
1878          	shield_slave	-8.642285e+00	-6.175732e+00	-4.361136e+00
1879          	warmPlate	-8.560780e+00	4.987455e-01	-7.469060e-01
1879          	OVC	-8.989219e+00	6.568555e-01	-4.994455e+00
1879          	shield_slave	-8.642285e+00	-6.175732e+00	-4.361136e+00
1880          	warmPlate	-8.560780e+00	4.987455e-01	-7.469060e-01
1880          	OVC	-8.989219e+00	6.568555e-01	-4.994455e+00
1880          	shield_slave	-8.642285e+00	-6.175732e+00	-4.361136e+00
1881          	warmPlate	-8.560780e+00	4.987455e-01	-7.469060e-01
1881          	OVC	-8.989219e+00	6.568555e-01	-4.994455e+00
1881          	shield_slave	-8.642285e+00	-6.175732e+00	-4.361136e+00
1882          	warmPlate	-8.560780e+00	4.987455e-01	-7.469060e-01
1882          	OVC	-8.989219e+00	6.568555e-01	-4.994455e+00
1882          	shield_slave	-8.642285e+00	-6.175732e+00	-4.361136e+00
1883          	warmPlate	-8.560780e+00	4.987455e-01	-7.469060e-01
1883          	OVC	-8.989219e+00	6.568555e-01	-4.994455e+00
1883          	shield_slave	-8.642285e+00	-6.175732e+00	-4.361136e+00
1884          	warmPlate	-8.560780e+00	4.987455e-01	-7.469060e-01
1884          	OVC	-8.989219e+00	6.568555e-01	-4.994455e+00
1884          	shield_slave	-8.642285e+00	-6.175732e+00	-4.361136e+00
1885          	warmPlate	-8.560780e+00	4.987455e-01	-7.469060e-01
1885          	OVC	-8.989219e+00	6.568555e-01	-4.994455e+00
1885          	shield_slave	-8.642285e+00	-6.175732e+00	-4.361136e+00
1886          	warmPlate	-8.560780e+00	4.987455e-01	-7.469060e-01
1886          	OVC	-8.989219e+00	6.568555e-01	-4.994455e+00
1886          	shield_slave	-8.642285e+00	-6.175732e+00	-4.361136e+00
1887          	warmPlate	-8.560780e+00	4.987455e-01	-7.469060e-01
1887          	OVC	-8.989219e+00	6.568555e-01	-4.994455e+00
1887          	shield_slave	-8.642285e+00	-6.175732e+00	-4.361136e+00
1888          	warmPlate	-8.560780e+00	4.987455e-01	-7.469060e-01
1888          	OVC	-8.989219e+00	6.568555e-01	-4.994455e+00
1888          	shield_slave	-8.642285e+00	-6.175732e+00	-4.361136e+00
1889          	warmPlate	-8.560780e+00	4.987455e-01	-7.469060e-01
1889          	OVC	-8.989219e+00	6.568555e-01	-4.994455e+00
1889          	shield_slave	-8.642285e+00	-6.175732e+00	-4.361136e+00
1890          	warmPlate	-8.560780e+00	4.987455e-01	-7.469060e-01
1890          	OVC	-8.989219e+00	6.568555e-01	-4.994455e+00
1890          	shield_slave	-8.642285e+00	-6.175732e+00	-4.361136e+00
1891          	warmPlate	-8.560780e+00	4.987455e-01	-7.469060e-01
1891          	OVC	-8.989219e+00	6.568555e-01	-4.994455e+00
1891          	shield_slave	-8.642285e+00	-6.175732e+00	-4.361136e+00
1892          	warmPlate	-8.560780e+00	4.987455e-01	-7.469060e-01
1892          	OVC	-8.989219e+00	6.568555e-01	-4.994455e+00
1892          	shield_slave	-8.642285e+00	-6.175732e+00	-4.361136e+00
1893          	warmPlate	-8.560780e+00	4.987455e-01	-7.469060e-01
1893          	OVC	-8.989219e+00	6.568555e-01	-4.994455e+00
1893          	shield_slave	-8.642285e+00	-6.175732e+00	-4.361136e+00
1894          	warmPlate	-8.560780e+00	4.987455e-01	-7.469060e-01
1894          	OVC	-8.989219e+00	6.568555e-01	-4.994455e+00
1894          	shield_slave	-8.642285e+00	-6.175732e+00	-4.361136e+00
1895          	warmPlate	-8.560780e+00	4.987455e-01	-7.469060e-01
1895          	OVC	-8.989219e+00	6.568555e-01	-4.994455e+00
1895          	shield_slave	-8.642285e+00	-6.175732e+00	-4.361136e+00
1896          	warmPlate	-8.560780e+00	4.987455e-01	-7.469060e-01
1896          	OVC	-8.989219e+00	6.568555e-01	-4.994455e+00
1896          	shield_slave	-8.642285e+00	-6.175732e+00	-4.361136e+00
1897          	warmPlate	-8.560780e+00	4.987455e-01	-7.469060e-01
1897          	OVC	-8.989219e+00	6.568555e-01	-4.994455e+00
1897          	shield_slave	-8.642285e+00	-6.175732e+00	-4.361136e+00
1898          	warmPlate	-8.560780e+00	4.987455e-01	-7.469060e-01
1898          	OVC	-8.989219e+00	6.568555e-01	-4.994455e+00
1898          	shield_slave	-8.642285e+00	-6.175732e+00	-4.361136e+00
1899          	warmPlate	-8.560780e+00	4.987455e-01	-7.469060e-01
1899          	OVC	-8.989219e+00	6.568555e-01	-4.994455e+00
1899          	shield_slave	-8.642285e+00	-6.175732e+00	-4.361136e+00
1900          	warmPlate	-8.560780e+00	4.987455e-01	-7.469060e-01
1900          	OVC	-8.989219e+00	6.568555e-01	-4.994455e+00
1900          	shield_slave	-8.642285e+00	-6.175732e+00	-4.361136e+00
1901          	warmPlate	-8.560780e+00	4.987455e-01	-7.469060e-01
1901          	OVC	-8.989219e+00	6.568555e-01	-4.994455e+00
1901          	shield_slave	-8.642285e+00	-6.175732e+00	-4.361136e+00
1902          	warmPlate	-8.560780e+00	4.987455e-01	-7.469060e-01
1902          	OVC	-8.989219e+00	6.568555e-01	-4.994455e+00
1902          	shield_slave	-8.642285e+00	-6.175732e+00	-4.361136e+00
1903          	warmPlate	-8.560780e+00	4.987455e-01	-7.469060e-01
1903          	OVC	-8.989219e+00	6.568555e-01	-4.994455e+00
1903          	shield_slave	-8.642285e+00	-6.175732e+00	-4.361136e+00
1904          	warmPlate	-8.560780e+00	4.987455e-01	-7.469060e-01
1904          	OVC	-8.989219e+00	6.568555e-01	-4.994455e+00
1904          	shield_slave	-8.642285e+00	-6.175732e+00	-4.361136e+00
1905          	warmPlate	-8.560780e+00	4.987455e-01	-7.469060e-01
1905          	OVC	-8.989219e+00	6.568555e-01	-4.994455e+00
1905          	shield_slave	-8.642285e+00	-6.175732e+00	-4.361136e+00
1906          	warmPlate	-8.560780e+00	4.987455e-01	-7.469060e-01
1906          	OVC	-8.989219e+00	6.568555e-01	-4.994455e+00
1906          	shield_slave	-8.642285e+00	-6.175732e+00	-4.361136e+00
1907          	warmPlate	-8.560780e+00	4.987455e-01	-7.469060e-01
1907          	OVC	-8.989219e+00	6.568555e-01	-4.994455e+00
1907          	shield_slave	-8.642285e+00	-6.175732e+00	-4.361136e+00
1908          	warmPlate	-8.560780e+00	4.987455e-01	-7.469060e-01
1908          	OVC	-8.989219e+00	6.568555e-01	-4.994455e+00
1908          	shield_slave	-8.642285e+00	-6.175732e+00	-4.361136e+00
1909          	warmPlate	-8.560780e+00	4.987455e-01	-7.469060e-01
1909          	OVC	-8.989219e+00	6.568555e-01	-4.994455e+00
1909          	shield_slave	-8.642285e+00	-6.175732e+00	-4.361136e+00
1910          	warmPlate	-8.560780e+00	4.987455e-01	-7.469060e-01
1910          	OVC	-8.989219e+00	6.568555e-01	-4.994455e+00
1910          	shield_slave	-8.642285e+00	-6.175732e+00	-4.361136e+00
1911          	warmPlate	-8.560780e+00	4.987455e-01	-7.469060e-01
1911          	OVC	-8.989219e+00	6.568555e-01	-4.994455e+00
1911          	shield_slave	-8.642285e+00	-6.175732e+00	-4.361136e+00
1912          	warmPlate	-8.560780e+00	4.987455e-01	-7.469060e-01
1912          	OVC	-8.989219e+00	6.568555e-01	-4.994455e+00
1912          	shield_slave	-8.642285e+00	-6.175732e+00	-4.361136e+00
1913          	warmPlate	-8.560780e+00	4.987455e-01	-7.469060e-01
1913          	OVC	-8.989219e+00	6.568555e-01	-4.994455e+00
1913          	shield_slave	-8.642285e+00	-6.175732e+00	-4.361136e+00
1914          	warmPlate	-8.560780e+00	4.987455e-01	-7.469060e-01
1914          	OVC	-8.989219e+00	6.568555e-01	-4.994455e+00
1914          	shield_slave	-8.642285e+00	-6.175732e+00	-4.361136e+00
1915          	warmPlate	-8.560780e+00	4.987455e-01	-7.469060e-01
1915          	OVC	-8.989219e+00	6.568555e-01	-4.994455e+00
1915          	shield_slave	-8.642285e+00	-6.175732e+00	-4.361136e+00
1916          	warmPlate	-8.560780e+00	4.987455e-01	-7.469060e-01
1916          	OVC	-8.989219e+00	6.568555e-01	-4.994455e+00
1916          	shield_slave	-8.642285e+00	-6.175732e+00	-4.361136e+00
1917          	warmPlate	-8.560780e+00	4.987455e-01	-7.469060e-01
1917          	OVC	-8.989219e+00	6.568555e-01	-4.994455e+00
1917          	shield_slave	-8.642285e+00	-6.175732e+00	-4.361136e+00
1918          	warmPlate	-8.560780e+00	4.987455e-01	-7.469060e-01
1918          	OVC	-8.989219e+00	6.568555e-01	-4.994455e+00
1918          	shield_slave	-8.642285e+00	-6.175732e+00	-4.361136e+00
1919          	warmPlate	-8.560780e+00	4.987455e-01	-7.469060e-01
1919          	OVC	-8.989219e+00	6.568555e-01	-4.994455e+00
1919          	shield_slave	-8.642285e+00	-6.175732e+00	-4.361136e+00
1920          	warmPlate	-8.560780e+00	4.987455e-01	-7.469060e-01
1920          	OVC	-8.989219e+00	6.568555e-01	-4.994455e+00
1920          	shield_slave	-8.642285e+00	-6.175732e+00	-4.361136e+00
1921          	warmPlate	-8.560780e+00	4.987455e-01	-7.469060e-01
1921          	OVC	-8.989219e+00	6.568555e-01	-4.994455e+00
1921          	shield_slave	-8.642285e+00	-6.175732e+00	-4.361136e+00
1922          	warmPlate	-8.560780e+00	4.987455e-01	-7.469060e-01
1922          	OVC	-8.989219e+00	6.568555e-01	-4.994455e+00
1922          	shield_slave	-8.642285e+00	-6.175732e+00	-4.361136e+00
1923          	warmPlate	-8.560780e+00	4.987455e-01	-7.469060e-01
1923          	OVC	-8.989219e+00	6.568555e-01	-4.994455e+00
1923          	shield_slave	-8.642285e+00	-6.175732e+00	-4.361136e+00
1924          	warmPlate	-8.560780e+00	4.987455e-01	-7.469060e-01
1924          	OVC	-8.989219e+00	6.568555e-01	-4.994455e+00
1924          	shield_slave	-8.642285e+00	-6.175732e+00	-4.361136e+00
1925          	warmPlate	-8.560780e+00	4.987455e-01	-7.469060e-01
1925          	OVC	-8.989219e+00	6.568555e-01	-4.994455e+00
1925          	shield_slave	-8.642285e+00	-6.175732e+00	-4.361136e+00
1926          	warmPlate	-8.560780e+00	4.987455e-01	-7.469060e-01
1926          	OVC	-8.989219e+00	6.568555e-01	-4.994455e+00
1926          	shield_slave	-8.642285e+00	-6.175732e+00	-4.361136e+00
1927          	warmPlate	-8.560780e+00	4.987455e-01	-7.469060e-01
1927          	OVC	-8.989219e+00	6.568555e-01	-4.994455e+00
1927          	shield_slave	-8.642285e+00	-6.175732e+00	-4.361136e+00
1928          	warmPlate	-8.560780e+00	4.987455e-01	-7.469060e-01
1928          	OVC	-8.989219e+00	6.568555e-01	-4.994455e+00
1928          	shield_slave	-8.642285e+00	-6.175732e+00	-4.361136e+00
1929          	warmPlate	-8.560780e+00	4.987455e-01	-7.469060e-01
1929          	OVC	-8.989219e+00	6.568555e-01	-4.994455e+00
1929          	shield_slave	-8.642285e+00	-6.175732e+00	-4.361136e+00
1930          	warmPlate	-8.560780e+00	4.987455e-01	-7.469060e-01
1930          	OVC	-8.989219e+00	6.568555e-01	-4.994455e+00
1930          	shield_slave	-8.642285e+00	-6.175732e+00	-4.361136e+00
1931          	warmPlate	-8.560780e+00	4.987455e-01	-7.469060e-01
1931          	OVC	-8.989219e+00	6.568555e-01	-4.994455e+00
1931          	shield_slave	-8.642285e+00	-6.175732e+00	-4.361136e+00
1932          	warmPlate	-8.560780e+00	4.987455e-01	-7.469060e-01
1932          	OVC	-8.989219e+00	6.568555e-01	-4.994455e+00
1932          	shield_slave	-8.642285e+00	-6.175732e+00	-4.361136e+00
1933          	warmPlate	-8.560780e+00	4.987455e-01	-7.469060e-01
1933          	OVC	-8.989219e+00	6.568555e-01	-4.994455e+00
1933          	shield_slave	-8.642285e+00	-6.175732e+00	-4.361136e+00
1934          	warmPlate	-8.560780e+00	4.987455e-01	-7.469060e-01
1934          	OVC	-8.989219e+00	6.568555e-01	-4.994455e+00
1934          	shield_slave	-8.642285e+00	-6.175732e+00	-4.361136e+00
1935          	warmPlate	-8.560780e+00	4.987455e-01	-7.469060e-01
1935          	OVC	-8.989219e+00	6.568555e-01	-4.994455e+00
1935          	shield_slave	-8.642285e+00	-6.175732e+00	-4.361136e+00
1936          	warmPlate	-8.560780e+00	4.987455e-01	-7.469060e-01
1936          	OVC	-8.989219e+00	6.568555e-01	-4.994455e+00
1936          	shield_slave	-8.642285e+00	-6.175732e+00	-4.361136e+00
1937          	warmPlate	-8.560780e+00	4.987455e-01	-7.469060e-01
1937          	OVC	-8.989219e+00	6.568555e-01	-4.994455e+00
1937          	shield_slave	-8.642285e+00	-6.175732e+00	-4.361136e+00
1938          	warmPlate	-8.560780e+00	4.987455e-01	-7.469060e-01
1938          	OVC	-8.989219e+00	6.568555e-01	-4.994455e+00
1938          	shield_slave	-8.642285e+00	-6.175732e+00	-4.361136e+00
1939          	warmPlate	-8.560780e+00	4.987455e-01	-7.469060e-01
1939          	OVC	-8.989219e+00	6.568555e-01	-4.994455e+00
1939          	shield_slave	-8.642285e+00	-6.175732e+00	-4.361136e+00
1940          	warmPlate	-8.560780e+00	4.987455e-01	-7.469060e-01
1940          	OVC	-8.989219e+00	6.568555e-01	-4.994455e+00
1940          	shield_slave	-8.642285e+00	-6.175732e+00	-4.361136e+00
1941          	warmPlate	-8.560780e+00	4.987455e-01	-7.469060e-01
1941          	OVC	-8.989219e+00	6.568555e-01	-4.994455e+00
1941          	shield_slave	-8.642285e+00	-6.175732e+00	-4.361136e+00
1942          	warmPlate	-8.560780e+00	4.987455e-01	-7.469060e-01
1942          	OVC	-8.989219e+00	6.568555e-01	-4.994455e+00
1942          	shield_slave	-8.642285e+00	-6.175732e+00	-4.361136e+00
1943          	warmPlate	-8.560780e+00	4.987455e-01	-7.469060e-01
1943          	OVC	-8.989219e+00	6.568555e-01	-4.994455e+00
1943          	shield_slave	-8.642285e+00	-6.175732e+00	-4.361136e+00
1944          	warmPlate	-8.560780e+00	4.987455e-01	-7.469060e-01
1944          	OVC	-8.989219e+00	6.568555e-01	-4.994455e+00
1944          	shield_slave	-8.642285e+00	-6.175732e+00	-4.361136e+00
1945          	warmPlate	-8.560780e+00	4.987455e-01	-7.469060e-01
1945          	OVC	-8.989219e+00	6.568555e-01	-4.994455e+00
1945          	shield_slave	-8.642285e+00	-6.175732e+00	-4.361136e+00
1946          	warmPlate	-8.560780e+00	4.987455e-01	-7.469060e-01
1946          	OVC	-8.989219e+00	6.568555e-01	-4.994455e+00
1946          	shield_slave	-8.642285e+00	-6.175732e+00	-4.361136e+00
1947          	warmPlate	-8.560780e+00	4.987455e-01	-7.469060e-01
1947          	OVC	-8.989219e+00	6.568555e-01	-4.994455e+00
1947          	shield_slave	-8.642285e+00	-6.175732e+00	-4.361136e+00
1948          	warmPlate	-8.560780e+00	4.987455e-01	-7.469060e-01
1948          	OVC	-8.989219e+00	6.568555e-01	-4.994455e+00
1948          	shield_slave	-8.642285e+00	-6.175732e+00	-4.361136e+00
1949          	warmPlate	-8.560780e+00	4.987455e-01	-7.469060e-01
1949          	OVC	-8.989219e+00	6.568555e-01	-4.994455e+00
1949          	shield_slave	-8.642285e+00	-6.175732e+00	-4.361136e+00
1950          	warmPlate	-8.560780e+00	4.987455e-01	-7.469060e-01
1950          	OVC	-8.989219e+00	6.568555e-01	-4.994455e+00
1950          	shield_slave	-8.642285e+00	-6.175732e+00	-4.361136e+00
1951          	warmPlate	-8.560780e+00	4.987455e-01	-7.469060e-01
1951          	OVC	-8.989219e+00	6.568555e-01	-4.994455e+00
1951          	shield_slave	-8.642285e+00	-6.175732e+00	-4.361136e+00
1952          	warmPlate	-8.560780e+00	4.987455e-01	-7.469060e-01
1952          	OVC	-8.989219e+00	6.568555e-01	-4.994455e+00
1952          	shield_slave	-8.642285e+00	-6.175732e+00	-4.361136e+00
1953          	warmPlate	-8.560780e+00	4.987455e-01	-7.469060e-01
1953          	OVC	-8.989219e+00	6.568555e-01	-4.994455e+00
1953          	shield_slave	-8.642285e+00	-6.175732e+00	-4.361136e+00
1954          	warmPlate	-8.560780e+00	4.987455e-01	-7.469060e-01
1954          	OVC	-8.989219e+00	6.568555e-01	-4.994455e+00
1954          	shield_slave	-8.642285e+00	-6.175732e+00	-4.361136e+00
1955          	warmPlate	-8.560780e+00	4.987455e-01	-7.469060e-01
1955          	OVC	-8.989219e+00	6.568555e-01	-4.994455e+00
1955          	shield_slave	-8.642285e+00	-6.175732e+00	-4.361136e+00
1956          	warmPlate	-8.560780e+00	4.987455e-01	-7.469060e-01
1956          	OVC	-8.989219e+00	6.568555e-01	-4.994455e+00
1956          	shield_slave	-8.642285e+00	-6.175732e+00	-4.361136e+00
1957          	warmPlate	-8.560780e+00	4.987455e-01	-7.469060e-01
1957          	OVC	-8.989219e+00	6.568555e-01	-4.994455e+00
1957          	shield_slave	-8.642285e+00	-6.175732e+00	-4.361136e+00
1958          	warmPlate	-8.560780e+00	4.987455e-01	-7.469060e-01
1958          	OVC	-8.989219e+00	6.568555e-01	-4.994455e+00
1958          	shield_slave	-8.642285e+00	-6.175732e+00	-4.361136e+00
1959          	warmPlate	-8.560780e+00	4.987455e-01	-7.469060e-01
1959          	OVC	-8.989219e+00	6.568555e-01	-4.994455e+00
1959          	shield_slave	-8.642285e+00	-6.175732e+00	-4.361136e+00
1960          	warmPlate	-8.560780e+00	4.987455e-01	-7.469060e-01
1960          	OVC	-8.989219e+00	6.568555e-01	-4.994455e+00
1960          	shield_slave	-8.642285e+00	-6.175732e+00	-4.361136e+00
1961          	warmPlate	-8.560780e+00	4.987455e-01	-7.469060e-01
1961          	OVC	-8.989219e+00	6.568555e-01	-4.994455e+00
1961          	shield_slave	-8.642285e+00	-6.175732e+00	-4.361136e+00
1962          	warmPlate	-8.560780e+00	4.987455e-01	-7.469060e-01
1962          	OVC	-8.989219e+00	6.568555e-01	-4.994455e+00
1962          	shield_slave	-8.642285e+00	-6.175732e+00	-4.361136e+00
1963          	warmPlate	-8.560780e+00	4.987455e-01	-7.469060e-01
1963          	OVC	-8.989219e+00	6.568555e-01	-4.994455e+00
1963          	shield_slave	-8.642285e+00	-6.175732e+00	-4.361136e+00
1964          	warmPlate	-8.560780e+00	4.987455e-01	-7.469060e-01
1964          	OVC	-8.989219e+00	6.568555e-01	-4.994455e+00
1964          	shield_slave	-8.642285e+00	-6.175732e+00	-4.361136e+00
1965          	warmPlate	-8.560780e+00	4.987455e-01	-7.469060e-01
1965          	OVC	-8.989219e+00	6.568555e-01	-4.994455e+00
1965          	shield_slave	-8.642285e+00	-6.175732e+00	-4.361136e+00
1966          	warmPlate	-8.560780e+00	4.987455e-01	-7.469060e-01
1966          	OVC	-8.989219e+00	6.568555e-01	-4.994455e+00
1966          	shield_slave	-8.642285e+00	-6.175732e+00	-4.361136e+00
1967          	warmPlate	-8.560780e+00	4.987455e-01	-7.469060e-01
1967          	OVC	-8.989219e+00	6.568555e-01	-4.994455e+00
1967          	shield_slave	-8.642285e+00	-6.175732e+00	-4.361136e+00
1968          	warmPlate	-8.560780e+00	4.987455e-01	-7.469060e-01
1968          	OVC	-8.989219e+00	6.568555e-01	-4.994455e+00
1968          	shield_slave	-8.642285e+00	-6.175732e+00	-4.361136e+00
1969          	warmPlate	-8.560780e+00	4.987455e-01	-7.469060e-01
1969          	OVC	-8.989219e+00	6.568555e-01	-4.994455e+00
1969          	shield_slave	-8.642285e+00	-6.175732e+00	-4.361136e+00
1970          	warmPlate	-8.560780e+00	4.987455e-01	-7.469060e-01
1970          	OVC	-8.989219e+00	6.568555e-01	-4.994455e+00
1970          	shield_slave	-8.642285e+00	-6.175732e+00	-4.361136e+00
1971          	warmPlate	-8.560780e+00	4.987455e-01	-7.469060e-01
1971          	OVC	-8.989219e+00	6.568555e-01	-4.994455e+00
1971          	shield_slave	-8.642285e+00	-6.175732e+00	-4.361136e+00
1972          	warmPlate	-8.560780e+00	4.987455e-01	-7.469060e-01
1972          	OVC	-8.989219e+00	6.568555e-01	-4.994455e+00
1972          	shield_slave	-8.642285e+00	-6.175732e+00	-4.361136e+00
1973          	warmPlate	-8.560780e+00	4.987455e-01	-7.469060e-01
1973          	OVC	-8.989219e+00	6.568555e-01	-4.994455e+00
1973          	shield_slave	-8.642285e+00	-6.175732e+00	-4.361136e+00
1974          	warmPlate	-8.560780e+00	4.987455e-01	-7.469060e-01
1974          	OVC	-8.989219e+00	6.568555e-01	-4.994455e+00
1974          	shield_slave	-8.642285e+00	-6.175732e+00	-4.361136e+00
1975          	warmPlate	-8.560780e+00	4.987455e-01	-7.469060e-01
1975          	OVC	-8.989219e+00	6.568555e-01	-4.994455e+00
1975          	shield_slave	-8.642285e+00	-6.175732e+00	-4.361136e+00
1976          	warmPlate	-8.560780e+00	4.987455e-01	-7.469060e-01
1976          	OVC	-8.989219e+00	6.568555e-01	-4.994455e+00
1976          	shield_slave	-8.642285e+00	-6.175732e+00	-4.361136e+00
1977          	warmPlate	-8.560780e+00	4.987455e-01	-7.469060e-01
1977          	OVC	-8.989219e+00	6.568555e-01	-4.994455e+00
1977          	shield_slave	-8.642285e+00	-6.175732e+00	-4.361136e+00
1978          	warmPlate	-8.560780e+00	4.987455e-01	-7.469060e-01
1978          	OVC	-8.989219e+00	6.568555e-01	-4.994455e+00
1978          	shield_slave	-8.642285e+00	-6.175732e+00	-4.361136e+00
1979          	warmPlate	-8.560780e+00	4.987455e-01	-7.469060e-01
1979          	OVC	-8.989219e+00	6.568555e-01	-4.994455e+00
1979          	shield_slave	-8.642285e+00	-6.175732e+00	-4.361136e+00
1980          	warmPlate	-8.560780e+00	4.987455e-01	-7.469060e-01
1980          	OVC	-8.989219e+00	6.568555e-01	-4.994455e+00
1980          	shield_slave	-8.642285e+00	-6.175732e+00	-4.361136e+00
1981          	warmPlate	-8.560780e+00	4.987455e-01	-7.469060e-01
1981          	OVC	-8.989219e+00	6.568555e-01	-4.994455e+00
1981          	shield_slave	-8.642285e+00	-6.175732e+00	-4.361136e+00
1982          	warmPlate	-8.560780e+00	4.987455e-01	-7.469060e-01
1982          	OVC	-8.989219e+00	6.568555e-01	-4.994455e+00
1982          	shield_slave	-8.642285e+00	-6.175732e+00	-4.361136e+00
1983          	warmPlate	-8.560780e+00	4.987455e-01	-7.469060e-01
1983          	OVC	-8.989219e+00	6.568555e-01	-4.994455e+00
1983          	shield_slave	-8.642285e+00	-6.175732e+00	-4.361136e+00
1984          	warmPlate	-8.560780e+00	4.987455e-01	-7.469060e-01
1984          	OVC	-8.989219e+00	6.568555e-01	-4.994455e+00
1984          	shield_slave	-8.642285e+00	-6.175732e+00	-4.361136e+00
1985          	warmPlate	-8.560780e+00	4.987455e-01	-7.469060e-01
1985          	OVC	-8.989219e+00	6.568555e-01	-4.994455e+00
1985          	shield_slave	-8.642285e+00	-6.175732e+00	-4.361136e+00
1986          	warmPlate	-8.560780e+00	4.987455e-01	-7.469060e-01
1986          	OVC	-8.989219e+00	6.568555e-01	-4.994455e+00
1986          	shield_slave	-8.642285e+00	-6.175732e+00	-4.361136e+00
1987          	warmPlate	-8.560780e+00	4.987455e-01	-7.469060e-01
1987          	OVC	-8.989219e+00	6.568555e-01	-4.994455e+00
1987          	shield_slave	-8.642285e+00	-6.175732e+00	-4.361136e+00
1988          	warmPlate	-8.560780e+00	4.987455e-01	-7.469060e-01
1988          	OVC	-8.989219e+00	6.568555e-01	-4.994455e+00
1988          	shield_slave	-8.642285e+00	-6.175732e+00	-4.361136e+00
1989          	warmPlate	-8.560780e+00	4.987455e-01	-7.469060e-01
1989          	OVC	-8.989219e+00	6.568555e-01	-4.994455e+00
1989          	shield_slave	-8.642285e+00	-6.175732e+00	-4.361136e+00
1990          	warmPlate	-8.560780e+00	4.987455e-01	-7.469060e-01
1990          	OVC	-8.989219e+00	6.568555e-01	-4.994455e+00
1990          	shield_slave	-8.642285e+00	-6.175732e+00	-4.361136e+00
1991          	warmPlate	-8.560780e+00	4.987455e-01	-7.469060e-01
1991          	OVC	-8.989219e+00	6.568555e-01	-4.994455e+00
1991          	shield_slave	-8.642285e+00	-6.175732e+00	-4.361136e+00
1992          	warmPlate	-8.560780e+00	4.987455e-01	-7.469060e-01
1992          	OVC	-8.989219e+00	6.568555e-01	-4.994455e+00
1992          	shield_slave	-8.642285e+00	-6.175732e+00	-4.361136e+00
1993          	warmPlate	-8.560780e+00	4.987455e-01	-7.469060e-01
1993          	OVC	-8.989219e+00	6.568555e-01	-4.994455e+00
1993          	shield_slave	-8.642285e+00	-6.175732e+00	-4.361136e+00
1994          	warmPlate	-8.560780e+00	4.987455e-01	-7.469060e-01
1994          	OVC	-8.989219e+00	6.568555e-01	-4.994455e+00
1994          	shield_slave	-8.642285e+00	-6.175732e+00	-4.361136e+00
1995          	warmPlate	-8.560780e+00	4.987455e-01	-7.469060e-01
1995          	OVC	-8.989219e+00	6.568555e-01	-4.994455e+00
1995          	shield_slave	-8.642285e+00	-6.175732e+00	-4.361136e+00
1996          	warmPlate	-8.560780e+00	4.987455e-01	-7.469060e-01
1996          	OVC	-8.989219e+00	6.568555e-01	-4.994455e+00
1996          	shield_slave	-8.642285e+00	-6.175732e+00	-4.361136e+00
1997          	warmPlate	-8.560780e+00	4.987455e-01	-7.469060e-01
1997          	OVC	-8.989219e+00	6.568555e-01	-4.994455e+00
1997          	shield_slave	-8.642285e+00	-6.175732e+00	-4.361136e+00
1998          	warmPlate	-8.560780e+00	4.987455e-01	-7.469060e-01
1998          	OVC	-8.989219e+00	6.568555e-01	-4.994455e+00
1998          	shield_slave	-8.642285e+00	-6.175732e+00	-4.361136e+00
1999          	warmPlate	-8.560780e+00	4.987455e-01	-7.469060e-01
1999          	OVC	-8.989219e+00	6.568555e-01	-4.994455e+00
1999          	shield_slave	-8.642285e+00	-6.175732e+00	-4.361136e+00
2000          	warmPlate	-8.560780e+00	4.987455e-01	-7.469060e-01
2000          	OVC	-8.989219e+00	6.568555e-01	-4.994455e+00
2000          	shield_slave	-8.642285e+00	-6.175732e+00	-4.361136e+00
2001          	warmPlate	-8.560780e+00	4.987455e-01	-7.469060e-01
2001          	OVC	-8.989219e+00	6.568555e-01	-4.994455e+00
2001          	shield_slave	-8.642285e+00	-6.175732e+00	-4.361136e+00
2002          	warmPlate	-8.560780e+00	4.987455e-01	-7.469060e-01
2002          	OVC	-8.989219e+00	6.568555e-01	-4.994455e+00
2002          	shield_slave	-8.642285e+00	-6.175732e+00	-4.361136e+00
2003          	warmPlate	-8.560780e+00	4.987455e-01	-7.469060e-01
2003          	OVC	-8.989219e+00	6.568555e-01	-4.994455e+00
2003          	shield_slave	-8.642285e+00	-6.175732e+00	-4.361136e+00
2004          	warmPlate	-8.560780e+00	4.987455e-01	-7.469060e-01
2004          	OVC	-8.989219e+00	6.568555e-01	-4.994455e+00
2004          	shield_slave	-8.642285e+00	-6.175732e+00	-4.361136e+00
2005          	warmPlate	-8.560780e+00	4.987455e-01	-7.469060e-01
2005          	OVC	-8.989219e+00	6.568555e-01	-4.994455e+00
2005          	shield_slave	-8.642285e+00	-6.175732e+00	-4.361136e+00
2006          	warmPlate	-8.560780e+00	4.987455e-01	-7.469060e-01
2006          	OVC	-8.989219e+00	6.568555e-01	-4.994455e+00
2006          	shield_slave	-8.642285e+00	-6.175732e+00	-4.361136e+00
2007          	warmPlate	-8.560780e+00	4.987455e-01	-7.469060e-01
2007          	OVC	-8.989219e+00	6.568555e-01	-4.994455e+00
2007          	shield_slave	-8.642285e+00	-6.175732e+00	-4.361136e+00
2008          	warmPlate	-8.560780e+00	4.987455e-01	-7.469060e-01
2008          	OVC	-8.989219e+00	6.568555e-01	-4.994455e+00
2008          	shield_slave	-8.642285e+00	-6.175732e+00	-4.361136e+00
2009          	warmPlate	-8.560780e+00	4.987455e-01	-7.469060e-01
2009          	OVC	-8.989219e+00	6.568555e-01	-4.994455e+00
2009          	shield_slave	-8.642285e+00	-6.175732e+00	-4.361136e+00
2010          	warmPlate	-8.560780e+00	4.987455e-01	-7.469060e-01
2010          	OVC	-8.989219e+00	6.568555e-01	-4.994455e+00
2010          	shield_slave	-8.642285e+00	-6.175732e+00	-4.361136e+00
2011          	warmPlate	-8.560780e+00	4.987455e-01	-7.469060e-01
2011          	OVC	-8.989219e+00	6.568555e-01	-4.994455e+00
2011          	shield_slave	-8.642285e+00	-6.175732e+00	-4.361136e+00
2012          	warmPlate	-8.560780e+00	4.987455e-01	-7.469060e-01
2012          	OVC	-8.989219e+00	6.568555e-01	-4.994455e+00
2012          	shield_slave	-8.642285e+00	-6.175732e+00	-4.361136e+00
2013          	warmPlate	-8.560780e+00	4.987455e-01	-7.469060e-01
2013          	OVC	-8.989219e+00	6.568555e-01	-4.994455e+00
2013          	shield_slave	-8.642285e+00	-6.175732e+00	-4.361136e+00
2014          	warmPlate	-8.560780e+00	4.987455e-01	-7.469060e-01
2014          	OVC	-8.989219e+00	6.568555e-01	-4.994455e+00
2014          	shield_slave	-8.642285e+00	-6.175732e+00	-4.361136e+00
2015          	warmPlate	-8.560780e+00	4.987455e-01	-7.469060e-01
2015          	OVC	-8.989219e+00	6.568555e-01	-4.994455e+00
2015          	shield_slave	-8.642285e+00	-6.175732e+00	-4.361136e+00
2016          	warmPlate	-8.560780e+00	4.987455e-01	-7.469060e-01
2016          	OVC	-8.989219e+00	6.568555e-01	-4.994455e+00
2016          	shield_slave	-8.642285e+00	-6.175732e+00	-4.361136e+00
2017          	warmPlate	-8.560780e+00	4.987455e-01	-7.469060e-01
2017          	OVC	-8.989219e+00	6.568555e-01	-4.994455e+00
2017          	shield_slave	-8.642285e+00	-6.175732e+00	-4.361136e+00
2018          	warmPlate	-8.560780e+00	4.987455e-01	-7.469060e-01
2018          	OVC	-8.989219e+00	6.568555e-01	-4.994455e+00
2018          	shield_slave	-8.642285e+00	-6.175732e+00	-4.361136e+00
2019          	warmPlate	-8.560780e+00	4.987455e-01	-7.469060e-01
2019          	OVC	-8.989219e+00	6.568555e-01	-4.994455e+00
2019          	shield_slave	-8.642285e+00	-6.175732e+00	-4.361136e+00
2020          	warmPlate	-8.560780e+00	4.987455e-01	-7.469060e-01
2020          	OVC	-8.989219e+00	6.568555e-01	-4.994455e+00
2020          	shield_slave	-8.642285e+00	-6.175732e+00	-4.361136e+00
2021          	warmPlate	-8.560780e+00	4.987455e-01	-7.469060e-01
2021          	OVC	-8.989219e+00	6.568555e-01	-4.994455e+00
2021          	shield_slave	-8.642285e+00	-6.175732e+00	-4.361136e+00
2022          	warmPlate	-8.560780e+00	4.987455e-01	-7.469060e-01
2022          	OVC	-8.989219e+00	6.568555e-01	-4.994455e+00
2022          	shield_slave	-8.642285e+00	-6.175732e+00	-4.361136e+00
2023          	warmPlate	-8.560780e+00	4.987455e-01	-7.469060e-01
2023          	OVC	-8.989219e+00	6.568555e-01	-4.994455e+00
2023          	shield_slave	-8.642285e+00	-6.175732e+00	-4.361136e+00
2024          	warmPlate	-8.560780e+00	4.987455e-01	-7.469060e-01
2024          	OVC	-8.989219e+00	6.568555e-01	-4.994455e+00
2024          	shield_slave	-8.642285e+00	-6.175732e+00	-4.361136e+00
2025          	warmPlate	-8.560780e+00	4.987455e-01	-7.469060e-01
2025          	OVC	-8.989219e+00	6.568555e-01	-4.994455e+00
2025          	shield_slave	-8.642285e+00	-6.175732e+00	-4.361136e+00
2026          	warmPlate	-8.560780e+00	4.987455e-01	-7.469060e-01
2026          	OVC	-8.989219e+00	6.568555e-01	-4.994455e+00
2026          	shield_slave	-8.642285e+00	-6.175732e+00	-4.361136e+00
2027          	warmPlate	-8.560780e+00	4.987455e-01	-7.469060e-01
2027          	OVC	-8.989219e+00	6.568555e-01	-4.994455e+00
2027          	shield_slave	-8.642285e+00	-6.175732e+00	-4.361136e+00
2028          	warmPlate	-8.560780e+00	4.987455e-01	-7.469060e-01
2028          	OVC	-8.989219e+00	6.568555e-01	-4.994455e+00
2028          	shield_slave	-8.642285e+00	-6.175732e+00	-4.361136e+00
2029          	warmPlate	-8.560780e+00	4.987455e-01	-7.469060e-01
2029          	OVC	-8.989219e+00	6.568555e-01	-4.994455e+00
2029          	shield_slave	-8.642285e+00	-6.175732e+00	-4.361136e+00
2030          	warmPlate	-8.560780e+00	4.987455e-01	-7.469060e-01
2030          	OVC	-8.989219e+00	6.568555e-01	-4.994455e+00
2030          	shield_slave	-8.642285e+00	-6.175732e+00	-4.361136e+00
2031          	warmPlate	-8.560780e+00	4.987455e-01	-7.469060e-01
2031          	OVC	-8.989219e+00	6.568555e-01	-4.994455e+00
2031          	shield_slave	-8.642285e+00	-6.175732e+00	-4.361136e+00
2032          	warmPlate	-8.560780e+00	4.987455e-01	-7.469060e-01
2032          	OVC	-8.989219e+00	6.568555e-01	-4.994455e+00
2032          	shield_slave	-8.642285e+00	-6.175732e+00	-4.361136e+00
2033          	warmPlate	-8.560780e+00	4.987455e-01	-7.469060e-01
2033          	OVC	-8.989219e+00	6.568555e-01	-4.994455e+00
2033          	shield_slave	-8.642285e+00	-6.175732e+00	-4.361136e+00
2034          	warmPlate	-8.560780e+00	4.987455e-01	-7.469060e-01
2034          	OVC	-8.989219e+00	6.568555e-01	-4.994455e+00
2034          	shield_slave	-8.642285e+00	-6.175732e+00	-4.361136e+00
2035          	warmPlate	-8.560780e+00	4.987455e-01	-7.469060e-01
2035          	OVC	-8.989219e+00	6.568555e-01	-4.994455e+00
2035          	shield_slave	-8.642285e+00	-6.175732e+00	-4.361136e+00
2036          	warmPlate	-8.560780e+00	4.987455e-01	-7.469060e-01
2036          	OVC	-8.989219e+00	6.568555e-01	-4.994455e+00
2036          	shield_slave	-8.642285e+00	-6.175732e+00	-4.361136e+00
2037          	warmPlate	-8.560780e+00	4.987455e-01	-7.469060e-01
2037          	OVC	-8.989219e+00	6.568555e-01	-4.994455e+00
2037          	shield_slave	-8.642285e+00	-6.175732e+00	-4.361136e+00
2038          	warmPlate	-8.560780e+00	4.987455e-01	-7.469060e-01
2038          	OVC	-8.989219e+00	6.568555e-01	-4.994455e+00
2038          	shield_slave	-8.642285e+00	-6.175732e+00	-4.361136e+00
2039          	warmPlate	-8.560780e+00	4.987455e-01	-7.469060e-01
2039          	OVC	-8.989219e+00	6.568555e-01	-4.994455e+00
2039          	shield_slave	-8.642285e+00	-6.175732e+00	-4.361136e+00
2040          	warmPlate	-8.560780e+00	4.987455e-01	-7.469060e-01
2040          	OVC	-8.989219e+00	6.568555e-01	-4.994455e+00
2040          	shield_slave	-8.642285e+00	-6.175732e+00	-4.361136e+00
2041          	warmPlate	-8.560780e+00	4.987455e-01	-7.469060e-01
2041          	OVC	-8.989219e+00	6.568555e-01	-4.994455e+00
2041          	shield_slave	-8.642285e+00	-6.175732e+00	-4.361136e+00
2042          	warmPlate	-8.560780e+00	4.987455e-01	-7.469060e-01
2042          	OVC	-8.989219e+00	6.568555e-01	-4.994455e+00
2042          	shield_slave	-8.642285e+00	-6.175732e+00	-4.361136e+00
2043          	warmPlate	-8.560780e+00	4.987455e-01	-7.469060e-01
2043          	OVC	-8.989219e+00	6.568555e-01	-4.994455e+00
2043          	shield_slave	-8.642285e+00	-6.175732e+00	-4.361136e+00
2044          	warmPlate	-8.560780e+00	4.987455e-01	-7.469060e-01
2044          	OVC	-8.989219e+00	6.568555e-01	-4.994455e+00
2044          	shield_slave	-8.642285e+00	-6.175732e+00	-4.361136e+00
2045          	warmPlate	-8.560780e+00	4.987455e-01	-7.469060e-01
2045          	OVC	-8.989219e+00	6.568555e-01	-4.994455e+00
2045          	shield_slave	-8.642285e+00	-6.175732e+00	-4.361136e+00
2046          	warmPlate	-8.560780e+00	4.987455e-01	-7.469060e-01
2046          	OVC	-8.989219e+00	6.568555e-01	-4.994455e+00
2046          	shield_slave	-8.642285e+00	-6.175732e+00	-4.361136e+00
2047          	warmPlate	-8.560780e+00	4.987455e-01	-7.469060e-01
2047          	OVC	-8.989219e+00	6.568555e-01	-4.994455e+00
2047          	shield_slave	-8.642285e+00	-6.175732e+00	-4.361136e+00
2048          	warmPlate	-8.560780e+00	4.987455e-01	-7.469060e-01
2048          	OVC	-8.989219e+00	6.568555e-01	-4.994455e+00
2048          	shield_slave	-8.642285e+00	-6.175732e+00	-4.361136e+00
2049          	warmPlate	-8.560780e+00	4.987455e-01	-7.469060e-01
2049          	OVC	-8.989219e+00	6.568555e-01	-4.994455e+00
2049          	shield_slave	-8.642285e+00	-6.175732e+00	-4.361136e+00
2050          	warmPlate	-8.560780e+00	4.987455e-01	-7.469060e-01
2050          	OVC	-8.989219e+00	6.568555e-01	-4.994455e+00
2050          	shield_slave	-8.642285e+00	-6.175732e+00	-4.361136e+00
2051          	warmPlate	-8.560780e+00	4.987455e-01	-7.469060e-01
2051          	OVC	-8.989219e+00	6.568555e-01	-4.994455e+00
2051          	shield_slave	-8.642285e+00	-6.175732e+00	-4.361136e+00
2052          	warmPlate	-8.560780e+00	4.987455e-01	-7.469060e-01
2052          	OVC	-8.989219e+00	6.568555e-01	-4.994455e+00
2052          	shield_slave	-8.642285e+00	-6.175732e+00	-4.361136e+00
2053          	warmPlate	-8.560780e+00	4.987455e-01	-7.469060e-01
2053          	OVC	-8.989219e+00	6.568555e-01	-4.994455e+00
2053          	shield_slave	-8.642285e+00	-6.175732e+00	-4.361136e+00
2054          	warmPlate	-8.560780e+00	4.987455e-01	-7.469060e-01
2054          	OVC	-8.989219e+00	6.568555e-01	-4.994455e+00
2054          	shield_slave	-8.642285e+00	-6.175732e+00	-4.361136e+00
2055          	warmPlate	-8.560780e+00	4.987455e-01	-7.469060e-01
2055          	OVC	-8.989219e+00	6.568555e-01	-4.994455e+00
2055          	shield_slave	-8.642285e+00	-6.175732e+00	-4.361136e+00
2056          	warmPlate	-8.560780e+00	4.987455e-01	-7.469060e-01
2056          	OVC	-8.989219e+00	6.568555e-01	-4.994455e+00
2056          	shield_slave	-8.642285e+00	-6.175732e+00	-4.361136e+00
2057          	warmPlate	-8.560780e+00	4.987455e-01	-7.469060e-01
2057          	OVC	-8.989219e+00	6.568555e-01	-4.994455e+00
2057          	shield_slave	-8.642285e+00	-6.175732e+00	-4.361136e+00
2058          	warmPlate	-8.560780e+00	4.987455e-01	-7.469060e-01
2058          	OVC	-8.989219e+00	6.568555e-01	-4.994455e+00
2058          	shield_slave	-8.642285e+00	-6.175732e+00	-4.361136e+00
2059          	warmPlate	-8.560780e+00	4.987455e-01	-7.469060e-01
2059          	OVC	-8.989219e+00	6.568555e-01	-4.994455e+00
2059          	shield_slave	-8.642285e+00	-6.175732e+00	-4.361136e+00
2060          	warmPlate	-8.560780e+00	4.987455e-01	-7.469060e-01
2060          	OVC	-8.989219e+00	6.568555e-01	-4.994455e+00
2060          	shield_slave	-8.642285e+00	-6.175732e+00	-4.361136e+00
2061          	warmPlate	-8.560780e+00	4.987455e-01	-7.469060e-01
2061          	OVC	-8.989219e+00	6.568555e-01	-4.994455e+00
2061          	shield_slave	-8.642285e+00	-6.175732e+00	-4.361136e+00
2062          	warmPlate	-8.560780e+00	4.987455e-01	-7.469060e-01
2062          	OVC	-8.989219e+00	6.568555e-01	-4.994455e+00
2062          	shield_slave	-8.642285e+00	-6.175732e+00	-4.361136e+00
2063          	warmPlate	-8.560780e+00	4.987455e-01	-7.469060e-01
2063          	OVC	-8.989219e+00	6.568555e-01	-4.994455e+00
2063          	shield_slave	-8.642285e+00	-6.175732e+00	-4.361136e+00
2064          	warmPlate	-8.560780e+00	4.987455e-01	-7.469060e-01
2064          	OVC	-8.989219e+00	6.568555e-01	-4.994455e+00
2064          	shield_slave	-8.642285e+00	-6.175732e+00	-4.361136e+00
2065          	warmPlate	-8.560780e+00	4.987455e-01	-7.469060e-01
2065          	OVC	-8.989219e+00	6.568555e-01	-4.994455e+00
2065          	shield_slave	-8.642285e+00	-6.175732e+00	-4.361136e+00
2066          	warmPlate	-8.560780e+00	4.987455e-01	-7.469060e-01
2066          	OVC	-8.989219e+00	6.568555e-01	-4.994455e+00
2066          	shield_slave	-8.642285e+00	-6.175732e+00	-4.361136e+00
2067          	warmPlate	-8.560780e+00	4.987455e-01	-7.469060e-01
2067          	OVC	-8.989219e+00	6.568555e-01	-4.994455e+00
2067          	shield_slave	-8.642285e+00	-6.175732e+00	-4.361136e+00
2068          	warmPlate	-8.560780e+00	4.987455e-01	-7.469060e-01
2068          	OVC	-8.989219e+00	6.568555e-01	-4.994455e+00
2068          	shield_slave	-8.642285e+00	-6.175732e+00	-4.361136e+00
2069          	warmPlate	-8.560780e+00	4.987455e-01	-7.469060e-01
2069          	OVC	-8.989219e+00	6.568555e-01	-4.994455e+00
2069          	shield_slave	-8.642285e+00	-6.175732e+00	-4.361136e+00
2070          	warmPlate	-8.560780e+00	4.987455e-01	-7.469060e-01
2070          	OVC	-8.989219e+00	6.568555e-01	-4.994455e+00
2070          	shield_slave	-8.642285e+00	-6.175732e+00	-4.361136e+00
2071          	warmPlate	-8.560780e+00	4.987455e-01	-7.469060e-01
2071          	OVC	-8.989219e+00	6.568555e-01	-4.994455e+00
2071          	shield_slave	-8.642285e+00	-6.175732e+00	-4.361136e+00
2072          	warmPlate	-8.560780e+00	4.987455e-01	-7.469060e-01
2072          	OVC	-8.989219e+00	6.568555e-01	-4.994455e+00
2072          	shield_slave	-8.642285e+00	-6.175732e+00	-4.361136e+00
2073          	warmPlate	-8.560780e+00	4.987455e-01	-7.469060e-01
2073          	OVC	-8.989219e+00	6.568555e-01	-4.994455e+00
2073          	shield_slave	-8.642285e+00	-6.175732e+00	-4.361136e+00
2074          	warmPlate	-8.560780e+00	4.987455e-01	-7.469060e-01
2074          	OVC	-8.989219e+00	6.568555e-01	-4.994455e+00
2074          	shield_slave	-8.642285e+00	-6.175732e+00	-4.361136e+00
2075          	warmPlate	-8.560780e+00	4.987455e-01	-7.469060e-01
2075          	OVC	-8.989219e+00	6.568555e-01	-4.994455e+00
2075          	shield_slave	-8.642285e+00	-6.175732e+00	-4.361136e+00
2076          	warmPlate	-8.560780e+00	4.987455e-01	-7.469060e-01
2076          	OVC	-8.989219e+00	6.568555e-01	-4.994455e+00
2076          	shield_slave	-8.642285e+00	-6.175732e+00	-4.361136e+00
2077          	warmPlate	-8.560780e+00	4.987455e-01	-7.469060e-01
2077          	OVC	-8.989219e+00	6.568555e-01	-4.994455e+00
2077          	shield_slave	-8.642285e+00	-6.175732e+00	-4.361136e+00
2078          	warmPlate	-8.560780e+00	4.987455e-01	-7.469060e-01
2078          	OVC	-8.989219e+00	6.568555e-01	-4.994455e+00
2078          	shield_slave	-8.642285e+00	-6.175732e+00	-4.361136e+00
2079          	warmPlate	-8.560780e+00	4.987455e-01	-7.469060e-01
2079          	OVC	-8.989219e+00	6.568555e-01	-4.994455e+00
2079          	shield_slave	-8.642285e+00	-6.175732e+00	-4.361136e+00
2080          	warmPlate	-8.560780e+00	4.987455e-01	-7.469060e-01
2080          	OVC	-8.989219e+00	6.568555e-01	-4.994455e+00
2080          	shield_slave	-8.642285e+00	-6.175732e+00	-4.361136e+00
2081          	warmPlate	-8.560780e+00	4.987455e-01	-7.469060e-01
2081          	OVC	-8.989219e+00	6.568555e-01	-4.994455e+00
2081          	shield_slave	-8.642285e+00	-6.175732e+00	-4.361136e+00
2082          	warmPlate	-8.560780e+00	4.987455e-01	-7.469060e-01
2082          	OVC	-8.989219e+00	6.568555e-01	-4.994455e+00
2082          	shield_slave	-8.642285e+00	-6.175732e+00	-4.361136e+00
2083          	warmPlate	-8.560780e+00	4.987455e-01	-7.469060e-01
2083          	OVC	-8.989219e+00	6.568555e-01	-4.994455e+00
2083          	shield_slave	-8.642285e+00	-6.175732e+00	-4.361136e+00
2084          	warmPlate	-8.560780e+00	4.987455e-01	-7.469060e-01
2084          	OVC	-8.989219e+00	6.568555e-01	-4.994455e+00
2084          	shield_slave	-8.642285e+00	-6.175732e+00	-4.361136e+00
2085          	warmPlate	-8.560780e+00	4.987455e-01	-7.469060e-01
2085          	OVC	-8.989219e+00	6.568555e-01	-4.994455e+00
2085          	shield_slave	-8.642285e+00	-6.175732e+00	-4.361136e+00
2086          	warmPlate	-8.560780e+00	4.987455e-01	-7.469060e-01
2086          	OVC	-8.989219e+00	6.568555e-01	-4.994455e+00
2086          	shield_slave	-8.642285e+00	-6.175732e+00	-4.361136e+00
2087          	warmPlate	-8.560780e+00	4.987455e-01	-7.469060e-01
2087          	OVC	-8.989219e+00	6.568555e-01	-4.994455e+00
2087          	shield_slave	-8.642285e+00	-6.175732e+00	-4.361136e+00
2088          	warmPlate	-8.560780e+00	4.987455e-01	-7.469060e-01
2088          	OVC	-8.989219e+00	6.568555e-01	-4.994455e+00
2088          	shield_slave	-8.642285e+00	-6.175732e+00	-4.361136e+00
2089          	warmPlate	-8.560780e+00	4.987455e-01	-7.469060e-01
2089          	OVC	-8.989219e+00	6.568555e-01	-4.994455e+00
2089          	shield_slave	-8.642285e+00	-6.175732e+00	-4.361136e+00
2090          	warmPlate	-8.560780e+00	4.987455e-01	-7.469060e-01
2090          	OVC	-8.989219e+00	6.568555e-01	-4.994455e+00
2090          	shield_slave	-8.642285e+00	-6.175732e+00	-4.361136e+00
2091          	warmPlate	-8.560780e+00	4.987455e-01	-7.469060e-01
2091          	OVC	-8.989219e+00	6.568555e-01	-4.994455e+00
2091          	shield_slave	-8.642285e+00	-6.175732e+00	-4.361136e+00
2092          	warmPlate	-8.560780e+00	4.987455e-01	-7.469060e-01
2092          	OVC	-8.989219e+00	6.568555e-01	-4.994455e+00
2092          	shield_slave	-8.642285e+00	-6.175732e+00	-4.361136e+00
2093          	warmPlate	-8.560780e+00	4.987455e-01	-7.469060e-01
2093          	OVC	-8.989219e+00	6.568555e-01	-4.994455e+00
2093          	shield_slave	-8.642285e+00	-6.175732e+00	-4.361136e+00
2094          	warmPlate	-8.560780e+00	4.987455e-01	-7.469060e-01
2094          	OVC	-8.989219e+00	6.568555e-01	-4.994455e+00
2094          	shield_slave	-8.642285e+00	-6.175732e+00	-4.361136e+00
2095          	warmPlate	-8.560780e+00	4.987455e-01	-7.469060e-01
2095          	OVC	-8.989219e+00	6.568555e-01	-4.994455e+00
2095          	shield_slave	-8.642285e+00	-6.175732e+00	-4.361136e+00
2096          	warmPlate	-8.560780e+00	4.987455e-01	-7.469060e-01
2096          	OVC	-8.989219e+00	6.568555e-01	-4.994455e+00
2096          	shield_slave	-8.642285e+00	-6.175732e+00	-4.361136e+00
2097          	warmPlate	-8.560780e+00	4.987455e-01	-7.469060e-01
2097          	OVC	-8.989219e+00	6.568555e-01	-4.994455e+00
2097          	shield_slave	-8.642285e+00	-6.175732e+00	-4.361136e+00
2098          	warmPlate	-8.560780e+00	4.987455e-01	-7.469060e-01
2098          	OVC	-8.989219e+00	6.568555e-01	-4.994455e+00
2098          	shield_slave	-8.642285e+00	-6.175732e+00	-4.361136e+00
2099          	warmPlate	-8.560780e+00	4.987455e-01	-7.469060e-01
2099          	OVC	-8.989219e+00	6.568555e-01	-4.994455e+00
2099          	shield_slave	-8.642285e+00	-6.175732e+00	-4.361136e+00
2100          	warmPlate	-8.560780e+00	4.987455e-01	-7.469060e-01
2100          	OVC	-8.989219e+00	6.568555e-01	-4.994455e+00
2100          	shield_slave	-8.642285e+00	-6.175732e+00	-4.361136e+00
2101          	warmPlate	-8.560780e+00	4.987455e-01	-7.469060e-01
2101          	OVC	-8.989219e+00	6.568555e-01	-4.994455e+00
2101          	shield_slave	-8.642285e+00	-6.175732e+00	-4.361136e+00
2102          	warmPlate	-8.560780e+00	4.987455e-01	-7.469060e-01
2102          	OVC	-8.989219e+00	6.568555e-01	-4.994455e+00
2102          	shield_slave	-8.642285e+00	-6.175732e+00	-4.361136e+00
2103          	warmPlate	-8.560780e+00	4.987455e-01	-7.469060e-01
2103          	OVC	-8.989219e+00	6.568555e-01	-4.994455e+00
2103          	shield_slave	-8.642285e+00	-6.175732e+00	-4.361136e+00
2104          	warmPlate	-8.560780e+00	4.987455e-01	-7.469060e-01
2104          	OVC	-8.989219e+00	6.568555e-01	-4.994455e+00
2104          	shield_slave	-8.642285e+00	-6.175732e+00	-4.361136e+00
2105          	warmPlate	-8.560780e+00	4.987455e-01	-7.469060e-01
2105          	OVC	-8.989219e+00	6.568555e-01	-4.994455e+00
2105          	shield_slave	-8.642285e+00	-6.175732e+00	-4.361136e+00
2106          	warmPlate	-8.560780e+00	4.987455e-01	-7.469060e-01
2106          	OVC	-8.989219e+00	6.568555e-01	-4.994455e+00
2106          	shield_slave	-8.642285e+00	-6.175732e+00	-4.361136e+00
2107          	warmPlate	-8.560780e+00	4.987455e-01	-7.469060e-01
2107          	OVC	-8.989219e+00	6.568555e-01	-4.994455e+00
2107          	shield_slave	-8.642285e+00	-6.175732e+00	-4.361136e+00
2108          	warmPlate	-8.560780e+00	4.987455e-01	-7.469060e-01
2108          	OVC	-8.989219e+00	6.568555e-01	-4.994455e+00
2108          	shield_slave	-8.642285e+00	-6.175732e+00	-4.361136e+00
2109          	warmPlate	-8.560780e+00	4.987455e-01	-7.469060e-01
2109          	OVC	-8.989219e+00	6.568555e-01	-4.994455e+00
2109          	shield_slave	-8.642285e+00	-6.175732e+00	-4.361136e+00
2110          	warmPlate	-8.560780e+00	4.987455e-01	-7.469060e-01
2110          	OVC	-8.989219e+00	6.568555e-01	-4.994455e+00
2110          	shield_slave	-8.642285e+00	-6.175732e+00	-4.361136e+00
2111          	warmPlate	-8.560780e+00	4.987455e-01	-7.469060e-01
2111          	OVC	-8.989219e+00	6.568555e-01	-4.994455e+00
2111          	shield_slave	-8.642285e+00	-6.175732e+00	-4.361136e+00
2112          	warmPlate	-8.560780e+00	4.987455e-01	-7.469060e-01
2112          	OVC	-8.989219e+00	6.568555e-01	-4.994455e+00
2112          	shield_slave	-8.642285e+00	-6.175732e+00	-4.361136e+00
2113          	warmPlate	-8.560780e+00	4.987455e-01	-7.469060e-01
2113          	OVC	-8.989219e+00	6.568555e-01	-4.994455e+00
2113          	shield_slave	-8.642285e+00	-6.175732e+00	-4.361136e+00
2114          	warmPlate	-8.560780e+00	4.987455e-01	-7.469060e-01
2114          	OVC	-8.989219e+00	6.568555e-01	-4.994455e+00
2114          	shield_slave	-8.642285e+00	-6.175732e+00	-4.361136e+00
2115          	warmPlate	-8.560780e+00	4.987455e-01	-7.469060e-01
2115          	OVC	-8.989219e+00	6.568555e-01	-4.994455e+00
2115          	shield_slave	-8.642285e+00	-6.175732e+00	-4.361136e+00
2116          	warmPlate	-8.560780e+00	4.987455e-01	-7.469060e-01
2116          	OVC	-8.989219e+00	6.568555e-01	-4.994455e+00
2116          	shield_slave	-8.642285e+00	-6.175732e+00	-4.361136e+00
2117          	warmPlate	-8.560780e+00	4.987455e-01	-7.469060e-01
2117          	OVC	-8.989219e+00	6.568555e-01	-4.994455e+00
2117          	shield_slave	-8.642285e+00	-6.175732e+00	-4.361136e+00
2118          	warmPlate	-8.560780e+00	4.987455e-01	-7.469060e-01
2118          	OVC	-8.989219e+00	6.568555e-01	-4.994455e+00
2118          	shield_slave	-8.642285e+00	-6.175732e+00	-4.361136e+00
2119          	warmPlate	-8.560780e+00	4.987455e-01	-7.469060e-01
2119          	OVC	-8.989219e+00	6.568555e-01	-4.994455e+00
2119          	shield_slave	-8.642285e+00	-6.175732e+00	-4.361136e+00
2120          	warmPlate	-8.560780e+00	4.987455e-01	-7.469060e-01
2120          	OVC	-8.989219e+00	6.568555e-01	-4.994455e+00
2120          	shield_slave	-8.642285e+00	-6.175732e+00	-4.361136e+00
2121          	warmPlate	-8.560780e+00	4.987455e-01	-7.469060e-01
2121          	OVC	-8.989219e+00	6.568555e-01	-4.994455e+00
2121          	shield_slave	-8.642285e+00	-6.175732e+00	-4.361136e+00
2122          	warmPlate	-8.560780e+00	4.987455e-01	-7.469060e-01
2122          	OVC	-8.989219e+00	6.568555e-01	-4.994455e+00
2122          	shield_slave	-8.642285e+00	-6.175732e+00	-4.361136e+00
2123          	warmPlate	-8.560780e+00	4.987455e-01	-7.469060e-01
2123          	OVC	-8.989219e+00	6.568555e-01	-4.994455e+00
2123          	shield_slave	-8.642285e+00	-6.175732e+00	-4.361136e+00
2124          	warmPlate	-8.560780e+00	4.987455e-01	-7.469060e-01
2124          	OVC	-8.989219e+00	6.568555e-01	-4.994455e+00
2124          	shield_slave	-8.642285e+00	-6.175732e+00	-4.361136e+00
2125          	warmPlate	-8.560780e+00	4.987455e-01	-7.469060e-01
2125          	OVC	-8.989219e+00	6.568555e-01	-4.994455e+00
2125          	shield_slave	-8.642285e+00	-6.175732e+00	-4.361136e+00
2126          	warmPlate	-8.560780e+00	4.987455e-01	-7.469060e-01
2126          	OVC	-8.989219e+00	6.568555e-01	-4.994455e+00
2126          	shield_slave	-8.642285e+00	-6.175732e+00	-4.361136e+00
2127          	warmPlate	-8.560780e+00	4.987455e-01	-7.469060e-01
2127          	OVC	-8.989219e+00	6.568555e-01	-4.994455e+00
2127          	shield_slave	-8.642285e+00	-6.175732e+00	-4.361136e+00
2128          	warmPlate	-8.560780e+00	4.987455e-01	-7.469060e-01
2128          	OVC	-8.989219e+00	6.568555e-01	-4.994455e+00
2128          	shield_slave	-8.642285e+00	-6.175732e+00	-4.361136e+00
2129          	warmPlate	-8.560780e+00	4.987455e-01	-7.469060e-01
2129          	OVC	-8.989219e+00	6.568555e-01	-4.994455e+00
2129          	shield_slave	-8.642285e+00	-6.175732e+00	-4.361136e+00
2130          	warmPlate	-8.560780e+00	4.987455e-01	-7.469060e-01
2130          	OVC	-8.989219e+00	6.568555e-01	-4.994455e+00
2130          	shield_slave	-8.642285e+00	-6.175732e+00	-4.361136e+00
2131          	warmPlate	-8.560780e+00	4.987455e-01	-7.469060e-01
2131          	OVC	-8.989219e+00	6.568555e-01	-4.994455e+00
2131          	shield_slave	-8.642285e+00	-6.175732e+00	-4.361136e+00
2132          	warmPlate	-8.560780e+00	4.987455e-01	-7.469060e-01
2132          	OVC	-8.989219e+00	6.568555e-01	-4.994455e+00
2132          	shield_slave	-8.642285e+00	-6.175732e+00	-4.361136e+00
2133          	warmPlate	-8.560780e+00	4.987455e-01	-7.469060e-01
2133          	OVC	-8.989219e+00	6.568555e-01	-4.994455e+00
2133          	shield_slave	-8.642285e+00	-6.175732e+00	-4.361136e+00
2134          	warmPlate	-8.560780e+00	4.987455e-01	-7.469060e-01
2134          	OVC	-8.989219e+00	6.568555e-01	-4.994455e+00
2134          	shield_slave	-8.642285e+00	-6.175732e+00	-4.361136e+00
2135          	warmPlate	-8.560780e+00	4.987455e-01	-7.469060e-01
2135          	OVC	-8.989219e+00	6.568555e-01	-4.994455e+00
2135          	shield_slave	-8.642285e+00	-6.175732e+00	-4.361136e+00
2136          	warmPlate	-8.560780e+00	4.987455e-01	-7.469060e-01
2136          	OVC	-8.989219e+00	6.568555e-01	-4.994455e+00
2136          	shield_slave	-8.642285e+00	-6.175732e+00	-4.361136e+00
2137          	warmPlate	-8.560780e+00	4.987455e-01	-7.469060e-01
2137          	OVC	-8.989219e+00	6.568555e-01	-4.994455e+00
2137          	shield_slave	-8.642285e+00	-6.175732e+00	-4.361136e+00
2138          	warmPlate	-8.560780e+00	4.987455e-01	-7.469060e-01
2138          	OVC	-8.989219e+00	6.568555e-01	-4.994455e+00
2138          	shield_slave	-8.642285e+00	-6.175732e+00	-4.361136e+00
2139          	warmPlate	-8.560780e+00	4.987455e-01	-7.469060e-01
2139          	OVC	-8.989219e+00	6.568555e-01	-4.994455e+00
2139          	shield_slave	-8.642285e+00	-6.175732e+00	-4.361136e+00
2140          	warmPlate	-8.560780e+00	4.987455e-01	-7.469060e-01
2140          	OVC	-8.989219e+00	6.568555e-01	-4.994455e+00
2140          	shield_slave	-8.642285e+00	-6.175732e+00	-4.361136e+00
2141          	warmPlate	-8.560780e+00	4.987455e-01	-7.469060e-01
2141          	OVC	-8.989219e+00	6.568555e-01	-4.994455e+00
2141          	shield_slave	-8.642285e+00	-6.175732e+00	-4.361136e+00
2142          	warmPlate	-8.560780e+00	4.987455e-01	-7.469060e-01
2142          	OVC	-8.989219e+00	6.568555e-01	-4.994455e+00
2142          	shield_slave	-8.642285e+00	-6.175732e+00	-4.361136e+00
2143          	warmPlate	-8.560780e+00	4.987455e-01	-7.469060e-01
2143          	OVC	-8.989219e+00	6.568555e-01	-4.994455e+00
2143          	shield_slave	-8.642285e+00	-6.175732e+00	-4.361136e+00
2144          	warmPlate	-8.560780e+00	4.987455e-01	-7.469060e-01
2144          	OVC	-8.989219e+00	6.568555e-01	-4.994455e+00
2144          	shield_slave	-8.642285e+00	-6.175732e+00	-4.361136e+00
2145          	warmPlate	-8.560780e+00	4.987455e-01	-7.469060e-01
2145          	OVC	-8.989219e+00	6.568555e-01	-4.994455e+00
2145          	shield_slave	-8.642285e+00	-6.175732e+00	-4.361136e+00
2146          	warmPlate	-8.560780e+00	4.987455e-01	-7.469060e-01
2146          	OVC	-8.989219e+00	6.568555e-01	-4.994455e+00
2146          	shield_slave	-8.642285e+00	-6.175732e+00	-4.361136e+00
2147          	warmPlate	-8.560780e+00	4.987455e-01	-7.469060e-01
2147          	OVC	-8.989219e+00	6.568555e-01	-4.994455e+00
2147          	shield_slave	-8.642285e+00	-6.175732e+00	-4.361136e+00
2148          	warmPlate	-8.560780e+00	4.987455e-01	-7.469060e-01
2148          	OVC	-8.989219e+00	6.568555e-01	-4.994455e+00
2148          	shield_slave	-8.642285e+00	-6.175732e+00	-4.361136e+00
2149          	warmPlate	-8.560780e+00	4.987455e-01	-7.469060e-01
2149          	OVC	-8.989219e+00	6.568555e-01	-4.994455e+00
2149          	shield_slave	-8.642285e+00	-6.175732e+00	-4.361136e+00
2150          	warmPlate	-8.560780e+00	4.987455e-01	-7.469060e-01
2150          	OVC	-8.989219e+00	6.568555e-01	-4.994455e+00
2150          	shield_slave	-8.642285e+00	-6.175732e+00	-4.361136e+00
2151          	warmPlate	-8.560780e+00	4.987455e-01	-7.469060e-01
2151          	OVC	-8.989219e+00	6.568555e-01	-4.994455e+00
2151          	shield_slave	-8.642285e+00	-6.175732e+00	-4.361136e+00
2152          	warmPlate	-8.560780e+00	4.987455e-01	-7.469060e-01
2152          	OVC	-8.989219e+00	6.568555e-01	-4.994455e+00
2152          	shield_slave	-8.642285e+00	-6.175732e+00	-4.361136e+00
2153          	warmPlate	-8.560780e+00	4.987455e-01	-7.469060e-01
2153          	OVC	-8.989219e+00	6.568555e-01	-4.994455e+00
2153          	shield_slave	-8.642285e+00	-6.175732e+00	-4.361136e+00
2154          	warmPlate	-8.560780e+00	4.987455e-01	-7.469060e-01
2154          	OVC	-8.989219e+00	6.568555e-01	-4.994455e+00
2154          	shield_slave	-8.642285e+00	-6.175732e+00	-4.361136e+00
2155          	warmPlate	-8.560780e+00	4.987455e-01	-7.469060e-01
2155          	OVC	-8.989219e+00	6.568555e-01	-4.994455e+00
2155          	shield_slave	-8.642285e+00	-6.175732e+00	-4.361136e+00
2156          	warmPlate	-8.560780e+00	4.987455e-01	-7.469060e-01
2156          	OVC	-8.989219e+00	6.568555e-01	-4.994455e+00
2156          	shield_slave	-8.642285e+00	-6.175732e+00	-4.361136e+00
2157          	warmPlate	-8.560780e+00	4.987455e-01	-7.469060e-01
2157          	OVC	-8.989219e+00	6.568555e-01	-4.994455e+00
2157          	shield_slave	-8.642285e+00	-6.175732e+00	-4.361136e+00
2158          	warmPlate	-8.560780e+00	4.987455e-01	-7.469060e-01
2158          	OVC	-8.989219e+00	6.568555e-01	-4.994455e+00
2158          	shield_slave	-8.642285e+00	-6.175732e+00	-4.361136e+00
2159          	warmPlate	-8.560780e+00	4.987455e-01	-7.469060e-01
2159          	OVC	-8.989219e+00	6.568555e-01	-4.994455e+00
2159          	shield_slave	-8.642285e+00	-6.175732e+00	-4.361136e+00
2160          	warmPlate	-8.560780e+00	4.987455e-01	-7.469060e-01
2160          	OVC	-8.989219e+00	6.568555e-01	-4.994455e+00
2160          	shield_slave	-8.642285e+00	-6.175732e+00	-4.361136e+00
2161          	warmPlate	-8.560780e+00	4.987455e-01	-7.469060e-01
2161          	OVC	-8.989219e+00	6.568555e-01	-4.994455e+00
2161          	shield_slave	-8.642285e+00	-6.175732e+00	-4.361136e+00
2162          	warmPlate	-8.560780e+00	4.987455e-01	-7.469060e-01
2162          	OVC	-8.989219e+00	6.568555e-01	-4.994455e+00
2162          	shield_slave	-8.642285e+00	-6.175732e+00	-4.361136e+00
2163          	warmPlate	-8.560780e+00	4.987455e-01	-7.469060e-01
2163          	OVC	-8.989219e+00	6.568555e-01	-4.994455e+00
2163          	shield_slave	-8.642285e+00	-6.175732e+00	-4.361136e+00
2164          	warmPlate	-8.560780e+00	4.987455e-01	-7.469060e-01
2164          	OVC	-8.989219e+00	6.568555e-01	-4.994455e+00
2164          	shield_slave	-8.642285e+00	-6.175732e+00	-4.361136e+00
2165          	warmPlate	-8.560780e+00	4.987455e-01	-7.469060e-01
2165          	OVC	-8.989219e+00	6.568555e-01	-4.994455e+00
2165          	shield_slave	-8.642285e+00	-6.175732e+00	-4.361136e+00
2166          	warmPlate	-8.560780e+00	4.987455e-01	-7.469060e-01
2166          	OVC	-8.989219e+00	6.568555e-01	-4.994455e+00
2166          	shield_slave	-8.642285e+00	-6.175732e+00	-4.361136e+00
2167          	warmPlate	-8.560780e+00	4.987455e-01	-7.469060e-01
2167          	OVC	-8.989219e+00	6.568555e-01	-4.994455e+00
2167          	shield_slave	-8.642285e+00	-6.175732e+00	-4.361136e+00
2168          	warmPlate	-8.560780e+00	4.987455e-01	-7.469060e-01
2168          	OVC	-8.989219e+00	6.568555e-01	-4.994455e+00
2168          	shield_slave	-8.642285e+00	-6.175732e+00	-4.361136e+00
2169          	warmPlate	-8.560780e+00	4.987455e-01	-7.469060e-01
2169          	OVC	-8.989219e+00	6.568555e-01	-4.994455e+00
2169          	shield_slave	-8.642285e+00	-6.175732e+00	-4.361136e+00
2170          	warmPlate	-8.560780e+00	4.987455e-01	-7.469060e-01
2170          	OVC	-8.989219e+00	6.568555e-01	-4.994455e+00
2170          	shield_slave	-8.642285e+00	-6.175732e+00	-4.361136e+00
2171          	warmPlate	-8.560780e+00	4.987455e-01	-7.469060e-01
2171          	OVC	-8.989219e+00	6.568555e-01	-4.994455e+00
2171          	shield_slave	-8.642285e+00	-6.175732e+00	-4.361136e+00
2172          	warmPlate	-8.560780e+00	4.987455e-01	-7.469060e-01
2172          	OVC	-8.989219e+00	6.568555e-01	-4.994455e+00
2172          	shield_slave	-8.642285e+00	-6.175732e+00	-4.361136e+00
2173          	warmPlate	-8.560780e+00	4.987455e-01	-7.469060e-01
2173          	OVC	-8.989219e+00	6.568555e-01	-4.994455e+00
2173          	shield_slave	-8.642285e+00	-6.175732e+00	-4.361136e+00
2174          	warmPlate	-8.560780e+00	4.987455e-01	-7.469060e-01
2174          	OVC	-8.989219e+00	6.568555e-01	-4.994455e+00
2174          	shield_slave	-8.642285e+00	-6.175732e+00	-4.361136e+00
2175          	warmPlate	-8.560780e+00	4.987455e-01	-7.469060e-01
2175          	OVC	-8.989219e+00	6.568555e-01	-4.994455e+00
2175          	shield_slave	-8.642285e+00	-6.175732e+00	-4.361136e+00
2176          	warmPlate	-8.560780e+00	4.987455e-01	-7.469060e-01
2176          	OVC	-8.989219e+00	6.568555e-01	-4.994455e+00
2176          	shield_slave	-8.642285e+00	-6.175732e+00	-4.361136e+00
2177          	warmPlate	-8.560780e+00	4.987455e-01	-7.469060e-01
2177          	OVC	-8.989219e+00	6.568555e-01	-4.994455e+00
2177          	shield_slave	-8.642285e+00	-6.175732e+00	-4.361136e+00
2178          	warmPlate	-8.560780e+00	4.987455e-01	-7.469060e-01
2178          	OVC	-8.989219e+00	6.568555e-01	-4.994455e+00
2178          	shield_slave	-8.642285e+00	-6.175732e+00	-4.361136e+00
2179          	warmPlate	-8.560780e+00	4.987455e-01	-7.469060e-01
2179          	OVC	-8.989219e+00	6.568555e-01	-4.994455e+00
2179          	shield_slave	-8.642285e+00	-6.175732e+00	-4.361136e+00
2180          	warmPlate	-8.560780e+00	4.987455e-01	-7.469060e-01
2180          	OVC	-8.989219e+00	6.568555e-01	-4.994455e+00
2180          	shield_slave	-8.642285e+00	-6.175732e+00	-4.361136e+00
2181          	warmPlate	-8.560780e+00	4.987455e-01	-7.469060e-01
2181          	OVC	-8.989219e+00	6.568555e-01	-4.994455e+00
2181          	shield_slave	-8.642285e+00	-6.175732e+00	-4.361136e+00
2182          	warmPlate	-8.560780e+00	4.987455e-01	-7.469060e-01
2182          	OVC	-8.989219e+00	6.568555e-01	-4.994455e+00
2182          	shield_slave	-8.642285e+00	-6.175732e+00	-4.361136e+00
2183          	warmPlate	-8.560780e+00	4.987455e-01	-7.469060e-01
2183          	OVC	-8.989219e+00	6.568555e-01	-4.994455e+00
2183          	shield_slave	-8.642285e+00	-6.175732e+00	-4.361136e+00
2184          	warmPlate	-8.560780e+00	4.987455e-01	-7.469060e-01
2184          	OVC	-8.989219e+00	6.568555e-01	-4.994455e+00
2184          	shield_slave	-8.642285e+00	-6.175732e+00	-4.361136e+00
2185          	warmPlate	-8.560780e+00	4.987455e-01	-7.469060e-01
2185          	OVC	-8.989219e+00	6.568555e-01	-4.994455e+00
2185          	shield_slave	-8.642285e+00	-6.175732e+00	-4.361136e+00
2186          	warmPlate	-8.560780e+00	4.987455e-01	-7.469060e-01
2186          	OVC	-8.989219e+00	6.568555e-01	-4.994455e+00
2186          	shield_slave	-8.642285e+00	-6.175732e+00	-4.361136e+00
2187          	warmPlate	-8.560780e+00	4.987455e-01	-7.469060e-01
2187          	OVC	-8.989219e+00	6.568555e-01	-4.994455e+00
2187          	shield_slave	-8.642285e+00	-6.175732e+00	-4.361136e+00
2188          	warmPlate	-8.560780e+00	4.987455e-01	-7.469060e-01
2188          	OVC	-8.989219e+00	6.568555e-01	-4.994455e+00
2188          	shield_slave	-8.642285e+00	-6.175732e+00	-4.361136e+00
2189          	warmPlate	-8.560780e+00	4.987455e-01	-7.469060e-01
2189          	OVC	-8.989219e+00	6.568555e-01	-4.994455e+00
2189          	shield_slave	-8.642285e+00	-6.175732e+00	-4.361136e+00
2190          	warmPlate	-8.560780e+00	4.987455e-01	-7.469060e-01
2190          	OVC	-8.989219e+00	6.568555e-01	-4.994455e+00
2190          	shield_slave	-8.642285e+00	-6.175732e+00	-4.361136e+00
2191          	warmPlate	-8.560780e+00	4.987455e-01	-7.469060e-01
2191          	OVC	-8.989219e+00	6.568555e-01	-4.994455e+00
2191          	shield_slave	-8.642285e+00	-6.175732e+00	-4.361136e+00
2192          	warmPlate	-8.560780e+00	4.987455e-01	-7.469060e-01
2192          	OVC	-8.989219e+00	6.568555e-01	-4.994455e+00
2192          	shield_slave	-8.642285e+00	-6.175732e+00	-4.361136e+00
2193          	warmPlate	-8.560780e+00	4.987455e-01	-7.469060e-01
2193          	OVC	-8.989219e+00	6.568555e-01	-4.994455e+00
2193          	shield_slave	-8.642285e+00	-6.175732e+00	-4.361136e+00
2194          	warmPlate	-8.560780e+00	4.987455e-01	-7.469060e-01
2194          	OVC	-8.989219e+00	6.568555e-01	-4.994455e+00
2194          	shield_slave	-8.642285e+00	-6.175732e+00	-4.361136e+00
2195          	warmPlate	-8.560780e+00	4.987455e-01	-7.469060e-01
2195          	OVC	-8.989219e+00	6.568555e-01	-4.994455e+00
2195          	shield_slave	-8.642285e+00	-6.175732e+00	-4.361136e+00
2196          	warmPlate	-8.560780e+00	4.987455e-01	-7.469060e-01
2196          	OVC	-8.989219e+00	6.568555e-01	-4.994455e+00
2196          	shield_slave	-8.642285e+00	-6.175732e+00	-4.361136e+00
2197          	warmPlate	-8.560780e+00	4.987455e-01	-7.469060e-01
2197          	OVC	-8.989219e+00	6.568555e-01	-4.994455e+00
2197          	shield_slave	-8.642285e+00	-6.175732e+00	-4.361136e+00
2198          	warmPlate	-8.560780e+00	4.987455e-01	-7.469060e-01
2198          	OVC	-8.989219e+00	6.568555e-01	-4.994455e+00
2198          	shield_slave	-8.642285e+00	-6.175732e+00	-4.361136e+00
2199          	warmPlate	-8.560780e+00	4.987455e-01	-7.469060e-01
2199          	OVC	-8.989219e+00	6.568555e-01	-4.994455e+00
2199          	shield_slave	-8.642285e+00	-6.175732e+00	-4.361136e+00
2200          	warmPlate	-8.560780e+00	4.987455e-01	-7.469060e-01
2200          	OVC	-8.989219e+00	6.568555e-01	-4.994455e+00
2200          	shield_slave	-8.642285e+00	-6.175732e+00	-4.361136e+00
2201          	warmPlate	-8.560780e+00	4.987455e-01	-7.469060e-01
2201          	OVC	-8.989219e+00	6.568555e-01	-4.994455e+00
2201          	shield_slave	-8.642285e+00	-6.175732e+00	-4.361136e+00
2202          	warmPlate	-8.560780e+00	4.987455e-01	-7.469060e-01
2202          	OVC	-8.989219e+00	6.568555e-01	-4.994455e+00
2202          	shield_slave	-8.642285e+00	-6.175732e+00	-4.361136e+00
2203          	warmPlate	-8.560780e+00	4.987455e-01	-7.469060e-01
2203          	OVC	-8.989219e+00	6.568555e-01	-4.994455e+00
2203          	shield_slave	-8.642285e+00	-6.175732e+00	-4.361136e+00
2204          	warmPlate	-8.560780e+00	4.987455e-01	-7.469060e-01
2204          	OVC	-8.989219e+00	6.568555e-01	-4.994455e+00
2204          	shield_slave	-8.642285e+00	-6.175732e+00	-4.361136e+00
2205          	warmPlate	-8.560780e+00	4.987455e-01	-7.469060e-01
2205          	OVC	-8.989219e+00	6.568555e-01	-4.994455e+00
2205          	shield_slave	-8.642285e+00	-6.175732e+00	-4.361136e+00
2206          	warmPlate	-8.560780e+00	4.987455e-01	-7.469060e-01
2206          	OVC	-8.989219e+00	6.568555e-01	-4.994455e+00
2206          	shield_slave	-8.642285e+00	-6.175732e+00	-4.361136e+00
2207          	warmPlate	-8.560780e+00	4.987455e-01	-7.469060e-01
2207          	OVC	-8.989219e+00	6.568555e-01	-4.994455e+00
2207          	shield_slave	-8.642285e+00	-6.175732e+00	-4.361136e+00
2208          	warmPlate	-8.560780e+00	4.987455e-01	-7.469060e-01
2208          	OVC	-8.989219e+00	6.568555e-01	-4.994455e+00
2208          	shield_slave	-8.642285e+00	-6.175732e+00	-4.361136e+00
2209          	warmPlate	-8.560780e+00	4.987455e-01	-7.469060e-01
2209          	OVC	-8.989219e+00	6.568555e-01	-4.994455e+00
2209          	shield_slave	-8.642285e+00	-6.175732e+00	-4.361136e+00
2210          	warmPlate	-8.560780e+00	4.987455e-01	-7.469060e-01
2210          	OVC	-8.989219e+00	6.568555e-01	-4.994455e+00
2210          	shield_slave	-8.642285e+00	-6.175732e+00	-4.361136e+00
2211          	warmPlate	-8.560780e+00	4.987455e-01	-7.469060e-01
2211          	OVC	-8.989219e+00	6.568555e-01	-4.994455e+00
2211          	shield_slave	-8.642285e+00	-6.175732e+00	-4.361136e+00
2212          	warmPlate	-8.560780e+00	4.987455e-01	-7.469060e-01
2212          	OVC	-8.989219e+00	6.568555e-01	-4.994455e+00
2212          	shield_slave	-8.642285e+00	-6.175732e+00	-4.361136e+00
2213          	warmPlate	-8.560780e+00	4.987455e-01	-7.469060e-01
2213          	OVC	-8.989219e+00	6.568555e-01	-4.994455e+00
2213          	shield_slave	-8.642285e+00	-6.175732e+00	-4.361136e+00
2214          	warmPlate	-8.560780e+00	4.987455e-01	-7.469060e-01
2214          	OVC	-8.989219e+00	6.568555e-01	-4.994455e+00
2214          	shield_slave	-8.642285e+00	-6.175732e+00	-4.361136e+00
2215          	warmPlate	-8.560780e+00	4.987455e-01	-7.469060e-01
2215          	OVC	-8.989219e+00	6.568555e-01	-4.994455e+00
2215          	shield_slave	-8.642285e+00	-6.175732e+00	-4.361136e+00
2216          	warmPlate	-8.560780e+00	4.987455e-01	-7.469060e-01
2216          	OVC	-8.989219e+00	6.568555e-01	-4.994455e+00
2216          	shield_slave	-8.642285e+00	-6.175732e+00	-4.361136e+00
2217          	warmPlate	-8.560780e+00	4.987455e-01	-7.469060e-01
2217          	OVC	-8.989219e+00	6.568555e-01	-4.994455e+00
2217          	shield_slave	-8.642285e+00	-6.175732e+00	-4.361136e+00
2218          	warmPlate	-8.560780e+00	4.987455e-01	-7.469060e-01
2218          	OVC	-8.989219e+00	6.568555e-01	-4.994455e+00
2218          	shield_slave	-8.642285e+00	-6.175732e+00	-4.361136e+00
2219          	warmPlate	-8.560780e+00	4.987455e-01	-7.469060e-01
2219          	OVC	-8.989219e+00	6.568555e-01	-4.994455e+00
2219          	shield_slave	-8.642285e+00	-6.175732e+00	-4.361136e+00
2220          	warmPlate	-8.560780e+00	4.987455e-01	-7.469060e-01
2220          	OVC	-8.989219e+00	6.568555e-01	-4.994455e+00
2220          	shield_slave	-8.642285e+00	-6.175732e+00	-4.361136e+00
2221          	warmPlate	-8.560780e+00	4.987455e-01	-7.469060e-01
2221          	OVC	-8.989219e+00	6.568555e-01	-4.994455e+00
2221          	shield_slave	-8.642285e+00	-6.175732e+00	-4.361136e+00
2222          	warmPlate	-8.560780e+00	4.987455e-01	-7.469060e-01
2222          	OVC	-8.989219e+00	6.568555e-01	-4.994455e+00
2222          	shield_slave	-8.642285e+00	-6.175732e+00	-4.361136e+00
2223          	warmPlate	-8.560780e+00	4.987455e-01	-7.469060e-01
2223          	OVC	-8.989219e+00	6.568555e-01	-4.994455e+00
2223          	shield_slave	-8.642285e+00	-6.175732e+00	-4.361136e+00
2224          	warmPlate	-8.560780e+00	4.987455e-01	-7.469060e-01
2224          	OVC	-8.989219e+00	6.568555e-01	-4.994455e+00
2224          	shield_slave	-8.642285e+00	-6.175732e+00	-4.361136e+00
2225          	warmPlate	-8.560780e+00	4.987455e-01	-7.469060e-01
2225          	OVC	-8.989219e+00	6.568555e-01	-4.994455e+00
2225          	shield_slave	-8.642285e+00	-6.175732e+00	-4.361136e+00
2226          	warmPlate	-8.560780e+00	4.987455e-01	-7.469060e-01
2226          	OVC	-8.989219e+00	6.568555e-01	-4.994455e+00
2226          	shield_slave	-8.642285e+00	-6.175732e+00	-4.361136e+00
2227          	warmPlate	-8.560780e+00	4.987455e-01	-7.469060e-01
2227          	OVC	-8.989219e+00	6.568555e-01	-4.994455e+00
2227          	shield_slave	-8.642285e+00	-6.175732e+00	-4.361136e+00
2228          	warmPlate	-8.560780e+00	4.987455e-01	-7.469060e-01
2228          	OVC	-8.989219e+00	6.568555e-01	-4.994455e+00
2228          	shield_slave	-8.642285e+00	-6.175732e+00	-4.361136e+00
2229          	warmPlate	-8.560780e+00	4.987455e-01	-7.469060e-01
2229          	OVC	-8.989219e+00	6.568555e-01	-4.994455e+00
2229          	shield_slave	-8.642285e+00	-6.175732e+00	-4.361136e+00
2230          	warmPlate	-8.560780e+00	4.987455e-01	-7.469060e-01
2230          	OVC	-8.989219e+00	6.568555e-01	-4.994455e+00
2230          	shield_slave	-8.642285e+00	-6.175732e+00	-4.361136e+00
2231          	warmPlate	-8.560780e+00	4.987455e-01	-7.469060e-01
2231          	OVC	-8.989219e+00	6.568555e-01	-4.994455e+00
2231          	shield_slave	-8.642285e+00	-6.175732e+00	-4.361136e+00
2232          	warmPlate	-8.560780e+00	4.987455e-01	-7.469060e-01
2232          	OVC	-8.989219e+00	6.568555e-01	-4.994455e+00
2232          	shield_slave	-8.642285e+00	-6.175732e+00	-4.361136e+00
2233          	warmPlate	-8.560780e+00	4.987455e-01	-7.469060e-01
2233          	OVC	-8.989219e+00	6.568555e-01	-4.994455e+00
2233          	shield_slave	-8.642285e+00	-6.175732e+00	-4.361136e+00
2234          	warmPlate	-8.560780e+00	4.987455e-01	-7.469060e-01
2234          	OVC	-8.989219e+00	6.568555e-01	-4.994455e+00
2234          	shield_slave	-8.642285e+00	-6.175732e+00	-4.361136e+00
2235          	warmPlate	-8.560780e+00	4.987455e-01	-7.469060e-01
2235          	OVC	-8.989219e+00	6.568555e-01	-4.994455e+00
2235          	shield_slave	-8.642285e+00	-6.175732e+00	-4.361136e+00
2236          	warmPlate	-8.560780e+00	4.987455e-01	-7.469060e-01
2236          	OVC	-8.989219e+00	6.568555e-01	-4.994455e+00
2236          	shield_slave	-8.642285e+00	-6.175732e+00	-4.361136e+00
2237          	warmPlate	-8.560780e+00	4.987455e-01	-7.469060e-01
2237          	OVC	-8.989219e+00	6.568555e-01	-4.994455e+00
2237          	shield_slave	-8.642285e+00	-6.175732e+00	-4.361136e+00
2238          	warmPlate	-8.560780e+00	4.987455e-01	-7.469060e-01
2238          	OVC	-8.989219e+00	6.568555e-01	-4.994455e+00
2238          	shield_slave	-8.642285e+00	-6.175732e+00	-4.361136e+00
2239          	warmPlate	-8.560780e+00	4.987455e-01	-7.469060e-01
2239          	OVC	-8.989219e+00	6.568555e-01	-4.994455e+00
2239          	shield_slave	-8.642285e+00	-6.175732e+00	-4.361136e+00
2240          	warmPlate	-8.560780e+00	4.987455e-01	-7.469060e-01
2240          	OVC	-8.989219e+00	6.568555e-01	-4.994455e+00
2240          	shield_slave	-8.642285e+00	-6.175732e+00	-4.361136e+00
2241          	warmPlate	-8.560780e+00	4.987455e-01	-7.469060e-01
2241          	OVC	-8.989219e+00	6.568555e-01	-4.994455e+00
2241          	shield_slave	-8.642285e+00	-6.175732e+00	-4.361136e+00
2242          	warmPlate	-8.560780e+00	4.987455e-01	-7.469060e-01
2242          	OVC	-8.989219e+00	6.568555e-01	-4.994455e+00
2242          	shield_slave	-8.642285e+00	-6.175732e+00	-4.361136e+00
2243          	warmPlate	-8.560780e+00	4.987455e-01	-7.469060e-01
2243          	OVC	-8.989219e+00	6.568555e-01	-4.994455e+00
2243          	shield_slave	-8.642285e+00	-6.175732e+00	-4.361136e+00
2244          	warmPlate	-8.560780e+00	4.987455e-01	-7.469060e-01
2244          	OVC	-8.989219e+00	6.568555e-01	-4.994455e+00
2244          	shield_slave	-8.642285e+00	-6.175732e+00	-4.361136e+00
2245          	warmPlate	-8.560780e+00	4.987455e-01	-7.469060e-01
2245          	OVC	-8.989219e+00	6.568555e-01	-4.994455e+00
2245          	shield_slave	-8.642285e+00	-6.175732e+00	-4.361136e+00
2246          	warmPlate	-8.560780e+00	4.987455e-01	-7.469060e-01
2246          	OVC	-8.989219e+00	6.568555e-01	-4.994455e+00
2246          	shield_slave	-8.642285e+00	-6.175732e+00	-4.361136e+00
2247          	warmPlate	-8.560780e+00	4.987455e-01	-7.469060e-01
2247          	OVC	-8.989219e+00	6.568555e-01	-4.994455e+00
2247          	shield_slave	-8.642285e+00	-6.175732e+00	-4.361136e+00
2248          	warmPlate	-8.560780e+00	4.987455e-01	-7.469060e-01
2248          	OVC	-8.989219e+00	6.568555e-01	-4.994455e+00
2248          	shield_slave	-8.642285e+00	-6.175732e+00	-4.361136e+00
2249          	warmPlate	-8.560780e+00	4.987455e-01	-7.469060e-01
2249          	OVC	-8.989219e+00	6.568555e-01	-4.994455e+00
2249          	shield_slave	-8.642285e+00	-6.175732e+00	-4.361136e+00
2250          	warmPlate	-8.560780e+00	4.987455e-01	-7.469060e-01
2250          	OVC	-8.989219e+00	6.568555e-01	-4.994455e+00
2250          	shield_slave	-8.642285e+00	-6.175732e+00	-4.361136e+00
2251          	warmPlate	-8.560780e+00	4.987455e-01	-7.469060e-01
2251          	OVC	-8.989219e+00	6.568555e-01	-4.994455e+00
2251          	shield_slave	-8.642285e+00	-6.175732e+00	-4.361136e+00
2252          	warmPlate	-8.560780e+00	4.987455e-01	-7.469060e-01
2252          	OVC	-8.989219e+00	6.568555e-01	-4.994455e+00
2252          	shield_slave	-8.642285e+00	-6.175732e+00	-4.361136e+00
2253          	warmPlate	-8.560780e+00	4.987455e-01	-7.469060e-01
2253          	OVC	-8.989219e+00	6.568555e-01	-4.994455e+00
2253          	shield_slave	-8.642285e+00	-6.175732e+00	-4.361136e+00
2254          	warmPlate	-8.560780e+00	4.987455e-01	-7.469060e-01
2254          	OVC	-8.989219e+00	6.568555e-01	-4.994455e+00
2254          	shield_slave	-8.642285e+00	-6.175732e+00	-4.361136e+00
2255          	warmPlate	-8.560780e+00	4.987455e-01	-7.469060e-01
2255          	OVC	-8.989219e+00	6.568555e-01	-4.994455e+00
2255          	shield_slave	-8.642285e+00	-6.175732e+00	-4.361136e+00
2256          	warmPlate	-8.560780e+00	4.987455e-01	-7.469060e-01
2256          	OVC	-8.989219e+00	6.568555e-01	-4.994455e+00
2256          	shield_slave	-8.642285e+00	-6.175732e+00	-4.361136e+00
2257          	warmPlate	-8.560780e+00	4.987455e-01	-7.469060e-01
2257          	OVC	-8.989219e+00	6.568555e-01	-4.994455e+00
2257          	shield_slave	-8.642285e+00	-6.175732e+00	-4.361136e+00
2258          	warmPlate	-8.560780e+00	4.987455e-01	-7.469060e-01
2258          	OVC	-8.989219e+00	6.568555e-01	-4.994455e+00
2258          	shield_slave	-8.642285e+00	-6.175732e+00	-4.361136e+00
2259          	warmPlate	-8.560780e+00	4.987455e-01	-7.469060e-01
2259          	OVC	-8.989219e+00	6.568555e-01	-4.994455e+00
2259          	shield_slave	-8.642285e+00	-6.175732e+00	-4.361136e+00
2260          	warmPlate	-8.560780e+00	4.987455e-01	-7.469060e-01
2260          	OVC	-8.989219e+00	6.568555e-01	-4.994455e+00
2260          	shield_slave	-8.642285e+00	-6.175732e+00	-4.361136e+00
2261          	warmPlate	-8.560780e+00	4.987455e-01	-7.469060e-01
2261          	OVC	-8.989219e+00	6.568555e-01	-4.994455e+00
2261          	shield_slave	-8.642285e+00	-6.175732e+00	-4.361136e+00
2262          	warmPlate	-8.560780e+00	4.987455e-01	-7.469060e-01
2262          	OVC	-8.989219e+00	6.568555e-01	-4.994455e+00
2262          	shield_slave	-8.642285e+00	-6.175732e+00	-4.361136e+00
2263          	warmPlate	-8.560780e+00	4.987455e-01	-7.469060e-01
2263          	OVC	-8.989219e+00	6.568555e-01	-4.994455e+00
2263          	shield_slave	-8.642285e+00	-6.175732e+00	-4.361136e+00
2264          	warmPlate	-8.560780e+00	4.987455e-01	-7.469060e-01
2264          	OVC	-8.989219e+00	6.568555e-01	-4.994455e+00
2264          	shield_slave	-8.642285e+00	-6.175732e+00	-4.361136e+00
2265          	warmPlate	-8.560780e+00	4.987455e-01	-7.469060e-01
2265          	OVC	-8.989219e+00	6.568555e-01	-4.994455e+00
2265          	shield_slave	-8.642285e+00	-6.175732e+00	-4.361136e+00
2266          	warmPlate	-8.560780e+00	4.987455e-01	-7.469060e-01
2266          	OVC	-8.989219e+00	6.568555e-01	-4.994455e+00
2266          	shield_slave	-8.642285e+00	-6.175732e+00	-4.361136e+00
2267          	warmPlate	-8.560780e+00	4.987455e-01	-7.469060e-01
2267          	OVC	-8.989219e+00	6.568555e-01	-4.994455e+00
2267          	shield_slave	-8.642285e+00	-6.175732e+00	-4.361136e+00
2268          	warmPlate	-8.560780e+00	4.987455e-01	-7.469060e-01
2268          	OVC	-8.989219e+00	6.568555e-01	-4.994455e+00
2268          	shield_slave	-8.642285e+00	-6.175732e+00	-4.361136e+00
2269          	warmPlate	-8.560780e+00	4.987455e-01	-7.469060e-01
2269          	OVC	-8.989219e+00	6.568555e-01	-4.994455e+00
2269          	shield_slave	-8.642285e+00	-6.175732e+00	-4.361136e+00
2270          	warmPlate	-8.560780e+00	4.987455e-01	-7.469060e-01
2270          	OVC	-8.989219e+00	6.568555e-01	-4.994455e+00
2270          	shield_slave	-8.642285e+00	-6.175732e+00	-4.361136e+00
2271          	warmPlate	-8.560780e+00	4.987455e-01	-7.469060e-01
2271          	OVC	-8.989219e+00	6.568555e-01	-4.994455e+00
2271          	shield_slave	-8.642285e+00	-6.175732e+00	-4.361136e+00
2272          	warmPlate	-8.560780e+00	4.987455e-01	-7.469060e-01
2272          	OVC	-8.989219e+00	6.568555e-01	-4.994455e+00
2272          	shield_slave	-8.642285e+00	-6.175732e+00	-4.361136e+00
2273          	warmPlate	-8.560780e+00	4.987455e-01	-7.469060e-01
2273          	OVC	-8.989219e+00	6.568555e-01	-4.994455e+00
2273          	shield_slave	-8.642285e+00	-6.175732e+00	-4.361136e+00
2274          	warmPlate	-8.560780e+00	4.987455e-01	-7.469060e-01
2274          	OVC	-8.989219e+00	6.568555e-01	-4.994455e+00
2274          	shield_slave	-8.642285e+00	-6.175732e+00	-4.361136e+00
2275          	warmPlate	-8.560780e+00	4.987455e-01	-7.469060e-01
2275          	OVC	-8.989219e+00	6.568555e-01	-4.994455e+00
2275          	shield_slave	-8.642285e+00	-6.175732e+00	-4.361136e+00
2276          	warmPlate	-8.560780e+00	4.987455e-01	-7.469060e-01
2276          	OVC	-8.989219e+00	6.568555e-01	-4.994455e+00
2276          	shield_slave	-8.642285e+00	-6.175732e+00	-4.361136e+00
2277          	warmPlate	-8.560780e+00	4.987455e-01	-7.469060e-01
2277          	OVC	-8.989219e+00	6.568555e-01	-4.994455e+00
2277          	shield_slave	-8.642285e+00	-6.175732e+00	-4.361136e+00
2278          	warmPlate	-8.560780e+00	4.987455e-01	-7.469060e-01
2278          	OVC	-8.989219e+00	6.568555e-01	-4.994455e+00
2278          	shield_slave	-8.642285e+00	-6.175732e+00	-4.361136e+00
2279          	warmPlate	-8.560780e+00	4.987455e-01	-7.469060e-01
2279          	OVC	-8.989219e+00	6.568555e-01	-4.994455e+00
2279          	shield_slave	-8.642285e+00	-6.175732e+00	-4.361136e+00
2280          	warmPlate	-8.560780e+00	4.987455e-01	-7.469060e-01
2280          	OVC	-8.989219e+00	6.568555e-01	-4.994455e+00
2280          	shield_slave	-8.642285e+00	-6.175732e+00	-4.361136e+00
2281          	warmPlate	-8.560780e+00	4.987455e-01	-7.469060e-01
2281          	OVC	-8.989219e+00	6.568555e-01	-4.994455e+00
2281          	shield_slave	-8.642285e+00	-6.175732e+00	-4.361136e+00
2282          	warmPlate	-8.560780e+00	4.987455e-01	-7.469060e-01
2282          	OVC	-8.989219e+00	6.568555e-01	-4.994455e+00
2282          	shield_slave	-8.642285e+00	-6.175732e+00	-4.361136e+00
2283          	warmPlate	-8.560780e+00	4.987455e-01	-7.469060e-01
2283          	OVC	-8.989219e+00	6.568555e-01	-4.994455e+00
2283          	shield_slave	-8.642285e+00	-6.175732e+00	-4.361136e+00
2284          	warmPlate	-8.560780e+00	4.987455e-01	-7.469060e-01
2284          	OVC	-8.989219e+00	6.568555e-01	-4.994455e+00
2284          	shield_slave	-8.642285e+00	-6.175732e+00	-4.361136e+00
2285          	warmPlate	-8.560780e+00	4.987455e-01	-7.469060e-01
2285          	OVC	-8.989219e+00	6.568555e-01	-4.994455e+00
2285          	shield_slave	-8.642285e+00	-6.175732e+00	-4.361136e+00
2286          	warmPlate	-8.560780e+00	4.987455e-01	-7.469060e-01
2286          	OVC	-8.989219e+00	6.568555e-01	-4.994455e+00
2286          	shield_slave	-8.642285e+00	-6.175732e+00	-4.361136e+00
2287          	warmPlate	-8.560780e+00	4.987455e-01	-7.469060e-01
2287          	OVC	-8.989219e+00	6.568555e-01	-4.994455e+00
2287          	shield_slave	-8.642285e+00	-6.175732e+00	-4.361136e+00
2288          	warmPlate	-8.560780e+00	4.987455e-01	-7.469060e-01
2288          	OVC	-8.989219e+00	6.568555e-01	-4.994455e+00
2288          	shield_slave	-8.642285e+00	-6.175732e+00	-4.361136e+00
2289          	warmPlate	-8.560780e+00	4.987455e-01	-7.469060e-01
2289          	OVC	-8.989219e+00	6.568555e-01	-4.994455e+00
2289          	shield_slave	-8.642285e+00	-6.175732e+00	-4.361136e+00
2290          	warmPlate	-8.560780e+00	4.987455e-01	-7.469060e-01
2290          	OVC	-8.989219e+00	6.568555e-01	-4.994455e+00
2290          	shield_slave	-8.642285e+00	-6.175732e+00	-4.361136e+00
2291          	warmPlate	-8.560780e+00	4.987455e-01	-7.469060e-01
2291          	OVC	-8.989219e+00	6.568555e-01	-4.994455e+00
2291          	shield_slave	-8.642285e+00	-6.175732e+00	-4.361136e+00
2292          	warmPlate	-8.560780e+00	4.987455e-01	-7.469060e-01
2292          	OVC	-8.989219e+00	6.568555e-01	-4.994455e+00
2292          	shield_slave	-8.642285e+00	-6.175732e+00	-4.361136e+00
2293          	warmPlate	-8.560780e+00	4.987455e-01	-7.469060e-01
2293          	OVC	-8.989219e+00	6.568555e-01	-4.994455e+00
2293          	shield_slave	-8.642285e+00	-6.175732e+00	-4.361136e+00
2294          	warmPlate	-8.560780e+00	4.987455e-01	-7.469060e-01
2294          	OVC	-8.989219e+00	6.568555e-01	-4.994455e+00
2294          	shield_slave	-8.642285e+00	-6.175732e+00	-4.361136e+00
2295          	warmPlate	-8.560780e+00	4.987455e-01	-7.469060e-01
2295          	OVC	-8.989219e+00	6.568555e-01	-4.994455e+00
2295          	shield_slave	-8.642285e+00	-6.175732e+00	-4.361136e+00
2296          	warmPlate	-8.560780e+00	4.987455e-01	-7.469060e-01
2296          	OVC	-8.989219e+00	6.568555e-01	-4.994455e+00
2296          	shield_slave	-8.642285e+00	-6.175732e+00	-4.361136e+00
2297          	warmPlate	-8.560780e+00	4.987455e-01	-7.469060e-01
2297          	OVC	-8.989219e+00	6.568555e-01	-4.994455e+00
2297          	shield_slave	-8.642285e+00	-6.175732e+00	-4.361136e+00
2298          	warmPlate	-8.560780e+00	4.987455e-01	-7.469060e-01
2298          	OVC	-8.989219e+00	6.568555e-01	-4.994455e+00
2298          	shield_slave	-8.642285e+00	-6.175732e+00	-4.361136e+00
2299          	warmPlate	-8.560780e+00	4.987455e-01	-7.469060e-01
2299          	OVC	-8.989219e+00	6.568555e-01	-4.994455e+00
2299          	shield_slave	-8.642285e+00	-6.175732e+00	-4.361136e+00
2300          	warmPlate	-8.560780e+00	4.987455e-01	-7.469060e-01
2300          	OVC	-8.989219e+00	6.568555e-01	-4.994455e+00
2300          	shield_slave	-8.642285e+00	-6.175732e+00	-4.361136e+00
2301          	warmPlate	-8.560780e+00	4.987455e-01	-7.469060e-01
2301          	OVC	-8.989219e+00	6.568555e-01	-4.994455e+00
2301          	shield_slave	-8.642285e+00	-6.175732e+00	-4.361136e+00
2302          	warmPlate	-8.560780e+00	4.987455e-01	-7.469060e-01
2302          	OVC	-8.989219e+00	6.568555e-01	-4.994455e+00
2302          	shield_slave	-8.642285e+00	-6.175732e+00	-4.361136e+00
2303          	warmPlate	-8.560780e+00	4.987455e-01	-7.469060e-01
2303          	OVC	-8.989219e+00	6.568555e-01	-4.994455e+00
2303          	shield_slave	-8.642285e+00	-6.175732e+00	-4.361136e+00
2304          	warmPlate	-8.560780e+00	4.987455e-01	-7.469060e-01
2304          	OVC	-8.989219e+00	6.568555e-01	-4.994455e+00
2304          	shield_slave	-8.642285e+00	-6.175732e+00	-4.361136e+00
2305          	warmPlate	-8.560780e+00	4.987455e-01	-7.469060e-01
2305          	OVC	-8.989219e+00	6.568555e-01	-4.994455e+00
2305          	shield_slave	-8.642285e+00	-6.175732e+00	-4.361136e+00
2306          	warmPlate	-8.560780e+00	4.987455e-01	-7.469060e-01
2306          	OVC	-8.989219e+00	6.568555e-01	-4.994455e+00
2306          	shield_slave	-8.642285e+00	-6.175732e+00	-4.361136e+00
2307          	warmPlate	-8.560780e+00	4.987455e-01	-7.469060e-01
2307          	OVC	-8.989219e+00	6.568555e-01	-4.994455e+00
2307          	shield_slave	-8.642285e+00	-6.175732e+00	-4.361136e+00
2308          	warmPlate	-8.560780e+00	4.987455e-01	-7.469060e-01
2308          	OVC	-8.989219e+00	6.568555e-01	-4.994455e+00
2308          	shield_slave	-8.642285e+00	-6.175732e+00	-4.361136e+00
2309          	warmPlate	-8.560780e+00	4.987455e-01	-7.469060e-01
2309          	OVC	-8.989219e+00	6.568555e-01	-4.994455e+00
2309          	shield_slave	-8.642285e+00	-6.175732e+00	-4.361136e+00
2310          	warmPlate	-8.560780e+00	4.987455e-01	-7.469060e-01
2310          	OVC	-8.989219e+00	6.568555e-01	-4.994455e+00
2310          	shield_slave	-8.642285e+00	-6.175732e+00	-4.361136e+00
2311          	warmPlate	-8.560780e+00	4.987455e-01	-7.469060e-01
2311          	OVC	-8.989219e+00	6.568555e-01	-4.994455e+00
2311          	shield_slave	-8.642285e+00	-6.175732e+00	-4.361136e+00
2312          	warmPlate	-8.560780e+00	4.987455e-01	-7.469060e-01
2312          	OVC	-8.989219e+00	6.568555e-01	-4.994455e+00
2312          	shield_slave	-8.642285e+00	-6.175732e+00	-4.361136e+00
2313          	warmPlate	-8.560780e+00	4.987455e-01	-7.469060e-01
2313          	OVC	-8.989219e+00	6.568555e-01	-4.994455e+00
2313          	shield_slave	-8.642285e+00	-6.175732e+00	-4.361136e+00
2314          	warmPlate	-8.560780e+00	4.987455e-01	-7.469060e-01
2314          	OVC	-8.989219e+00	6.568555e-01	-4.994455e+00
2314          	shield_slave	-8.642285e+00	-6.175732e+00	-4.361136e+00
2315          	warmPlate	-8.560780e+00	4.987455e-01	-7.469060e-01
2315          	OVC	-8.989219e+00	6.568555e-01	-4.994455e+00
2315          	shield_slave	-8.642285e+00	-6.175732e+00	-4.361136e+00
2316          	warmPlate	-8.560780e+00	4.987455e-01	-7.469060e-01
2316          	OVC	-8.989219e+00	6.568555e-01	-4.994455e+00
2316          	shield_slave	-8.642285e+00	-6.175732e+00	-4.361136e+00
2317          	warmPlate	-8.560780e+00	4.987455e-01	-7.469060e-01
2317          	OVC	-8.989219e+00	6.568555e-01	-4.994455e+00
2317          	shield_slave	-8.642285e+00	-6.175732e+00	-4.361136e+00
2318          	warmPlate	-8.560780e+00	4.987455e-01	-7.469060e-01
2318          	OVC	-8.989219e+00	6.568555e-01	-4.994455e+00
2318          	shield_slave	-8.642285e+00	-6.175732e+00	-4.361136e+00
2319          	warmPlate	-8.560780e+00	4.987455e-01	-7.469060e-01
2319          	OVC	-8.989219e+00	6.568555e-01	-4.994455e+00
2319          	shield_slave	-8.642285e+00	-6.175732e+00	-4.361136e+00
2320          	warmPlate	-8.560780e+00	4.987455e-01	-7.469060e-01
2320          	OVC	-8.989219e+00	6.568555e-01	-4.994455e+00
2320          	shield_slave	-8.642285e+00	-6.175732e+00	-4.361136e+00
2321          	warmPlate	-8.560780e+00	4.987455e-01	-7.469060e-01
2321          	OVC	-8.989219e+00	6.568555e-01	-4.994455e+00
2321          	shield_slave	-8.642285e+00	-6.175732e+00	-4.361136e+00
2322          	warmPlate	-8.560780e+00	4.987455e-01	-7.469060e-01
2322          	OVC	-8.989219e+00	6.568555e-01	-4.994455e+00
2322          	shield_slave	-8.642285e+00	-6.175732e+00	-4.361136e+00
2323          	warmPlate	-8.560780e+00	4.987455e-01	-7.469060e-01
2323          	OVC	-8.989219e+00	6.568555e-01	-4.994455e+00
2323          	shield_slave	-8.642285e+00	-6.175732e+00	-4.361136e+00
2324          	warmPlate	-8.560780e+00	4.987455e-01	-7.469060e-01
2324          	OVC	-8.989219e+00	6.568555e-01	-4.994455e+00
2324          	shield_slave	-8.642285e+00	-6.175732e+00	-4.361136e+00
2325          	warmPlate	-8.560780e+00	4.987455e-01	-7.469060e-01
2325          	OVC	-8.989219e+00	6.568555e-01	-4.994455e+00
2325          	shield_slave	-8.642285e+00	-6.175732e+00	-4.361136e+00
2326          	warmPlate	-8.560780e+00	4.987455e-01	-7.469060e-01
2326          	OVC	-8.989219e+00	6.568555e-01	-4.994455e+00
2326          	shield_slave	-8.642285e+00	-6.175732e+00	-4.361136e+00
2327          	warmPlate	-8.560780e+00	4.987455e-01	-7.469060e-01
2327          	OVC	-8.989219e+00	6.568555e-01	-4.994455e+00
2327          	shield_slave	-8.642285e+00	-6.175732e+00	-4.361136e+00
2328          	warmPlate	-8.560780e+00	4.987455e-01	-7.469060e-01
2328          	OVC	-8.989219e+00	6.568555e-01	-4.994455e+00
2328          	shield_slave	-8.642285e+00	-6.175732e+00	-4.361136e+00
2329          	warmPlate	-8.560780e+00	4.987455e-01	-7.469060e-01
2329          	OVC	-8.989219e+00	6.568555e-01	-4.994455e+00
2329          	shield_slave	-8.642285e+00	-6.175732e+00	-4.361136e+00
2330          	warmPlate	-8.560780e+00	4.987455e-01	-7.469060e-01
2330          	OVC	-8.989219e+00	6.568555e-01	-4.994455e+00
2330          	shield_slave	-8.642285e+00	-6.175732e+00	-4.361136e+00
2331          	warmPlate	-8.560780e+00	4.987455e-01	-7.469060e-01
2331          	OVC	-8.989219e+00	6.568555e-01	-4.994455e+00
2331          	shield_slave	-8.642285e+00	-6.175732e+00	-4.361136e+00
2332          	warmPlate	-8.560780e+00	4.987455e-01	-7.469060e-01
2332          	OVC	-8.989219e+00	6.568555e-01	-4.994455e+00
2332          	shield_slave	-8.642285e+00	-6.175732e+00	-4.361136e+00
2333          	warmPlate	-8.560780e+00	4.987455e-01	-7.469060e-01
2333          	OVC	-8.989219e+00	6.568555e-01	-4.994455e+00
2333          	shield_slave	-8.642285e+00	-6.175732e+00	-4.361136e+00
2334          	warmPlate	-8.560780e+00	4.987455e-01	-7.469060e-01
2334          	OVC	-8.989219e+00	6.568555e-01	-4.994455e+00
2334          	shield_slave	-8.642285e+00	-6.175732e+00	-4.361136e+00
2335          	warmPlate	-8.560780e+00	4.987455e-01	-7.469060e-01
2335          	OVC	-8.989219e+00	6.568555e-01	-4.994455e+00
2335          	shield_slave	-8.642285e+00	-6.175732e+00	-4.361136e+00
2336          	warmPlate	-8.560780e+00	4.987455e-01	-7.469060e-01
2336          	OVC	-8.989219e+00	6.568555e-01	-4.994455e+00
2336          	shield_slave	-8.642285e+00	-6.175732e+00	-4.361136e+00
2337          	warmPlate	-8.560780e+00	4.987455e-01	-7.469060e-01
2337          	OVC	-8.989219e+00	6.568555e-01	-4.994455e+00
2337          	shield_slave	-8.642285e+00	-6.175732e+00	-4.361136e+00
2338          	warmPlate	-8.560780e+00	4.987455e-01	-7.469060e-01
2338          	OVC	-8.989219e+00	6.568555e-01	-4.994455e+00
2338          	shield_slave	-8.642285e+00	-6.175732e+00	-4.361136e+00
2339          	warmPlate	-8.560780e+00	4.987455e-01	-7.469060e-01
2339          	OVC	-8.989219e+00	6.568555e-01	-4.994455e+00
2339          	shield_slave	-8.642285e+00	-6.175732e+00	-4.361136e+00
2340          	warmPlate	-8.560780e+00	4.987455e-01	-7.469060e-01
2340          	OVC	-8.989219e+00	6.568555e-01	-4.994455e+00
2340          	shield_slave	-8.642285e+00	-6.175732e+00	-4.361136e+00
2341          	warmPlate	-8.560780e+00	4.987455e-01	-7.469060e-01
2341          	OVC	-8.989219e+00	6.568555e-01	-4.994455e+00
2341          	shield_slave	-8.642285e+00	-6.175732e+00	-4.361136e+00
2342          	warmPlate	-8.560780e+00	4.987455e-01	-7.469060e-01
2342          	OVC	-8.989219e+00	6.568555e-01	-4.994455e+00
2342          	shield_slave	-8.642285e+00	-6.175732e+00	-4.361136e+00
2343          	warmPlate	-8.560780e+00	4.987455e-01	-7.469060e-01
2343          	OVC	-8.989219e+00	6.568555e-01	-4.994455e+00
2343          	shield_slave	-8.642285e+00	-6.175732e+00	-4.361136e+00
2344          	warmPlate	-8.560780e+00	4.987455e-01	-7.469060e-01
2344          	OVC	-8.989219e+00	6.568555e-01	-4.994455e+00
2344          	shield_slave	-8.642285e+00	-6.175732e+00	-4.361136e+00
2345          	warmPlate	-8.560780e+00	4.987455e-01	-7.469060e-01
2345          	OVC	-8.989219e+00	6.568555e-01	-4.994455e+00
2345          	shield_slave	-8.642285e+00	-6.175732e+00	-4.361136e+00
2346          	warmPlate	-8.560780e+00	4.987455e-01	-7.469060e-01
2346          	OVC	-8.989219e+00	6.568555e-01	-4.994455e+00
2346          	shield_slave	-8.642285e+00	-6.175732e+00	-4.361136e+00
2347          	warmPlate	-8.560780e+00	4.987455e-01	-7.469060e-01
2347          	OVC	-8.989219e+00	6.568555e-01	-4.994455e+00
2347          	shield_slave	-8.642285e+00	-6.175732e+00	-4.361136e+00
2348          	warmPlate	-8.560780e+00	4.987455e-01	-7.469060e-01
2348          	OVC	-8.989219e+00	6.568555e-01	-4.994455e+00
2348          	shield_slave	-8.642285e+00	-6.175732e+00	-4.361136e+00
2349          	warmPlate	-8.560780e+00	4.987455e-01	-7.469060e-01
2349          	OVC	-8.989219e+00	6.568555e-01	-4.994455e+00
2349          	shield_slave	-8.642285e+00	-6.175732e+00	-4.361136e+00
2350          	warmPlate	-8.560780e+00	4.987455e-01	-7.469060e-01
2350          	OVC	-8.989219e+00	6.568555e-01	-4.994455e+00
2350          	shield_slave	-8.642285e+00	-6.175732e+00	-4.361136e+00
2351          	warmPlate	-8.560780e+00	4.987455e-01	-7.469060e-01
2351          	OVC	-8.989219e+00	6.568555e-01	-4.994455e+00
2351          	shield_slave	-8.642285e+00	-6.175732e+00	-4.361136e+00
2352          	warmPlate	-8.560780e+00	4.987455e-01	-7.469060e-01
2352          	OVC	-8.989219e+00	6.568555e-01	-4.994455e+00
2352          	shield_slave	-8.642285e+00	-6.175732e+00	-4.361136e+00
2353          	warmPlate	-8.560780e+00	4.987455e-01	-7.469060e-01
2353          	OVC	-8.989219e+00	6.568555e-01	-4.994455e+00
2353          	shield_slave	-8.642285e+00	-6.175732e+00	-4.361136e+00
2354          	warmPlate	-8.560780e+00	4.987455e-01	-7.469060e-01
2354          	OVC	-8.989219e+00	6.568555e-01	-4.994455e+00
2354          	shield_slave	-8.642285e+00	-6.175732e+00	-4.361136e+00
2355          	warmPlate	-8.560780e+00	4.987455e-01	-7.469060e-01
2355          	OVC	-8.989219e+00	6.568555e-01	-4.994455e+00
2355          	shield_slave	-8.642285e+00	-6.175732e+00	-4.361136e+00
2356          	warmPlate	-8.560780e+00	4.987455e-01	-7.469060e-01
2356          	OVC	-8.989219e+00	6.568555e-01	-4.994455e+00
2356          	shield_slave	-8.642285e+00	-6.175732e+00	-4.361136e+00
2357          	warmPlate	-8.560780e+00	4.987455e-01	-7.469060e-01
2357          	OVC	-8.989219e+00	6.568555e-01	-4.994455e+00
2357          	shield_slave	-8.642285e+00	-6.175732e+00	-4.361136e+00
2358          	warmPlate	-8.560780e+00	4.987455e-01	-7.469060e-01
2358          	OVC	-8.989219e+00	6.568555e-01	-4.994455e+00
2358          	shield_slave	-8.642285e+00	-6.175732e+00	-4.361136e+00
2359          	warmPlate	-8.560780e+00	4.987455e-01	-7.469060e-01
2359          	OVC	-8.989219e+00	6.568555e-01	-4.994455e+00
2359          	shield_slave	-8.642285e+00	-6.175732e+00	-4.361136e+00
2360          	warmPlate	-8.560780e+00	4.987455e-01	-7.469060e-01
2360          	OVC	-8.989219e+00	6.568555e-01	-4.994455e+00
2360          	shield_slave	-8.642285e+00	-6.175732e+00	-4.361136e+00
2361          	warmPlate	-8.560780e+00	4.987455e-01	-7.469060e-01
2361          	OVC	-8.989219e+00	6.568555e-01	-4.994455e+00
2361          	shield_slave	-8.642285e+00	-6.175732e+00	-4.361136e+00
2362          	warmPlate	-8.560780e+00	4.987455e-01	-7.469060e-01
2362          	OVC	-8.989219e+00	6.568555e-01	-4.994455e+00
2362          	shield_slave	-8.642285e+00	-6.175732e+00	-4.361136e+00
2363          	warmPlate	-8.560780e+00	4.987455e-01	-7.469060e-01
2363          	OVC	-8.989219e+00	6.568555e-01	-4.994455e+00
2363          	shield_slave	-8.642285e+00	-6.175732e+00	-4.361136e+00
2364          	warmPlate	-8.560780e+00	4.987455e-01	-7.469060e-01
2364          	OVC	-8.989219e+00	6.568555e-01	-4.994455e+00
2364          	shield_slave	-8.642285e+00	-6.175732e+00	-4.361136e+00
2365          	warmPlate	-8.560780e+00	4.987455e-01	-7.469060e-01
2365          	OVC	-8.989219e+00	6.568555e-01	-4.994455e+00
2365          	shield_slave	-8.642285e+00	-6.175732e+00	-4.361136e+00
2366          	warmPlate	-8.560780e+00	4.987455e-01	-7.469060e-01
2366          	OVC	-8.989219e+00	6.568555e-01	-4.994455e+00
2366          	shield_slave	-8.642285e+00	-6.175732e+00	-4.361136e+00
2367          	warmPlate	-8.560780e+00	4.987455e-01	-7.469060e-01
2367          	OVC	-8.989219e+00	6.568555e-01	-4.994455e+00
2367          	shield_slave	-8.642285e+00	-6.175732e+00	-4.361136e+00
2368          	warmPlate	-8.560780e+00	4.987455e-01	-7.469060e-01
2368          	OVC	-8.989219e+00	6.568555e-01	-4.994455e+00
2368          	shield_slave	-8.642285e+00	-6.175732e+00	-4.361136e+00
2369          	warmPlate	-8.560780e+00	4.987455e-01	-7.469060e-01
2369          	OVC	-8.989219e+00	6.568555e-01	-4.994455e+00
2369          	shield_slave	-8.642285e+00	-6.175732e+00	-4.361136e+00
2370          	warmPlate	-8.560780e+00	4.987455e-01	-7.469060e-01
2370          	OVC	-8.989219e+00	6.568555e-01	-4.994455e+00
2370          	shield_slave	-8.642285e+00	-6.175732e+00	-4.361136e+00
2371          	warmPlate	-8.560780e+00	4.987455e-01	-7.469060e-01
2371          	OVC	-8.989219e+00	6.568555e-01	-4.994455e+00
2371          	shield_slave	-8.642285e+00	-6.175732e+00	-4.361136e+00
2372          	warmPlate	-8.560780e+00	4.987455e-01	-7.469060e-01
2372          	OVC	-8.989219e+00	6.568555e-01	-4.994455e+00
2372          	shield_slave	-8.642285e+00	-6.175732e+00	-4.361136e+00
2373          	warmPlate	-8.560780e+00	4.987455e-01	-7.469060e-01
2373          	OVC	-8.989219e+00	6.568555e-01	-4.994455e+00
2373          	shield_slave	-8.642285e+00	-6.175732e+00	-4.361136e+00
2374          	warmPlate	-8.560780e+00	4.987455e-01	-7.469060e-01
2374          	OVC	-8.989219e+00	6.568555e-01	-4.994455e+00
2374          	shield_slave	-8.642285e+00	-6.175732e+00	-4.361136e+00
2375          	warmPlate	-8.560780e+00	4.987455e-01	-7.469060e-01
2375          	OVC	-8.989219e+00	6.568555e-01	-4.994455e+00
2375          	shield_slave	-8.642285e+00	-6.175732e+00	-4.361136e+00
2376          	warmPlate	-8.560780e+00	4.987455e-01	-7.469060e-01
2376          	OVC	-8.989219e+00	6.568555e-01	-4.994455e+00
2376          	shield_slave	-8.642285e+00	-6.175732e+00	-4.361136e+00
2377          	warmPlate	-8.560780e+00	4.987455e-01	-7.469060e-01
2377          	OVC	-8.989219e+00	6.568555e-01	-4.994455e+00
2377          	shield_slave	-8.642285e+00	-6.175732e+00	-4.361136e+00
2378          	warmPlate	-8.560780e+00	4.987455e-01	-7.469060e-01
2378          	OVC	-8.989219e+00	6.568555e-01	-4.994455e+00
2378          	shield_slave	-8.642285e+00	-6.175732e+00	-4.361136e+00
2379          	warmPlate	-8.560780e+00	4.987455e-01	-7.469060e-01
2379          	OVC	-8.989219e+00	6.568555e-01	-4.994455e+00
2379          	shield_slave	-8.642285e+00	-6.175732e+00	-4.361136e+00
2380          	warmPlate	-8.560780e+00	4.987455e-01	-7.469060e-01
2380          	OVC	-8.989219e+00	6.568555e-01	-4.994455e+00
2380          	shield_slave	-8.642285e+00	-6.175732e+00	-4.361136e+00
2381          	warmPlate	-8.560780e+00	4.987455e-01	-7.469060e-01
2381          	OVC	-8.989219e+00	6.568555e-01	-4.994455e+00
2381          	shield_slave	-8.642285e+00	-6.175732e+00	-4.361136e+00
2382          	warmPlate	-8.560780e+00	4.987455e-01	-7.469060e-01
2382          	OVC	-8.989219e+00	6.568555e-01	-4.994455e+00
2382          	shield_slave	-8.642285e+00	-6.175732e+00	-4.361136e+00
2383          	warmPlate	-8.560780e+00	4.987455e-01	-7.469060e-01
2383          	OVC	-8.989219e+00	6.568555e-01	-4.994455e+00
2383          	shield_slave	-8.642285e+00	-6.175732e+00	-4.361136e+00
2384          	warmPlate	-8.560780e+00	4.987455e-01	-7.469060e-01
2384          	OVC	-8.989219e+00	6.568555e-01	-4.994455e+00
2384          	shield_slave	-8.642285e+00	-6.175732e+00	-4.361136e+00
2385          	warmPlate	-8.560780e+00	4.987455e-01	-7.469060e-01
2385          	OVC	-8.989219e+00	6.568555e-01	-4.994455e+00
2385          	shield_slave	-8.642285e+00	-6.175732e+00	-4.361136e+00
2386          	warmPlate	-8.560780e+00	4.987455e-01	-7.469060e-01
2386          	OVC	-8.989219e+00	6.568555e-01	-4.994455e+00
2386          	shield_slave	-8.642285e+00	-6.175732e+00	-4.361136e+00
2387          	warmPlate	-8.560780e+00	4.987455e-01	-7.469060e-01
2387          	OVC	-8.989219e+00	6.568555e-01	-4.994455e+00
2387          	shield_slave	-8.642285e+00	-6.175732e+00	-4.361136e+00
2388          	warmPlate	-8.560780e+00	4.987455e-01	-7.469060e-01
2388          	OVC	-8.989219e+00	6.568555e-01	-4.994455e+00
2388          	shield_slave	-8.642285e+00	-6.175732e+00	-4.361136e+00
2389          	warmPlate	-8.560780e+00	4.987455e-01	-7.469060e-01
2389          	OVC	-8.989219e+00	6.568555e-01	-4.994455e+00
2389          	shield_slave	-8.642285e+00	-6.175732e+00	-4.361136e+00
2390          	warmPlate	-8.560780e+00	4.987455e-01	-7.469060e-01
2390          	OVC	-8.989219e+00	6.568555e-01	-4.994455e+00
2390          	shield_slave	-8.642285e+00	-6.175732e+00	-4.361136e+00
2391          	warmPlate	-8.560780e+00	4.987455e-01	-7.469060e-01
2391          	OVC	-8.989219e+00	6.568555e-01	-4.994455e+00
2391          	shield_slave	-8.642285e+00	-6.175732e+00	-4.361136e+00
2392          	warmPlate	-8.560780e+00	4.987455e-01	-7.469060e-01
2392          	OVC	-8.989219e+00	6.568555e-01	-4.994455e+00
2392          	shield_slave	-8.642285e+00	-6.175732e+00	-4.361136e+00
2393          	warmPlate	-8.560780e+00	4.987455e-01	-7.469060e-01
2393          	OVC	-8.989219e+00	6.568555e-01	-4.994455e+00
2393          	shield_slave	-8.642285e+00	-6.175732e+00	-4.361136e+00
2394          	warmPlate	-8.560780e+00	4.987455e-01	-7.469060e-01
2394          	OVC	-8.989219e+00	6.568555e-01	-4.994455e+00
2394          	shield_slave	-8.642285e+00	-6.175732e+00	-4.361136e+00
2395          	warmPlate	-8.560780e+00	4.987455e-01	-7.469060e-01
2395          	OVC	-8.989219e+00	6.568555e-01	-4.994455e+00
2395          	shield_slave	-8.642285e+00	-6.175732e+00	-4.361136e+00
2396          	warmPlate	-8.560780e+00	4.987455e-01	-7.469060e-01
2396          	OVC	-8.989219e+00	6.568555e-01	-4.994455e+00
2396          	shield_slave	-8.642285e+00	-6.175732e+00	-4.361136e+00
2397          	warmPlate	-8.560780e+00	4.987455e-01	-7.469060e-01
2397          	OVC	-8.989219e+00	6.568555e-01	-4.994455e+00
2397          	shield_slave	-8.642285e+00	-6.175732e+00	-4.361136e+00
2398          	warmPlate	-8.560780e+00	4.987455e-01	-7.469060e-01
2398          	OVC	-8.989219e+00	6.568555e-01	-4.994455e+00
2398          	shield_slave	-8.642285e+00	-6.175732e+00	-4.361136e+00
2399          	warmPlate	-8.560780e+00	4.987455e-01	-7.469060e-01
2399          	OVC	-8.989219e+00	6.568555e-01	-4.994455e+00
2399          	shield_slave	-8.642285e+00	-6.175732e+00	-4.361136e+00
2400          	warmPlate	-8.560780e+00	4.987455e-01	-7.469060e-01
2400          	OVC	-8.989219e+00	6.568555e-01	-4.994455e+00
2400          	shield_slave	-8.642285e+00	-6.175732e+00	-4.361136e+00
2401          	warmPlate	-8.560780e+00	4.987455e-01	-7.469060e-01
2401          	OVC	-8.989219e+00	6.568555e-01	-4.994455e+00
2401          	shield_slave	-8.642285e+00	-6.175732e+00	-4.361136e+00
2402          	warmPlate	-8.560780e+00	4.987455e-01	-7.469060e-01
2402          	OVC	-8.989219e+00	6.568555e-01	-4.994455e+00
2402          	shield_slave	-8.642285e+00	-6.175732e+00	-4.361136e+00
2403          	warmPlate	-8.560780e+00	4.987455e-01	-7.469060e-01
2403          	OVC	-8.989219e+00	6.568555e-01	-4.994455e+00
2403          	shield_slave	-8.642285e+00	-6.175732e+00	-4.361136e+00
2404          	warmPlate	-8.560780e+00	4.987455e-01	-7.469060e-01
2404          	OVC	-8.989219e+00	6.568555e-01	-4.994455e+00
2404          	shield_slave	-8.642285e+00	-6.175732e+00	-4.361136e+00
2405          	warmPlate	-8.560780e+00	4.987455e-01	-7.469060e-01
2405          	OVC	-8.989219e+00	6.568555e-01	-4.994455e+00
2405          	shield_slave	-8.642285e+00	-6.175732e+00	-4.361136e+00
2406          	warmPlate	-8.560780e+00	4.987455e-01	-7.469060e-01
2406          	OVC	-8.989219e+00	6.568555e-01	-4.994455e+00
2406          	shield_slave	-8.642285e+00	-6.175732e+00	-4.361136e+00
2407          	warmPlate	-8.560780e+00	4.987455e-01	-7.469060e-01
2407          	OVC	-8.989219e+00	6.568555e-01	-4.994455e+00
2407          	shield_slave	-8.642285e+00	-6.175732e+00	-4.361136e+00
2408          	warmPlate	-8.560780e+00	4.987455e-01	-7.469060e-01
2408          	OVC	-8.989219e+00	6.568555e-01	-4.994455e+00
2408          	shield_slave	-8.642285e+00	-6.175732e+00	-4.361136e+00
2409          	warmPlate	-8.560780e+00	4.987455e-01	-7.469060e-01
2409          	OVC	-8.989219e+00	6.568555e-01	-4.994455e+00
2409          	shield_slave	-8.642285e+00	-6.175732e+00	-4.361136e+00
2410          	warmPlate	-8.560780e+00	4.987455e-01	-7.469060e-01
2410          	OVC	-8.989219e+00	6.568555e-01	-4.994455e+00
2410          	shield_slave	-8.642285e+00	-6.175732e+00	-4.361136e+00
2411          	warmPlate	-8.560780e+00	4.987455e-01	-7.469060e-01
2411          	OVC	-8.989219e+00	6.568555e-01	-4.994455e+00
2411          	shield_slave	-8.642285e+00	-6.175732e+00	-4.361136e+00
2412          	warmPlate	-8.560780e+00	4.987455e-01	-7.469060e-01
2412          	OVC	-8.989219e+00	6.568555e-01	-4.994455e+00
2412          	shield_slave	-8.642285e+00	-6.175732e+00	-4.361136e+00
2413          	warmPlate	-8.560780e+00	4.987455e-01	-7.469060e-01
2413          	OVC	-8.989219e+00	6.568555e-01	-4.994455e+00
2413          	shield_slave	-8.642285e+00	-6.175732e+00	-4.361136e+00
2414          	warmPlate	-8.560780e+00	4.987455e-01	-7.469060e-01
2414          	OVC	-8.989219e+00	6.568555e-01	-4.994455e+00
2414          	shield_slave	-8.642285e+00	-6.175732e+00	-4.361136e+00
2415          	warmPlate	-8.560780e+00	4.987455e-01	-7.469060e-01
2415          	OVC	-8.989219e+00	6.568555e-01	-4.994455e+00
2415          	shield_slave	-8.642285e+00	-6.175732e+00	-4.361136e+00
2416          	warmPlate	-8.560780e+00	4.987455e-01	-7.469060e-01
2416          	OVC	-8.989219e+00	6.568555e-01	-4.994455e+00
2416          	shield_slave	-8.642285e+00	-6.175732e+00	-4.361136e+00
2417          	warmPlate	-8.560780e+00	4.987455e-01	-7.469060e-01
2417          	OVC	-8.989219e+00	6.568555e-01	-4.994455e+00
2417          	shield_slave	-8.642285e+00	-6.175732e+00	-4.361136e+00
2418          	warmPlate	-8.560780e+00	4.987455e-01	-7.469060e-01
2418          	OVC	-8.989219e+00	6.568555e-01	-4.994455e+00
2418          	shield_slave	-8.642285e+00	-6.175732e+00	-4.361136e+00
2419          	warmPlate	-8.560780e+00	4.987455e-01	-7.469060e-01
2419          	OVC	-8.989219e+00	6.568555e-01	-4.994455e+00
2419          	shield_slave	-8.642285e+00	-6.175732e+00	-4.361136e+00
2420          	warmPlate	-8.560780e+00	4.987455e-01	-7.469060e-01
2420          	OVC	-8.989219e+00	6.568555e-01	-4.994455e+00
2420          	shield_slave	-8.642285e+00	-6.175732e+00	-4.361136e+00
2421          	warmPlate	-8.560780e+00	4.987455e-01	-7.469060e-01
2421          	OVC	-8.989219e+00	6.568555e-01	-4.994455e+00
2421          	shield_slave	-8.642285e+00	-6.175732e+00	-4.361136e+00
2422          	warmPlate	-8.560780e+00	4.987455e-01	-7.469060e-01
2422          	OVC	-8.989219e+00	6.568555e-01	-4.994455e+00
2422          	shield_slave	-8.642285e+00	-6.175732e+00	-4.361136e+00
2423          	warmPlate	-8.560780e+00	4.987455e-01	-7.469060e-01
2423          	OVC	-8.989219e+00	6.568555e-01	-4.994455e+00
2423          	shield_slave	-8.642285e+00	-6.175732e+00	-4.361136e+00
2424          	warmPlate	-8.560780e+00	4.987455e-01	-7.469060e-01
2424          	OVC	-8.989219e+00	6.568555e-01	-4.994455e+00
2424          	shield_slave	-8.642285e+00	-6.175732e+00	-4.361136e+00
2425          	warmPlate	-8.560780e+00	4.987455e-01	-7.469060e-01
2425          	OVC	-8.989219e+00	6.568555e-01	-4.994455e+00
2425          	shield_slave	-8.642285e+00	-6.175732e+00	-4.361136e+00
2426          	warmPlate	-8.560780e+00	4.987455e-01	-7.469060e-01
2426          	OVC	-8.989219e+00	6.568555e-01	-4.994455e+00
2426          	shield_slave	-8.642285e+00	-6.175732e+00	-4.361136e+00
2427          	warmPlate	-8.560780e+00	4.987455e-01	-7.469060e-01
2427          	OVC	-8.989219e+00	6.568555e-01	-4.994455e+00
2427          	shield_slave	-8.642285e+00	-6.175732e+00	-4.361136e+00
2428          	warmPlate	-8.560780e+00	4.987455e-01	-7.469060e-01
2428          	OVC	-8.989219e+00	6.568555e-01	-4.994455e+00
2428          	shield_slave	-8.642285e+00	-6.175732e+00	-4.361136e+00
2429          	warmPlate	-8.560780e+00	4.987455e-01	-7.469060e-01
2429          	OVC	-8.989219e+00	6.568555e-01	-4.994455e+00
2429          	shield_slave	-8.642285e+00	-6.175732e+00	-4.361136e+00
2430          	warmPlate	-8.560780e+00	4.987455e-01	-7.469060e-01
2430          	OVC	-8.989219e+00	6.568555e-01	-4.994455e+00
2430          	shield_slave	-8.642285e+00	-6.175732e+00	-4.361136e+00
2431          	warmPlate	-8.560780e+00	4.987455e-01	-7.469060e-01
2431          	OVC	-8.989219e+00	6.568555e-01	-4.994455e+00
2431          	shield_slave	-8.642285e+00	-6.175732e+00	-4.361136e+00
2432          	warmPlate	-8.560780e+00	4.987455e-01	-7.469060e-01
2432          	OVC	-8.989219e+00	6.568555e-01	-4.994455e+00
2432          	shield_slave	-8.642285e+00	-6.175732e+00	-4.361136e+00
2433          	warmPlate	-8.560780e+00	4.987455e-01	-7.469060e-01
2433          	OVC	-8.989219e+00	6.568555e-01	-4.994455e+00
2433          	shield_slave	-8.642285e+00	-6.175732e+00	-4.361136e+00
2434          	warmPlate	-8.560780e+00	4.987455e-01	-7.469060e-01
2434          	OVC	-8.989219e+00	6.568555e-01	-4.994455e+00
2434          	shield_slave	-8.642285e+00	-6.175732e+00	-4.361136e+00
2435          	warmPlate	-8.560780e+00	4.987455e-01	-7.469060e-01
2435          	OVC	-8.989219e+00	6.568555e-01	-4.994455e+00
2435          	shield_slave	-8.642285e+00	-6.175732e+00	-4.361136e+00
2436          	warmPlate	-8.560780e+00	4.987455e-01	-7.469060e-01
2436          	OVC	-8.989219e+00	6.568555e-01	-4.994455e+00
2436          	shield_slave	-8.642285e+00	-6.175732e+00	-4.361136e+00
2437          	warmPlate	-8.560780e+00	4.987455e-01	-7.469060e-01
2437          	OVC	-8.989219e+00	6.568555e-01	-4.994455e+00
2437          	shield_slave	-8.642285e+00	-6.175732e+00	-4.361136e+00
2438          	warmPlate	-8.560780e+00	4.987455e-01	-7.469060e-01
2438          	OVC	-8.989219e+00	6.568555e-01	-4.994455e+00
2438          	shield_slave	-8.642285e+00	-6.175732e+00	-4.361136e+00
2439          	warmPlate	-8.560780e+00	4.987455e-01	-7.469060e-01
2439          	OVC	-8.989219e+00	6.568555e-01	-4.994455e+00
2439          	shield_slave	-8.642285e+00	-6.175732e+00	-4.361136e+00
2440          	warmPlate	-8.560780e+00	4.987455e-01	-7.469060e-01
2440          	OVC	-8.989219e+00	6.568555e-01	-4.994455e+00
2440          	shield_slave	-8.642285e+00	-6.175732e+00	-4.361136e+00
2441          	warmPlate	-8.560780e+00	4.987455e-01	-7.469060e-01
2441          	OVC	-8.989219e+00	6.568555e-01	-4.994455e+00
2441          	shield_slave	-8.642285e+00	-6.175732e+00	-4.361136e+00
2442          	warmPlate	-8.560780e+00	4.987455e-01	-7.469060e-01
2442          	OVC	-8.989219e+00	6.568555e-01	-4.994455e+00
2442          	shield_slave	-8.642285e+00	-6.175732e+00	-4.361136e+00
2443          	warmPlate	-8.560780e+00	4.987455e-01	-7.469060e-01
2443          	OVC	-8.989219e+00	6.568555e-01	-4.994455e+00
2443          	shield_slave	-8.642285e+00	-6.175732e+00	-4.361136e+00
2444          	warmPlate	-8.560780e+00	4.987455e-01	-7.469060e-01
2444          	OVC	-8.989219e+00	6.568555e-01	-4.994455e+00
2444          	shield_slave	-8.642285e+00	-6.175732e+00	-4.361136e+00
2445          	warmPlate	-8.560780e+00	4.987455e-01	-7.469060e-01
2445          	OVC	-8.989219e+00	6.568555e-01	-4.994455e+00
2445          	shield_slave	-8.642285e+00	-6.175732e+00	-4.361136e+00
2446          	warmPlate	-8.560780e+00	4.987455e-01	-7.469060e-01
2446          	OVC	-8.989219e+00	6.568555e-01	-4.994455e+00
2446          	shield_slave	-8.642285e+00	-6.175732e+00	-4.361136e+00
2447          	warmPlate	-8.560780e+00	4.987455e-01	-7.469060e-01
2447          	OVC	-8.989219e+00	6.568555e-01	-4.994455e+00
2447          	shield_slave	-8.642285e+00	-6.175732e+00	-4.361136e+00
2448          	warmPlate	-8.560780e+00	4.987455e-01	-7.469060e-01
2448          	OVC	-8.989219e+00	6.568555e-01	-4.994455e+00
2448          	shield_slave	-8.642285e+00	-6.175732e+00	-4.361136e+00
2449          	warmPlate	-8.560780e+00	4.987455e-01	-7.469060e-01
2449          	OVC	-8.989219e+00	6.568555e-01	-4.994455e+00
2449          	shield_slave	-8.642285e+00	-6.175732e+00	-4.361136e+00
2450          	warmPlate	-8.560780e+00	4.987455e-01	-7.469060e-01
2450          	OVC	-8.989219e+00	6.568555e-01	-4.994455e+00
2450          	shield_slave	-8.642285e+00	-6.175732e+00	-4.361136e+00
2451          	warmPlate	-8.560780e+00	4.987455e-01	-7.469060e-01
2451          	OVC	-8.989219e+00	6.568555e-01	-4.994455e+00
2451          	shield_slave	-8.642285e+00	-6.175732e+00	-4.361136e+00
2452          	warmPlate	-8.560780e+00	4.987455e-01	-7.469060e-01
2452          	OVC	-8.989219e+00	6.568555e-01	-4.994455e+00
2452          	shield_slave	-8.642285e+00	-6.175732e+00	-4.361136e+00
2453          	warmPlate	-8.560780e+00	4.987455e-01	-7.469060e-01
2453          	OVC	-8.989219e+00	6.568555e-01	-4.994455e+00
2453          	shield_slave	-8.642285e+00	-6.175732e+00	-4.361136e+00
2454          	warmPlate	-8.560780e+00	4.987455e-01	-7.469060e-01
2454          	OVC	-8.989219e+00	6.568555e-01	-4.994455e+00
2454          	shield_slave	-8.642285e+00	-6.175732e+00	-4.361136e+00
2455          	warmPlate	-8.560780e+00	4.987455e-01	-7.469060e-01
2455          	OVC	-8.989219e+00	6.568555e-01	-4.994455e+00
2455          	shield_slave	-8.642285e+00	-6.175732e+00	-4.361136e+00
2456          	warmPlate	-8.560780e+00	4.987455e-01	-7.469060e-01
2456          	OVC	-8.989219e+00	6.568555e-01	-4.994455e+00
2456          	shield_slave	-8.642285e+00	-6.175732e+00	-4.361136e+00
2457          	warmPlate	-8.560780e+00	4.987455e-01	-7.469060e-01
2457          	OVC	-8.989219e+00	6.568555e-01	-4.994455e+00
2457          	shield_slave	-8.642285e+00	-6.175732e+00	-4.361136e+00
2458          	warmPlate	-8.560780e+00	4.987455e-01	-7.469060e-01
2458          	OVC	-8.989219e+00	6.568555e-01	-4.994455e+00
2458          	shield_slave	-8.642285e+00	-6.175732e+00	-4.361136e+00
2459          	warmPlate	-8.560780e+00	4.987455e-01	-7.469060e-01
2459          	OVC	-8.989219e+00	6.568555e-01	-4.994455e+00
2459          	shield_slave	-8.642285e+00	-6.175732e+00	-4.361136e+00
2460          	warmPlate	-8.560780e+00	4.987455e-01	-7.469060e-01
2460          	OVC	-8.989219e+00	6.568555e-01	-4.994455e+00
2460          	shield_slave	-8.642285e+00	-6.175732e+00	-4.361136e+00
2461          	warmPlate	-8.560780e+00	4.987455e-01	-7.469060e-01
2461          	OVC	-8.989219e+00	6.568555e-01	-4.994455e+00
2461          	shield_slave	-8.642285e+00	-6.175732e+00	-4.361136e+00
2462          	warmPlate	-8.560780e+00	4.987455e-01	-7.469060e-01
2462          	OVC	-8.989219e+00	6.568555e-01	-4.994455e+00
2462          	shield_slave	-8.642285e+00	-6.175732e+00	-4.361136e+00
2463          	warmPlate	-8.560780e+00	4.987455e-01	-7.469060e-01
2463          	OVC	-8.989219e+00	6.568555e-01	-4.994455e+00
2463          	shield_slave	-8.642285e+00	-6.175732e+00	-4.361136e+00
2464          	warmPlate	-8.560780e+00	4.987455e-01	-7.469060e-01
2464          	OVC	-8.989219e+00	6.568555e-01	-4.994455e+00
2464          	shield_slave	-8.642285e+00	-6.175732e+00	-4.361136e+00
2465          	warmPlate	-8.560780e+00	4.987455e-01	-7.469060e-01
2465          	OVC	-8.989219e+00	6.568555e-01	-4.994455e+00
2465          	shield_slave	-8.642285e+00	-6.175732e+00	-4.361136e+00
2466          	warmPlate	-8.560780e+00	4.987455e-01	-7.469060e-01
2466          	OVC	-8.989219e+00	6.568555e-01	-4.994455e+00
2466          	shield_slave	-8.642285e+00	-6.175732e+00	-4.361136e+00
2467          	warmPlate	-8.560780e+00	4.987455e-01	-7.469060e-01
2467          	OVC	-8.989219e+00	6.568555e-01	-4.994455e+00
2467          	shield_slave	-8.642285e+00	-6.175732e+00	-4.361136e+00
2468          	warmPlate	-8.560780e+00	4.987455e-01	-7.469060e-01
2468          	OVC	-8.989219e+00	6.568555e-01	-4.994455e+00
2468          	shield_slave	-8.642285e+00	-6.175732e+00	-4.361136e+00
2469          	warmPlate	-8.560780e+00	4.987455e-01	-7.469060e-01
2469          	OVC	-8.989219e+00	6.568555e-01	-4.994455e+00
2469          	shield_slave	-8.642285e+00	-6.175732e+00	-4.361136e+00
2470          	warmPlate	-8.560780e+00	4.987455e-01	-7.469060e-01
2470          	OVC	-8.989219e+00	6.568555e-01	-4.994455e+00
2470          	shield_slave	-8.642285e+00	-6.175732e+00	-4.361136e+00
2471          	warmPlate	-8.560780e+00	4.987455e-01	-7.469060e-01
2471          	OVC	-8.989219e+00	6.568555e-01	-4.994455e+00
2471          	shield_slave	-8.642285e+00	-6.175732e+00	-4.361136e+00
2472          	warmPlate	-8.560780e+00	4.987455e-01	-7.469060e-01
2472          	OVC	-8.989219e+00	6.568555e-01	-4.994455e+00
2472          	shield_slave	-8.642285e+00	-6.175732e+00	-4.361136e+00
2473          	warmPlate	-8.560780e+00	4.987455e-01	-7.469060e-01
2473          	OVC	-8.989219e+00	6.568555e-01	-4.994455e+00
2473          	shield_slave	-8.642285e+00	-6.175732e+00	-4.361136e+00
2474          	warmPlate	-8.560780e+00	4.987455e-01	-7.469060e-01
2474          	OVC	-8.989219e+00	6.568555e-01	-4.994455e+00
2474          	shield_slave	-8.642285e+00	-6.175732e+00	-4.361136e+00
2475          	warmPlate	-8.560780e+00	4.987455e-01	-7.469060e-01
2475          	OVC	-8.989219e+00	6.568555e-01	-4.994455e+00
2475          	shield_slave	-8.642285e+00	-6.175732e+00	-4.361136e+00
2476          	warmPlate	-8.560780e+00	4.987455e-01	-7.469060e-01
2476          	OVC	-8.989219e+00	6.568555e-01	-4.994455e+00
2476          	shield_slave	-8.642285e+00	-6.175732e+00	-4.361136e+00
2477          	warmPlate	-8.560780e+00	4.987455e-01	-7.469060e-01
2477          	OVC	-8.989219e+00	6.568555e-01	-4.994455e+00
2477          	shield_slave	-8.642285e+00	-6.175732e+00	-4.361136e+00
2478          	warmPlate	-8.560780e+00	4.987455e-01	-7.469060e-01
2478          	OVC	-8.989219e+00	6.568555e-01	-4.994455e+00
2478          	shield_slave	-8.642285e+00	-6.175732e+00	-4.361136e+00
2479          	warmPlate	-8.560780e+00	4.987455e-01	-7.469060e-01
2479          	OVC	-8.989219e+00	6.568555e-01	-4.994455e+00
2479          	shield_slave	-8.642285e+00	-6.175732e+00	-4.361136e+00
2480          	warmPlate	-8.560780e+00	4.987455e-01	-7.469060e-01
2480          	OVC	-8.989219e+00	6.568555e-01	-4.994455e+00
2480          	shield_slave	-8.642285e+00	-6.175732e+00	-4.361136e+00
2481          	warmPlate	-8.560780e+00	4.987455e-01	-7.469060e-01
2481          	OVC	-8.989219e+00	6.568555e-01	-4.994455e+00
2481          	shield_slave	-8.642285e+00	-6.175732e+00	-4.361136e+00
2482          	warmPlate	-8.560780e+00	4.987455e-01	-7.469060e-01
2482          	OVC	-8.989219e+00	6.568555e-01	-4.994455e+00
2482          	shield_slave	-8.642285e+00	-6.175732e+00	-4.361136e+00
2483          	warmPlate	-8.560780e+00	4.987455e-01	-7.469060e-01
2483          	OVC	-8.989219e+00	6.568555e-01	-4.994455e+00
2483          	shield_slave	-8.642285e+00	-6.175732e+00	-4.361136e+00
2484          	warmPlate	-8.560780e+00	4.987455e-01	-7.469060e-01
2484          	OVC	-8.989219e+00	6.568555e-01	-4.994455e+00
2484          	shield_slave	-8.642285e+00	-6.175732e+00	-4.361136e+00
2485          	warmPlate	-8.560780e+00	4.987455e-01	-7.469060e-01
2485          	OVC	-8.989219e+00	6.568555e-01	-4.994455e+00
2485          	shield_slave	-8.642285e+00	-6.175732e+00	-4.361136e+00
2486          	warmPlate	-8.560780e+00	4.987455e-01	-7.469060e-01
2486          	OVC	-8.989219e+00	6.568555e-01	-4.994455e+00
2486          	shield_slave	-8.642285e+00	-6.175732e+00	-4.361136e+00
2487          	warmPlate	-8.560780e+00	4.987455e-01	-7.469060e-01
2487          	OVC	-8.989219e+00	6.568555e-01	-4.994455e+00
2487          	shield_slave	-8.642285e+00	-6.175732e+00	-4.361136e+00
2488          	warmPlate	-8.560780e+00	4.987455e-01	-7.469060e-01
2488          	OVC	-8.989219e+00	6.568555e-01	-4.994455e+00
2488          	shield_slave	-8.642285e+00	-6.175732e+00	-4.361136e+00
2489          	warmPlate	-8.560780e+00	4.987455e-01	-7.469060e-01
2489          	OVC	-8.989219e+00	6.568555e-01	-4.994455e+00
2489          	shield_slave	-8.642285e+00	-6.175732e+00	-4.361136e+00
2490          	warmPlate	-8.560780e+00	4.987455e-01	-7.469060e-01
2490          	OVC	-8.989219e+00	6.568555e-01	-4.994455e+00
2490          	shield_slave	-8.642285e+00	-6.175732e+00	-4.361136e+00
2491          	warmPlate	-8.560780e+00	4.987455e-01	-7.469060e-01
2491          	OVC	-8.989219e+00	6.568555e-01	-4.994455e+00
2491          	shield_slave	-8.642285e+00	-6.175732e+00	-4.361136e+00
2492          	warmPlate	-8.560780e+00	4.987455e-01	-7.469060e-01
2492          	OVC	-8.989219e+00	6.568555e-01	-4.994455e+00
2492          	shield_slave	-8.642285e+00	-6.175732e+00	-4.361136e+00
2493          	warmPlate	-8.560780e+00	4.987455e-01	-7.469060e-01
2493          	OVC	-8.989219e+00	6.568555e-01	-4.994455e+00
2493          	shield_slave	-8.642285e+00	-6.175732e+00	-4.361136e+00
2494          	warmPlate	-8.560780e+00	4.987455e-01	-7.469060e-01
2494          	OVC	-8.989219e+00	6.568555e-01	-4.994455e+00
2494          	shield_slave	-8.642285e+00	-6.175732e+00	-4.361136e+00
2495          	warmPlate	-8.560780e+00	4.987455e-01	-7.469060e-01
2495          	OVC	-8.989219e+00	6.568555e-01	-4.994455e+00
2495          	shield_slave	-8.642285e+00	-6.175732e+00	-4.361136e+00
2496          	warmPlate	-8.560780e+00	4.987455e-01	-7.469060e-01
2496          	OVC	-8.989219e+00	6.568555e-01	-4.994455e+00
2496          	shield_slave	-8.642285e+00	-6.175732e+00	-4.361136e+00
2497          	warmPlate	-8.560780e+00	4.987455e-01	-7.469060e-01
2497          	OVC	-8.989219e+00	6.568555e-01	-4.994455e+00
2497          	shield_slave	-8.642285e+00	-6.175732e+00	-4.361136e+00
2498          	warmPlate	-8.560780e+00	4.987455e-01	-7.469060e-01
2498          	OVC	-8.989219e+00	6.568555e-01	-4.994455e+00
2498          	shield_slave	-8.642285e+00	-6.175732e+00	-4.361136e+00
2499          	warmPlate	-8.560780e+00	4.987455e-01	-7.469060e-01
2499          	OVC	-8.989219e+00	6.568555e-01	-4.994455e+00
2499          	shield_slave	-8.642285e+00	-6.175732e+00	-4.361136e+00
2500          	warmPlate	-8.560780e+00	4.987455e-01	-7.469060e-01
2500          	OVC	-8.989219e+00	6.568555e-01	-4.994455e+00
2500          	shield_slave	-8.642285e+00	-6.175732e+00	-4.361136e+00
2501          	warmPlate	-8.560780e+00	4.987455e-01	-7.469060e-01
2501          	OVC	-8.989219e+00	6.568555e-01	-4.994455e+00
2501          	shield_slave	-8.642285e+00	-6.175732e+00	-4.361136e+00
2502          	warmPlate	-8.560780e+00	4.987455e-01	-7.469060e-01
2502          	OVC	-8.989219e+00	6.568555e-01	-4.994455e+00
2502          	shield_slave	-8.642285e+00	-6.175732e+00	-4.361136e+00
2503          	warmPlate	-8.560780e+00	4.987455e-01	-7.469060e-01
2503          	OVC	-8.989219e+00	6.568555e-01	-4.994455e+00
2503          	shield_slave	-8.642285e+00	-6.175732e+00	-4.361136e+00
2504          	warmPlate	-8.560780e+00	4.987455e-01	-7.469060e-01
2504          	OVC	-8.989219e+00	6.568555e-01	-4.994455e+00
2504          	shield_slave	-8.642285e+00	-6.175732e+00	-4.361136e+00
2505          	warmPlate	-8.560780e+00	4.987455e-01	-7.469060e-01
2505          	OVC	-8.989219e+00	6.568555e-01	-4.994455e+00
2505          	shield_slave	-8.642285e+00	-6.175732e+00	-4.361136e+00
2506          	warmPlate	-8.560780e+00	4.987455e-01	-7.469060e-01
2506          	OVC	-8.989219e+00	6.568555e-01	-4.994455e+00
2506          	shield_slave	-8.642285e+00	-6.175732e+00	-4.361136e+00
2507          	warmPlate	-8.560780e+00	4.987455e-01	-7.469060e-01
2507          	OVC	-8.989219e+00	6.568555e-01	-4.994455e+00
2507          	shield_slave	-8.642285e+00	-6.175732e+00	-4.361136e+00
2508          	warmPlate	-8.560780e+00	4.987455e-01	-7.469060e-01
2508          	OVC	-8.989219e+00	6.568555e-01	-4.994455e+00
2508          	shield_slave	-8.642285e+00	-6.175732e+00	-4.361136e+00
2509          	warmPlate	-8.560780e+00	4.987455e-01	-7.469060e-01
2509          	OVC	-8.989219e+00	6.568555e-01	-4.994455e+00
2509          	shield_slave	-8.642285e+00	-6.175732e+00	-4.361136e+00
2510          	warmPlate	-8.560780e+00	4.987455e-01	-7.469060e-01
2510          	OVC	-8.989219e+00	6.568555e-01	-4.994455e+00
2510          	shield_slave	-8.642285e+00	-6.175732e+00	-4.361136e+00
2511          	warmPlate	-8.560780e+00	4.987455e-01	-7.469060e-01
2511          	OVC	-8.989219e+00	6.568555e-01	-4.994455e+00
2511          	shield_slave	-8.642285e+00	-6.175732e+00	-4.361136e+00
2512          	warmPlate	-8.560780e+00	4.987455e-01	-7.469060e-01
2512          	OVC	-8.989219e+00	6.568555e-01	-4.994455e+00
2512          	shield_slave	-8.642285e+00	-6.175732e+00	-4.361136e+00
2513          	warmPlate	-8.560780e+00	4.987455e-01	-7.469060e-01
2513          	OVC	-8.989219e+00	6.568555e-01	-4.994455e+00
2513          	shield_slave	-8.642285e+00	-6.175732e+00	-4.361136e+00
2514          	warmPlate	-8.560780e+00	4.987455e-01	-7.469060e-01
2514          	OVC	-8.989219e+00	6.568555e-01	-4.994455e+00
2514          	shield_slave	-8.642285e+00	-6.175732e+00	-4.361136e+00
2515          	warmPlate	-8.560780e+00	4.987455e-01	-7.469060e-01
2515          	OVC	-8.989219e+00	6.568555e-01	-4.994455e+00
2515          	shield_slave	-8.642285e+00	-6.175732e+00	-4.361136e+00
2516          	warmPlate	-8.560780e+00	4.987455e-01	-7.469060e-01
2516          	OVC	-8.989219e+00	6.568555e-01	-4.994455e+00
2516          	shield_slave	-8.642285e+00	-6.175732e+00	-4.361136e+00
2517          	warmPlate	-8.560780e+00	4.987455e-01	-7.469060e-01
2517          	OVC	-8.989219e+00	6.568555e-01	-4.994455e+00
2517          	shield_slave	-8.642285e+00	-6.175732e+00	-4.361136e+00
2518          	warmPlate	-8.560780e+00	4.987455e-01	-7.469060e-01
2518          	OVC	-8.989219e+00	6.568555e-01	-4.994455e+00
2518          	shield_slave	-8.642285e+00	-6.175732e+00	-4.361136e+00
2519          	warmPlate	-8.560780e+00	4.987455e-01	-7.469060e-01
2519          	OVC	-8.989219e+00	6.568555e-01	-4.994455e+00
2519          	shield_slave	-8.642285e+00	-6.175732e+00	-4.361136e+00
2520          	warmPlate	-8.560780e+00	4.987455e-01	-7.469060e-01
2520          	OVC	-8.989219e+00	6.568555e-01	-4.994455e+00
2520          	shield_slave	-8.642285e+00	-6.175732e+00	-4.361136e+00
2521          	warmPlate	-8.560780e+00	4.987455e-01	-7.469060e-01
2521          	OVC	-8.989219e+00	6.568555e-01	-4.994455e+00
2521          	shield_slave	-8.642285e+00	-6.175732e+00	-4.361136e+00
2522          	warmPlate	-8.560780e+00	4.987455e-01	-7.469060e-01
2522          	OVC	-8.989219e+00	6.568555e-01	-4.994455e+00
2522          	shield_slave	-8.642285e+00	-6.175732e+00	-4.361136e+00
2523          	warmPlate	-8.560780e+00	4.987455e-01	-7.469060e-01
2523          	OVC	-8.989219e+00	6.568555e-01	-4.994455e+00
2523          	shield_slave	-8.642285e+00	-6.175732e+00	-4.361136e+00
2524          	warmPlate	-8.560780e+00	4.987455e-01	-7.469060e-01
2524          	OVC	-8.989219e+00	6.568555e-01	-4.994455e+00
2524          	shield_slave	-8.642285e+00	-6.175732e+00	-4.361136e+00
2525          	warmPlate	-8.560780e+00	4.987455e-01	-7.469060e-01
2525          	OVC	-8.989219e+00	6.568555e-01	-4.994455e+00
2525          	shield_slave	-8.642285e+00	-6.175732e+00	-4.361136e+00
2526          	warmPlate	-8.560780e+00	4.987455e-01	-7.469060e-01
2526          	OVC	-8.989219e+00	6.568555e-01	-4.994455e+00
2526          	shield_slave	-8.642285e+00	-6.175732e+00	-4.361136e+00
2527          	warmPlate	-8.560780e+00	4.987455e-01	-7.469060e-01
2527          	OVC	-8.989219e+00	6.568555e-01	-4.994455e+00
2527          	shield_slave	-8.642285e+00	-6.175732e+00	-4.361136e+00
2528          	warmPlate	-8.560780e+00	4.987455e-01	-7.469060e-01
2528          	OVC	-8.989219e+00	6.568555e-01	-4.994455e+00
2528          	shield_slave	-8.642285e+00	-6.175732e+00	-4.361136e+00
2529          	warmPlate	-8.560780e+00	4.987455e-01	-7.469060e-01
2529          	OVC	-8.989219e+00	6.568555e-01	-4.994455e+00
2529          	shield_slave	-8.642285e+00	-6.175732e+00	-4.361136e+00
2530          	warmPlate	-8.560780e+00	4.987455e-01	-7.469060e-01
2530          	OVC	-8.989219e+00	6.568555e-01	-4.994455e+00
2530          	shield_slave	-8.642285e+00	-6.175732e+00	-4.361136e+00
2531          	warmPlate	-8.560780e+00	4.987455e-01	-7.469060e-01
2531          	OVC	-8.989219e+00	6.568555e-01	-4.994455e+00
2531          	shield_slave	-8.642285e+00	-6.175732e+00	-4.361136e+00
2532          	warmPlate	-8.560780e+00	4.987455e-01	-7.469060e-01
2532          	OVC	-8.989219e+00	6.568555e-01	-4.994455e+00
2532          	shield_slave	-8.642285e+00	-6.175732e+00	-4.361136e+00
2533          	warmPlate	-8.560780e+00	4.987455e-01	-7.469060e-01
2533          	OVC	-8.989219e+00	6.568555e-01	-4.994455e+00
2533          	shield_slave	-8.642285e+00	-6.175732e+00	-4.361136e+00
2534          	warmPlate	-8.560780e+00	4.987455e-01	-7.469060e-01
2534          	OVC	-8.989219e+00	6.568555e-01	-4.994455e+00
2534          	shield_slave	-8.642285e+00	-6.175732e+00	-4.361136e+00
2535          	warmPlate	-8.560780e+00	4.987455e-01	-7.469060e-01
2535          	OVC	-8.989219e+00	6.568555e-01	-4.994455e+00
2535          	shield_slave	-8.642285e+00	-6.175732e+00	-4.361136e+00
2536          	warmPlate	-8.560780e+00	4.987455e-01	-7.469060e-01
2536          	OVC	-8.989219e+00	6.568555e-01	-4.994455e+00
2536          	shield_slave	-8.642285e+00	-6.175732e+00	-4.361136e+00
2537          	warmPlate	-8.560780e+00	4.987455e-01	-7.469060e-01
2537          	OVC	-8.989219e+00	6.568555e-01	-4.994455e+00
2537          	shield_slave	-8.642285e+00	-6.175732e+00	-4.361136e+00
2538          	warmPlate	-8.560780e+00	4.987455e-01	-7.469060e-01
2538          	OVC	-8.989219e+00	6.568555e-01	-4.994455e+00
2538          	shield_slave	-8.642285e+00	-6.175732e+00	-4.361136e+00
2539          	warmPlate	-8.560780e+00	4.987455e-01	-7.469060e-01
2539          	OVC	-8.989219e+00	6.568555e-01	-4.994455e+00
2539          	shield_slave	-8.642285e+00	-6.175732e+00	-4.361136e+00
2540          	warmPlate	-8.560780e+00	4.987455e-01	-7.469060e-01
2540          	OVC	-8.989219e+00	6.568555e-01	-4.994455e+00
2540          	shield_slave	-8.642285e+00	-6.175732e+00	-4.361136e+00
2541          	warmPlate	-8.560780e+00	4.987455e-01	-7.469060e-01
2541          	OVC	-8.989219e+00	6.568555e-01	-4.994455e+00
2541          	shield_slave	-8.642285e+00	-6.175732e+00	-4.361136e+00
2542          	warmPlate	-8.560780e+00	4.987455e-01	-7.469060e-01
2542          	OVC	-8.989219e+00	6.568555e-01	-4.994455e+00
2542          	shield_slave	-8.642285e+00	-6.175732e+00	-4.361136e+00
2543          	warmPlate	-8.560780e+00	4.987455e-01	-7.469060e-01
2543          	OVC	-8.989219e+00	6.568555e-01	-4.994455e+00
2543          	shield_slave	-8.642285e+00	-6.175732e+00	-4.361136e+00
2544          	warmPlate	-8.560780e+00	4.987455e-01	-7.469060e-01
2544          	OVC	-8.989219e+00	6.568555e-01	-4.994455e+00
2544          	shield_slave	-8.642285e+00	-6.175732e+00	-4.361136e+00
2545          	warmPlate	-8.560780e+00	4.987455e-01	-7.469060e-01
2545          	OVC	-8.989219e+00	6.568555e-01	-4.994455e+00
2545          	shield_slave	-8.642285e+00	-6.175732e+00	-4.361136e+00
2546          	warmPlate	-8.560780e+00	4.987455e-01	-7.469060e-01
2546          	OVC	-8.989219e+00	6.568555e-01	-4.994455e+00
2546          	shield_slave	-8.642285e+00	-6.175732e+00	-4.361136e+00
2547          	warmPlate	-8.560780e+00	4.987455e-01	-7.469060e-01
2547          	OVC	-8.989219e+00	6.568555e-01	-4.994455e+00
2547          	shield_slave	-8.642285e+00	-6.175732e+00	-4.361136e+00
2548          	warmPlate	-8.560780e+00	4.987455e-01	-7.469060e-01
2548          	OVC	-8.989219e+00	6.568555e-01	-4.994455e+00
2548          	shield_slave	-8.642285e+00	-6.175732e+00	-4.361136e+00
2549          	warmPlate	-8.560780e+00	4.987455e-01	-7.469060e-01
2549          	OVC	-8.989219e+00	6.568555e-01	-4.994455e+00
2549          	shield_slave	-8.642285e+00	-6.175732e+00	-4.361136e+00
2550          	warmPlate	-8.560780e+00	4.987455e-01	-7.469060e-01
2550          	OVC	-8.989219e+00	6.568555e-01	-4.994455e+00
2550          	shield_slave	-8.642285e+00	-6.175732e+00	-4.361136e+00
2551          	warmPlate	-8.560780e+00	4.987455e-01	-7.469060e-01
2551          	OVC	-8.989219e+00	6.568555e-01	-4.994455e+00
2551          	shield_slave	-8.642285e+00	-6.175732e+00	-4.361136e+00
2552          	warmPlate	-8.560780e+00	4.987455e-01	-7.469060e-01
2552          	OVC	-8.989219e+00	6.568555e-01	-4.994455e+00
2552          	shield_slave	-8.642285e+00	-6.175732e+00	-4.361136e+00
2553          	warmPlate	-8.560780e+00	4.987455e-01	-7.469060e-01
2553          	OVC	-8.989219e+00	6.568555e-01	-4.994455e+00
2553          	shield_slave	-8.642285e+00	-6.175732e+00	-4.361136e+00
2554          	warmPlate	-8.560780e+00	4.987455e-01	-7.469060e-01
2554          	OVC	-8.989219e+00	6.568555e-01	-4.994455e+00
2554          	shield_slave	-8.642285e+00	-6.175732e+00	-4.361136e+00
2555          	warmPlate	-8.560780e+00	4.987455e-01	-7.469060e-01
2555          	OVC	-8.989219e+00	6.568555e-01	-4.994455e+00
2555          	shield_slave	-8.642285e+00	-6.175732e+00	-4.361136e+00
2556          	warmPlate	-8.560780e+00	4.987455e-01	-7.469060e-01
2556          	OVC	-8.989219e+00	6.568555e-01	-4.994455e+00
2556          	shield_slave	-8.642285e+00	-6.175732e+00	-4.361136e+00
2557          	warmPlate	-8.560780e+00	4.987455e-01	-7.469060e-01
2557          	OVC	-8.989219e+00	6.568555e-01	-4.994455e+00
2557          	shield_slave	-8.642285e+00	-6.175732e+00	-4.361136e+00
2558          	warmPlate	-8.560780e+00	4.987455e-01	-7.469060e-01
2558          	OVC	-8.989219e+00	6.568555e-01	-4.994455e+00
2558          	shield_slave	-8.642285e+00	-6.175732e+00	-4.361136e+00
2559          	warmPlate	-8.560780e+00	4.987455e-01	-7.469060e-01
2559          	OVC	-8.989219e+00	6.568555e-01	-4.994455e+00
2559          	shield_slave	-8.642285e+00	-6.175732e+00	-4.361136e+00
2560          	warmPlate	-8.560780e+00	4.987455e-01	-7.469060e-01
2560          	OVC	-8.989219e+00	6.568555e-01	-4.994455e+00
2560          	shield_slave	-8.642285e+00	-6.175732e+00	-4.361136e+00
2561          	warmPlate	-8.560780e+00	4.987455e-01	-7.469060e-01
2561          	OVC	-8.989219e+00	6.568555e-01	-4.994455e+00
2561          	shield_slave	-8.642285e+00	-6.175732e+00	-4.361136e+00
2562          	warmPlate	-8.560780e+00	4.987455e-01	-7.469060e-01
2562          	OVC	-8.989219e+00	6.568555e-01	-4.994455e+00
2562          	shield_slave	-8.642285e+00	-6.175732e+00	-4.361136e+00
2563          	warmPlate	-8.560780e+00	4.987455e-01	-7.469060e-01
2563          	OVC	-8.989219e+00	6.568555e-01	-4.994455e+00
2563          	shield_slave	-8.642285e+00	-6.175732e+00	-4.361136e+00
2564          	warmPlate	-8.560780e+00	4.987455e-01	-7.469060e-01
2564          	OVC	-8.989219e+00	6.568555e-01	-4.994455e+00
2564          	shield_slave	-8.642285e+00	-6.175732e+00	-4.361136e+00
2565          	warmPlate	-8.560780e+00	4.987455e-01	-7.469060e-01
2565          	OVC	-8.989219e+00	6.568555e-01	-4.994455e+00
2565          	shield_slave	-8.642285e+00	-6.175732e+00	-4.361136e+00
2566          	warmPlate	-8.560780e+00	4.987455e-01	-7.469060e-01
2566          	OVC	-8.989219e+00	6.568555e-01	-4.994455e+00
2566          	shield_slave	-8.642285e+00	-6.175732e+00	-4.361136e+00
2567          	warmPlate	-8.560780e+00	4.987455e-01	-7.469060e-01
2567          	OVC	-8.989219e+00	6.568555e-01	-4.994455e+00
2567          	shield_slave	-8.642285e+00	-6.175732e+00	-4.361136e+00
2568          	warmPlate	-8.560780e+00	4.987455e-01	-7.469060e-01
2568          	OVC	-8.989219e+00	6.568555e-01	-4.994455e+00
2568          	shield_slave	-8.642285e+00	-6.175732e+00	-4.361136e+00
2569          	warmPlate	-8.560780e+00	4.987455e-01	-7.469060e-01
2569          	OVC	-8.989219e+00	6.568555e-01	-4.994455e+00
2569          	shield_slave	-8.642285e+00	-6.175732e+00	-4.361136e+00
2570          	warmPlate	-8.560780e+00	4.987455e-01	-7.469060e-01
2570          	OVC	-8.989219e+00	6.568555e-01	-4.994455e+00
2570          	shield_slave	-8.642285e+00	-6.175732e+00	-4.361136e+00
2571          	warmPlate	-8.560780e+00	4.987455e-01	-7.469060e-01
2571          	OVC	-8.989219e+00	6.568555e-01	-4.994455e+00
2571          	shield_slave	-8.642285e+00	-6.175732e+00	-4.361136e+00
2572          	warmPlate	-8.560780e+00	4.987455e-01	-7.469060e-01
2572          	OVC	-8.989219e+00	6.568555e-01	-4.994455e+00
2572          	shield_slave	-8.642285e+00	-6.175732e+00	-4.361136e+00
2573          	warmPlate	-8.560780e+00	4.987455e-01	-7.469060e-01
2573          	OVC	-8.989219e+00	6.568555e-01	-4.994455e+00
2573          	shield_slave	-8.642285e+00	-6.175732e+00	-4.361136e+00
2574          	warmPlate	-8.560780e+00	4.987455e-01	-7.469060e-01
2574          	OVC	-8.989219e+00	6.568555e-01	-4.994455e+00
2574          	shield_slave	-8.642285e+00	-6.175732e+00	-4.361136e+00
2575          	warmPlate	-8.560780e+00	4.987455e-01	-7.469060e-01
2575          	OVC	-8.989219e+00	6.568555e-01	-4.994455e+00
2575          	shield_slave	-8.642285e+00	-6.175732e+00	-4.361136e+00
2576          	warmPlate	-8.560780e+00	4.987455e-01	-7.469060e-01
2576          	OVC	-8.989219e+00	6.568555e-01	-4.994455e+00
2576          	shield_slave	-8.642285e+00	-6.175732e+00	-4.361136e+00
2577          	warmPlate	-8.560780e+00	4.987455e-01	-7.469060e-01
2577          	OVC	-8.989219e+00	6.568555e-01	-4.994455e+00
2577          	shield_slave	-8.642285e+00	-6.175732e+00	-4.361136e+00
2578          	warmPlate	-8.560780e+00	4.987455e-01	-7.469060e-01
2578          	OVC	-8.989219e+00	6.568555e-01	-4.994455e+00
2578          	shield_slave	-8.642285e+00	-6.175732e+00	-4.361136e+00
2579          	warmPlate	-8.560780e+00	4.987455e-01	-7.469060e-01
2579          	OVC	-8.989219e+00	6.568555e-01	-4.994455e+00
2579          	shield_slave	-8.642285e+00	-6.175732e+00	-4.361136e+00
2580          	warmPlate	-8.560780e+00	4.987455e-01	-7.469060e-01
2580          	OVC	-8.989219e+00	6.568555e-01	-4.994455e+00
2580          	shield_slave	-8.642285e+00	-6.175732e+00	-4.361136e+00
2581          	warmPlate	-8.560780e+00	4.987455e-01	-7.469060e-01
2581          	OVC	-8.989219e+00	6.568555e-01	-4.994455e+00
2581          	shield_slave	-8.642285e+00	-6.175732e+00	-4.361136e+00
2582          	warmPlate	-8.560780e+00	4.987455e-01	-7.469060e-01
2582          	OVC	-8.989219e+00	6.568555e-01	-4.994455e+00
2582          	shield_slave	-8.642285e+00	-6.175732e+00	-4.361136e+00
2583          	warmPlate	-8.560780e+00	4.987455e-01	-7.469060e-01
2583          	OVC	-8.989219e+00	6.568555e-01	-4.994455e+00
2583          	shield_slave	-8.642285e+00	-6.175732e+00	-4.361136e+00
2584          	warmPlate	-8.560780e+00	4.987455e-01	-7.469060e-01
2584          	OVC	-8.989219e+00	6.568555e-01	-4.994455e+00
2584          	shield_slave	-8.642285e+00	-6.175732e+00	-4.361136e+00
2585          	warmPlate	-8.560780e+00	4.987455e-01	-7.469060e-01
2585          	OVC	-8.989219e+00	6.568555e-01	-4.994455e+00
2585          	shield_slave	-8.642285e+00	-6.175732e+00	-4.361136e+00
2586          	warmPlate	-8.560780e+00	4.987455e-01	-7.469060e-01
2586          	OVC	-8.989219e+00	6.568555e-01	-4.994455e+00
2586          	shield_slave	-8.642285e+00	-6.175732e+00	-4.361136e+00
2587          	warmPlate	-8.560780e+00	4.987455e-01	-7.469060e-01
2587          	OVC	-8.989219e+00	6.568555e-01	-4.994455e+00
2587          	shield_slave	-8.642285e+00	-6.175732e+00	-4.361136e+00
2588          	warmPlate	-8.560780e+00	4.987455e-01	-7.469060e-01
2588          	OVC	-8.989219e+00	6.568555e-01	-4.994455e+00
2588          	shield_slave	-8.642285e+00	-6.175732e+00	-4.361136e+00
2589          	warmPlate	-8.560780e+00	4.987455e-01	-7.469060e-01
2589          	OVC	-8.989219e+00	6.568555e-01	-4.994455e+00
2589          	shield_slave	-8.642285e+00	-6.175732e+00	-4.361136e+00
2590          	warmPlate	-8.560780e+00	4.987455e-01	-7.469060e-01
2590          	OVC	-8.989219e+00	6.568555e-01	-4.994455e+00
2590          	shield_slave	-8.642285e+00	-6.175732e+00	-4.361136e+00
2591          	warmPlate	-8.560780e+00	4.987455e-01	-7.469060e-01
2591          	OVC	-8.989219e+00	6.568555e-01	-4.994455e+00
2591          	shield_slave	-8.642285e+00	-6.175732e+00	-4.361136e+00
2592          	warmPlate	-8.560780e+00	4.987455e-01	-7.469060e-01
2592          	OVC	-8.989219e+00	6.568555e-01	-4.994455e+00
2592          	shield_slave	-8.642285e+00	-6.175732e+00	-4.361136e+00
2593          	warmPlate	-8.560780e+00	4.987455e-01	-7.469060e-01
2593          	OVC	-8.989219e+00	6.568555e-01	-4.994455e+00
2593          	shield_slave	-8.642285e+00	-6.175732e+00	-4.361136e+00
2594          	warmPlate	-8.560780e+00	4.987455e-01	-7.469060e-01
2594          	OVC	-8.989219e+00	6.568555e-01	-4.994455e+00
2594          	shield_slave	-8.642285e+00	-6.175732e+00	-4.361136e+00
2595          	warmPlate	-8.560780e+00	4.987455e-01	-7.469060e-01
2595          	OVC	-8.989219e+00	6.568555e-01	-4.994455e+00
2595          	shield_slave	-8.642285e+00	-6.175732e+00	-4.361136e+00
2596          	warmPlate	-8.560780e+00	4.987455e-01	-7.469060e-01
2596          	OVC	-8.989219e+00	6.568555e-01	-4.994455e+00
2596          	shield_slave	-8.642285e+00	-6.175732e+00	-4.361136e+00
2597          	warmPlate	-8.560780e+00	4.987455e-01	-7.469060e-01
2597          	OVC	-8.989219e+00	6.568555e-01	-4.994455e+00
2597          	shield_slave	-8.642285e+00	-6.175732e+00	-4.361136e+00
2598          	warmPlate	-8.560780e+00	4.987455e-01	-7.469060e-01
2598          	OVC	-8.989219e+00	6.568555e-01	-4.994455e+00
2598          	shield_slave	-8.642285e+00	-6.175732e+00	-4.361136e+00
2599          	warmPlate	-8.560780e+00	4.987455e-01	-7.469060e-01
2599          	OVC	-8.989219e+00	6.568555e-01	-4.994455e+00
2599          	shield_slave	-8.642285e+00	-6.175732e+00	-4.361136e+00
2600          	warmPlate	-8.560780e+00	4.987455e-01	-7.469060e-01
2600          	OVC	-8.989219e+00	6.568555e-01	-4.994455e+00
2600          	shield_slave	-8.642285e+00	-6.175732e+00	-4.361136e+00
2601          	warmPlate	-8.560780e+00	4.987455e-01	-7.469060e-01
2601          	OVC	-8.989219e+00	6.568555e-01	-4.994455e+00
2601          	shield_slave	-8.642285e+00	-6.175732e+00	-4.361136e+00
2602          	warmPlate	-8.560780e+00	4.987455e-01	-7.469060e-01
2602          	OVC	-8.989219e+00	6.568555e-01	-4.994455e+00
2602          	shield_slave	-8.642285e+00	-6.175732e+00	-4.361136e+00
2603          	warmPlate	-8.560780e+00	4.987455e-01	-7.469060e-01
2603          	OVC	-8.989219e+00	6.568555e-01	-4.994455e+00
2603          	shield_slave	-8.642285e+00	-6.175732e+00	-4.361136e+00
2604          	warmPlate	-8.560780e+00	4.987455e-01	-7.469060e-01
2604          	OVC	-8.989219e+00	6.568555e-01	-4.994455e+00
2604          	shield_slave	-8.642285e+00	-6.175732e+00	-4.361136e+00
2605          	warmPlate	-8.560780e+00	4.987455e-01	-7.469060e-01
2605          	OVC	-8.989219e+00	6.568555e-01	-4.994455e+00
2605          	shield_slave	-8.642285e+00	-6.175732e+00	-4.361136e+00
2606          	warmPlate	-8.560780e+00	4.987455e-01	-7.469060e-01
2606          	OVC	-8.989219e+00	6.568555e-01	-4.994455e+00
2606          	shield_slave	-8.642285e+00	-6.175732e+00	-4.361136e+00
2607          	warmPlate	-8.560780e+00	4.987455e-01	-7.469060e-01
2607          	OVC	-8.989219e+00	6.568555e-01	-4.994455e+00
2607          	shield_slave	-8.642285e+00	-6.175732e+00	-4.361136e+00
2608          	warmPlate	-8.560780e+00	4.987455e-01	-7.469060e-01
2608          	OVC	-8.989219e+00	6.568555e-01	-4.994455e+00
2608          	shield_slave	-8.642285e+00	-6.175732e+00	-4.361136e+00
2609          	warmPlate	-8.560780e+00	4.987455e-01	-7.469060e-01
2609          	OVC	-8.989219e+00	6.568555e-01	-4.994455e+00
2609          	shield_slave	-8.642285e+00	-6.175732e+00	-4.361136e+00
2610          	warmPlate	-8.560780e+00	4.987455e-01	-7.469060e-01
2610          	OVC	-8.989219e+00	6.568555e-01	-4.994455e+00
2610          	shield_slave	-8.642285e+00	-6.175732e+00	-4.361136e+00
2611          	warmPlate	-8.560780e+00	4.987455e-01	-7.469060e-01
2611          	OVC	-8.989219e+00	6.568555e-01	-4.994455e+00
2611          	shield_slave	-8.642285e+00	-6.175732e+00	-4.361136e+00
2612          	warmPlate	-8.560780e+00	4.987455e-01	-7.469060e-01
2612          	OVC	-8.989219e+00	6.568555e-01	-4.994455e+00
2612          	shield_slave	-8.642285e+00	-6.175732e+00	-4.361136e+00
2613          	warmPlate	-8.560780e+00	4.987455e-01	-7.469060e-01
2613          	OVC	-8.989219e+00	6.568555e-01	-4.994455e+00
2613          	shield_slave	-8.642285e+00	-6.175732e+00	-4.361136e+00
2614          	warmPlate	-8.560780e+00	4.987455e-01	-7.469060e-01
2614          	OVC	-8.989219e+00	6.568555e-01	-4.994455e+00
2614          	shield_slave	-8.642285e+00	-6.175732e+00	-4.361136e+00
2615          	warmPlate	-8.560780e+00	4.987455e-01	-7.469060e-01
2615          	OVC	-8.989219e+00	6.568555e-01	-4.994455e+00
2615          	shield_slave	-8.642285e+00	-6.175732e+00	-4.361136e+00
2616          	warmPlate	-8.560780e+00	4.987455e-01	-7.469060e-01
2616          	OVC	-8.989219e+00	6.568555e-01	-4.994455e+00
2616          	shield_slave	-8.642285e+00	-6.175732e+00	-4.361136e+00
2617          	warmPlate	-8.560780e+00	4.987455e-01	-7.469060e-01
2617          	OVC	-8.989219e+00	6.568555e-01	-4.994455e+00
2617          	shield_slave	-8.642285e+00	-6.175732e+00	-4.361136e+00
2618          	warmPlate	-8.560780e+00	4.987455e-01	-7.469060e-01
2618          	OVC	-8.989219e+00	6.568555e-01	-4.994455e+00
2618          	shield_slave	-8.642285e+00	-6.175732e+00	-4.361136e+00
2619          	warmPlate	-8.560780e+00	4.987455e-01	-7.469060e-01
2619          	OVC	-8.989219e+00	6.568555e-01	-4.994455e+00
2619          	shield_slave	-8.642285e+00	-6.175732e+00	-4.361136e+00
2620          	warmPlate	-8.560780e+00	4.987455e-01	-7.469060e-01
2620          	OVC	-8.989219e+00	6.568555e-01	-4.994455e+00
2620          	shield_slave	-8.642285e+00	-6.175732e+00	-4.361136e+00
2621          	warmPlate	-8.560780e+00	4.987455e-01	-7.469060e-01
2621          	OVC	-8.989219e+00	6.568555e-01	-4.994455e+00
2621          	shield_slave	-8.642285e+00	-6.175732e+00	-4.361136e+00
2622          	warmPlate	-8.560780e+00	4.987455e-01	-7.469060e-01
2622          	OVC	-8.989219e+00	6.568555e-01	-4.994455e+00
2622          	shield_slave	-8.642285e+00	-6.175732e+00	-4.361136e+00
2623          	warmPlate	-8.560780e+00	4.987455e-01	-7.469060e-01
2623          	OVC	-8.989219e+00	6.568555e-01	-4.994455e+00
2623          	shield_slave	-8.642285e+00	-6.175732e+00	-4.361136e+00
2624          	warmPlate	-8.560780e+00	4.987455e-01	-7.469060e-01
2624          	OVC	-8.989219e+00	6.568555e-01	-4.994455e+00
2624          	shield_slave	-8.642285e+00	-6.175732e+00	-4.361136e+00
2625          	warmPlate	-8.560780e+00	4.987455e-01	-7.469060e-01
2625          	OVC	-8.989219e+00	6.568555e-01	-4.994455e+00
2625          	shield_slave	-8.642285e+00	-6.175732e+00	-4.361136e+00
2626          	warmPlate	-8.560780e+00	4.987455e-01	-7.469060e-01
2626          	OVC	-8.989219e+00	6.568555e-01	-4.994455e+00
2626          	shield_slave	-8.642285e+00	-6.175732e+00	-4.361136e+00
2627          	warmPlate	-8.560780e+00	4.987455e-01	-7.469060e-01
2627          	OVC	-8.989219e+00	6.568555e-01	-4.994455e+00
2627          	shield_slave	-8.642285e+00	-6.175732e+00	-4.361136e+00
2628          	warmPlate	-8.560780e+00	4.987455e-01	-7.469060e-01
2628          	OVC	-8.989219e+00	6.568555e-01	-4.994455e+00
2628          	shield_slave	-8.642285e+00	-6.175732e+00	-4.361136e+00
2629          	warmPlate	-8.560780e+00	4.987455e-01	-7.469060e-01
2629          	OVC	-8.989219e+00	6.568555e-01	-4.994455e+00
2629          	shield_slave	-8.642285e+00	-6.175732e+00	-4.361136e+00
2630          	warmPlate	-8.560780e+00	4.987455e-01	-7.469060e-01
2630          	OVC	-8.989219e+00	6.568555e-01	-4.994455e+00
2630          	shield_slave	-8.642285e+00	-6.175732e+00	-4.361136e+00
2631          	warmPlate	-8.560780e+00	4.987455e-01	-7.469060e-01
2631          	OVC	-8.989219e+00	6.568555e-01	-4.994455e+00
2631          	shield_slave	-8.642285e+00	-6.175732e+00	-4.361136e+00
2632          	warmPlate	-8.560780e+00	4.987455e-01	-7.469060e-01
2632          	OVC	-8.989219e+00	6.568555e-01	-4.994455e+00
2632          	shield_slave	-8.642285e+00	-6.175732e+00	-4.361136e+00
2633          	warmPlate	-8.560780e+00	4.987455e-01	-7.469060e-01
2633          	OVC	-8.989219e+00	6.568555e-01	-4.994455e+00
2633          	shield_slave	-8.642285e+00	-6.175732e+00	-4.361136e+00
2634          	warmPlate	-8.560780e+00	4.987455e-01	-7.469060e-01
2634          	OVC	-8.989219e+00	6.568555e-01	-4.994455e+00
2634          	shield_slave	-8.642285e+00	-6.175732e+00	-4.361136e+00
2635          	warmPlate	-8.560780e+00	4.987455e-01	-7.469060e-01
2635          	OVC	-8.989219e+00	6.568555e-01	-4.994455e+00
2635          	shield_slave	-8.642285e+00	-6.175732e+00	-4.361136e+00
2636          	warmPlate	-8.560780e+00	4.987455e-01	-7.469060e-01
2636          	OVC	-8.989219e+00	6.568555e-01	-4.994455e+00
2636          	shield_slave	-8.642285e+00	-6.175732e+00	-4.361136e+00
2637          	warmPlate	-8.560780e+00	4.987455e-01	-7.469060e-01
2637          	OVC	-8.989219e+00	6.568555e-01	-4.994455e+00
2637          	shield_slave	-8.642285e+00	-6.175732e+00	-4.361136e+00
2638          	warmPlate	-8.560780e+00	4.987455e-01	-7.469060e-01
2638          	OVC	-8.989219e+00	6.568555e-01	-4.994455e+00
2638          	shield_slave	-8.642285e+00	-6.175732e+00	-4.361136e+00
2639          	warmPlate	-8.560780e+00	4.987455e-01	-7.469060e-01
2639          	OVC	-8.989219e+00	6.568555e-01	-4.994455e+00
2639          	shield_slave	-8.642285e+00	-6.175732e+00	-4.361136e+00
2640          	warmPlate	-8.560780e+00	4.987455e-01	-7.469060e-01
2640          	OVC	-8.989219e+00	6.568555e-01	-4.994455e+00
2640          	shield_slave	-8.642285e+00	-6.175732e+00	-4.361136e+00
2641          	warmPlate	-8.560780e+00	4.987455e-01	-7.469060e-01
2641          	OVC	-8.989219e+00	6.568555e-01	-4.994455e+00
2641          	shield_slave	-8.642285e+00	-6.175732e+00	-4.361136e+00
2642          	warmPlate	-8.560780e+00	4.987455e-01	-7.469060e-01
2642          	OVC	-8.989219e+00	6.568555e-01	-4.994455e+00
2642          	shield_slave	-8.642285e+00	-6.175732e+00	-4.361136e+00
2643          	warmPlate	-8.560780e+00	4.987455e-01	-7.469060e-01
2643          	OVC	-8.989219e+00	6.568555e-01	-4.994455e+00
2643          	shield_slave	-8.642285e+00	-6.175732e+00	-4.361136e+00
2644          	warmPlate	-8.560780e+00	4.987455e-01	-7.469060e-01
2644          	OVC	-8.989219e+00	6.568555e-01	-4.994455e+00
2644          	shield_slave	-8.642285e+00	-6.175732e+00	-4.361136e+00
2645          	warmPlate	-8.560780e+00	4.987455e-01	-7.469060e-01
2645          	OVC	-8.989219e+00	6.568555e-01	-4.994455e+00
2645          	shield_slave	-8.642285e+00	-6.175732e+00	-4.361136e+00
2646          	warmPlate	-8.560780e+00	4.987455e-01	-7.469060e-01
2646          	OVC	-8.989219e+00	6.568555e-01	-4.994455e+00
2646          	shield_slave	-8.642285e+00	-6.175732e+00	-4.361136e+00
2647          	warmPlate	-8.560780e+00	4.987455e-01	-7.469060e-01
2647          	OVC	-8.989219e+00	6.568555e-01	-4.994455e+00
2647          	shield_slave	-8.642285e+00	-6.175732e+00	-4.361136e+00
2648          	warmPlate	-8.560780e+00	4.987455e-01	-7.469060e-01
2648          	OVC	-8.989219e+00	6.568555e-01	-4.994455e+00
2648          	shield_slave	-8.642285e+00	-6.175732e+00	-4.361136e+00
2649          	warmPlate	-8.560780e+00	4.987455e-01	-7.469060e-01
2649          	OVC	-8.989219e+00	6.568555e-01	-4.994455e+00
2649          	shield_slave	-8.642285e+00	-6.175732e+00	-4.361136e+00
2650          	warmPlate	-8.560780e+00	4.987455e-01	-7.469060e-01
2650          	OVC	-8.989219e+00	6.568555e-01	-4.994455e+00
2650          	shield_slave	-8.642285e+00	-6.175732e+00	-4.361136e+00
2651          	warmPlate	-8.560780e+00	4.987455e-01	-7.469060e-01
2651          	OVC	-8.989219e+00	6.568555e-01	-4.994455e+00
2651          	shield_slave	-8.642285e+00	-6.175732e+00	-4.361136e+00
2652          	warmPlate	-8.560780e+00	4.987455e-01	-7.469060e-01
2652          	OVC	-8.989219e+00	6.568555e-01	-4.994455e+00
2652          	shield_slave	-8.642285e+00	-6.175732e+00	-4.361136e+00
2653          	warmPlate	-8.560780e+00	4.987455e-01	-7.469060e-01
2653          	OVC	-8.989219e+00	6.568555e-01	-4.994455e+00
2653          	shield_slave	-8.642285e+00	-6.175732e+00	-4.361136e+00
2654          	warmPlate	-8.560780e+00	4.987455e-01	-7.469060e-01
2654          	OVC	-8.989219e+00	6.568555e-01	-4.994455e+00
2654          	shield_slave	-8.642285e+00	-6.175732e+00	-4.361136e+00
2655          	warmPlate	-8.560780e+00	4.987455e-01	-7.469060e-01
2655          	OVC	-8.989219e+00	6.568555e-01	-4.994455e+00
2655          	shield_slave	-8.642285e+00	-6.175732e+00	-4.361136e+00
2656          	warmPlate	-8.560780e+00	4.987455e-01	-7.469060e-01
2656          	OVC	-8.989219e+00	6.568555e-01	-4.994455e+00
2656          	shield_slave	-8.642285e+00	-6.175732e+00	-4.361136e+00
2657          	warmPlate	-8.560780e+00	4.987455e-01	-7.469060e-01
2657          	OVC	-8.989219e+00	6.568555e-01	-4.994455e+00
2657          	shield_slave	-8.642285e+00	-6.175732e+00	-4.361136e+00
2658          	warmPlate	-8.560780e+00	4.987455e-01	-7.469060e-01
2658          	OVC	-8.989219e+00	6.568555e-01	-4.994455e+00
2658          	shield_slave	-8.642285e+00	-6.175732e+00	-4.361136e+00
2659          	warmPlate	-8.560780e+00	4.987455e-01	-7.469060e-01
2659          	OVC	-8.989219e+00	6.568555e-01	-4.994455e+00
2659          	shield_slave	-8.642285e+00	-6.175732e+00	-4.361136e+00
2660          	warmPlate	-8.560780e+00	4.987455e-01	-7.469060e-01
2660          	OVC	-8.989219e+00	6.568555e-01	-4.994455e+00
2660          	shield_slave	-8.642285e+00	-6.175732e+00	-4.361136e+00
2661          	warmPlate	-8.560780e+00	4.987455e-01	-7.469060e-01
2661          	OVC	-8.989219e+00	6.568555e-01	-4.994455e+00
2661          	shield_slave	-8.642285e+00	-6.175732e+00	-4.361136e+00
2662          	warmPlate	-8.560780e+00	4.987455e-01	-7.469060e-01
2662          	OVC	-8.989219e+00	6.568555e-01	-4.994455e+00
2662          	shield_slave	-8.642285e+00	-6.175732e+00	-4.361136e+00
2663          	warmPlate	-8.560780e+00	4.987455e-01	-7.469060e-01
2663          	OVC	-8.989219e+00	6.568555e-01	-4.994455e+00
2663          	shield_slave	-8.642285e+00	-6.175732e+00	-4.361136e+00
2664          	warmPlate	-8.560780e+00	4.987455e-01	-7.469060e-01
2664          	OVC	-8.989219e+00	6.568555e-01	-4.994455e+00
2664          	shield_slave	-8.642285e+00	-6.175732e+00	-4.361136e+00
2665          	warmPlate	-8.560780e+00	4.987455e-01	-7.469060e-01
2665          	OVC	-8.989219e+00	6.568555e-01	-4.994455e+00
2665          	shield_slave	-8.642285e+00	-6.175732e+00	-4.361136e+00
2666          	warmPlate	-8.560780e+00	4.987455e-01	-7.469060e-01
2666          	OVC	-8.989219e+00	6.568555e-01	-4.994455e+00
2666          	shield_slave	-8.642285e+00	-6.175732e+00	-4.361136e+00
2667          	warmPlate	-8.560780e+00	4.987455e-01	-7.469060e-01
2667          	OVC	-8.989219e+00	6.568555e-01	-4.994455e+00
2667          	shield_slave	-8.642285e+00	-6.175732e+00	-4.361136e+00
2668          	warmPlate	-8.560780e+00	4.987455e-01	-7.469060e-01
2668          	OVC	-8.989219e+00	6.568555e-01	-4.994455e+00
2668          	shield_slave	-8.642285e+00	-6.175732e+00	-4.361136e+00
2669          	warmPlate	-8.560780e+00	4.987455e-01	-7.469060e-01
2669          	OVC	-8.989219e+00	6.568555e-01	-4.994455e+00
2669          	shield_slave	-8.642285e+00	-6.175732e+00	-4.361136e+00
2670          	warmPlate	-8.560780e+00	4.987455e-01	-7.469060e-01
2670          	OVC	-8.989219e+00	6.568555e-01	-4.994455e+00
2670          	shield_slave	-8.642285e+00	-6.175732e+00	-4.361136e+00
2671          	warmPlate	-8.560780e+00	4.987455e-01	-7.469060e-01
2671          	OVC	-8.989219e+00	6.568555e-01	-4.994455e+00
2671          	shield_slave	-8.642285e+00	-6.175732e+00	-4.361136e+00
2672          	warmPlate	-8.560780e+00	4.987455e-01	-7.469060e-01
2672          	OVC	-8.989219e+00	6.568555e-01	-4.994455e+00
2672          	shield_slave	-8.642285e+00	-6.175732e+00	-4.361136e+00
2673          	warmPlate	-8.560780e+00	4.987455e-01	-7.469060e-01
2673          	OVC	-8.989219e+00	6.568555e-01	-4.994455e+00
2673          	shield_slave	-8.642285e+00	-6.175732e+00	-4.361136e+00
2674          	warmPlate	-8.560780e+00	4.987455e-01	-7.469060e-01
2674          	OVC	-8.989219e+00	6.568555e-01	-4.994455e+00
2674          	shield_slave	-8.642285e+00	-6.175732e+00	-4.361136e+00
2675          	warmPlate	-8.560780e+00	4.987455e-01	-7.469060e-01
2675          	OVC	-8.989219e+00	6.568555e-01	-4.994455e+00
2675          	shield_slave	-8.642285e+00	-6.175732e+00	-4.361136e+00
2676          	warmPlate	-8.560780e+00	4.987455e-01	-7.469060e-01
2676          	OVC	-8.989219e+00	6.568555e-01	-4.994455e+00
2676          	shield_slave	-8.642285e+00	-6.175732e+00	-4.361136e+00
2677          	warmPlate	-8.560780e+00	4.987455e-01	-7.469060e-01
2677          	OVC	-8.989219e+00	6.568555e-01	-4.994455e+00
2677          	shield_slave	-8.642285e+00	-6.175732e+00	-4.361136e+00
2678          	warmPlate	-8.560780e+00	4.987455e-01	-7.469060e-01
2678          	OVC	-8.989219e+00	6.568555e-01	-4.994455e+00
2678          	shield_slave	-8.642285e+00	-6.175732e+00	-4.361136e+00
2679          	warmPlate	-8.560780e+00	4.987455e-01	-7.469060e-01
2679          	OVC	-8.989219e+00	6.568555e-01	-4.994455e+00
2679          	shield_slave	-8.642285e+00	-6.175732e+00	-4.361136e+00
2680          	warmPlate	-8.560780e+00	4.987455e-01	-7.469060e-01
2680          	OVC	-8.989219e+00	6.568555e-01	-4.994455e+00
2680          	shield_slave	-8.642285e+00	-6.175732e+00	-4.361136e+00
2681          	warmPlate	-8.560780e+00	4.987455e-01	-7.469060e-01
2681          	OVC	-8.989219e+00	6.568555e-01	-4.994455e+00
2681          	shield_slave	-8.642285e+00	-6.175732e+00	-4.361136e+00
2682          	warmPlate	-8.560780e+00	4.987455e-01	-7.469060e-01
2682          	OVC	-8.989219e+00	6.568555e-01	-4.994455e+00
2682          	shield_slave	-8.642285e+00	-6.175732e+00	-4.361136e+00
2683          	warmPlate	-8.560780e+00	4.987455e-01	-7.469060e-01
2683          	OVC	-8.989219e+00	6.568555e-01	-4.994455e+00
2683          	shield_slave	-8.642285e+00	-6.175732e+00	-4.361136e+00
2684          	warmPlate	-8.560780e+00	4.987455e-01	-7.469060e-01
2684          	OVC	-8.989219e+00	6.568555e-01	-4.994455e+00
2684          	shield_slave	-8.642285e+00	-6.175732e+00	-4.361136e+00
2685          	warmPlate	-8.560780e+00	4.987455e-01	-7.469060e-01
2685          	OVC	-8.989219e+00	6.568555e-01	-4.994455e+00
2685          	shield_slave	-8.642285e+00	-6.175732e+00	-4.361136e+00
2686          	warmPlate	-8.560780e+00	4.987455e-01	-7.469060e-01
2686          	OVC	-8.989219e+00	6.568555e-01	-4.994455e+00
2686          	shield_slave	-8.642285e+00	-6.175732e+00	-4.361136e+00
2687          	warmPlate	-8.560780e+00	4.987455e-01	-7.469060e-01
2687          	OVC	-8.989219e+00	6.568555e-01	-4.994455e+00
2687          	shield_slave	-8.642285e+00	-6.175732e+00	-4.361136e+00
2688          	warmPlate	-8.560780e+00	4.987455e-01	-7.469060e-01
2688          	OVC	-8.989219e+00	6.568555e-01	-4.994455e+00
2688          	shield_slave	-8.642285e+00	-6.175732e+00	-4.361136e+00
2689          	warmPlate	-8.560780e+00	4.987455e-01	-7.469060e-01
2689          	OVC	-8.989219e+00	6.568555e-01	-4.994455e+00
2689          	shield_slave	-8.642285e+00	-6.175732e+00	-4.361136e+00
2690          	warmPlate	-8.560780e+00	4.987455e-01	-7.469060e-01
2690          	OVC	-8.989219e+00	6.568555e-01	-4.994455e+00
2690          	shield_slave	-8.642285e+00	-6.175732e+00	-4.361136e+00
2691          	warmPlate	-8.560780e+00	4.987455e-01	-7.469060e-01
2691          	OVC	-8.989219e+00	6.568555e-01	-4.994455e+00
2691          	shield_slave	-8.642285e+00	-6.175732e+00	-4.361136e+00
2692          	warmPlate	-8.560780e+00	4.987455e-01	-7.469060e-01
2692          	OVC	-8.989219e+00	6.568555e-01	-4.994455e+00
2692          	shield_slave	-8.642285e+00	-6.175732e+00	-4.361136e+00
2693          	warmPlate	-8.560780e+00	4.987455e-01	-7.469060e-01
2693          	OVC	-8.989219e+00	6.568555e-01	-4.994455e+00
2693          	shield_slave	-8.642285e+00	-6.175732e+00	-4.361136e+00
2694          	warmPlate	-8.560780e+00	4.987455e-01	-7.469060e-01
2694          	OVC	-8.989219e+00	6.568555e-01	-4.994455e+00
2694          	shield_slave	-8.642285e+00	-6.175732e+00	-4.361136e+00
2695          	warmPlate	-8.560780e+00	4.987455e-01	-7.469060e-01
2695          	OVC	-8.989219e+00	6.568555e-01	-4.994455e+00
2695          	shield_slave	-8.642285e+00	-6.175732e+00	-4.361136e+00
2696          	warmPlate	-8.560780e+00	4.987455e-01	-7.469060e-01
2696          	OVC	-8.989219e+00	6.568555e-01	-4.994455e+00
2696          	shield_slave	-8.642285e+00	-6.175732e+00	-4.361136e+00
2697          	warmPlate	-8.560780e+00	4.987455e-01	-7.469060e-01
2697          	OVC	-8.989219e+00	6.568555e-01	-4.994455e+00
2697          	shield_slave	-8.642285e+00	-6.175732e+00	-4.361136e+00
2698          	warmPlate	-8.560780e+00	4.987455e-01	-7.469060e-01
2698          	OVC	-8.989219e+00	6.568555e-01	-4.994455e+00
2698          	shield_slave	-8.642285e+00	-6.175732e+00	-4.361136e+00
2699          	warmPlate	-8.560780e+00	4.987455e-01	-7.469060e-01
2699          	OVC	-8.989219e+00	6.568555e-01	-4.994455e+00
2699          	shield_slave	-8.642285e+00	-6.175732e+00	-4.361136e+00
2700          	warmPlate	-8.560780e+00	4.987455e-01	-7.469060e-01
2700          	OVC	-8.989219e+00	6.568555e-01	-4.994455e+00
2700          	shield_slave	-8.642285e+00	-6.175732e+00	-4.361136e+00
2701          	warmPlate	-8.560780e+00	4.987455e-01	-7.469060e-01
2701          	OVC	-8.989219e+00	6.568555e-01	-4.994455e+00
2701          	shield_slave	-8.642285e+00	-6.175732e+00	-4.361136e+00
2702          	warmPlate	-8.560780e+00	4.987455e-01	-7.469060e-01
2702          	OVC	-8.989219e+00	6.568555e-01	-4.994455e+00
2702          	shield_slave	-8.642285e+00	-6.175732e+00	-4.361136e+00
2703          	warmPlate	-8.560780e+00	4.987455e-01	-7.469060e-01
2703          	OVC	-8.989219e+00	6.568555e-01	-4.994455e+00
2703          	shield_slave	-8.642285e+00	-6.175732e+00	-4.361136e+00
2704          	warmPlate	-8.560780e+00	4.987455e-01	-7.469060e-01
2704          	OVC	-8.989219e+00	6.568555e-01	-4.994455e+00
2704          	shield_slave	-8.642285e+00	-6.175732e+00	-4.361136e+00
2705          	warmPlate	-8.560780e+00	4.987455e-01	-7.469060e-01
2705          	OVC	-8.989219e+00	6.568555e-01	-4.994455e+00
2705          	shield_slave	-8.642285e+00	-6.175732e+00	-4.361136e+00
2706          	warmPlate	-8.560780e+00	4.987455e-01	-7.469060e-01
2706          	OVC	-8.989219e+00	6.568555e-01	-4.994455e+00
2706          	shield_slave	-8.642285e+00	-6.175732e+00	-4.361136e+00
2707          	warmPlate	-8.560780e+00	4.987455e-01	-7.469060e-01
2707          	OVC	-8.989219e+00	6.568555e-01	-4.994455e+00
2707          	shield_slave	-8.642285e+00	-6.175732e+00	-4.361136e+00
2708          	warmPlate	-8.560780e+00	4.987455e-01	-7.469060e-01
2708          	OVC	-8.989219e+00	6.568555e-01	-4.994455e+00
2708          	shield_slave	-8.642285e+00	-6.175732e+00	-4.361136e+00
2709          	warmPlate	-8.560780e+00	4.987455e-01	-7.469060e-01
2709          	OVC	-8.989219e+00	6.568555e-01	-4.994455e+00
2709          	shield_slave	-8.642285e+00	-6.175732e+00	-4.361136e+00
2710          	warmPlate	-8.560780e+00	4.987455e-01	-7.469060e-01
2710          	OVC	-8.989219e+00	6.568555e-01	-4.994455e+00
2710          	shield_slave	-8.642285e+00	-6.175732e+00	-4.361136e+00
2711          	warmPlate	-8.560780e+00	4.987455e-01	-7.469060e-01
2711          	OVC	-8.989219e+00	6.568555e-01	-4.994455e+00
2711          	shield_slave	-8.642285e+00	-6.175732e+00	-4.361136e+00
2712          	warmPlate	-8.560780e+00	4.987455e-01	-7.469060e-01
2712          	OVC	-8.989219e+00	6.568555e-01	-4.994455e+00
2712          	shield_slave	-8.642285e+00	-6.175732e+00	-4.361136e+00
2713          	warmPlate	-8.560780e+00	4.987455e-01	-7.469060e-01
2713          	OVC	-8.989219e+00	6.568555e-01	-4.994455e+00
2713          	shield_slave	-8.642285e+00	-6.175732e+00	-4.361136e+00
2714          	warmPlate	-8.560780e+00	4.987455e-01	-7.469060e-01
2714          	OVC	-8.989219e+00	6.568555e-01	-4.994455e+00
2714          	shield_slave	-8.642285e+00	-6.175732e+00	-4.361136e+00
2715          	warmPlate	-8.560780e+00	4.987455e-01	-7.469060e-01
2715          	OVC	-8.989219e+00	6.568555e-01	-4.994455e+00
2715          	shield_slave	-8.642285e+00	-6.175732e+00	-4.361136e+00
2716          	warmPlate	-8.560780e+00	4.987455e-01	-7.469060e-01
2716          	OVC	-8.989219e+00	6.568555e-01	-4.994455e+00
2716          	shield_slave	-8.642285e+00	-6.175732e+00	-4.361136e+00
2717          	warmPlate	-8.560780e+00	4.987455e-01	-7.469060e-01
2717          	OVC	-8.989219e+00	6.568555e-01	-4.994455e+00
2717          	shield_slave	-8.642285e+00	-6.175732e+00	-4.361136e+00
2718          	warmPlate	-8.560780e+00	4.987455e-01	-7.469060e-01
2718          	OVC	-8.989219e+00	6.568555e-01	-4.994455e+00
2718          	shield_slave	-8.642285e+00	-6.175732e+00	-4.361136e+00
2719          	warmPlate	-8.560780e+00	4.987455e-01	-7.469060e-01
2719          	OVC	-8.989219e+00	6.568555e-01	-4.994455e+00
2719          	shield_slave	-8.642285e+00	-6.175732e+00	-4.361136e+00
2720          	warmPlate	-8.560780e+00	4.987455e-01	-7.469060e-01
2720          	OVC	-8.989219e+00	6.568555e-01	-4.994455e+00
2720          	shield_slave	-8.642285e+00	-6.175732e+00	-4.361136e+00
2721          	warmPlate	-8.560780e+00	4.987455e-01	-7.469060e-01
2721          	OVC	-8.989219e+00	6.568555e-01	-4.994455e+00
2721          	shield_slave	-8.642285e+00	-6.175732e+00	-4.361136e+00
2722          	warmPlate	-8.560780e+00	4.987455e-01	-7.469060e-01
2722          	OVC	-8.989219e+00	6.568555e-01	-4.994455e+00
2722          	shield_slave	-8.642285e+00	-6.175732e+00	-4.361136e+00
2723          	warmPlate	-8.560780e+00	4.987455e-01	-7.469060e-01
2723          	OVC	-8.989219e+00	6.568555e-01	-4.994455e+00
2723          	shield_slave	-8.642285e+00	-6.175732e+00	-4.361136e+00
2724          	warmPlate	-8.560780e+00	4.987455e-01	-7.469060e-01
2724          	OVC	-8.989219e+00	6.568555e-01	-4.994455e+00
2724          	shield_slave	-8.642285e+00	-6.175732e+00	-4.361136e+00
2725          	warmPlate	-8.560780e+00	4.987455e-01	-7.469060e-01
2725          	OVC	-8.989219e+00	6.568555e-01	-4.994455e+00
2725          	shield_slave	-8.642285e+00	-6.175732e+00	-4.361136e+00
2726          	warmPlate	-8.560780e+00	4.987455e-01	-7.469060e-01
2726          	OVC	-8.989219e+00	6.568555e-01	-4.994455e+00
2726          	shield_slave	-8.642285e+00	-6.175732e+00	-4.361136e+00
2727          	warmPlate	-8.560780e+00	4.987455e-01	-7.469060e-01
2727          	OVC	-8.989219e+00	6.568555e-01	-4.994455e+00
2727          	shield_slave	-8.642285e+00	-6.175732e+00	-4.361136e+00
2728          	warmPlate	-8.560780e+00	4.987455e-01	-7.469060e-01
2728          	OVC	-8.989219e+00	6.568555e-01	-4.994455e+00
2728          	shield_slave	-8.642285e+00	-6.175732e+00	-4.361136e+00
2729          	warmPlate	-8.560780e+00	4.987455e-01	-7.469060e-01
2729          	OVC	-8.989219e+00	6.568555e-01	-4.994455e+00
2729          	shield_slave	-8.642285e+00	-6.175732e+00	-4.361136e+00
2730          	warmPlate	-8.560780e+00	4.987455e-01	-7.469060e-01
2730          	OVC	-8.989219e+00	6.568555e-01	-4.994455e+00
2730          	shield_slave	-8.642285e+00	-6.175732e+00	-4.361136e+00
2731          	warmPlate	-8.560780e+00	4.987455e-01	-7.469060e-01
2731          	OVC	-8.989219e+00	6.568555e-01	-4.994455e+00
2731          	shield_slave	-8.642285e+00	-6.175732e+00	-4.361136e+00
2732          	warmPlate	-8.560780e+00	4.987455e-01	-7.469060e-01
2732          	OVC	-8.989219e+00	6.568555e-01	-4.994455e+00
2732          	shield_slave	-8.642285e+00	-6.175732e+00	-4.361136e+00
2733          	warmPlate	-8.560780e+00	4.987455e-01	-7.469060e-01
2733          	OVC	-8.989219e+00	6.568555e-01	-4.994455e+00
2733          	shield_slave	-8.642285e+00	-6.175732e+00	-4.361136e+00
2734          	warmPlate	-8.560780e+00	4.987455e-01	-7.469060e-01
2734          	OVC	-8.989219e+00	6.568555e-01	-4.994455e+00
2734          	shield_slave	-8.642285e+00	-6.175732e+00	-4.361136e+00
2735          	warmPlate	-8.560780e+00	4.987455e-01	-7.469060e-01
2735          	OVC	-8.989219e+00	6.568555e-01	-4.994455e+00
2735          	shield_slave	-8.642285e+00	-6.175732e+00	-4.361136e+00
2736          	warmPlate	-8.560780e+00	4.987455e-01	-7.469060e-01
2736          	OVC	-8.989219e+00	6.568555e-01	-4.994455e+00
2736          	shield_slave	-8.642285e+00	-6.175732e+00	-4.361136e+00
2737          	warmPlate	-8.560780e+00	4.987455e-01	-7.469060e-01
2737          	OVC	-8.989219e+00	6.568555e-01	-4.994455e+00
2737          	shield_slave	-8.642285e+00	-6.175732e+00	-4.361136e+00
2738          	warmPlate	-8.560780e+00	4.987455e-01	-7.469060e-01
2738          	OVC	-8.989219e+00	6.568555e-01	-4.994455e+00
2738          	shield_slave	-8.642285e+00	-6.175732e+00	-4.361136e+00
2739          	warmPlate	-8.560780e+00	4.987455e-01	-7.469060e-01
2739          	OVC	-8.989219e+00	6.568555e-01	-4.994455e+00
2739          	shield_slave	-8.642285e+00	-6.175732e+00	-4.361136e+00
2740          	warmPlate	-8.560780e+00	4.987455e-01	-7.469060e-01
2740          	OVC	-8.989219e+00	6.568555e-01	-4.994455e+00
2740          	shield_slave	-8.642285e+00	-6.175732e+00	-4.361136e+00
2741          	warmPlate	-8.560780e+00	4.987455e-01	-7.469060e-01
2741          	OVC	-8.989219e+00	6.568555e-01	-4.994455e+00
2741          	shield_slave	-8.642285e+00	-6.175732e+00	-4.361136e+00
2742          	warmPlate	-8.560780e+00	4.987455e-01	-7.469060e-01
2742          	OVC	-8.989219e+00	6.568555e-01	-4.994455e+00
2742          	shield_slave	-8.642285e+00	-6.175732e+00	-4.361136e+00
2743          	warmPlate	-8.560780e+00	4.987455e-01	-7.469060e-01
2743          	OVC	-8.989219e+00	6.568555e-01	-4.994455e+00
2743          	shield_slave	-8.642285e+00	-6.175732e+00	-4.361136e+00
2744          	warmPlate	-8.560780e+00	4.987455e-01	-7.469060e-01
2744          	OVC	-8.989219e+00	6.568555e-01	-4.994455e+00
2744          	shield_slave	-8.642285e+00	-6.175732e+00	-4.361136e+00
2745          	warmPlate	-8.560780e+00	4.987455e-01	-7.469060e-01
2745          	OVC	-8.989219e+00	6.568555e-01	-4.994455e+00
2745          	shield_slave	-8.642285e+00	-6.175732e+00	-4.361136e+00
2746          	warmPlate	-8.560780e+00	4.987455e-01	-7.469060e-01
2746          	OVC	-8.989219e+00	6.568555e-01	-4.994455e+00
2746          	shield_slave	-8.642285e+00	-6.175732e+00	-4.361136e+00
2747          	warmPlate	-8.560780e+00	4.987455e-01	-7.469060e-01
2747          	OVC	-8.989219e+00	6.568555e-01	-4.994455e+00
2747          	shield_slave	-8.642285e+00	-6.175732e+00	-4.361136e+00
2748          	warmPlate	-8.560780e+00	4.987455e-01	-7.469060e-01
2748          	OVC	-8.989219e+00	6.568555e-01	-4.994455e+00
2748          	shield_slave	-8.642285e+00	-6.175732e+00	-4.361136e+00
2749          	warmPlate	-8.560780e+00	4.987455e-01	-7.469060e-01
2749          	OVC	-8.989219e+00	6.568555e-01	-4.994455e+00
2749          	shield_slave	-8.642285e+00	-6.175732e+00	-4.361136e+00
2750          	warmPlate	-8.560780e+00	4.987455e-01	-7.469060e-01
2750          	OVC	-8.989219e+00	6.568555e-01	-4.994455e+00
2750          	shield_slave	-8.642285e+00	-6.175732e+00	-4.361136e+00
2751          	warmPlate	-8.560780e+00	4.987455e-01	-7.469060e-01
2751          	OVC	-8.989219e+00	6.568555e-01	-4.994455e+00
2751          	shield_slave	-8.642285e+00	-6.175732e+00	-4.361136e+00
2752          	warmPlate	-8.560780e+00	4.987455e-01	-7.469060e-01
2752          	OVC	-8.989219e+00	6.568555e-01	-4.994455e+00
2752          	shield_slave	-8.642285e+00	-6.175732e+00	-4.361136e+00
2753          	warmPlate	-8.560780e+00	4.987455e-01	-7.469060e-01
2753          	OVC	-8.989219e+00	6.568555e-01	-4.994455e+00
2753          	shield_slave	-8.642285e+00	-6.175732e+00	-4.361136e+00
2754          	warmPlate	-8.560780e+00	4.987455e-01	-7.469060e-01
2754          	OVC	-8.989219e+00	6.568555e-01	-4.994455e+00
2754          	shield_slave	-8.642285e+00	-6.175732e+00	-4.361136e+00
2755          	warmPlate	-8.560780e+00	4.987455e-01	-7.469060e-01
2755          	OVC	-8.989219e+00	6.568555e-01	-4.994455e+00
2755          	shield_slave	-8.642285e+00	-6.175732e+00	-4.361136e+00
2756          	warmPlate	-8.560780e+00	4.987455e-01	-7.469060e-01
2756          	OVC	-8.989219e+00	6.568555e-01	-4.994455e+00
2756          	shield_slave	-8.642285e+00	-6.175732e+00	-4.361136e+00
2757          	warmPlate	-8.560780e+00	4.987455e-01	-7.469060e-01
2757          	OVC	-8.989219e+00	6.568555e-01	-4.994455e+00
2757          	shield_slave	-8.642285e+00	-6.175732e+00	-4.361136e+00
2758          	warmPlate	-8.560780e+00	4.987455e-01	-7.469060e-01
2758          	OVC	-8.989219e+00	6.568555e-01	-4.994455e+00
2758          	shield_slave	-8.642285e+00	-6.175732e+00	-4.361136e+00
2759          	warmPlate	-8.560780e+00	4.987455e-01	-7.469060e-01
2759          	OVC	-8.989219e+00	6.568555e-01	-4.994455e+00
2759          	shield_slave	-8.642285e+00	-6.175732e+00	-4.361136e+00
2760          	warmPlate	-8.560780e+00	4.987455e-01	-7.469060e-01
2760          	OVC	-8.989219e+00	6.568555e-01	-4.994455e+00
2760          	shield_slave	-8.642285e+00	-6.175732e+00	-4.361136e+00
2761          	warmPlate	-8.560780e+00	4.987455e-01	-7.469060e-01
2761          	OVC	-8.989219e+00	6.568555e-01	-4.994455e+00
2761          	shield_slave	-8.642285e+00	-6.175732e+00	-4.361136e+00
2762          	warmPlate	-8.560780e+00	4.987455e-01	-7.469060e-01
2762          	OVC	-8.989219e+00	6.568555e-01	-4.994455e+00
2762          	shield_slave	-8.642285e+00	-6.175732e+00	-4.361136e+00
2763          	warmPlate	-8.560780e+00	4.987455e-01	-7.469060e-01
2763          	OVC	-8.989219e+00	6.568555e-01	-4.994455e+00
2763          	shield_slave	-8.642285e+00	-6.175732e+00	-4.361136e+00
2764          	warmPlate	-8.560780e+00	4.987455e-01	-7.469060e-01
2764          	OVC	-8.989219e+00	6.568555e-01	-4.994455e+00
2764          	shield_slave	-8.642285e+00	-6.175732e+00	-4.361136e+00
2765          	warmPlate	-8.560780e+00	4.987455e-01	-7.469060e-01
2765          	OVC	-8.989219e+00	6.568555e-01	-4.994455e+00
2765          	shield_slave	-8.642285e+00	-6.175732e+00	-4.361136e+00
2766          	warmPlate	-8.560780e+00	4.987455e-01	-7.469060e-01
2766          	OVC	-8.989219e+00	6.568555e-01	-4.994455e+00
2766          	shield_slave	-8.642285e+00	-6.175732e+00	-4.361136e+00
2767          	warmPlate	-8.560780e+00	4.987455e-01	-7.469060e-01
2767          	OVC	-8.989219e+00	6.568555e-01	-4.994455e+00
2767          	shield_slave	-8.642285e+00	-6.175732e+00	-4.361136e+00
2768          	warmPlate	-8.560780e+00	4.987455e-01	-7.469060e-01
2768          	OVC	-8.989219e+00	6.568555e-01	-4.994455e+00
2768          	shield_slave	-8.642285e+00	-6.175732e+00	-4.361136e+00
2769          	warmPlate	-8.560780e+00	4.987455e-01	-7.469060e-01
2769          	OVC	-8.989219e+00	6.568555e-01	-4.994455e+00
2769          	shield_slave	-8.642285e+00	-6.175732e+00	-4.361136e+00
2770          	warmPlate	-8.560780e+00	4.987455e-01	-7.469060e-01
2770          	OVC	-8.989219e+00	6.568555e-01	-4.994455e+00
2770          	shield_slave	-8.642285e+00	-6.175732e+00	-4.361136e+00
2771          	warmPlate	-8.560780e+00	4.987455e-01	-7.469060e-01
2771          	OVC	-8.989219e+00	6.568555e-01	-4.994455e+00
2771          	shield_slave	-8.642285e+00	-6.175732e+00	-4.361136e+00
2772          	warmPlate	-8.560780e+00	4.987455e-01	-7.469060e-01
2772          	OVC	-8.989219e+00	6.568555e-01	-4.994455e+00
2772          	shield_slave	-8.642285e+00	-6.175732e+00	-4.361136e+00
2773          	warmPlate	-8.560780e+00	4.987455e-01	-7.469060e-01
2773          	OVC	-8.989219e+00	6.568555e-01	-4.994455e+00
2773          	shield_slave	-8.642285e+00	-6.175732e+00	-4.361136e+00
2774          	warmPlate	-8.560780e+00	4.987455e-01	-7.469060e-01
2774          	OVC	-8.989219e+00	6.568555e-01	-4.994455e+00
2774          	shield_slave	-8.642285e+00	-6.175732e+00	-4.361136e+00
2775          	warmPlate	-8.560780e+00	4.987455e-01	-7.469060e-01
2775          	OVC	-8.989219e+00	6.568555e-01	-4.994455e+00
2775          	shield_slave	-8.642285e+00	-6.175732e+00	-4.361136e+00
2776          	warmPlate	-8.560780e+00	4.987455e-01	-7.469060e-01
2776          	OVC	-8.989219e+00	6.568555e-01	-4.994455e+00
2776          	shield_slave	-8.642285e+00	-6.175732e+00	-4.361136e+00
2777          	warmPlate	-8.560780e+00	4.987455e-01	-7.469060e-01
2777          	OVC	-8.989219e+00	6.568555e-01	-4.994455e+00
2777          	shield_slave	-8.642285e+00	-6.175732e+00	-4.361136e+00
2778          	warmPlate	-8.560780e+00	4.987455e-01	-7.469060e-01
2778          	OVC	-8.989219e+00	6.568555e-01	-4.994455e+00
2778          	shield_slave	-8.642285e+00	-6.175732e+00	-4.361136e+00
2779          	warmPlate	-8.560780e+00	4.987455e-01	-7.469060e-01
2779          	OVC	-8.989219e+00	6.568555e-01	-4.994455e+00
2779          	shield_slave	-8.642285e+00	-6.175732e+00	-4.361136e+00
2780          	warmPlate	-8.560780e+00	4.987455e-01	-7.469060e-01
2780          	OVC	-8.989219e+00	6.568555e-01	-4.994455e+00
2780          	shield_slave	-8.642285e+00	-6.175732e+00	-4.361136e+00
2781          	warmPlate	-8.560780e+00	4.987455e-01	-7.469060e-01
2781          	OVC	-8.989219e+00	6.568555e-01	-4.994455e+00
2781          	shield_slave	-8.642285e+00	-6.175732e+00	-4.361136e+00
2782          	warmPlate	-8.560780e+00	4.987455e-01	-7.469060e-01
2782          	OVC	-8.989219e+00	6.568555e-01	-4.994455e+00
2782          	shield_slave	-8.642285e+00	-6.175732e+00	-4.361136e+00
2783          	warmPlate	-8.560780e+00	4.987455e-01	-7.469060e-01
2783          	OVC	-8.989219e+00	6.568555e-01	-4.994455e+00
2783          	shield_slave	-8.642285e+00	-6.175732e+00	-4.361136e+00
2784          	warmPlate	-8.560780e+00	4.987455e-01	-7.469060e-01
2784          	OVC	-8.989219e+00	6.568555e-01	-4.994455e+00
2784          	shield_slave	-8.642285e+00	-6.175732e+00	-4.361136e+00
2785          	warmPlate	-8.560780e+00	4.987455e-01	-7.469060e-01
2785          	OVC	-8.989219e+00	6.568555e-01	-4.994455e+00
2785          	shield_slave	-8.642285e+00	-6.175732e+00	-4.361136e+00
2786          	warmPlate	-8.560780e+00	4.987455e-01	-7.469060e-01
2786          	OVC	-8.989219e+00	6.568555e-01	-4.994455e+00
2786          	shield_slave	-8.642285e+00	-6.175732e+00	-4.361136e+00
2787          	warmPlate	-8.560780e+00	4.987455e-01	-7.469060e-01
2787          	OVC	-8.989219e+00	6.568555e-01	-4.994455e+00
2787          	shield_slave	-8.642285e+00	-6.175732e+00	-4.361136e+00
2788          	warmPlate	-8.560780e+00	4.987455e-01	-7.469060e-01
2788          	OVC	-8.989219e+00	6.568555e-01	-4.994455e+00
2788          	shield_slave	-8.642285e+00	-6.175732e+00	-4.361136e+00
2789          	warmPlate	-8.560780e+00	4.987455e-01	-7.469060e-01
2789          	OVC	-8.989219e+00	6.568555e-01	-4.994455e+00
2789          	shield_slave	-8.642285e+00	-6.175732e+00	-4.361136e+00
2790          	warmPlate	-8.560780e+00	4.987455e-01	-7.469060e-01
2790          	OVC	-8.989219e+00	6.568555e-01	-4.994455e+00
2790          	shield_slave	-8.642285e+00	-6.175732e+00	-4.361136e+00
2791          	warmPlate	-8.560780e+00	4.987455e-01	-7.469060e-01
2791          	OVC	-8.989219e+00	6.568555e-01	-4.994455e+00
2791          	shield_slave	-8.642285e+00	-6.175732e+00	-4.361136e+00
2792          	warmPlate	-8.560780e+00	4.987455e-01	-7.469060e-01
2792          	OVC	-8.989219e+00	6.568555e-01	-4.994455e+00
2792          	shield_slave	-8.642285e+00	-6.175732e+00	-4.361136e+00
2793          	warmPlate	-8.560780e+00	4.987455e-01	-7.469060e-01
2793          	OVC	-8.989219e+00	6.568555e-01	-4.994455e+00
2793          	shield_slave	-8.642285e+00	-6.175732e+00	-4.361136e+00
2794          	warmPlate	-8.560780e+00	4.987455e-01	-7.469060e-01
2794          	OVC	-8.989219e+00	6.568555e-01	-4.994455e+00
2794          	shield_slave	-8.642285e+00	-6.175732e+00	-4.361136e+00
2795          	warmPlate	-8.560780e+00	4.987455e-01	-7.469060e-01
2795          	OVC	-8.989219e+00	6.568555e-01	-4.994455e+00
2795          	shield_slave	-8.642285e+00	-6.175732e+00	-4.361136e+00
2796          	warmPlate	-8.560780e+00	4.987455e-01	-7.469060e-01
2796          	OVC	-8.989219e+00	6.568555e-01	-4.994455e+00
2796          	shield_slave	-8.642285e+00	-6.175732e+00	-4.361136e+00
2797          	warmPlate	-8.560780e+00	4.987455e-01	-7.469060e-01
2797          	OVC	-8.989219e+00	6.568555e-01	-4.994455e+00
2797          	shield_slave	-8.642285e+00	-6.175732e+00	-4.361136e+00
2798          	warmPlate	-8.560780e+00	4.987455e-01	-7.469060e-01
2798          	OVC	-8.989219e+00	6.568555e-01	-4.994455e+00
2798          	shield_slave	-8.642285e+00	-6.175732e+00	-4.361136e+00
2799          	warmPlate	-8.560780e+00	4.987455e-01	-7.469060e-01
2799          	OVC	-8.989219e+00	6.568555e-01	-4.994455e+00
2799          	shield_slave	-8.642285e+00	-6.175732e+00	-4.361136e+00
2800          	warmPlate	-8.560780e+00	4.987455e-01	-7.469060e-01
2800          	OVC	-8.989219e+00	6.568555e-01	-4.994455e+00
2800          	shield_slave	-8.642285e+00	-6.175732e+00	-4.361136e+00
2801          	warmPlate	-8.560780e+00	4.987455e-01	-7.469060e-01
2801          	OVC	-8.989219e+00	6.568555e-01	-4.994455e+00
2801          	shield_slave	-8.642285e+00	-6.175732e+00	-4.361136e+00
2802          	warmPlate	-8.560780e+00	4.987455e-01	-7.469060e-01
2802          	OVC	-8.989219e+00	6.568555e-01	-4.994455e+00
2802          	shield_slave	-8.642285e+00	-6.175732e+00	-4.361136e+00
2803          	warmPlate	-8.560780e+00	4.987455e-01	-7.469060e-01
2803          	OVC	-8.989219e+00	6.568555e-01	-4.994455e+00
2803          	shield_slave	-8.642285e+00	-6.175732e+00	-4.361136e+00
2804          	warmPlate	-8.560780e+00	4.987455e-01	-7.469060e-01
2804          	OVC	-8.989219e+00	6.568555e-01	-4.994455e+00
2804          	shield_slave	-8.642285e+00	-6.175732e+00	-4.361136e+00
2805          	warmPlate	-8.560780e+00	4.987455e-01	-7.469060e-01
2805          	OVC	-8.989219e+00	6.568555e-01	-4.994455e+00
2805          	shield_slave	-8.642285e+00	-6.175732e+00	-4.361136e+00
2806          	warmPlate	-8.560780e+00	4.987455e-01	-7.469060e-01
2806          	OVC	-8.989219e+00	6.568555e-01	-4.994455e+00
2806          	shield_slave	-8.642285e+00	-6.175732e+00	-4.361136e+00
2807          	warmPlate	-8.560780e+00	4.987455e-01	-7.469060e-01
2807          	OVC	-8.989219e+00	6.568555e-01	-4.994455e+00
2807          	shield_slave	-8.642285e+00	-6.175732e+00	-4.361136e+00
2808          	warmPlate	-8.560780e+00	4.987455e-01	-7.469060e-01
2808          	OVC	-8.989219e+00	6.568555e-01	-4.994455e+00
2808          	shield_slave	-8.642285e+00	-6.175732e+00	-4.361136e+00
2809          	warmPlate	-8.560780e+00	4.987455e-01	-7.469060e-01
2809          	OVC	-8.989219e+00	6.568555e-01	-4.994455e+00
2809          	shield_slave	-8.642285e+00	-6.175732e+00	-4.361136e+00
2810          	warmPlate	-8.560780e+00	4.987455e-01	-7.469060e-01
2810          	OVC	-8.989219e+00	6.568555e-01	-4.994455e+00
2810          	shield_slave	-8.642285e+00	-6.175732e+00	-4.361136e+00
2811          	warmPlate	-8.560780e+00	4.987455e-01	-7.469060e-01
2811          	OVC	-8.989219e+00	6.568555e-01	-4.994455e+00
2811          	shield_slave	-8.642285e+00	-6.175732e+00	-4.361136e+00
2812          	warmPlate	-8.560780e+00	4.987455e-01	-7.469060e-01
2812          	OVC	-8.989219e+00	6.568555e-01	-4.994455e+00
2812          	shield_slave	-8.642285e+00	-6.175732e+00	-4.361136e+00
2813          	warmPlate	-8.560780e+00	4.987455e-01	-7.469060e-01
2813          	OVC	-8.989219e+00	6.568555e-01	-4.994455e+00
2813          	shield_slave	-8.642285e+00	-6.175732e+00	-4.361136e+00
2814          	warmPlate	-8.560780e+00	4.987455e-01	-7.469060e-01
2814          	OVC	-8.989219e+00	6.568555e-01	-4.994455e+00
2814          	shield_slave	-8.642285e+00	-6.175732e+00	-4.361136e+00
2815          	warmPlate	-8.560780e+00	4.987455e-01	-7.469060e-01
2815          	OVC	-8.989219e+00	6.568555e-01	-4.994455e+00
2815          	shield_slave	-8.642285e+00	-6.175732e+00	-4.361136e+00
2816          	warmPlate	-8.560780e+00	4.987455e-01	-7.469060e-01
2816          	OVC	-8.989219e+00	6.568555e-01	-4.994455e+00
2816          	shield_slave	-8.642285e+00	-6.175732e+00	-4.361136e+00
2817          	warmPlate	-8.560780e+00	4.987455e-01	-7.469060e-01
2817          	OVC	-8.989219e+00	6.568555e-01	-4.994455e+00
2817          	shield_slave	-8.642285e+00	-6.175732e+00	-4.361136e+00
2818          	warmPlate	-8.560780e+00	4.987455e-01	-7.469060e-01
2818          	OVC	-8.989219e+00	6.568555e-01	-4.994455e+00
2818          	shield_slave	-8.642285e+00	-6.175732e+00	-4.361136e+00
2819          	warmPlate	-8.560780e+00	4.987455e-01	-7.469060e-01
2819          	OVC	-8.989219e+00	6.568555e-01	-4.994455e+00
2819          	shield_slave	-8.642285e+00	-6.175732e+00	-4.361136e+00
2820          	warmPlate	-8.560780e+00	4.987455e-01	-7.469060e-01
2820          	OVC	-8.989219e+00	6.568555e-01	-4.994455e+00
2820          	shield_slave	-8.642285e+00	-6.175732e+00	-4.361136e+00
2821          	warmPlate	-8.560780e+00	4.987455e-01	-7.469060e-01
2821          	OVC	-8.989219e+00	6.568555e-01	-4.994455e+00
2821          	shield_slave	-8.642285e+00	-6.175732e+00	-4.361136e+00
2822          	warmPlate	-8.560780e+00	4.987455e-01	-7.469060e-01
2822          	OVC	-8.989219e+00	6.568555e-01	-4.994455e+00
2822          	shield_slave	-8.642285e+00	-6.175732e+00	-4.361136e+00
2823          	warmPlate	-8.560780e+00	4.987455e-01	-7.469060e-01
2823          	OVC	-8.989219e+00	6.568555e-01	-4.994455e+00
2823          	shield_slave	-8.642285e+00	-6.175732e+00	-4.361136e+00
2824          	warmPlate	-8.560780e+00	4.987455e-01	-7.469060e-01
2824          	OVC	-8.989219e+00	6.568555e-01	-4.994455e+00
2824          	shield_slave	-8.642285e+00	-6.175732e+00	-4.361136e+00
2825          	warmPlate	-8.560780e+00	4.987455e-01	-7.469060e-01
2825          	OVC	-8.989219e+00	6.568555e-01	-4.994455e+00
2825          	shield_slave	-8.642285e+00	-6.175732e+00	-4.361136e+00
2826          	warmPlate	-8.560780e+00	4.987455e-01	-7.469060e-01
2826          	OVC	-8.989219e+00	6.568555e-01	-4.994455e+00
2826          	shield_slave	-8.642285e+00	-6.175732e+00	-4.361136e+00
2827          	warmPlate	-8.560780e+00	4.987455e-01	-7.469060e-01
2827          	OVC	-8.989219e+00	6.568555e-01	-4.994455e+00
2827          	shield_slave	-8.642285e+00	-6.175732e+00	-4.361136e+00
2828          	warmPlate	-8.560780e+00	4.987455e-01	-7.469060e-01
2828          	OVC	-8.989219e+00	6.568555e-01	-4.994455e+00
2828          	shield_slave	-8.642285e+00	-6.175732e+00	-4.361136e+00
2829          	warmPlate	-8.560780e+00	4.987455e-01	-7.469060e-01
2829          	OVC	-8.989219e+00	6.568555e-01	-4.994455e+00
2829          	shield_slave	-8.642285e+00	-6.175732e+00	-4.361136e+00
2830          	warmPlate	-8.560780e+00	4.987455e-01	-7.469060e-01
2830          	OVC	-8.989219e+00	6.568555e-01	-4.994455e+00
2830          	shield_slave	-8.642285e+00	-6.175732e+00	-4.361136e+00
2831          	warmPlate	-8.560780e+00	4.987455e-01	-7.469060e-01
2831          	OVC	-8.989219e+00	6.568555e-01	-4.994455e+00
2831          	shield_slave	-8.642285e+00	-6.175732e+00	-4.361136e+00
2832          	warmPlate	-8.560780e+00	4.987455e-01	-7.469060e-01
2832          	OVC	-8.989219e+00	6.568555e-01	-4.994455e+00
2832          	shield_slave	-8.642285e+00	-6.175732e+00	-4.361136e+00
2833          	warmPlate	-8.560780e+00	4.987455e-01	-7.469060e-01
2833          	OVC	-8.989219e+00	6.568555e-01	-4.994455e+00
2833          	shield_slave	-8.642285e+00	-6.175732e+00	-4.361136e+00
2834          	warmPlate	-8.560780e+00	4.987455e-01	-7.469060e-01
2834          	OVC	-8.989219e+00	6.568555e-01	-4.994455e+00
2834          	shield_slave	-8.642285e+00	-6.175732e+00	-4.361136e+00
2835          	warmPlate	-8.560780e+00	4.987455e-01	-7.469060e-01
2835          	OVC	-8.989219e+00	6.568555e-01	-4.994455e+00
2835          	shield_slave	-8.642285e+00	-6.175732e+00	-4.361136e+00
2836          	warmPlate	-8.560780e+00	4.987455e-01	-7.469060e-01
2836          	OVC	-8.989219e+00	6.568555e-01	-4.994455e+00
2836          	shield_slave	-8.642285e+00	-6.175732e+00	-4.361136e+00
2837          	warmPlate	-8.560780e+00	4.987455e-01	-7.469060e-01
2837          	OVC	-8.989219e+00	6.568555e-01	-4.994455e+00
2837          	shield_slave	-8.642285e+00	-6.175732e+00	-4.361136e+00
2838          	warmPlate	-8.560780e+00	4.987455e-01	-7.469060e-01
2838          	OVC	-8.989219e+00	6.568555e-01	-4.994455e+00
2838          	shield_slave	-8.642285e+00	-6.175732e+00	-4.361136e+00
2839          	warmPlate	-8.560780e+00	4.987455e-01	-7.469060e-01
2839          	OVC	-8.989219e+00	6.568555e-01	-4.994455e+00
2839          	shield_slave	-8.642285e+00	-6.175732e+00	-4.361136e+00
2840          	warmPlate	-8.560780e+00	4.987455e-01	-7.469060e-01
2840          	OVC	-8.989219e+00	6.568555e-01	-4.994455e+00
2840          	shield_slave	-8.642285e+00	-6.175732e+00	-4.361136e+00
2841          	warmPlate	-8.560780e+00	4.987455e-01	-7.469060e-01
2841          	OVC	-8.989219e+00	6.568555e-01	-4.994455e+00
2841          	shield_slave	-8.642285e+00	-6.175732e+00	-4.361136e+00
2842          	warmPlate	-8.560780e+00	4.987455e-01	-7.469060e-01
2842          	OVC	-8.989219e+00	6.568555e-01	-4.994455e+00
2842          	shield_slave	-8.642285e+00	-6.175732e+00	-4.361136e+00
2843          	warmPlate	-8.560780e+00	4.987455e-01	-7.469060e-01
2843          	OVC	-8.989219e+00	6.568555e-01	-4.994455e+00
2843          	shield_slave	-8.642285e+00	-6.175732e+00	-4.361136e+00
2844          	warmPlate	-8.560780e+00	4.987455e-01	-7.469060e-01
2844          	OVC	-8.989219e+00	6.568555e-01	-4.994455e+00
2844          	shield_slave	-8.642285e+00	-6.175732e+00	-4.361136e+00
2845          	warmPlate	-8.560780e+00	4.987455e-01	-7.469060e-01
2845          	OVC	-8.989219e+00	6.568555e-01	-4.994455e+00
2845          	shield_slave	-8.642285e+00	-6.175732e+00	-4.361136e+00
2846          	warmPlate	-8.560780e+00	4.987455e-01	-7.469060e-01
2846          	OVC	-8.989219e+00	6.568555e-01	-4.994455e+00
2846          	shield_slave	-8.642285e+00	-6.175732e+00	-4.361136e+00
2847          	warmPlate	-8.560780e+00	4.987455e-01	-7.469060e-01
2847          	OVC	-8.989219e+00	6.568555e-01	-4.994455e+00
2847          	shield_slave	-8.642285e+00	-6.175732e+00	-4.361136e+00
2848          	warmPlate	-8.560780e+00	4.987455e-01	-7.469060e-01
2848          	OVC	-8.989219e+00	6.568555e-01	-4.994455e+00
2848          	shield_slave	-8.642285e+00	-6.175732e+00	-4.361136e+00
2849          	warmPlate	-8.560780e+00	4.987455e-01	-7.469060e-01
2849          	OVC	-8.989219e+00	6.568555e-01	-4.994455e+00
2849          	shield_slave	-8.642285e+00	-6.175732e+00	-4.361136e+00
2850          	warmPlate	-8.560780e+00	4.987455e-01	-7.469060e-01
2850          	OVC	-8.989219e+00	6.568555e-01	-4.994455e+00
2850          	shield_slave	-8.642285e+00	-6.175732e+00	-4.361136e+00
2851          	warmPlate	-8.560780e+00	4.987455e-01	-7.469060e-01
2851          	OVC	-8.989219e+00	6.568555e-01	-4.994455e+00
2851          	shield_slave	-8.642285e+00	-6.175732e+00	-4.361136e+00
2852          	warmPlate	-8.560780e+00	4.987455e-01	-7.469060e-01
2852          	OVC	-8.989219e+00	6.568555e-01	-4.994455e+00
2852          	shield_slave	-8.642285e+00	-6.175732e+00	-4.361136e+00
2853          	warmPlate	-8.560780e+00	4.987455e-01	-7.469060e-01
2853          	OVC	-8.989219e+00	6.568555e-01	-4.994455e+00
2853          	shield_slave	-8.642285e+00	-6.175732e+00	-4.361136e+00
2854          	warmPlate	-8.560780e+00	4.987455e-01	-7.469060e-01
2854          	OVC	-8.989219e+00	6.568555e-01	-4.994455e+00
2854          	shield_slave	-8.642285e+00	-6.175732e+00	-4.361136e+00
2855          	warmPlate	-8.560780e+00	4.987455e-01	-7.469060e-01
2855          	OVC	-8.989219e+00	6.568555e-01	-4.994455e+00
2855          	shield_slave	-8.642285e+00	-6.175732e+00	-4.361136e+00
2856          	warmPlate	-8.560780e+00	4.987455e-01	-7.469060e-01
2856          	OVC	-8.989219e+00	6.568555e-01	-4.994455e+00
2856          	shield_slave	-8.642285e+00	-6.175732e+00	-4.361136e+00
2857          	warmPlate	-8.560780e+00	4.987455e-01	-7.469060e-01
2857          	OVC	-8.989219e+00	6.568555e-01	-4.994455e+00
2857          	shield_slave	-8.642285e+00	-6.175732e+00	-4.361136e+00
2858          	warmPlate	-8.560780e+00	4.987455e-01	-7.469060e-01
2858          	OVC	-8.989219e+00	6.568555e-01	-4.994455e+00
2858          	shield_slave	-8.642285e+00	-6.175732e+00	-4.361136e+00
2859          	warmPlate	-8.560780e+00	4.987455e-01	-7.469060e-01
2859          	OVC	-8.989219e+00	6.568555e-01	-4.994455e+00
2859          	shield_slave	-8.642285e+00	-6.175732e+00	-4.361136e+00
2860          	warmPlate	-8.560780e+00	4.987455e-01	-7.469060e-01
2860          	OVC	-8.989219e+00	6.568555e-01	-4.994455e+00
2860          	shield_slave	-8.642285e+00	-6.175732e+00	-4.361136e+00
2861          	warmPlate	-8.560780e+00	4.987455e-01	-7.469060e-01
2861          	OVC	-8.989219e+00	6.568555e-01	-4.994455e+00
2861          	shield_slave	-8.642285e+00	-6.175732e+00	-4.361136e+00
2862          	warmPlate	-8.560780e+00	4.987455e-01	-7.469060e-01
2862          	OVC	-8.989219e+00	6.568555e-01	-4.994455e+00
2862          	shield_slave	-8.642285e+00	-6.175732e+00	-4.361136e+00
2863          	warmPlate	-8.560780e+00	4.987455e-01	-7.469060e-01
2863          	OVC	-8.989219e+00	6.568555e-01	-4.994455e+00
2863          	shield_slave	-8.642285e+00	-6.175732e+00	-4.361136e+00
2864          	warmPlate	-8.560780e+00	4.987455e-01	-7.469060e-01
2864          	OVC	-8.989219e+00	6.568555e-01	-4.994455e+00
2864          	shield_slave	-8.642285e+00	-6.175732e+00	-4.361136e+00
2865          	warmPlate	-8.560780e+00	4.987455e-01	-7.469060e-01
2865          	OVC	-8.989219e+00	6.568555e-01	-4.994455e+00
2865          	shield_slave	-8.642285e+00	-6.175732e+00	-4.361136e+00
2866          	warmPlate	-8.560780e+00	4.987455e-01	-7.469060e-01
2866          	OVC	-8.989219e+00	6.568555e-01	-4.994455e+00
2866          	shield_slave	-8.642285e+00	-6.175732e+00	-4.361136e+00
2867          	warmPlate	-8.560780e+00	4.987455e-01	-7.469060e-01
2867          	OVC	-8.989219e+00	6.568555e-01	-4.994455e+00
2867          	shield_slave	-8.642285e+00	-6.175732e+00	-4.361136e+00
2868          	warmPlate	-8.560780e+00	4.987455e-01	-7.469060e-01
2868          	OVC	-8.989219e+00	6.568555e-01	-4.994455e+00
2868          	shield_slave	-8.642285e+00	-6.175732e+00	-4.361136e+00
2869          	warmPlate	-8.560780e+00	4.987455e-01	-7.469060e-01
2869          	OVC	-8.989219e+00	6.568555e-01	-4.994455e+00
2869          	shield_slave	-8.642285e+00	-6.175732e+00	-4.361136e+00
2870          	warmPlate	-8.560780e+00	4.987455e-01	-7.469060e-01
2870          	OVC	-8.989219e+00	6.568555e-01	-4.994455e+00
2870          	shield_slave	-8.642285e+00	-6.175732e+00	-4.361136e+00
2871          	warmPlate	-8.560780e+00	4.987455e-01	-7.469060e-01
2871          	OVC	-8.989219e+00	6.568555e-01	-4.994455e+00
2871          	shield_slave	-8.642285e+00	-6.175732e+00	-4.361136e+00
2872          	warmPlate	-8.560780e+00	4.987455e-01	-7.469060e-01
2872          	OVC	-8.989219e+00	6.568555e-01	-4.994455e+00
2872          	shield_slave	-8.642285e+00	-6.175732e+00	-4.361136e+00
2873          	warmPlate	-8.560780e+00	4.987455e-01	-7.469060e-01
2873          	OVC	-8.989219e+00	6.568555e-01	-4.994455e+00
2873          	shield_slave	-8.642285e+00	-6.175732e+00	-4.361136e+00
2874          	warmPlate	-8.560780e+00	4.987455e-01	-7.469060e-01
2874          	OVC	-8.989219e+00	6.568555e-01	-4.994455e+00
2874          	shield_slave	-8.642285e+00	-6.175732e+00	-4.361136e+00
2875          	warmPlate	-8.560780e+00	4.987455e-01	-7.469060e-01
2875          	OVC	-8.989219e+00	6.568555e-01	-4.994455e+00
2875          	shield_slave	-8.642285e+00	-6.175732e+00	-4.361136e+00
2876          	warmPlate	-8.560780e+00	4.987455e-01	-7.469060e-01
2876          	OVC	-8.989219e+00	6.568555e-01	-4.994455e+00
2876          	shield_slave	-8.642285e+00	-6.175732e+00	-4.361136e+00
2877          	warmPlate	-8.560780e+00	4.987455e-01	-7.469060e-01
2877          	OVC	-8.989219e+00	6.568555e-01	-4.994455e+00
2877          	shield_slave	-8.642285e+00	-6.175732e+00	-4.361136e+00
2878          	warmPlate	-8.560780e+00	4.987455e-01	-7.469060e-01
2878          	OVC	-8.989219e+00	6.568555e-01	-4.994455e+00
2878          	shield_slave	-8.642285e+00	-6.175732e+00	-4.361136e+00
2879          	warmPlate	-8.560780e+00	4.987455e-01	-7.469060e-01
2879          	OVC	-8.989219e+00	6.568555e-01	-4.994455e+00
2879          	shield_slave	-8.642285e+00	-6.175732e+00	-4.361136e+00
2880          	warmPlate	-8.560780e+00	4.987455e-01	-7.469060e-01
2880          	OVC	-8.989219e+00	6.568555e-01	-4.994455e+00
2880          	shield_slave	-8.642285e+00	-6.175732e+00	-4.361136e+00
2881          	warmPlate	-8.560780e+00	4.987455e-01	-7.469060e-01
2881          	OVC	-8.989219e+00	6.568555e-01	-4.994455e+00
2881          	shield_slave	-8.642285e+00	-6.175732e+00	-4.361136e+00
2882          	warmPlate	-8.560780e+00	4.987455e-01	-7.469060e-01
2882          	OVC	-8.989219e+00	6.568555e-01	-4.994455e+00
2882          	shield_slave	-8.642285e+00	-6.175732e+00	-4.361136e+00
2883          	warmPlate	-8.560780e+00	4.987455e-01	-7.469060e-01
2883          	OVC	-8.989219e+00	6.568555e-01	-4.994455e+00
2883          	shield_slave	-8.642285e+00	-6.175732e+00	-4.361136e+00
2884          	warmPlate	-8.560780e+00	4.987455e-01	-7.469060e-01
2884          	OVC	-8.989219e+00	6.568555e-01	-4.994455e+00
2884          	shield_slave	-8.642285e+00	-6.175732e+00	-4.361136e+00
2885          	warmPlate	-8.560780e+00	4.987455e-01	-7.469060e-01
2885          	OVC	-8.989219e+00	6.568555e-01	-4.994455e+00
2885          	shield_slave	-8.642285e+00	-6.175732e+00	-4.361136e+00
2886          	warmPlate	-8.560780e+00	4.987455e-01	-7.469060e-01
2886          	OVC	-8.989219e+00	6.568555e-01	-4.994455e+00
2886          	shield_slave	-8.642285e+00	-6.175732e+00	-4.361136e+00
2887          	warmPlate	-8.560780e+00	4.987455e-01	-7.469060e-01
2887          	OVC	-8.989219e+00	6.568555e-01	-4.994455e+00
2887          	shield_slave	-8.642285e+00	-6.175732e+00	-4.361136e+00
2888          	warmPlate	-8.560780e+00	4.987455e-01	-7.469060e-01
2888          	OVC	-8.989219e+00	6.568555e-01	-4.994455e+00
2888          	shield_slave	-8.642285e+00	-6.175732e+00	-4.361136e+00
2889          	warmPlate	-8.560780e+00	4.987455e-01	-7.469060e-01
2889          	OVC	-8.989219e+00	6.568555e-01	-4.994455e+00
2889          	shield_slave	-8.642285e+00	-6.175732e+00	-4.361136e+00
2890          	warmPlate	-8.560780e+00	4.987455e-01	-7.469060e-01
2890          	OVC	-8.989219e+00	6.568555e-01	-4.994455e+00
2890          	shield_slave	-8.642285e+00	-6.175732e+00	-4.361136e+00
2891          	warmPlate	-8.560780e+00	4.987455e-01	-7.469060e-01
2891          	OVC	-8.989219e+00	6.568555e-01	-4.994455e+00
2891          	shield_slave	-8.642285e+00	-6.175732e+00	-4.361136e+00
2892          	warmPlate	-8.560780e+00	4.987455e-01	-7.469060e-01
2892          	OVC	-8.989219e+00	6.568555e-01	-4.994455e+00
2892          	shield_slave	-8.642285e+00	-6.175732e+00	-4.361136e+00
2893          	warmPlate	-8.560780e+00	4.987455e-01	-7.469060e-01
2893          	OVC	-8.989219e+00	6.568555e-01	-4.994455e+00
2893          	shield_slave	-8.642285e+00	-6.175732e+00	-4.361136e+00
2894          	warmPlate	-8.560780e+00	4.987455e-01	-7.469060e-01
2894          	OVC	-8.989219e+00	6.568555e-01	-4.994455e+00
2894          	shield_slave	-8.642285e+00	-6.175732e+00	-4.361136e+00
2895          	warmPlate	-8.560780e+00	4.987455e-01	-7.469060e-01
2895          	OVC	-8.989219e+00	6.568555e-01	-4.994455e+00
2895          	shield_slave	-8.642285e+00	-6.175732e+00	-4.361136e+00
2896          	warmPlate	-8.560780e+00	4.987455e-01	-7.469060e-01
2896          	OVC	-8.989219e+00	6.568555e-01	-4.994455e+00
2896          	shield_slave	-8.642285e+00	-6.175732e+00	-4.361136e+00
2897          	warmPlate	-8.560780e+00	4.987455e-01	-7.469060e-01
2897          	OVC	-8.989219e+00	6.568555e-01	-4.994455e+00
2897          	shield_slave	-8.642285e+00	-6.175732e+00	-4.361136e+00
2898          	warmPlate	-8.560780e+00	4.987455e-01	-7.469060e-01
2898          	OVC	-8.989219e+00	6.568555e-01	-4.994455e+00
2898          	shield_slave	-8.642285e+00	-6.175732e+00	-4.361136e+00
2899          	warmPlate	-8.560780e+00	4.987455e-01	-7.469060e-01
2899          	OVC	-8.989219e+00	6.568555e-01	-4.994455e+00
2899          	shield_slave	-8.642285e+00	-6.175732e+00	-4.361136e+00
2900          	warmPlate	-8.560780e+00	4.987455e-01	-7.469060e-01
2900          	OVC	-8.989219e+00	6.568555e-01	-4.994455e+00
2900          	shield_slave	-8.642285e+00	-6.175732e+00	-4.361136e+00
