# Wall heat-flux
# Time        	patch         	min           	max           	integral      
1             	warmPlate	6.954417e+03	7.418779e+03	2.112988e+00
1             	OVC	-5.660852e+03	-5.378982e+03	-1.771934e+00
2             	warmPlate	4.232916e+03	4.333229e+03	1.259488e+00
2             	OVC	-3.307189e+03	-3.234422e+03	-1.051546e+00
3             	warmPlate	3.287936e+03	3.330563e+03	9.730406e-01
3             	OVC	-2.484202e+03	-2.455431e+03	-7.946654e-01
4             	warmPlate	2.779255e+03	2.807001e+03	8.210959e-01
4             	OVC	-2.066508e+03	-2.050502e+03	-6.626106e-01
5             	warmPlate	2.450695e+03	2.471333e+03	7.233907e-01
5             	OVC	-1.806156e+03	-1.795574e+03	-5.798305e-01
6             	warmPlate	2.216296e+03	2.232786e+03	6.538433e-01
6             	OVC	-1.624180e+03	-1.616257e+03	-5.217901e-01
7             	warmPlate	2.038307e+03	2.052094e+03	6.011077e-01
7             	OVC	-1.487607e+03	-1.481316e+03	-4.781457e-01
8             	warmPlate	1.897235e+03	1.909128e+03	5.593515e-01
8             	OVC	-1.380038e+03	-1.374836e+03	-4.437233e-01
9             	warmPlate	1.778719e+03	1.789013e+03	5.243108e-01
9             	OVC	-1.290283e+03	-1.285882e+03	-4.149937e-01
10            	warmPlate	1.679739e+03	1.689106e+03	4.950940e-01
10            	OVC	-1.215266e+03	-1.211440e+03	-3.909436e-01
11            	warmPlate	1.595575e+03	1.604216e+03	4.702584e-01
11            	OVC	-1.151363e+03	-1.147982e+03	-3.704444e-01
12            	warmPlate	1.522879e+03	1.530926e+03	4.488105e-01
12            	OVC	-1.096041e+03	-1.093014e+03	-3.526903e-01
13            	warmPlate	1.459268e+03	1.466819e+03	4.300458e-01
13            	OVC	-1.047521e+03	-1.044781e+03	-3.371133e-01
14            	warmPlate	1.402999e+03	1.410127e+03	4.134488e-01
14            	OVC	-1.004508e+03	-1.002004e+03	-3.233003e-01
15            	warmPlate	1.352764e+03	1.359528e+03	3.986327e-01
15            	OVC	-9.660347e+02	-9.637296e+02	-3.109422e-01
16            	warmPlate	1.307558e+03	1.314004e+03	3.853011e-01
16            	OVC	-9.313917e+02	-9.292252e+02	-2.998022e-01
17            	warmPlate	1.266597e+03	1.272763e+03	3.732223e-01
17            	OVC	-8.999832e+02	-8.979183e+02	-2.896952e-01
18            	warmPlate	1.229259e+03	1.235196e+03	3.622124e-01
18            	OVC	-8.713283e+02	-8.693539e+02	-2.804741e-01
19            	warmPlate	1.195042e+03	1.200790e+03	3.521236e-01
19            	OVC	-8.450577e+02	-8.431643e+02	-2.720201e-01
20            	warmPlate	1.163538e+03	1.169115e+03	3.428352e-01
20            	OVC	-8.208697e+02	-8.190492e+02	-2.642360e-01
21            	warmPlate	1.134411e+03	1.139831e+03	3.342480e-01
21            	OVC	-7.985146e+02	-7.967603e+02	-2.570418e-01
22            	warmPlate	1.107382e+03	1.112657e+03	3.262795e-01
22            	OVC	-7.777843e+02	-7.760904e+02	-2.503702e-01
23            	warmPlate	1.082216e+03	1.087356e+03	3.188604e-01
23            	OVC	-7.585037e+02	-7.568651e+02	-2.441652e-01
24            	warmPlate	1.058714e+03	1.063730e+03	3.119323e-01
24            	OVC	-7.405243e+02	-7.389365e+02	-2.383788e-01
25            	warmPlate	1.036708e+03	1.041608e+03	3.054453e-01
25            	OVC	-7.237192e+02	-7.221784e+02	-2.329703e-01
26            	warmPlate	1.016053e+03	1.020845e+03	2.993567e-01
26            	OVC	-7.079795e+02	-7.064821e+02	-2.279047e-01
27            	warmPlate	9.966238e+02	1.001315e+03	2.936297e-01
27            	OVC	-6.932109e+02	-6.917540e+02	-2.231515e-01
28            	warmPlate	9.783125e+02	9.829085e+02	2.882323e-01
28            	OVC	-6.793315e+02	-6.779122e+02	-2.186845e-01
29            	warmPlate	9.610245e+02	9.655311e+02	2.831365e-01
29            	OVC	-6.662767e+02	-6.648855e+02	-2.144806e-01
30            	warmPlate	9.446766e+02	9.490990e+02	2.783180e-01
30            	OVC	-6.539800e+02	-6.526111e+02	-2.105194e-01
31            	warmPlate	9.291956e+02	9.335386e+02	2.737550e-01
31            	OVC	-6.423813e+02	-6.410333e+02	-2.067832e-01
32            	warmPlate	9.145167e+02	9.187846e+02	2.694286e-01
32            	OVC	-6.314310e+02	-6.301030e+02	-2.032559e-01
33            	warmPlate	9.005820e+02	9.047788e+02	2.653215e-01
33            	OVC	-6.210851e+02	-6.197760e+02	-1.999233e-01
34            	warmPlate	8.873399e+02	8.914692e+02	2.614186e-01
34            	OVC	-6.113039e+02	-6.100128e+02	-1.967727e-01
35            	warmPlate	8.747437e+02	8.788091e+02	2.577061e-01
35            	OVC	-6.020518e+02	-6.007776e+02	-1.937925e-01
36            	warmPlate	8.627516e+02	8.667561e+02	2.541717e-01
36            	OVC	-5.932962e+02	-5.920381e+02	-1.909723e-01
37            	warmPlate	8.513254e+02	8.552721e+02	2.508041e-01
37            	OVC	-5.850077e+02	-5.837649e+02	-1.883025e-01
38            	warmPlate	8.404305e+02	8.443222e+02	2.475931e-01
38            	OVC	-5.771593e+02	-5.759309e+02	-1.857745e-01
39            	warmPlate	8.300353e+02	8.338745e+02	2.445295e-01
39            	OVC	-5.697261e+02	-5.685115e+02	-1.833803e-01
40            	warmPlate	8.201107e+02	8.238999e+02	2.416045e-01
40            	OVC	-5.626854e+02	-5.614838e+02	-1.811124e-01
41            	warmPlate	8.106301e+02	8.143716e+02	2.388104e-01
41            	OVC	-5.560159e+02	-5.548266e+02	-1.789642e-01
42            	warmPlate	8.015688e+02	8.052648e+02	2.361399e-01
42            	OVC	-5.496980e+02	-5.485204e+02	-1.769292e-01
43            	warmPlate	7.929040e+02	7.965566e+02	2.335863e-01
43            	OVC	-5.437134e+02	-5.425469e+02	-1.750016e-01
44            	warmPlate	7.846147e+02	7.882257e+02	2.311433e-01
44            	OVC	-5.380451e+02	-5.368890e+02	-1.731758e-01
45            	warmPlate	7.766811e+02	7.802523e+02	2.288052e-01
45            	OVC	-5.326769e+02	-5.315307e+02	-1.714467e-01
46            	warmPlate	7.690849e+02	7.726181e+02	2.265665e-01
46            	OVC	-5.275938e+02	-5.264570e+02	-1.698094e-01
47            	warmPlate	7.618090e+02	7.653058e+02	2.244223e-01
47            	OVC	-5.227817e+02	-5.216539e+02	-1.682594e-01
48            	warmPlate	7.548372e+02	7.582993e+02	2.223677e-01
48            	OVC	-5.182273e+02	-5.171078e+02	-1.667924e-01
49            	warmPlate	7.481547e+02	7.515834e+02	2.203983e-01
49            	OVC	-5.139179e+02	-5.128064e+02	-1.654043e-01
50            	warmPlate	7.417472e+02	7.451439e+02	2.185100e-01
50            	OVC	-5.098417e+02	-5.087377e+02	-1.640913e-01
51            	warmPlate	7.356014e+02	7.389675e+02	2.166988e-01
51            	OVC	-5.059873e+02	-5.048905e+02	-1.628498e-01
52            	warmPlate	7.297048e+02	7.330416e+02	2.149610e-01
52            	OVC	-5.023441e+02	-5.012540e+02	-1.616763e-01
53            	warmPlate	7.240455e+02	7.273542e+02	2.132933e-01
53            	OVC	-4.989020e+02	-4.978181e+02	-1.605675e-01
54            	warmPlate	7.186125e+02	7.218941e+02	2.116921e-01
54            	OVC	-4.956512e+02	-4.945733e+02	-1.595204e-01
55            	warmPlate	7.133951e+02	7.166508e+02	2.101546e-01
55            	OVC	-4.925826e+02	-4.915103e+02	-1.585319e-01
56            	warmPlate	7.083833e+02	7.116141e+02	2.086776e-01
56            	OVC	-4.896875e+02	-4.886205e+02	-1.575993e-01
57            	warmPlate	7.035677e+02	7.067747e+02	2.072585e-01
57            	OVC	-4.869576e+02	-4.858956e+02	-1.567200e-01
58            	warmPlate	6.989393e+02	7.021233e+02	2.058945e-01
58            	OVC	-4.843849e+02	-4.833277e+02	-1.558912e-01
59            	warmPlate	6.944896e+02	6.976516e+02	2.045832e-01
59            	OVC	-4.819621e+02	-4.809093e+02	-1.551108e-01
60            	warmPlate	6.902105e+02	6.933513e+02	2.033222e-01
60            	OVC	-4.796818e+02	-4.786332e+02	-1.543762e-01
61            	warmPlate	6.860944e+02	6.892148e+02	2.021092e-01
61            	OVC	-4.775373e+02	-4.764925e+02	-1.536854e-01
62            	warmPlate	6.821339e+02	6.852348e+02	2.009421e-01
62            	OVC	-4.755221e+02	-4.744809e+02	-1.530362e-01
63            	warmPlate	6.783222e+02	6.814042e+02	1.998188e-01
63            	OVC	-4.736298e+02	-4.725921e+02	-1.524266e-01
64            	warmPlate	6.746526e+02	6.777165e+02	1.987374e-01
64            	OVC	-4.718547e+02	-4.708201e+02	-1.518547e-01
65            	warmPlate	6.711189e+02	6.741654e+02	1.976960e-01
65            	OVC	-4.701910e+02	-4.691594e+02	-1.513187e-01
66            	warmPlate	6.677151e+02	6.707448e+02	1.966930e-01
66            	OVC	-4.686333e+02	-4.676045e+02	-1.508169e-01
67            	warmPlate	6.644355e+02	6.674491e+02	1.957265e-01
67            	OVC	-4.671765e+02	-4.661503e+02	-1.503476e-01
68            	warmPlate	6.612747e+02	6.642728e+02	1.947951e-01
68            	OVC	-4.658157e+02	-4.647919e+02	-1.499092e-01
69            	warmPlate	6.582277e+02	6.612107e+02	1.938972e-01
69            	OVC	-4.645462e+02	-4.635247e+02	-1.495001e-01
70            	warmPlate	6.552894e+02	6.582579e+02	1.930313e-01
70            	OVC	-4.633635e+02	-4.623441e+02	-1.491191e-01
71            	warmPlate	6.524551e+02	6.554098e+02	1.921961e-01
71            	OVC	-4.622634e+02	-4.612458e+02	-1.487646e-01
72            	warmPlate	6.497206e+02	6.526618e+02	1.913903e-01
72            	OVC	-4.612417e+02	-4.602260e+02	-1.484354e-01
73            	warmPlate	6.470813e+02	6.500096e+02	1.906125e-01
73            	OVC	-4.602946e+02	-4.592805e+02	-1.481303e-01
74            	warmPlate	6.445334e+02	6.474492e+02	1.898617e-01
74            	OVC	-4.594185e+02	-4.584059e+02	-1.478480e-01
75            	warmPlate	6.420730e+02	6.449767e+02	1.891367e-01
75            	OVC	-4.586097e+02	-4.575984e+02	-1.475873e-01
76            	warmPlate	6.396963e+02	6.425884e+02	1.884363e-01
76            	OVC	-4.578648e+02	-4.568549e+02	-1.473473e-01
77            	warmPlate	6.373998e+02	6.402807e+02	1.877596e-01
77            	OVC	-4.571808e+02	-4.561720e+02	-1.471268e-01
78            	warmPlate	6.351803e+02	6.380503e+02	1.871056e-01
78            	OVC	-4.565544e+02	-4.555466e+02	-1.469250e-01
79            	warmPlate	6.330344e+02	6.358939e+02	1.864732e-01
79            	OVC	-4.559828e+02	-4.549760e+02	-1.467407e-01
80            	warmPlate	6.309591e+02	6.338085e+02	1.858617e-01
80            	OVC	-4.554632e+02	-4.544572e+02	-1.465733e-01
81            	warmPlate	6.289515e+02	6.317911e+02	1.852701e-01
81            	OVC	-4.549929e+02	-4.539876e+02	-1.464217e-01
82            	warmPlate	6.270089e+02	6.298390e+02	1.846977e-01
82            	OVC	-4.545694e+02	-4.535648e+02	-1.462851e-01
83            	warmPlate	6.251284e+02	6.279494e+02	1.841436e-01
83            	OVC	-4.541902e+02	-4.531862e+02	-1.461629e-01
84            	warmPlate	6.233077e+02	6.261198e+02	1.836070e-01
84            	OVC	-4.538531e+02	-4.528495e+02	-1.460542e-01
85            	warmPlate	6.215442e+02	6.243478e+02	1.830874e-01
85            	OVC	-4.535558e+02	-4.525527e+02	-1.459583e-01
86            	warmPlate	6.198357e+02	6.226310e+02	1.825840e-01
86            	OVC	-4.532963e+02	-4.522935e+02	-1.458746e-01
87            	warmPlate	6.181800e+02	6.209672e+02	1.820961e-01
87            	OVC	-4.530725e+02	-4.520700e+02	-1.458024e-01
88            	warmPlate	6.165748e+02	6.193542e+02	1.816231e-01
88            	OVC	-4.528825e+02	-4.518802e+02	-1.457411e-01
89            	warmPlate	6.150183e+02	6.177901e+02	1.811644e-01
89            	OVC	-4.527246e+02	-4.517224e+02	-1.456901e-01
90            	warmPlate	6.135084e+02	6.162729e+02	1.807195e-01
90            	OVC	-4.525969e+02	-4.515949e+02	-1.456488e-01
91            	warmPlate	6.120433e+02	6.148008e+02	1.802878e-01
91            	OVC	-4.524979e+02	-4.514959e+02	-1.456168e-01
92            	warmPlate	6.106213e+02	6.133719e+02	1.798688e-01
92            	OVC	-4.524260e+02	-4.514240e+02	-1.455935e-01
93            	warmPlate	6.092406e+02	6.119845e+02	1.794620e-01
93            	OVC	-4.523796e+02	-4.513775e+02	-1.455785e-01
94            	warmPlate	6.078997e+02	6.106371e+02	1.790668e-01
94            	OVC	-4.523573e+02	-4.513552e+02	-1.455712e-01
95            	warmPlate	6.065970e+02	6.093281e+02	1.786830e-01
95            	OVC	-4.523578e+02	-4.513556e+02	-1.455712e-01
96            	warmPlate	6.053310e+02	6.080561e+02	1.783100e-01
96            	OVC	-4.523798e+02	-4.513774e+02	-1.455782e-01
97            	warmPlate	6.041004e+02	6.068195e+02	1.779473e-01
97            	OVC	-4.524221e+02	-4.514195e+02	-1.455917e-01
98            	warmPlate	6.029037e+02	6.056170e+02	1.775947e-01
98            	OVC	-4.524834e+02	-4.514806e+02	-1.456113e-01
99            	warmPlate	6.017397e+02	6.044475e+02	1.772518e-01
99            	OVC	-4.525627e+02	-4.515596e+02	-1.456368e-01
100           	warmPlate	6.006072e+02	6.033095e+02	1.769181e-01
100           	OVC	-4.526589e+02	-4.516555e+02	-1.456676e-01
101           	warmPlate	5.995049e+02	6.022019e+02	1.765933e-01
101           	OVC	-4.527710e+02	-4.517672e+02	-1.457036e-01
102           	warmPlate	5.984318e+02	6.011236e+02	1.762771e-01
102           	OVC	-4.528979e+02	-4.518938e+02	-1.457444e-01
103           	warmPlate	5.973867e+02	6.000735e+02	1.759691e-01
103           	OVC	-4.530389e+02	-4.520344e+02	-1.457897e-01
104           	warmPlate	5.963687e+02	5.990506e+02	1.756692e-01
104           	OVC	-4.531930e+02	-4.521881e+02	-1.458392e-01
105           	warmPlate	5.953766e+02	5.980539e+02	1.753769e-01
105           	OVC	-4.533594e+02	-4.523541e+02	-1.458927e-01
106           	warmPlate	5.944097e+02	5.970823e+02	1.750920e-01
106           	OVC	-4.535373e+02	-4.525315e+02	-1.459499e-01
107           	warmPlate	5.934670e+02	5.961351e+02	1.748142e-01
107           	OVC	-4.537260e+02	-4.527197e+02	-1.460105e-01
108           	warmPlate	5.925476e+02	5.952113e+02	1.745433e-01
108           	OVC	-4.539247e+02	-4.529179e+02	-1.460744e-01
109           	warmPlate	5.916507e+02	5.943101e+02	1.742791e-01
109           	OVC	-4.541327e+02	-4.531255e+02	-1.461413e-01
110           	warmPlate	5.907755e+02	5.934307e+02	1.740212e-01
110           	OVC	-4.543495e+02	-4.533417e+02	-1.462111e-01
111           	warmPlate	5.899212e+02	5.925723e+02	1.737695e-01
111           	OVC	-4.545744e+02	-4.535660e+02	-1.462834e-01
112           	warmPlate	5.890871e+02	5.917343e+02	1.735237e-01
112           	OVC	-4.548068e+02	-4.537979e+02	-1.463581e-01
113           	warmPlate	5.882725e+02	5.909158e+02	1.732837e-01
113           	OVC	-4.550461e+02	-4.540367e+02	-1.464351e-01
114           	warmPlate	5.874767e+02	5.901162e+02	1.730492e-01
114           	OVC	-4.552919e+02	-4.542819e+02	-1.465142e-01
115           	warmPlate	5.866992e+02	5.893350e+02	1.728201e-01
115           	OVC	-4.555436e+02	-4.545330e+02	-1.465952e-01
116           	warmPlate	5.859392e+02	5.885714e+02	1.725962e-01
116           	OVC	-4.558008e+02	-4.547896e+02	-1.466779e-01
117           	warmPlate	5.851962e+02	5.878248e+02	1.723773e-01
117           	OVC	-4.560630e+02	-4.550512e+02	-1.467622e-01
118           	warmPlate	5.844696e+02	5.870948e+02	1.721632e-01
118           	OVC	-4.563298e+02	-4.553173e+02	-1.468481e-01
119           	warmPlate	5.837589e+02	5.863807e+02	1.719538e-01
119           	OVC	-4.566007e+02	-4.555877e+02	-1.469352e-01
120           	warmPlate	5.830635e+02	5.856821e+02	1.717489e-01
120           	OVC	-4.568754e+02	-4.558618e+02	-1.470236e-01
121           	warmPlate	5.823830e+02	5.849984e+02	1.715484e-01
121           	OVC	-4.571536e+02	-4.561393e+02	-1.471131e-01
122           	warmPlate	5.817169e+02	5.843291e+02	1.713522e-01
122           	OVC	-4.574348e+02	-4.564199e+02	-1.472036e-01
123           	warmPlate	5.810648e+02	5.836738e+02	1.711600e-01
123           	OVC	-4.577188e+02	-4.567033e+02	-1.472950e-01
124           	warmPlate	5.804261e+02	5.830321e+02	1.709719e-01
124           	OVC	-4.580053e+02	-4.569891e+02	-1.473872e-01
125           	warmPlate	5.798005e+02	5.824036e+02	1.707875e-01
125           	OVC	-4.582938e+02	-4.572770e+02	-1.474800e-01
126           	warmPlate	5.791875e+02	5.817877e+02	1.706069e-01
126           	OVC	-4.585843e+02	-4.575668e+02	-1.475735e-01
127           	warmPlate	5.785868e+02	5.811842e+02	1.704300e-01
127           	OVC	-4.588763e+02	-4.578582e+02	-1.476675e-01
128           	warmPlate	5.779980e+02	5.805926e+02	1.702565e-01
128           	OVC	-4.591697e+02	-4.581510e+02	-1.477619e-01
129           	warmPlate	5.774208e+02	5.800126e+02	1.700864e-01
129           	OVC	-4.594642e+02	-4.584448e+02	-1.478566e-01
130           	warmPlate	5.768547e+02	5.794439e+02	1.699196e-01
130           	OVC	-4.597596e+02	-4.587396e+02	-1.479517e-01
131           	warmPlate	5.762996e+02	5.788861e+02	1.697561e-01
131           	OVC	-4.600557e+02	-4.590350e+02	-1.480470e-01
132           	warmPlate	5.757549e+02	5.783389e+02	1.695956e-01
132           	OVC	-4.603523e+02	-4.593309e+02	-1.481424e-01
133           	warmPlate	5.752205e+02	5.778020e+02	1.694382e-01
133           	OVC	-4.606491e+02	-4.596271e+02	-1.482379e-01
134           	warmPlate	5.746961e+02	5.772751e+02	1.692836e-01
134           	OVC	-4.609461e+02	-4.599234e+02	-1.483335e-01
135           	warmPlate	5.741813e+02	5.767579e+02	1.691320e-01
135           	OVC	-4.612430e+02	-4.602197e+02	-1.484290e-01
136           	warmPlate	5.736759e+02	5.762501e+02	1.689831e-01
136           	OVC	-4.615397e+02	-4.605157e+02	-1.485245e-01
137           	warmPlate	5.731797e+02	5.757515e+02	1.688369e-01
137           	OVC	-4.618360e+02	-4.608114e+02	-1.486199e-01
138           	warmPlate	5.726923e+02	5.752619e+02	1.686933e-01
138           	OVC	-4.621318e+02	-4.611066e+02	-1.487151e-01
139           	warmPlate	5.722136e+02	5.747809e+02	1.685522e-01
139           	OVC	-4.624270e+02	-4.614012e+02	-1.488101e-01
140           	warmPlate	5.717433e+02	5.743084e+02	1.684137e-01
140           	OVC	-4.627214e+02	-4.616949e+02	-1.489049e-01
141           	warmPlate	5.712811e+02	5.738441e+02	1.682775e-01
141           	OVC	-4.630150e+02	-4.619879e+02	-1.489993e-01
142           	warmPlate	5.708270e+02	5.733878e+02	1.681437e-01
142           	OVC	-4.633076e+02	-4.622798e+02	-1.490935e-01
143           	warmPlate	5.703806e+02	5.729393e+02	1.680122e-01
143           	OVC	-4.635991e+02	-4.625707e+02	-1.491873e-01
144           	warmPlate	5.699418e+02	5.724984e+02	1.678829e-01
144           	OVC	-4.638893e+02	-4.628603e+02	-1.492807e-01
145           	warmPlate	5.695103e+02	5.720650e+02	1.677558e-01
145           	OVC	-4.641784e+02	-4.631487e+02	-1.493737e-01
146           	warmPlate	5.690860e+02	5.716387e+02	1.676308e-01
146           	OVC	-4.644660e+02	-4.634358e+02	-1.494663e-01
147           	warmPlate	5.686688e+02	5.712195e+02	1.675079e-01
147           	OVC	-4.647522e+02	-4.637214e+02	-1.495584e-01
148           	warmPlate	5.682583e+02	5.708071e+02	1.673870e-01
148           	OVC	-4.650370e+02	-4.640055e+02	-1.496501e-01
149           	warmPlate	5.678546e+02	5.704015e+02	1.672680e-01
149           	OVC	-4.653201e+02	-4.642880e+02	-1.497412e-01
150           	warmPlate	5.674573e+02	5.700024e+02	1.671510e-01
150           	OVC	-4.656016e+02	-4.645689e+02	-1.498318e-01
151           	warmPlate	5.670664e+02	5.696096e+02	1.670358e-01
151           	OVC	-4.658813e+02	-4.648480e+02	-1.499218e-01
152           	warmPlate	5.666817e+02	5.692231e+02	1.669224e-01
152           	OVC	-4.661594e+02	-4.651255e+02	-1.500113e-01
153           	warmPlate	5.663030e+02	5.688427e+02	1.668109e-01
153           	OVC	-4.664356e+02	-4.654011e+02	-1.501002e-01
154           	warmPlate	5.659303e+02	5.684682e+02	1.667011e-01
154           	OVC	-4.667099e+02	-4.656748e+02	-1.501885e-01
155           	warmPlate	5.655634e+02	5.680996e+02	1.665930e-01
155           	OVC	-4.669824e+02	-4.659467e+02	-1.502762e-01
156           	warmPlate	5.652021e+02	5.677366e+02	1.664865e-01
156           	OVC	-4.672529e+02	-4.662166e+02	-1.503632e-01
157           	warmPlate	5.648463e+02	5.673792e+02	1.663817e-01
157           	OVC	-4.675214e+02	-4.664846e+02	-1.504497e-01
158           	warmPlate	5.644959e+02	5.670272e+02	1.662785e-01
158           	OVC	-4.677879e+02	-4.667505e+02	-1.505355e-01
159           	warmPlate	5.641509e+02	5.666805e+02	1.661768e-01
159           	OVC	-4.680524e+02	-4.670145e+02	-1.506206e-01
160           	warmPlate	5.638110e+02	5.663390e+02	1.660767e-01
160           	OVC	-4.683148e+02	-4.672763e+02	-1.507050e-01
161           	warmPlate	5.634762e+02	5.660026e+02	1.659781e-01
161           	OVC	-4.685751e+02	-4.675361e+02	-1.507888e-01
162           	warmPlate	5.631463e+02	5.656712e+02	1.658809e-01
162           	OVC	-4.688333e+02	-4.677937e+02	-1.508719e-01
163           	warmPlate	5.628213e+02	5.653447e+02	1.657851e-01
163           	OVC	-4.690894e+02	-4.680492e+02	-1.509543e-01
164           	warmPlate	5.625010e+02	5.650229e+02	1.656908e-01
164           	OVC	-4.693433e+02	-4.683026e+02	-1.510361e-01
165           	warmPlate	5.621854e+02	5.647058e+02	1.655978e-01
165           	OVC	-4.695950e+02	-4.685538e+02	-1.511171e-01
166           	warmPlate	5.618743e+02	5.643934e+02	1.655061e-01
166           	OVC	-4.698446e+02	-4.688028e+02	-1.511974e-01
167           	warmPlate	5.615678e+02	5.640854e+02	1.654158e-01
167           	OVC	-4.700920e+02	-4.690497e+02	-1.512770e-01
168           	warmPlate	5.612656e+02	5.637818e+02	1.653268e-01
168           	OVC	-4.703371e+02	-4.692943e+02	-1.513559e-01
169           	warmPlate	5.609677e+02	5.634825e+02	1.652390e-01
169           	OVC	-4.705801e+02	-4.695368e+02	-1.514341e-01
170           	warmPlate	5.606740e+02	5.631875e+02	1.651525e-01
170           	OVC	-4.708208e+02	-4.697770e+02	-1.515116e-01
171           	warmPlate	5.603845e+02	5.628966e+02	1.650672e-01
171           	OVC	-4.710593e+02	-4.700150e+02	-1.515884e-01
172           	warmPlate	5.600990e+02	5.626098e+02	1.649831e-01
172           	OVC	-4.712956e+02	-4.702508e+02	-1.516644e-01
173           	warmPlate	5.598175e+02	5.623270e+02	1.649002e-01
173           	OVC	-4.715297e+02	-4.704844e+02	-1.517398e-01
174           	warmPlate	5.595399e+02	5.620481e+02	1.648184e-01
174           	OVC	-4.717616e+02	-4.707157e+02	-1.518144e-01
175           	warmPlate	5.592662e+02	5.617730e+02	1.647378e-01
175           	OVC	-4.719912e+02	-4.709449e+02	-1.518883e-01
176           	warmPlate	5.589962e+02	5.615018e+02	1.646582e-01
176           	OVC	-4.722186e+02	-4.711718e+02	-1.519615e-01
177           	warmPlate	5.587299e+02	5.612343e+02	1.645798e-01
177           	OVC	-4.724437e+02	-4.713965e+02	-1.520340e-01
178           	warmPlate	5.584672e+02	5.609704e+02	1.645024e-01
178           	OVC	-4.726667e+02	-4.716190e+02	-1.521057e-01
179           	warmPlate	5.582081e+02	5.607101e+02	1.644261e-01
179           	OVC	-4.728874e+02	-4.718392e+02	-1.521768e-01
180           	warmPlate	5.579525e+02	5.604533e+02	1.643508e-01
180           	OVC	-4.731060e+02	-4.720573e+02	-1.522471e-01
181           	warmPlate	5.577004e+02	5.602000e+02	1.642765e-01
181           	OVC	-4.733223e+02	-4.722732e+02	-1.523168e-01
182           	warmPlate	5.574516e+02	5.599501e+02	1.642032e-01
182           	OVC	-4.735365e+02	-4.724869e+02	-1.523857e-01
183           	warmPlate	5.572062e+02	5.597035e+02	1.641309e-01
183           	OVC	-4.737484e+02	-4.726984e+02	-1.524539e-01
184           	warmPlate	5.569640e+02	5.594602e+02	1.640595e-01
184           	OVC	-4.739582e+02	-4.729078e+02	-1.525214e-01
185           	warmPlate	5.567251e+02	5.592202e+02	1.639891e-01
185           	OVC	-4.741659e+02	-4.731150e+02	-1.525883e-01
186           	warmPlate	5.564893e+02	5.589833e+02	1.639197e-01
186           	OVC	-4.743713e+02	-4.733200e+02	-1.526544e-01
187           	warmPlate	5.562566e+02	5.587495e+02	1.638511e-01
187           	OVC	-4.745747e+02	-4.735229e+02	-1.527199e-01
188           	warmPlate	5.560270e+02	5.585189e+02	1.637835e-01
188           	OVC	-4.747759e+02	-4.737237e+02	-1.527846e-01
189           	warmPlate	5.558004e+02	5.582912e+02	1.637167e-01
189           	OVC	-4.749750e+02	-4.739223e+02	-1.528487e-01
190           	warmPlate	5.555768e+02	5.580665e+02	1.636508e-01
190           	OVC	-4.751720e+02	-4.741189e+02	-1.529121e-01
191           	warmPlate	5.553561e+02	5.578448e+02	1.635858e-01
191           	OVC	-4.753668e+02	-4.743134e+02	-1.529748e-01
192           	warmPlate	5.551382e+02	5.576259e+02	1.635216e-01
192           	OVC	-4.755597e+02	-4.745058e+02	-1.530369e-01
193           	warmPlate	5.549232e+02	5.574099e+02	1.634583e-01
193           	OVC	-4.757504e+02	-4.746961e+02	-1.530983e-01
194           	warmPlate	5.547109e+02	5.571966e+02	1.633958e-01
194           	OVC	-4.759391e+02	-4.748844e+02	-1.531590e-01
195           	warmPlate	5.545014e+02	5.569861e+02	1.633340e-01
195           	OVC	-4.761257e+02	-4.750707e+02	-1.532191e-01
196           	warmPlate	5.542946e+02	5.567784e+02	1.632731e-01
196           	OVC	-4.763104e+02	-4.752549e+02	-1.532785e-01
197           	warmPlate	5.540904e+02	5.565732e+02	1.632129e-01
197           	OVC	-4.764930e+02	-4.754372e+02	-1.533373e-01
198           	warmPlate	5.538888e+02	5.563708e+02	1.631536e-01
198           	OVC	-4.766736e+02	-4.756174e+02	-1.533954e-01
199           	warmPlate	5.536899e+02	5.561709e+02	1.630949e-01
199           	OVC	-4.768523e+02	-4.757957e+02	-1.534529e-01
200           	warmPlate	5.534934e+02	5.559735e+02	1.630371e-01
200           	OVC	-4.770290e+02	-4.759720e+02	-1.535098e-01
201           	warmPlate	5.532995e+02	5.557787e+02	1.629799e-01
201           	OVC	-4.772037e+02	-4.761464e+02	-1.535661e-01
202           	warmPlate	5.531080e+02	5.555863e+02	1.629235e-01
202           	OVC	-4.773765e+02	-4.763188e+02	-1.536217e-01
203           	warmPlate	5.529189e+02	5.553963e+02	1.628678e-01
203           	OVC	-4.775474e+02	-4.764893e+02	-1.536767e-01
204           	warmPlate	5.527322e+02	5.552088e+02	1.628128e-01
204           	OVC	-4.777164e+02	-4.766580e+02	-1.537311e-01
205           	warmPlate	5.525479e+02	5.550236e+02	1.627585e-01
205           	OVC	-4.778835e+02	-4.768248e+02	-1.537849e-01
206           	warmPlate	5.523659e+02	5.548408e+02	1.627049e-01
206           	OVC	-4.780488e+02	-4.769897e+02	-1.538381e-01
207           	warmPlate	5.521862e+02	5.546602e+02	1.626520e-01
207           	OVC	-4.782122e+02	-4.771527e+02	-1.538907e-01
208           	warmPlate	5.520088e+02	5.544820e+02	1.625997e-01
208           	OVC	-4.783738e+02	-4.773140e+02	-1.539427e-01
209           	warmPlate	5.518335e+02	5.543059e+02	1.625481e-01
209           	OVC	-4.785335e+02	-4.774734e+02	-1.539941e-01
210           	warmPlate	5.516605e+02	5.541321e+02	1.624971e-01
210           	OVC	-4.786915e+02	-4.776310e+02	-1.540449e-01
211           	warmPlate	5.514896e+02	5.539604e+02	1.624467e-01
211           	OVC	-4.788476e+02	-4.777868e+02	-1.540952e-01
212           	warmPlate	5.513208e+02	5.537908e+02	1.623970e-01
212           	OVC	-4.790021e+02	-4.779409e+02	-1.541449e-01
213           	warmPlate	5.511542e+02	5.536234e+02	1.623479e-01
213           	OVC	-4.791547e+02	-4.780933e+02	-1.541940e-01
214           	warmPlate	5.509896e+02	5.534581e+02	1.622994e-01
214           	OVC	-4.793056e+02	-4.782439e+02	-1.542426e-01
215           	warmPlate	5.508271e+02	5.532948e+02	1.622516e-01
215           	OVC	-4.794548e+02	-4.783928e+02	-1.542906e-01
216           	warmPlate	5.506665e+02	5.531335e+02	1.622043e-01
216           	OVC	-4.796024e+02	-4.785400e+02	-1.543381e-01
217           	warmPlate	5.505080e+02	5.529742e+02	1.621576e-01
217           	OVC	-4.797482e+02	-4.786855e+02	-1.543851e-01
218           	warmPlate	5.503514e+02	5.528169e+02	1.621114e-01
218           	OVC	-4.798923e+02	-4.788293e+02	-1.544315e-01
219           	warmPlate	5.501968e+02	5.526616e+02	1.620659e-01
219           	OVC	-4.800349e+02	-4.789716e+02	-1.544773e-01
220           	warmPlate	5.500440e+02	5.525081e+02	1.620209e-01
220           	OVC	-4.801757e+02	-4.791121e+02	-1.545227e-01
221           	warmPlate	5.498932e+02	5.523566e+02	1.619764e-01
221           	OVC	-4.803150e+02	-4.792511e+02	-1.545675e-01
222           	warmPlate	5.497442e+02	5.522069e+02	1.619325e-01
222           	OVC	-4.804527e+02	-4.793885e+02	-1.546118e-01
223           	warmPlate	5.495970e+02	5.520591e+02	1.618892e-01
223           	OVC	-4.805888e+02	-4.795243e+02	-1.546556e-01
224           	warmPlate	5.494517e+02	5.519130e+02	1.618464e-01
224           	OVC	-4.807233e+02	-4.796585e+02	-1.546989e-01
225           	warmPlate	5.493081e+02	5.517688e+02	1.618041e-01
225           	OVC	-4.808562e+02	-4.797912e+02	-1.547417e-01
226           	warmPlate	5.491663e+02	5.516263e+02	1.617623e-01
226           	OVC	-4.809877e+02	-4.799223e+02	-1.547840e-01
227           	warmPlate	5.490262e+02	5.514856e+02	1.617210e-01
227           	OVC	-4.811176e+02	-4.800520e+02	-1.548258e-01
228           	warmPlate	5.488878e+02	5.513466e+02	1.616803e-01
228           	OVC	-4.812460e+02	-4.801801e+02	-1.548671e-01
229           	warmPlate	5.487512e+02	5.512093e+02	1.616400e-01
229           	OVC	-4.813729e+02	-4.803068e+02	-1.549080e-01
230           	warmPlate	5.486162e+02	5.510736e+02	1.616002e-01
230           	OVC	-4.814983e+02	-4.804319e+02	-1.549484e-01
231           	warmPlate	5.484828e+02	5.509397e+02	1.615609e-01
231           	OVC	-4.816223e+02	-4.805557e+02	-1.549883e-01
232           	warmPlate	5.483511e+02	5.508073e+02	1.615221e-01
232           	OVC	-4.817449e+02	-4.806780e+02	-1.550277e-01
233           	warmPlate	5.482209e+02	5.506766e+02	1.614838e-01
233           	OVC	-4.818660e+02	-4.807988e+02	-1.550667e-01
234           	warmPlate	5.480924e+02	5.505475e+02	1.614459e-01
234           	OVC	-4.819857e+02	-4.809183e+02	-1.551053e-01
235           	warmPlate	5.479654e+02	5.504199e+02	1.614085e-01
235           	OVC	-4.821040e+02	-4.810364e+02	-1.551433e-01
236           	warmPlate	5.478400e+02	5.502939e+02	1.613716e-01
236           	OVC	-4.822210e+02	-4.811531e+02	-1.551810e-01
237           	warmPlate	5.477161e+02	5.501694e+02	1.613351e-01
237           	OVC	-4.823366e+02	-4.812684e+02	-1.552182e-01
238           	warmPlate	5.475937e+02	5.500464e+02	1.612990e-01
238           	OVC	-4.824508e+02	-4.813824e+02	-1.552549e-01
239           	warmPlate	5.474727e+02	5.499249e+02	1.612634e-01
239           	OVC	-4.825637e+02	-4.814950e+02	-1.552913e-01
240           	warmPlate	5.473533e+02	5.498049e+02	1.612282e-01
240           	OVC	-4.826753e+02	-4.816064e+02	-1.553272e-01
241           	warmPlate	5.472353e+02	5.496864e+02	1.611934e-01
241           	OVC	-4.827855e+02	-4.817164e+02	-1.553627e-01
242           	warmPlate	5.471187e+02	5.495693e+02	1.611591e-01
242           	OVC	-4.828945e+02	-4.818252e+02	-1.553978e-01
243           	warmPlate	5.470035e+02	5.494536e+02	1.611251e-01
243           	OVC	-4.830022e+02	-4.819327e+02	-1.554324e-01
244           	warmPlate	5.468898e+02	5.493393e+02	1.610916e-01
244           	OVC	-4.831087e+02	-4.820389e+02	-1.554667e-01
245           	warmPlate	5.467774e+02	5.492263e+02	1.610585e-01
245           	OVC	-4.832139e+02	-4.821438e+02	-1.555006e-01
246           	warmPlate	5.466663e+02	5.491148e+02	1.610258e-01
246           	OVC	-4.833178e+02	-4.822476e+02	-1.555340e-01
247           	warmPlate	5.465566e+02	5.490046e+02	1.609935e-01
247           	OVC	-4.834206e+02	-4.823501e+02	-1.555671e-01
248           	warmPlate	5.464483e+02	5.488957e+02	1.609616e-01
248           	OVC	-4.835221e+02	-4.824514e+02	-1.555998e-01
249           	warmPlate	5.463412e+02	5.487882e+02	1.609300e-01
249           	OVC	-4.836224e+02	-4.825515e+02	-1.556321e-01
250           	warmPlate	5.462354e+02	5.486819e+02	1.608989e-01
250           	OVC	-4.837216e+02	-4.826505e+02	-1.556640e-01
251           	warmPlate	5.461309e+02	5.485769e+02	1.608681e-01
251           	OVC	-4.838196e+02	-4.827483e+02	-1.556955e-01
252           	warmPlate	5.460277e+02	5.484732e+02	1.608377e-01
252           	OVC	-4.839164e+02	-4.828449e+02	-1.557267e-01
253           	warmPlate	5.459257e+02	5.483707e+02	1.608076e-01
253           	OVC	-4.840121e+02	-4.829404e+02	-1.557575e-01
254           	warmPlate	5.458250e+02	5.482695e+02	1.607779e-01
254           	OVC	-4.841067e+02	-4.830348e+02	-1.557879e-01
255           	warmPlate	5.457254e+02	5.481695e+02	1.607486e-01
255           	OVC	-4.842001e+02	-4.831281e+02	-1.558180e-01
256           	warmPlate	5.456271e+02	5.480707e+02	1.607196e-01
256           	OVC	-4.842925e+02	-4.832202e+02	-1.558477e-01
257           	warmPlate	5.455299e+02	5.479731e+02	1.606910e-01
257           	OVC	-4.843838e+02	-4.833113e+02	-1.558771e-01
258           	warmPlate	5.454339e+02	5.478766e+02	1.606627e-01
258           	OVC	-4.844740e+02	-4.834013e+02	-1.559062e-01
259           	warmPlate	5.453390e+02	5.477814e+02	1.606348e-01
259           	OVC	-4.845631e+02	-4.834902e+02	-1.559348e-01
260           	warmPlate	5.452453e+02	5.476872e+02	1.606072e-01
260           	OVC	-4.846512e+02	-4.835781e+02	-1.559632e-01
261           	warmPlate	5.451528e+02	5.475942e+02	1.605799e-01
261           	OVC	-4.847382e+02	-4.836650e+02	-1.559912e-01
262           	warmPlate	5.450613e+02	5.475023e+02	1.605529e-01
262           	OVC	-4.848242e+02	-4.837508e+02	-1.560189e-01
263           	warmPlate	5.449709e+02	5.474115e+02	1.605263e-01
263           	OVC	-4.849092e+02	-4.838356e+02	-1.560462e-01
264           	warmPlate	5.448816e+02	5.473218e+02	1.605000e-01
264           	OVC	-4.849932e+02	-4.839194e+02	-1.560733e-01
265           	warmPlate	5.447934e+02	5.472332e+02	1.604740e-01
265           	OVC	-4.850762e+02	-4.840022e+02	-1.561000e-01
266           	warmPlate	5.447063e+02	5.471457e+02	1.604484e-01
266           	OVC	-4.851582e+02	-4.840841e+02	-1.561264e-01
267           	warmPlate	5.446202e+02	5.470592e+02	1.604230e-01
267           	OVC	-4.852392e+02	-4.841650e+02	-1.561525e-01
268           	warmPlate	5.445351e+02	5.469737e+02	1.603979e-01
268           	OVC	-4.853193e+02	-4.842449e+02	-1.561783e-01
269           	warmPlate	5.444511e+02	5.468893e+02	1.603732e-01
269           	OVC	-4.853985e+02	-4.843238e+02	-1.562037e-01
270           	warmPlate	5.443680e+02	5.468058e+02	1.603487e-01
270           	OVC	-4.854767e+02	-4.844019e+02	-1.562289e-01
271           	warmPlate	5.442860e+02	5.467234e+02	1.603245e-01
271           	OVC	-4.855539e+02	-4.844790e+02	-1.562538e-01
272           	warmPlate	5.442049e+02	5.466420e+02	1.603007e-01
272           	OVC	-4.856303e+02	-4.845552e+02	-1.562783e-01
273           	warmPlate	5.441248e+02	5.465615e+02	1.602771e-01
273           	OVC	-4.857057e+02	-4.846305e+02	-1.563026e-01
274           	warmPlate	5.440457e+02	5.464820e+02	1.602537e-01
274           	OVC	-4.857803e+02	-4.847049e+02	-1.563266e-01
275           	warmPlate	5.439675e+02	5.464035e+02	1.602307e-01
275           	OVC	-4.858540e+02	-4.847784e+02	-1.563503e-01
276           	warmPlate	5.438902e+02	5.463259e+02	1.602080e-01
276           	OVC	-4.859268e+02	-4.848510e+02	-1.563738e-01
277           	warmPlate	5.438139e+02	5.462492e+02	1.601855e-01
277           	OVC	-4.859987e+02	-4.849228e+02	-1.563969e-01
278           	warmPlate	5.437385e+02	5.461734e+02	1.601633e-01
278           	OVC	-4.860698e+02	-4.849938e+02	-1.564198e-01
279           	warmPlate	5.436640e+02	5.460986e+02	1.601413e-01
279           	OVC	-4.861400e+02	-4.850639e+02	-1.564424e-01
280           	warmPlate	5.435904e+02	5.460246e+02	1.601196e-01
280           	OVC	-4.862095e+02	-4.851331e+02	-1.564648e-01
281           	warmPlate	5.435177e+02	5.459515e+02	1.600982e-01
281           	OVC	-4.862780e+02	-4.852016e+02	-1.564868e-01
282           	warmPlate	5.434458e+02	5.458793e+02	1.600770e-01
282           	OVC	-4.863458e+02	-4.852692e+02	-1.565087e-01
283           	warmPlate	5.433748e+02	5.458080e+02	1.600561e-01
283           	OVC	-4.864128e+02	-4.853360e+02	-1.565302e-01
284           	warmPlate	5.433046e+02	5.457375e+02	1.600354e-01
284           	OVC	-4.864790e+02	-4.854021e+02	-1.565515e-01
285           	warmPlate	5.432353e+02	5.456679e+02	1.600150e-01
285           	OVC	-4.865444e+02	-4.854673e+02	-1.565726e-01
286           	warmPlate	5.431668e+02	5.455991e+02	1.599948e-01
286           	OVC	-4.866090e+02	-4.855318e+02	-1.565934e-01
287           	warmPlate	5.430992e+02	5.455311e+02	1.599749e-01
287           	OVC	-4.866728e+02	-4.855955e+02	-1.566139e-01
288           	warmPlate	5.430323e+02	5.454639e+02	1.599552e-01
288           	OVC	-4.867359e+02	-4.856585e+02	-1.566342e-01
289           	warmPlate	5.429662e+02	5.453976e+02	1.599357e-01
289           	OVC	-4.867982e+02	-4.857207e+02	-1.566543e-01
290           	warmPlate	5.429010e+02	5.453320e+02	1.599165e-01
290           	OVC	-4.868598e+02	-4.857821e+02	-1.566741e-01
291           	warmPlate	5.428365e+02	5.452672e+02	1.598975e-01
291           	OVC	-4.869207e+02	-4.858429e+02	-1.566937e-01
292           	warmPlate	5.427728e+02	5.452032e+02	1.598787e-01
292           	OVC	-4.869808e+02	-4.859029e+02	-1.567131e-01
293           	warmPlate	5.427098e+02	5.451400e+02	1.598602e-01
293           	OVC	-4.870403e+02	-4.859622e+02	-1.567322e-01
294           	warmPlate	5.426476e+02	5.450775e+02	1.598419e-01
294           	OVC	-4.870990e+02	-4.860208e+02	-1.567511e-01
295           	warmPlate	5.425861e+02	5.450157e+02	1.598238e-01
295           	OVC	-4.871570e+02	-4.860787e+02	-1.567698e-01
296           	warmPlate	5.425254e+02	5.449547e+02	1.598059e-01
296           	OVC	-4.872144e+02	-4.861359e+02	-1.567882e-01
297           	warmPlate	5.424654e+02	5.448944e+02	1.597882e-01
297           	OVC	-4.872710e+02	-4.861924e+02	-1.568065e-01
298           	warmPlate	5.424061e+02	5.448349e+02	1.597707e-01
298           	OVC	-4.873270e+02	-4.862483e+02	-1.568245e-01
299           	warmPlate	5.423476e+02	5.447760e+02	1.597535e-01
299           	OVC	-4.873823e+02	-4.863035e+02	-1.568423e-01
300           	warmPlate	5.422897e+02	5.447179e+02	1.597364e-01
300           	OVC	-4.874370e+02	-4.863581e+02	-1.568599e-01
301           	warmPlate	5.422325e+02	5.446604e+02	1.597196e-01
301           	OVC	-4.874910e+02	-4.864119e+02	-1.568773e-01
302           	warmPlate	5.421760e+02	5.446037e+02	1.597029e-01
302           	OVC	-4.875443e+02	-4.864652e+02	-1.568944e-01
303           	warmPlate	5.421202e+02	5.445476e+02	1.596865e-01
303           	OVC	-4.875971e+02	-4.865178e+02	-1.569114e-01
304           	warmPlate	5.420650e+02	5.444922e+02	1.596702e-01
304           	OVC	-4.876492e+02	-4.865698e+02	-1.569282e-01
305           	warmPlate	5.420105e+02	5.444374e+02	1.596542e-01
305           	OVC	-4.877007e+02	-4.866212e+02	-1.569447e-01
306           	warmPlate	5.419566e+02	5.443833e+02	1.596383e-01
306           	OVC	-4.877515e+02	-4.866720e+02	-1.569611e-01
307           	warmPlate	5.419034e+02	5.443298e+02	1.596226e-01
307           	OVC	-4.878018e+02	-4.867221e+02	-1.569773e-01
308           	warmPlate	5.418509e+02	5.442770e+02	1.596072e-01
308           	OVC	-4.878515e+02	-4.867717e+02	-1.569933e-01
309           	warmPlate	5.417989e+02	5.442248e+02	1.595918e-01
309           	OVC	-4.879005e+02	-4.868207e+02	-1.570091e-01
310           	warmPlate	5.417476e+02	5.441733e+02	1.595767e-01
310           	OVC	-4.879490e+02	-4.868690e+02	-1.570247e-01
311           	warmPlate	5.416969e+02	5.441223e+02	1.595618e-01
311           	OVC	-4.879970e+02	-4.869169e+02	-1.570401e-01
312           	warmPlate	5.416468e+02	5.440720e+02	1.595470e-01
312           	OVC	-4.880443e+02	-4.869641e+02	-1.570554e-01
313           	warmPlate	5.415973e+02	5.440223e+02	1.595324e-01
313           	OVC	-4.880911e+02	-4.870108e+02	-1.570704e-01
314           	warmPlate	5.415483e+02	5.439731e+02	1.595180e-01
314           	OVC	-4.881373e+02	-4.870569e+02	-1.570853e-01
315           	warmPlate	5.415000e+02	5.439245e+02	1.595038e-01
315           	OVC	-4.881830e+02	-4.871025e+02	-1.571000e-01
316           	warmPlate	5.414522e+02	5.438766e+02	1.594897e-01
316           	OVC	-4.882281e+02	-4.871475e+02	-1.571145e-01
317           	warmPlate	5.414050e+02	5.438292e+02	1.594758e-01
317           	OVC	-4.882727e+02	-4.871920e+02	-1.571289e-01
318           	warmPlate	5.413584e+02	5.437823e+02	1.594621e-01
318           	OVC	-4.883168e+02	-4.872360e+02	-1.571431e-01
319           	warmPlate	5.413123e+02	5.437360e+02	1.594485e-01
319           	OVC	-4.883603e+02	-4.872795e+02	-1.571571e-01
320           	warmPlate	5.412668e+02	5.436903e+02	1.594351e-01
320           	OVC	-4.884033e+02	-4.873224e+02	-1.571709e-01
321           	warmPlate	5.412218e+02	5.436451e+02	1.594218e-01
321           	OVC	-4.884459e+02	-4.873648e+02	-1.571846e-01
322           	warmPlate	5.411774e+02	5.436005e+02	1.594088e-01
322           	OVC	-4.884879e+02	-4.874067e+02	-1.571981e-01
323           	warmPlate	5.411335e+02	5.435563e+02	1.593958e-01
323           	OVC	-4.885294e+02	-4.874482e+02	-1.572115e-01
324           	warmPlate	5.410901e+02	5.435128e+02	1.593830e-01
324           	OVC	-4.885704e+02	-4.874891e+02	-1.572247e-01
325           	warmPlate	5.410472e+02	5.434697e+02	1.593704e-01
325           	OVC	-4.886109e+02	-4.875295e+02	-1.572377e-01
326           	warmPlate	5.410049e+02	5.434271e+02	1.593579e-01
326           	OVC	-4.886509e+02	-4.875695e+02	-1.572506e-01
327           	warmPlate	5.409630e+02	5.433851e+02	1.593456e-01
327           	OVC	-4.886905e+02	-4.876089e+02	-1.572634e-01
328           	warmPlate	5.409217e+02	5.433435e+02	1.593334e-01
328           	OVC	-4.887296e+02	-4.876480e+02	-1.572759e-01
329           	warmPlate	5.408808e+02	5.433025e+02	1.593214e-01
329           	OVC	-4.887682e+02	-4.876865e+02	-1.572884e-01
330           	warmPlate	5.408404e+02	5.432619e+02	1.593095e-01
330           	OVC	-4.888064e+02	-4.877246e+02	-1.573007e-01
331           	warmPlate	5.408005e+02	5.432219e+02	1.592977e-01
331           	OVC	-4.888441e+02	-4.877622e+02	-1.573128e-01
332           	warmPlate	5.407611e+02	5.431823e+02	1.592861e-01
332           	OVC	-4.888814e+02	-4.877994e+02	-1.573248e-01
333           	warmPlate	5.407222e+02	5.431431e+02	1.592746e-01
333           	OVC	-4.889182e+02	-4.878362e+02	-1.573366e-01
334           	warmPlate	5.406837e+02	5.431045e+02	1.592633e-01
334           	OVC	-4.889546e+02	-4.878725e+02	-1.573484e-01
335           	warmPlate	5.406457e+02	5.430663e+02	1.592521e-01
335           	OVC	-4.889905e+02	-4.879083e+02	-1.573599e-01
336           	warmPlate	5.406081e+02	5.430285e+02	1.592410e-01
336           	OVC	-4.890260e+02	-4.879438e+02	-1.573714e-01
337           	warmPlate	5.405710e+02	5.429912e+02	1.592301e-01
337           	OVC	-4.890611e+02	-4.879788e+02	-1.573827e-01
338           	warmPlate	5.405343e+02	5.429544e+02	1.592193e-01
338           	OVC	-4.890958e+02	-4.880134e+02	-1.573938e-01
339           	warmPlate	5.404981e+02	5.429180e+02	1.592086e-01
339           	OVC	-4.891301e+02	-4.880476e+02	-1.574048e-01
340           	warmPlate	5.404623e+02	5.428820e+02	1.591981e-01
340           	OVC	-4.891639e+02	-4.880814e+02	-1.574157e-01
341           	warmPlate	5.404269e+02	5.428465e+02	1.591876e-01
341           	OVC	-4.891974e+02	-4.881148e+02	-1.574265e-01
342           	warmPlate	5.403919e+02	5.428113e+02	1.591773e-01
342           	OVC	-4.892305e+02	-4.881478e+02	-1.574372e-01
343           	warmPlate	5.403574e+02	5.427766e+02	1.591672e-01
343           	OVC	-4.892631e+02	-4.881804e+02	-1.574477e-01
344           	warmPlate	5.403232e+02	5.427423e+02	1.591571e-01
344           	OVC	-4.892954e+02	-4.882126e+02	-1.574581e-01
345           	warmPlate	5.402895e+02	5.427085e+02	1.591472e-01
345           	OVC	-4.893273e+02	-4.882444e+02	-1.574683e-01
346           	warmPlate	5.402562e+02	5.426750e+02	1.591374e-01
346           	OVC	-4.893588e+02	-4.882758e+02	-1.574785e-01
347           	warmPlate	5.402233e+02	5.426419e+02	1.591277e-01
347           	OVC	-4.893899e+02	-4.883069e+02	-1.574885e-01
348           	warmPlate	5.401907e+02	5.426092e+02	1.591181e-01
348           	OVC	-4.894207e+02	-4.883376e+02	-1.574984e-01
349           	warmPlate	5.401586e+02	5.425769e+02	1.591086e-01
349           	OVC	-4.894511e+02	-4.883679e+02	-1.575082e-01
350           	warmPlate	5.401268e+02	5.425450e+02	1.590992e-01
350           	OVC	-4.894811e+02	-4.883979e+02	-1.575178e-01
351           	warmPlate	5.400954e+02	5.425135e+02	1.590900e-01
351           	OVC	-4.895108e+02	-4.884275e+02	-1.575274e-01
352           	warmPlate	5.400644e+02	5.424823e+02	1.590809e-01
352           	OVC	-4.895401e+02	-4.884568e+02	-1.575368e-01
353           	warmPlate	5.400338e+02	5.424515e+02	1.590718e-01
353           	OVC	-4.895691e+02	-4.884857e+02	-1.575462e-01
354           	warmPlate	5.400035e+02	5.424211e+02	1.590629e-01
354           	OVC	-4.895977e+02	-4.885143e+02	-1.575554e-01
355           	warmPlate	5.399736e+02	5.423911e+02	1.590541e-01
355           	OVC	-4.896260e+02	-4.885425e+02	-1.575645e-01
356           	warmPlate	5.399440e+02	5.423614e+02	1.590454e-01
356           	OVC	-4.896540e+02	-4.885704e+02	-1.575735e-01
357           	warmPlate	5.399148e+02	5.423320e+02	1.590368e-01
357           	OVC	-4.896816e+02	-4.885979e+02	-1.575824e-01
358           	warmPlate	5.398860e+02	5.423031e+02	1.590283e-01
358           	OVC	-4.897089e+02	-4.886252e+02	-1.575911e-01
359           	warmPlate	5.398575e+02	5.422744e+02	1.590199e-01
359           	OVC	-4.897358e+02	-4.886521e+02	-1.575998e-01
360           	warmPlate	5.398293e+02	5.422461e+02	1.590116e-01
360           	OVC	-4.897625e+02	-4.886787e+02	-1.576084e-01
361           	warmPlate	5.398014e+02	5.422181e+02	1.590034e-01
361           	OVC	-4.897888e+02	-4.887049e+02	-1.576169e-01
362           	warmPlate	5.397739e+02	5.421905e+02	1.589953e-01
362           	OVC	-4.898148e+02	-4.887309e+02	-1.576252e-01
363           	warmPlate	5.397468e+02	5.421632e+02	1.589873e-01
363           	OVC	-4.898405e+02	-4.887565e+02	-1.576335e-01
364           	warmPlate	5.397199e+02	5.421362e+02	1.589794e-01
364           	OVC	-4.898659e+02	-4.887819e+02	-1.576417e-01
365           	warmPlate	5.396934e+02	5.421096e+02	1.589716e-01
365           	OVC	-4.898910e+02	-4.888069e+02	-1.576498e-01
366           	warmPlate	5.396672e+02	5.420832e+02	1.589638e-01
366           	OVC	-4.899158e+02	-4.888317e+02	-1.576578e-01
367           	warmPlate	5.396412e+02	5.420572e+02	1.589562e-01
367           	OVC	-4.899403e+02	-4.888561e+02	-1.576656e-01
368           	warmPlate	5.396157e+02	5.420315e+02	1.589487e-01
368           	OVC	-4.899645e+02	-4.888803e+02	-1.576734e-01
369           	warmPlate	5.395904e+02	5.420061e+02	1.589412e-01
369           	OVC	-4.899884e+02	-4.889042e+02	-1.576811e-01
370           	warmPlate	5.395654e+02	5.419810e+02	1.589338e-01
370           	OVC	-4.900121e+02	-4.889277e+02	-1.576887e-01
371           	warmPlate	5.395407e+02	5.419562e+02	1.589266e-01
371           	OVC	-4.900354e+02	-4.889510e+02	-1.576963e-01
372           	warmPlate	5.395163e+02	5.419317e+02	1.589194e-01
372           	OVC	-4.900585e+02	-4.889741e+02	-1.577037e-01
373           	warmPlate	5.394922e+02	5.419074e+02	1.589123e-01
373           	OVC	-4.900813e+02	-4.889968e+02	-1.577110e-01
374           	warmPlate	5.394684e+02	5.418835e+02	1.589053e-01
374           	OVC	-4.901038e+02	-4.890193e+02	-1.577183e-01
375           	warmPlate	5.394448e+02	5.418599e+02	1.588983e-01
375           	OVC	-4.901261e+02	-4.890415e+02	-1.577254e-01
376           	warmPlate	5.394216e+02	5.418365e+02	1.588915e-01
376           	OVC	-4.901481e+02	-4.890635e+02	-1.577325e-01
377           	warmPlate	5.393986e+02	5.418134e+02	1.588847e-01
377           	OVC	-4.901698e+02	-4.890852e+02	-1.577395e-01
378           	warmPlate	5.393759e+02	5.417906e+02	1.588780e-01
378           	OVC	-4.901913e+02	-4.891066e+02	-1.577464e-01
379           	warmPlate	5.393534e+02	5.417681e+02	1.588714e-01
379           	OVC	-4.902125e+02	-4.891278e+02	-1.577533e-01
380           	warmPlate	5.393313e+02	5.417458e+02	1.588649e-01
380           	OVC	-4.902335e+02	-4.891487e+02	-1.577600e-01
381           	warmPlate	5.393094e+02	5.417238e+02	1.588584e-01
381           	OVC	-4.902542e+02	-4.891693e+02	-1.577667e-01
382           	warmPlate	5.392877e+02	5.417020e+02	1.588520e-01
382           	OVC	-4.902747e+02	-4.891898e+02	-1.577733e-01
383           	warmPlate	5.392663e+02	5.416806e+02	1.588458e-01
383           	OVC	-4.902949e+02	-4.892100e+02	-1.577798e-01
384           	warmPlate	5.392452e+02	5.416593e+02	1.588395e-01
384           	OVC	-4.903149e+02	-4.892299e+02	-1.577862e-01
385           	warmPlate	5.392243e+02	5.416384e+02	1.588334e-01
385           	OVC	-4.903346e+02	-4.892496e+02	-1.577926e-01
386           	warmPlate	5.392037e+02	5.416176e+02	1.588273e-01
386           	OVC	-4.903541e+02	-4.892691e+02	-1.577988e-01
387           	warmPlate	5.391833e+02	5.415972e+02	1.588213e-01
387           	OVC	-4.903734e+02	-4.892883e+02	-1.578050e-01
388           	warmPlate	5.391632e+02	5.415769e+02	1.588154e-01
388           	OVC	-4.903925e+02	-4.893073e+02	-1.578112e-01
389           	warmPlate	5.391433e+02	5.415569e+02	1.588095e-01
389           	OVC	-4.904113e+02	-4.893261e+02	-1.578172e-01
390           	warmPlate	5.391236e+02	5.415372e+02	1.588037e-01
390           	OVC	-4.904299e+02	-4.893447e+02	-1.578232e-01
391           	warmPlate	5.391042e+02	5.415177e+02	1.587980e-01
391           	OVC	-4.904483e+02	-4.893630e+02	-1.578291e-01
392           	warmPlate	5.390850e+02	5.414984e+02	1.587923e-01
392           	OVC	-4.904664e+02	-4.893811e+02	-1.578350e-01
393           	warmPlate	5.390660e+02	5.414793e+02	1.587867e-01
393           	OVC	-4.904844e+02	-4.893990e+02	-1.578408e-01
394           	warmPlate	5.390473e+02	5.414605e+02	1.587812e-01
394           	OVC	-4.905021e+02	-4.894167e+02	-1.578465e-01
395           	warmPlate	5.390288e+02	5.414419e+02	1.587758e-01
395           	OVC	-4.905196e+02	-4.894342e+02	-1.578521e-01
396           	warmPlate	5.390105e+02	5.414235e+02	1.587704e-01
396           	OVC	-4.905369e+02	-4.894515e+02	-1.578577e-01
397           	warmPlate	5.389924e+02	5.414053e+02	1.587650e-01
397           	OVC	-4.905540e+02	-4.894685e+02	-1.578632e-01
398           	warmPlate	5.389745e+02	5.413874e+02	1.587598e-01
398           	OVC	-4.905709e+02	-4.894854e+02	-1.578686e-01
399           	warmPlate	5.389569e+02	5.413697e+02	1.587546e-01
399           	OVC	-4.905876e+02	-4.895020e+02	-1.578740e-01
400           	warmPlate	5.389394e+02	5.413521e+02	1.587494e-01
400           	OVC	-4.906041e+02	-4.895185e+02	-1.578793e-01
401           	warmPlate	5.389222e+02	5.413348e+02	1.587444e-01
401           	OVC	-4.906204e+02	-4.895348e+02	-1.578845e-01
402           	warmPlate	5.389052e+02	5.413177e+02	1.587393e-01
402           	OVC	-4.906365e+02	-4.895508e+02	-1.578897e-01
403           	warmPlate	5.388884e+02	5.413008e+02	1.587344e-01
403           	OVC	-4.906524e+02	-4.895667e+02	-1.578948e-01
404           	warmPlate	5.388717e+02	5.412841e+02	1.587295e-01
404           	OVC	-4.906681e+02	-4.895824e+02	-1.578999e-01
405           	warmPlate	5.388553e+02	5.412676e+02	1.587247e-01
405           	OVC	-4.906837e+02	-4.895979e+02	-1.579049e-01
406           	warmPlate	5.388391e+02	5.412513e+02	1.587199e-01
406           	OVC	-4.906990e+02	-4.896132e+02	-1.579099e-01
407           	warmPlate	5.388230e+02	5.412352e+02	1.587151e-01
407           	OVC	-4.907142e+02	-4.896284e+02	-1.579147e-01
408           	warmPlate	5.388072e+02	5.412193e+02	1.587105e-01
408           	OVC	-4.907292e+02	-4.896433e+02	-1.579196e-01
409           	warmPlate	5.387915e+02	5.412035e+02	1.587059e-01
409           	OVC	-4.907440e+02	-4.896581e+02	-1.579243e-01
410           	warmPlate	5.387761e+02	5.411880e+02	1.587013e-01
410           	OVC	-4.907586e+02	-4.896727e+02	-1.579290e-01
411           	warmPlate	5.387608e+02	5.411726e+02	1.586968e-01
411           	OVC	-4.907731e+02	-4.896872e+02	-1.579337e-01
412           	warmPlate	5.387457e+02	5.411575e+02	1.586924e-01
412           	OVC	-4.907874e+02	-4.897014e+02	-1.579383e-01
413           	warmPlate	5.387307e+02	5.411425e+02	1.586880e-01
413           	OVC	-4.908015e+02	-4.897155e+02	-1.579428e-01
414           	warmPlate	5.387160e+02	5.411277e+02	1.586836e-01
414           	OVC	-4.908154e+02	-4.897294e+02	-1.579473e-01
415           	warmPlate	5.387014e+02	5.411130e+02	1.586793e-01
415           	OVC	-4.908292e+02	-4.897432e+02	-1.579518e-01
416           	warmPlate	5.386870e+02	5.410986e+02	1.586751e-01
416           	OVC	-4.908428e+02	-4.897568e+02	-1.579561e-01
417           	warmPlate	5.386728e+02	5.410843e+02	1.586709e-01
417           	OVC	-4.908563e+02	-4.897702e+02	-1.579605e-01
418           	warmPlate	5.386587e+02	5.410701e+02	1.586667e-01
418           	OVC	-4.908696e+02	-4.897835e+02	-1.579648e-01
419           	warmPlate	5.386449e+02	5.410562e+02	1.586627e-01
419           	OVC	-4.908827e+02	-4.897966e+02	-1.579690e-01
420           	warmPlate	5.386311e+02	5.410424e+02	1.586586e-01
420           	OVC	-4.908957e+02	-4.898095e+02	-1.579732e-01
421           	warmPlate	5.386176e+02	5.410288e+02	1.586546e-01
421           	OVC	-4.909085e+02	-4.898223e+02	-1.579773e-01
422           	warmPlate	5.386042e+02	5.410153e+02	1.586507e-01
422           	OVC	-4.909212e+02	-4.898350e+02	-1.579814e-01
423           	warmPlate	5.385909e+02	5.410020e+02	1.586468e-01
423           	OVC	-4.909337e+02	-4.898475e+02	-1.579854e-01
424           	warmPlate	5.385778e+02	5.409889e+02	1.586429e-01
424           	OVC	-4.909461e+02	-4.898598e+02	-1.579894e-01
425           	warmPlate	5.385649e+02	5.409759e+02	1.586391e-01
425           	OVC	-4.909583e+02	-4.898720e+02	-1.579933e-01
426           	warmPlate	5.385522e+02	5.409631e+02	1.586353e-01
426           	OVC	-4.909704e+02	-4.898841e+02	-1.579972e-01
427           	warmPlate	5.385395e+02	5.409504e+02	1.586316e-01
427           	OVC	-4.909824e+02	-4.898960e+02	-1.580010e-01
428           	warmPlate	5.385271e+02	5.409379e+02	1.586280e-01
428           	OVC	-4.909941e+02	-4.899077e+02	-1.580048e-01
429           	warmPlate	5.385147e+02	5.409255e+02	1.586243e-01
429           	OVC	-4.910058e+02	-4.899194e+02	-1.580086e-01
430           	warmPlate	5.385026e+02	5.409132e+02	1.586207e-01
430           	OVC	-4.910173e+02	-4.899309e+02	-1.580123e-01
431           	warmPlate	5.384905e+02	5.409012e+02	1.586172e-01
431           	OVC	-4.910287e+02	-4.899422e+02	-1.580160e-01
432           	warmPlate	5.384787e+02	5.408892e+02	1.586137e-01
432           	OVC	-4.910399e+02	-4.899534e+02	-1.580196e-01
433           	warmPlate	5.384669e+02	5.408774e+02	1.586102e-01
433           	OVC	-4.910510e+02	-4.899645e+02	-1.580232e-01
434           	warmPlate	5.384553e+02	5.408658e+02	1.586068e-01
434           	OVC	-4.910620e+02	-4.899755e+02	-1.580267e-01
435           	warmPlate	5.384438e+02	5.408542e+02	1.586034e-01
435           	OVC	-4.910729e+02	-4.899863e+02	-1.580302e-01
436           	warmPlate	5.384325e+02	5.408429e+02	1.586001e-01
436           	OVC	-4.910836e+02	-4.899970e+02	-1.580336e-01
437           	warmPlate	5.384213e+02	5.408316e+02	1.585968e-01
437           	OVC	-4.910942e+02	-4.900076e+02	-1.580370e-01
438           	warmPlate	5.384103e+02	5.408205e+02	1.585935e-01
438           	OVC	-4.911046e+02	-4.900180e+02	-1.580404e-01
439           	warmPlate	5.383993e+02	5.408095e+02	1.585903e-01
439           	OVC	-4.911150e+02	-4.900283e+02	-1.580437e-01
440           	warmPlate	5.383885e+02	5.407987e+02	1.585871e-01
440           	OVC	-4.911252e+02	-4.900385e+02	-1.580470e-01
441           	warmPlate	5.383779e+02	5.407880e+02	1.585840e-01
441           	OVC	-4.911353e+02	-4.900486e+02	-1.580503e-01
442           	warmPlate	5.383673e+02	5.407774e+02	1.585809e-01
442           	OVC	-4.911452e+02	-4.900585e+02	-1.580535e-01
443           	warmPlate	5.383569e+02	5.407669e+02	1.585778e-01
443           	OVC	-4.911551e+02	-4.900684e+02	-1.580566e-01
444           	warmPlate	5.383466e+02	5.407566e+02	1.585748e-01
444           	OVC	-4.911648e+02	-4.900781e+02	-1.580598e-01
445           	warmPlate	5.383364e+02	5.407463e+02	1.585718e-01
445           	OVC	-4.911745e+02	-4.900877e+02	-1.580629e-01
446           	warmPlate	5.383264e+02	5.407363e+02	1.585688e-01
446           	OVC	-4.911840e+02	-4.900972e+02	-1.580659e-01
447           	warmPlate	5.383165e+02	5.407263e+02	1.585659e-01
447           	OVC	-4.911934e+02	-4.901065e+02	-1.580690e-01
448           	warmPlate	5.383066e+02	5.407164e+02	1.585630e-01
448           	OVC	-4.912026e+02	-4.901158e+02	-1.580719e-01
449           	warmPlate	5.382970e+02	5.407067e+02	1.585602e-01
449           	OVC	-4.912118e+02	-4.901249e+02	-1.580749e-01
450           	warmPlate	5.382874e+02	5.406971e+02	1.585573e-01
450           	OVC	-4.912209e+02	-4.901340e+02	-1.580778e-01
451           	warmPlate	5.382779e+02	5.406875e+02	1.585546e-01
451           	OVC	-4.912298e+02	-4.901429e+02	-1.580807e-01
452           	warmPlate	5.382686e+02	5.406782e+02	1.585518e-01
452           	OVC	-4.912387e+02	-4.901517e+02	-1.580835e-01
453           	warmPlate	5.382593e+02	5.406689e+02	1.585491e-01
453           	OVC	-4.912474e+02	-4.901605e+02	-1.580864e-01
454           	warmPlate	5.382502e+02	5.406597e+02	1.585464e-01
454           	OVC	-4.912560e+02	-4.901691e+02	-1.580891e-01
455           	warmPlate	5.382412e+02	5.406506e+02	1.585437e-01
455           	OVC	-4.912646e+02	-4.901776e+02	-1.580919e-01
456           	warmPlate	5.382322e+02	5.406417e+02	1.585411e-01
456           	OVC	-4.912730e+02	-4.901860e+02	-1.580946e-01
457           	warmPlate	5.382234e+02	5.406328e+02	1.585385e-01
457           	OVC	-4.912813e+02	-4.901943e+02	-1.580973e-01
458           	warmPlate	5.382147e+02	5.406241e+02	1.585359e-01
458           	OVC	-4.912896e+02	-4.902025e+02	-1.580999e-01
459           	warmPlate	5.382061e+02	5.406154e+02	1.585334e-01
459           	OVC	-4.912977e+02	-4.902107e+02	-1.581026e-01
460           	warmPlate	5.381976e+02	5.406069e+02	1.585309e-01
460           	OVC	-4.913057e+02	-4.902187e+02	-1.581051e-01
461           	warmPlate	5.381892e+02	5.405985e+02	1.585284e-01
461           	OVC	-4.913137e+02	-4.902266e+02	-1.581077e-01
462           	warmPlate	5.381809e+02	5.405901e+02	1.585260e-01
462           	OVC	-4.913215e+02	-4.902344e+02	-1.581102e-01
463           	warmPlate	5.381728e+02	5.405819e+02	1.585236e-01
463           	OVC	-4.913293e+02	-4.902422e+02	-1.581127e-01
464           	warmPlate	5.381647e+02	5.405738e+02	1.585212e-01
464           	OVC	-4.913369e+02	-4.902498e+02	-1.581152e-01
465           	warmPlate	5.381566e+02	5.405657e+02	1.585188e-01
465           	OVC	-4.913445e+02	-4.902574e+02	-1.581176e-01
466           	warmPlate	5.381487e+02	5.405578e+02	1.585165e-01
466           	OVC	-4.913520e+02	-4.902648e+02	-1.581200e-01
467           	warmPlate	5.381409e+02	5.405499e+02	1.585142e-01
467           	OVC	-4.913594e+02	-4.902722e+02	-1.581224e-01
468           	warmPlate	5.381332e+02	5.405422e+02	1.585119e-01
468           	OVC	-4.913667e+02	-4.902795e+02	-1.581248e-01
469           	warmPlate	5.381256e+02	5.405345e+02	1.585097e-01
469           	OVC	-4.913739e+02	-4.902867e+02	-1.581271e-01
470           	warmPlate	5.381180e+02	5.405269e+02	1.585075e-01
470           	OVC	-4.913810e+02	-4.902938e+02	-1.581294e-01
471           	warmPlate	5.381106e+02	5.405195e+02	1.585053e-01
471           	OVC	-4.913881e+02	-4.903008e+02	-1.581316e-01
472           	warmPlate	5.381032e+02	5.405121e+02	1.585031e-01
472           	OVC	-4.913950e+02	-4.903078e+02	-1.581339e-01
473           	warmPlate	5.380960e+02	5.405048e+02	1.585010e-01
473           	OVC	-4.914019e+02	-4.903147e+02	-1.581361e-01
474           	warmPlate	5.380888e+02	5.404975e+02	1.584988e-01
474           	OVC	-4.914087e+02	-4.903214e+02	-1.581383e-01
475           	warmPlate	5.380817e+02	5.404904e+02	1.584967e-01
475           	OVC	-4.914154e+02	-4.903281e+02	-1.581404e-01
476           	warmPlate	5.380747e+02	5.404834e+02	1.584947e-01
476           	OVC	-4.914221e+02	-4.903348e+02	-1.581426e-01
477           	warmPlate	5.380677e+02	5.404764e+02	1.584926e-01
477           	OVC	-4.914286e+02	-4.903413e+02	-1.581447e-01
478           	warmPlate	5.380609e+02	5.404695e+02	1.584906e-01
478           	OVC	-4.914351e+02	-4.903478e+02	-1.581468e-01
479           	warmPlate	5.380541e+02	5.404627e+02	1.584886e-01
479           	OVC	-4.914415e+02	-4.903541e+02	-1.581488e-01
480           	warmPlate	5.380474e+02	5.404560e+02	1.584867e-01
480           	OVC	-4.914478e+02	-4.903605e+02	-1.581509e-01
481           	warmPlate	5.380408e+02	5.404494e+02	1.584847e-01
481           	OVC	-4.914541e+02	-4.903667e+02	-1.581529e-01
482           	warmPlate	5.380343e+02	5.404428e+02	1.584828e-01
482           	OVC	-4.914602e+02	-4.903729e+02	-1.581549e-01
483           	warmPlate	5.380278e+02	5.404363e+02	1.584809e-01
483           	OVC	-4.914663e+02	-4.903789e+02	-1.581568e-01
484           	warmPlate	5.380215e+02	5.404299e+02	1.584790e-01
484           	OVC	-4.914724e+02	-4.903850e+02	-1.581588e-01
485           	warmPlate	5.380152e+02	5.404236e+02	1.584772e-01
485           	OVC	-4.914783e+02	-4.903909e+02	-1.581607e-01
486           	warmPlate	5.380090e+02	5.404174e+02	1.584753e-01
486           	OVC	-4.914842e+02	-4.903968e+02	-1.581626e-01
487           	warmPlate	5.380028e+02	5.404112e+02	1.584735e-01
487           	OVC	-4.914900e+02	-4.904026e+02	-1.581645e-01
488           	warmPlate	5.379967e+02	5.404051e+02	1.584717e-01
488           	OVC	-4.914958e+02	-4.904083e+02	-1.581663e-01
489           	warmPlate	5.379907e+02	5.403990e+02	1.584700e-01
489           	OVC	-4.915015e+02	-4.904140e+02	-1.581681e-01
490           	warmPlate	5.379848e+02	5.403931e+02	1.584682e-01
490           	OVC	-4.915071e+02	-4.904196e+02	-1.581699e-01
491           	warmPlate	5.379789e+02	5.403872e+02	1.584665e-01
491           	OVC	-4.915126e+02	-4.904251e+02	-1.581717e-01
492           	warmPlate	5.379731e+02	5.403814e+02	1.584648e-01
492           	OVC	-4.915181e+02	-4.904306e+02	-1.581735e-01
493           	warmPlate	5.379674e+02	5.403756e+02	1.584631e-01
493           	OVC	-4.915235e+02	-4.904360e+02	-1.581752e-01
494           	warmPlate	5.379618e+02	5.403700e+02	1.584614e-01
494           	OVC	-4.915288e+02	-4.904413e+02	-1.581769e-01
495           	warmPlate	5.379562e+02	5.403643e+02	1.584598e-01
495           	OVC	-4.915341e+02	-4.904466e+02	-1.581786e-01
496           	warmPlate	5.379507e+02	5.403588e+02	1.584581e-01
496           	OVC	-4.915393e+02	-4.904518e+02	-1.581803e-01
497           	warmPlate	5.379452e+02	5.403533e+02	1.584565e-01
497           	OVC	-4.915445e+02	-4.904569e+02	-1.581820e-01
498           	warmPlate	5.379398e+02	5.403479e+02	1.584550e-01
498           	OVC	-4.915496e+02	-4.904620e+02	-1.581836e-01
499           	warmPlate	5.379345e+02	5.403426e+02	1.584534e-01
499           	OVC	-4.915546e+02	-4.904671e+02	-1.581852e-01
500           	warmPlate	5.379292e+02	5.403373e+02	1.584518e-01
500           	OVC	-4.915596e+02	-4.904720e+02	-1.581869e-01
501           	warmPlate	5.379240e+02	5.403320e+02	1.584503e-01
501           	OVC	-4.915645e+02	-4.904769e+02	-1.581884e-01
502           	warmPlate	5.379189e+02	5.403269e+02	1.584488e-01
502           	OVC	-4.915694e+02	-4.904818e+02	-1.581900e-01
503           	warmPlate	5.379138e+02	5.403218e+02	1.584473e-01
503           	OVC	-4.915742e+02	-4.904866e+02	-1.581915e-01
504           	warmPlate	5.379088e+02	5.403167e+02	1.584458e-01
504           	OVC	-4.915789e+02	-4.904913e+02	-1.581931e-01
505           	warmPlate	5.379039e+02	5.403118e+02	1.584444e-01
505           	OVC	-4.915836e+02	-4.904960e+02	-1.581946e-01
506           	warmPlate	5.378990e+02	5.403068e+02	1.584429e-01
506           	OVC	-4.915882e+02	-4.905006e+02	-1.581961e-01
507           	warmPlate	5.378941e+02	5.403020e+02	1.584415e-01
507           	OVC	-4.915928e+02	-4.905052e+02	-1.581975e-01
508           	warmPlate	5.378893e+02	5.402972e+02	1.584401e-01
508           	OVC	-4.915973e+02	-4.905097e+02	-1.581990e-01
509           	warmPlate	5.378846e+02	5.402924e+02	1.584387e-01
509           	OVC	-4.916018e+02	-4.905141e+02	-1.582004e-01
510           	warmPlate	5.378800e+02	5.402878e+02	1.584373e-01
510           	OVC	-4.916062e+02	-4.905185e+02	-1.582019e-01
511           	warmPlate	5.378753e+02	5.402831e+02	1.584360e-01
511           	OVC	-4.916106e+02	-4.905229e+02	-1.582033e-01
512           	warmPlate	5.378708e+02	5.402785e+02	1.584346e-01
512           	OVC	-4.916149e+02	-4.905272e+02	-1.582046e-01
513           	warmPlate	5.378663e+02	5.402740e+02	1.584333e-01
513           	OVC	-4.916192e+02	-4.905314e+02	-1.582060e-01
514           	warmPlate	5.378618e+02	5.402695e+02	1.584320e-01
514           	OVC	-4.916234e+02	-4.905356e+02	-1.582074e-01
515           	warmPlate	5.378574e+02	5.402651e+02	1.584307e-01
515           	OVC	-4.916275e+02	-4.905398e+02	-1.582087e-01
516           	warmPlate	5.378531e+02	5.402608e+02	1.584294e-01
516           	OVC	-4.916316e+02	-4.905439e+02	-1.582100e-01
517           	warmPlate	5.378488e+02	5.402565e+02	1.584281e-01
517           	OVC	-4.916357e+02	-4.905479e+02	-1.582113e-01
518           	warmPlate	5.378446e+02	5.402522e+02	1.584269e-01
518           	OVC	-4.916397e+02	-4.905519e+02	-1.582126e-01
519           	warmPlate	5.378404e+02	5.402480e+02	1.584257e-01
519           	OVC	-4.916437e+02	-4.905559e+02	-1.582139e-01
520           	warmPlate	5.378362e+02	5.402438e+02	1.584244e-01
520           	OVC	-4.916476e+02	-4.905598e+02	-1.582152e-01
521           	warmPlate	5.378321e+02	5.402397e+02	1.584232e-01
521           	OVC	-4.916514e+02	-4.905637e+02	-1.582164e-01
522           	warmPlate	5.378281e+02	5.402357e+02	1.584220e-01
522           	OVC	-4.916553e+02	-4.905675e+02	-1.582176e-01
523           	warmPlate	5.378241e+02	5.402316e+02	1.584209e-01
523           	OVC	-4.916590e+02	-4.905712e+02	-1.582189e-01
524           	warmPlate	5.378202e+02	5.402277e+02	1.584197e-01
524           	OVC	-4.916628e+02	-4.905750e+02	-1.582201e-01
525           	warmPlate	5.378163e+02	5.402238e+02	1.584186e-01
525           	OVC	-4.916665e+02	-4.905786e+02	-1.582212e-01
526           	warmPlate	5.378124e+02	5.402199e+02	1.584174e-01
526           	OVC	-4.916701e+02	-4.905823e+02	-1.582224e-01
527           	warmPlate	5.378086e+02	5.402161e+02	1.584163e-01
527           	OVC	-4.916737e+02	-4.905859e+02	-1.582236e-01
528           	warmPlate	5.378048e+02	5.402123e+02	1.584152e-01
528           	OVC	-4.916773e+02	-4.905894e+02	-1.582247e-01
529           	warmPlate	5.378011e+02	5.402086e+02	1.584141e-01
529           	OVC	-4.916808e+02	-4.905929e+02	-1.582259e-01
530           	warmPlate	5.377975e+02	5.402049e+02	1.584130e-01
530           	OVC	-4.916843e+02	-4.905964e+02	-1.582270e-01
531           	warmPlate	5.377938e+02	5.402012e+02	1.584119e-01
531           	OVC	-4.916877e+02	-4.905998e+02	-1.582281e-01
532           	warmPlate	5.377902e+02	5.401976e+02	1.584109e-01
532           	OVC	-4.916911e+02	-4.906032e+02	-1.582292e-01
533           	warmPlate	5.377867e+02	5.401941e+02	1.584098e-01
533           	OVC	-4.916944e+02	-4.906066e+02	-1.582302e-01
534           	warmPlate	5.377832e+02	5.401905e+02	1.584088e-01
534           	OVC	-4.916977e+02	-4.906099e+02	-1.582313e-01
535           	warmPlate	5.377797e+02	5.401871e+02	1.584078e-01
535           	OVC	-4.917010e+02	-4.906131e+02	-1.582324e-01
536           	warmPlate	5.377763e+02	5.401836e+02	1.584068e-01
536           	OVC	-4.917042e+02	-4.906163e+02	-1.582334e-01
537           	warmPlate	5.377729e+02	5.401802e+02	1.584058e-01
537           	OVC	-4.917074e+02	-4.906195e+02	-1.582344e-01
538           	warmPlate	5.377696e+02	5.401769e+02	1.584048e-01
538           	OVC	-4.917106e+02	-4.906227e+02	-1.582354e-01
539           	warmPlate	5.377663e+02	5.401736e+02	1.584038e-01
539           	OVC	-4.917137e+02	-4.906258e+02	-1.582365e-01
540           	warmPlate	5.377630e+02	5.401703e+02	1.584029e-01
540           	OVC	-4.917168e+02	-4.906289e+02	-1.582374e-01
541           	warmPlate	5.377598e+02	5.401671e+02	1.584019e-01
541           	OVC	-4.917198e+02	-4.906319e+02	-1.582384e-01
542           	warmPlate	5.377566e+02	5.401639e+02	1.584010e-01
542           	OVC	-4.917228e+02	-4.906349e+02	-1.582394e-01
543           	warmPlate	5.377535e+02	5.401607e+02	1.584001e-01
543           	OVC	-4.917258e+02	-4.906379e+02	-1.582403e-01
544           	warmPlate	5.377504e+02	5.401576e+02	1.583992e-01
544           	OVC	-4.917288e+02	-4.906408e+02	-1.582413e-01
545           	warmPlate	5.377473e+02	5.401545e+02	1.583982e-01
545           	OVC	-4.917317e+02	-4.906437e+02	-1.582422e-01
546           	warmPlate	5.377443e+02	5.401515e+02	1.583974e-01
546           	OVC	-4.917345e+02	-4.906466e+02	-1.582432e-01
547           	warmPlate	5.377413e+02	5.401485e+02	1.583965e-01
547           	OVC	-4.917374e+02	-4.906494e+02	-1.582441e-01
548           	warmPlate	5.377383e+02	5.401455e+02	1.583956e-01
548           	OVC	-4.917402e+02	-4.906522e+02	-1.582450e-01
549           	warmPlate	5.377354e+02	5.401426e+02	1.583947e-01
549           	OVC	-4.917429e+02	-4.906549e+02	-1.582459e-01
550           	warmPlate	5.377325e+02	5.401396e+02	1.583939e-01
550           	OVC	-4.917457e+02	-4.906577e+02	-1.582467e-01
551           	warmPlate	5.377297e+02	5.401368e+02	1.583930e-01
551           	OVC	-4.917484e+02	-4.906604e+02	-1.582476e-01
552           	warmPlate	5.377269e+02	5.401339e+02	1.583922e-01
552           	OVC	-4.917510e+02	-4.906630e+02	-1.582485e-01
553           	warmPlate	5.377241e+02	5.401311e+02	1.583914e-01
553           	OVC	-4.917537e+02	-4.906657e+02	-1.582493e-01
554           	warmPlate	5.377213e+02	5.401284e+02	1.583906e-01
554           	OVC	-4.917563e+02	-4.906683e+02	-1.582501e-01
555           	warmPlate	5.377186e+02	5.401256e+02	1.583898e-01
555           	OVC	-4.917588e+02	-4.906708e+02	-1.582510e-01
556           	warmPlate	5.377159e+02	5.401229e+02	1.583890e-01
556           	OVC	-4.917614e+02	-4.906734e+02	-1.582518e-01
557           	warmPlate	5.377132e+02	5.401203e+02	1.583882e-01
557           	OVC	-4.917639e+02	-4.906759e+02	-1.582526e-01
558           	warmPlate	5.377106e+02	5.401176e+02	1.583874e-01
558           	OVC	-4.917664e+02	-4.906783e+02	-1.582534e-01
559           	warmPlate	5.377080e+02	5.401150e+02	1.583867e-01
559           	OVC	-4.917688e+02	-4.906808e+02	-1.582542e-01
560           	warmPlate	5.377055e+02	5.401125e+02	1.583859e-01
560           	OVC	-4.917713e+02	-4.906832e+02	-1.582550e-01
561           	warmPlate	5.377029e+02	5.401099e+02	1.583852e-01
561           	OVC	-4.917736e+02	-4.906856e+02	-1.582557e-01
562           	warmPlate	5.377004e+02	5.401074e+02	1.583844e-01
562           	OVC	-4.917760e+02	-4.906880e+02	-1.582565e-01
563           	warmPlate	5.376980e+02	5.401049e+02	1.583837e-01
563           	OVC	-4.917784e+02	-4.906903e+02	-1.582573e-01
564           	warmPlate	5.376955e+02	5.401025e+02	1.583830e-01
564           	OVC	-4.917807e+02	-4.906926e+02	-1.582580e-01
565           	warmPlate	5.376931e+02	5.401000e+02	1.583823e-01
565           	OVC	-4.917829e+02	-4.906949e+02	-1.582587e-01
566           	warmPlate	5.376907e+02	5.400976e+02	1.583816e-01
566           	OVC	-4.917852e+02	-4.906971e+02	-1.582595e-01
567           	warmPlate	5.376884e+02	5.400953e+02	1.583809e-01
567           	OVC	-4.917874e+02	-4.906994e+02	-1.582602e-01
568           	warmPlate	5.376860e+02	5.400929e+02	1.583802e-01
568           	OVC	-4.917896e+02	-4.907016e+02	-1.582609e-01
569           	warmPlate	5.376837e+02	5.400906e+02	1.583795e-01
569           	OVC	-4.917918e+02	-4.907037e+02	-1.582616e-01
570           	warmPlate	5.376814e+02	5.400883e+02	1.583788e-01
570           	OVC	-4.917940e+02	-4.907059e+02	-1.582623e-01
571           	warmPlate	5.376792e+02	5.400861e+02	1.583782e-01
571           	OVC	-4.917961e+02	-4.907080e+02	-1.582630e-01
572           	warmPlate	5.376770e+02	5.400838e+02	1.583775e-01
572           	OVC	-4.917982e+02	-4.907101e+02	-1.582636e-01
573           	warmPlate	5.376748e+02	5.400816e+02	1.583769e-01
573           	OVC	-4.918003e+02	-4.907122e+02	-1.582643e-01
574           	warmPlate	5.376726e+02	5.400795e+02	1.583762e-01
574           	OVC	-4.918023e+02	-4.907142e+02	-1.582650e-01
575           	warmPlate	5.376705e+02	5.400773e+02	1.583756e-01
575           	OVC	-4.918043e+02	-4.907162e+02	-1.582656e-01
576           	warmPlate	5.376684e+02	5.400752e+02	1.583750e-01
576           	OVC	-4.918063e+02	-4.907182e+02	-1.582663e-01
577           	warmPlate	5.376663e+02	5.400731e+02	1.583744e-01
577           	OVC	-4.918083e+02	-4.907202e+02	-1.582669e-01
578           	warmPlate	5.376642e+02	5.400710e+02	1.583738e-01
578           	OVC	-4.918103e+02	-4.907221e+02	-1.582675e-01
579           	warmPlate	5.376622e+02	5.400690e+02	1.583732e-01
579           	OVC	-4.918122e+02	-4.907241e+02	-1.582682e-01
580           	warmPlate	5.376601e+02	5.400669e+02	1.583726e-01
580           	OVC	-4.918141e+02	-4.907260e+02	-1.582688e-01
581           	warmPlate	5.376582e+02	5.400649e+02	1.583720e-01
581           	OVC	-4.918160e+02	-4.907279e+02	-1.582694e-01
582           	warmPlate	5.376562e+02	5.400629e+02	1.583714e-01
582           	OVC	-4.918179e+02	-4.907297e+02	-1.582700e-01
583           	warmPlate	5.376542e+02	5.400610e+02	1.583708e-01
583           	OVC	-4.918197e+02	-4.907316e+02	-1.582706e-01
584           	warmPlate	5.376523e+02	5.400591e+02	1.583703e-01
584           	OVC	-4.918215e+02	-4.907334e+02	-1.582712e-01
585           	warmPlate	5.376504e+02	5.400572e+02	1.583697e-01
585           	OVC	-4.918233e+02	-4.907352e+02	-1.582717e-01
586           	warmPlate	5.376485e+02	5.400553e+02	1.583691e-01
586           	OVC	-4.918251e+02	-4.907369e+02	-1.582723e-01
587           	warmPlate	5.376467e+02	5.400534e+02	1.583686e-01
587           	OVC	-4.918268e+02	-4.907387e+02	-1.582729e-01
588           	warmPlate	5.376448e+02	5.400516e+02	1.583681e-01
588           	OVC	-4.918286e+02	-4.907404e+02	-1.582734e-01
589           	warmPlate	5.376430e+02	5.400497e+02	1.583675e-01
589           	OVC	-4.918303e+02	-4.907421e+02	-1.582740e-01
590           	warmPlate	5.376412e+02	5.400479e+02	1.583670e-01
590           	OVC	-4.918320e+02	-4.907438e+02	-1.582745e-01
591           	warmPlate	5.376395e+02	5.400462e+02	1.583665e-01
591           	OVC	-4.918336e+02	-4.907455e+02	-1.582751e-01
592           	warmPlate	5.376377e+02	5.400444e+02	1.583660e-01
592           	OVC	-4.918353e+02	-4.907471e+02	-1.582756e-01
593           	warmPlate	5.376360e+02	5.400427e+02	1.583654e-01
593           	OVC	-4.918369e+02	-4.907488e+02	-1.582761e-01
594           	warmPlate	5.376343e+02	5.400410e+02	1.583649e-01
594           	OVC	-4.918385e+02	-4.907504e+02	-1.582766e-01
595           	warmPlate	5.376326e+02	5.400393e+02	1.583645e-01
595           	OVC	-4.918401e+02	-4.907520e+02	-1.582771e-01
596           	warmPlate	5.376310e+02	5.400376e+02	1.583640e-01
596           	OVC	-4.918417e+02	-4.907535e+02	-1.582777e-01
597           	warmPlate	5.376293e+02	5.400359e+02	1.583635e-01
597           	OVC	-4.918433e+02	-4.907551e+02	-1.582782e-01
598           	warmPlate	5.376277e+02	5.400343e+02	1.583630e-01
598           	OVC	-4.918448e+02	-4.907566e+02	-1.582786e-01
599           	warmPlate	5.376261e+02	5.400327e+02	1.583625e-01
599           	OVC	-4.918463e+02	-4.907581e+02	-1.582791e-01
600           	warmPlate	5.376245e+02	5.400311e+02	1.583621e-01
600           	OVC	-4.918478e+02	-4.907596e+02	-1.582796e-01
601           	warmPlate	5.376229e+02	5.400295e+02	1.583616e-01
601           	OVC	-4.918493e+02	-4.907611e+02	-1.582801e-01
602           	warmPlate	5.376214e+02	5.400280e+02	1.583611e-01
602           	OVC	-4.918508e+02	-4.907626e+02	-1.582806e-01
603           	warmPlate	5.376198e+02	5.400264e+02	1.583607e-01
603           	OVC	-4.918522e+02	-4.907640e+02	-1.582810e-01
604           	warmPlate	5.376183e+02	5.400249e+02	1.583602e-01
604           	OVC	-4.918537e+02	-4.907654e+02	-1.582815e-01
605           	warmPlate	5.376168e+02	5.400234e+02	1.583598e-01
605           	OVC	-4.918551e+02	-4.907669e+02	-1.582820e-01
606           	warmPlate	5.376154e+02	5.400219e+02	1.583594e-01
606           	OVC	-4.918565e+02	-4.907682e+02	-1.582824e-01
607           	warmPlate	5.376139e+02	5.400205e+02	1.583589e-01
607           	OVC	-4.918578e+02	-4.907696e+02	-1.582828e-01
608           	warmPlate	5.376125e+02	5.400190e+02	1.583585e-01
608           	OVC	-4.918592e+02	-4.907710e+02	-1.582833e-01
609           	warmPlate	5.376110e+02	5.400176e+02	1.583581e-01
609           	OVC	-4.918606e+02	-4.907723e+02	-1.582837e-01
610           	warmPlate	5.376096e+02	5.400162e+02	1.583577e-01
610           	OVC	-4.918619e+02	-4.907737e+02	-1.582841e-01
611           	warmPlate	5.376082e+02	5.400148e+02	1.583573e-01
611           	OVC	-4.918632e+02	-4.907750e+02	-1.582846e-01
612           	warmPlate	5.376069e+02	5.400134e+02	1.583569e-01
612           	OVC	-4.918645e+02	-4.907763e+02	-1.582850e-01
613           	warmPlate	5.376055e+02	5.400120e+02	1.583565e-01
613           	OVC	-4.918658e+02	-4.907775e+02	-1.582854e-01
614           	warmPlate	5.376042e+02	5.400107e+02	1.583561e-01
614           	OVC	-4.918671e+02	-4.907788e+02	-1.582858e-01
615           	warmPlate	5.376028e+02	5.400093e+02	1.583557e-01
615           	OVC	-4.918683e+02	-4.907801e+02	-1.582862e-01
616           	warmPlate	5.376015e+02	5.400080e+02	1.583553e-01
616           	OVC	-4.918695e+02	-4.907813e+02	-1.582866e-01
617           	warmPlate	5.376002e+02	5.400067e+02	1.583549e-01
617           	OVC	-4.918708e+02	-4.907825e+02	-1.582870e-01
618           	warmPlate	5.375989e+02	5.400054e+02	1.583545e-01
618           	OVC	-4.918720e+02	-4.907837e+02	-1.582874e-01
619           	warmPlate	5.375977e+02	5.400042e+02	1.583542e-01
619           	OVC	-4.918732e+02	-4.907849e+02	-1.582878e-01
620           	warmPlate	5.375964e+02	5.400029e+02	1.583538e-01
620           	OVC	-4.918744e+02	-4.907861e+02	-1.582882e-01
621           	warmPlate	5.375952e+02	5.400017e+02	1.583534e-01
621           	OVC	-4.918755e+02	-4.907873e+02	-1.582885e-01
622           	warmPlate	5.375940e+02	5.400004e+02	1.583531e-01
622           	OVC	-4.918767e+02	-4.907884e+02	-1.582889e-01
623           	warmPlate	5.375928e+02	5.399992e+02	1.583527e-01
623           	OVC	-4.918778e+02	-4.907896e+02	-1.582893e-01
624           	warmPlate	5.375916e+02	5.399980e+02	1.583524e-01
624           	OVC	-4.918789e+02	-4.907907e+02	-1.582896e-01
625           	warmPlate	5.375904e+02	5.399969e+02	1.583520e-01
625           	OVC	-4.918801e+02	-4.907918e+02	-1.582900e-01
626           	warmPlate	5.375892e+02	5.399957e+02	1.583517e-01
626           	OVC	-4.918812e+02	-4.907929e+02	-1.582903e-01
627           	warmPlate	5.375881e+02	5.399945e+02	1.583513e-01
627           	OVC	-4.918822e+02	-4.907940e+02	-1.582907e-01
628           	warmPlate	5.375870e+02	5.399934e+02	1.583510e-01
628           	OVC	-4.918833e+02	-4.907950e+02	-1.582910e-01
629           	warmPlate	5.375858e+02	5.399923e+02	1.583507e-01
629           	OVC	-4.918844e+02	-4.907961e+02	-1.582914e-01
630           	warmPlate	5.375847e+02	5.399912e+02	1.583503e-01
630           	OVC	-4.918854e+02	-4.907971e+02	-1.582917e-01
631           	warmPlate	5.375836e+02	5.399901e+02	1.583500e-01
631           	OVC	-4.918865e+02	-4.907982e+02	-1.582921e-01
632           	warmPlate	5.375826e+02	5.399890e+02	1.583497e-01
632           	OVC	-4.918875e+02	-4.907992e+02	-1.582924e-01
633           	warmPlate	5.375815e+02	5.399879e+02	1.583494e-01
633           	OVC	-4.918885e+02	-4.908002e+02	-1.582927e-01
634           	warmPlate	5.375804e+02	5.399868e+02	1.583491e-01
634           	OVC	-4.918895e+02	-4.908012e+02	-1.582930e-01
635           	warmPlate	5.375794e+02	5.399858e+02	1.583488e-01
635           	OVC	-4.918905e+02	-4.908022e+02	-1.582933e-01
636           	warmPlate	5.375784e+02	5.399848e+02	1.583485e-01
636           	OVC	-4.918915e+02	-4.908032e+02	-1.582937e-01
637           	warmPlate	5.375773e+02	5.399837e+02	1.583482e-01
637           	OVC	-4.918924e+02	-4.908041e+02	-1.582940e-01
638           	warmPlate	5.375763e+02	5.399827e+02	1.583479e-01
638           	OVC	-4.918934e+02	-4.908051e+02	-1.582943e-01
639           	warmPlate	5.375753e+02	5.399817e+02	1.583476e-01
639           	OVC	-4.918943e+02	-4.908060e+02	-1.582946e-01
640           	warmPlate	5.375743e+02	5.399807e+02	1.583473e-01
640           	OVC	-4.918952e+02	-4.908069e+02	-1.582949e-01
641           	warmPlate	5.375734e+02	5.399798e+02	1.583470e-01
641           	OVC	-4.918962e+02	-4.908079e+02	-1.582952e-01
642           	warmPlate	5.375724e+02	5.399788e+02	1.583467e-01
642           	OVC	-4.918971e+02	-4.908088e+02	-1.582955e-01
643           	warmPlate	5.375715e+02	5.399778e+02	1.583464e-01
643           	OVC	-4.918980e+02	-4.908097e+02	-1.582958e-01
644           	warmPlate	5.375705e+02	5.399769e+02	1.583462e-01
644           	OVC	-4.918988e+02	-4.908105e+02	-1.582960e-01
645           	warmPlate	5.375696e+02	5.399760e+02	1.583459e-01
645           	OVC	-4.918997e+02	-4.908114e+02	-1.582963e-01
646           	warmPlate	5.375687e+02	5.399750e+02	1.583456e-01
646           	OVC	-4.919006e+02	-4.908123e+02	-1.582966e-01
647           	warmPlate	5.375678e+02	5.399741e+02	1.583454e-01
647           	OVC	-4.919014e+02	-4.908131e+02	-1.582969e-01
648           	warmPlate	5.375669e+02	5.399732e+02	1.583451e-01
648           	OVC	-4.919023e+02	-4.908140e+02	-1.582971e-01
649           	warmPlate	5.375660e+02	5.399724e+02	1.583448e-01
649           	OVC	-4.919031e+02	-4.908148e+02	-1.582974e-01
650           	warmPlate	5.375651e+02	5.399715e+02	1.583446e-01
650           	OVC	-4.919039e+02	-4.908156e+02	-1.582977e-01
651           	warmPlate	5.375643e+02	5.399706e+02	1.583443e-01
651           	OVC	-4.919048e+02	-4.908164e+02	-1.582979e-01
652           	warmPlate	5.375634e+02	5.399698e+02	1.583441e-01
652           	OVC	-4.919056e+02	-4.908172e+02	-1.582982e-01
653           	warmPlate	5.375626e+02	5.399689e+02	1.583438e-01
653           	OVC	-4.919064e+02	-4.908180e+02	-1.582985e-01
654           	warmPlate	5.375618e+02	5.399681e+02	1.583436e-01
654           	OVC	-4.919071e+02	-4.908188e+02	-1.582987e-01
655           	warmPlate	5.375609e+02	5.399673e+02	1.583433e-01
655           	OVC	-4.919079e+02	-4.908196e+02	-1.582990e-01
656           	warmPlate	5.375601e+02	5.399664e+02	1.583431e-01
656           	OVC	-4.919087e+02	-4.908204e+02	-1.582992e-01
657           	warmPlate	5.375593e+02	5.399656e+02	1.583429e-01
657           	OVC	-4.919094e+02	-4.908211e+02	-1.582995e-01
658           	warmPlate	5.375585e+02	5.399648e+02	1.583426e-01
658           	OVC	-4.919102e+02	-4.908219e+02	-1.582997e-01
659           	warmPlate	5.375577e+02	5.399641e+02	1.583424e-01
659           	OVC	-4.919109e+02	-4.908226e+02	-1.582999e-01
660           	warmPlate	5.375570e+02	5.399633e+02	1.583422e-01
660           	OVC	-4.919117e+02	-4.908233e+02	-1.583002e-01
661           	warmPlate	5.375562e+02	5.399625e+02	1.583419e-01
661           	OVC	-4.919124e+02	-4.908240e+02	-1.583004e-01
662           	warmPlate	5.375555e+02	5.399618e+02	1.583417e-01
662           	OVC	-4.919131e+02	-4.908248e+02	-1.583006e-01
663           	warmPlate	5.375547e+02	5.399610e+02	1.583415e-01
663           	OVC	-4.919138e+02	-4.908255e+02	-1.583009e-01
664           	warmPlate	5.375540e+02	5.399603e+02	1.583413e-01
664           	OVC	-4.919145e+02	-4.908262e+02	-1.583011e-01
665           	warmPlate	5.375532e+02	5.399595e+02	1.583411e-01
665           	OVC	-4.919152e+02	-4.908268e+02	-1.583013e-01
666           	warmPlate	5.375525e+02	5.399588e+02	1.583409e-01
666           	OVC	-4.919159e+02	-4.908275e+02	-1.583015e-01
667           	warmPlate	5.375518e+02	5.399581e+02	1.583406e-01
667           	OVC	-4.919165e+02	-4.908282e+02	-1.583017e-01
668           	warmPlate	5.375511e+02	5.399574e+02	1.583404e-01
668           	OVC	-4.919172e+02	-4.908289e+02	-1.583020e-01
669           	warmPlate	5.375504e+02	5.399567e+02	1.583402e-01
669           	OVC	-4.919179e+02	-4.908295e+02	-1.583022e-01
670           	warmPlate	5.375497e+02	5.399560e+02	1.583400e-01
670           	OVC	-4.919185e+02	-4.908302e+02	-1.583024e-01
671           	warmPlate	5.375491e+02	5.399553e+02	1.583398e-01
671           	OVC	-4.919192e+02	-4.908308e+02	-1.583026e-01
672           	warmPlate	5.375484e+02	5.399546e+02	1.583396e-01
672           	OVC	-4.919198e+02	-4.908314e+02	-1.583028e-01
673           	warmPlate	5.375477e+02	5.399540e+02	1.583394e-01
673           	OVC	-4.919204e+02	-4.908321e+02	-1.583030e-01
674           	warmPlate	5.375471e+02	5.399533e+02	1.583392e-01
674           	OVC	-4.919210e+02	-4.908327e+02	-1.583032e-01
675           	warmPlate	5.375464e+02	5.399527e+02	1.583391e-01
675           	OVC	-4.919216e+02	-4.908333e+02	-1.583034e-01
676           	warmPlate	5.375458e+02	5.399520e+02	1.583389e-01
676           	OVC	-4.919222e+02	-4.908339e+02	-1.583036e-01
677           	warmPlate	5.375451e+02	5.399514e+02	1.583387e-01
677           	OVC	-4.919228e+02	-4.908345e+02	-1.583038e-01
678           	warmPlate	5.375445e+02	5.399508e+02	1.583385e-01
678           	OVC	-4.919234e+02	-4.908351e+02	-1.583040e-01
679           	warmPlate	5.375439e+02	5.399502e+02	1.583383e-01
679           	OVC	-4.919240e+02	-4.908357e+02	-1.583041e-01
680           	warmPlate	5.375433e+02	5.399495e+02	1.583381e-01
680           	OVC	-4.919246e+02	-4.908362e+02	-1.583043e-01
681           	warmPlate	5.375427e+02	5.399489e+02	1.583380e-01
681           	OVC	-4.919252e+02	-4.908368e+02	-1.583045e-01
682           	warmPlate	5.375421e+02	5.399483e+02	1.583378e-01
682           	OVC	-4.919257e+02	-4.908374e+02	-1.583047e-01
683           	warmPlate	5.375415e+02	5.399478e+02	1.583376e-01
683           	OVC	-4.919263e+02	-4.908379e+02	-1.583049e-01
684           	warmPlate	5.375409e+02	5.399472e+02	1.583374e-01
684           	OVC	-4.919268e+02	-4.908385e+02	-1.583050e-01
685           	warmPlate	5.375404e+02	5.399466e+02	1.583373e-01
685           	OVC	-4.919274e+02	-4.908390e+02	-1.583052e-01
686           	warmPlate	5.375398e+02	5.399460e+02	1.583371e-01
686           	OVC	-4.919279e+02	-4.908395e+02	-1.583054e-01
687           	warmPlate	5.375392e+02	5.399455e+02	1.583369e-01
687           	OVC	-4.919284e+02	-4.908401e+02	-1.583056e-01
688           	warmPlate	5.375387e+02	5.399449e+02	1.583368e-01
688           	OVC	-4.919289e+02	-4.908406e+02	-1.583057e-01
689           	warmPlate	5.375381e+02	5.399444e+02	1.583366e-01
689           	OVC	-4.919295e+02	-4.908411e+02	-1.583059e-01
690           	warmPlate	5.375376e+02	5.399438e+02	1.583365e-01
690           	OVC	-4.919300e+02	-4.908416e+02	-1.583061e-01
691           	warmPlate	5.375371e+02	5.399433e+02	1.583363e-01
691           	OVC	-4.919305e+02	-4.908421e+02	-1.583062e-01
692           	warmPlate	5.375365e+02	5.399427e+02	1.583361e-01
692           	OVC	-4.919310e+02	-4.908426e+02	-1.583064e-01
693           	warmPlate	5.375360e+02	5.399422e+02	1.583360e-01
693           	OVC	-4.919315e+02	-4.908431e+02	-1.583065e-01
694           	warmPlate	5.375355e+02	5.399417e+02	1.583358e-01
694           	OVC	-4.919320e+02	-4.908436e+02	-1.583067e-01
695           	warmPlate	5.375350e+02	5.399412e+02	1.583357e-01
695           	OVC	-4.919324e+02	-4.908441e+02	-1.583069e-01
696           	warmPlate	5.375345e+02	5.399407e+02	1.583355e-01
696           	OVC	-4.919329e+02	-4.908445e+02	-1.583070e-01
697           	warmPlate	5.375340e+02	5.399402e+02	1.583354e-01
697           	OVC	-4.919334e+02	-4.908450e+02	-1.583072e-01
698           	warmPlate	5.375335e+02	5.399397e+02	1.583353e-01
698           	OVC	-4.919338e+02	-4.908455e+02	-1.583073e-01
699           	warmPlate	5.375330e+02	5.399392e+02	1.583351e-01
699           	OVC	-4.919343e+02	-4.908459e+02	-1.583075e-01
700           	warmPlate	5.375325e+02	5.399387e+02	1.583350e-01
700           	OVC	-4.919348e+02	-4.908464e+02	-1.583076e-01
701           	warmPlate	5.375321e+02	5.399383e+02	1.583348e-01
701           	OVC	-4.919352e+02	-4.908468e+02	-1.583077e-01
702           	warmPlate	5.375316e+02	5.399378e+02	1.583347e-01
702           	OVC	-4.919356e+02	-4.908473e+02	-1.583079e-01
703           	warmPlate	5.375311e+02	5.399373e+02	1.583346e-01
703           	OVC	-4.919361e+02	-4.908477e+02	-1.583080e-01
704           	warmPlate	5.375307e+02	5.399369e+02	1.583344e-01
704           	OVC	-4.919365e+02	-4.908481e+02	-1.583082e-01
705           	warmPlate	5.375302e+02	5.399364e+02	1.583343e-01
705           	OVC	-4.919369e+02	-4.908486e+02	-1.583083e-01
706           	warmPlate	5.375298e+02	5.399360e+02	1.583342e-01
706           	OVC	-4.919374e+02	-4.908490e+02	-1.583084e-01
707           	warmPlate	5.375293e+02	5.399355e+02	1.583340e-01
707           	OVC	-4.919378e+02	-4.908494e+02	-1.583086e-01
708           	warmPlate	5.375289e+02	5.399351e+02	1.583339e-01
708           	OVC	-4.919382e+02	-4.908498e+02	-1.583087e-01
709           	warmPlate	5.375285e+02	5.399347e+02	1.583338e-01
709           	OVC	-4.919386e+02	-4.908502e+02	-1.583088e-01
710           	warmPlate	5.375281e+02	5.399342e+02	1.583336e-01
710           	OVC	-4.919390e+02	-4.908506e+02	-1.583090e-01
711           	warmPlate	5.375276e+02	5.399338e+02	1.583335e-01
711           	OVC	-4.919394e+02	-4.908510e+02	-1.583091e-01
712           	warmPlate	5.375272e+02	5.399334e+02	1.583334e-01
712           	OVC	-4.919398e+02	-4.908514e+02	-1.583092e-01
713           	warmPlate	5.375268e+02	5.399330e+02	1.583333e-01
713           	OVC	-4.919402e+02	-4.908518e+02	-1.583093e-01
714           	warmPlate	5.375264e+02	5.399326e+02	1.583332e-01
714           	OVC	-4.919406e+02	-4.908522e+02	-1.583095e-01
715           	warmPlate	5.375260e+02	5.399322e+02	1.583330e-01
715           	OVC	-4.919409e+02	-4.908525e+02	-1.583096e-01
716           	warmPlate	5.375256e+02	5.399318e+02	1.583329e-01
716           	OVC	-4.919413e+02	-4.908529e+02	-1.583097e-01
717           	warmPlate	5.375252e+02	5.399314e+02	1.583328e-01
717           	OVC	-4.919417e+02	-4.908533e+02	-1.583098e-01
718           	warmPlate	5.375248e+02	5.399310e+02	1.583327e-01
718           	OVC	-4.919420e+02	-4.908536e+02	-1.583099e-01
719           	warmPlate	5.375245e+02	5.399306e+02	1.583326e-01
719           	OVC	-4.919424e+02	-4.908540e+02	-1.583101e-01
720           	warmPlate	5.375241e+02	5.399302e+02	1.583325e-01
720           	OVC	-4.919428e+02	-4.908544e+02	-1.583102e-01
721           	warmPlate	5.375237e+02	5.399299e+02	1.583324e-01
721           	OVC	-4.919431e+02	-4.908547e+02	-1.583103e-01
722           	warmPlate	5.375233e+02	5.399295e+02	1.583323e-01
722           	OVC	-4.919435e+02	-4.908551e+02	-1.583104e-01
723           	warmPlate	5.375230e+02	5.399291e+02	1.583322e-01
723           	OVC	-4.919438e+02	-4.908554e+02	-1.583105e-01
724           	warmPlate	5.375226e+02	5.399288e+02	1.583320e-01
724           	OVC	-4.919441e+02	-4.908557e+02	-1.583106e-01
725           	warmPlate	5.375223e+02	5.399284e+02	1.583319e-01
725           	OVC	-4.919445e+02	-4.908561e+02	-1.583107e-01
726           	warmPlate	5.375219e+02	5.399281e+02	1.583318e-01
726           	OVC	-4.919448e+02	-4.908564e+02	-1.583108e-01
727           	warmPlate	5.375216e+02	5.399277e+02	1.583317e-01
727           	OVC	-4.919451e+02	-4.908567e+02	-1.583109e-01
728           	warmPlate	5.375212e+02	5.399274e+02	1.583316e-01
728           	OVC	-4.919455e+02	-4.908571e+02	-1.583110e-01
729           	warmPlate	5.375209e+02	5.399270e+02	1.583315e-01
729           	OVC	-4.919458e+02	-4.908574e+02	-1.583111e-01
730           	warmPlate	5.375205e+02	5.399267e+02	1.583314e-01
730           	OVC	-4.919461e+02	-4.908577e+02	-1.583113e-01
731           	warmPlate	5.375202e+02	5.399264e+02	1.583313e-01
731           	OVC	-4.919464e+02	-4.908580e+02	-1.583114e-01
732           	warmPlate	5.375199e+02	5.399260e+02	1.583312e-01
732           	OVC	-4.919467e+02	-4.908583e+02	-1.583115e-01
733           	warmPlate	5.375196e+02	5.399257e+02	1.583311e-01
733           	OVC	-4.919470e+02	-4.908586e+02	-1.583115e-01
734           	warmPlate	5.375193e+02	5.399254e+02	1.583311e-01
734           	OVC	-4.919473e+02	-4.908589e+02	-1.583116e-01
735           	warmPlate	5.375189e+02	5.399251e+02	1.583310e-01
735           	OVC	-4.919476e+02	-4.908592e+02	-1.583117e-01
736           	warmPlate	5.375186e+02	5.399248e+02	1.583309e-01
736           	OVC	-4.919479e+02	-4.908595e+02	-1.583118e-01
737           	warmPlate	5.375183e+02	5.399244e+02	1.583308e-01
737           	OVC	-4.919482e+02	-4.908598e+02	-1.583119e-01
738           	warmPlate	5.375180e+02	5.399241e+02	1.583307e-01
738           	OVC	-4.919485e+02	-4.908601e+02	-1.583120e-01
739           	warmPlate	5.375177e+02	5.399238e+02	1.583306e-01
739           	OVC	-4.919488e+02	-4.908604e+02	-1.583121e-01
740           	warmPlate	5.375174e+02	5.399235e+02	1.583305e-01
740           	OVC	-4.919491e+02	-4.908606e+02	-1.583122e-01
741           	warmPlate	5.375171e+02	5.399232e+02	1.583304e-01
741           	OVC	-4.919493e+02	-4.908609e+02	-1.583123e-01
742           	warmPlate	5.375168e+02	5.399230e+02	1.583303e-01
742           	OVC	-4.919496e+02	-4.908612e+02	-1.583124e-01
743           	warmPlate	5.375166e+02	5.399227e+02	1.583303e-01
743           	OVC	-4.919499e+02	-4.908614e+02	-1.583125e-01
744           	warmPlate	5.375163e+02	5.399224e+02	1.583302e-01
744           	OVC	-4.919501e+02	-4.908617e+02	-1.583125e-01
745           	warmPlate	5.375160e+02	5.399221e+02	1.583301e-01
745           	OVC	-4.919504e+02	-4.908620e+02	-1.583126e-01
746           	warmPlate	5.375158e+02	5.399219e+02	1.583300e-01
746           	OVC	-4.919506e+02	-4.908622e+02	-1.583127e-01
747           	warmPlate	5.375155e+02	5.399216e+02	1.583299e-01
747           	OVC	-4.919509e+02	-4.908625e+02	-1.583128e-01
748           	warmPlate	5.375152e+02	5.399213e+02	1.583299e-01
748           	OVC	-4.919511e+02	-4.908627e+02	-1.583129e-01
749           	warmPlate	5.375150e+02	5.399211e+02	1.583298e-01
749           	OVC	-4.919514e+02	-4.908629e+02	-1.583129e-01
750           	warmPlate	5.375147e+02	5.399208e+02	1.583297e-01
750           	OVC	-4.919516e+02	-4.908632e+02	-1.583130e-01
751           	warmPlate	5.375145e+02	5.399206e+02	1.583296e-01
751           	OVC	-4.919518e+02	-4.908634e+02	-1.583131e-01
752           	warmPlate	5.375142e+02	5.399203e+02	1.583296e-01
752           	OVC	-4.919521e+02	-4.908637e+02	-1.583132e-01
753           	warmPlate	5.375140e+02	5.399201e+02	1.583295e-01
753           	OVC	-4.919523e+02	-4.908639e+02	-1.583133e-01
754           	warmPlate	5.375137e+02	5.399198e+02	1.583294e-01
754           	OVC	-4.919525e+02	-4.908641e+02	-1.583133e-01
755           	warmPlate	5.375135e+02	5.399196e+02	1.583294e-01
755           	OVC	-4.919528e+02	-4.908644e+02	-1.583134e-01
756           	warmPlate	5.375132e+02	5.399193e+02	1.583293e-01
756           	OVC	-4.919530e+02	-4.908646e+02	-1.583135e-01
757           	warmPlate	5.375130e+02	5.399191e+02	1.583292e-01
757           	OVC	-4.919532e+02	-4.908648e+02	-1.583135e-01
758           	warmPlate	5.375128e+02	5.399189e+02	1.583291e-01
758           	OVC	-4.919534e+02	-4.908650e+02	-1.583136e-01
759           	warmPlate	5.375125e+02	5.399186e+02	1.583291e-01
759           	OVC	-4.919537e+02	-4.908652e+02	-1.583137e-01
760           	warmPlate	5.375123e+02	5.399184e+02	1.583290e-01
760           	OVC	-4.919539e+02	-4.908654e+02	-1.583138e-01
761           	warmPlate	5.375121e+02	5.399182e+02	1.583289e-01
761           	OVC	-4.919541e+02	-4.908657e+02	-1.583138e-01
762           	warmPlate	5.375119e+02	5.399180e+02	1.583289e-01
762           	OVC	-4.919543e+02	-4.908659e+02	-1.583139e-01
763           	warmPlate	5.375117e+02	5.399177e+02	1.583288e-01
763           	OVC	-4.919545e+02	-4.908661e+02	-1.583140e-01
764           	warmPlate	5.375114e+02	5.399175e+02	1.583288e-01
764           	OVC	-4.919547e+02	-4.908663e+02	-1.583140e-01
765           	warmPlate	5.375112e+02	5.399173e+02	1.583287e-01
765           	OVC	-4.919549e+02	-4.908665e+02	-1.583141e-01
766           	warmPlate	5.375110e+02	5.399171e+02	1.583286e-01
766           	OVC	-4.919551e+02	-4.908667e+02	-1.583142e-01
767           	warmPlate	5.375108e+02	5.399169e+02	1.583286e-01
767           	OVC	-4.919553e+02	-4.908669e+02	-1.583142e-01
768           	warmPlate	5.375106e+02	5.399167e+02	1.583285e-01
768           	OVC	-4.919555e+02	-4.908671e+02	-1.583143e-01
769           	warmPlate	5.375104e+02	5.399165e+02	1.583284e-01
769           	OVC	-4.919557e+02	-4.908673e+02	-1.583143e-01
770           	warmPlate	5.375102e+02	5.399163e+02	1.583284e-01
770           	OVC	-4.919559e+02	-4.908675e+02	-1.583144e-01
771           	warmPlate	5.375100e+02	5.399161e+02	1.583283e-01
771           	OVC	-4.919561e+02	-4.908676e+02	-1.583145e-01
772           	warmPlate	5.375098e+02	5.399159e+02	1.583283e-01
772           	OVC	-4.919562e+02	-4.908678e+02	-1.583145e-01
773           	warmPlate	5.375096e+02	5.399157e+02	1.583282e-01
773           	OVC	-4.919564e+02	-4.908680e+02	-1.583146e-01
774           	warmPlate	5.375094e+02	5.399155e+02	1.583282e-01
774           	OVC	-4.919566e+02	-4.908682e+02	-1.583146e-01
775           	warmPlate	5.375093e+02	5.399153e+02	1.583281e-01
775           	OVC	-4.919568e+02	-4.908683e+02	-1.583147e-01
776           	warmPlate	5.375091e+02	5.399152e+02	1.583281e-01
776           	OVC	-4.919569e+02	-4.908685e+02	-1.583147e-01
777           	warmPlate	5.375089e+02	5.399150e+02	1.583280e-01
777           	OVC	-4.919571e+02	-4.908687e+02	-1.583148e-01
778           	warmPlate	5.375087e+02	5.399148e+02	1.583280e-01
778           	OVC	-4.919573e+02	-4.908688e+02	-1.583148e-01
779           	warmPlate	5.375085e+02	5.399146e+02	1.583279e-01
779           	OVC	-4.919574e+02	-4.908690e+02	-1.583149e-01
780           	warmPlate	5.375084e+02	5.399145e+02	1.583278e-01
780           	OVC	-4.919576e+02	-4.908692e+02	-1.583150e-01
781           	warmPlate	5.375082e+02	5.399143e+02	1.583278e-01
781           	OVC	-4.919578e+02	-4.908693e+02	-1.583150e-01
782           	warmPlate	5.375080e+02	5.399141e+02	1.583277e-01
782           	OVC	-4.919579e+02	-4.908695e+02	-1.583151e-01
783           	warmPlate	5.375079e+02	5.399139e+02	1.583277e-01
783           	OVC	-4.919581e+02	-4.908696e+02	-1.583151e-01
784           	warmPlate	5.375077e+02	5.399138e+02	1.583277e-01
784           	OVC	-4.919582e+02	-4.908698e+02	-1.583152e-01
785           	warmPlate	5.375075e+02	5.399136e+02	1.583276e-01
785           	OVC	-4.919584e+02	-4.908700e+02	-1.583152e-01
786           	warmPlate	5.375074e+02	5.399135e+02	1.583276e-01
786           	OVC	-4.919585e+02	-4.908701e+02	-1.583153e-01
787           	warmPlate	5.375072e+02	5.399133e+02	1.583275e-01
787           	OVC	-4.919587e+02	-4.908703e+02	-1.583153e-01
788           	warmPlate	5.375071e+02	5.399131e+02	1.583275e-01
788           	OVC	-4.919588e+02	-4.908704e+02	-1.583154e-01
789           	warmPlate	5.375069e+02	5.399130e+02	1.583274e-01
789           	OVC	-4.919590e+02	-4.908706e+02	-1.583154e-01
790           	warmPlate	5.375067e+02	5.399128e+02	1.583274e-01
790           	OVC	-4.919591e+02	-4.908707e+02	-1.583155e-01
791           	warmPlate	5.375066e+02	5.399127e+02	1.583273e-01
791           	OVC	-4.919593e+02	-4.908708e+02	-1.583155e-01
792           	warmPlate	5.375064e+02	5.399125e+02	1.583273e-01
792           	OVC	-4.919594e+02	-4.908710e+02	-1.583155e-01
793           	warmPlate	5.375063e+02	5.399124e+02	1.583272e-01
793           	OVC	-4.919596e+02	-4.908711e+02	-1.583156e-01
794           	warmPlate	5.375061e+02	5.399122e+02	1.583272e-01
794           	OVC	-4.919597e+02	-4.908713e+02	-1.583156e-01
795           	warmPlate	5.375060e+02	5.399121e+02	1.583271e-01
795           	OVC	-4.919598e+02	-4.908714e+02	-1.583157e-01
796           	warmPlate	5.375059e+02	5.399119e+02	1.583271e-01
796           	OVC	-4.919600e+02	-4.908715e+02	-1.583157e-01
797           	warmPlate	5.375057e+02	5.399118e+02	1.583271e-01
797           	OVC	-4.919601e+02	-4.908717e+02	-1.583158e-01
798           	warmPlate	5.375056e+02	5.399116e+02	1.583270e-01
798           	OVC	-4.919602e+02	-4.908718e+02	-1.583158e-01
799           	warmPlate	5.375054e+02	5.399115e+02	1.583270e-01
799           	OVC	-4.919604e+02	-4.908719e+02	-1.583158e-01
800           	warmPlate	5.375053e+02	5.399114e+02	1.583269e-01
800           	OVC	-4.919605e+02	-4.908721e+02	-1.583159e-01
801           	warmPlate	5.375052e+02	5.399113e+02	1.583269e-01
801           	OVC	-4.919606e+02	-4.908722e+02	-1.583159e-01
802           	warmPlate	5.375051e+02	5.399111e+02	1.583269e-01
802           	OVC	-4.919607e+02	-4.908723e+02	-1.583160e-01
803           	warmPlate	5.375049e+02	5.399110e+02	1.583268e-01
803           	OVC	-4.919609e+02	-4.908724e+02	-1.583160e-01
804           	warmPlate	5.375048e+02	5.399109e+02	1.583268e-01
804           	OVC	-4.919610e+02	-4.908725e+02	-1.583160e-01
805           	warmPlate	5.375047e+02	5.399108e+02	1.583268e-01
805           	OVC	-4.919611e+02	-4.908726e+02	-1.583161e-01
806           	warmPlate	5.375046e+02	5.399106e+02	1.583267e-01
806           	OVC	-4.919612e+02	-4.908728e+02	-1.583161e-01
807           	warmPlate	5.375044e+02	5.399105e+02	1.583267e-01
807           	OVC	-4.919613e+02	-4.908729e+02	-1.583162e-01
808           	warmPlate	5.375043e+02	5.399104e+02	1.583267e-01
808           	OVC	-4.919614e+02	-4.908730e+02	-1.583162e-01
809           	warmPlate	5.375042e+02	5.399103e+02	1.583266e-01
809           	OVC	-4.919615e+02	-4.908731e+02	-1.583162e-01
810           	warmPlate	5.375041e+02	5.399101e+02	1.583266e-01
810           	OVC	-4.919617e+02	-4.908732e+02	-1.583163e-01
811           	warmPlate	5.375040e+02	5.399100e+02	1.583266e-01
811           	OVC	-4.919618e+02	-4.908733e+02	-1.583163e-01
812           	warmPlate	5.375039e+02	5.399099e+02	1.583265e-01
812           	OVC	-4.919619e+02	-4.908734e+02	-1.583163e-01
813           	warmPlate	5.375037e+02	5.399098e+02	1.583265e-01
813           	OVC	-4.919620e+02	-4.908735e+02	-1.583164e-01
814           	warmPlate	5.375036e+02	5.399097e+02	1.583265e-01
814           	OVC	-4.919621e+02	-4.908736e+02	-1.583164e-01
815           	warmPlate	5.375035e+02	5.399096e+02	1.583264e-01
815           	OVC	-4.919622e+02	-4.908737e+02	-1.583164e-01
816           	warmPlate	5.375034e+02	5.399095e+02	1.583264e-01
816           	OVC	-4.919623e+02	-4.908738e+02	-1.583165e-01
817           	warmPlate	5.375033e+02	5.399094e+02	1.583264e-01
817           	OVC	-4.919624e+02	-4.908740e+02	-1.583165e-01
818           	warmPlate	5.375032e+02	5.399093e+02	1.583263e-01
818           	OVC	-4.919625e+02	-4.908741e+02	-1.583165e-01
819           	warmPlate	5.375031e+02	5.399091e+02	1.583263e-01
819           	OVC	-4.919626e+02	-4.908742e+02	-1.583166e-01
820           	warmPlate	5.375030e+02	5.399090e+02	1.583263e-01
820           	OVC	-4.919627e+02	-4.908743e+02	-1.583166e-01
821           	warmPlate	5.375029e+02	5.399089e+02	1.583262e-01
821           	OVC	-4.919628e+02	-4.908744e+02	-1.583166e-01
822           	warmPlate	5.375028e+02	5.399088e+02	1.583262e-01
822           	OVC	-4.919629e+02	-4.908744e+02	-1.583167e-01
823           	warmPlate	5.375027e+02	5.399087e+02	1.583262e-01
823           	OVC	-4.919630e+02	-4.908745e+02	-1.583167e-01
824           	warmPlate	5.375026e+02	5.399086e+02	1.583261e-01
824           	OVC	-4.919631e+02	-4.908746e+02	-1.583167e-01
825           	warmPlate	5.375025e+02	5.399085e+02	1.583261e-01
825           	OVC	-4.919632e+02	-4.908747e+02	-1.583168e-01
826           	warmPlate	5.375024e+02	5.399084e+02	1.583261e-01
826           	OVC	-4.919633e+02	-4.908748e+02	-1.583168e-01
827           	warmPlate	5.375023e+02	5.399083e+02	1.583261e-01
827           	OVC	-4.919634e+02	-4.908749e+02	-1.583168e-01
828           	warmPlate	5.375022e+02	5.399082e+02	1.583260e-01
828           	OVC	-4.919634e+02	-4.908750e+02	-1.583168e-01
829           	warmPlate	5.375021e+02	5.399081e+02	1.583260e-01
829           	OVC	-4.919635e+02	-4.908751e+02	-1.583169e-01
830           	warmPlate	5.375020e+02	5.399081e+02	1.583260e-01
830           	OVC	-4.919636e+02	-4.908752e+02	-1.583169e-01
831           	warmPlate	5.375019e+02	5.399080e+02	1.583259e-01
831           	OVC	-4.919637e+02	-4.908753e+02	-1.583169e-01
832           	warmPlate	5.375018e+02	5.399079e+02	1.583259e-01
832           	OVC	-4.919638e+02	-4.908753e+02	-1.583169e-01
833           	warmPlate	5.375018e+02	5.399078e+02	1.583259e-01
833           	OVC	-4.919639e+02	-4.908754e+02	-1.583170e-01
834           	warmPlate	5.375017e+02	5.399077e+02	1.583259e-01
834           	OVC	-4.919639e+02	-4.908755e+02	-1.583170e-01
835           	warmPlate	5.375016e+02	5.399076e+02	1.583259e-01
835           	OVC	-4.919640e+02	-4.908756e+02	-1.583170e-01
836           	warmPlate	5.375015e+02	5.399076e+02	1.583258e-01
836           	OVC	-4.919641e+02	-4.908756e+02	-1.583170e-01
837           	warmPlate	5.375014e+02	5.399075e+02	1.583258e-01
837           	OVC	-4.919642e+02	-4.908757e+02	-1.583171e-01
838           	warmPlate	5.375013e+02	5.399074e+02	1.583258e-01
838           	OVC	-4.919642e+02	-4.908758e+02	-1.583171e-01
839           	warmPlate	5.375013e+02	5.399073e+02	1.583258e-01
839           	OVC	-4.919643e+02	-4.908759e+02	-1.583171e-01
840           	warmPlate	5.375012e+02	5.399072e+02	1.583257e-01
840           	OVC	-4.919644e+02	-4.908759e+02	-1.583171e-01
841           	warmPlate	5.375011e+02	5.399072e+02	1.583257e-01
841           	OVC	-4.919645e+02	-4.908760e+02	-1.583172e-01
842           	warmPlate	5.375010e+02	5.399071e+02	1.583257e-01
842           	OVC	-4.919645e+02	-4.908761e+02	-1.583172e-01
843           	warmPlate	5.375010e+02	5.399070e+02	1.583257e-01
843           	OVC	-4.919646e+02	-4.908762e+02	-1.583172e-01
844           	warmPlate	5.375009e+02	5.399069e+02	1.583256e-01
844           	OVC	-4.919647e+02	-4.908762e+02	-1.583172e-01
845           	warmPlate	5.375008e+02	5.399069e+02	1.583256e-01
845           	OVC	-4.919647e+02	-4.908763e+02	-1.583173e-01
846           	warmPlate	5.375007e+02	5.399068e+02	1.583256e-01
846           	OVC	-4.919648e+02	-4.908764e+02	-1.583173e-01
847           	warmPlate	5.375007e+02	5.399067e+02	1.583256e-01
847           	OVC	-4.919649e+02	-4.908764e+02	-1.583173e-01
848           	warmPlate	5.375006e+02	5.399066e+02	1.583256e-01
848           	OVC	-4.919650e+02	-4.908765e+02	-1.583173e-01
849           	warmPlate	5.375005e+02	5.399066e+02	1.583255e-01
849           	OVC	-4.919650e+02	-4.908766e+02	-1.583173e-01
850           	warmPlate	5.375004e+02	5.399065e+02	1.583255e-01
850           	OVC	-4.919651e+02	-4.908766e+02	-1.583174e-01
851           	warmPlate	5.375004e+02	5.399064e+02	1.583255e-01
851           	OVC	-4.919652e+02	-4.908767e+02	-1.583174e-01
852           	warmPlate	5.375003e+02	5.399063e+02	1.583255e-01
852           	OVC	-4.919652e+02	-4.908768e+02	-1.583174e-01
853           	warmPlate	5.375002e+02	5.399063e+02	1.583255e-01
853           	OVC	-4.919653e+02	-4.908768e+02	-1.583174e-01
854           	warmPlate	5.375002e+02	5.399062e+02	1.583254e-01
854           	OVC	-4.919654e+02	-4.908769e+02	-1.583175e-01
855           	warmPlate	5.375001e+02	5.399061e+02	1.583254e-01
855           	OVC	-4.919654e+02	-4.908770e+02	-1.583175e-01
856           	warmPlate	5.375000e+02	5.399061e+02	1.583254e-01
856           	OVC	-4.919655e+02	-4.908770e+02	-1.583175e-01
857           	warmPlate	5.375000e+02	5.399060e+02	1.583254e-01
857           	OVC	-4.919655e+02	-4.908771e+02	-1.583175e-01
858           	warmPlate	5.374999e+02	5.399059e+02	1.583254e-01
858           	OVC	-4.919656e+02	-4.908772e+02	-1.583175e-01
859           	warmPlate	5.374998e+02	5.399059e+02	1.583253e-01
859           	OVC	-4.919657e+02	-4.908772e+02	-1.583176e-01
860           	warmPlate	5.374998e+02	5.399058e+02	1.583253e-01
860           	OVC	-4.919657e+02	-4.908773e+02	-1.583176e-01
861           	warmPlate	5.374997e+02	5.399057e+02	1.583253e-01
861           	OVC	-4.919658e+02	-4.908773e+02	-1.583176e-01
862           	warmPlate	5.374996e+02	5.399057e+02	1.583253e-01
862           	OVC	-4.919658e+02	-4.908774e+02	-1.583176e-01
863           	warmPlate	5.374996e+02	5.399056e+02	1.583253e-01
863           	OVC	-4.919659e+02	-4.908775e+02	-1.583176e-01
864           	warmPlate	5.374995e+02	5.399056e+02	1.583252e-01
864           	OVC	-4.919660e+02	-4.908775e+02	-1.583176e-01
865           	warmPlate	5.374995e+02	5.399055e+02	1.583252e-01
865           	OVC	-4.919660e+02	-4.908776e+02	-1.583177e-01
866           	warmPlate	5.374994e+02	5.399055e+02	1.583252e-01
866           	OVC	-4.919661e+02	-4.908776e+02	-1.583177e-01
867           	warmPlate	5.374994e+02	5.399054e+02	1.583252e-01
867           	OVC	-4.919661e+02	-4.908777e+02	-1.583177e-01
868           	warmPlate	5.374993e+02	5.399054e+02	1.583252e-01
868           	OVC	-4.919662e+02	-4.908777e+02	-1.583177e-01
869           	warmPlate	5.374993e+02	5.399053e+02	1.583252e-01
869           	OVC	-4.919662e+02	-4.908777e+02	-1.583177e-01
870           	warmPlate	5.374992e+02	5.399053e+02	1.583252e-01
870           	OVC	-4.919662e+02	-4.908778e+02	-1.583177e-01
871           	warmPlate	5.374992e+02	5.399052e+02	1.583251e-01
871           	OVC	-4.919663e+02	-4.908778e+02	-1.583178e-01
872           	warmPlate	5.374991e+02	5.399052e+02	1.583251e-01
872           	OVC	-4.919663e+02	-4.908779e+02	-1.583178e-01
873           	warmPlate	5.374991e+02	5.399051e+02	1.583251e-01
873           	OVC	-4.919664e+02	-4.908779e+02	-1.583178e-01
874           	warmPlate	5.374990e+02	5.399051e+02	1.583251e-01
874           	OVC	-4.919664e+02	-4.908780e+02	-1.583178e-01
875           	warmPlate	5.374990e+02	5.399050e+02	1.583251e-01
875           	OVC	-4.919665e+02	-4.908780e+02	-1.583178e-01
876           	warmPlate	5.374989e+02	5.399050e+02	1.583251e-01
876           	OVC	-4.919665e+02	-4.908781e+02	-1.583178e-01
877           	warmPlate	5.374989e+02	5.399049e+02	1.583251e-01
877           	OVC	-4.919666e+02	-4.908781e+02	-1.583178e-01
878           	warmPlate	5.374988e+02	5.399049e+02	1.583250e-01
878           	OVC	-4.919666e+02	-4.908782e+02	-1.583179e-01
879           	warmPlate	5.374988e+02	5.399048e+02	1.583250e-01
879           	OVC	-4.919667e+02	-4.908782e+02	-1.583179e-01
880           	warmPlate	5.374987e+02	5.399048e+02	1.583250e-01
880           	OVC	-4.919667e+02	-4.908783e+02	-1.583179e-01
881           	warmPlate	5.374987e+02	5.399047e+02	1.583250e-01
881           	OVC	-4.919668e+02	-4.908783e+02	-1.583179e-01
882           	warmPlate	5.374986e+02	5.399047e+02	1.583250e-01
882           	OVC	-4.919668e+02	-4.908783e+02	-1.583179e-01
883           	warmPlate	5.374986e+02	5.399046e+02	1.583250e-01
883           	OVC	-4.919668e+02	-4.908784e+02	-1.583179e-01
884           	warmPlate	5.374985e+02	5.399046e+02	1.583250e-01
884           	OVC	-4.919669e+02	-4.908784e+02	-1.583179e-01
885           	warmPlate	5.374985e+02	5.399045e+02	1.583249e-01
885           	OVC	-4.919669e+02	-4.908785e+02	-1.583180e-01
886           	warmPlate	5.374985e+02	5.399045e+02	1.583249e-01
886           	OVC	-4.919670e+02	-4.908785e+02	-1.583180e-01
887           	warmPlate	5.374984e+02	5.399044e+02	1.583249e-01
887           	OVC	-4.919670e+02	-4.908786e+02	-1.583180e-01
888           	warmPlate	5.374984e+02	5.399044e+02	1.583249e-01
888           	OVC	-4.919671e+02	-4.908786e+02	-1.583180e-01
889           	warmPlate	5.374983e+02	5.399044e+02	1.583249e-01
889           	OVC	-4.919671e+02	-4.908786e+02	-1.583180e-01
890           	warmPlate	5.374983e+02	5.399043e+02	1.583249e-01
890           	OVC	-4.919671e+02	-4.908787e+02	-1.583180e-01
891           	warmPlate	5.374982e+02	5.399043e+02	1.583249e-01
891           	OVC	-4.919672e+02	-4.908787e+02	-1.583180e-01
892           	warmPlate	5.374982e+02	5.399042e+02	1.583248e-01
892           	OVC	-4.919672e+02	-4.908788e+02	-1.583181e-01
893           	warmPlate	5.374981e+02	5.399042e+02	1.583248e-01
893           	OVC	-4.919673e+02	-4.908788e+02	-1.583181e-01
894           	warmPlate	5.374981e+02	5.399041e+02	1.583248e-01
894           	OVC	-4.919673e+02	-4.908788e+02	-1.583181e-01
895           	warmPlate	5.374981e+02	5.399041e+02	1.583248e-01
895           	OVC	-4.919673e+02	-4.908789e+02	-1.583181e-01
896           	warmPlate	5.374980e+02	5.399041e+02	1.583248e-01
896           	OVC	-4.919674e+02	-4.908789e+02	-1.583181e-01
897           	warmPlate	5.374980e+02	5.399040e+02	1.583248e-01
897           	OVC	-4.919674e+02	-4.908790e+02	-1.583181e-01
898           	warmPlate	5.374979e+02	5.399040e+02	1.583248e-01
898           	OVC	-4.919675e+02	-4.908790e+02	-1.583181e-01
899           	warmPlate	5.374979e+02	5.399039e+02	1.583248e-01
899           	OVC	-4.919675e+02	-4.908790e+02	-1.583181e-01
900           	warmPlate	5.374979e+02	5.399039e+02	1.583248e-01
900           	OVC	-4.919675e+02	-4.908791e+02	-1.583182e-01
901           	warmPlate	5.374978e+02	5.399039e+02	1.583247e-01
901           	OVC	-4.919676e+02	-4.908791e+02	-1.583182e-01
902           	warmPlate	5.374978e+02	5.399038e+02	1.583247e-01
902           	OVC	-4.919676e+02	-4.908791e+02	-1.583182e-01
903           	warmPlate	5.374978e+02	5.399038e+02	1.583247e-01
903           	OVC	-4.919676e+02	-4.908792e+02	-1.583182e-01
904           	warmPlate	5.374977e+02	5.399038e+02	1.583247e-01
904           	OVC	-4.919676e+02	-4.908792e+02	-1.583182e-01
905           	warmPlate	5.374977e+02	5.399037e+02	1.583247e-01
905           	OVC	-4.919677e+02	-4.908792e+02	-1.583182e-01
906           	warmPlate	5.374977e+02	5.399037e+02	1.583247e-01
906           	OVC	-4.919677e+02	-4.908793e+02	-1.583182e-01
907           	warmPlate	5.374976e+02	5.399037e+02	1.583247e-01
907           	OVC	-4.919677e+02	-4.908793e+02	-1.583182e-01
908           	warmPlate	5.374976e+02	5.399036e+02	1.583247e-01
908           	OVC	-4.919678e+02	-4.908793e+02	-1.583182e-01
909           	warmPlate	5.374976e+02	5.399036e+02	1.583247e-01
909           	OVC	-4.919678e+02	-4.908793e+02	-1.583182e-01
910           	warmPlate	5.374976e+02	5.399036e+02	1.583247e-01
910           	OVC	-4.919678e+02	-4.908794e+02	-1.583182e-01
911           	warmPlate	5.374975e+02	5.399036e+02	1.583247e-01
911           	OVC	-4.919678e+02	-4.908794e+02	-1.583183e-01
912           	warmPlate	5.374975e+02	5.399035e+02	1.583246e-01
912           	OVC	-4.919679e+02	-4.908794e+02	-1.583183e-01
913           	warmPlate	5.374975e+02	5.399035e+02	1.583246e-01
913           	OVC	-4.919679e+02	-4.908794e+02	-1.583183e-01
914           	warmPlate	5.374974e+02	5.399035e+02	1.583246e-01
914           	OVC	-4.919679e+02	-4.908795e+02	-1.583183e-01
915           	warmPlate	5.374974e+02	5.399034e+02	1.583246e-01
915           	OVC	-4.919680e+02	-4.908795e+02	-1.583183e-01
916           	warmPlate	5.374974e+02	5.399034e+02	1.583246e-01
916           	OVC	-4.919680e+02	-4.908795e+02	-1.583183e-01
917           	warmPlate	5.374974e+02	5.399034e+02	1.583246e-01
917           	OVC	-4.919680e+02	-4.908795e+02	-1.583183e-01
918           	warmPlate	5.374973e+02	5.399034e+02	1.583246e-01
918           	OVC	-4.919680e+02	-4.908796e+02	-1.583183e-01
919           	warmPlate	5.374973e+02	5.399033e+02	1.583246e-01
919           	OVC	-4.919681e+02	-4.908796e+02	-1.583183e-01
920           	warmPlate	5.374973e+02	5.399033e+02	1.583246e-01
920           	OVC	-4.919681e+02	-4.908796e+02	-1.583183e-01
921           	warmPlate	5.374973e+02	5.399033e+02	1.583246e-01
921           	OVC	-4.919681e+02	-4.908797e+02	-1.583183e-01
922           	warmPlate	5.374972e+02	5.399033e+02	1.583246e-01
922           	OVC	-4.919681e+02	-4.908797e+02	-1.583183e-01
923           	warmPlate	5.374972e+02	5.399032e+02	1.583246e-01
923           	OVC	-4.919682e+02	-4.908797e+02	-1.583184e-01
924           	warmPlate	5.374972e+02	5.399032e+02	1.583245e-01
924           	OVC	-4.919682e+02	-4.908797e+02	-1.583184e-01
925           	warmPlate	5.374971e+02	5.399032e+02	1.583245e-01
925           	OVC	-4.919682e+02	-4.908798e+02	-1.583184e-01
926           	warmPlate	5.374971e+02	5.399031e+02	1.583245e-01
926           	OVC	-4.919682e+02	-4.908798e+02	-1.583184e-01
927           	warmPlate	5.374971e+02	5.399031e+02	1.583245e-01
927           	OVC	-4.919683e+02	-4.908798e+02	-1.583184e-01
928           	warmPlate	5.374971e+02	5.399031e+02	1.583245e-01
928           	OVC	-4.919683e+02	-4.908798e+02	-1.583184e-01
929           	warmPlate	5.374970e+02	5.399031e+02	1.583245e-01
929           	OVC	-4.919683e+02	-4.908798e+02	-1.583184e-01
930           	warmPlate	5.374970e+02	5.399030e+02	1.583245e-01
930           	OVC	-4.919683e+02	-4.908799e+02	-1.583184e-01
931           	warmPlate	5.374970e+02	5.399030e+02	1.583245e-01
931           	OVC	-4.919684e+02	-4.908799e+02	-1.583184e-01
932           	warmPlate	5.374970e+02	5.399030e+02	1.583245e-01
932           	OVC	-4.919684e+02	-4.908799e+02	-1.583184e-01
933           	warmPlate	5.374969e+02	5.399030e+02	1.583245e-01
933           	OVC	-4.919684e+02	-4.908799e+02	-1.583184e-01
934           	warmPlate	5.374969e+02	5.399029e+02	1.583245e-01
934           	OVC	-4.919684e+02	-4.908800e+02	-1.583184e-01
935           	warmPlate	5.374969e+02	5.399029e+02	1.583245e-01
935           	OVC	-4.919684e+02	-4.908800e+02	-1.583184e-01
936           	warmPlate	5.374969e+02	5.399029e+02	1.583245e-01
936           	OVC	-4.919685e+02	-4.908800e+02	-1.583185e-01
937           	warmPlate	5.374968e+02	5.399029e+02	1.583245e-01
937           	OVC	-4.919685e+02	-4.908800e+02	-1.583185e-01
938           	warmPlate	5.374968e+02	5.399028e+02	1.583244e-01
938           	OVC	-4.919685e+02	-4.908801e+02	-1.583185e-01
939           	warmPlate	5.374968e+02	5.399028e+02	1.583244e-01
939           	OVC	-4.919685e+02	-4.908801e+02	-1.583185e-01
940           	warmPlate	5.374968e+02	5.399028e+02	1.583244e-01
940           	OVC	-4.919686e+02	-4.908801e+02	-1.583185e-01
941           	warmPlate	5.374967e+02	5.399028e+02	1.583244e-01
941           	OVC	-4.919686e+02	-4.908801e+02	-1.583185e-01
942           	warmPlate	5.374967e+02	5.399027e+02	1.583244e-01
942           	OVC	-4.919686e+02	-4.908802e+02	-1.583185e-01
943           	warmPlate	5.374967e+02	5.399027e+02	1.583244e-01
943           	OVC	-4.919686e+02	-4.908802e+02	-1.583185e-01
944           	warmPlate	5.374967e+02	5.399027e+02	1.583244e-01
944           	OVC	-4.919687e+02	-4.908802e+02	-1.583185e-01
945           	warmPlate	5.374966e+02	5.399027e+02	1.583244e-01
945           	OVC	-4.919687e+02	-4.908802e+02	-1.583185e-01
946           	warmPlate	5.374966e+02	5.399026e+02	1.583244e-01
946           	OVC	-4.919687e+02	-4.908802e+02	-1.583185e-01
947           	warmPlate	5.374966e+02	5.399026e+02	1.583244e-01
947           	OVC	-4.919687e+02	-4.908803e+02	-1.583185e-01
948           	warmPlate	5.374966e+02	5.399026e+02	1.583244e-01
948           	OVC	-4.919687e+02	-4.908803e+02	-1.583185e-01
949           	warmPlate	5.374966e+02	5.399026e+02	1.583244e-01
949           	OVC	-4.919688e+02	-4.908803e+02	-1.583185e-01
950           	warmPlate	5.374965e+02	5.399026e+02	1.583244e-01
950           	OVC	-4.919688e+02	-4.908803e+02	-1.583186e-01
951           	warmPlate	5.374965e+02	5.399025e+02	1.583244e-01
951           	OVC	-4.919688e+02	-4.908803e+02	-1.583186e-01
952           	warmPlate	5.374965e+02	5.399025e+02	1.583243e-01
952           	OVC	-4.919688e+02	-4.908804e+02	-1.583186e-01
953           	warmPlate	5.374965e+02	5.399025e+02	1.583243e-01
953           	OVC	-4.919688e+02	-4.908804e+02	-1.583186e-01
954           	warmPlate	5.374965e+02	5.399025e+02	1.583243e-01
954           	OVC	-4.919688e+02	-4.908804e+02	-1.583186e-01
955           	warmPlate	5.374964e+02	5.399025e+02	1.583243e-01
955           	OVC	-4.919689e+02	-4.908804e+02	-1.583186e-01
956           	warmPlate	5.374964e+02	5.399025e+02	1.583243e-01
956           	OVC	-4.919689e+02	-4.908804e+02	-1.583186e-01
957           	warmPlate	5.374964e+02	5.399024e+02	1.583243e-01
957           	OVC	-4.919689e+02	-4.908804e+02	-1.583186e-01
958           	warmPlate	5.374964e+02	5.399024e+02	1.583243e-01
958           	OVC	-4.919689e+02	-4.908804e+02	-1.583186e-01
959           	warmPlate	5.374964e+02	5.399024e+02	1.583243e-01
959           	OVC	-4.919689e+02	-4.908805e+02	-1.583186e-01
960           	warmPlate	5.374964e+02	5.399024e+02	1.583243e-01
960           	OVC	-4.919689e+02	-4.908805e+02	-1.583186e-01
961           	warmPlate	5.374964e+02	5.399024e+02	1.583243e-01
961           	OVC	-4.919689e+02	-4.908805e+02	-1.583186e-01
962           	warmPlate	5.374964e+02	5.399024e+02	1.583243e-01
962           	OVC	-4.919689e+02	-4.908805e+02	-1.583186e-01
963           	warmPlate	5.374963e+02	5.399024e+02	1.583243e-01
963           	OVC	-4.919690e+02	-4.908805e+02	-1.583186e-01
964           	warmPlate	5.374963e+02	5.399024e+02	1.583243e-01
964           	OVC	-4.919690e+02	-4.908805e+02	-1.583186e-01
965           	warmPlate	5.374963e+02	5.399023e+02	1.583243e-01
965           	OVC	-4.919690e+02	-4.908805e+02	-1.583186e-01
966           	warmPlate	5.374963e+02	5.399023e+02	1.583243e-01
966           	OVC	-4.919690e+02	-4.908805e+02	-1.583186e-01
967           	warmPlate	5.374963e+02	5.399023e+02	1.583243e-01
967           	OVC	-4.919690e+02	-4.908805e+02	-1.583186e-01
968           	warmPlate	5.374963e+02	5.399023e+02	1.583243e-01
968           	OVC	-4.919690e+02	-4.908806e+02	-1.583186e-01
969           	warmPlate	5.374963e+02	5.399023e+02	1.583243e-01
969           	OVC	-4.919690e+02	-4.908806e+02	-1.583186e-01
970           	warmPlate	5.374963e+02	5.399023e+02	1.583243e-01
970           	OVC	-4.919690e+02	-4.908806e+02	-1.583186e-01
971           	warmPlate	5.374962e+02	5.399023e+02	1.583243e-01
971           	OVC	-4.919691e+02	-4.908806e+02	-1.583186e-01
972           	warmPlate	5.374962e+02	5.399023e+02	1.583243e-01
972           	OVC	-4.919691e+02	-4.908806e+02	-1.583186e-01
973           	warmPlate	5.374962e+02	5.399022e+02	1.583243e-01
973           	OVC	-4.919691e+02	-4.908806e+02	-1.583186e-01
974           	warmPlate	5.374962e+02	5.399022e+02	1.583243e-01
974           	OVC	-4.919691e+02	-4.908806e+02	-1.583187e-01
975           	warmPlate	5.374962e+02	5.399022e+02	1.583243e-01
975           	OVC	-4.919691e+02	-4.908806e+02	-1.583187e-01
976           	warmPlate	5.374962e+02	5.399022e+02	1.583243e-01
976           	OVC	-4.919691e+02	-4.908806e+02	-1.583187e-01
977           	warmPlate	5.374962e+02	5.399022e+02	1.583243e-01
977           	OVC	-4.919691e+02	-4.908807e+02	-1.583187e-01
978           	warmPlate	5.374962e+02	5.399022e+02	1.583243e-01
978           	OVC	-4.919691e+02	-4.908807e+02	-1.583187e-01
979           	warmPlate	5.374962e+02	5.399022e+02	1.583242e-01
979           	OVC	-4.919691e+02	-4.908807e+02	-1.583187e-01
980           	warmPlate	5.374961e+02	5.399022e+02	1.583242e-01
980           	OVC	-4.919692e+02	-4.908807e+02	-1.583187e-01
981           	warmPlate	5.374961e+02	5.399022e+02	1.583242e-01
981           	OVC	-4.919692e+02	-4.908807e+02	-1.583187e-01
982           	warmPlate	5.374961e+02	5.399021e+02	1.583242e-01
982           	OVC	-4.919692e+02	-4.908807e+02	-1.583187e-01
983           	warmPlate	5.374961e+02	5.399021e+02	1.583242e-01
983           	OVC	-4.919692e+02	-4.908807e+02	-1.583187e-01
984           	warmPlate	5.374961e+02	5.399021e+02	1.583242e-01
984           	OVC	-4.919692e+02	-4.908807e+02	-1.583187e-01
985           	warmPlate	5.374961e+02	5.399021e+02	1.583242e-01
985           	OVC	-4.919692e+02	-4.908807e+02	-1.583187e-01
986           	warmPlate	5.374961e+02	5.399021e+02	1.583242e-01
986           	OVC	-4.919692e+02	-4.908808e+02	-1.583187e-01
987           	warmPlate	5.374961e+02	5.399021e+02	1.583242e-01
987           	OVC	-4.919692e+02	-4.908808e+02	-1.583187e-01
988           	warmPlate	5.374960e+02	5.399021e+02	1.583242e-01
988           	OVC	-4.919692e+02	-4.908808e+02	-1.583187e-01
989           	warmPlate	5.374960e+02	5.399021e+02	1.583242e-01
989           	OVC	-4.919692e+02	-4.908808e+02	-1.583187e-01
990           	warmPlate	5.374960e+02	5.399020e+02	1.583242e-01
990           	OVC	-4.919693e+02	-4.908808e+02	-1.583187e-01
991           	warmPlate	5.374960e+02	5.399020e+02	1.583242e-01
991           	OVC	-4.919693e+02	-4.908808e+02	-1.583187e-01
992           	warmPlate	5.374960e+02	5.399020e+02	1.583242e-01
992           	OVC	-4.919693e+02	-4.908808e+02	-1.583187e-01
993           	warmPlate	5.374960e+02	5.399020e+02	1.583242e-01
993           	OVC	-4.919693e+02	-4.908808e+02	-1.583187e-01
994           	warmPlate	5.374960e+02	5.399020e+02	1.583242e-01
994           	OVC	-4.919693e+02	-4.908808e+02	-1.583187e-01
995           	warmPlate	5.374960e+02	5.399020e+02	1.583242e-01
995           	OVC	-4.919693e+02	-4.908809e+02	-1.583187e-01
996           	warmPlate	5.374960e+02	5.399020e+02	1.583242e-01
996           	OVC	-4.919693e+02	-4.908809e+02	-1.583187e-01
997           	warmPlate	5.374959e+02	5.399020e+02	1.583242e-01
997           	OVC	-4.919693e+02	-4.908809e+02	-1.583187e-01
998           	warmPlate	5.374959e+02	5.399020e+02	1.583242e-01
998           	OVC	-4.919693e+02	-4.908809e+02	-1.583187e-01
999           	warmPlate	5.374959e+02	5.399019e+02	1.583242e-01
999           	OVC	-4.919694e+02	-4.908809e+02	-1.583187e-01
1000          	warmPlate	5.374959e+02	5.399019e+02	1.583242e-01
1000          	OVC	-4.919694e+02	-4.908809e+02	-1.583187e-01
1001          	warmPlate	5.374959e+02	5.399019e+02	1.583242e-01
1001          	OVC	-4.919694e+02	-4.908809e+02	-1.583187e-01
1002          	warmPlate	5.374959e+02	5.399019e+02	1.583242e-01
1002          	OVC	-4.919694e+02	-4.908809e+02	-1.583187e-01
1003          	warmPlate	5.374959e+02	5.399019e+02	1.583242e-01
1003          	OVC	-4.919694e+02	-4.908809e+02	-1.583188e-01
1004          	warmPlate	5.374959e+02	5.399019e+02	1.583242e-01
1004          	OVC	-4.919694e+02	-4.908809e+02	-1.583188e-01
1005          	warmPlate	5.374959e+02	5.399019e+02	1.583242e-01
1005          	OVC	-4.919694e+02	-4.908810e+02	-1.583188e-01
1006          	warmPlate	5.374959e+02	5.399019e+02	1.583242e-01
1006          	OVC	-4.919694e+02	-4.908810e+02	-1.583188e-01
1007          	warmPlate	5.374958e+02	5.399019e+02	1.583242e-01
1007          	OVC	-4.919694e+02	-4.908810e+02	-1.583188e-01
1008          	warmPlate	5.374958e+02	5.399018e+02	1.583242e-01
1008          	OVC	-4.919694e+02	-4.908810e+02	-1.583188e-01
1009          	warmPlate	5.374958e+02	5.399018e+02	1.583241e-01
1009          	OVC	-4.919695e+02	-4.908810e+02	-1.583188e-01
1010          	warmPlate	5.374958e+02	5.399018e+02	1.583241e-01
1010          	OVC	-4.919695e+02	-4.908810e+02	-1.583188e-01
1011          	warmPlate	5.374958e+02	5.399018e+02	1.583241e-01
1011          	OVC	-4.919695e+02	-4.908810e+02	-1.583188e-01
1012          	warmPlate	5.374958e+02	5.399018e+02	1.583241e-01
1012          	OVC	-4.919695e+02	-4.908810e+02	-1.583188e-01
1013          	warmPlate	5.374958e+02	5.399018e+02	1.583241e-01
1013          	OVC	-4.919695e+02	-4.908810e+02	-1.583188e-01
1014          	warmPlate	5.374958e+02	5.399018e+02	1.583241e-01
1014          	OVC	-4.919695e+02	-4.908810e+02	-1.583188e-01
1015          	warmPlate	5.374958e+02	5.399018e+02	1.583241e-01
1015          	OVC	-4.919695e+02	-4.908811e+02	-1.583188e-01
1016          	warmPlate	5.374957e+02	5.399018e+02	1.583241e-01
1016          	OVC	-4.919695e+02	-4.908811e+02	-1.583188e-01
1017          	warmPlate	5.374957e+02	5.399018e+02	1.583241e-01
1017          	OVC	-4.919695e+02	-4.908811e+02	-1.583188e-01
1018          	warmPlate	5.374957e+02	5.399017e+02	1.583241e-01
1018          	OVC	-4.919695e+02	-4.908811e+02	-1.583188e-01
1019          	warmPlate	5.374957e+02	5.399017e+02	1.583241e-01
1019          	OVC	-4.919696e+02	-4.908811e+02	-1.583188e-01
1020          	warmPlate	5.374957e+02	5.399017e+02	1.583241e-01
1020          	OVC	-4.919696e+02	-4.908811e+02	-1.583188e-01
1021          	warmPlate	5.374957e+02	5.399017e+02	1.583241e-01
1021          	OVC	-4.919696e+02	-4.908811e+02	-1.583188e-01
1022          	warmPlate	5.374957e+02	5.399017e+02	1.583241e-01
1022          	OVC	-4.919696e+02	-4.908811e+02	-1.583188e-01
1023          	warmPlate	5.374957e+02	5.399017e+02	1.583241e-01
1023          	OVC	-4.919696e+02	-4.908811e+02	-1.583188e-01
1024          	warmPlate	5.374957e+02	5.399017e+02	1.583241e-01
1024          	OVC	-4.919696e+02	-4.908811e+02	-1.583188e-01
1025          	warmPlate	5.374957e+02	5.399017e+02	1.583241e-01
1025          	OVC	-4.919696e+02	-4.908812e+02	-1.583188e-01
1026          	warmPlate	5.374956e+02	5.399017e+02	1.583241e-01
1026          	OVC	-4.919696e+02	-4.908812e+02	-1.583188e-01
1027          	warmPlate	5.374956e+02	5.399017e+02	1.583241e-01
1027          	OVC	-4.919696e+02	-4.908812e+02	-1.583188e-01
1028          	warmPlate	5.374956e+02	5.399016e+02	1.583241e-01
1028          	OVC	-4.919696e+02	-4.908812e+02	-1.583188e-01
1029          	warmPlate	5.374956e+02	5.399016e+02	1.583241e-01
1029          	OVC	-4.919696e+02	-4.908812e+02	-1.583188e-01
1030          	warmPlate	5.374956e+02	5.399016e+02	1.583241e-01
1030          	OVC	-4.919697e+02	-4.908812e+02	-1.583188e-01
1031          	warmPlate	5.374956e+02	5.399016e+02	1.583241e-01
1031          	OVC	-4.919697e+02	-4.908812e+02	-1.583188e-01
1032          	warmPlate	5.374956e+02	5.399016e+02	1.583241e-01
1032          	OVC	-4.919697e+02	-4.908812e+02	-1.583188e-01
1033          	warmPlate	5.374956e+02	5.399016e+02	1.583241e-01
1033          	OVC	-4.919697e+02	-4.908812e+02	-1.583188e-01
1034          	warmPlate	5.374956e+02	5.399016e+02	1.583241e-01
1034          	OVC	-4.919697e+02	-4.908812e+02	-1.583188e-01
1035          	warmPlate	5.374956e+02	5.399016e+02	1.583241e-01
1035          	OVC	-4.919697e+02	-4.908812e+02	-1.583188e-01
1036          	warmPlate	5.374955e+02	5.399016e+02	1.583241e-01
1036          	OVC	-4.919697e+02	-4.908813e+02	-1.583189e-01
1037          	warmPlate	5.374955e+02	5.399016e+02	1.583241e-01
1037          	OVC	-4.919697e+02	-4.908813e+02	-1.583189e-01
1038          	warmPlate	5.374955e+02	5.399015e+02	1.583241e-01
1038          	OVC	-4.919697e+02	-4.908813e+02	-1.583189e-01
1039          	warmPlate	5.374955e+02	5.399015e+02	1.583241e-01
1039          	OVC	-4.919697e+02	-4.908813e+02	-1.583189e-01
1040          	warmPlate	5.374955e+02	5.399015e+02	1.583241e-01
1040          	OVC	-4.919697e+02	-4.908813e+02	-1.583189e-01
1041          	warmPlate	5.374955e+02	5.399015e+02	1.583241e-01
1041          	OVC	-4.919698e+02	-4.908813e+02	-1.583189e-01
1042          	warmPlate	5.374955e+02	5.399015e+02	1.583241e-01
1042          	OVC	-4.919698e+02	-4.908813e+02	-1.583189e-01
1043          	warmPlate	5.374955e+02	5.399015e+02	1.583241e-01
1043          	OVC	-4.919698e+02	-4.908813e+02	-1.583189e-01
1044          	warmPlate	5.374955e+02	5.399015e+02	1.583241e-01
1044          	OVC	-4.919698e+02	-4.908813e+02	-1.583189e-01
1045          	warmPlate	5.374955e+02	5.399015e+02	1.583241e-01
1045          	OVC	-4.919698e+02	-4.908813e+02	-1.583189e-01
1046          	warmPlate	5.374955e+02	5.399015e+02	1.583241e-01
1046          	OVC	-4.919698e+02	-4.908813e+02	-1.583189e-01
1047          	warmPlate	5.374955e+02	5.399015e+02	1.583241e-01
1047          	OVC	-4.919698e+02	-4.908813e+02	-1.583189e-01
1048          	warmPlate	5.374955e+02	5.399015e+02	1.583241e-01
1048          	OVC	-4.919698e+02	-4.908813e+02	-1.583189e-01
1049          	warmPlate	5.374955e+02	5.399015e+02	1.583241e-01
1049          	OVC	-4.919698e+02	-4.908813e+02	-1.583189e-01
1050          	warmPlate	5.374955e+02	5.399015e+02	1.583241e-01
1050          	OVC	-4.919698e+02	-4.908813e+02	-1.583189e-01
1051          	warmPlate	5.374955e+02	5.399015e+02	1.583241e-01
1051          	OVC	-4.919698e+02	-4.908813e+02	-1.583189e-01
1052          	warmPlate	5.374955e+02	5.399015e+02	1.583241e-01
1052          	OVC	-4.919698e+02	-4.908813e+02	-1.583189e-01
1053          	warmPlate	5.374955e+02	5.399015e+02	1.583241e-01
1053          	OVC	-4.919698e+02	-4.908813e+02	-1.583189e-01
1054          	warmPlate	5.374955e+02	5.399015e+02	1.583241e-01
1054          	OVC	-4.919698e+02	-4.908813e+02	-1.583189e-01
1055          	warmPlate	5.374955e+02	5.399015e+02	1.583241e-01
1055          	OVC	-4.919698e+02	-4.908813e+02	-1.583189e-01
1056          	warmPlate	5.374955e+02	5.399015e+02	1.583241e-01
1056          	OVC	-4.919698e+02	-4.908813e+02	-1.583189e-01
1057          	warmPlate	5.374955e+02	5.399015e+02	1.583241e-01
1057          	OVC	-4.919698e+02	-4.908813e+02	-1.583189e-01
1058          	warmPlate	5.374955e+02	5.399015e+02	1.583241e-01
1058          	OVC	-4.919698e+02	-4.908813e+02	-1.583189e-01
1059          	warmPlate	5.374955e+02	5.399015e+02	1.583241e-01
1059          	OVC	-4.919698e+02	-4.908813e+02	-1.583189e-01
1060          	warmPlate	5.374955e+02	5.399015e+02	1.583241e-01
1060          	OVC	-4.919698e+02	-4.908813e+02	-1.583189e-01
1061          	warmPlate	5.374955e+02	5.399015e+02	1.583241e-01
1061          	OVC	-4.919698e+02	-4.908813e+02	-1.583189e-01
1062          	warmPlate	5.374955e+02	5.399015e+02	1.583241e-01
1062          	OVC	-4.919698e+02	-4.908813e+02	-1.583189e-01
1063          	warmPlate	5.374955e+02	5.399015e+02	1.583241e-01
1063          	OVC	-4.919698e+02	-4.908813e+02	-1.583189e-01
1064          	warmPlate	5.374955e+02	5.399015e+02	1.583241e-01
1064          	OVC	-4.919698e+02	-4.908813e+02	-1.583189e-01
1065          	warmPlate	5.374955e+02	5.399015e+02	1.583241e-01
1065          	OVC	-4.919698e+02	-4.908813e+02	-1.583189e-01
1066          	warmPlate	5.374955e+02	5.399015e+02	1.583241e-01
1066          	OVC	-4.919698e+02	-4.908813e+02	-1.583189e-01
1067          	warmPlate	5.374955e+02	5.399015e+02	1.583241e-01
1067          	OVC	-4.919698e+02	-4.908813e+02	-1.583189e-01
1068          	warmPlate	5.374955e+02	5.399015e+02	1.583241e-01
1068          	OVC	-4.919698e+02	-4.908813e+02	-1.583189e-01
1069          	warmPlate	5.374955e+02	5.399015e+02	1.583241e-01
1069          	OVC	-4.919698e+02	-4.908813e+02	-1.583189e-01
1070          	warmPlate	5.374955e+02	5.399015e+02	1.583241e-01
1070          	OVC	-4.919698e+02	-4.908813e+02	-1.583189e-01
1071          	warmPlate	5.374955e+02	5.399015e+02	1.583241e-01
1071          	OVC	-4.919698e+02	-4.908813e+02	-1.583189e-01
1072          	warmPlate	5.374955e+02	5.399015e+02	1.583241e-01
1072          	OVC	-4.919698e+02	-4.908813e+02	-1.583189e-01
1073          	warmPlate	5.374955e+02	5.399015e+02	1.583241e-01
1073          	OVC	-4.919698e+02	-4.908813e+02	-1.583189e-01
1074          	warmPlate	5.374955e+02	5.399015e+02	1.583241e-01
1074          	OVC	-4.919698e+02	-4.908813e+02	-1.583189e-01
1075          	warmPlate	5.374955e+02	5.399015e+02	1.583241e-01
1075          	OVC	-4.919698e+02	-4.908813e+02	-1.583189e-01
1076          	warmPlate	5.374955e+02	5.399015e+02	1.583241e-01
1076          	OVC	-4.919698e+02	-4.908813e+02	-1.583189e-01
1077          	warmPlate	5.374955e+02	5.399015e+02	1.583241e-01
1077          	OVC	-4.919698e+02	-4.908813e+02	-1.583189e-01
1078          	warmPlate	5.374955e+02	5.399015e+02	1.583241e-01
1078          	OVC	-4.919698e+02	-4.908813e+02	-1.583189e-01
1079          	warmPlate	5.374955e+02	5.399015e+02	1.583241e-01
1079          	OVC	-4.919698e+02	-4.908813e+02	-1.583189e-01
1080          	warmPlate	5.374955e+02	5.399015e+02	1.583241e-01
1080          	OVC	-4.919698e+02	-4.908813e+02	-1.583189e-01
1081          	warmPlate	5.374955e+02	5.399015e+02	1.583241e-01
1081          	OVC	-4.919698e+02	-4.908813e+02	-1.583189e-01
1082          	warmPlate	5.374955e+02	5.399015e+02	1.583241e-01
1082          	OVC	-4.919698e+02	-4.908813e+02	-1.583189e-01
1083          	warmPlate	5.374955e+02	5.399015e+02	1.583241e-01
1083          	OVC	-4.919698e+02	-4.908813e+02	-1.583189e-01
1084          	warmPlate	5.374955e+02	5.399015e+02	1.583241e-01
1084          	OVC	-4.919698e+02	-4.908813e+02	-1.583189e-01
1085          	warmPlate	5.374955e+02	5.399015e+02	1.583241e-01
1085          	OVC	-4.919698e+02	-4.908813e+02	-1.583189e-01
1086          	warmPlate	5.374955e+02	5.399015e+02	1.583241e-01
1086          	OVC	-4.919698e+02	-4.908813e+02	-1.583189e-01
1087          	warmPlate	5.374955e+02	5.399015e+02	1.583241e-01
1087          	OVC	-4.919698e+02	-4.908813e+02	-1.583189e-01
1088          	warmPlate	5.374955e+02	5.399015e+02	1.583241e-01
1088          	OVC	-4.919698e+02	-4.908813e+02	-1.583189e-01
1089          	warmPlate	5.374955e+02	5.399015e+02	1.583241e-01
1089          	OVC	-4.919698e+02	-4.908813e+02	-1.583189e-01
1090          	warmPlate	5.374955e+02	5.399015e+02	1.583241e-01
1090          	OVC	-4.919698e+02	-4.908813e+02	-1.583189e-01
1091          	warmPlate	5.374955e+02	5.399015e+02	1.583241e-01
1091          	OVC	-4.919698e+02	-4.908813e+02	-1.583189e-01
1092          	warmPlate	5.374955e+02	5.399015e+02	1.583241e-01
1092          	OVC	-4.919698e+02	-4.908813e+02	-1.583189e-01
1093          	warmPlate	5.374955e+02	5.399015e+02	1.583241e-01
1093          	OVC	-4.919698e+02	-4.908813e+02	-1.583189e-01
1094          	warmPlate	5.374955e+02	5.399015e+02	1.583241e-01
1094          	OVC	-4.919698e+02	-4.908813e+02	-1.583189e-01
1095          	warmPlate	5.374955e+02	5.399015e+02	1.583241e-01
1095          	OVC	-4.919698e+02	-4.908813e+02	-1.583189e-01
1096          	warmPlate	5.374955e+02	5.399015e+02	1.583241e-01
1096          	OVC	-4.919698e+02	-4.908813e+02	-1.583189e-01
1097          	warmPlate	5.374955e+02	5.399015e+02	1.583241e-01
1097          	OVC	-4.919698e+02	-4.908813e+02	-1.583189e-01
1098          	warmPlate	5.374955e+02	5.399015e+02	1.583241e-01
1098          	OVC	-4.919698e+02	-4.908813e+02	-1.583189e-01
1099          	warmPlate	5.374955e+02	5.399015e+02	1.583241e-01
1099          	OVC	-4.919698e+02	-4.908813e+02	-1.583189e-01
1100          	warmPlate	5.374955e+02	5.399015e+02	1.583241e-01
1100          	OVC	-4.919698e+02	-4.908813e+02	-1.583189e-01
1101          	warmPlate	5.374955e+02	5.399015e+02	1.583241e-01
1101          	OVC	-4.919698e+02	-4.908813e+02	-1.583189e-01
1102          	warmPlate	5.374955e+02	5.399015e+02	1.583241e-01
1102          	OVC	-4.919698e+02	-4.908813e+02	-1.583189e-01
1103          	warmPlate	5.374955e+02	5.399015e+02	1.583241e-01
1103          	OVC	-4.919698e+02	-4.908813e+02	-1.583189e-01
1104          	warmPlate	5.374955e+02	5.399015e+02	1.583241e-01
1104          	OVC	-4.919698e+02	-4.908813e+02	-1.583189e-01
1105          	warmPlate	5.374955e+02	5.399015e+02	1.583241e-01
1105          	OVC	-4.919698e+02	-4.908813e+02	-1.583189e-01
1106          	warmPlate	5.374955e+02	5.399015e+02	1.583241e-01
1106          	OVC	-4.919698e+02	-4.908813e+02	-1.583189e-01
1107          	warmPlate	5.374955e+02	5.399015e+02	1.583241e-01
1107          	OVC	-4.919698e+02	-4.908813e+02	-1.583189e-01
1108          	warmPlate	5.374955e+02	5.399015e+02	1.583241e-01
1108          	OVC	-4.919698e+02	-4.908813e+02	-1.583189e-01
1109          	warmPlate	5.374955e+02	5.399015e+02	1.583241e-01
1109          	OVC	-4.919698e+02	-4.908813e+02	-1.583189e-01
1110          	warmPlate	5.374955e+02	5.399015e+02	1.583241e-01
1110          	OVC	-4.919698e+02	-4.908813e+02	-1.583189e-01
1111          	warmPlate	5.374955e+02	5.399015e+02	1.583241e-01
1111          	OVC	-4.919698e+02	-4.908813e+02	-1.583189e-01
1112          	warmPlate	5.374955e+02	5.399015e+02	1.583241e-01
1112          	OVC	-4.919698e+02	-4.908813e+02	-1.583189e-01
1113          	warmPlate	5.374955e+02	5.399015e+02	1.583241e-01
1113          	OVC	-4.919698e+02	-4.908813e+02	-1.583189e-01
1114          	warmPlate	5.374955e+02	5.399015e+02	1.583241e-01
1114          	OVC	-4.919698e+02	-4.908813e+02	-1.583189e-01
1115          	warmPlate	5.374955e+02	5.399015e+02	1.583241e-01
1115          	OVC	-4.919698e+02	-4.908813e+02	-1.583189e-01
1116          	warmPlate	5.374955e+02	5.399015e+02	1.583241e-01
1116          	OVC	-4.919698e+02	-4.908813e+02	-1.583189e-01
1117          	warmPlate	5.374955e+02	5.399015e+02	1.583241e-01
1117          	OVC	-4.919698e+02	-4.908813e+02	-1.583189e-01
1118          	warmPlate	5.374955e+02	5.399015e+02	1.583241e-01
1118          	OVC	-4.919698e+02	-4.908813e+02	-1.583189e-01
1119          	warmPlate	5.374955e+02	5.399015e+02	1.583241e-01
1119          	OVC	-4.919698e+02	-4.908813e+02	-1.583189e-01
1120          	warmPlate	5.374955e+02	5.399015e+02	1.583241e-01
1120          	OVC	-4.919698e+02	-4.908813e+02	-1.583189e-01
1121          	warmPlate	5.374955e+02	5.399015e+02	1.583241e-01
1121          	OVC	-4.919698e+02	-4.908813e+02	-1.583189e-01
1122          	warmPlate	5.374955e+02	5.399015e+02	1.583241e-01
1122          	OVC	-4.919698e+02	-4.908813e+02	-1.583189e-01
1123          	warmPlate	5.374955e+02	5.399015e+02	1.583241e-01
1123          	OVC	-4.919698e+02	-4.908813e+02	-1.583189e-01
1124          	warmPlate	5.374955e+02	5.399015e+02	1.583241e-01
1124          	OVC	-4.919698e+02	-4.908813e+02	-1.583189e-01
1125          	warmPlate	5.374955e+02	5.399015e+02	1.583241e-01
1125          	OVC	-4.919698e+02	-4.908813e+02	-1.583189e-01
1126          	warmPlate	5.374955e+02	5.399015e+02	1.583241e-01
1126          	OVC	-4.919698e+02	-4.908813e+02	-1.583189e-01
1127          	warmPlate	5.374955e+02	5.399015e+02	1.583241e-01
1127          	OVC	-4.919698e+02	-4.908813e+02	-1.583189e-01
1128          	warmPlate	5.374955e+02	5.399015e+02	1.583241e-01
1128          	OVC	-4.919698e+02	-4.908813e+02	-1.583189e-01
1129          	warmPlate	5.374955e+02	5.399015e+02	1.583241e-01
1129          	OVC	-4.919698e+02	-4.908813e+02	-1.583189e-01
1130          	warmPlate	5.374955e+02	5.399015e+02	1.583241e-01
1130          	OVC	-4.919698e+02	-4.908813e+02	-1.583189e-01
1131          	warmPlate	5.374955e+02	5.399015e+02	1.583241e-01
1131          	OVC	-4.919698e+02	-4.908813e+02	-1.583189e-01
1132          	warmPlate	5.374955e+02	5.399015e+02	1.583241e-01
1132          	OVC	-4.919698e+02	-4.908813e+02	-1.583189e-01
1133          	warmPlate	5.374955e+02	5.399015e+02	1.583241e-01
1133          	OVC	-4.919698e+02	-4.908813e+02	-1.583189e-01
1134          	warmPlate	5.374955e+02	5.399015e+02	1.583241e-01
1134          	OVC	-4.919698e+02	-4.908813e+02	-1.583189e-01
1135          	warmPlate	5.374955e+02	5.399015e+02	1.583241e-01
1135          	OVC	-4.919698e+02	-4.908813e+02	-1.583189e-01
1136          	warmPlate	5.374955e+02	5.399015e+02	1.583241e-01
1136          	OVC	-4.919698e+02	-4.908813e+02	-1.583189e-01
1137          	warmPlate	5.374955e+02	5.399015e+02	1.583241e-01
1137          	OVC	-4.919698e+02	-4.908813e+02	-1.583189e-01
1138          	warmPlate	5.374955e+02	5.399015e+02	1.583241e-01
1138          	OVC	-4.919698e+02	-4.908813e+02	-1.583189e-01
1139          	warmPlate	5.374955e+02	5.399015e+02	1.583241e-01
1139          	OVC	-4.919698e+02	-4.908813e+02	-1.583189e-01
1140          	warmPlate	5.374955e+02	5.399015e+02	1.583241e-01
1140          	OVC	-4.919698e+02	-4.908813e+02	-1.583189e-01
1141          	warmPlate	5.374955e+02	5.399015e+02	1.583241e-01
1141          	OVC	-4.919698e+02	-4.908813e+02	-1.583189e-01
1142          	warmPlate	5.374955e+02	5.399015e+02	1.583241e-01
1142          	OVC	-4.919698e+02	-4.908813e+02	-1.583189e-01
1143          	warmPlate	5.374955e+02	5.399015e+02	1.583241e-01
1143          	OVC	-4.919698e+02	-4.908813e+02	-1.583189e-01
1144          	warmPlate	5.374955e+02	5.399015e+02	1.583241e-01
1144          	OVC	-4.919698e+02	-4.908813e+02	-1.583189e-01
1145          	warmPlate	5.374955e+02	5.399015e+02	1.583241e-01
1145          	OVC	-4.919698e+02	-4.908813e+02	-1.583189e-01
1146          	warmPlate	5.374955e+02	5.399015e+02	1.583241e-01
1146          	OVC	-4.919698e+02	-4.908813e+02	-1.583189e-01
1147          	warmPlate	5.374955e+02	5.399015e+02	1.583241e-01
1147          	OVC	-4.919698e+02	-4.908813e+02	-1.583189e-01
1148          	warmPlate	5.374955e+02	5.399015e+02	1.583241e-01
1148          	OVC	-4.919698e+02	-4.908813e+02	-1.583189e-01
1149          	warmPlate	5.374955e+02	5.399015e+02	1.583241e-01
1149          	OVC	-4.919698e+02	-4.908813e+02	-1.583189e-01
1150          	warmPlate	5.374955e+02	5.399015e+02	1.583241e-01
1150          	OVC	-4.919698e+02	-4.908813e+02	-1.583189e-01
1151          	warmPlate	5.374955e+02	5.399015e+02	1.583241e-01
1151          	OVC	-4.919698e+02	-4.908813e+02	-1.583189e-01
1152          	warmPlate	5.374955e+02	5.399015e+02	1.583241e-01
1152          	OVC	-4.919698e+02	-4.908813e+02	-1.583189e-01
1153          	warmPlate	5.374955e+02	5.399015e+02	1.583241e-01
1153          	OVC	-4.919698e+02	-4.908813e+02	-1.583189e-01
1154          	warmPlate	5.374955e+02	5.399015e+02	1.583241e-01
1154          	OVC	-4.919698e+02	-4.908813e+02	-1.583189e-01
1155          	warmPlate	5.374955e+02	5.399015e+02	1.583241e-01
1155          	OVC	-4.919698e+02	-4.908813e+02	-1.583189e-01
1156          	warmPlate	5.374955e+02	5.399015e+02	1.583241e-01
1156          	OVC	-4.919698e+02	-4.908813e+02	-1.583189e-01
1157          	warmPlate	5.374955e+02	5.399015e+02	1.583241e-01
1157          	OVC	-4.919698e+02	-4.908813e+02	-1.583189e-01
1158          	warmPlate	5.374955e+02	5.399015e+02	1.583241e-01
1158          	OVC	-4.919698e+02	-4.908813e+02	-1.583189e-01
1159          	warmPlate	5.374955e+02	5.399015e+02	1.583241e-01
1159          	OVC	-4.919698e+02	-4.908813e+02	-1.583189e-01
1160          	warmPlate	5.374955e+02	5.399015e+02	1.583241e-01
1160          	OVC	-4.919698e+02	-4.908813e+02	-1.583189e-01
1161          	warmPlate	5.374955e+02	5.399015e+02	1.583241e-01
1161          	OVC	-4.919698e+02	-4.908813e+02	-1.583189e-01
1162          	warmPlate	5.374955e+02	5.399015e+02	1.583241e-01
1162          	OVC	-4.919698e+02	-4.908813e+02	-1.583189e-01
1163          	warmPlate	5.374955e+02	5.399015e+02	1.583241e-01
1163          	OVC	-4.919698e+02	-4.908813e+02	-1.583189e-01
1164          	warmPlate	5.374955e+02	5.399015e+02	1.583241e-01
1164          	OVC	-4.919698e+02	-4.908813e+02	-1.583189e-01
1165          	warmPlate	5.374955e+02	5.399015e+02	1.583241e-01
1165          	OVC	-4.919698e+02	-4.908813e+02	-1.583189e-01
1166          	warmPlate	5.374955e+02	5.399015e+02	1.583241e-01
1166          	OVC	-4.919698e+02	-4.908813e+02	-1.583189e-01
1167          	warmPlate	5.374955e+02	5.399015e+02	1.583241e-01
1167          	OVC	-4.919698e+02	-4.908813e+02	-1.583189e-01
1168          	warmPlate	5.374955e+02	5.399015e+02	1.583241e-01
1168          	OVC	-4.919698e+02	-4.908813e+02	-1.583189e-01
1169          	warmPlate	5.374955e+02	5.399015e+02	1.583241e-01
1169          	OVC	-4.919698e+02	-4.908813e+02	-1.583189e-01
1170          	warmPlate	5.374955e+02	5.399015e+02	1.583241e-01
1170          	OVC	-4.919698e+02	-4.908813e+02	-1.583189e-01
1171          	warmPlate	5.374955e+02	5.399015e+02	1.583241e-01
1171          	OVC	-4.919698e+02	-4.908813e+02	-1.583189e-01
1172          	warmPlate	5.374955e+02	5.399015e+02	1.583241e-01
1172          	OVC	-4.919698e+02	-4.908813e+02	-1.583189e-01
1173          	warmPlate	5.374955e+02	5.399015e+02	1.583241e-01
1173          	OVC	-4.919698e+02	-4.908813e+02	-1.583189e-01
1174          	warmPlate	5.374955e+02	5.399015e+02	1.583241e-01
1174          	OVC	-4.919698e+02	-4.908813e+02	-1.583189e-01
1175          	warmPlate	5.374955e+02	5.399015e+02	1.583241e-01
1175          	OVC	-4.919698e+02	-4.908813e+02	-1.583189e-01
1176          	warmPlate	5.374955e+02	5.399015e+02	1.583241e-01
1176          	OVC	-4.919698e+02	-4.908813e+02	-1.583189e-01
1177          	warmPlate	5.374955e+02	5.399015e+02	1.583241e-01
1177          	OVC	-4.919698e+02	-4.908813e+02	-1.583189e-01
1178          	warmPlate	5.374955e+02	5.399015e+02	1.583241e-01
1178          	OVC	-4.919698e+02	-4.908813e+02	-1.583189e-01
1179          	warmPlate	5.374955e+02	5.399015e+02	1.583241e-01
1179          	OVC	-4.919698e+02	-4.908813e+02	-1.583189e-01
1180          	warmPlate	5.374955e+02	5.399015e+02	1.583241e-01
1180          	OVC	-4.919698e+02	-4.908813e+02	-1.583189e-01
1181          	warmPlate	5.374955e+02	5.399015e+02	1.583241e-01
1181          	OVC	-4.919698e+02	-4.908813e+02	-1.583189e-01
1182          	warmPlate	5.374955e+02	5.399015e+02	1.583241e-01
1182          	OVC	-4.919698e+02	-4.908813e+02	-1.583189e-01
1183          	warmPlate	5.374955e+02	5.399015e+02	1.583241e-01
1183          	OVC	-4.919698e+02	-4.908813e+02	-1.583189e-01
1184          	warmPlate	5.374955e+02	5.399015e+02	1.583241e-01
1184          	OVC	-4.919698e+02	-4.908813e+02	-1.583189e-01
1185          	warmPlate	5.374955e+02	5.399015e+02	1.583241e-01
1185          	OVC	-4.919698e+02	-4.908813e+02	-1.583189e-01
1186          	warmPlate	5.374955e+02	5.399015e+02	1.583241e-01
1186          	OVC	-4.919698e+02	-4.908813e+02	-1.583189e-01
1187          	warmPlate	5.374955e+02	5.399015e+02	1.583241e-01
1187          	OVC	-4.919698e+02	-4.908813e+02	-1.583189e-01
1188          	warmPlate	5.374955e+02	5.399015e+02	1.583241e-01
1188          	OVC	-4.919698e+02	-4.908813e+02	-1.583189e-01
1189          	warmPlate	5.374955e+02	5.399015e+02	1.583241e-01
1189          	OVC	-4.919698e+02	-4.908813e+02	-1.583189e-01
1190          	warmPlate	5.374955e+02	5.399015e+02	1.583241e-01
1190          	OVC	-4.919698e+02	-4.908813e+02	-1.583189e-01
1191          	warmPlate	5.374955e+02	5.399015e+02	1.583241e-01
1191          	OVC	-4.919698e+02	-4.908813e+02	-1.583189e-01
1192          	warmPlate	5.374955e+02	5.399015e+02	1.583241e-01
1192          	OVC	-4.919698e+02	-4.908813e+02	-1.583189e-01
1193          	warmPlate	5.374955e+02	5.399015e+02	1.583241e-01
1193          	OVC	-4.919698e+02	-4.908813e+02	-1.583189e-01
1194          	warmPlate	5.374955e+02	5.399015e+02	1.583241e-01
1194          	OVC	-4.919698e+02	-4.908813e+02	-1.583189e-01
1195          	warmPlate	5.374955e+02	5.399015e+02	1.583241e-01
1195          	OVC	-4.919698e+02	-4.908813e+02	-1.583189e-01
1196          	warmPlate	5.374955e+02	5.399015e+02	1.583241e-01
1196          	OVC	-4.919698e+02	-4.908813e+02	-1.583189e-01
1197          	warmPlate	5.374955e+02	5.399015e+02	1.583241e-01
1197          	OVC	-4.919698e+02	-4.908813e+02	-1.583189e-01
1198          	warmPlate	5.374955e+02	5.399015e+02	1.583241e-01
1198          	OVC	-4.919698e+02	-4.908813e+02	-1.583189e-01
1199          	warmPlate	5.374955e+02	5.399015e+02	1.583241e-01
1199          	OVC	-4.919698e+02	-4.908813e+02	-1.583189e-01
1200          	warmPlate	5.374955e+02	5.399015e+02	1.583241e-01
1200          	OVC	-4.919698e+02	-4.908813e+02	-1.583189e-01
1201          	warmPlate	5.374955e+02	5.399015e+02	1.583241e-01
1201          	OVC	-4.919698e+02	-4.908813e+02	-1.583189e-01
1202          	warmPlate	5.374955e+02	5.399015e+02	1.583241e-01
1202          	OVC	-4.919698e+02	-4.908813e+02	-1.583189e-01
1203          	warmPlate	5.374955e+02	5.399015e+02	1.583241e-01
1203          	OVC	-4.919698e+02	-4.908813e+02	-1.583189e-01
1204          	warmPlate	5.374955e+02	5.399015e+02	1.583241e-01
1204          	OVC	-4.919698e+02	-4.908813e+02	-1.583189e-01
1205          	warmPlate	5.374955e+02	5.399015e+02	1.583241e-01
1205          	OVC	-4.919698e+02	-4.908813e+02	-1.583189e-01
1206          	warmPlate	5.374955e+02	5.399015e+02	1.583241e-01
1206          	OVC	-4.919698e+02	-4.908813e+02	-1.583189e-01
1207          	warmPlate	5.374955e+02	5.399015e+02	1.583241e-01
1207          	OVC	-4.919698e+02	-4.908813e+02	-1.583189e-01
1208          	warmPlate	5.374955e+02	5.399015e+02	1.583241e-01
1208          	OVC	-4.919698e+02	-4.908813e+02	-1.583189e-01
1209          	warmPlate	5.374955e+02	5.399015e+02	1.583241e-01
1209          	OVC	-4.919698e+02	-4.908813e+02	-1.583189e-01
1210          	warmPlate	5.374955e+02	5.399015e+02	1.583241e-01
1210          	OVC	-4.919698e+02	-4.908813e+02	-1.583189e-01
1211          	warmPlate	5.374955e+02	5.399015e+02	1.583241e-01
1211          	OVC	-4.919698e+02	-4.908813e+02	-1.583189e-01
1212          	warmPlate	5.374955e+02	5.399015e+02	1.583241e-01
1212          	OVC	-4.919698e+02	-4.908813e+02	-1.583189e-01
1213          	warmPlate	5.374955e+02	5.399015e+02	1.583241e-01
1213          	OVC	-4.919698e+02	-4.908813e+02	-1.583189e-01
1214          	warmPlate	5.374955e+02	5.399015e+02	1.583241e-01
1214          	OVC	-4.919698e+02	-4.908813e+02	-1.583189e-01
1215          	warmPlate	5.374955e+02	5.399015e+02	1.583241e-01
1215          	OVC	-4.919698e+02	-4.908813e+02	-1.583189e-01
1216          	warmPlate	5.374955e+02	5.399015e+02	1.583241e-01
1216          	OVC	-4.919698e+02	-4.908813e+02	-1.583189e-01
1217          	warmPlate	5.374955e+02	5.399015e+02	1.583241e-01
1217          	OVC	-4.919698e+02	-4.908813e+02	-1.583189e-01
1218          	warmPlate	5.374955e+02	5.399015e+02	1.583241e-01
1218          	OVC	-4.919698e+02	-4.908813e+02	-1.583189e-01
1219          	warmPlate	5.374955e+02	5.399015e+02	1.583241e-01
1219          	OVC	-4.919698e+02	-4.908813e+02	-1.583189e-01
1220          	warmPlate	5.374955e+02	5.399015e+02	1.583241e-01
1220          	OVC	-4.919698e+02	-4.908813e+02	-1.583189e-01
1221          	warmPlate	5.374955e+02	5.399015e+02	1.583241e-01
1221          	OVC	-4.919698e+02	-4.908813e+02	-1.583189e-01
1222          	warmPlate	5.374955e+02	5.399015e+02	1.583241e-01
1222          	OVC	-4.919698e+02	-4.908813e+02	-1.583189e-01
1223          	warmPlate	5.374955e+02	5.399015e+02	1.583241e-01
1223          	OVC	-4.919698e+02	-4.908813e+02	-1.583189e-01
1224          	warmPlate	5.374955e+02	5.399015e+02	1.583241e-01
1224          	OVC	-4.919698e+02	-4.908813e+02	-1.583189e-01
1225          	warmPlate	5.374955e+02	5.399015e+02	1.583241e-01
1225          	OVC	-4.919698e+02	-4.908813e+02	-1.583189e-01
1226          	warmPlate	5.374955e+02	5.399015e+02	1.583241e-01
1226          	OVC	-4.919698e+02	-4.908813e+02	-1.583189e-01
1227          	warmPlate	5.374955e+02	5.399015e+02	1.583241e-01
1227          	OVC	-4.919698e+02	-4.908813e+02	-1.583189e-01
1228          	warmPlate	5.374955e+02	5.399015e+02	1.583241e-01
1228          	OVC	-4.919698e+02	-4.908813e+02	-1.583189e-01
1229          	warmPlate	5.374955e+02	5.399015e+02	1.583241e-01
1229          	OVC	-4.919698e+02	-4.908813e+02	-1.583189e-01
1230          	warmPlate	5.374955e+02	5.399015e+02	1.583241e-01
1230          	OVC	-4.919698e+02	-4.908813e+02	-1.583189e-01
1231          	warmPlate	5.374955e+02	5.399015e+02	1.583241e-01
1231          	OVC	-4.919698e+02	-4.908813e+02	-1.583189e-01
1232          	warmPlate	5.374955e+02	5.399015e+02	1.583241e-01
1232          	OVC	-4.919698e+02	-4.908813e+02	-1.583189e-01
1233          	warmPlate	5.374955e+02	5.399015e+02	1.583241e-01
1233          	OVC	-4.919698e+02	-4.908813e+02	-1.583189e-01
1234          	warmPlate	5.374955e+02	5.399015e+02	1.583241e-01
1234          	OVC	-4.919698e+02	-4.908813e+02	-1.583189e-01
1235          	warmPlate	5.374955e+02	5.399015e+02	1.583241e-01
1235          	OVC	-4.919698e+02	-4.908813e+02	-1.583189e-01
1236          	warmPlate	5.374955e+02	5.399015e+02	1.583241e-01
1236          	OVC	-4.919698e+02	-4.908813e+02	-1.583189e-01
1237          	warmPlate	5.374955e+02	5.399015e+02	1.583241e-01
1237          	OVC	-4.919698e+02	-4.908813e+02	-1.583189e-01
1238          	warmPlate	5.374955e+02	5.399015e+02	1.583241e-01
1238          	OVC	-4.919698e+02	-4.908813e+02	-1.583189e-01
1239          	warmPlate	5.374955e+02	5.399015e+02	1.583241e-01
1239          	OVC	-4.919698e+02	-4.908813e+02	-1.583189e-01
1240          	warmPlate	5.374955e+02	5.399015e+02	1.583241e-01
1240          	OVC	-4.919698e+02	-4.908813e+02	-1.583189e-01
1241          	warmPlate	5.374955e+02	5.399015e+02	1.583241e-01
1241          	OVC	-4.919698e+02	-4.908813e+02	-1.583189e-01
1242          	warmPlate	5.374955e+02	5.399015e+02	1.583241e-01
1242          	OVC	-4.919698e+02	-4.908813e+02	-1.583189e-01
1243          	warmPlate	5.374955e+02	5.399015e+02	1.583241e-01
1243          	OVC	-4.919698e+02	-4.908813e+02	-1.583189e-01
1244          	warmPlate	5.374955e+02	5.399015e+02	1.583241e-01
1244          	OVC	-4.919698e+02	-4.908813e+02	-1.583189e-01
1245          	warmPlate	5.374955e+02	5.399015e+02	1.583241e-01
1245          	OVC	-4.919698e+02	-4.908813e+02	-1.583189e-01
1246          	warmPlate	5.374955e+02	5.399015e+02	1.583241e-01
1246          	OVC	-4.919698e+02	-4.908813e+02	-1.583189e-01
1247          	warmPlate	5.374955e+02	5.399015e+02	1.583241e-01
1247          	OVC	-4.919698e+02	-4.908813e+02	-1.583189e-01
1248          	warmPlate	5.374955e+02	5.399015e+02	1.583241e-01
1248          	OVC	-4.919698e+02	-4.908813e+02	-1.583189e-01
1249          	warmPlate	5.374955e+02	5.399015e+02	1.583241e-01
1249          	OVC	-4.919698e+02	-4.908813e+02	-1.583189e-01
1250          	warmPlate	5.374955e+02	5.399015e+02	1.583241e-01
1250          	OVC	-4.919698e+02	-4.908813e+02	-1.583189e-01
1251          	warmPlate	5.374955e+02	5.399015e+02	1.583241e-01
1251          	OVC	-4.919698e+02	-4.908813e+02	-1.583189e-01
1252          	warmPlate	5.374955e+02	5.399015e+02	1.583241e-01
1252          	OVC	-4.919698e+02	-4.908813e+02	-1.583189e-01
1253          	warmPlate	5.374955e+02	5.399015e+02	1.583241e-01
1253          	OVC	-4.919698e+02	-4.908813e+02	-1.583189e-01
1254          	warmPlate	5.374955e+02	5.399015e+02	1.583241e-01
1254          	OVC	-4.919698e+02	-4.908813e+02	-1.583189e-01
1255          	warmPlate	5.374955e+02	5.399015e+02	1.583241e-01
1255          	OVC	-4.919698e+02	-4.908813e+02	-1.583189e-01
1256          	warmPlate	5.374955e+02	5.399015e+02	1.583241e-01
1256          	OVC	-4.919698e+02	-4.908813e+02	-1.583189e-01
1257          	warmPlate	5.374955e+02	5.399015e+02	1.583241e-01
1257          	OVC	-4.919698e+02	-4.908813e+02	-1.583189e-01
1258          	warmPlate	5.374955e+02	5.399015e+02	1.583241e-01
1258          	OVC	-4.919698e+02	-4.908813e+02	-1.583189e-01
1259          	warmPlate	5.374955e+02	5.399015e+02	1.583241e-01
1259          	OVC	-4.919698e+02	-4.908813e+02	-1.583189e-01
1260          	warmPlate	5.374955e+02	5.399015e+02	1.583241e-01
1260          	OVC	-4.919698e+02	-4.908813e+02	-1.583189e-01
1261          	warmPlate	5.374955e+02	5.399015e+02	1.583241e-01
1261          	OVC	-4.919698e+02	-4.908813e+02	-1.583189e-01
1262          	warmPlate	5.374955e+02	5.399015e+02	1.583241e-01
1262          	OVC	-4.919698e+02	-4.908813e+02	-1.583189e-01
1263          	warmPlate	5.374955e+02	5.399015e+02	1.583241e-01
1263          	OVC	-4.919698e+02	-4.908813e+02	-1.583189e-01
1264          	warmPlate	5.374955e+02	5.399015e+02	1.583241e-01
1264          	OVC	-4.919698e+02	-4.908813e+02	-1.583189e-01
1265          	warmPlate	5.374955e+02	5.399015e+02	1.583241e-01
1265          	OVC	-4.919698e+02	-4.908813e+02	-1.583189e-01
1266          	warmPlate	5.374955e+02	5.399015e+02	1.583241e-01
1266          	OVC	-4.919698e+02	-4.908813e+02	-1.583189e-01
1267          	warmPlate	5.374955e+02	5.399015e+02	1.583241e-01
1267          	OVC	-4.919698e+02	-4.908813e+02	-1.583189e-01
1268          	warmPlate	5.374955e+02	5.399015e+02	1.583241e-01
1268          	OVC	-4.919698e+02	-4.908813e+02	-1.583189e-01
1269          	warmPlate	5.374955e+02	5.399015e+02	1.583241e-01
1269          	OVC	-4.919698e+02	-4.908813e+02	-1.583189e-01
1270          	warmPlate	5.374955e+02	5.399015e+02	1.583241e-01
1270          	OVC	-4.919698e+02	-4.908813e+02	-1.583189e-01
1271          	warmPlate	5.374955e+02	5.399015e+02	1.583241e-01
1271          	OVC	-4.919698e+02	-4.908813e+02	-1.583189e-01
1272          	warmPlate	5.374955e+02	5.399015e+02	1.583241e-01
1272          	OVC	-4.919698e+02	-4.908813e+02	-1.583189e-01
1273          	warmPlate	5.374955e+02	5.399015e+02	1.583241e-01
1273          	OVC	-4.919698e+02	-4.908813e+02	-1.583189e-01
1274          	warmPlate	5.374955e+02	5.399015e+02	1.583241e-01
1274          	OVC	-4.919698e+02	-4.908813e+02	-1.583189e-01
1275          	warmPlate	5.374955e+02	5.399015e+02	1.583241e-01
1275          	OVC	-4.919698e+02	-4.908813e+02	-1.583189e-01
1276          	warmPlate	5.374955e+02	5.399015e+02	1.583241e-01
1276          	OVC	-4.919698e+02	-4.908813e+02	-1.583189e-01
1277          	warmPlate	5.374955e+02	5.399015e+02	1.583241e-01
1277          	OVC	-4.919698e+02	-4.908813e+02	-1.583189e-01
1278          	warmPlate	5.374955e+02	5.399015e+02	1.583241e-01
1278          	OVC	-4.919698e+02	-4.908813e+02	-1.583189e-01
1279          	warmPlate	5.374955e+02	5.399015e+02	1.583241e-01
1279          	OVC	-4.919698e+02	-4.908813e+02	-1.583189e-01
1280          	warmPlate	5.374955e+02	5.399015e+02	1.583241e-01
1280          	OVC	-4.919698e+02	-4.908813e+02	-1.583189e-01
1281          	warmPlate	5.374955e+02	5.399015e+02	1.583241e-01
1281          	OVC	-4.919698e+02	-4.908813e+02	-1.583189e-01
1282          	warmPlate	5.374955e+02	5.399015e+02	1.583241e-01
1282          	OVC	-4.919698e+02	-4.908813e+02	-1.583189e-01
1283          	warmPlate	5.374955e+02	5.399015e+02	1.583241e-01
1283          	OVC	-4.919698e+02	-4.908813e+02	-1.583189e-01
1284          	warmPlate	5.374955e+02	5.399015e+02	1.583241e-01
1284          	OVC	-4.919698e+02	-4.908813e+02	-1.583189e-01
1285          	warmPlate	5.374955e+02	5.399015e+02	1.583241e-01
1285          	OVC	-4.919698e+02	-4.908813e+02	-1.583189e-01
1286          	warmPlate	5.374955e+02	5.399015e+02	1.583241e-01
1286          	OVC	-4.919698e+02	-4.908813e+02	-1.583189e-01
1287          	warmPlate	5.374955e+02	5.399015e+02	1.583241e-01
1287          	OVC	-4.919698e+02	-4.908813e+02	-1.583189e-01
1288          	warmPlate	5.374955e+02	5.399015e+02	1.583241e-01
1288          	OVC	-4.919698e+02	-4.908813e+02	-1.583189e-01
1289          	warmPlate	5.374955e+02	5.399015e+02	1.583241e-01
1289          	OVC	-4.919698e+02	-4.908813e+02	-1.583189e-01
1290          	warmPlate	5.374955e+02	5.399015e+02	1.583241e-01
1290          	OVC	-4.919698e+02	-4.908813e+02	-1.583189e-01
1291          	warmPlate	5.374955e+02	5.399015e+02	1.583241e-01
1291          	OVC	-4.919698e+02	-4.908813e+02	-1.583189e-01
1292          	warmPlate	5.374955e+02	5.399015e+02	1.583241e-01
1292          	OVC	-4.919698e+02	-4.908813e+02	-1.583189e-01
1293          	warmPlate	5.374955e+02	5.399015e+02	1.583241e-01
1293          	OVC	-4.919698e+02	-4.908813e+02	-1.583189e-01
1294          	warmPlate	5.374955e+02	5.399015e+02	1.583241e-01
1294          	OVC	-4.919698e+02	-4.908813e+02	-1.583189e-01
1295          	warmPlate	5.374955e+02	5.399015e+02	1.583241e-01
1295          	OVC	-4.919698e+02	-4.908813e+02	-1.583189e-01
1296          	warmPlate	5.374955e+02	5.399015e+02	1.583241e-01
1296          	OVC	-4.919698e+02	-4.908813e+02	-1.583189e-01
1297          	warmPlate	5.374955e+02	5.399015e+02	1.583241e-01
1297          	OVC	-4.919698e+02	-4.908813e+02	-1.583189e-01
1298          	warmPlate	5.374955e+02	5.399015e+02	1.583241e-01
1298          	OVC	-4.919698e+02	-4.908813e+02	-1.583189e-01
1299          	warmPlate	5.374955e+02	5.399015e+02	1.583241e-01
1299          	OVC	-4.919698e+02	-4.908813e+02	-1.583189e-01
1300          	warmPlate	5.374955e+02	5.399015e+02	1.583241e-01
1300          	OVC	-4.919698e+02	-4.908813e+02	-1.583189e-01
1301          	warmPlate	5.374955e+02	5.399015e+02	1.583241e-01
1301          	OVC	-4.919698e+02	-4.908813e+02	-1.583189e-01
1302          	warmPlate	5.374955e+02	5.399015e+02	1.583241e-01
1302          	OVC	-4.919698e+02	-4.908813e+02	-1.583189e-01
1303          	warmPlate	5.374955e+02	5.399015e+02	1.583241e-01
1303          	OVC	-4.919698e+02	-4.908813e+02	-1.583189e-01
1304          	warmPlate	5.374955e+02	5.399015e+02	1.583241e-01
1304          	OVC	-4.919698e+02	-4.908813e+02	-1.583189e-01
1305          	warmPlate	5.374955e+02	5.399015e+02	1.583241e-01
1305          	OVC	-4.919698e+02	-4.908813e+02	-1.583189e-01
1306          	warmPlate	5.374955e+02	5.399015e+02	1.583241e-01
1306          	OVC	-4.919698e+02	-4.908813e+02	-1.583189e-01
1307          	warmPlate	5.374955e+02	5.399015e+02	1.583241e-01
1307          	OVC	-4.919698e+02	-4.908813e+02	-1.583189e-01
1308          	warmPlate	5.374955e+02	5.399015e+02	1.583241e-01
1308          	OVC	-4.919698e+02	-4.908813e+02	-1.583189e-01
1309          	warmPlate	5.374955e+02	5.399015e+02	1.583241e-01
1309          	OVC	-4.919698e+02	-4.908813e+02	-1.583189e-01
1310          	warmPlate	5.374955e+02	5.399015e+02	1.583241e-01
1310          	OVC	-4.919698e+02	-4.908813e+02	-1.583189e-01
1311          	warmPlate	5.374955e+02	5.399015e+02	1.583241e-01
1311          	OVC	-4.919698e+02	-4.908813e+02	-1.583189e-01
1312          	warmPlate	5.374955e+02	5.399015e+02	1.583241e-01
1312          	OVC	-4.919698e+02	-4.908813e+02	-1.583189e-01
1313          	warmPlate	5.374955e+02	5.399015e+02	1.583241e-01
1313          	OVC	-4.919698e+02	-4.908813e+02	-1.583189e-01
1314          	warmPlate	5.374955e+02	5.399015e+02	1.583241e-01
1314          	OVC	-4.919698e+02	-4.908813e+02	-1.583189e-01
1315          	warmPlate	5.374955e+02	5.399015e+02	1.583241e-01
1315          	OVC	-4.919698e+02	-4.908813e+02	-1.583189e-01
1316          	warmPlate	5.374955e+02	5.399015e+02	1.583241e-01
1316          	OVC	-4.919698e+02	-4.908813e+02	-1.583189e-01
1317          	warmPlate	5.374955e+02	5.399015e+02	1.583241e-01
1317          	OVC	-4.919698e+02	-4.908813e+02	-1.583189e-01
1318          	warmPlate	5.374955e+02	5.399015e+02	1.583241e-01
1318          	OVC	-4.919698e+02	-4.908813e+02	-1.583189e-01
1319          	warmPlate	5.374955e+02	5.399015e+02	1.583241e-01
1319          	OVC	-4.919698e+02	-4.908813e+02	-1.583189e-01
1320          	warmPlate	5.374955e+02	5.399015e+02	1.583241e-01
1320          	OVC	-4.919698e+02	-4.908813e+02	-1.583189e-01
1321          	warmPlate	5.374955e+02	5.399015e+02	1.583241e-01
1321          	OVC	-4.919698e+02	-4.908813e+02	-1.583189e-01
1322          	warmPlate	5.374955e+02	5.399015e+02	1.583241e-01
1322          	OVC	-4.919698e+02	-4.908813e+02	-1.583189e-01
1323          	warmPlate	5.374955e+02	5.399015e+02	1.583241e-01
1323          	OVC	-4.919698e+02	-4.908813e+02	-1.583189e-01
1324          	warmPlate	5.374955e+02	5.399015e+02	1.583241e-01
1324          	OVC	-4.919698e+02	-4.908813e+02	-1.583189e-01
1325          	warmPlate	5.374955e+02	5.399015e+02	1.583241e-01
1325          	OVC	-4.919698e+02	-4.908813e+02	-1.583189e-01
1326          	warmPlate	5.374955e+02	5.399015e+02	1.583241e-01
1326          	OVC	-4.919698e+02	-4.908813e+02	-1.583189e-01
1327          	warmPlate	5.374955e+02	5.399015e+02	1.583241e-01
1327          	OVC	-4.919698e+02	-4.908813e+02	-1.583189e-01
1328          	warmPlate	5.374955e+02	5.399015e+02	1.583241e-01
1328          	OVC	-4.919698e+02	-4.908813e+02	-1.583189e-01
1329          	warmPlate	5.374955e+02	5.399015e+02	1.583241e-01
1329          	OVC	-4.919698e+02	-4.908813e+02	-1.583189e-01
1330          	warmPlate	5.374955e+02	5.399015e+02	1.583241e-01
1330          	OVC	-4.919698e+02	-4.908813e+02	-1.583189e-01
1331          	warmPlate	5.374955e+02	5.399015e+02	1.583241e-01
1331          	OVC	-4.919698e+02	-4.908813e+02	-1.583189e-01
1332          	warmPlate	5.374955e+02	5.399015e+02	1.583241e-01
1332          	OVC	-4.919698e+02	-4.908813e+02	-1.583189e-01
1333          	warmPlate	5.374955e+02	5.399015e+02	1.583241e-01
1333          	OVC	-4.919698e+02	-4.908813e+02	-1.583189e-01
1334          	warmPlate	5.374955e+02	5.399015e+02	1.583241e-01
1334          	OVC	-4.919698e+02	-4.908813e+02	-1.583189e-01
1335          	warmPlate	5.374955e+02	5.399015e+02	1.583241e-01
1335          	OVC	-4.919698e+02	-4.908813e+02	-1.583189e-01
1336          	warmPlate	5.374955e+02	5.399015e+02	1.583241e-01
1336          	OVC	-4.919698e+02	-4.908813e+02	-1.583189e-01
1337          	warmPlate	5.374955e+02	5.399015e+02	1.583241e-01
1337          	OVC	-4.919698e+02	-4.908813e+02	-1.583189e-01
1338          	warmPlate	5.374955e+02	5.399015e+02	1.583241e-01
1338          	OVC	-4.919698e+02	-4.908813e+02	-1.583189e-01
1339          	warmPlate	5.374955e+02	5.399015e+02	1.583241e-01
1339          	OVC	-4.919698e+02	-4.908813e+02	-1.583189e-01
1340          	warmPlate	5.374955e+02	5.399015e+02	1.583241e-01
1340          	OVC	-4.919698e+02	-4.908813e+02	-1.583189e-01
1341          	warmPlate	5.374955e+02	5.399015e+02	1.583241e-01
1341          	OVC	-4.919698e+02	-4.908813e+02	-1.583189e-01
1342          	warmPlate	5.374955e+02	5.399015e+02	1.583241e-01
1342          	OVC	-4.919698e+02	-4.908813e+02	-1.583189e-01
1343          	warmPlate	5.374955e+02	5.399015e+02	1.583241e-01
1343          	OVC	-4.919698e+02	-4.908813e+02	-1.583189e-01
1344          	warmPlate	5.374955e+02	5.399015e+02	1.583241e-01
1344          	OVC	-4.919698e+02	-4.908813e+02	-1.583189e-01
1345          	warmPlate	5.374955e+02	5.399015e+02	1.583241e-01
1345          	OVC	-4.919698e+02	-4.908813e+02	-1.583189e-01
1346          	warmPlate	5.374955e+02	5.399015e+02	1.583241e-01
1346          	OVC	-4.919698e+02	-4.908813e+02	-1.583189e-01
1347          	warmPlate	5.374955e+02	5.399015e+02	1.583241e-01
1347          	OVC	-4.919698e+02	-4.908813e+02	-1.583189e-01
1348          	warmPlate	5.374955e+02	5.399015e+02	1.583241e-01
1348          	OVC	-4.919698e+02	-4.908813e+02	-1.583189e-01
1349          	warmPlate	5.374955e+02	5.399015e+02	1.583241e-01
1349          	OVC	-4.919698e+02	-4.908813e+02	-1.583189e-01
1350          	warmPlate	5.374955e+02	5.399015e+02	1.583241e-01
1350          	OVC	-4.919698e+02	-4.908813e+02	-1.583189e-01
1351          	warmPlate	5.374955e+02	5.399015e+02	1.583241e-01
1351          	OVC	-4.919698e+02	-4.908813e+02	-1.583189e-01
1352          	warmPlate	5.374955e+02	5.399015e+02	1.583241e-01
1352          	OVC	-4.919698e+02	-4.908813e+02	-1.583189e-01
1353          	warmPlate	5.374955e+02	5.399015e+02	1.583241e-01
1353          	OVC	-4.919698e+02	-4.908813e+02	-1.583189e-01
1354          	warmPlate	5.374955e+02	5.399015e+02	1.583241e-01
1354          	OVC	-4.919698e+02	-4.908813e+02	-1.583189e-01
1355          	warmPlate	5.374955e+02	5.399015e+02	1.583241e-01
1355          	OVC	-4.919698e+02	-4.908813e+02	-1.583189e-01
1356          	warmPlate	5.374955e+02	5.399015e+02	1.583241e-01
1356          	OVC	-4.919698e+02	-4.908813e+02	-1.583189e-01
1357          	warmPlate	5.374955e+02	5.399015e+02	1.583241e-01
1357          	OVC	-4.919698e+02	-4.908813e+02	-1.583189e-01
1358          	warmPlate	5.374955e+02	5.399015e+02	1.583241e-01
1358          	OVC	-4.919698e+02	-4.908813e+02	-1.583189e-01
1359          	warmPlate	5.374955e+02	5.399015e+02	1.583241e-01
1359          	OVC	-4.919698e+02	-4.908813e+02	-1.583189e-01
1360          	warmPlate	5.374955e+02	5.399015e+02	1.583241e-01
1360          	OVC	-4.919698e+02	-4.908813e+02	-1.583189e-01
1361          	warmPlate	5.374955e+02	5.399015e+02	1.583241e-01
1361          	OVC	-4.919698e+02	-4.908813e+02	-1.583189e-01
1362          	warmPlate	5.374955e+02	5.399015e+02	1.583241e-01
1362          	OVC	-4.919698e+02	-4.908813e+02	-1.583189e-01
1363          	warmPlate	5.374955e+02	5.399015e+02	1.583241e-01
1363          	OVC	-4.919698e+02	-4.908813e+02	-1.583189e-01
1364          	warmPlate	5.374955e+02	5.399015e+02	1.583241e-01
1364          	OVC	-4.919698e+02	-4.908813e+02	-1.583189e-01
1365          	warmPlate	5.374955e+02	5.399015e+02	1.583241e-01
1365          	OVC	-4.919698e+02	-4.908813e+02	-1.583189e-01
1366          	warmPlate	5.374955e+02	5.399015e+02	1.583241e-01
1366          	OVC	-4.919698e+02	-4.908813e+02	-1.583189e-01
1367          	warmPlate	5.374955e+02	5.399015e+02	1.583241e-01
1367          	OVC	-4.919698e+02	-4.908813e+02	-1.583189e-01
1368          	warmPlate	5.374955e+02	5.399015e+02	1.583241e-01
1368          	OVC	-4.919698e+02	-4.908813e+02	-1.583189e-01
1369          	warmPlate	5.374955e+02	5.399015e+02	1.583241e-01
1369          	OVC	-4.919698e+02	-4.908813e+02	-1.583189e-01
1370          	warmPlate	5.374955e+02	5.399015e+02	1.583241e-01
1370          	OVC	-4.919698e+02	-4.908813e+02	-1.583189e-01
1371          	warmPlate	5.374955e+02	5.399015e+02	1.583241e-01
1371          	OVC	-4.919698e+02	-4.908813e+02	-1.583189e-01
1372          	warmPlate	5.374955e+02	5.399015e+02	1.583241e-01
1372          	OVC	-4.919698e+02	-4.908813e+02	-1.583189e-01
1373          	warmPlate	5.374955e+02	5.399015e+02	1.583241e-01
1373          	OVC	-4.919698e+02	-4.908813e+02	-1.583189e-01
1374          	warmPlate	5.374955e+02	5.399015e+02	1.583241e-01
1374          	OVC	-4.919698e+02	-4.908813e+02	-1.583189e-01
1375          	warmPlate	5.374955e+02	5.399015e+02	1.583241e-01
1375          	OVC	-4.919698e+02	-4.908813e+02	-1.583189e-01
1376          	warmPlate	5.374955e+02	5.399015e+02	1.583241e-01
1376          	OVC	-4.919698e+02	-4.908813e+02	-1.583189e-01
1377          	warmPlate	5.374955e+02	5.399015e+02	1.583241e-01
1377          	OVC	-4.919698e+02	-4.908813e+02	-1.583189e-01
1378          	warmPlate	5.374955e+02	5.399015e+02	1.583241e-01
1378          	OVC	-4.919698e+02	-4.908813e+02	-1.583189e-01
1379          	warmPlate	5.374955e+02	5.399015e+02	1.583241e-01
1379          	OVC	-4.919698e+02	-4.908813e+02	-1.583189e-01
1380          	warmPlate	5.374955e+02	5.399015e+02	1.583241e-01
1380          	OVC	-4.919698e+02	-4.908813e+02	-1.583189e-01
1381          	warmPlate	5.374955e+02	5.399015e+02	1.583241e-01
1381          	OVC	-4.919698e+02	-4.908813e+02	-1.583189e-01
1382          	warmPlate	5.374955e+02	5.399015e+02	1.583241e-01
1382          	OVC	-4.919698e+02	-4.908813e+02	-1.583189e-01
1383          	warmPlate	5.374955e+02	5.399015e+02	1.583241e-01
1383          	OVC	-4.919698e+02	-4.908813e+02	-1.583189e-01
1384          	warmPlate	5.374955e+02	5.399015e+02	1.583241e-01
1384          	OVC	-4.919698e+02	-4.908813e+02	-1.583189e-01
1385          	warmPlate	5.374955e+02	5.399015e+02	1.583241e-01
1385          	OVC	-4.919698e+02	-4.908813e+02	-1.583189e-01
1386          	warmPlate	5.374955e+02	5.399015e+02	1.583241e-01
1386          	OVC	-4.919698e+02	-4.908813e+02	-1.583189e-01
1387          	warmPlate	5.374955e+02	5.399015e+02	1.583241e-01
1387          	OVC	-4.919698e+02	-4.908813e+02	-1.583189e-01
1388          	warmPlate	5.374955e+02	5.399015e+02	1.583241e-01
1388          	OVC	-4.919698e+02	-4.908813e+02	-1.583189e-01
1389          	warmPlate	5.374955e+02	5.399015e+02	1.583241e-01
1389          	OVC	-4.919698e+02	-4.908813e+02	-1.583189e-01
1390          	warmPlate	5.374955e+02	5.399015e+02	1.583241e-01
1390          	OVC	-4.919698e+02	-4.908813e+02	-1.583189e-01
1391          	warmPlate	5.374955e+02	5.399015e+02	1.583241e-01
1391          	OVC	-4.919698e+02	-4.908813e+02	-1.583189e-01
1392          	warmPlate	5.374955e+02	5.399015e+02	1.583241e-01
1392          	OVC	-4.919698e+02	-4.908813e+02	-1.583189e-01
1393          	warmPlate	5.374955e+02	5.399015e+02	1.583241e-01
1393          	OVC	-4.919698e+02	-4.908813e+02	-1.583189e-01
1394          	warmPlate	5.374955e+02	5.399015e+02	1.583241e-01
1394          	OVC	-4.919698e+02	-4.908813e+02	-1.583189e-01
1395          	warmPlate	5.374955e+02	5.399015e+02	1.583241e-01
1395          	OVC	-4.919698e+02	-4.908813e+02	-1.583189e-01
1396          	warmPlate	5.374955e+02	5.399015e+02	1.583241e-01
1396          	OVC	-4.919698e+02	-4.908813e+02	-1.583189e-01
1397          	warmPlate	5.374955e+02	5.399015e+02	1.583241e-01
1397          	OVC	-4.919698e+02	-4.908813e+02	-1.583189e-01
1398          	warmPlate	5.374955e+02	5.399015e+02	1.583241e-01
1398          	OVC	-4.919698e+02	-4.908813e+02	-1.583189e-01
1399          	warmPlate	5.374955e+02	5.399015e+02	1.583241e-01
1399          	OVC	-4.919698e+02	-4.908813e+02	-1.583189e-01
1400          	warmPlate	5.374955e+02	5.399015e+02	1.583241e-01
1400          	OVC	-4.919698e+02	-4.908813e+02	-1.583189e-01
1401          	warmPlate	5.374955e+02	5.399015e+02	1.583241e-01
1401          	OVC	-4.919698e+02	-4.908813e+02	-1.583189e-01
1402          	warmPlate	5.374955e+02	5.399015e+02	1.583241e-01
1402          	OVC	-4.919698e+02	-4.908813e+02	-1.583189e-01
1403          	warmPlate	5.374955e+02	5.399015e+02	1.583241e-01
1403          	OVC	-4.919698e+02	-4.908813e+02	-1.583189e-01
1404          	warmPlate	5.374955e+02	5.399015e+02	1.583241e-01
1404          	OVC	-4.919698e+02	-4.908813e+02	-1.583189e-01
1405          	warmPlate	5.374955e+02	5.399015e+02	1.583241e-01
1405          	OVC	-4.919698e+02	-4.908813e+02	-1.583189e-01
1406          	warmPlate	5.374955e+02	5.399015e+02	1.583241e-01
1406          	OVC	-4.919698e+02	-4.908813e+02	-1.583189e-01
1407          	warmPlate	5.374955e+02	5.399015e+02	1.583241e-01
1407          	OVC	-4.919698e+02	-4.908813e+02	-1.583189e-01
1408          	warmPlate	5.374955e+02	5.399015e+02	1.583241e-01
1408          	OVC	-4.919698e+02	-4.908813e+02	-1.583189e-01
1409          	warmPlate	5.374955e+02	5.399015e+02	1.583241e-01
1409          	OVC	-4.919698e+02	-4.908813e+02	-1.583189e-01
1410          	warmPlate	5.374955e+02	5.399015e+02	1.583241e-01
1410          	OVC	-4.919698e+02	-4.908813e+02	-1.583189e-01
1411          	warmPlate	5.374955e+02	5.399015e+02	1.583241e-01
1411          	OVC	-4.919698e+02	-4.908813e+02	-1.583189e-01
1412          	warmPlate	5.374955e+02	5.399015e+02	1.583241e-01
1412          	OVC	-4.919698e+02	-4.908813e+02	-1.583189e-01
1413          	warmPlate	5.374955e+02	5.399015e+02	1.583241e-01
1413          	OVC	-4.919698e+02	-4.908813e+02	-1.583189e-01
1414          	warmPlate	5.374955e+02	5.399015e+02	1.583241e-01
1414          	OVC	-4.919698e+02	-4.908813e+02	-1.583189e-01
1415          	warmPlate	5.374955e+02	5.399015e+02	1.583241e-01
1415          	OVC	-4.919698e+02	-4.908813e+02	-1.583189e-01
1416          	warmPlate	5.374955e+02	5.399015e+02	1.583241e-01
1416          	OVC	-4.919698e+02	-4.908813e+02	-1.583189e-01
1417          	warmPlate	5.374955e+02	5.399015e+02	1.583241e-01
1417          	OVC	-4.919698e+02	-4.908813e+02	-1.583189e-01
1418          	warmPlate	5.374955e+02	5.399015e+02	1.583241e-01
1418          	OVC	-4.919698e+02	-4.908813e+02	-1.583189e-01
1419          	warmPlate	5.374955e+02	5.399015e+02	1.583241e-01
1419          	OVC	-4.919698e+02	-4.908813e+02	-1.583189e-01
1420          	warmPlate	5.374955e+02	5.399015e+02	1.583241e-01
1420          	OVC	-4.919698e+02	-4.908813e+02	-1.583189e-01
1421          	warmPlate	5.374955e+02	5.399015e+02	1.583241e-01
1421          	OVC	-4.919698e+02	-4.908813e+02	-1.583189e-01
1422          	warmPlate	5.374955e+02	5.399015e+02	1.583241e-01
1422          	OVC	-4.919698e+02	-4.908813e+02	-1.583189e-01
1423          	warmPlate	5.374955e+02	5.399015e+02	1.583241e-01
1423          	OVC	-4.919698e+02	-4.908813e+02	-1.583189e-01
1424          	warmPlate	5.374955e+02	5.399015e+02	1.583241e-01
1424          	OVC	-4.919698e+02	-4.908813e+02	-1.583189e-01
1425          	warmPlate	5.374955e+02	5.399015e+02	1.583241e-01
1425          	OVC	-4.919698e+02	-4.908813e+02	-1.583189e-01
1426          	warmPlate	5.374955e+02	5.399015e+02	1.583241e-01
1426          	OVC	-4.919698e+02	-4.908813e+02	-1.583189e-01
1427          	warmPlate	5.374955e+02	5.399015e+02	1.583241e-01
1427          	OVC	-4.919698e+02	-4.908813e+02	-1.583189e-01
1428          	warmPlate	5.374955e+02	5.399015e+02	1.583241e-01
1428          	OVC	-4.919698e+02	-4.908813e+02	-1.583189e-01
1429          	warmPlate	5.374955e+02	5.399015e+02	1.583241e-01
1429          	OVC	-4.919698e+02	-4.908813e+02	-1.583189e-01
1430          	warmPlate	5.374955e+02	5.399015e+02	1.583241e-01
1430          	OVC	-4.919698e+02	-4.908813e+02	-1.583189e-01
1431          	warmPlate	5.374955e+02	5.399015e+02	1.583241e-01
1431          	OVC	-4.919698e+02	-4.908813e+02	-1.583189e-01
1432          	warmPlate	5.374955e+02	5.399015e+02	1.583241e-01
1432          	OVC	-4.919698e+02	-4.908813e+02	-1.583189e-01
1433          	warmPlate	5.374955e+02	5.399015e+02	1.583241e-01
1433          	OVC	-4.919698e+02	-4.908813e+02	-1.583189e-01
1434          	warmPlate	5.374955e+02	5.399015e+02	1.583241e-01
1434          	OVC	-4.919698e+02	-4.908813e+02	-1.583189e-01
1435          	warmPlate	5.374955e+02	5.399015e+02	1.583241e-01
1435          	OVC	-4.919698e+02	-4.908813e+02	-1.583189e-01
1436          	warmPlate	5.374955e+02	5.399015e+02	1.583241e-01
1436          	OVC	-4.919698e+02	-4.908813e+02	-1.583189e-01
1437          	warmPlate	5.374955e+02	5.399015e+02	1.583241e-01
1437          	OVC	-4.919698e+02	-4.908813e+02	-1.583189e-01
1438          	warmPlate	5.374955e+02	5.399015e+02	1.583241e-01
1438          	OVC	-4.919698e+02	-4.908813e+02	-1.583189e-01
1439          	warmPlate	5.374955e+02	5.399015e+02	1.583241e-01
1439          	OVC	-4.919698e+02	-4.908813e+02	-1.583189e-01
1440          	warmPlate	5.374955e+02	5.399015e+02	1.583241e-01
1440          	OVC	-4.919698e+02	-4.908813e+02	-1.583189e-01
1441          	warmPlate	5.374955e+02	5.399015e+02	1.583241e-01
1441          	OVC	-4.919698e+02	-4.908813e+02	-1.583189e-01
1442          	warmPlate	5.374955e+02	5.399015e+02	1.583241e-01
1442          	OVC	-4.919698e+02	-4.908813e+02	-1.583189e-01
1443          	warmPlate	5.374955e+02	5.399015e+02	1.583241e-01
1443          	OVC	-4.919698e+02	-4.908813e+02	-1.583189e-01
1444          	warmPlate	5.374955e+02	5.399015e+02	1.583241e-01
1444          	OVC	-4.919698e+02	-4.908813e+02	-1.583189e-01
1445          	warmPlate	5.374955e+02	5.399015e+02	1.583241e-01
1445          	OVC	-4.919698e+02	-4.908813e+02	-1.583189e-01
1446          	warmPlate	5.374955e+02	5.399015e+02	1.583241e-01
1446          	OVC	-4.919698e+02	-4.908813e+02	-1.583189e-01
1447          	warmPlate	5.374955e+02	5.399015e+02	1.583241e-01
1447          	OVC	-4.919698e+02	-4.908813e+02	-1.583189e-01
1448          	warmPlate	5.374955e+02	5.399015e+02	1.583241e-01
1448          	OVC	-4.919698e+02	-4.908813e+02	-1.583189e-01
1449          	warmPlate	5.374955e+02	5.399015e+02	1.583241e-01
1449          	OVC	-4.919698e+02	-4.908813e+02	-1.583189e-01
1450          	warmPlate	5.374955e+02	5.399015e+02	1.583241e-01
1450          	OVC	-4.919698e+02	-4.908813e+02	-1.583189e-01
1451          	warmPlate	5.374955e+02	5.399015e+02	1.583241e-01
1451          	OVC	-4.919698e+02	-4.908813e+02	-1.583189e-01
1452          	warmPlate	5.374955e+02	5.399015e+02	1.583241e-01
1452          	OVC	-4.919698e+02	-4.908813e+02	-1.583189e-01
1453          	warmPlate	5.374955e+02	5.399015e+02	1.583241e-01
1453          	OVC	-4.919698e+02	-4.908813e+02	-1.583189e-01
1454          	warmPlate	5.374955e+02	5.399015e+02	1.583241e-01
1454          	OVC	-4.919698e+02	-4.908813e+02	-1.583189e-01
1455          	warmPlate	5.374955e+02	5.399015e+02	1.583241e-01
1455          	OVC	-4.919698e+02	-4.908813e+02	-1.583189e-01
1456          	warmPlate	5.374955e+02	5.399015e+02	1.583241e-01
1456          	OVC	-4.919698e+02	-4.908813e+02	-1.583189e-01
1457          	warmPlate	5.374955e+02	5.399015e+02	1.583241e-01
1457          	OVC	-4.919698e+02	-4.908813e+02	-1.583189e-01
1458          	warmPlate	5.374955e+02	5.399015e+02	1.583241e-01
1458          	OVC	-4.919698e+02	-4.908813e+02	-1.583189e-01
1459          	warmPlate	5.374955e+02	5.399015e+02	1.583241e-01
1459          	OVC	-4.919698e+02	-4.908813e+02	-1.583189e-01
1460          	warmPlate	5.374955e+02	5.399015e+02	1.583241e-01
1460          	OVC	-4.919698e+02	-4.908813e+02	-1.583189e-01
1461          	warmPlate	5.374955e+02	5.399015e+02	1.583241e-01
1461          	OVC	-4.919698e+02	-4.908813e+02	-1.583189e-01
1462          	warmPlate	5.374955e+02	5.399015e+02	1.583241e-01
1462          	OVC	-4.919698e+02	-4.908813e+02	-1.583189e-01
1463          	warmPlate	5.374955e+02	5.399015e+02	1.583241e-01
1463          	OVC	-4.919698e+02	-4.908813e+02	-1.583189e-01
1464          	warmPlate	5.374955e+02	5.399015e+02	1.583241e-01
1464          	OVC	-4.919698e+02	-4.908813e+02	-1.583189e-01
1465          	warmPlate	5.374955e+02	5.399015e+02	1.583241e-01
1465          	OVC	-4.919698e+02	-4.908813e+02	-1.583189e-01
1466          	warmPlate	5.374955e+02	5.399015e+02	1.583241e-01
1466          	OVC	-4.919698e+02	-4.908813e+02	-1.583189e-01
1467          	warmPlate	5.374955e+02	5.399015e+02	1.583241e-01
1467          	OVC	-4.919698e+02	-4.908813e+02	-1.583189e-01
1468          	warmPlate	5.374955e+02	5.399015e+02	1.583241e-01
1468          	OVC	-4.919698e+02	-4.908813e+02	-1.583189e-01
1469          	warmPlate	5.374955e+02	5.399015e+02	1.583241e-01
1469          	OVC	-4.919698e+02	-4.908813e+02	-1.583189e-01
1470          	warmPlate	5.374955e+02	5.399015e+02	1.583241e-01
1470          	OVC	-4.919698e+02	-4.908813e+02	-1.583189e-01
1471          	warmPlate	5.374955e+02	5.399015e+02	1.583241e-01
1471          	OVC	-4.919698e+02	-4.908813e+02	-1.583189e-01
1472          	warmPlate	5.374955e+02	5.399015e+02	1.583241e-01
1472          	OVC	-4.919698e+02	-4.908813e+02	-1.583189e-01
1473          	warmPlate	5.374955e+02	5.399015e+02	1.583241e-01
1473          	OVC	-4.919698e+02	-4.908813e+02	-1.583189e-01
1474          	warmPlate	5.374955e+02	5.399015e+02	1.583241e-01
1474          	OVC	-4.919698e+02	-4.908813e+02	-1.583189e-01
1475          	warmPlate	5.374955e+02	5.399015e+02	1.583241e-01
1475          	OVC	-4.919698e+02	-4.908813e+02	-1.583189e-01
1476          	warmPlate	5.374955e+02	5.399015e+02	1.583241e-01
1476          	OVC	-4.919698e+02	-4.908813e+02	-1.583189e-01
1477          	warmPlate	5.374955e+02	5.399015e+02	1.583241e-01
1477          	OVC	-4.919698e+02	-4.908813e+02	-1.583189e-01
1478          	warmPlate	5.374955e+02	5.399015e+02	1.583241e-01
1478          	OVC	-4.919698e+02	-4.908813e+02	-1.583189e-01
1479          	warmPlate	5.374955e+02	5.399015e+02	1.583241e-01
1479          	OVC	-4.919698e+02	-4.908813e+02	-1.583189e-01
1480          	warmPlate	5.374955e+02	5.399015e+02	1.583241e-01
1480          	OVC	-4.919698e+02	-4.908813e+02	-1.583189e-01
1481          	warmPlate	5.374955e+02	5.399015e+02	1.583241e-01
1481          	OVC	-4.919698e+02	-4.908813e+02	-1.583189e-01
1482          	warmPlate	5.374955e+02	5.399015e+02	1.583241e-01
1482          	OVC	-4.919698e+02	-4.908813e+02	-1.583189e-01
1483          	warmPlate	5.374955e+02	5.399015e+02	1.583241e-01
1483          	OVC	-4.919698e+02	-4.908813e+02	-1.583189e-01
1484          	warmPlate	5.374955e+02	5.399015e+02	1.583241e-01
1484          	OVC	-4.919698e+02	-4.908813e+02	-1.583189e-01
1485          	warmPlate	5.374955e+02	5.399015e+02	1.583241e-01
1485          	OVC	-4.919698e+02	-4.908813e+02	-1.583189e-01
1486          	warmPlate	5.374955e+02	5.399015e+02	1.583241e-01
1486          	OVC	-4.919698e+02	-4.908813e+02	-1.583189e-01
1487          	warmPlate	5.374955e+02	5.399015e+02	1.583241e-01
1487          	OVC	-4.919698e+02	-4.908813e+02	-1.583189e-01
1488          	warmPlate	5.374955e+02	5.399015e+02	1.583241e-01
1488          	OVC	-4.919698e+02	-4.908813e+02	-1.583189e-01
1489          	warmPlate	5.374955e+02	5.399015e+02	1.583241e-01
1489          	OVC	-4.919698e+02	-4.908813e+02	-1.583189e-01
1490          	warmPlate	5.374955e+02	5.399015e+02	1.583241e-01
1490          	OVC	-4.919698e+02	-4.908813e+02	-1.583189e-01
1491          	warmPlate	5.374955e+02	5.399015e+02	1.583241e-01
1491          	OVC	-4.919698e+02	-4.908813e+02	-1.583189e-01
1492          	warmPlate	5.374955e+02	5.399015e+02	1.583241e-01
1492          	OVC	-4.919698e+02	-4.908813e+02	-1.583189e-01
1493          	warmPlate	5.374955e+02	5.399015e+02	1.583241e-01
1493          	OVC	-4.919698e+02	-4.908813e+02	-1.583189e-01
1494          	warmPlate	5.374955e+02	5.399015e+02	1.583241e-01
1494          	OVC	-4.919698e+02	-4.908813e+02	-1.583189e-01
1495          	warmPlate	5.374955e+02	5.399015e+02	1.583241e-01
1495          	OVC	-4.919698e+02	-4.908813e+02	-1.583189e-01
1496          	warmPlate	5.374955e+02	5.399015e+02	1.583241e-01
1496          	OVC	-4.919698e+02	-4.908813e+02	-1.583189e-01
1497          	warmPlate	5.374955e+02	5.399015e+02	1.583241e-01
1497          	OVC	-4.919698e+02	-4.908813e+02	-1.583189e-01
1498          	warmPlate	5.374955e+02	5.399015e+02	1.583241e-01
1498          	OVC	-4.919698e+02	-4.908813e+02	-1.583189e-01
1499          	warmPlate	5.374955e+02	5.399015e+02	1.583241e-01
1499          	OVC	-4.919698e+02	-4.908813e+02	-1.583189e-01
1500          	warmPlate	5.374955e+02	5.399015e+02	1.583241e-01
1500          	OVC	-4.919698e+02	-4.908813e+02	-1.583189e-01
1501          	warmPlate	5.374955e+02	5.399015e+02	1.583241e-01
1501          	OVC	-4.919698e+02	-4.908813e+02	-1.583189e-01
1502          	warmPlate	5.374955e+02	5.399015e+02	1.583241e-01
1502          	OVC	-4.919698e+02	-4.908813e+02	-1.583189e-01
1503          	warmPlate	5.374955e+02	5.399015e+02	1.583241e-01
1503          	OVC	-4.919698e+02	-4.908813e+02	-1.583189e-01
1504          	warmPlate	5.374955e+02	5.399015e+02	1.583241e-01
1504          	OVC	-4.919698e+02	-4.908813e+02	-1.583189e-01
1505          	warmPlate	5.374955e+02	5.399015e+02	1.583241e-01
1505          	OVC	-4.919698e+02	-4.908813e+02	-1.583189e-01
1506          	warmPlate	5.374955e+02	5.399015e+02	1.583241e-01
1506          	OVC	-4.919698e+02	-4.908813e+02	-1.583189e-01
1507          	warmPlate	5.374955e+02	5.399015e+02	1.583241e-01
1507          	OVC	-4.919698e+02	-4.908813e+02	-1.583189e-01
1508          	warmPlate	5.374955e+02	5.399015e+02	1.583241e-01
1508          	OVC	-4.919698e+02	-4.908813e+02	-1.583189e-01
1509          	warmPlate	5.374955e+02	5.399015e+02	1.583241e-01
1509          	OVC	-4.919698e+02	-4.908813e+02	-1.583189e-01
1510          	warmPlate	5.374955e+02	5.399015e+02	1.583241e-01
1510          	OVC	-4.919698e+02	-4.908813e+02	-1.583189e-01
1511          	warmPlate	5.374955e+02	5.399015e+02	1.583241e-01
1511          	OVC	-4.919698e+02	-4.908813e+02	-1.583189e-01
1512          	warmPlate	5.374955e+02	5.399015e+02	1.583241e-01
1512          	OVC	-4.919698e+02	-4.908813e+02	-1.583189e-01
1513          	warmPlate	5.374955e+02	5.399015e+02	1.583241e-01
1513          	OVC	-4.919698e+02	-4.908813e+02	-1.583189e-01
1514          	warmPlate	5.374955e+02	5.399015e+02	1.583241e-01
1514          	OVC	-4.919698e+02	-4.908813e+02	-1.583189e-01
1515          	warmPlate	5.374955e+02	5.399015e+02	1.583241e-01
1515          	OVC	-4.919698e+02	-4.908813e+02	-1.583189e-01
1516          	warmPlate	5.374955e+02	5.399015e+02	1.583241e-01
1516          	OVC	-4.919698e+02	-4.908813e+02	-1.583189e-01
1517          	warmPlate	5.374955e+02	5.399015e+02	1.583241e-01
1517          	OVC	-4.919698e+02	-4.908813e+02	-1.583189e-01
1518          	warmPlate	5.374955e+02	5.399015e+02	1.583241e-01
1518          	OVC	-4.919698e+02	-4.908813e+02	-1.583189e-01
1519          	warmPlate	5.374955e+02	5.399015e+02	1.583241e-01
1519          	OVC	-4.919698e+02	-4.908813e+02	-1.583189e-01
1520          	warmPlate	5.374955e+02	5.399015e+02	1.583241e-01
1520          	OVC	-4.919698e+02	-4.908813e+02	-1.583189e-01
1521          	warmPlate	5.374955e+02	5.399015e+02	1.583241e-01
1521          	OVC	-4.919698e+02	-4.908813e+02	-1.583189e-01
1522          	warmPlate	5.374955e+02	5.399015e+02	1.583241e-01
1522          	OVC	-4.919698e+02	-4.908813e+02	-1.583189e-01
1523          	warmPlate	5.374955e+02	5.399015e+02	1.583241e-01
1523          	OVC	-4.919698e+02	-4.908813e+02	-1.583189e-01
1524          	warmPlate	5.374955e+02	5.399015e+02	1.583241e-01
1524          	OVC	-4.919698e+02	-4.908813e+02	-1.583189e-01
1525          	warmPlate	5.374955e+02	5.399015e+02	1.583241e-01
1525          	OVC	-4.919698e+02	-4.908813e+02	-1.583189e-01
1526          	warmPlate	5.374955e+02	5.399015e+02	1.583241e-01
1526          	OVC	-4.919698e+02	-4.908813e+02	-1.583189e-01
1527          	warmPlate	5.374955e+02	5.399015e+02	1.583241e-01
1527          	OVC	-4.919698e+02	-4.908813e+02	-1.583189e-01
1528          	warmPlate	5.374955e+02	5.399015e+02	1.583241e-01
1528          	OVC	-4.919698e+02	-4.908813e+02	-1.583189e-01
1529          	warmPlate	5.374955e+02	5.399015e+02	1.583241e-01
1529          	OVC	-4.919698e+02	-4.908813e+02	-1.583189e-01
1530          	warmPlate	5.374955e+02	5.399015e+02	1.583241e-01
1530          	OVC	-4.919698e+02	-4.908813e+02	-1.583189e-01
1531          	warmPlate	5.374955e+02	5.399015e+02	1.583241e-01
1531          	OVC	-4.919698e+02	-4.908813e+02	-1.583189e-01
1532          	warmPlate	5.374955e+02	5.399015e+02	1.583241e-01
1532          	OVC	-4.919698e+02	-4.908813e+02	-1.583189e-01
1533          	warmPlate	5.374955e+02	5.399015e+02	1.583241e-01
1533          	OVC	-4.919698e+02	-4.908813e+02	-1.583189e-01
1534          	warmPlate	5.374955e+02	5.399015e+02	1.583241e-01
1534          	OVC	-4.919698e+02	-4.908813e+02	-1.583189e-01
1535          	warmPlate	5.374955e+02	5.399015e+02	1.583241e-01
1535          	OVC	-4.919698e+02	-4.908813e+02	-1.583189e-01
1536          	warmPlate	5.374955e+02	5.399015e+02	1.583241e-01
1536          	OVC	-4.919698e+02	-4.908813e+02	-1.583189e-01
1537          	warmPlate	5.374955e+02	5.399015e+02	1.583241e-01
1537          	OVC	-4.919698e+02	-4.908813e+02	-1.583189e-01
1538          	warmPlate	5.374955e+02	5.399015e+02	1.583241e-01
1538          	OVC	-4.919698e+02	-4.908813e+02	-1.583189e-01
1539          	warmPlate	5.374955e+02	5.399015e+02	1.583241e-01
1539          	OVC	-4.919698e+02	-4.908813e+02	-1.583189e-01
1540          	warmPlate	5.374955e+02	5.399015e+02	1.583241e-01
1540          	OVC	-4.919698e+02	-4.908813e+02	-1.583189e-01
1541          	warmPlate	5.374955e+02	5.399015e+02	1.583241e-01
1541          	OVC	-4.919698e+02	-4.908813e+02	-1.583189e-01
1542          	warmPlate	5.374955e+02	5.399015e+02	1.583241e-01
1542          	OVC	-4.919698e+02	-4.908813e+02	-1.583189e-01
1543          	warmPlate	5.374955e+02	5.399015e+02	1.583241e-01
1543          	OVC	-4.919698e+02	-4.908813e+02	-1.583189e-01
1544          	warmPlate	5.374955e+02	5.399015e+02	1.583241e-01
1544          	OVC	-4.919698e+02	-4.908813e+02	-1.583189e-01
1545          	warmPlate	5.374955e+02	5.399015e+02	1.583241e-01
1545          	OVC	-4.919698e+02	-4.908813e+02	-1.583189e-01
1546          	warmPlate	5.374955e+02	5.399015e+02	1.583241e-01
1546          	OVC	-4.919698e+02	-4.908813e+02	-1.583189e-01
1547          	warmPlate	5.374955e+02	5.399015e+02	1.583241e-01
1547          	OVC	-4.919698e+02	-4.908813e+02	-1.583189e-01
1548          	warmPlate	5.374955e+02	5.399015e+02	1.583241e-01
1548          	OVC	-4.919698e+02	-4.908813e+02	-1.583189e-01
1549          	warmPlate	5.374955e+02	5.399015e+02	1.583241e-01
1549          	OVC	-4.919698e+02	-4.908813e+02	-1.583189e-01
1550          	warmPlate	5.374955e+02	5.399015e+02	1.583241e-01
1550          	OVC	-4.919698e+02	-4.908813e+02	-1.583189e-01
1551          	warmPlate	5.374955e+02	5.399015e+02	1.583241e-01
1551          	OVC	-4.919698e+02	-4.908813e+02	-1.583189e-01
1552          	warmPlate	5.374955e+02	5.399015e+02	1.583241e-01
1552          	OVC	-4.919698e+02	-4.908813e+02	-1.583189e-01
1553          	warmPlate	5.374955e+02	5.399015e+02	1.583241e-01
1553          	OVC	-4.919698e+02	-4.908813e+02	-1.583189e-01
1554          	warmPlate	5.374955e+02	5.399015e+02	1.583241e-01
1554          	OVC	-4.919698e+02	-4.908813e+02	-1.583189e-01
1555          	warmPlate	5.374955e+02	5.399015e+02	1.583241e-01
1555          	OVC	-4.919698e+02	-4.908813e+02	-1.583189e-01
1556          	warmPlate	5.374955e+02	5.399015e+02	1.583241e-01
1556          	OVC	-4.919698e+02	-4.908813e+02	-1.583189e-01
1557          	warmPlate	5.374955e+02	5.399015e+02	1.583241e-01
1557          	OVC	-4.919698e+02	-4.908813e+02	-1.583189e-01
1558          	warmPlate	5.374955e+02	5.399015e+02	1.583241e-01
1558          	OVC	-4.919698e+02	-4.908813e+02	-1.583189e-01
1559          	warmPlate	5.374955e+02	5.399015e+02	1.583241e-01
1559          	OVC	-4.919698e+02	-4.908813e+02	-1.583189e-01
1560          	warmPlate	5.374955e+02	5.399015e+02	1.583241e-01
1560          	OVC	-4.919698e+02	-4.908813e+02	-1.583189e-01
1561          	warmPlate	5.374955e+02	5.399015e+02	1.583241e-01
1561          	OVC	-4.919698e+02	-4.908813e+02	-1.583189e-01
1562          	warmPlate	5.374955e+02	5.399015e+02	1.583241e-01
1562          	OVC	-4.919698e+02	-4.908813e+02	-1.583189e-01
1563          	warmPlate	5.374955e+02	5.399015e+02	1.583241e-01
1563          	OVC	-4.919698e+02	-4.908813e+02	-1.583189e-01
1564          	warmPlate	5.374955e+02	5.399015e+02	1.583241e-01
1564          	OVC	-4.919698e+02	-4.908813e+02	-1.583189e-01
1565          	warmPlate	5.374955e+02	5.399015e+02	1.583241e-01
1565          	OVC	-4.919698e+02	-4.908813e+02	-1.583189e-01
1566          	warmPlate	5.374955e+02	5.399015e+02	1.583241e-01
1566          	OVC	-4.919698e+02	-4.908813e+02	-1.583189e-01
1567          	warmPlate	5.374955e+02	5.399015e+02	1.583241e-01
1567          	OVC	-4.919698e+02	-4.908813e+02	-1.583189e-01
1568          	warmPlate	5.374955e+02	5.399015e+02	1.583241e-01
1568          	OVC	-4.919698e+02	-4.908813e+02	-1.583189e-01
1569          	warmPlate	5.374955e+02	5.399015e+02	1.583241e-01
1569          	OVC	-4.919698e+02	-4.908813e+02	-1.583189e-01
1570          	warmPlate	5.374955e+02	5.399015e+02	1.583241e-01
1570          	OVC	-4.919698e+02	-4.908813e+02	-1.583189e-01
1571          	warmPlate	5.374955e+02	5.399015e+02	1.583241e-01
1571          	OVC	-4.919698e+02	-4.908813e+02	-1.583189e-01
1572          	warmPlate	5.374955e+02	5.399015e+02	1.583241e-01
1572          	OVC	-4.919698e+02	-4.908813e+02	-1.583189e-01
1573          	warmPlate	5.374955e+02	5.399015e+02	1.583241e-01
1573          	OVC	-4.919698e+02	-4.908813e+02	-1.583189e-01
1574          	warmPlate	5.374955e+02	5.399015e+02	1.583241e-01
1574          	OVC	-4.919698e+02	-4.908813e+02	-1.583189e-01
1575          	warmPlate	5.374955e+02	5.399015e+02	1.583241e-01
1575          	OVC	-4.919698e+02	-4.908813e+02	-1.583189e-01
1576          	warmPlate	5.374955e+02	5.399015e+02	1.583241e-01
1576          	OVC	-4.919698e+02	-4.908813e+02	-1.583189e-01
1577          	warmPlate	5.374955e+02	5.399015e+02	1.583241e-01
1577          	OVC	-4.919698e+02	-4.908813e+02	-1.583189e-01
1578          	warmPlate	5.374955e+02	5.399015e+02	1.583241e-01
1578          	OVC	-4.919698e+02	-4.908813e+02	-1.583189e-01
1579          	warmPlate	5.374955e+02	5.399015e+02	1.583241e-01
1579          	OVC	-4.919698e+02	-4.908813e+02	-1.583189e-01
1580          	warmPlate	5.374955e+02	5.399015e+02	1.583241e-01
1580          	OVC	-4.919698e+02	-4.908813e+02	-1.583189e-01
1581          	warmPlate	5.374955e+02	5.399015e+02	1.583241e-01
1581          	OVC	-4.919698e+02	-4.908813e+02	-1.583189e-01
1582          	warmPlate	5.374955e+02	5.399015e+02	1.583241e-01
1582          	OVC	-4.919698e+02	-4.908813e+02	-1.583189e-01
1583          	warmPlate	5.374955e+02	5.399015e+02	1.583241e-01
1583          	OVC	-4.919698e+02	-4.908813e+02	-1.583189e-01
1584          	warmPlate	5.374955e+02	5.399015e+02	1.583241e-01
1584          	OVC	-4.919698e+02	-4.908813e+02	-1.583189e-01
1585          	warmPlate	5.374955e+02	5.399015e+02	1.583241e-01
1585          	OVC	-4.919698e+02	-4.908813e+02	-1.583189e-01
1586          	warmPlate	5.374955e+02	5.399015e+02	1.583241e-01
1586          	OVC	-4.919698e+02	-4.908813e+02	-1.583189e-01
1587          	warmPlate	5.374955e+02	5.399015e+02	1.583241e-01
1587          	OVC	-4.919698e+02	-4.908813e+02	-1.583189e-01
1588          	warmPlate	5.374955e+02	5.399015e+02	1.583241e-01
1588          	OVC	-4.919698e+02	-4.908813e+02	-1.583189e-01
1589          	warmPlate	5.374955e+02	5.399015e+02	1.583241e-01
1589          	OVC	-4.919698e+02	-4.908813e+02	-1.583189e-01
1590          	warmPlate	5.374955e+02	5.399015e+02	1.583241e-01
1590          	OVC	-4.919698e+02	-4.908813e+02	-1.583189e-01
1591          	warmPlate	5.374955e+02	5.399015e+02	1.583241e-01
1591          	OVC	-4.919698e+02	-4.908813e+02	-1.583189e-01
1592          	warmPlate	5.374955e+02	5.399015e+02	1.583241e-01
1592          	OVC	-4.919698e+02	-4.908813e+02	-1.583189e-01
1593          	warmPlate	5.374955e+02	5.399015e+02	1.583241e-01
1593          	OVC	-4.919698e+02	-4.908813e+02	-1.583189e-01
1594          	warmPlate	5.374955e+02	5.399015e+02	1.583241e-01
1594          	OVC	-4.919698e+02	-4.908813e+02	-1.583189e-01
1595          	warmPlate	5.374955e+02	5.399015e+02	1.583241e-01
1595          	OVC	-4.919698e+02	-4.908813e+02	-1.583189e-01
1596          	warmPlate	5.374955e+02	5.399015e+02	1.583241e-01
1596          	OVC	-4.919698e+02	-4.908813e+02	-1.583189e-01
1597          	warmPlate	5.374955e+02	5.399015e+02	1.583241e-01
1597          	OVC	-4.919698e+02	-4.908813e+02	-1.583189e-01
1598          	warmPlate	5.374955e+02	5.399015e+02	1.583241e-01
1598          	OVC	-4.919698e+02	-4.908813e+02	-1.583189e-01
1599          	warmPlate	5.374955e+02	5.399015e+02	1.583241e-01
1599          	OVC	-4.919698e+02	-4.908813e+02	-1.583189e-01
1600          	warmPlate	5.374955e+02	5.399015e+02	1.583241e-01
1600          	OVC	-4.919698e+02	-4.908813e+02	-1.583189e-01
1601          	warmPlate	5.374955e+02	5.399015e+02	1.583241e-01
1601          	OVC	-4.919698e+02	-4.908813e+02	-1.583189e-01
1602          	warmPlate	5.374955e+02	5.399015e+02	1.583241e-01
1602          	OVC	-4.919698e+02	-4.908813e+02	-1.583189e-01
1603          	warmPlate	5.374955e+02	5.399015e+02	1.583241e-01
1603          	OVC	-4.919698e+02	-4.908813e+02	-1.583189e-01
1604          	warmPlate	5.374955e+02	5.399015e+02	1.583241e-01
1604          	OVC	-4.919698e+02	-4.908813e+02	-1.583189e-01
1605          	warmPlate	5.374955e+02	5.399015e+02	1.583241e-01
1605          	OVC	-4.919698e+02	-4.908813e+02	-1.583189e-01
1606          	warmPlate	5.374955e+02	5.399015e+02	1.583241e-01
1606          	OVC	-4.919698e+02	-4.908813e+02	-1.583189e-01
1607          	warmPlate	5.374955e+02	5.399015e+02	1.583241e-01
1607          	OVC	-4.919698e+02	-4.908813e+02	-1.583189e-01
1608          	warmPlate	5.374955e+02	5.399015e+02	1.583241e-01
1608          	OVC	-4.919698e+02	-4.908813e+02	-1.583189e-01
1609          	warmPlate	5.374955e+02	5.399015e+02	1.583241e-01
1609          	OVC	-4.919698e+02	-4.908813e+02	-1.583189e-01
1610          	warmPlate	5.374955e+02	5.399015e+02	1.583241e-01
1610          	OVC	-4.919698e+02	-4.908813e+02	-1.583189e-01
1611          	warmPlate	5.374955e+02	5.399015e+02	1.583241e-01
1611          	OVC	-4.919698e+02	-4.908813e+02	-1.583189e-01
1612          	warmPlate	5.374955e+02	5.399015e+02	1.583241e-01
1612          	OVC	-4.919698e+02	-4.908813e+02	-1.583189e-01
1613          	warmPlate	5.374955e+02	5.399015e+02	1.583241e-01
1613          	OVC	-4.919698e+02	-4.908813e+02	-1.583189e-01
1614          	warmPlate	5.374955e+02	5.399015e+02	1.583241e-01
1614          	OVC	-4.919698e+02	-4.908813e+02	-1.583189e-01
1615          	warmPlate	5.374955e+02	5.399015e+02	1.583241e-01
1615          	OVC	-4.919698e+02	-4.908813e+02	-1.583189e-01
1616          	warmPlate	5.374955e+02	5.399015e+02	1.583241e-01
1616          	OVC	-4.919698e+02	-4.908813e+02	-1.583189e-01
1617          	warmPlate	5.374955e+02	5.399015e+02	1.583241e-01
1617          	OVC	-4.919698e+02	-4.908813e+02	-1.583189e-01
1618          	warmPlate	5.374955e+02	5.399015e+02	1.583241e-01
1618          	OVC	-4.919698e+02	-4.908813e+02	-1.583189e-01
1619          	warmPlate	5.374955e+02	5.399015e+02	1.583241e-01
1619          	OVC	-4.919698e+02	-4.908813e+02	-1.583189e-01
1620          	warmPlate	5.374955e+02	5.399015e+02	1.583241e-01
1620          	OVC	-4.919698e+02	-4.908813e+02	-1.583189e-01
1621          	warmPlate	5.374955e+02	5.399015e+02	1.583241e-01
1621          	OVC	-4.919698e+02	-4.908813e+02	-1.583189e-01
1622          	warmPlate	5.374955e+02	5.399015e+02	1.583241e-01
1622          	OVC	-4.919698e+02	-4.908813e+02	-1.583189e-01
1623          	warmPlate	5.374955e+02	5.399015e+02	1.583241e-01
1623          	OVC	-4.919698e+02	-4.908813e+02	-1.583189e-01
1624          	warmPlate	5.374955e+02	5.399015e+02	1.583241e-01
1624          	OVC	-4.919698e+02	-4.908813e+02	-1.583189e-01
1625          	warmPlate	5.374955e+02	5.399015e+02	1.583241e-01
1625          	OVC	-4.919698e+02	-4.908813e+02	-1.583189e-01
1626          	warmPlate	5.374955e+02	5.399015e+02	1.583241e-01
1626          	OVC	-4.919698e+02	-4.908813e+02	-1.583189e-01
1627          	warmPlate	5.374955e+02	5.399015e+02	1.583241e-01
1627          	OVC	-4.919698e+02	-4.908813e+02	-1.583189e-01
1628          	warmPlate	5.374955e+02	5.399015e+02	1.583241e-01
1628          	OVC	-4.919698e+02	-4.908813e+02	-1.583189e-01
1629          	warmPlate	5.374955e+02	5.399015e+02	1.583241e-01
1629          	OVC	-4.919698e+02	-4.908813e+02	-1.583189e-01
1630          	warmPlate	5.374955e+02	5.399015e+02	1.583241e-01
1630          	OVC	-4.919698e+02	-4.908813e+02	-1.583189e-01
1631          	warmPlate	5.374955e+02	5.399015e+02	1.583241e-01
1631          	OVC	-4.919698e+02	-4.908813e+02	-1.583189e-01
1632          	warmPlate	5.374955e+02	5.399015e+02	1.583241e-01
1632          	OVC	-4.919698e+02	-4.908813e+02	-1.583189e-01
1633          	warmPlate	5.374955e+02	5.399015e+02	1.583241e-01
1633          	OVC	-4.919698e+02	-4.908813e+02	-1.583189e-01
1634          	warmPlate	5.374955e+02	5.399015e+02	1.583241e-01
1634          	OVC	-4.919698e+02	-4.908813e+02	-1.583189e-01
1635          	warmPlate	5.374955e+02	5.399015e+02	1.583241e-01
1635          	OVC	-4.919698e+02	-4.908813e+02	-1.583189e-01
1636          	warmPlate	5.374955e+02	5.399015e+02	1.583241e-01
1636          	OVC	-4.919698e+02	-4.908813e+02	-1.583189e-01
1637          	warmPlate	5.374955e+02	5.399015e+02	1.583241e-01
1637          	OVC	-4.919698e+02	-4.908813e+02	-1.583189e-01
1638          	warmPlate	5.374955e+02	5.399015e+02	1.583241e-01
1638          	OVC	-4.919698e+02	-4.908813e+02	-1.583189e-01
1639          	warmPlate	5.374955e+02	5.399015e+02	1.583241e-01
1639          	OVC	-4.919698e+02	-4.908813e+02	-1.583189e-01
1640          	warmPlate	5.374955e+02	5.399015e+02	1.583241e-01
1640          	OVC	-4.919698e+02	-4.908813e+02	-1.583189e-01
1641          	warmPlate	5.374955e+02	5.399015e+02	1.583241e-01
1641          	OVC	-4.919698e+02	-4.908813e+02	-1.583189e-01
1642          	warmPlate	5.374955e+02	5.399015e+02	1.583241e-01
1642          	OVC	-4.919698e+02	-4.908813e+02	-1.583189e-01
1643          	warmPlate	5.374955e+02	5.399015e+02	1.583241e-01
1643          	OVC	-4.919698e+02	-4.908813e+02	-1.583189e-01
1644          	warmPlate	5.374955e+02	5.399015e+02	1.583241e-01
1644          	OVC	-4.919698e+02	-4.908813e+02	-1.583189e-01
1645          	warmPlate	5.374955e+02	5.399015e+02	1.583241e-01
1645          	OVC	-4.919698e+02	-4.908813e+02	-1.583189e-01
1646          	warmPlate	5.374955e+02	5.399015e+02	1.583241e-01
1646          	OVC	-4.919698e+02	-4.908813e+02	-1.583189e-01
1647          	warmPlate	5.374955e+02	5.399015e+02	1.583241e-01
1647          	OVC	-4.919698e+02	-4.908813e+02	-1.583189e-01
1648          	warmPlate	5.374955e+02	5.399015e+02	1.583241e-01
1648          	OVC	-4.919698e+02	-4.908813e+02	-1.583189e-01
1649          	warmPlate	5.374955e+02	5.399015e+02	1.583241e-01
1649          	OVC	-4.919698e+02	-4.908813e+02	-1.583189e-01
1650          	warmPlate	5.374955e+02	5.399015e+02	1.583241e-01
1650          	OVC	-4.919698e+02	-4.908813e+02	-1.583189e-01
1651          	warmPlate	5.374955e+02	5.399015e+02	1.583241e-01
1651          	OVC	-4.919698e+02	-4.908813e+02	-1.583189e-01
1652          	warmPlate	5.374955e+02	5.399015e+02	1.583241e-01
1652          	OVC	-4.919698e+02	-4.908813e+02	-1.583189e-01
1653          	warmPlate	5.374955e+02	5.399015e+02	1.583241e-01
1653          	OVC	-4.919698e+02	-4.908813e+02	-1.583189e-01
1654          	warmPlate	5.374955e+02	5.399015e+02	1.583241e-01
1654          	OVC	-4.919698e+02	-4.908813e+02	-1.583189e-01
1655          	warmPlate	5.374955e+02	5.399015e+02	1.583241e-01
1655          	OVC	-4.919698e+02	-4.908813e+02	-1.583189e-01
1656          	warmPlate	5.374955e+02	5.399015e+02	1.583241e-01
1656          	OVC	-4.919698e+02	-4.908813e+02	-1.583189e-01
1657          	warmPlate	5.374955e+02	5.399015e+02	1.583241e-01
1657          	OVC	-4.919698e+02	-4.908813e+02	-1.583189e-01
1658          	warmPlate	5.374955e+02	5.399015e+02	1.583241e-01
1658          	OVC	-4.919698e+02	-4.908813e+02	-1.583189e-01
1659          	warmPlate	5.374955e+02	5.399015e+02	1.583241e-01
1659          	OVC	-4.919698e+02	-4.908813e+02	-1.583189e-01
1660          	warmPlate	5.374955e+02	5.399015e+02	1.583241e-01
1660          	OVC	-4.919698e+02	-4.908813e+02	-1.583189e-01
1661          	warmPlate	5.374955e+02	5.399015e+02	1.583241e-01
1661          	OVC	-4.919698e+02	-4.908813e+02	-1.583189e-01
1662          	warmPlate	5.374955e+02	5.399015e+02	1.583241e-01
1662          	OVC	-4.919698e+02	-4.908813e+02	-1.583189e-01
1663          	warmPlate	5.374955e+02	5.399015e+02	1.583241e-01
1663          	OVC	-4.919698e+02	-4.908813e+02	-1.583189e-01
1664          	warmPlate	5.374955e+02	5.399015e+02	1.583241e-01
1664          	OVC	-4.919698e+02	-4.908813e+02	-1.583189e-01
1665          	warmPlate	5.374955e+02	5.399015e+02	1.583241e-01
1665          	OVC	-4.919698e+02	-4.908813e+02	-1.583189e-01
1666          	warmPlate	5.374955e+02	5.399015e+02	1.583241e-01
1666          	OVC	-4.919698e+02	-4.908813e+02	-1.583189e-01
1667          	warmPlate	5.374955e+02	5.399015e+02	1.583241e-01
1667          	OVC	-4.919698e+02	-4.908813e+02	-1.583189e-01
1668          	warmPlate	5.374955e+02	5.399015e+02	1.583241e-01
1668          	OVC	-4.919698e+02	-4.908813e+02	-1.583189e-01
1669          	warmPlate	5.374955e+02	5.399015e+02	1.583241e-01
1669          	OVC	-4.919698e+02	-4.908813e+02	-1.583189e-01
1670          	warmPlate	5.374955e+02	5.399015e+02	1.583241e-01
1670          	OVC	-4.919698e+02	-4.908813e+02	-1.583189e-01
1671          	warmPlate	5.374955e+02	5.399015e+02	1.583241e-01
1671          	OVC	-4.919698e+02	-4.908813e+02	-1.583189e-01
1672          	warmPlate	5.374955e+02	5.399015e+02	1.583241e-01
1672          	OVC	-4.919698e+02	-4.908813e+02	-1.583189e-01
1673          	warmPlate	5.374955e+02	5.399015e+02	1.583241e-01
1673          	OVC	-4.919698e+02	-4.908813e+02	-1.583189e-01
1674          	warmPlate	5.374955e+02	5.399015e+02	1.583241e-01
1674          	OVC	-4.919698e+02	-4.908813e+02	-1.583189e-01
1675          	warmPlate	5.374955e+02	5.399015e+02	1.583241e-01
1675          	OVC	-4.919698e+02	-4.908813e+02	-1.583189e-01
1676          	warmPlate	5.374955e+02	5.399015e+02	1.583241e-01
1676          	OVC	-4.919698e+02	-4.908813e+02	-1.583189e-01
1677          	warmPlate	5.374955e+02	5.399015e+02	1.583241e-01
1677          	OVC	-4.919698e+02	-4.908813e+02	-1.583189e-01
1678          	warmPlate	5.374955e+02	5.399015e+02	1.583241e-01
1678          	OVC	-4.919698e+02	-4.908813e+02	-1.583189e-01
1679          	warmPlate	5.374955e+02	5.399015e+02	1.583241e-01
1679          	OVC	-4.919698e+02	-4.908813e+02	-1.583189e-01
1680          	warmPlate	5.374955e+02	5.399015e+02	1.583241e-01
1680          	OVC	-4.919698e+02	-4.908813e+02	-1.583189e-01
1681          	warmPlate	5.374955e+02	5.399015e+02	1.583241e-01
1681          	OVC	-4.919698e+02	-4.908813e+02	-1.583189e-01
1682          	warmPlate	5.374955e+02	5.399015e+02	1.583241e-01
1682          	OVC	-4.919698e+02	-4.908813e+02	-1.583189e-01
1683          	warmPlate	5.374955e+02	5.399015e+02	1.583241e-01
1683          	OVC	-4.919698e+02	-4.908813e+02	-1.583189e-01
1684          	warmPlate	5.374955e+02	5.399015e+02	1.583241e-01
1684          	OVC	-4.919698e+02	-4.908813e+02	-1.583189e-01
1685          	warmPlate	5.374955e+02	5.399015e+02	1.583241e-01
1685          	OVC	-4.919698e+02	-4.908813e+02	-1.583189e-01
1686          	warmPlate	5.374955e+02	5.399015e+02	1.583241e-01
1686          	OVC	-4.919698e+02	-4.908813e+02	-1.583189e-01
1687          	warmPlate	5.374955e+02	5.399015e+02	1.583241e-01
1687          	OVC	-4.919698e+02	-4.908813e+02	-1.583189e-01
1688          	warmPlate	5.374955e+02	5.399015e+02	1.583241e-01
1688          	OVC	-4.919698e+02	-4.908813e+02	-1.583189e-01
1689          	warmPlate	5.374955e+02	5.399015e+02	1.583241e-01
1689          	OVC	-4.919698e+02	-4.908813e+02	-1.583189e-01
1690          	warmPlate	5.374955e+02	5.399015e+02	1.583241e-01
1690          	OVC	-4.919698e+02	-4.908813e+02	-1.583189e-01
1691          	warmPlate	5.374955e+02	5.399015e+02	1.583241e-01
1691          	OVC	-4.919698e+02	-4.908813e+02	-1.583189e-01
1692          	warmPlate	5.374955e+02	5.399015e+02	1.583241e-01
1692          	OVC	-4.919698e+02	-4.908813e+02	-1.583189e-01
1693          	warmPlate	5.374955e+02	5.399015e+02	1.583241e-01
1693          	OVC	-4.919698e+02	-4.908813e+02	-1.583189e-01
1694          	warmPlate	5.374955e+02	5.399015e+02	1.583241e-01
1694          	OVC	-4.919698e+02	-4.908813e+02	-1.583189e-01
1695          	warmPlate	5.374955e+02	5.399015e+02	1.583241e-01
1695          	OVC	-4.919698e+02	-4.908813e+02	-1.583189e-01
1696          	warmPlate	5.374955e+02	5.399015e+02	1.583241e-01
1696          	OVC	-4.919698e+02	-4.908813e+02	-1.583189e-01
1697          	warmPlate	5.374955e+02	5.399015e+02	1.583241e-01
1697          	OVC	-4.919698e+02	-4.908813e+02	-1.583189e-01
1698          	warmPlate	5.374955e+02	5.399015e+02	1.583241e-01
1698          	OVC	-4.919698e+02	-4.908813e+02	-1.583189e-01
1699          	warmPlate	5.374955e+02	5.399015e+02	1.583241e-01
1699          	OVC	-4.919698e+02	-4.908813e+02	-1.583189e-01
1700          	warmPlate	5.374955e+02	5.399015e+02	1.583241e-01
1700          	OVC	-4.919698e+02	-4.908813e+02	-1.583189e-01
1701          	warmPlate	5.374955e+02	5.399015e+02	1.583241e-01
1701          	OVC	-4.919698e+02	-4.908813e+02	-1.583189e-01
1702          	warmPlate	5.374955e+02	5.399015e+02	1.583241e-01
1702          	OVC	-4.919698e+02	-4.908813e+02	-1.583189e-01
1703          	warmPlate	5.374955e+02	5.399015e+02	1.583241e-01
1703          	OVC	-4.919698e+02	-4.908813e+02	-1.583189e-01
1704          	warmPlate	5.374955e+02	5.399015e+02	1.583241e-01
1704          	OVC	-4.919698e+02	-4.908813e+02	-1.583189e-01
1705          	warmPlate	5.374955e+02	5.399015e+02	1.583241e-01
1705          	OVC	-4.919698e+02	-4.908813e+02	-1.583189e-01
1706          	warmPlate	5.374955e+02	5.399015e+02	1.583241e-01
1706          	OVC	-4.919698e+02	-4.908813e+02	-1.583189e-01
1707          	warmPlate	5.374955e+02	5.399015e+02	1.583241e-01
1707          	OVC	-4.919698e+02	-4.908813e+02	-1.583189e-01
1708          	warmPlate	5.374955e+02	5.399015e+02	1.583241e-01
1708          	OVC	-4.919698e+02	-4.908813e+02	-1.583189e-01
1709          	warmPlate	5.374955e+02	5.399015e+02	1.583241e-01
1709          	OVC	-4.919698e+02	-4.908813e+02	-1.583189e-01
1710          	warmPlate	5.374955e+02	5.399015e+02	1.583241e-01
1710          	OVC	-4.919698e+02	-4.908813e+02	-1.583189e-01
1711          	warmPlate	5.374955e+02	5.399015e+02	1.583241e-01
1711          	OVC	-4.919698e+02	-4.908813e+02	-1.583189e-01
1712          	warmPlate	5.374955e+02	5.399015e+02	1.583241e-01
1712          	OVC	-4.919698e+02	-4.908813e+02	-1.583189e-01
1713          	warmPlate	5.374955e+02	5.399015e+02	1.583241e-01
1713          	OVC	-4.919698e+02	-4.908813e+02	-1.583189e-01
1714          	warmPlate	5.374955e+02	5.399015e+02	1.583241e-01
1714          	OVC	-4.919698e+02	-4.908813e+02	-1.583189e-01
1715          	warmPlate	5.374955e+02	5.399015e+02	1.583241e-01
1715          	OVC	-4.919698e+02	-4.908813e+02	-1.583189e-01
1716          	warmPlate	5.374955e+02	5.399015e+02	1.583241e-01
1716          	OVC	-4.919698e+02	-4.908813e+02	-1.583189e-01
1717          	warmPlate	5.374955e+02	5.399015e+02	1.583241e-01
1717          	OVC	-4.919698e+02	-4.908813e+02	-1.583189e-01
1718          	warmPlate	5.374955e+02	5.399015e+02	1.583241e-01
1718          	OVC	-4.919698e+02	-4.908813e+02	-1.583189e-01
1719          	warmPlate	5.374955e+02	5.399015e+02	1.583241e-01
1719          	OVC	-4.919698e+02	-4.908813e+02	-1.583189e-01
1720          	warmPlate	5.374955e+02	5.399015e+02	1.583241e-01
1720          	OVC	-4.919698e+02	-4.908813e+02	-1.583189e-01
1721          	warmPlate	5.374955e+02	5.399015e+02	1.583241e-01
1721          	OVC	-4.919698e+02	-4.908813e+02	-1.583189e-01
1722          	warmPlate	5.374955e+02	5.399015e+02	1.583241e-01
1722          	OVC	-4.919698e+02	-4.908813e+02	-1.583189e-01
1723          	warmPlate	5.374955e+02	5.399015e+02	1.583241e-01
1723          	OVC	-4.919698e+02	-4.908813e+02	-1.583189e-01
1724          	warmPlate	5.374955e+02	5.399015e+02	1.583241e-01
1724          	OVC	-4.919698e+02	-4.908813e+02	-1.583189e-01
1725          	warmPlate	5.374955e+02	5.399015e+02	1.583241e-01
1725          	OVC	-4.919698e+02	-4.908813e+02	-1.583189e-01
1726          	warmPlate	5.374955e+02	5.399015e+02	1.583241e-01
1726          	OVC	-4.919698e+02	-4.908813e+02	-1.583189e-01
1727          	warmPlate	5.374955e+02	5.399015e+02	1.583241e-01
1727          	OVC	-4.919698e+02	-4.908813e+02	-1.583189e-01
1728          	warmPlate	5.374955e+02	5.399015e+02	1.583241e-01
1728          	OVC	-4.919698e+02	-4.908813e+02	-1.583189e-01
1729          	warmPlate	5.374955e+02	5.399015e+02	1.583241e-01
1729          	OVC	-4.919698e+02	-4.908813e+02	-1.583189e-01
1730          	warmPlate	5.374955e+02	5.399015e+02	1.583241e-01
1730          	OVC	-4.919698e+02	-4.908813e+02	-1.583189e-01
1731          	warmPlate	5.374955e+02	5.399015e+02	1.583241e-01
1731          	OVC	-4.919698e+02	-4.908813e+02	-1.583189e-01
1732          	warmPlate	5.374955e+02	5.399015e+02	1.583241e-01
1732          	OVC	-4.919698e+02	-4.908813e+02	-1.583189e-01
1733          	warmPlate	5.374955e+02	5.399015e+02	1.583241e-01
1733          	OVC	-4.919698e+02	-4.908813e+02	-1.583189e-01
1734          	warmPlate	5.374955e+02	5.399015e+02	1.583241e-01
1734          	OVC	-4.919698e+02	-4.908813e+02	-1.583189e-01
1735          	warmPlate	5.374955e+02	5.399015e+02	1.583241e-01
1735          	OVC	-4.919698e+02	-4.908813e+02	-1.583189e-01
1736          	warmPlate	5.374955e+02	5.399015e+02	1.583241e-01
1736          	OVC	-4.919698e+02	-4.908813e+02	-1.583189e-01
1737          	warmPlate	5.374955e+02	5.399015e+02	1.583241e-01
1737          	OVC	-4.919698e+02	-4.908813e+02	-1.583189e-01
1738          	warmPlate	5.374955e+02	5.399015e+02	1.583241e-01
1738          	OVC	-4.919698e+02	-4.908813e+02	-1.583189e-01
1739          	warmPlate	5.374955e+02	5.399015e+02	1.583241e-01
1739          	OVC	-4.919698e+02	-4.908813e+02	-1.583189e-01
1740          	warmPlate	5.374955e+02	5.399015e+02	1.583241e-01
1740          	OVC	-4.919698e+02	-4.908813e+02	-1.583189e-01
1741          	warmPlate	5.374955e+02	5.399015e+02	1.583241e-01
1741          	OVC	-4.919698e+02	-4.908813e+02	-1.583189e-01
1742          	warmPlate	5.374955e+02	5.399015e+02	1.583241e-01
1742          	OVC	-4.919698e+02	-4.908813e+02	-1.583189e-01
1743          	warmPlate	5.374955e+02	5.399015e+02	1.583241e-01
1743          	OVC	-4.919698e+02	-4.908813e+02	-1.583189e-01
1744          	warmPlate	5.374955e+02	5.399015e+02	1.583241e-01
1744          	OVC	-4.919698e+02	-4.908813e+02	-1.583189e-01
1745          	warmPlate	5.374955e+02	5.399015e+02	1.583241e-01
1745          	OVC	-4.919698e+02	-4.908813e+02	-1.583189e-01
1746          	warmPlate	5.374955e+02	5.399015e+02	1.583241e-01
1746          	OVC	-4.919698e+02	-4.908813e+02	-1.583189e-01
1747          	warmPlate	5.374955e+02	5.399015e+02	1.583241e-01
1747          	OVC	-4.919698e+02	-4.908813e+02	-1.583189e-01
1748          	warmPlate	5.374955e+02	5.399015e+02	1.583241e-01
1748          	OVC	-4.919698e+02	-4.908813e+02	-1.583189e-01
1749          	warmPlate	5.374955e+02	5.399015e+02	1.583241e-01
1749          	OVC	-4.919698e+02	-4.908813e+02	-1.583189e-01
1750          	warmPlate	5.374955e+02	5.399015e+02	1.583241e-01
1750          	OVC	-4.919698e+02	-4.908813e+02	-1.583189e-01
1751          	warmPlate	5.374955e+02	5.399015e+02	1.583241e-01
1751          	OVC	-4.919698e+02	-4.908813e+02	-1.583189e-01
1752          	warmPlate	5.374955e+02	5.399015e+02	1.583241e-01
1752          	OVC	-4.919698e+02	-4.908813e+02	-1.583189e-01
1753          	warmPlate	5.374955e+02	5.399015e+02	1.583241e-01
1753          	OVC	-4.919698e+02	-4.908813e+02	-1.583189e-01
1754          	warmPlate	5.374955e+02	5.399015e+02	1.583241e-01
1754          	OVC	-4.919698e+02	-4.908813e+02	-1.583189e-01
1755          	warmPlate	5.374955e+02	5.399015e+02	1.583241e-01
1755          	OVC	-4.919698e+02	-4.908813e+02	-1.583189e-01
1756          	warmPlate	5.374955e+02	5.399015e+02	1.583241e-01
1756          	OVC	-4.919698e+02	-4.908813e+02	-1.583189e-01
1757          	warmPlate	5.374955e+02	5.399015e+02	1.583241e-01
1757          	OVC	-4.919698e+02	-4.908813e+02	-1.583189e-01
1758          	warmPlate	5.374955e+02	5.399015e+02	1.583241e-01
1758          	OVC	-4.919698e+02	-4.908813e+02	-1.583189e-01
1759          	warmPlate	5.374955e+02	5.399015e+02	1.583241e-01
1759          	OVC	-4.919698e+02	-4.908813e+02	-1.583189e-01
1760          	warmPlate	5.374955e+02	5.399015e+02	1.583241e-01
1760          	OVC	-4.919698e+02	-4.908813e+02	-1.583189e-01
1761          	warmPlate	5.374955e+02	5.399015e+02	1.583241e-01
1761          	OVC	-4.919698e+02	-4.908813e+02	-1.583189e-01
1762          	warmPlate	5.374955e+02	5.399015e+02	1.583241e-01
1762          	OVC	-4.919698e+02	-4.908813e+02	-1.583189e-01
1763          	warmPlate	5.374955e+02	5.399015e+02	1.583241e-01
1763          	OVC	-4.919698e+02	-4.908813e+02	-1.583189e-01
1764          	warmPlate	5.374955e+02	5.399015e+02	1.583241e-01
1764          	OVC	-4.919698e+02	-4.908813e+02	-1.583189e-01
1765          	warmPlate	5.374955e+02	5.399015e+02	1.583241e-01
1765          	OVC	-4.919698e+02	-4.908813e+02	-1.583189e-01
1766          	warmPlate	5.374955e+02	5.399015e+02	1.583241e-01
1766          	OVC	-4.919698e+02	-4.908813e+02	-1.583189e-01
1767          	warmPlate	5.374955e+02	5.399015e+02	1.583241e-01
1767          	OVC	-4.919698e+02	-4.908813e+02	-1.583189e-01
1768          	warmPlate	5.374955e+02	5.399015e+02	1.583241e-01
1768          	OVC	-4.919698e+02	-4.908813e+02	-1.583189e-01
1769          	warmPlate	5.374955e+02	5.399015e+02	1.583241e-01
1769          	OVC	-4.919698e+02	-4.908813e+02	-1.583189e-01
1770          	warmPlate	5.374955e+02	5.399015e+02	1.583241e-01
1770          	OVC	-4.919698e+02	-4.908813e+02	-1.583189e-01
1771          	warmPlate	5.374955e+02	5.399015e+02	1.583241e-01
1771          	OVC	-4.919698e+02	-4.908813e+02	-1.583189e-01
1772          	warmPlate	5.374955e+02	5.399015e+02	1.583241e-01
1772          	OVC	-4.919698e+02	-4.908813e+02	-1.583189e-01
1773          	warmPlate	5.374955e+02	5.399015e+02	1.583241e-01
1773          	OVC	-4.919698e+02	-4.908813e+02	-1.583189e-01
1774          	warmPlate	5.374955e+02	5.399015e+02	1.583241e-01
1774          	OVC	-4.919698e+02	-4.908813e+02	-1.583189e-01
1775          	warmPlate	5.374955e+02	5.399015e+02	1.583241e-01
1775          	OVC	-4.919698e+02	-4.908813e+02	-1.583189e-01
1776          	warmPlate	5.374955e+02	5.399015e+02	1.583241e-01
1776          	OVC	-4.919698e+02	-4.908813e+02	-1.583189e-01
1777          	warmPlate	5.374955e+02	5.399015e+02	1.583241e-01
1777          	OVC	-4.919698e+02	-4.908813e+02	-1.583189e-01
1778          	warmPlate	5.374955e+02	5.399015e+02	1.583241e-01
1778          	OVC	-4.919698e+02	-4.908813e+02	-1.583189e-01
1779          	warmPlate	5.374955e+02	5.399015e+02	1.583241e-01
1779          	OVC	-4.919698e+02	-4.908813e+02	-1.583189e-01
1780          	warmPlate	5.374955e+02	5.399015e+02	1.583241e-01
1780          	OVC	-4.919698e+02	-4.908813e+02	-1.583189e-01
1781          	warmPlate	5.374955e+02	5.399015e+02	1.583241e-01
1781          	OVC	-4.919698e+02	-4.908813e+02	-1.583189e-01
1782          	warmPlate	5.374955e+02	5.399015e+02	1.583241e-01
1782          	OVC	-4.919698e+02	-4.908813e+02	-1.583189e-01
1783          	warmPlate	5.374955e+02	5.399015e+02	1.583241e-01
1783          	OVC	-4.919698e+02	-4.908813e+02	-1.583189e-01
1784          	warmPlate	5.374955e+02	5.399015e+02	1.583241e-01
1784          	OVC	-4.919698e+02	-4.908813e+02	-1.583189e-01
1785          	warmPlate	5.374955e+02	5.399015e+02	1.583241e-01
1785          	OVC	-4.919698e+02	-4.908813e+02	-1.583189e-01
1786          	warmPlate	5.374955e+02	5.399015e+02	1.583241e-01
1786          	OVC	-4.919698e+02	-4.908813e+02	-1.583189e-01
1787          	warmPlate	5.374955e+02	5.399015e+02	1.583241e-01
1787          	OVC	-4.919698e+02	-4.908813e+02	-1.583189e-01
1788          	warmPlate	5.374955e+02	5.399015e+02	1.583241e-01
1788          	OVC	-4.919698e+02	-4.908813e+02	-1.583189e-01
1789          	warmPlate	5.374955e+02	5.399015e+02	1.583241e-01
1789          	OVC	-4.919698e+02	-4.908813e+02	-1.583189e-01
1790          	warmPlate	5.374955e+02	5.399015e+02	1.583241e-01
1790          	OVC	-4.919698e+02	-4.908813e+02	-1.583189e-01
1791          	warmPlate	5.374955e+02	5.399015e+02	1.583241e-01
1791          	OVC	-4.919698e+02	-4.908813e+02	-1.583189e-01
1792          	warmPlate	5.374955e+02	5.399015e+02	1.583241e-01
1792          	OVC	-4.919698e+02	-4.908813e+02	-1.583189e-01
1793          	warmPlate	5.374955e+02	5.399015e+02	1.583241e-01
1793          	OVC	-4.919698e+02	-4.908813e+02	-1.583189e-01
1794          	warmPlate	5.374955e+02	5.399015e+02	1.583241e-01
1794          	OVC	-4.919698e+02	-4.908813e+02	-1.583189e-01
1795          	warmPlate	5.374955e+02	5.399015e+02	1.583241e-01
1795          	OVC	-4.919698e+02	-4.908813e+02	-1.583189e-01
1796          	warmPlate	5.374955e+02	5.399015e+02	1.583241e-01
1796          	OVC	-4.919698e+02	-4.908813e+02	-1.583189e-01
1797          	warmPlate	5.374955e+02	5.399015e+02	1.583241e-01
1797          	OVC	-4.919698e+02	-4.908813e+02	-1.583189e-01
1798          	warmPlate	5.374955e+02	5.399015e+02	1.583241e-01
1798          	OVC	-4.919698e+02	-4.908813e+02	-1.583189e-01
1799          	warmPlate	5.374955e+02	5.399015e+02	1.583241e-01
1799          	OVC	-4.919698e+02	-4.908813e+02	-1.583189e-01
1800          	warmPlate	5.374955e+02	5.399015e+02	1.583241e-01
1800          	OVC	-4.919698e+02	-4.908813e+02	-1.583189e-01
1801          	warmPlate	5.374955e+02	5.399015e+02	1.583241e-01
1801          	OVC	-4.919698e+02	-4.908813e+02	-1.583189e-01
1802          	warmPlate	5.374955e+02	5.399015e+02	1.583241e-01
1802          	OVC	-4.919698e+02	-4.908813e+02	-1.583189e-01
1803          	warmPlate	5.374955e+02	5.399015e+02	1.583241e-01
1803          	OVC	-4.919698e+02	-4.908813e+02	-1.583189e-01
1804          	warmPlate	5.374955e+02	5.399015e+02	1.583241e-01
1804          	OVC	-4.919698e+02	-4.908813e+02	-1.583189e-01
1805          	warmPlate	5.374955e+02	5.399015e+02	1.583241e-01
1805          	OVC	-4.919698e+02	-4.908813e+02	-1.583189e-01
1806          	warmPlate	5.374955e+02	5.399015e+02	1.583241e-01
1806          	OVC	-4.919698e+02	-4.908813e+02	-1.583189e-01
1807          	warmPlate	5.374955e+02	5.399015e+02	1.583241e-01
1807          	OVC	-4.919698e+02	-4.908813e+02	-1.583189e-01
1808          	warmPlate	5.374955e+02	5.399015e+02	1.583241e-01
1808          	OVC	-4.919698e+02	-4.908813e+02	-1.583189e-01
1809          	warmPlate	5.374955e+02	5.399015e+02	1.583241e-01
1809          	OVC	-4.919698e+02	-4.908813e+02	-1.583189e-01
1810          	warmPlate	5.374955e+02	5.399015e+02	1.583241e-01
1810          	OVC	-4.919698e+02	-4.908813e+02	-1.583189e-01
1811          	warmPlate	5.374955e+02	5.399015e+02	1.583241e-01
1811          	OVC	-4.919698e+02	-4.908813e+02	-1.583189e-01
1812          	warmPlate	5.374955e+02	5.399015e+02	1.583241e-01
1812          	OVC	-4.919698e+02	-4.908813e+02	-1.583189e-01
1813          	warmPlate	5.374955e+02	5.399015e+02	1.583241e-01
1813          	OVC	-4.919698e+02	-4.908813e+02	-1.583189e-01
1814          	warmPlate	5.374955e+02	5.399015e+02	1.583241e-01
1814          	OVC	-4.919698e+02	-4.908813e+02	-1.583189e-01
1815          	warmPlate	5.374955e+02	5.399015e+02	1.583241e-01
1815          	OVC	-4.919698e+02	-4.908813e+02	-1.583189e-01
1816          	warmPlate	5.374955e+02	5.399015e+02	1.583241e-01
1816          	OVC	-4.919698e+02	-4.908813e+02	-1.583189e-01
1817          	warmPlate	5.374955e+02	5.399015e+02	1.583241e-01
1817          	OVC	-4.919698e+02	-4.908813e+02	-1.583189e-01
1818          	warmPlate	5.374955e+02	5.399015e+02	1.583241e-01
1818          	OVC	-4.919698e+02	-4.908813e+02	-1.583189e-01
1819          	warmPlate	5.374955e+02	5.399015e+02	1.583241e-01
1819          	OVC	-4.919698e+02	-4.908813e+02	-1.583189e-01
1820          	warmPlate	5.374955e+02	5.399015e+02	1.583241e-01
1820          	OVC	-4.919698e+02	-4.908813e+02	-1.583189e-01
1821          	warmPlate	5.374955e+02	5.399015e+02	1.583241e-01
1821          	OVC	-4.919698e+02	-4.908813e+02	-1.583189e-01
1822          	warmPlate	5.374955e+02	5.399015e+02	1.583241e-01
1822          	OVC	-4.919698e+02	-4.908813e+02	-1.583189e-01
1823          	warmPlate	5.374955e+02	5.399015e+02	1.583241e-01
1823          	OVC	-4.919698e+02	-4.908813e+02	-1.583189e-01
1824          	warmPlate	5.374955e+02	5.399015e+02	1.583241e-01
1824          	OVC	-4.919698e+02	-4.908813e+02	-1.583189e-01
1825          	warmPlate	5.374955e+02	5.399015e+02	1.583241e-01
1825          	OVC	-4.919698e+02	-4.908813e+02	-1.583189e-01
1826          	warmPlate	5.374955e+02	5.399015e+02	1.583241e-01
1826          	OVC	-4.919698e+02	-4.908813e+02	-1.583189e-01
1827          	warmPlate	5.374955e+02	5.399015e+02	1.583241e-01
1827          	OVC	-4.919698e+02	-4.908813e+02	-1.583189e-01
1828          	warmPlate	5.374955e+02	5.399015e+02	1.583241e-01
1828          	OVC	-4.919698e+02	-4.908813e+02	-1.583189e-01
1829          	warmPlate	5.374955e+02	5.399015e+02	1.583241e-01
1829          	OVC	-4.919698e+02	-4.908813e+02	-1.583189e-01
1830          	warmPlate	5.374955e+02	5.399015e+02	1.583241e-01
1830          	OVC	-4.919698e+02	-4.908813e+02	-1.583189e-01
1831          	warmPlate	5.374955e+02	5.399015e+02	1.583241e-01
1831          	OVC	-4.919698e+02	-4.908813e+02	-1.583189e-01
1832          	warmPlate	5.374955e+02	5.399015e+02	1.583241e-01
1832          	OVC	-4.919698e+02	-4.908813e+02	-1.583189e-01
1833          	warmPlate	5.374955e+02	5.399015e+02	1.583241e-01
1833          	OVC	-4.919698e+02	-4.908813e+02	-1.583189e-01
1834          	warmPlate	5.374955e+02	5.399015e+02	1.583241e-01
1834          	OVC	-4.919698e+02	-4.908813e+02	-1.583189e-01
1835          	warmPlate	5.374955e+02	5.399015e+02	1.583241e-01
1835          	OVC	-4.919698e+02	-4.908813e+02	-1.583189e-01
1836          	warmPlate	5.374955e+02	5.399015e+02	1.583241e-01
1836          	OVC	-4.919698e+02	-4.908813e+02	-1.583189e-01
1837          	warmPlate	5.374955e+02	5.399015e+02	1.583241e-01
1837          	OVC	-4.919698e+02	-4.908813e+02	-1.583189e-01
1838          	warmPlate	5.374955e+02	5.399015e+02	1.583241e-01
1838          	OVC	-4.919698e+02	-4.908813e+02	-1.583189e-01
1839          	warmPlate	5.374955e+02	5.399015e+02	1.583241e-01
1839          	OVC	-4.919698e+02	-4.908813e+02	-1.583189e-01
1840          	warmPlate	5.374955e+02	5.399015e+02	1.583241e-01
1840          	OVC	-4.919698e+02	-4.908813e+02	-1.583189e-01
1841          	warmPlate	5.374955e+02	5.399015e+02	1.583241e-01
1841          	OVC	-4.919698e+02	-4.908813e+02	-1.583189e-01
1842          	warmPlate	5.374955e+02	5.399015e+02	1.583241e-01
1842          	OVC	-4.919698e+02	-4.908813e+02	-1.583189e-01
1843          	warmPlate	5.374955e+02	5.399015e+02	1.583241e-01
1843          	OVC	-4.919698e+02	-4.908813e+02	-1.583189e-01
1844          	warmPlate	5.374955e+02	5.399015e+02	1.583241e-01
1844          	OVC	-4.919698e+02	-4.908813e+02	-1.583189e-01
1845          	warmPlate	5.374955e+02	5.399015e+02	1.583241e-01
1845          	OVC	-4.919698e+02	-4.908813e+02	-1.583189e-01
1846          	warmPlate	5.374955e+02	5.399015e+02	1.583241e-01
1846          	OVC	-4.919698e+02	-4.908813e+02	-1.583189e-01
1847          	warmPlate	5.374955e+02	5.399015e+02	1.583241e-01
1847          	OVC	-4.919698e+02	-4.908813e+02	-1.583189e-01
1848          	warmPlate	5.374955e+02	5.399015e+02	1.583241e-01
1848          	OVC	-4.919698e+02	-4.908813e+02	-1.583189e-01
1849          	warmPlate	5.374955e+02	5.399015e+02	1.583241e-01
1849          	OVC	-4.919698e+02	-4.908813e+02	-1.583189e-01
1850          	warmPlate	5.374955e+02	5.399015e+02	1.583241e-01
1850          	OVC	-4.919698e+02	-4.908813e+02	-1.583189e-01
1851          	warmPlate	5.374955e+02	5.399015e+02	1.583241e-01
1851          	OVC	-4.919698e+02	-4.908813e+02	-1.583189e-01
1852          	warmPlate	5.374955e+02	5.399015e+02	1.583241e-01
1852          	OVC	-4.919698e+02	-4.908813e+02	-1.583189e-01
1853          	warmPlate	5.374955e+02	5.399015e+02	1.583241e-01
1853          	OVC	-4.919698e+02	-4.908813e+02	-1.583189e-01
1854          	warmPlate	5.374955e+02	5.399015e+02	1.583241e-01
1854          	OVC	-4.919698e+02	-4.908813e+02	-1.583189e-01
1855          	warmPlate	5.374955e+02	5.399015e+02	1.583241e-01
1855          	OVC	-4.919698e+02	-4.908813e+02	-1.583189e-01
1856          	warmPlate	5.374955e+02	5.399015e+02	1.583241e-01
1856          	OVC	-4.919698e+02	-4.908813e+02	-1.583189e-01
1857          	warmPlate	5.374955e+02	5.399015e+02	1.583241e-01
1857          	OVC	-4.919698e+02	-4.908813e+02	-1.583189e-01
1858          	warmPlate	5.374955e+02	5.399015e+02	1.583241e-01
1858          	OVC	-4.919698e+02	-4.908813e+02	-1.583189e-01
1859          	warmPlate	5.374955e+02	5.399015e+02	1.583241e-01
1859          	OVC	-4.919698e+02	-4.908813e+02	-1.583189e-01
1860          	warmPlate	5.374955e+02	5.399015e+02	1.583241e-01
1860          	OVC	-4.919698e+02	-4.908813e+02	-1.583189e-01
1861          	warmPlate	5.374955e+02	5.399015e+02	1.583241e-01
1861          	OVC	-4.919698e+02	-4.908813e+02	-1.583189e-01
1862          	warmPlate	5.374955e+02	5.399015e+02	1.583241e-01
1862          	OVC	-4.919698e+02	-4.908813e+02	-1.583189e-01
1863          	warmPlate	5.374955e+02	5.399015e+02	1.583241e-01
1863          	OVC	-4.919698e+02	-4.908813e+02	-1.583189e-01
1864          	warmPlate	5.374955e+02	5.399015e+02	1.583241e-01
1864          	OVC	-4.919698e+02	-4.908813e+02	-1.583189e-01
1865          	warmPlate	5.374955e+02	5.399015e+02	1.583241e-01
1865          	OVC	-4.919698e+02	-4.908813e+02	-1.583189e-01
1866          	warmPlate	5.374955e+02	5.399015e+02	1.583241e-01
1866          	OVC	-4.919698e+02	-4.908813e+02	-1.583189e-01
1867          	warmPlate	5.374955e+02	5.399015e+02	1.583241e-01
1867          	OVC	-4.919698e+02	-4.908813e+02	-1.583189e-01
1868          	warmPlate	5.374955e+02	5.399015e+02	1.583241e-01
1868          	OVC	-4.919698e+02	-4.908813e+02	-1.583189e-01
1869          	warmPlate	5.374955e+02	5.399015e+02	1.583241e-01
1869          	OVC	-4.919698e+02	-4.908813e+02	-1.583189e-01
1870          	warmPlate	5.374955e+02	5.399015e+02	1.583241e-01
1870          	OVC	-4.919698e+02	-4.908813e+02	-1.583189e-01
1871          	warmPlate	5.374955e+02	5.399015e+02	1.583241e-01
1871          	OVC	-4.919698e+02	-4.908813e+02	-1.583189e-01
1872          	warmPlate	5.374955e+02	5.399015e+02	1.583241e-01
1872          	OVC	-4.919698e+02	-4.908813e+02	-1.583189e-01
1873          	warmPlate	5.374955e+02	5.399015e+02	1.583241e-01
1873          	OVC	-4.919698e+02	-4.908813e+02	-1.583189e-01
1874          	warmPlate	5.374955e+02	5.399015e+02	1.583241e-01
1874          	OVC	-4.919698e+02	-4.908813e+02	-1.583189e-01
1875          	warmPlate	5.374955e+02	5.399015e+02	1.583241e-01
1875          	OVC	-4.919698e+02	-4.908813e+02	-1.583189e-01
1876          	warmPlate	5.374955e+02	5.399015e+02	1.583241e-01
1876          	OVC	-4.919698e+02	-4.908813e+02	-1.583189e-01
1877          	warmPlate	5.374955e+02	5.399015e+02	1.583241e-01
1877          	OVC	-4.919698e+02	-4.908813e+02	-1.583189e-01
1878          	warmPlate	5.374955e+02	5.399015e+02	1.583241e-01
1878          	OVC	-4.919698e+02	-4.908813e+02	-1.583189e-01
1879          	warmPlate	5.374955e+02	5.399015e+02	1.583241e-01
1879          	OVC	-4.919698e+02	-4.908813e+02	-1.583189e-01
1880          	warmPlate	5.374955e+02	5.399015e+02	1.583241e-01
1880          	OVC	-4.919698e+02	-4.908813e+02	-1.583189e-01
1881          	warmPlate	5.374955e+02	5.399015e+02	1.583241e-01
1881          	OVC	-4.919698e+02	-4.908813e+02	-1.583189e-01
1882          	warmPlate	5.374955e+02	5.399015e+02	1.583241e-01
1882          	OVC	-4.919698e+02	-4.908813e+02	-1.583189e-01
1883          	warmPlate	5.374955e+02	5.399015e+02	1.583241e-01
1883          	OVC	-4.919698e+02	-4.908813e+02	-1.583189e-01
1884          	warmPlate	5.374955e+02	5.399015e+02	1.583241e-01
1884          	OVC	-4.919698e+02	-4.908813e+02	-1.583189e-01
1885          	warmPlate	5.374955e+02	5.399015e+02	1.583241e-01
1885          	OVC	-4.919698e+02	-4.908813e+02	-1.583189e-01
1886          	warmPlate	5.374955e+02	5.399015e+02	1.583241e-01
1886          	OVC	-4.919698e+02	-4.908813e+02	-1.583189e-01
1887          	warmPlate	5.374955e+02	5.399015e+02	1.583241e-01
1887          	OVC	-4.919698e+02	-4.908813e+02	-1.583189e-01
1888          	warmPlate	5.374955e+02	5.399015e+02	1.583241e-01
1888          	OVC	-4.919698e+02	-4.908813e+02	-1.583189e-01
1889          	warmPlate	5.374955e+02	5.399015e+02	1.583241e-01
1889          	OVC	-4.919698e+02	-4.908813e+02	-1.583189e-01
1890          	warmPlate	5.374955e+02	5.399015e+02	1.583241e-01
1890          	OVC	-4.919698e+02	-4.908813e+02	-1.583189e-01
1891          	warmPlate	5.374955e+02	5.399015e+02	1.583241e-01
1891          	OVC	-4.919698e+02	-4.908813e+02	-1.583189e-01
1892          	warmPlate	5.374955e+02	5.399015e+02	1.583241e-01
1892          	OVC	-4.919698e+02	-4.908813e+02	-1.583189e-01
1893          	warmPlate	5.374955e+02	5.399015e+02	1.583241e-01
1893          	OVC	-4.919698e+02	-4.908813e+02	-1.583189e-01
1894          	warmPlate	5.374955e+02	5.399015e+02	1.583241e-01
1894          	OVC	-4.919698e+02	-4.908813e+02	-1.583189e-01
1895          	warmPlate	5.374955e+02	5.399015e+02	1.583241e-01
1895          	OVC	-4.919698e+02	-4.908813e+02	-1.583189e-01
1896          	warmPlate	5.374955e+02	5.399015e+02	1.583241e-01
1896          	OVC	-4.919698e+02	-4.908813e+02	-1.583189e-01
1897          	warmPlate	5.374955e+02	5.399015e+02	1.583241e-01
1897          	OVC	-4.919698e+02	-4.908813e+02	-1.583189e-01
1898          	warmPlate	5.374955e+02	5.399015e+02	1.583241e-01
1898          	OVC	-4.919698e+02	-4.908813e+02	-1.583189e-01
1899          	warmPlate	5.374955e+02	5.399015e+02	1.583241e-01
1899          	OVC	-4.919698e+02	-4.908813e+02	-1.583189e-01
1900          	warmPlate	5.374955e+02	5.399015e+02	1.583241e-01
1900          	OVC	-4.919698e+02	-4.908813e+02	-1.583189e-01
1901          	warmPlate	5.374955e+02	5.399015e+02	1.583241e-01
1901          	OVC	-4.919698e+02	-4.908813e+02	-1.583189e-01
1902          	warmPlate	5.374955e+02	5.399015e+02	1.583241e-01
1902          	OVC	-4.919698e+02	-4.908813e+02	-1.583189e-01
1903          	warmPlate	5.374955e+02	5.399015e+02	1.583241e-01
1903          	OVC	-4.919698e+02	-4.908813e+02	-1.583189e-01
1904          	warmPlate	5.374955e+02	5.399015e+02	1.583241e-01
1904          	OVC	-4.919698e+02	-4.908813e+02	-1.583189e-01
1905          	warmPlate	5.374955e+02	5.399015e+02	1.583241e-01
1905          	OVC	-4.919698e+02	-4.908813e+02	-1.583189e-01
1906          	warmPlate	5.374955e+02	5.399015e+02	1.583241e-01
1906          	OVC	-4.919698e+02	-4.908813e+02	-1.583189e-01
1907          	warmPlate	5.374955e+02	5.399015e+02	1.583241e-01
1907          	OVC	-4.919698e+02	-4.908813e+02	-1.583189e-01
1908          	warmPlate	5.374955e+02	5.399015e+02	1.583241e-01
1908          	OVC	-4.919698e+02	-4.908813e+02	-1.583189e-01
1909          	warmPlate	5.374955e+02	5.399015e+02	1.583241e-01
1909          	OVC	-4.919698e+02	-4.908813e+02	-1.583189e-01
1910          	warmPlate	5.374955e+02	5.399015e+02	1.583241e-01
1910          	OVC	-4.919698e+02	-4.908813e+02	-1.583189e-01
1911          	warmPlate	5.374955e+02	5.399015e+02	1.583241e-01
1911          	OVC	-4.919698e+02	-4.908813e+02	-1.583189e-01
1912          	warmPlate	5.374955e+02	5.399015e+02	1.583241e-01
1912          	OVC	-4.919698e+02	-4.908813e+02	-1.583189e-01
1913          	warmPlate	5.374955e+02	5.399015e+02	1.583241e-01
1913          	OVC	-4.919698e+02	-4.908813e+02	-1.583189e-01
1914          	warmPlate	5.374955e+02	5.399015e+02	1.583241e-01
1914          	OVC	-4.919698e+02	-4.908813e+02	-1.583189e-01
1915          	warmPlate	5.374955e+02	5.399015e+02	1.583241e-01
1915          	OVC	-4.919698e+02	-4.908813e+02	-1.583189e-01
1916          	warmPlate	5.374955e+02	5.399015e+02	1.583241e-01
1916          	OVC	-4.919698e+02	-4.908813e+02	-1.583189e-01
1917          	warmPlate	5.374955e+02	5.399015e+02	1.583241e-01
1917          	OVC	-4.919698e+02	-4.908813e+02	-1.583189e-01
1918          	warmPlate	5.374955e+02	5.399015e+02	1.583241e-01
1918          	OVC	-4.919698e+02	-4.908813e+02	-1.583189e-01
1919          	warmPlate	5.374955e+02	5.399015e+02	1.583241e-01
1919          	OVC	-4.919698e+02	-4.908813e+02	-1.583189e-01
1920          	warmPlate	5.374955e+02	5.399015e+02	1.583241e-01
1920          	OVC	-4.919698e+02	-4.908813e+02	-1.583189e-01
1921          	warmPlate	5.374955e+02	5.399015e+02	1.583241e-01
1921          	OVC	-4.919698e+02	-4.908813e+02	-1.583189e-01
1922          	warmPlate	5.374955e+02	5.399015e+02	1.583241e-01
1922          	OVC	-4.919698e+02	-4.908813e+02	-1.583189e-01
1923          	warmPlate	5.374955e+02	5.399015e+02	1.583241e-01
1923          	OVC	-4.919698e+02	-4.908813e+02	-1.583189e-01
1924          	warmPlate	5.374955e+02	5.399015e+02	1.583241e-01
1924          	OVC	-4.919698e+02	-4.908813e+02	-1.583189e-01
1925          	warmPlate	5.374955e+02	5.399015e+02	1.583241e-01
1925          	OVC	-4.919698e+02	-4.908813e+02	-1.583189e-01
1926          	warmPlate	5.374955e+02	5.399015e+02	1.583241e-01
1926          	OVC	-4.919698e+02	-4.908813e+02	-1.583189e-01
1927          	warmPlate	5.374955e+02	5.399015e+02	1.583241e-01
1927          	OVC	-4.919698e+02	-4.908813e+02	-1.583189e-01
1928          	warmPlate	5.374955e+02	5.399015e+02	1.583241e-01
1928          	OVC	-4.919698e+02	-4.908813e+02	-1.583189e-01
1929          	warmPlate	5.374955e+02	5.399015e+02	1.583241e-01
1929          	OVC	-4.919698e+02	-4.908813e+02	-1.583189e-01
1930          	warmPlate	5.374955e+02	5.399015e+02	1.583241e-01
1930          	OVC	-4.919698e+02	-4.908813e+02	-1.583189e-01
1931          	warmPlate	5.374955e+02	5.399015e+02	1.583241e-01
1931          	OVC	-4.919698e+02	-4.908813e+02	-1.583189e-01
1932          	warmPlate	5.374955e+02	5.399015e+02	1.583241e-01
1932          	OVC	-4.919698e+02	-4.908813e+02	-1.583189e-01
1933          	warmPlate	5.374955e+02	5.399015e+02	1.583241e-01
1933          	OVC	-4.919698e+02	-4.908813e+02	-1.583189e-01
1934          	warmPlate	5.374955e+02	5.399015e+02	1.583241e-01
1934          	OVC	-4.919698e+02	-4.908813e+02	-1.583189e-01
1935          	warmPlate	5.374955e+02	5.399015e+02	1.583241e-01
1935          	OVC	-4.919698e+02	-4.908813e+02	-1.583189e-01
1936          	warmPlate	5.374955e+02	5.399015e+02	1.583241e-01
1936          	OVC	-4.919698e+02	-4.908813e+02	-1.583189e-01
1937          	warmPlate	5.374955e+02	5.399015e+02	1.583241e-01
1937          	OVC	-4.919698e+02	-4.908813e+02	-1.583189e-01
1938          	warmPlate	5.374955e+02	5.399015e+02	1.583241e-01
1938          	OVC	-4.919698e+02	-4.908813e+02	-1.583189e-01
1939          	warmPlate	5.374955e+02	5.399015e+02	1.583241e-01
1939          	OVC	-4.919698e+02	-4.908813e+02	-1.583189e-01
1940          	warmPlate	5.374955e+02	5.399015e+02	1.583241e-01
1940          	OVC	-4.919698e+02	-4.908813e+02	-1.583189e-01
1941          	warmPlate	5.374955e+02	5.399015e+02	1.583241e-01
1941          	OVC	-4.919698e+02	-4.908813e+02	-1.583189e-01
1942          	warmPlate	5.374955e+02	5.399015e+02	1.583241e-01
1942          	OVC	-4.919698e+02	-4.908813e+02	-1.583189e-01
1943          	warmPlate	5.374955e+02	5.399015e+02	1.583241e-01
1943          	OVC	-4.919698e+02	-4.908813e+02	-1.583189e-01
1944          	warmPlate	5.374955e+02	5.399015e+02	1.583241e-01
1944          	OVC	-4.919698e+02	-4.908813e+02	-1.583189e-01
1945          	warmPlate	5.374955e+02	5.399015e+02	1.583241e-01
1945          	OVC	-4.919698e+02	-4.908813e+02	-1.583189e-01
1946          	warmPlate	5.374955e+02	5.399015e+02	1.583241e-01
1946          	OVC	-4.919698e+02	-4.908813e+02	-1.583189e-01
1947          	warmPlate	5.374955e+02	5.399015e+02	1.583241e-01
1947          	OVC	-4.919698e+02	-4.908813e+02	-1.583189e-01
1948          	warmPlate	5.374955e+02	5.399015e+02	1.583241e-01
1948          	OVC	-4.919698e+02	-4.908813e+02	-1.583189e-01
1949          	warmPlate	5.374955e+02	5.399015e+02	1.583241e-01
1949          	OVC	-4.919698e+02	-4.908813e+02	-1.583189e-01
1950          	warmPlate	5.374955e+02	5.399015e+02	1.583241e-01
1950          	OVC	-4.919698e+02	-4.908813e+02	-1.583189e-01
1951          	warmPlate	5.374955e+02	5.399015e+02	1.583241e-01
1951          	OVC	-4.919698e+02	-4.908813e+02	-1.583189e-01
1952          	warmPlate	5.374955e+02	5.399015e+02	1.583241e-01
1952          	OVC	-4.919698e+02	-4.908813e+02	-1.583189e-01
1953          	warmPlate	5.374955e+02	5.399015e+02	1.583241e-01
1953          	OVC	-4.919698e+02	-4.908813e+02	-1.583189e-01
1954          	warmPlate	5.374955e+02	5.399015e+02	1.583241e-01
1954          	OVC	-4.919698e+02	-4.908813e+02	-1.583189e-01
1955          	warmPlate	5.374955e+02	5.399015e+02	1.583241e-01
1955          	OVC	-4.919698e+02	-4.908813e+02	-1.583189e-01
1956          	warmPlate	5.374955e+02	5.399015e+02	1.583241e-01
1956          	OVC	-4.919698e+02	-4.908813e+02	-1.583189e-01
1957          	warmPlate	5.374955e+02	5.399015e+02	1.583241e-01
1957          	OVC	-4.919698e+02	-4.908813e+02	-1.583189e-01
1958          	warmPlate	5.374955e+02	5.399015e+02	1.583241e-01
1958          	OVC	-4.919698e+02	-4.908813e+02	-1.583189e-01
1959          	warmPlate	5.374955e+02	5.399015e+02	1.583241e-01
1959          	OVC	-4.919698e+02	-4.908813e+02	-1.583189e-01
1960          	warmPlate	5.374955e+02	5.399015e+02	1.583241e-01
1960          	OVC	-4.919698e+02	-4.908813e+02	-1.583189e-01
1961          	warmPlate	5.374955e+02	5.399015e+02	1.583241e-01
1961          	OVC	-4.919698e+02	-4.908813e+02	-1.583189e-01
1962          	warmPlate	5.374955e+02	5.399015e+02	1.583241e-01
1962          	OVC	-4.919698e+02	-4.908813e+02	-1.583189e-01
1963          	warmPlate	5.374955e+02	5.399015e+02	1.583241e-01
1963          	OVC	-4.919698e+02	-4.908813e+02	-1.583189e-01
1964          	warmPlate	5.374955e+02	5.399015e+02	1.583241e-01
1964          	OVC	-4.919698e+02	-4.908813e+02	-1.583189e-01
1965          	warmPlate	5.374955e+02	5.399015e+02	1.583241e-01
1965          	OVC	-4.919698e+02	-4.908813e+02	-1.583189e-01
1966          	warmPlate	5.374955e+02	5.399015e+02	1.583241e-01
1966          	OVC	-4.919698e+02	-4.908813e+02	-1.583189e-01
1967          	warmPlate	5.374955e+02	5.399015e+02	1.583241e-01
1967          	OVC	-4.919698e+02	-4.908813e+02	-1.583189e-01
1968          	warmPlate	5.374955e+02	5.399015e+02	1.583241e-01
1968          	OVC	-4.919698e+02	-4.908813e+02	-1.583189e-01
1969          	warmPlate	5.374955e+02	5.399015e+02	1.583241e-01
1969          	OVC	-4.919698e+02	-4.908813e+02	-1.583189e-01
1970          	warmPlate	5.374955e+02	5.399015e+02	1.583241e-01
1970          	OVC	-4.919698e+02	-4.908813e+02	-1.583189e-01
1971          	warmPlate	5.374955e+02	5.399015e+02	1.583241e-01
1971          	OVC	-4.919698e+02	-4.908813e+02	-1.583189e-01
1972          	warmPlate	5.374955e+02	5.399015e+02	1.583241e-01
1972          	OVC	-4.919698e+02	-4.908813e+02	-1.583189e-01
1973          	warmPlate	5.374955e+02	5.399015e+02	1.583241e-01
1973          	OVC	-4.919698e+02	-4.908813e+02	-1.583189e-01
1974          	warmPlate	5.374955e+02	5.399015e+02	1.583241e-01
1974          	OVC	-4.919698e+02	-4.908813e+02	-1.583189e-01
1975          	warmPlate	5.374955e+02	5.399015e+02	1.583241e-01
1975          	OVC	-4.919698e+02	-4.908813e+02	-1.583189e-01
1976          	warmPlate	5.374955e+02	5.399015e+02	1.583241e-01
1976          	OVC	-4.919698e+02	-4.908813e+02	-1.583189e-01
1977          	warmPlate	5.374955e+02	5.399015e+02	1.583241e-01
1977          	OVC	-4.919698e+02	-4.908813e+02	-1.583189e-01
1978          	warmPlate	5.374955e+02	5.399015e+02	1.583241e-01
1978          	OVC	-4.919698e+02	-4.908813e+02	-1.583189e-01
1979          	warmPlate	5.374955e+02	5.399015e+02	1.583241e-01
1979          	OVC	-4.919698e+02	-4.908813e+02	-1.583189e-01
1980          	warmPlate	5.374955e+02	5.399015e+02	1.583241e-01
1980          	OVC	-4.919698e+02	-4.908813e+02	-1.583189e-01
1981          	warmPlate	5.374955e+02	5.399015e+02	1.583241e-01
1981          	OVC	-4.919698e+02	-4.908813e+02	-1.583189e-01
1982          	warmPlate	5.374955e+02	5.399015e+02	1.583241e-01
1982          	OVC	-4.919698e+02	-4.908813e+02	-1.583189e-01
1983          	warmPlate	5.374955e+02	5.399015e+02	1.583241e-01
1983          	OVC	-4.919698e+02	-4.908813e+02	-1.583189e-01
1984          	warmPlate	5.374955e+02	5.399015e+02	1.583241e-01
1984          	OVC	-4.919698e+02	-4.908813e+02	-1.583189e-01
1985          	warmPlate	5.374955e+02	5.399015e+02	1.583241e-01
1985          	OVC	-4.919698e+02	-4.908813e+02	-1.583189e-01
1986          	warmPlate	5.374955e+02	5.399015e+02	1.583241e-01
1986          	OVC	-4.919698e+02	-4.908813e+02	-1.583189e-01
1987          	warmPlate	5.374955e+02	5.399015e+02	1.583241e-01
1987          	OVC	-4.919698e+02	-4.908813e+02	-1.583189e-01
1988          	warmPlate	5.374955e+02	5.399015e+02	1.583241e-01
1988          	OVC	-4.919698e+02	-4.908813e+02	-1.583189e-01
1989          	warmPlate	5.374955e+02	5.399015e+02	1.583241e-01
1989          	OVC	-4.919698e+02	-4.908813e+02	-1.583189e-01
1990          	warmPlate	5.374955e+02	5.399015e+02	1.583241e-01
1990          	OVC	-4.919698e+02	-4.908813e+02	-1.583189e-01
1991          	warmPlate	5.374955e+02	5.399015e+02	1.583241e-01
1991          	OVC	-4.919698e+02	-4.908813e+02	-1.583189e-01
1992          	warmPlate	5.374955e+02	5.399015e+02	1.583241e-01
1992          	OVC	-4.919698e+02	-4.908813e+02	-1.583189e-01
1993          	warmPlate	5.374955e+02	5.399015e+02	1.583241e-01
1993          	OVC	-4.919698e+02	-4.908813e+02	-1.583189e-01
1994          	warmPlate	5.374955e+02	5.399015e+02	1.583241e-01
1994          	OVC	-4.919698e+02	-4.908813e+02	-1.583189e-01
1995          	warmPlate	5.374955e+02	5.399015e+02	1.583241e-01
1995          	OVC	-4.919698e+02	-4.908813e+02	-1.583189e-01
1996          	warmPlate	5.374955e+02	5.399015e+02	1.583241e-01
1996          	OVC	-4.919698e+02	-4.908813e+02	-1.583189e-01
1997          	warmPlate	5.374955e+02	5.399015e+02	1.583241e-01
1997          	OVC	-4.919698e+02	-4.908813e+02	-1.583189e-01
1998          	warmPlate	5.374955e+02	5.399015e+02	1.583241e-01
1998          	OVC	-4.919698e+02	-4.908813e+02	-1.583189e-01
1999          	warmPlate	5.374955e+02	5.399015e+02	1.583241e-01
1999          	OVC	-4.919698e+02	-4.908813e+02	-1.583189e-01
2000          	warmPlate	5.374955e+02	5.399015e+02	1.583241e-01
2000          	OVC	-4.919698e+02	-4.908813e+02	-1.583189e-01
2001          	warmPlate	5.374955e+02	5.399015e+02	1.583241e-01
2001          	OVC	-4.919698e+02	-4.908813e+02	-1.583189e-01
2002          	warmPlate	5.374955e+02	5.399015e+02	1.583241e-01
2002          	OVC	-4.919698e+02	-4.908813e+02	-1.583189e-01
2003          	warmPlate	5.374955e+02	5.399015e+02	1.583241e-01
2003          	OVC	-4.919698e+02	-4.908813e+02	-1.583189e-01
2004          	warmPlate	5.374955e+02	5.399015e+02	1.583241e-01
2004          	OVC	-4.919698e+02	-4.908813e+02	-1.583189e-01
2005          	warmPlate	5.374955e+02	5.399015e+02	1.583241e-01
2005          	OVC	-4.919698e+02	-4.908813e+02	-1.583189e-01
2006          	warmPlate	5.374955e+02	5.399015e+02	1.583241e-01
2006          	OVC	-4.919698e+02	-4.908813e+02	-1.583189e-01
2007          	warmPlate	5.374955e+02	5.399015e+02	1.583241e-01
2007          	OVC	-4.919698e+02	-4.908813e+02	-1.583189e-01
2008          	warmPlate	5.374955e+02	5.399015e+02	1.583241e-01
2008          	OVC	-4.919698e+02	-4.908813e+02	-1.583189e-01
2009          	warmPlate	5.374955e+02	5.399015e+02	1.583241e-01
2009          	OVC	-4.919698e+02	-4.908813e+02	-1.583189e-01
2010          	warmPlate	5.374955e+02	5.399015e+02	1.583241e-01
2010          	OVC	-4.919698e+02	-4.908813e+02	-1.583189e-01
2011          	warmPlate	5.374955e+02	5.399015e+02	1.583241e-01
2011          	OVC	-4.919698e+02	-4.908813e+02	-1.583189e-01
2012          	warmPlate	5.374955e+02	5.399015e+02	1.583241e-01
2012          	OVC	-4.919698e+02	-4.908813e+02	-1.583189e-01
2013          	warmPlate	5.374955e+02	5.399015e+02	1.583241e-01
2013          	OVC	-4.919698e+02	-4.908813e+02	-1.583189e-01
2014          	warmPlate	5.374955e+02	5.399015e+02	1.583241e-01
2014          	OVC	-4.919698e+02	-4.908813e+02	-1.583189e-01
2015          	warmPlate	5.374955e+02	5.399015e+02	1.583241e-01
2015          	OVC	-4.919698e+02	-4.908813e+02	-1.583189e-01
2016          	warmPlate	5.374955e+02	5.399015e+02	1.583241e-01
2016          	OVC	-4.919698e+02	-4.908813e+02	-1.583189e-01
2017          	warmPlate	5.374955e+02	5.399015e+02	1.583241e-01
2017          	OVC	-4.919698e+02	-4.908813e+02	-1.583189e-01
2018          	warmPlate	5.374955e+02	5.399015e+02	1.583241e-01
2018          	OVC	-4.919698e+02	-4.908813e+02	-1.583189e-01
2019          	warmPlate	5.374955e+02	5.399015e+02	1.583241e-01
2019          	OVC	-4.919698e+02	-4.908813e+02	-1.583189e-01
2020          	warmPlate	5.374955e+02	5.399015e+02	1.583241e-01
2020          	OVC	-4.919698e+02	-4.908813e+02	-1.583189e-01
2021          	warmPlate	5.374955e+02	5.399015e+02	1.583241e-01
2021          	OVC	-4.919698e+02	-4.908813e+02	-1.583189e-01
2022          	warmPlate	5.374955e+02	5.399015e+02	1.583241e-01
2022          	OVC	-4.919698e+02	-4.908813e+02	-1.583189e-01
2023          	warmPlate	5.374955e+02	5.399015e+02	1.583241e-01
2023          	OVC	-4.919698e+02	-4.908813e+02	-1.583189e-01
2024          	warmPlate	5.374955e+02	5.399015e+02	1.583241e-01
2024          	OVC	-4.919698e+02	-4.908813e+02	-1.583189e-01
2025          	warmPlate	5.374955e+02	5.399015e+02	1.583241e-01
2025          	OVC	-4.919698e+02	-4.908813e+02	-1.583189e-01
2026          	warmPlate	5.374955e+02	5.399015e+02	1.583241e-01
2026          	OVC	-4.919698e+02	-4.908813e+02	-1.583189e-01
2027          	warmPlate	5.374955e+02	5.399015e+02	1.583241e-01
2027          	OVC	-4.919698e+02	-4.908813e+02	-1.583189e-01
2028          	warmPlate	5.374955e+02	5.399015e+02	1.583241e-01
2028          	OVC	-4.919698e+02	-4.908813e+02	-1.583189e-01
2029          	warmPlate	5.374955e+02	5.399015e+02	1.583241e-01
2029          	OVC	-4.919698e+02	-4.908813e+02	-1.583189e-01
2030          	warmPlate	5.374955e+02	5.399015e+02	1.583241e-01
2030          	OVC	-4.919698e+02	-4.908813e+02	-1.583189e-01
2031          	warmPlate	5.374955e+02	5.399015e+02	1.583241e-01
2031          	OVC	-4.919698e+02	-4.908813e+02	-1.583189e-01
2032          	warmPlate	5.374955e+02	5.399015e+02	1.583241e-01
2032          	OVC	-4.919698e+02	-4.908813e+02	-1.583189e-01
2033          	warmPlate	5.374955e+02	5.399015e+02	1.583241e-01
2033          	OVC	-4.919698e+02	-4.908813e+02	-1.583189e-01
2034          	warmPlate	5.374955e+02	5.399015e+02	1.583241e-01
2034          	OVC	-4.919698e+02	-4.908813e+02	-1.583189e-01
2035          	warmPlate	5.374955e+02	5.399015e+02	1.583241e-01
2035          	OVC	-4.919698e+02	-4.908813e+02	-1.583189e-01
2036          	warmPlate	5.374955e+02	5.399015e+02	1.583241e-01
2036          	OVC	-4.919698e+02	-4.908813e+02	-1.583189e-01
2037          	warmPlate	5.374955e+02	5.399015e+02	1.583241e-01
2037          	OVC	-4.919698e+02	-4.908813e+02	-1.583189e-01
2038          	warmPlate	5.374955e+02	5.399015e+02	1.583241e-01
2038          	OVC	-4.919698e+02	-4.908813e+02	-1.583189e-01
2039          	warmPlate	5.374955e+02	5.399015e+02	1.583241e-01
2039          	OVC	-4.919698e+02	-4.908813e+02	-1.583189e-01
2040          	warmPlate	5.374955e+02	5.399015e+02	1.583241e-01
2040          	OVC	-4.919698e+02	-4.908813e+02	-1.583189e-01
2041          	warmPlate	5.374955e+02	5.399015e+02	1.583241e-01
2041          	OVC	-4.919698e+02	-4.908813e+02	-1.583189e-01
2042          	warmPlate	5.374955e+02	5.399015e+02	1.583241e-01
2042          	OVC	-4.919698e+02	-4.908813e+02	-1.583189e-01
2043          	warmPlate	5.374955e+02	5.399015e+02	1.583241e-01
2043          	OVC	-4.919698e+02	-4.908813e+02	-1.583189e-01
2044          	warmPlate	5.374955e+02	5.399015e+02	1.583241e-01
2044          	OVC	-4.919698e+02	-4.908813e+02	-1.583189e-01
2045          	warmPlate	5.374955e+02	5.399015e+02	1.583241e-01
2045          	OVC	-4.919698e+02	-4.908813e+02	-1.583189e-01
2046          	warmPlate	5.374955e+02	5.399015e+02	1.583241e-01
2046          	OVC	-4.919698e+02	-4.908813e+02	-1.583189e-01
2047          	warmPlate	5.374955e+02	5.399015e+02	1.583241e-01
2047          	OVC	-4.919698e+02	-4.908813e+02	-1.583189e-01
2048          	warmPlate	5.374955e+02	5.399015e+02	1.583241e-01
2048          	OVC	-4.919698e+02	-4.908813e+02	-1.583189e-01
2049          	warmPlate	5.374955e+02	5.399015e+02	1.583241e-01
2049          	OVC	-4.919698e+02	-4.908813e+02	-1.583189e-01
2050          	warmPlate	5.374955e+02	5.399015e+02	1.583241e-01
2050          	OVC	-4.919698e+02	-4.908813e+02	-1.583189e-01
2051          	warmPlate	5.374955e+02	5.399015e+02	1.583241e-01
2051          	OVC	-4.919698e+02	-4.908813e+02	-1.583189e-01
2052          	warmPlate	5.374955e+02	5.399015e+02	1.583241e-01
2052          	OVC	-4.919698e+02	-4.908813e+02	-1.583189e-01
2053          	warmPlate	5.374955e+02	5.399015e+02	1.583241e-01
2053          	OVC	-4.919698e+02	-4.908813e+02	-1.583189e-01
2054          	warmPlate	5.374955e+02	5.399015e+02	1.583241e-01
2054          	OVC	-4.919698e+02	-4.908813e+02	-1.583189e-01
2055          	warmPlate	5.374955e+02	5.399015e+02	1.583241e-01
2055          	OVC	-4.919698e+02	-4.908813e+02	-1.583189e-01
2056          	warmPlate	5.374955e+02	5.399015e+02	1.583241e-01
2056          	OVC	-4.919698e+02	-4.908813e+02	-1.583189e-01
2057          	warmPlate	5.374955e+02	5.399015e+02	1.583241e-01
2057          	OVC	-4.919698e+02	-4.908813e+02	-1.583189e-01
2058          	warmPlate	5.374955e+02	5.399015e+02	1.583241e-01
2058          	OVC	-4.919698e+02	-4.908813e+02	-1.583189e-01
2059          	warmPlate	5.374955e+02	5.399015e+02	1.583241e-01
2059          	OVC	-4.919698e+02	-4.908813e+02	-1.583189e-01
2060          	warmPlate	5.374955e+02	5.399015e+02	1.583241e-01
2060          	OVC	-4.919698e+02	-4.908813e+02	-1.583189e-01
2061          	warmPlate	5.374955e+02	5.399015e+02	1.583241e-01
2061          	OVC	-4.919698e+02	-4.908813e+02	-1.583189e-01
2062          	warmPlate	5.374955e+02	5.399015e+02	1.583241e-01
2062          	OVC	-4.919698e+02	-4.908813e+02	-1.583189e-01
2063          	warmPlate	5.374955e+02	5.399015e+02	1.583241e-01
2063          	OVC	-4.919698e+02	-4.908813e+02	-1.583189e-01
2064          	warmPlate	5.374955e+02	5.399015e+02	1.583241e-01
2064          	OVC	-4.919698e+02	-4.908813e+02	-1.583189e-01
2065          	warmPlate	5.374955e+02	5.399015e+02	1.583241e-01
2065          	OVC	-4.919698e+02	-4.908813e+02	-1.583189e-01
2066          	warmPlate	5.374955e+02	5.399015e+02	1.583241e-01
2066          	OVC	-4.919698e+02	-4.908813e+02	-1.583189e-01
2067          	warmPlate	5.374955e+02	5.399015e+02	1.583241e-01
2067          	OVC	-4.919698e+02	-4.908813e+02	-1.583189e-01
2068          	warmPlate	5.374955e+02	5.399015e+02	1.583241e-01
2068          	OVC	-4.919698e+02	-4.908813e+02	-1.583189e-01
2069          	warmPlate	5.374955e+02	5.399015e+02	1.583241e-01
2069          	OVC	-4.919698e+02	-4.908813e+02	-1.583189e-01
2070          	warmPlate	5.374955e+02	5.399015e+02	1.583241e-01
2070          	OVC	-4.919698e+02	-4.908813e+02	-1.583189e-01
2071          	warmPlate	5.374955e+02	5.399015e+02	1.583241e-01
2071          	OVC	-4.919698e+02	-4.908813e+02	-1.583189e-01
2072          	warmPlate	5.374955e+02	5.399015e+02	1.583241e-01
2072          	OVC	-4.919698e+02	-4.908813e+02	-1.583189e-01
2073          	warmPlate	5.374955e+02	5.399015e+02	1.583241e-01
2073          	OVC	-4.919698e+02	-4.908813e+02	-1.583189e-01
2074          	warmPlate	5.374955e+02	5.399015e+02	1.583241e-01
2074          	OVC	-4.919698e+02	-4.908813e+02	-1.583189e-01
2075          	warmPlate	5.374955e+02	5.399015e+02	1.583241e-01
2075          	OVC	-4.919698e+02	-4.908813e+02	-1.583189e-01
2076          	warmPlate	5.374955e+02	5.399015e+02	1.583241e-01
2076          	OVC	-4.919698e+02	-4.908813e+02	-1.583189e-01
2077          	warmPlate	5.374955e+02	5.399015e+02	1.583241e-01
2077          	OVC	-4.919698e+02	-4.908813e+02	-1.583189e-01
2078          	warmPlate	5.374955e+02	5.399015e+02	1.583241e-01
2078          	OVC	-4.919698e+02	-4.908813e+02	-1.583189e-01
2079          	warmPlate	5.374955e+02	5.399015e+02	1.583241e-01
2079          	OVC	-4.919698e+02	-4.908813e+02	-1.583189e-01
2080          	warmPlate	5.374955e+02	5.399015e+02	1.583241e-01
2080          	OVC	-4.919698e+02	-4.908813e+02	-1.583189e-01
2081          	warmPlate	5.374955e+02	5.399015e+02	1.583241e-01
2081          	OVC	-4.919698e+02	-4.908813e+02	-1.583189e-01
2082          	warmPlate	5.374955e+02	5.399015e+02	1.583241e-01
2082          	OVC	-4.919698e+02	-4.908813e+02	-1.583189e-01
2083          	warmPlate	5.374955e+02	5.399015e+02	1.583241e-01
2083          	OVC	-4.919698e+02	-4.908813e+02	-1.583189e-01
2084          	warmPlate	5.374955e+02	5.399015e+02	1.583241e-01
2084          	OVC	-4.919698e+02	-4.908813e+02	-1.583189e-01
2085          	warmPlate	5.374955e+02	5.399015e+02	1.583241e-01
2085          	OVC	-4.919698e+02	-4.908813e+02	-1.583189e-01
2086          	warmPlate	5.374955e+02	5.399015e+02	1.583241e-01
2086          	OVC	-4.919698e+02	-4.908813e+02	-1.583189e-01
2087          	warmPlate	5.374955e+02	5.399015e+02	1.583241e-01
2087          	OVC	-4.919698e+02	-4.908813e+02	-1.583189e-01
2088          	warmPlate	5.374955e+02	5.399015e+02	1.583241e-01
2088          	OVC	-4.919698e+02	-4.908813e+02	-1.583189e-01
2089          	warmPlate	5.374955e+02	5.399015e+02	1.583241e-01
2089          	OVC	-4.919698e+02	-4.908813e+02	-1.583189e-01
2090          	warmPlate	5.374955e+02	5.399015e+02	1.583241e-01
2090          	OVC	-4.919698e+02	-4.908813e+02	-1.583189e-01
2091          	warmPlate	5.374955e+02	5.399015e+02	1.583241e-01
2091          	OVC	-4.919698e+02	-4.908813e+02	-1.583189e-01
2092          	warmPlate	5.374955e+02	5.399015e+02	1.583241e-01
2092          	OVC	-4.919698e+02	-4.908813e+02	-1.583189e-01
2093          	warmPlate	5.374955e+02	5.399015e+02	1.583241e-01
2093          	OVC	-4.919698e+02	-4.908813e+02	-1.583189e-01
2094          	warmPlate	5.374955e+02	5.399015e+02	1.583241e-01
2094          	OVC	-4.919698e+02	-4.908813e+02	-1.583189e-01
2095          	warmPlate	5.374955e+02	5.399015e+02	1.583241e-01
2095          	OVC	-4.919698e+02	-4.908813e+02	-1.583189e-01
2096          	warmPlate	5.374955e+02	5.399015e+02	1.583241e-01
2096          	OVC	-4.919698e+02	-4.908813e+02	-1.583189e-01
2097          	warmPlate	5.374955e+02	5.399015e+02	1.583241e-01
2097          	OVC	-4.919698e+02	-4.908813e+02	-1.583189e-01
2098          	warmPlate	5.374955e+02	5.399015e+02	1.583241e-01
2098          	OVC	-4.919698e+02	-4.908813e+02	-1.583189e-01
2099          	warmPlate	5.374955e+02	5.399015e+02	1.583241e-01
2099          	OVC	-4.919698e+02	-4.908813e+02	-1.583189e-01
2100          	warmPlate	5.374955e+02	5.399015e+02	1.583241e-01
2100          	OVC	-4.919698e+02	-4.908813e+02	-1.583189e-01
2101          	warmPlate	5.374955e+02	5.399015e+02	1.583241e-01
2101          	OVC	-4.919698e+02	-4.908813e+02	-1.583189e-01
2102          	warmPlate	5.374955e+02	5.399015e+02	1.583241e-01
2102          	OVC	-4.919698e+02	-4.908813e+02	-1.583189e-01
2103          	warmPlate	5.374955e+02	5.399015e+02	1.583241e-01
2103          	OVC	-4.919698e+02	-4.908813e+02	-1.583189e-01
2104          	warmPlate	5.374955e+02	5.399015e+02	1.583241e-01
2104          	OVC	-4.919698e+02	-4.908813e+02	-1.583189e-01
2105          	warmPlate	5.374955e+02	5.399015e+02	1.583241e-01
2105          	OVC	-4.919698e+02	-4.908813e+02	-1.583189e-01
2106          	warmPlate	5.374955e+02	5.399015e+02	1.583241e-01
2106          	OVC	-4.919698e+02	-4.908813e+02	-1.583189e-01
2107          	warmPlate	5.374955e+02	5.399015e+02	1.583241e-01
2107          	OVC	-4.919698e+02	-4.908813e+02	-1.583189e-01
2108          	warmPlate	5.374955e+02	5.399015e+02	1.583241e-01
2108          	OVC	-4.919698e+02	-4.908813e+02	-1.583189e-01
2109          	warmPlate	5.374955e+02	5.399015e+02	1.583241e-01
2109          	OVC	-4.919698e+02	-4.908813e+02	-1.583189e-01
2110          	warmPlate	5.374955e+02	5.399015e+02	1.583241e-01
2110          	OVC	-4.919698e+02	-4.908813e+02	-1.583189e-01
2111          	warmPlate	5.374955e+02	5.399015e+02	1.583241e-01
2111          	OVC	-4.919698e+02	-4.908813e+02	-1.583189e-01
2112          	warmPlate	5.374955e+02	5.399015e+02	1.583241e-01
2112          	OVC	-4.919698e+02	-4.908813e+02	-1.583189e-01
2113          	warmPlate	5.374955e+02	5.399015e+02	1.583241e-01
2113          	OVC	-4.919698e+02	-4.908813e+02	-1.583189e-01
2114          	warmPlate	5.374955e+02	5.399015e+02	1.583241e-01
2114          	OVC	-4.919698e+02	-4.908813e+02	-1.583189e-01
2115          	warmPlate	5.374955e+02	5.399015e+02	1.583241e-01
2115          	OVC	-4.919698e+02	-4.908813e+02	-1.583189e-01
2116          	warmPlate	5.374955e+02	5.399015e+02	1.583241e-01
2116          	OVC	-4.919698e+02	-4.908813e+02	-1.583189e-01
2117          	warmPlate	5.374955e+02	5.399015e+02	1.583241e-01
2117          	OVC	-4.919698e+02	-4.908813e+02	-1.583189e-01
2118          	warmPlate	5.374955e+02	5.399015e+02	1.583241e-01
2118          	OVC	-4.919698e+02	-4.908813e+02	-1.583189e-01
2119          	warmPlate	5.374955e+02	5.399015e+02	1.583241e-01
2119          	OVC	-4.919698e+02	-4.908813e+02	-1.583189e-01
2120          	warmPlate	5.374955e+02	5.399015e+02	1.583241e-01
2120          	OVC	-4.919698e+02	-4.908813e+02	-1.583189e-01
2121          	warmPlate	5.374955e+02	5.399015e+02	1.583241e-01
2121          	OVC	-4.919698e+02	-4.908813e+02	-1.583189e-01
2122          	warmPlate	5.374955e+02	5.399015e+02	1.583241e-01
2122          	OVC	-4.919698e+02	-4.908813e+02	-1.583189e-01
2123          	warmPlate	5.374955e+02	5.399015e+02	1.583241e-01
2123          	OVC	-4.919698e+02	-4.908813e+02	-1.583189e-01
2124          	warmPlate	5.374955e+02	5.399015e+02	1.583241e-01
2124          	OVC	-4.919698e+02	-4.908813e+02	-1.583189e-01
2125          	warmPlate	5.374955e+02	5.399015e+02	1.583241e-01
2125          	OVC	-4.919698e+02	-4.908813e+02	-1.583189e-01
2126          	warmPlate	5.374955e+02	5.399015e+02	1.583241e-01
2126          	OVC	-4.919698e+02	-4.908813e+02	-1.583189e-01
2127          	warmPlate	5.374955e+02	5.399015e+02	1.583241e-01
2127          	OVC	-4.919698e+02	-4.908813e+02	-1.583189e-01
2128          	warmPlate	5.374955e+02	5.399015e+02	1.583241e-01
2128          	OVC	-4.919698e+02	-4.908813e+02	-1.583189e-01
2129          	warmPlate	5.374955e+02	5.399015e+02	1.583241e-01
2129          	OVC	-4.919698e+02	-4.908813e+02	-1.583189e-01
2130          	warmPlate	5.374955e+02	5.399015e+02	1.583241e-01
2130          	OVC	-4.919698e+02	-4.908813e+02	-1.583189e-01
2131          	warmPlate	5.374955e+02	5.399015e+02	1.583241e-01
2131          	OVC	-4.919698e+02	-4.908813e+02	-1.583189e-01
2132          	warmPlate	5.374955e+02	5.399015e+02	1.583241e-01
2132          	OVC	-4.919698e+02	-4.908813e+02	-1.583189e-01
2133          	warmPlate	5.374955e+02	5.399015e+02	1.583241e-01
2133          	OVC	-4.919698e+02	-4.908813e+02	-1.583189e-01
2134          	warmPlate	5.374955e+02	5.399015e+02	1.583241e-01
2134          	OVC	-4.919698e+02	-4.908813e+02	-1.583189e-01
2135          	warmPlate	5.374955e+02	5.399015e+02	1.583241e-01
2135          	OVC	-4.919698e+02	-4.908813e+02	-1.583189e-01
2136          	warmPlate	5.374955e+02	5.399015e+02	1.583241e-01
2136          	OVC	-4.919698e+02	-4.908813e+02	-1.583189e-01
2137          	warmPlate	5.374955e+02	5.399015e+02	1.583241e-01
2137          	OVC	-4.919698e+02	-4.908813e+02	-1.583189e-01
2138          	warmPlate	5.374955e+02	5.399015e+02	1.583241e-01
2138          	OVC	-4.919698e+02	-4.908813e+02	-1.583189e-01
2139          	warmPlate	5.374955e+02	5.399015e+02	1.583241e-01
2139          	OVC	-4.919698e+02	-4.908813e+02	-1.583189e-01
2140          	warmPlate	5.374955e+02	5.399015e+02	1.583241e-01
2140          	OVC	-4.919698e+02	-4.908813e+02	-1.583189e-01
2141          	warmPlate	5.374955e+02	5.399015e+02	1.583241e-01
2141          	OVC	-4.919698e+02	-4.908813e+02	-1.583189e-01
2142          	warmPlate	5.374955e+02	5.399015e+02	1.583241e-01
2142          	OVC	-4.919698e+02	-4.908813e+02	-1.583189e-01
2143          	warmPlate	5.374955e+02	5.399015e+02	1.583241e-01
2143          	OVC	-4.919698e+02	-4.908813e+02	-1.583189e-01
2144          	warmPlate	5.374955e+02	5.399015e+02	1.583241e-01
2144          	OVC	-4.919698e+02	-4.908813e+02	-1.583189e-01
2145          	warmPlate	5.374955e+02	5.399015e+02	1.583241e-01
2145          	OVC	-4.919698e+02	-4.908813e+02	-1.583189e-01
2146          	warmPlate	5.374955e+02	5.399015e+02	1.583241e-01
2146          	OVC	-4.919698e+02	-4.908813e+02	-1.583189e-01
2147          	warmPlate	5.374955e+02	5.399015e+02	1.583241e-01
2147          	OVC	-4.919698e+02	-4.908813e+02	-1.583189e-01
2148          	warmPlate	5.374955e+02	5.399015e+02	1.583241e-01
2148          	OVC	-4.919698e+02	-4.908813e+02	-1.583189e-01
2149          	warmPlate	5.374955e+02	5.399015e+02	1.583241e-01
2149          	OVC	-4.919698e+02	-4.908813e+02	-1.583189e-01
2150          	warmPlate	5.374955e+02	5.399015e+02	1.583241e-01
2150          	OVC	-4.919698e+02	-4.908813e+02	-1.583189e-01
2151          	warmPlate	5.374955e+02	5.399015e+02	1.583241e-01
2151          	OVC	-4.919698e+02	-4.908813e+02	-1.583189e-01
2152          	warmPlate	5.374955e+02	5.399015e+02	1.583241e-01
2152          	OVC	-4.919698e+02	-4.908813e+02	-1.583189e-01
2153          	warmPlate	5.374955e+02	5.399015e+02	1.583241e-01
2153          	OVC	-4.919698e+02	-4.908813e+02	-1.583189e-01
2154          	warmPlate	5.374955e+02	5.399015e+02	1.583241e-01
2154          	OVC	-4.919698e+02	-4.908813e+02	-1.583189e-01
2155          	warmPlate	5.374955e+02	5.399015e+02	1.583241e-01
2155          	OVC	-4.919698e+02	-4.908813e+02	-1.583189e-01
2156          	warmPlate	5.374955e+02	5.399015e+02	1.583241e-01
2156          	OVC	-4.919698e+02	-4.908813e+02	-1.583189e-01
2157          	warmPlate	5.374955e+02	5.399015e+02	1.583241e-01
2157          	OVC	-4.919698e+02	-4.908813e+02	-1.583189e-01
2158          	warmPlate	5.374955e+02	5.399015e+02	1.583241e-01
2158          	OVC	-4.919698e+02	-4.908813e+02	-1.583189e-01
2159          	warmPlate	5.374955e+02	5.399015e+02	1.583241e-01
2159          	OVC	-4.919698e+02	-4.908813e+02	-1.583189e-01
2160          	warmPlate	5.374955e+02	5.399015e+02	1.583241e-01
2160          	OVC	-4.919698e+02	-4.908813e+02	-1.583189e-01
2161          	warmPlate	5.374955e+02	5.399015e+02	1.583241e-01
2161          	OVC	-4.919698e+02	-4.908813e+02	-1.583189e-01
2162          	warmPlate	5.374955e+02	5.399015e+02	1.583241e-01
2162          	OVC	-4.919698e+02	-4.908813e+02	-1.583189e-01
2163          	warmPlate	5.374955e+02	5.399015e+02	1.583241e-01
2163          	OVC	-4.919698e+02	-4.908813e+02	-1.583189e-01
2164          	warmPlate	5.374955e+02	5.399015e+02	1.583241e-01
2164          	OVC	-4.919698e+02	-4.908813e+02	-1.583189e-01
2165          	warmPlate	5.374955e+02	5.399015e+02	1.583241e-01
2165          	OVC	-4.919698e+02	-4.908813e+02	-1.583189e-01
2166          	warmPlate	5.374955e+02	5.399015e+02	1.583241e-01
2166          	OVC	-4.919698e+02	-4.908813e+02	-1.583189e-01
2167          	warmPlate	5.374955e+02	5.399015e+02	1.583241e-01
2167          	OVC	-4.919698e+02	-4.908813e+02	-1.583189e-01
2168          	warmPlate	5.374955e+02	5.399015e+02	1.583241e-01
2168          	OVC	-4.919698e+02	-4.908813e+02	-1.583189e-01
2169          	warmPlate	5.374955e+02	5.399015e+02	1.583241e-01
2169          	OVC	-4.919698e+02	-4.908813e+02	-1.583189e-01
2170          	warmPlate	5.374955e+02	5.399015e+02	1.583241e-01
2170          	OVC	-4.919698e+02	-4.908813e+02	-1.583189e-01
2171          	warmPlate	5.374955e+02	5.399015e+02	1.583241e-01
2171          	OVC	-4.919698e+02	-4.908813e+02	-1.583189e-01
2172          	warmPlate	5.374955e+02	5.399015e+02	1.583241e-01
2172          	OVC	-4.919698e+02	-4.908813e+02	-1.583189e-01
2173          	warmPlate	5.374955e+02	5.399015e+02	1.583241e-01
2173          	OVC	-4.919698e+02	-4.908813e+02	-1.583189e-01
2174          	warmPlate	5.374955e+02	5.399015e+02	1.583241e-01
2174          	OVC	-4.919698e+02	-4.908813e+02	-1.583189e-01
2175          	warmPlate	5.374955e+02	5.399015e+02	1.583241e-01
2175          	OVC	-4.919698e+02	-4.908813e+02	-1.583189e-01
2176          	warmPlate	5.374955e+02	5.399015e+02	1.583241e-01
2176          	OVC	-4.919698e+02	-4.908813e+02	-1.583189e-01
2177          	warmPlate	5.374955e+02	5.399015e+02	1.583241e-01
2177          	OVC	-4.919698e+02	-4.908813e+02	-1.583189e-01
2178          	warmPlate	5.374955e+02	5.399015e+02	1.583241e-01
2178          	OVC	-4.919698e+02	-4.908813e+02	-1.583189e-01
2179          	warmPlate	5.374955e+02	5.399015e+02	1.583241e-01
2179          	OVC	-4.919698e+02	-4.908813e+02	-1.583189e-01
2180          	warmPlate	5.374955e+02	5.399015e+02	1.583241e-01
2180          	OVC	-4.919698e+02	-4.908813e+02	-1.583189e-01
2181          	warmPlate	5.374955e+02	5.399015e+02	1.583241e-01
2181          	OVC	-4.919698e+02	-4.908813e+02	-1.583189e-01
2182          	warmPlate	5.374955e+02	5.399015e+02	1.583241e-01
2182          	OVC	-4.919698e+02	-4.908813e+02	-1.583189e-01
2183          	warmPlate	5.374955e+02	5.399015e+02	1.583241e-01
2183          	OVC	-4.919698e+02	-4.908813e+02	-1.583189e-01
2184          	warmPlate	5.374955e+02	5.399015e+02	1.583241e-01
2184          	OVC	-4.919698e+02	-4.908813e+02	-1.583189e-01
2185          	warmPlate	5.374955e+02	5.399015e+02	1.583241e-01
2185          	OVC	-4.919698e+02	-4.908813e+02	-1.583189e-01
2186          	warmPlate	5.374955e+02	5.399015e+02	1.583241e-01
2186          	OVC	-4.919698e+02	-4.908813e+02	-1.583189e-01
2187          	warmPlate	5.374955e+02	5.399015e+02	1.583241e-01
2187          	OVC	-4.919698e+02	-4.908813e+02	-1.583189e-01
2188          	warmPlate	5.374955e+02	5.399015e+02	1.583241e-01
2188          	OVC	-4.919698e+02	-4.908813e+02	-1.583189e-01
2189          	warmPlate	5.374955e+02	5.399015e+02	1.583241e-01
2189          	OVC	-4.919698e+02	-4.908813e+02	-1.583189e-01
2190          	warmPlate	5.374955e+02	5.399015e+02	1.583241e-01
2190          	OVC	-4.919698e+02	-4.908813e+02	-1.583189e-01
2191          	warmPlate	5.374955e+02	5.399015e+02	1.583241e-01
2191          	OVC	-4.919698e+02	-4.908813e+02	-1.583189e-01
2192          	warmPlate	5.374955e+02	5.399015e+02	1.583241e-01
2192          	OVC	-4.919698e+02	-4.908813e+02	-1.583189e-01
2193          	warmPlate	5.374955e+02	5.399015e+02	1.583241e-01
2193          	OVC	-4.919698e+02	-4.908813e+02	-1.583189e-01
2194          	warmPlate	5.374955e+02	5.399015e+02	1.583241e-01
2194          	OVC	-4.919698e+02	-4.908813e+02	-1.583189e-01
2195          	warmPlate	5.374955e+02	5.399015e+02	1.583241e-01
2195          	OVC	-4.919698e+02	-4.908813e+02	-1.583189e-01
2196          	warmPlate	5.374955e+02	5.399015e+02	1.583241e-01
2196          	OVC	-4.919698e+02	-4.908813e+02	-1.583189e-01
2197          	warmPlate	5.374955e+02	5.399015e+02	1.583241e-01
2197          	OVC	-4.919698e+02	-4.908813e+02	-1.583189e-01
2198          	warmPlate	5.374955e+02	5.399015e+02	1.583241e-01
2198          	OVC	-4.919698e+02	-4.908813e+02	-1.583189e-01
2199          	warmPlate	5.374955e+02	5.399015e+02	1.583241e-01
2199          	OVC	-4.919698e+02	-4.908813e+02	-1.583189e-01
2200          	warmPlate	5.374955e+02	5.399015e+02	1.583241e-01
2200          	OVC	-4.919698e+02	-4.908813e+02	-1.583189e-01
2201          	warmPlate	5.374955e+02	5.399015e+02	1.583241e-01
2201          	OVC	-4.919698e+02	-4.908813e+02	-1.583189e-01
2202          	warmPlate	5.374955e+02	5.399015e+02	1.583241e-01
2202          	OVC	-4.919698e+02	-4.908813e+02	-1.583189e-01
2203          	warmPlate	5.374955e+02	5.399015e+02	1.583241e-01
2203          	OVC	-4.919698e+02	-4.908813e+02	-1.583189e-01
2204          	warmPlate	5.374955e+02	5.399015e+02	1.583241e-01
2204          	OVC	-4.919698e+02	-4.908813e+02	-1.583189e-01
2205          	warmPlate	5.374955e+02	5.399015e+02	1.583241e-01
2205          	OVC	-4.919698e+02	-4.908813e+02	-1.583189e-01
2206          	warmPlate	5.374955e+02	5.399015e+02	1.583241e-01
2206          	OVC	-4.919698e+02	-4.908813e+02	-1.583189e-01
2207          	warmPlate	5.374955e+02	5.399015e+02	1.583241e-01
2207          	OVC	-4.919698e+02	-4.908813e+02	-1.583189e-01
2208          	warmPlate	5.374955e+02	5.399015e+02	1.583241e-01
2208          	OVC	-4.919698e+02	-4.908813e+02	-1.583189e-01
2209          	warmPlate	5.374955e+02	5.399015e+02	1.583241e-01
2209          	OVC	-4.919698e+02	-4.908813e+02	-1.583189e-01
2210          	warmPlate	5.374955e+02	5.399015e+02	1.583241e-01
2210          	OVC	-4.919698e+02	-4.908813e+02	-1.583189e-01
2211          	warmPlate	5.374955e+02	5.399015e+02	1.583241e-01
2211          	OVC	-4.919698e+02	-4.908813e+02	-1.583189e-01
2212          	warmPlate	5.374955e+02	5.399015e+02	1.583241e-01
2212          	OVC	-4.919698e+02	-4.908813e+02	-1.583189e-01
2213          	warmPlate	5.374955e+02	5.399015e+02	1.583241e-01
2213          	OVC	-4.919698e+02	-4.908813e+02	-1.583189e-01
2214          	warmPlate	5.374955e+02	5.399015e+02	1.583241e-01
2214          	OVC	-4.919698e+02	-4.908813e+02	-1.583189e-01
2215          	warmPlate	5.374955e+02	5.399015e+02	1.583241e-01
2215          	OVC	-4.919698e+02	-4.908813e+02	-1.583189e-01
2216          	warmPlate	5.374955e+02	5.399015e+02	1.583241e-01
2216          	OVC	-4.919698e+02	-4.908813e+02	-1.583189e-01
2217          	warmPlate	5.374955e+02	5.399015e+02	1.583241e-01
2217          	OVC	-4.919698e+02	-4.908813e+02	-1.583189e-01
2218          	warmPlate	5.374955e+02	5.399015e+02	1.583241e-01
2218          	OVC	-4.919698e+02	-4.908813e+02	-1.583189e-01
2219          	warmPlate	5.374955e+02	5.399015e+02	1.583241e-01
2219          	OVC	-4.919698e+02	-4.908813e+02	-1.583189e-01
2220          	warmPlate	5.374955e+02	5.399015e+02	1.583241e-01
2220          	OVC	-4.919698e+02	-4.908813e+02	-1.583189e-01
2221          	warmPlate	5.374955e+02	5.399015e+02	1.583241e-01
2221          	OVC	-4.919698e+02	-4.908813e+02	-1.583189e-01
2222          	warmPlate	5.374955e+02	5.399015e+02	1.583241e-01
2222          	OVC	-4.919698e+02	-4.908813e+02	-1.583189e-01
2223          	warmPlate	5.374955e+02	5.399015e+02	1.583241e-01
2223          	OVC	-4.919698e+02	-4.908813e+02	-1.583189e-01
2224          	warmPlate	5.374955e+02	5.399015e+02	1.583241e-01
2224          	OVC	-4.919698e+02	-4.908813e+02	-1.583189e-01
2225          	warmPlate	5.374955e+02	5.399015e+02	1.583241e-01
2225          	OVC	-4.919698e+02	-4.908813e+02	-1.583189e-01
2226          	warmPlate	5.374955e+02	5.399015e+02	1.583241e-01
2226          	OVC	-4.919698e+02	-4.908813e+02	-1.583189e-01
2227          	warmPlate	5.374955e+02	5.399015e+02	1.583241e-01
2227          	OVC	-4.919698e+02	-4.908813e+02	-1.583189e-01
2228          	warmPlate	5.374955e+02	5.399015e+02	1.583241e-01
2228          	OVC	-4.919698e+02	-4.908813e+02	-1.583189e-01
2229          	warmPlate	5.374955e+02	5.399015e+02	1.583241e-01
2229          	OVC	-4.919698e+02	-4.908813e+02	-1.583189e-01
2230          	warmPlate	5.374955e+02	5.399015e+02	1.583241e-01
2230          	OVC	-4.919698e+02	-4.908813e+02	-1.583189e-01
2231          	warmPlate	5.374955e+02	5.399015e+02	1.583241e-01
2231          	OVC	-4.919698e+02	-4.908813e+02	-1.583189e-01
2232          	warmPlate	5.374955e+02	5.399015e+02	1.583241e-01
2232          	OVC	-4.919698e+02	-4.908813e+02	-1.583189e-01
2233          	warmPlate	5.374955e+02	5.399015e+02	1.583241e-01
2233          	OVC	-4.919698e+02	-4.908813e+02	-1.583189e-01
2234          	warmPlate	5.374955e+02	5.399015e+02	1.583241e-01
2234          	OVC	-4.919698e+02	-4.908813e+02	-1.583189e-01
2235          	warmPlate	5.374955e+02	5.399015e+02	1.583241e-01
2235          	OVC	-4.919698e+02	-4.908813e+02	-1.583189e-01
2236          	warmPlate	5.374955e+02	5.399015e+02	1.583241e-01
2236          	OVC	-4.919698e+02	-4.908813e+02	-1.583189e-01
2237          	warmPlate	5.374955e+02	5.399015e+02	1.583241e-01
2237          	OVC	-4.919698e+02	-4.908813e+02	-1.583189e-01
2238          	warmPlate	5.374955e+02	5.399015e+02	1.583241e-01
2238          	OVC	-4.919698e+02	-4.908813e+02	-1.583189e-01
2239          	warmPlate	5.374955e+02	5.399015e+02	1.583241e-01
2239          	OVC	-4.919698e+02	-4.908813e+02	-1.583189e-01
2240          	warmPlate	5.374955e+02	5.399015e+02	1.583241e-01
2240          	OVC	-4.919698e+02	-4.908813e+02	-1.583189e-01
2241          	warmPlate	5.374955e+02	5.399015e+02	1.583241e-01
2241          	OVC	-4.919698e+02	-4.908813e+02	-1.583189e-01
2242          	warmPlate	5.374955e+02	5.399015e+02	1.583241e-01
2242          	OVC	-4.919698e+02	-4.908813e+02	-1.583189e-01
2243          	warmPlate	5.374955e+02	5.399015e+02	1.583241e-01
2243          	OVC	-4.919698e+02	-4.908813e+02	-1.583189e-01
2244          	warmPlate	5.374955e+02	5.399015e+02	1.583241e-01
2244          	OVC	-4.919698e+02	-4.908813e+02	-1.583189e-01
2245          	warmPlate	5.374955e+02	5.399015e+02	1.583241e-01
2245          	OVC	-4.919698e+02	-4.908813e+02	-1.583189e-01
2246          	warmPlate	5.374955e+02	5.399015e+02	1.583241e-01
2246          	OVC	-4.919698e+02	-4.908813e+02	-1.583189e-01
2247          	warmPlate	5.374955e+02	5.399015e+02	1.583241e-01
2247          	OVC	-4.919698e+02	-4.908813e+02	-1.583189e-01
2248          	warmPlate	5.374955e+02	5.399015e+02	1.583241e-01
2248          	OVC	-4.919698e+02	-4.908813e+02	-1.583189e-01
2249          	warmPlate	5.374955e+02	5.399015e+02	1.583241e-01
2249          	OVC	-4.919698e+02	-4.908813e+02	-1.583189e-01
2250          	warmPlate	5.374955e+02	5.399015e+02	1.583241e-01
2250          	OVC	-4.919698e+02	-4.908813e+02	-1.583189e-01
2251          	warmPlate	5.374955e+02	5.399015e+02	1.583241e-01
2251          	OVC	-4.919698e+02	-4.908813e+02	-1.583189e-01
2252          	warmPlate	5.374955e+02	5.399015e+02	1.583241e-01
2252          	OVC	-4.919698e+02	-4.908813e+02	-1.583189e-01
2253          	warmPlate	5.374955e+02	5.399015e+02	1.583241e-01
2253          	OVC	-4.919698e+02	-4.908813e+02	-1.583189e-01
2254          	warmPlate	5.374955e+02	5.399015e+02	1.583241e-01
2254          	OVC	-4.919698e+02	-4.908813e+02	-1.583189e-01
2255          	warmPlate	5.374955e+02	5.399015e+02	1.583241e-01
2255          	OVC	-4.919698e+02	-4.908813e+02	-1.583189e-01
2256          	warmPlate	5.374955e+02	5.399015e+02	1.583241e-01
2256          	OVC	-4.919698e+02	-4.908813e+02	-1.583189e-01
2257          	warmPlate	5.374955e+02	5.399015e+02	1.583241e-01
2257          	OVC	-4.919698e+02	-4.908813e+02	-1.583189e-01
2258          	warmPlate	5.374955e+02	5.399015e+02	1.583241e-01
2258          	OVC	-4.919698e+02	-4.908813e+02	-1.583189e-01
2259          	warmPlate	5.374955e+02	5.399015e+02	1.583241e-01
2259          	OVC	-4.919698e+02	-4.908813e+02	-1.583189e-01
2260          	warmPlate	5.374955e+02	5.399015e+02	1.583241e-01
2260          	OVC	-4.919698e+02	-4.908813e+02	-1.583189e-01
2261          	warmPlate	5.374955e+02	5.399015e+02	1.583241e-01
2261          	OVC	-4.919698e+02	-4.908813e+02	-1.583189e-01
2262          	warmPlate	5.374955e+02	5.399015e+02	1.583241e-01
2262          	OVC	-4.919698e+02	-4.908813e+02	-1.583189e-01
2263          	warmPlate	5.374955e+02	5.399015e+02	1.583241e-01
2263          	OVC	-4.919698e+02	-4.908813e+02	-1.583189e-01
2264          	warmPlate	5.374955e+02	5.399015e+02	1.583241e-01
2264          	OVC	-4.919698e+02	-4.908813e+02	-1.583189e-01
2265          	warmPlate	5.374955e+02	5.399015e+02	1.583241e-01
2265          	OVC	-4.919698e+02	-4.908813e+02	-1.583189e-01
2266          	warmPlate	5.374955e+02	5.399015e+02	1.583241e-01
2266          	OVC	-4.919698e+02	-4.908813e+02	-1.583189e-01
2267          	warmPlate	5.374955e+02	5.399015e+02	1.583241e-01
2267          	OVC	-4.919698e+02	-4.908813e+02	-1.583189e-01
2268          	warmPlate	5.374955e+02	5.399015e+02	1.583241e-01
2268          	OVC	-4.919698e+02	-4.908813e+02	-1.583189e-01
2269          	warmPlate	5.374955e+02	5.399015e+02	1.583241e-01
2269          	OVC	-4.919698e+02	-4.908813e+02	-1.583189e-01
2270          	warmPlate	5.374955e+02	5.399015e+02	1.583241e-01
2270          	OVC	-4.919698e+02	-4.908813e+02	-1.583189e-01
2271          	warmPlate	5.374955e+02	5.399015e+02	1.583241e-01
2271          	OVC	-4.919698e+02	-4.908813e+02	-1.583189e-01
2272          	warmPlate	5.374955e+02	5.399015e+02	1.583241e-01
2272          	OVC	-4.919698e+02	-4.908813e+02	-1.583189e-01
2273          	warmPlate	5.374955e+02	5.399015e+02	1.583241e-01
2273          	OVC	-4.919698e+02	-4.908813e+02	-1.583189e-01
2274          	warmPlate	5.374955e+02	5.399015e+02	1.583241e-01
2274          	OVC	-4.919698e+02	-4.908813e+02	-1.583189e-01
2275          	warmPlate	5.374955e+02	5.399015e+02	1.583241e-01
2275          	OVC	-4.919698e+02	-4.908813e+02	-1.583189e-01
2276          	warmPlate	5.374955e+02	5.399015e+02	1.583241e-01
2276          	OVC	-4.919698e+02	-4.908813e+02	-1.583189e-01
2277          	warmPlate	5.374955e+02	5.399015e+02	1.583241e-01
2277          	OVC	-4.919698e+02	-4.908813e+02	-1.583189e-01
2278          	warmPlate	5.374955e+02	5.399015e+02	1.583241e-01
2278          	OVC	-4.919698e+02	-4.908813e+02	-1.583189e-01
2279          	warmPlate	5.374955e+02	5.399015e+02	1.583241e-01
2279          	OVC	-4.919698e+02	-4.908813e+02	-1.583189e-01
2280          	warmPlate	5.374955e+02	5.399015e+02	1.583241e-01
2280          	OVC	-4.919698e+02	-4.908813e+02	-1.583189e-01
2281          	warmPlate	5.374955e+02	5.399015e+02	1.583241e-01
2281          	OVC	-4.919698e+02	-4.908813e+02	-1.583189e-01
2282          	warmPlate	5.374955e+02	5.399015e+02	1.583241e-01
2282          	OVC	-4.919698e+02	-4.908813e+02	-1.583189e-01
2283          	warmPlate	5.374955e+02	5.399015e+02	1.583241e-01
2283          	OVC	-4.919698e+02	-4.908813e+02	-1.583189e-01
2284          	warmPlate	5.374955e+02	5.399015e+02	1.583241e-01
2284          	OVC	-4.919698e+02	-4.908813e+02	-1.583189e-01
2285          	warmPlate	5.374955e+02	5.399015e+02	1.583241e-01
2285          	OVC	-4.919698e+02	-4.908813e+02	-1.583189e-01
2286          	warmPlate	5.374955e+02	5.399015e+02	1.583241e-01
2286          	OVC	-4.919698e+02	-4.908813e+02	-1.583189e-01
2287          	warmPlate	5.374955e+02	5.399015e+02	1.583241e-01
2287          	OVC	-4.919698e+02	-4.908813e+02	-1.583189e-01
2288          	warmPlate	5.374955e+02	5.399015e+02	1.583241e-01
2288          	OVC	-4.919698e+02	-4.908813e+02	-1.583189e-01
2289          	warmPlate	5.374955e+02	5.399015e+02	1.583241e-01
2289          	OVC	-4.919698e+02	-4.908813e+02	-1.583189e-01
2290          	warmPlate	5.374955e+02	5.399015e+02	1.583241e-01
2290          	OVC	-4.919698e+02	-4.908813e+02	-1.583189e-01
2291          	warmPlate	5.374955e+02	5.399015e+02	1.583241e-01
2291          	OVC	-4.919698e+02	-4.908813e+02	-1.583189e-01
2292          	warmPlate	5.374955e+02	5.399015e+02	1.583241e-01
2292          	OVC	-4.919698e+02	-4.908813e+02	-1.583189e-01
2293          	warmPlate	5.374955e+02	5.399015e+02	1.583241e-01
2293          	OVC	-4.919698e+02	-4.908813e+02	-1.583189e-01
2294          	warmPlate	5.374955e+02	5.399015e+02	1.583241e-01
2294          	OVC	-4.919698e+02	-4.908813e+02	-1.583189e-01
2295          	warmPlate	5.374955e+02	5.399015e+02	1.583241e-01
2295          	OVC	-4.919698e+02	-4.908813e+02	-1.583189e-01
2296          	warmPlate	5.374955e+02	5.399015e+02	1.583241e-01
2296          	OVC	-4.919698e+02	-4.908813e+02	-1.583189e-01
2297          	warmPlate	5.374955e+02	5.399015e+02	1.583241e-01
2297          	OVC	-4.919698e+02	-4.908813e+02	-1.583189e-01
2298          	warmPlate	5.374955e+02	5.399015e+02	1.583241e-01
2298          	OVC	-4.919698e+02	-4.908813e+02	-1.583189e-01
2299          	warmPlate	5.374955e+02	5.399015e+02	1.583241e-01
2299          	OVC	-4.919698e+02	-4.908813e+02	-1.583189e-01
2300          	warmPlate	5.374955e+02	5.399015e+02	1.583241e-01
2300          	OVC	-4.919698e+02	-4.908813e+02	-1.583189e-01
2301          	warmPlate	5.374955e+02	5.399015e+02	1.583241e-01
2301          	OVC	-4.919698e+02	-4.908813e+02	-1.583189e-01
2302          	warmPlate	5.374955e+02	5.399015e+02	1.583241e-01
2302          	OVC	-4.919698e+02	-4.908813e+02	-1.583189e-01
2303          	warmPlate	5.374955e+02	5.399015e+02	1.583241e-01
2303          	OVC	-4.919698e+02	-4.908813e+02	-1.583189e-01
2304          	warmPlate	5.374955e+02	5.399015e+02	1.583241e-01
2304          	OVC	-4.919698e+02	-4.908813e+02	-1.583189e-01
2305          	warmPlate	5.374955e+02	5.399015e+02	1.583241e-01
2305          	OVC	-4.919698e+02	-4.908813e+02	-1.583189e-01
2306          	warmPlate	5.374955e+02	5.399015e+02	1.583241e-01
2306          	OVC	-4.919698e+02	-4.908813e+02	-1.583189e-01
2307          	warmPlate	5.374955e+02	5.399015e+02	1.583241e-01
2307          	OVC	-4.919698e+02	-4.908813e+02	-1.583189e-01
2308          	warmPlate	5.374955e+02	5.399015e+02	1.583241e-01
2308          	OVC	-4.919698e+02	-4.908813e+02	-1.583189e-01
2309          	warmPlate	5.374955e+02	5.399015e+02	1.583241e-01
2309          	OVC	-4.919698e+02	-4.908813e+02	-1.583189e-01
2310          	warmPlate	5.374955e+02	5.399015e+02	1.583241e-01
2310          	OVC	-4.919698e+02	-4.908813e+02	-1.583189e-01
2311          	warmPlate	5.374955e+02	5.399015e+02	1.583241e-01
2311          	OVC	-4.919698e+02	-4.908813e+02	-1.583189e-01
2312          	warmPlate	5.374955e+02	5.399015e+02	1.583241e-01
2312          	OVC	-4.919698e+02	-4.908813e+02	-1.583189e-01
2313          	warmPlate	5.374955e+02	5.399015e+02	1.583241e-01
2313          	OVC	-4.919698e+02	-4.908813e+02	-1.583189e-01
2314          	warmPlate	5.374955e+02	5.399015e+02	1.583241e-01
2314          	OVC	-4.919698e+02	-4.908813e+02	-1.583189e-01
2315          	warmPlate	5.374955e+02	5.399015e+02	1.583241e-01
2315          	OVC	-4.919698e+02	-4.908813e+02	-1.583189e-01
2316          	warmPlate	5.374955e+02	5.399015e+02	1.583241e-01
2316          	OVC	-4.919698e+02	-4.908813e+02	-1.583189e-01
2317          	warmPlate	5.374955e+02	5.399015e+02	1.583241e-01
2317          	OVC	-4.919698e+02	-4.908813e+02	-1.583189e-01
2318          	warmPlate	5.374955e+02	5.399015e+02	1.583241e-01
2318          	OVC	-4.919698e+02	-4.908813e+02	-1.583189e-01
2319          	warmPlate	5.374955e+02	5.399015e+02	1.583241e-01
2319          	OVC	-4.919698e+02	-4.908813e+02	-1.583189e-01
2320          	warmPlate	5.374955e+02	5.399015e+02	1.583241e-01
2320          	OVC	-4.919698e+02	-4.908813e+02	-1.583189e-01
2321          	warmPlate	5.374955e+02	5.399015e+02	1.583241e-01
2321          	OVC	-4.919698e+02	-4.908813e+02	-1.583189e-01
2322          	warmPlate	5.374955e+02	5.399015e+02	1.583241e-01
2322          	OVC	-4.919698e+02	-4.908813e+02	-1.583189e-01
2323          	warmPlate	5.374955e+02	5.399015e+02	1.583241e-01
2323          	OVC	-4.919698e+02	-4.908813e+02	-1.583189e-01
2324          	warmPlate	5.374955e+02	5.399015e+02	1.583241e-01
2324          	OVC	-4.919698e+02	-4.908813e+02	-1.583189e-01
2325          	warmPlate	5.374955e+02	5.399015e+02	1.583241e-01
2325          	OVC	-4.919698e+02	-4.908813e+02	-1.583189e-01
2326          	warmPlate	5.374955e+02	5.399015e+02	1.583241e-01
2326          	OVC	-4.919698e+02	-4.908813e+02	-1.583189e-01
2327          	warmPlate	5.374955e+02	5.399015e+02	1.583241e-01
2327          	OVC	-4.919698e+02	-4.908813e+02	-1.583189e-01
2328          	warmPlate	5.374955e+02	5.399015e+02	1.583241e-01
2328          	OVC	-4.919698e+02	-4.908813e+02	-1.583189e-01
2329          	warmPlate	5.374955e+02	5.399015e+02	1.583241e-01
2329          	OVC	-4.919698e+02	-4.908813e+02	-1.583189e-01
2330          	warmPlate	5.374955e+02	5.399015e+02	1.583241e-01
2330          	OVC	-4.919698e+02	-4.908813e+02	-1.583189e-01
2331          	warmPlate	5.374955e+02	5.399015e+02	1.583241e-01
2331          	OVC	-4.919698e+02	-4.908813e+02	-1.583189e-01
2332          	warmPlate	5.374955e+02	5.399015e+02	1.583241e-01
2332          	OVC	-4.919698e+02	-4.908813e+02	-1.583189e-01
2333          	warmPlate	5.374955e+02	5.399015e+02	1.583241e-01
2333          	OVC	-4.919698e+02	-4.908813e+02	-1.583189e-01
2334          	warmPlate	5.374955e+02	5.399015e+02	1.583241e-01
2334          	OVC	-4.919698e+02	-4.908813e+02	-1.583189e-01
2335          	warmPlate	5.374955e+02	5.399015e+02	1.583241e-01
2335          	OVC	-4.919698e+02	-4.908813e+02	-1.583189e-01
2336          	warmPlate	5.374955e+02	5.399015e+02	1.583241e-01
2336          	OVC	-4.919698e+02	-4.908813e+02	-1.583189e-01
2337          	warmPlate	5.374955e+02	5.399015e+02	1.583241e-01
2337          	OVC	-4.919698e+02	-4.908813e+02	-1.583189e-01
2338          	warmPlate	5.374955e+02	5.399015e+02	1.583241e-01
2338          	OVC	-4.919698e+02	-4.908813e+02	-1.583189e-01
2339          	warmPlate	5.374955e+02	5.399015e+02	1.583241e-01
2339          	OVC	-4.919698e+02	-4.908813e+02	-1.583189e-01
2340          	warmPlate	5.374955e+02	5.399015e+02	1.583241e-01
2340          	OVC	-4.919698e+02	-4.908813e+02	-1.583189e-01
2341          	warmPlate	5.374955e+02	5.399015e+02	1.583241e-01
2341          	OVC	-4.919698e+02	-4.908813e+02	-1.583189e-01
2342          	warmPlate	5.374955e+02	5.399015e+02	1.583241e-01
2342          	OVC	-4.919698e+02	-4.908813e+02	-1.583189e-01
2343          	warmPlate	5.374955e+02	5.399015e+02	1.583241e-01
2343          	OVC	-4.919698e+02	-4.908813e+02	-1.583189e-01
2344          	warmPlate	5.374955e+02	5.399015e+02	1.583241e-01
2344          	OVC	-4.919698e+02	-4.908813e+02	-1.583189e-01
2345          	warmPlate	5.374955e+02	5.399015e+02	1.583241e-01
2345          	OVC	-4.919698e+02	-4.908813e+02	-1.583189e-01
2346          	warmPlate	5.374955e+02	5.399015e+02	1.583241e-01
2346          	OVC	-4.919698e+02	-4.908813e+02	-1.583189e-01
2347          	warmPlate	5.374955e+02	5.399015e+02	1.583241e-01
2347          	OVC	-4.919698e+02	-4.908813e+02	-1.583189e-01
2348          	warmPlate	5.374955e+02	5.399015e+02	1.583241e-01
2348          	OVC	-4.919698e+02	-4.908813e+02	-1.583189e-01
2349          	warmPlate	5.374955e+02	5.399015e+02	1.583241e-01
2349          	OVC	-4.919698e+02	-4.908813e+02	-1.583189e-01
2350          	warmPlate	5.374955e+02	5.399015e+02	1.583241e-01
2350          	OVC	-4.919698e+02	-4.908813e+02	-1.583189e-01
2351          	warmPlate	5.374955e+02	5.399015e+02	1.583241e-01
2351          	OVC	-4.919698e+02	-4.908813e+02	-1.583189e-01
2352          	warmPlate	5.374955e+02	5.399015e+02	1.583241e-01
2352          	OVC	-4.919698e+02	-4.908813e+02	-1.583189e-01
2353          	warmPlate	5.374955e+02	5.399015e+02	1.583241e-01
2353          	OVC	-4.919698e+02	-4.908813e+02	-1.583189e-01
2354          	warmPlate	5.374955e+02	5.399015e+02	1.583241e-01
2354          	OVC	-4.919698e+02	-4.908813e+02	-1.583189e-01
2355          	warmPlate	5.374955e+02	5.399015e+02	1.583241e-01
2355          	OVC	-4.919698e+02	-4.908813e+02	-1.583189e-01
2356          	warmPlate	5.374955e+02	5.399015e+02	1.583241e-01
2356          	OVC	-4.919698e+02	-4.908813e+02	-1.583189e-01
2357          	warmPlate	5.374955e+02	5.399015e+02	1.583241e-01
2357          	OVC	-4.919698e+02	-4.908813e+02	-1.583189e-01
2358          	warmPlate	5.374955e+02	5.399015e+02	1.583241e-01
2358          	OVC	-4.919698e+02	-4.908813e+02	-1.583189e-01
2359          	warmPlate	5.374955e+02	5.399015e+02	1.583241e-01
2359          	OVC	-4.919698e+02	-4.908813e+02	-1.583189e-01
2360          	warmPlate	5.374955e+02	5.399015e+02	1.583241e-01
2360          	OVC	-4.919698e+02	-4.908813e+02	-1.583189e-01
2361          	warmPlate	5.374955e+02	5.399015e+02	1.583241e-01
2361          	OVC	-4.919698e+02	-4.908813e+02	-1.583189e-01
2362          	warmPlate	5.374955e+02	5.399015e+02	1.583241e-01
2362          	OVC	-4.919698e+02	-4.908813e+02	-1.583189e-01
2363          	warmPlate	5.374955e+02	5.399015e+02	1.583241e-01
2363          	OVC	-4.919698e+02	-4.908813e+02	-1.583189e-01
2364          	warmPlate	5.374955e+02	5.399015e+02	1.583241e-01
2364          	OVC	-4.919698e+02	-4.908813e+02	-1.583189e-01
2365          	warmPlate	5.374955e+02	5.399015e+02	1.583241e-01
2365          	OVC	-4.919698e+02	-4.908813e+02	-1.583189e-01
2366          	warmPlate	5.374955e+02	5.399015e+02	1.583241e-01
2366          	OVC	-4.919698e+02	-4.908813e+02	-1.583189e-01
2367          	warmPlate	5.374955e+02	5.399015e+02	1.583241e-01
2367          	OVC	-4.919698e+02	-4.908813e+02	-1.583189e-01
2368          	warmPlate	5.374955e+02	5.399015e+02	1.583241e-01
2368          	OVC	-4.919698e+02	-4.908813e+02	-1.583189e-01
2369          	warmPlate	5.374955e+02	5.399015e+02	1.583241e-01
2369          	OVC	-4.919698e+02	-4.908813e+02	-1.583189e-01
2370          	warmPlate	5.374955e+02	5.399015e+02	1.583241e-01
2370          	OVC	-4.919698e+02	-4.908813e+02	-1.583189e-01
2371          	warmPlate	5.374955e+02	5.399015e+02	1.583241e-01
2371          	OVC	-4.919698e+02	-4.908813e+02	-1.583189e-01
2372          	warmPlate	5.374955e+02	5.399015e+02	1.583241e-01
2372          	OVC	-4.919698e+02	-4.908813e+02	-1.583189e-01
2373          	warmPlate	5.374955e+02	5.399015e+02	1.583241e-01
2373          	OVC	-4.919698e+02	-4.908813e+02	-1.583189e-01
2374          	warmPlate	5.374955e+02	5.399015e+02	1.583241e-01
2374          	OVC	-4.919698e+02	-4.908813e+02	-1.583189e-01
2375          	warmPlate	5.374955e+02	5.399015e+02	1.583241e-01
2375          	OVC	-4.919698e+02	-4.908813e+02	-1.583189e-01
2376          	warmPlate	5.374955e+02	5.399015e+02	1.583241e-01
2376          	OVC	-4.919698e+02	-4.908813e+02	-1.583189e-01
2377          	warmPlate	5.374955e+02	5.399015e+02	1.583241e-01
2377          	OVC	-4.919698e+02	-4.908813e+02	-1.583189e-01
2378          	warmPlate	5.374955e+02	5.399015e+02	1.583241e-01
2378          	OVC	-4.919698e+02	-4.908813e+02	-1.583189e-01
2379          	warmPlate	5.374955e+02	5.399015e+02	1.583241e-01
2379          	OVC	-4.919698e+02	-4.908813e+02	-1.583189e-01
2380          	warmPlate	5.374955e+02	5.399015e+02	1.583241e-01
2380          	OVC	-4.919698e+02	-4.908813e+02	-1.583189e-01
2381          	warmPlate	5.374955e+02	5.399015e+02	1.583241e-01
2381          	OVC	-4.919698e+02	-4.908813e+02	-1.583189e-01
2382          	warmPlate	5.374955e+02	5.399015e+02	1.583241e-01
2382          	OVC	-4.919698e+02	-4.908813e+02	-1.583189e-01
2383          	warmPlate	5.374955e+02	5.399015e+02	1.583241e-01
2383          	OVC	-4.919698e+02	-4.908813e+02	-1.583189e-01
2384          	warmPlate	5.374955e+02	5.399015e+02	1.583241e-01
2384          	OVC	-4.919698e+02	-4.908813e+02	-1.583189e-01
2385          	warmPlate	5.374955e+02	5.399015e+02	1.583241e-01
2385          	OVC	-4.919698e+02	-4.908813e+02	-1.583189e-01
2386          	warmPlate	5.374955e+02	5.399015e+02	1.583241e-01
2386          	OVC	-4.919698e+02	-4.908813e+02	-1.583189e-01
2387          	warmPlate	5.374955e+02	5.399015e+02	1.583241e-01
2387          	OVC	-4.919698e+02	-4.908813e+02	-1.583189e-01
2388          	warmPlate	5.374955e+02	5.399015e+02	1.583241e-01
2388          	OVC	-4.919698e+02	-4.908813e+02	-1.583189e-01
2389          	warmPlate	5.374955e+02	5.399015e+02	1.583241e-01
2389          	OVC	-4.919698e+02	-4.908813e+02	-1.583189e-01
2390          	warmPlate	5.374955e+02	5.399015e+02	1.583241e-01
2390          	OVC	-4.919698e+02	-4.908813e+02	-1.583189e-01
2391          	warmPlate	5.374955e+02	5.399015e+02	1.583241e-01
2391          	OVC	-4.919698e+02	-4.908813e+02	-1.583189e-01
2392          	warmPlate	5.374955e+02	5.399015e+02	1.583241e-01
2392          	OVC	-4.919698e+02	-4.908813e+02	-1.583189e-01
2393          	warmPlate	5.374955e+02	5.399015e+02	1.583241e-01
2393          	OVC	-4.919698e+02	-4.908813e+02	-1.583189e-01
2394          	warmPlate	5.374955e+02	5.399015e+02	1.583241e-01
2394          	OVC	-4.919698e+02	-4.908813e+02	-1.583189e-01
2395          	warmPlate	5.374955e+02	5.399015e+02	1.583241e-01
2395          	OVC	-4.919698e+02	-4.908813e+02	-1.583189e-01
2396          	warmPlate	5.374955e+02	5.399015e+02	1.583241e-01
2396          	OVC	-4.919698e+02	-4.908813e+02	-1.583189e-01
2397          	warmPlate	5.374955e+02	5.399015e+02	1.583241e-01
2397          	OVC	-4.919698e+02	-4.908813e+02	-1.583189e-01
2398          	warmPlate	5.374955e+02	5.399015e+02	1.583241e-01
2398          	OVC	-4.919698e+02	-4.908813e+02	-1.583189e-01
2399          	warmPlate	5.374955e+02	5.399015e+02	1.583241e-01
2399          	OVC	-4.919698e+02	-4.908813e+02	-1.583189e-01
2400          	warmPlate	5.374955e+02	5.399015e+02	1.583241e-01
2400          	OVC	-4.919698e+02	-4.908813e+02	-1.583189e-01
2401          	warmPlate	5.374955e+02	5.399015e+02	1.583241e-01
2401          	OVC	-4.919698e+02	-4.908813e+02	-1.583189e-01
2402          	warmPlate	5.374955e+02	5.399015e+02	1.583241e-01
2402          	OVC	-4.919698e+02	-4.908813e+02	-1.583189e-01
2403          	warmPlate	5.374955e+02	5.399015e+02	1.583241e-01
2403          	OVC	-4.919698e+02	-4.908813e+02	-1.583189e-01
2404          	warmPlate	5.374955e+02	5.399015e+02	1.583241e-01
2404          	OVC	-4.919698e+02	-4.908813e+02	-1.583189e-01
2405          	warmPlate	5.374955e+02	5.399015e+02	1.583241e-01
2405          	OVC	-4.919698e+02	-4.908813e+02	-1.583189e-01
2406          	warmPlate	5.374955e+02	5.399015e+02	1.583241e-01
2406          	OVC	-4.919698e+02	-4.908813e+02	-1.583189e-01
2407          	warmPlate	5.374955e+02	5.399015e+02	1.583241e-01
2407          	OVC	-4.919698e+02	-4.908813e+02	-1.583189e-01
2408          	warmPlate	5.374955e+02	5.399015e+02	1.583241e-01
2408          	OVC	-4.919698e+02	-4.908813e+02	-1.583189e-01
2409          	warmPlate	5.374955e+02	5.399015e+02	1.583241e-01
2409          	OVC	-4.919698e+02	-4.908813e+02	-1.583189e-01
2410          	warmPlate	5.374955e+02	5.399015e+02	1.583241e-01
2410          	OVC	-4.919698e+02	-4.908813e+02	-1.583189e-01
2411          	warmPlate	5.374955e+02	5.399015e+02	1.583241e-01
2411          	OVC	-4.919698e+02	-4.908813e+02	-1.583189e-01
2412          	warmPlate	5.374955e+02	5.399015e+02	1.583241e-01
2412          	OVC	-4.919698e+02	-4.908813e+02	-1.583189e-01
2413          	warmPlate	5.374955e+02	5.399015e+02	1.583241e-01
2413          	OVC	-4.919698e+02	-4.908813e+02	-1.583189e-01
2414          	warmPlate	5.374955e+02	5.399015e+02	1.583241e-01
2414          	OVC	-4.919698e+02	-4.908813e+02	-1.583189e-01
2415          	warmPlate	5.374955e+02	5.399015e+02	1.583241e-01
2415          	OVC	-4.919698e+02	-4.908813e+02	-1.583189e-01
2416          	warmPlate	5.374955e+02	5.399015e+02	1.583241e-01
2416          	OVC	-4.919698e+02	-4.908813e+02	-1.583189e-01
2417          	warmPlate	5.374955e+02	5.399015e+02	1.583241e-01
2417          	OVC	-4.919698e+02	-4.908813e+02	-1.583189e-01
2418          	warmPlate	5.374955e+02	5.399015e+02	1.583241e-01
2418          	OVC	-4.919698e+02	-4.908813e+02	-1.583189e-01
2419          	warmPlate	5.374955e+02	5.399015e+02	1.583241e-01
2419          	OVC	-4.919698e+02	-4.908813e+02	-1.583189e-01
2420          	warmPlate	5.374955e+02	5.399015e+02	1.583241e-01
2420          	OVC	-4.919698e+02	-4.908813e+02	-1.583189e-01
2421          	warmPlate	5.374955e+02	5.399015e+02	1.583241e-01
2421          	OVC	-4.919698e+02	-4.908813e+02	-1.583189e-01
2422          	warmPlate	5.374955e+02	5.399015e+02	1.583241e-01
2422          	OVC	-4.919698e+02	-4.908813e+02	-1.583189e-01
2423          	warmPlate	5.374955e+02	5.399015e+02	1.583241e-01
2423          	OVC	-4.919698e+02	-4.908813e+02	-1.583189e-01
2424          	warmPlate	5.374955e+02	5.399015e+02	1.583241e-01
2424          	OVC	-4.919698e+02	-4.908813e+02	-1.583189e-01
2425          	warmPlate	5.374955e+02	5.399015e+02	1.583241e-01
2425          	OVC	-4.919698e+02	-4.908813e+02	-1.583189e-01
2426          	warmPlate	5.374955e+02	5.399015e+02	1.583241e-01
2426          	OVC	-4.919698e+02	-4.908813e+02	-1.583189e-01
2427          	warmPlate	5.374955e+02	5.399015e+02	1.583241e-01
2427          	OVC	-4.919698e+02	-4.908813e+02	-1.583189e-01
2428          	warmPlate	5.374955e+02	5.399015e+02	1.583241e-01
2428          	OVC	-4.919698e+02	-4.908813e+02	-1.583189e-01
2429          	warmPlate	5.374955e+02	5.399015e+02	1.583241e-01
2429          	OVC	-4.919698e+02	-4.908813e+02	-1.583189e-01
2430          	warmPlate	5.374955e+02	5.399015e+02	1.583241e-01
2430          	OVC	-4.919698e+02	-4.908813e+02	-1.583189e-01
2431          	warmPlate	5.374955e+02	5.399015e+02	1.583241e-01
2431          	OVC	-4.919698e+02	-4.908813e+02	-1.583189e-01
2432          	warmPlate	5.374955e+02	5.399015e+02	1.583241e-01
2432          	OVC	-4.919698e+02	-4.908813e+02	-1.583189e-01
2433          	warmPlate	5.374955e+02	5.399015e+02	1.583241e-01
2433          	OVC	-4.919698e+02	-4.908813e+02	-1.583189e-01
2434          	warmPlate	5.374955e+02	5.399015e+02	1.583241e-01
2434          	OVC	-4.919698e+02	-4.908813e+02	-1.583189e-01
2435          	warmPlate	5.374955e+02	5.399015e+02	1.583241e-01
2435          	OVC	-4.919698e+02	-4.908813e+02	-1.583189e-01
2436          	warmPlate	5.374955e+02	5.399015e+02	1.583241e-01
2436          	OVC	-4.919698e+02	-4.908813e+02	-1.583189e-01
2437          	warmPlate	5.374955e+02	5.399015e+02	1.583241e-01
2437          	OVC	-4.919698e+02	-4.908813e+02	-1.583189e-01
2438          	warmPlate	5.374955e+02	5.399015e+02	1.583241e-01
2438          	OVC	-4.919698e+02	-4.908813e+02	-1.583189e-01
2439          	warmPlate	5.374955e+02	5.399015e+02	1.583241e-01
2439          	OVC	-4.919698e+02	-4.908813e+02	-1.583189e-01
2440          	warmPlate	5.374955e+02	5.399015e+02	1.583241e-01
2440          	OVC	-4.919698e+02	-4.908813e+02	-1.583189e-01
2441          	warmPlate	5.374955e+02	5.399015e+02	1.583241e-01
2441          	OVC	-4.919698e+02	-4.908813e+02	-1.583189e-01
2442          	warmPlate	5.374955e+02	5.399015e+02	1.583241e-01
2442          	OVC	-4.919698e+02	-4.908813e+02	-1.583189e-01
2443          	warmPlate	5.374955e+02	5.399015e+02	1.583241e-01
2443          	OVC	-4.919698e+02	-4.908813e+02	-1.583189e-01
2444          	warmPlate	5.374955e+02	5.399015e+02	1.583241e-01
2444          	OVC	-4.919698e+02	-4.908813e+02	-1.583189e-01
2445          	warmPlate	5.374955e+02	5.399015e+02	1.583241e-01
2445          	OVC	-4.919698e+02	-4.908813e+02	-1.583189e-01
2446          	warmPlate	5.374955e+02	5.399015e+02	1.583241e-01
2446          	OVC	-4.919698e+02	-4.908813e+02	-1.583189e-01
2447          	warmPlate	5.374955e+02	5.399015e+02	1.583241e-01
2447          	OVC	-4.919698e+02	-4.908813e+02	-1.583189e-01
2448          	warmPlate	5.374955e+02	5.399015e+02	1.583241e-01
2448          	OVC	-4.919698e+02	-4.908813e+02	-1.583189e-01
2449          	warmPlate	5.374955e+02	5.399015e+02	1.583241e-01
2449          	OVC	-4.919698e+02	-4.908813e+02	-1.583189e-01
2450          	warmPlate	5.374955e+02	5.399015e+02	1.583241e-01
2450          	OVC	-4.919698e+02	-4.908813e+02	-1.583189e-01
2451          	warmPlate	5.374955e+02	5.399015e+02	1.583241e-01
2451          	OVC	-4.919698e+02	-4.908813e+02	-1.583189e-01
2452          	warmPlate	5.374955e+02	5.399015e+02	1.583241e-01
2452          	OVC	-4.919698e+02	-4.908813e+02	-1.583189e-01
2453          	warmPlate	5.374955e+02	5.399015e+02	1.583241e-01
2453          	OVC	-4.919698e+02	-4.908813e+02	-1.583189e-01
2454          	warmPlate	5.374955e+02	5.399015e+02	1.583241e-01
2454          	OVC	-4.919698e+02	-4.908813e+02	-1.583189e-01
2455          	warmPlate	5.374955e+02	5.399015e+02	1.583241e-01
2455          	OVC	-4.919698e+02	-4.908813e+02	-1.583189e-01
2456          	warmPlate	5.374955e+02	5.399015e+02	1.583241e-01
2456          	OVC	-4.919698e+02	-4.908813e+02	-1.583189e-01
2457          	warmPlate	5.374955e+02	5.399015e+02	1.583241e-01
2457          	OVC	-4.919698e+02	-4.908813e+02	-1.583189e-01
2458          	warmPlate	5.374955e+02	5.399015e+02	1.583241e-01
2458          	OVC	-4.919698e+02	-4.908813e+02	-1.583189e-01
2459          	warmPlate	5.374955e+02	5.399015e+02	1.583241e-01
2459          	OVC	-4.919698e+02	-4.908813e+02	-1.583189e-01
2460          	warmPlate	5.374955e+02	5.399015e+02	1.583241e-01
2460          	OVC	-4.919698e+02	-4.908813e+02	-1.583189e-01
2461          	warmPlate	5.374955e+02	5.399015e+02	1.583241e-01
2461          	OVC	-4.919698e+02	-4.908813e+02	-1.583189e-01
2462          	warmPlate	5.374955e+02	5.399015e+02	1.583241e-01
2462          	OVC	-4.919698e+02	-4.908813e+02	-1.583189e-01
2463          	warmPlate	5.374955e+02	5.399015e+02	1.583241e-01
2463          	OVC	-4.919698e+02	-4.908813e+02	-1.583189e-01
2464          	warmPlate	5.374955e+02	5.399015e+02	1.583241e-01
2464          	OVC	-4.919698e+02	-4.908813e+02	-1.583189e-01
2465          	warmPlate	5.374955e+02	5.399015e+02	1.583241e-01
2465          	OVC	-4.919698e+02	-4.908813e+02	-1.583189e-01
2466          	warmPlate	5.374955e+02	5.399015e+02	1.583241e-01
2466          	OVC	-4.919698e+02	-4.908813e+02	-1.583189e-01
2467          	warmPlate	5.374955e+02	5.399015e+02	1.583241e-01
2467          	OVC	-4.919698e+02	-4.908813e+02	-1.583189e-01
2468          	warmPlate	5.374955e+02	5.399015e+02	1.583241e-01
2468          	OVC	-4.919698e+02	-4.908813e+02	-1.583189e-01
2469          	warmPlate	5.374955e+02	5.399015e+02	1.583241e-01
2469          	OVC	-4.919698e+02	-4.908813e+02	-1.583189e-01
2470          	warmPlate	5.374955e+02	5.399015e+02	1.583241e-01
2470          	OVC	-4.919698e+02	-4.908813e+02	-1.583189e-01
2471          	warmPlate	5.374955e+02	5.399015e+02	1.583241e-01
2471          	OVC	-4.919698e+02	-4.908813e+02	-1.583189e-01
2472          	warmPlate	5.374955e+02	5.399015e+02	1.583241e-01
2472          	OVC	-4.919698e+02	-4.908813e+02	-1.583189e-01
2473          	warmPlate	5.374955e+02	5.399015e+02	1.583241e-01
2473          	OVC	-4.919698e+02	-4.908813e+02	-1.583189e-01
2474          	warmPlate	5.374955e+02	5.399015e+02	1.583241e-01
2474          	OVC	-4.919698e+02	-4.908813e+02	-1.583189e-01
2475          	warmPlate	5.374955e+02	5.399015e+02	1.583241e-01
2475          	OVC	-4.919698e+02	-4.908813e+02	-1.583189e-01
2476          	warmPlate	5.374955e+02	5.399015e+02	1.583241e-01
2476          	OVC	-4.919698e+02	-4.908813e+02	-1.583189e-01
2477          	warmPlate	5.374955e+02	5.399015e+02	1.583241e-01
2477          	OVC	-4.919698e+02	-4.908813e+02	-1.583189e-01
2478          	warmPlate	5.374955e+02	5.399015e+02	1.583241e-01
2478          	OVC	-4.919698e+02	-4.908813e+02	-1.583189e-01
2479          	warmPlate	5.374955e+02	5.399015e+02	1.583241e-01
2479          	OVC	-4.919698e+02	-4.908813e+02	-1.583189e-01
2480          	warmPlate	5.374955e+02	5.399015e+02	1.583241e-01
2480          	OVC	-4.919698e+02	-4.908813e+02	-1.583189e-01
2481          	warmPlate	5.374955e+02	5.399015e+02	1.583241e-01
2481          	OVC	-4.919698e+02	-4.908813e+02	-1.583189e-01
2482          	warmPlate	5.374955e+02	5.399015e+02	1.583241e-01
2482          	OVC	-4.919698e+02	-4.908813e+02	-1.583189e-01
2483          	warmPlate	5.374955e+02	5.399015e+02	1.583241e-01
2483          	OVC	-4.919698e+02	-4.908813e+02	-1.583189e-01
2484          	warmPlate	5.374955e+02	5.399015e+02	1.583241e-01
2484          	OVC	-4.919698e+02	-4.908813e+02	-1.583189e-01
2485          	warmPlate	5.374955e+02	5.399015e+02	1.583241e-01
2485          	OVC	-4.919698e+02	-4.908813e+02	-1.583189e-01
2486          	warmPlate	5.374955e+02	5.399015e+02	1.583241e-01
2486          	OVC	-4.919698e+02	-4.908813e+02	-1.583189e-01
2487          	warmPlate	5.374955e+02	5.399015e+02	1.583241e-01
2487          	OVC	-4.919698e+02	-4.908813e+02	-1.583189e-01
2488          	warmPlate	5.374955e+02	5.399015e+02	1.583241e-01
2488          	OVC	-4.919698e+02	-4.908813e+02	-1.583189e-01
2489          	warmPlate	5.374955e+02	5.399015e+02	1.583241e-01
2489          	OVC	-4.919698e+02	-4.908813e+02	-1.583189e-01
2490          	warmPlate	5.374955e+02	5.399015e+02	1.583241e-01
2490          	OVC	-4.919698e+02	-4.908813e+02	-1.583189e-01
2491          	warmPlate	5.374955e+02	5.399015e+02	1.583241e-01
2491          	OVC	-4.919698e+02	-4.908813e+02	-1.583189e-01
2492          	warmPlate	5.374955e+02	5.399015e+02	1.583241e-01
2492          	OVC	-4.919698e+02	-4.908813e+02	-1.583189e-01
2493          	warmPlate	5.374955e+02	5.399015e+02	1.583241e-01
2493          	OVC	-4.919698e+02	-4.908813e+02	-1.583189e-01
2494          	warmPlate	5.374955e+02	5.399015e+02	1.583241e-01
2494          	OVC	-4.919698e+02	-4.908813e+02	-1.583189e-01
2495          	warmPlate	5.374955e+02	5.399015e+02	1.583241e-01
2495          	OVC	-4.919698e+02	-4.908813e+02	-1.583189e-01
2496          	warmPlate	5.374955e+02	5.399015e+02	1.583241e-01
2496          	OVC	-4.919698e+02	-4.908813e+02	-1.583189e-01
2497          	warmPlate	5.374955e+02	5.399015e+02	1.583241e-01
2497          	OVC	-4.919698e+02	-4.908813e+02	-1.583189e-01
2498          	warmPlate	5.374955e+02	5.399015e+02	1.583241e-01
2498          	OVC	-4.919698e+02	-4.908813e+02	-1.583189e-01
2499          	warmPlate	5.374955e+02	5.399015e+02	1.583241e-01
2499          	OVC	-4.919698e+02	-4.908813e+02	-1.583189e-01
2500          	warmPlate	5.374955e+02	5.399015e+02	1.583241e-01
2500          	OVC	-4.919698e+02	-4.908813e+02	-1.583189e-01
2501          	warmPlate	5.374955e+02	5.399015e+02	1.583241e-01
2501          	OVC	-4.919698e+02	-4.908813e+02	-1.583189e-01
2502          	warmPlate	5.374955e+02	5.399015e+02	1.583241e-01
2502          	OVC	-4.919698e+02	-4.908813e+02	-1.583189e-01
2503          	warmPlate	5.374955e+02	5.399015e+02	1.583241e-01
2503          	OVC	-4.919698e+02	-4.908813e+02	-1.583189e-01
2504          	warmPlate	5.374955e+02	5.399015e+02	1.583241e-01
2504          	OVC	-4.919698e+02	-4.908813e+02	-1.583189e-01
2505          	warmPlate	5.374955e+02	5.399015e+02	1.583241e-01
2505          	OVC	-4.919698e+02	-4.908813e+02	-1.583189e-01
2506          	warmPlate	5.374955e+02	5.399015e+02	1.583241e-01
2506          	OVC	-4.919698e+02	-4.908813e+02	-1.583189e-01
2507          	warmPlate	5.374955e+02	5.399015e+02	1.583241e-01
2507          	OVC	-4.919698e+02	-4.908813e+02	-1.583189e-01
2508          	warmPlate	5.374955e+02	5.399015e+02	1.583241e-01
2508          	OVC	-4.919698e+02	-4.908813e+02	-1.583189e-01
2509          	warmPlate	5.374955e+02	5.399015e+02	1.583241e-01
2509          	OVC	-4.919698e+02	-4.908813e+02	-1.583189e-01
2510          	warmPlate	5.374955e+02	5.399015e+02	1.583241e-01
2510          	OVC	-4.919698e+02	-4.908813e+02	-1.583189e-01
2511          	warmPlate	5.374955e+02	5.399015e+02	1.583241e-01
2511          	OVC	-4.919698e+02	-4.908813e+02	-1.583189e-01
2512          	warmPlate	5.374955e+02	5.399015e+02	1.583241e-01
2512          	OVC	-4.919698e+02	-4.908813e+02	-1.583189e-01
2513          	warmPlate	5.374955e+02	5.399015e+02	1.583241e-01
2513          	OVC	-4.919698e+02	-4.908813e+02	-1.583189e-01
2514          	warmPlate	5.374955e+02	5.399015e+02	1.583241e-01
2514          	OVC	-4.919698e+02	-4.908813e+02	-1.583189e-01
2515          	warmPlate	5.374955e+02	5.399015e+02	1.583241e-01
2515          	OVC	-4.919698e+02	-4.908813e+02	-1.583189e-01
2516          	warmPlate	5.374955e+02	5.399015e+02	1.583241e-01
2516          	OVC	-4.919698e+02	-4.908813e+02	-1.583189e-01
2517          	warmPlate	5.374955e+02	5.399015e+02	1.583241e-01
2517          	OVC	-4.919698e+02	-4.908813e+02	-1.583189e-01
2518          	warmPlate	5.374955e+02	5.399015e+02	1.583241e-01
2518          	OVC	-4.919698e+02	-4.908813e+02	-1.583189e-01
2519          	warmPlate	5.374955e+02	5.399015e+02	1.583241e-01
2519          	OVC	-4.919698e+02	-4.908813e+02	-1.583189e-01
2520          	warmPlate	5.374955e+02	5.399015e+02	1.583241e-01
2520          	OVC	-4.919698e+02	-4.908813e+02	-1.583189e-01
2521          	warmPlate	5.374955e+02	5.399015e+02	1.583241e-01
2521          	OVC	-4.919698e+02	-4.908813e+02	-1.583189e-01
2522          	warmPlate	5.374955e+02	5.399015e+02	1.583241e-01
2522          	OVC	-4.919698e+02	-4.908813e+02	-1.583189e-01
2523          	warmPlate	5.374955e+02	5.399015e+02	1.583241e-01
2523          	OVC	-4.919698e+02	-4.908813e+02	-1.583189e-01
2524          	warmPlate	5.374955e+02	5.399015e+02	1.583241e-01
2524          	OVC	-4.919698e+02	-4.908813e+02	-1.583189e-01
2525          	warmPlate	5.374955e+02	5.399015e+02	1.583241e-01
2525          	OVC	-4.919698e+02	-4.908813e+02	-1.583189e-01
2526          	warmPlate	5.374955e+02	5.399015e+02	1.583241e-01
2526          	OVC	-4.919698e+02	-4.908813e+02	-1.583189e-01
2527          	warmPlate	5.374955e+02	5.399015e+02	1.583241e-01
2527          	OVC	-4.919698e+02	-4.908813e+02	-1.583189e-01
2528          	warmPlate	5.374955e+02	5.399015e+02	1.583241e-01
2528          	OVC	-4.919698e+02	-4.908813e+02	-1.583189e-01
2529          	warmPlate	5.374955e+02	5.399015e+02	1.583241e-01
2529          	OVC	-4.919698e+02	-4.908813e+02	-1.583189e-01
2530          	warmPlate	5.374955e+02	5.399015e+02	1.583241e-01
2530          	OVC	-4.919698e+02	-4.908813e+02	-1.583189e-01
2531          	warmPlate	5.374955e+02	5.399015e+02	1.583241e-01
2531          	OVC	-4.919698e+02	-4.908813e+02	-1.583189e-01
2532          	warmPlate	5.374955e+02	5.399015e+02	1.583241e-01
2532          	OVC	-4.919698e+02	-4.908813e+02	-1.583189e-01
2533          	warmPlate	5.374955e+02	5.399015e+02	1.583241e-01
2533          	OVC	-4.919698e+02	-4.908813e+02	-1.583189e-01
2534          	warmPlate	5.374955e+02	5.399015e+02	1.583241e-01
2534          	OVC	-4.919698e+02	-4.908813e+02	-1.583189e-01
2535          	warmPlate	5.374955e+02	5.399015e+02	1.583241e-01
2535          	OVC	-4.919698e+02	-4.908813e+02	-1.583189e-01
2536          	warmPlate	5.374955e+02	5.399015e+02	1.583241e-01
2536          	OVC	-4.919698e+02	-4.908813e+02	-1.583189e-01
2537          	warmPlate	5.374955e+02	5.399015e+02	1.583241e-01
2537          	OVC	-4.919698e+02	-4.908813e+02	-1.583189e-01
2538          	warmPlate	5.374955e+02	5.399015e+02	1.583241e-01
2538          	OVC	-4.919698e+02	-4.908813e+02	-1.583189e-01
2539          	warmPlate	5.374955e+02	5.399015e+02	1.583241e-01
2539          	OVC	-4.919698e+02	-4.908813e+02	-1.583189e-01
2540          	warmPlate	5.374955e+02	5.399015e+02	1.583241e-01
2540          	OVC	-4.919698e+02	-4.908813e+02	-1.583189e-01
2541          	warmPlate	5.374955e+02	5.399015e+02	1.583241e-01
2541          	OVC	-4.919698e+02	-4.908813e+02	-1.583189e-01
2542          	warmPlate	5.374955e+02	5.399015e+02	1.583241e-01
2542          	OVC	-4.919698e+02	-4.908813e+02	-1.583189e-01
2543          	warmPlate	5.374955e+02	5.399015e+02	1.583241e-01
2543          	OVC	-4.919698e+02	-4.908813e+02	-1.583189e-01
2544          	warmPlate	5.374955e+02	5.399015e+02	1.583241e-01
2544          	OVC	-4.919698e+02	-4.908813e+02	-1.583189e-01
2545          	warmPlate	5.374955e+02	5.399015e+02	1.583241e-01
2545          	OVC	-4.919698e+02	-4.908813e+02	-1.583189e-01
2546          	warmPlate	5.374955e+02	5.399015e+02	1.583241e-01
2546          	OVC	-4.919698e+02	-4.908813e+02	-1.583189e-01
2547          	warmPlate	5.374955e+02	5.399015e+02	1.583241e-01
2547          	OVC	-4.919698e+02	-4.908813e+02	-1.583189e-01
2548          	warmPlate	5.374955e+02	5.399015e+02	1.583241e-01
2548          	OVC	-4.919698e+02	-4.908813e+02	-1.583189e-01
2549          	warmPlate	5.374955e+02	5.399015e+02	1.583241e-01
2549          	OVC	-4.919698e+02	-4.908813e+02	-1.583189e-01
2550          	warmPlate	5.374955e+02	5.399015e+02	1.583241e-01
2550          	OVC	-4.919698e+02	-4.908813e+02	-1.583189e-01
2551          	warmPlate	5.374955e+02	5.399015e+02	1.583241e-01
2551          	OVC	-4.919698e+02	-4.908813e+02	-1.583189e-01
2552          	warmPlate	5.374955e+02	5.399015e+02	1.583241e-01
2552          	OVC	-4.919698e+02	-4.908813e+02	-1.583189e-01
2553          	warmPlate	5.374955e+02	5.399015e+02	1.583241e-01
2553          	OVC	-4.919698e+02	-4.908813e+02	-1.583189e-01
2554          	warmPlate	5.374955e+02	5.399015e+02	1.583241e-01
2554          	OVC	-4.919698e+02	-4.908813e+02	-1.583189e-01
2555          	warmPlate	5.374955e+02	5.399015e+02	1.583241e-01
2555          	OVC	-4.919698e+02	-4.908813e+02	-1.583189e-01
2556          	warmPlate	5.374955e+02	5.399015e+02	1.583241e-01
2556          	OVC	-4.919698e+02	-4.908813e+02	-1.583189e-01
2557          	warmPlate	5.374955e+02	5.399015e+02	1.583241e-01
2557          	OVC	-4.919698e+02	-4.908813e+02	-1.583189e-01
2558          	warmPlate	5.374955e+02	5.399015e+02	1.583241e-01
2558          	OVC	-4.919698e+02	-4.908813e+02	-1.583189e-01
2559          	warmPlate	5.374955e+02	5.399015e+02	1.583241e-01
2559          	OVC	-4.919698e+02	-4.908813e+02	-1.583189e-01
2560          	warmPlate	5.374955e+02	5.399015e+02	1.583241e-01
2560          	OVC	-4.919698e+02	-4.908813e+02	-1.583189e-01
2561          	warmPlate	5.374955e+02	5.399015e+02	1.583241e-01
2561          	OVC	-4.919698e+02	-4.908813e+02	-1.583189e-01
2562          	warmPlate	5.374955e+02	5.399015e+02	1.583241e-01
2562          	OVC	-4.919698e+02	-4.908813e+02	-1.583189e-01
2563          	warmPlate	5.374955e+02	5.399015e+02	1.583241e-01
2563          	OVC	-4.919698e+02	-4.908813e+02	-1.583189e-01
2564          	warmPlate	5.374955e+02	5.399015e+02	1.583241e-01
2564          	OVC	-4.919698e+02	-4.908813e+02	-1.583189e-01
2565          	warmPlate	5.374955e+02	5.399015e+02	1.583241e-01
2565          	OVC	-4.919698e+02	-4.908813e+02	-1.583189e-01
2566          	warmPlate	5.374955e+02	5.399015e+02	1.583241e-01
2566          	OVC	-4.919698e+02	-4.908813e+02	-1.583189e-01
2567          	warmPlate	5.374955e+02	5.399015e+02	1.583241e-01
2567          	OVC	-4.919698e+02	-4.908813e+02	-1.583189e-01
2568          	warmPlate	5.374955e+02	5.399015e+02	1.583241e-01
2568          	OVC	-4.919698e+02	-4.908813e+02	-1.583189e-01
2569          	warmPlate	5.374955e+02	5.399015e+02	1.583241e-01
2569          	OVC	-4.919698e+02	-4.908813e+02	-1.583189e-01
2570          	warmPlate	5.374955e+02	5.399015e+02	1.583241e-01
2570          	OVC	-4.919698e+02	-4.908813e+02	-1.583189e-01
2571          	warmPlate	5.374955e+02	5.399015e+02	1.583241e-01
2571          	OVC	-4.919698e+02	-4.908813e+02	-1.583189e-01
2572          	warmPlate	5.374955e+02	5.399015e+02	1.583241e-01
2572          	OVC	-4.919698e+02	-4.908813e+02	-1.583189e-01
2573          	warmPlate	5.374955e+02	5.399015e+02	1.583241e-01
2573          	OVC	-4.919698e+02	-4.908813e+02	-1.583189e-01
2574          	warmPlate	5.374955e+02	5.399015e+02	1.583241e-01
2574          	OVC	-4.919698e+02	-4.908813e+02	-1.583189e-01
2575          	warmPlate	5.374955e+02	5.399015e+02	1.583241e-01
2575          	OVC	-4.919698e+02	-4.908813e+02	-1.583189e-01
2576          	warmPlate	5.374955e+02	5.399015e+02	1.583241e-01
2576          	OVC	-4.919698e+02	-4.908813e+02	-1.583189e-01
2577          	warmPlate	5.374955e+02	5.399015e+02	1.583241e-01
2577          	OVC	-4.919698e+02	-4.908813e+02	-1.583189e-01
2578          	warmPlate	5.374955e+02	5.399015e+02	1.583241e-01
2578          	OVC	-4.919698e+02	-4.908813e+02	-1.583189e-01
2579          	warmPlate	5.374955e+02	5.399015e+02	1.583241e-01
2579          	OVC	-4.919698e+02	-4.908813e+02	-1.583189e-01
2580          	warmPlate	5.374955e+02	5.399015e+02	1.583241e-01
2580          	OVC	-4.919698e+02	-4.908813e+02	-1.583189e-01
2581          	warmPlate	5.374955e+02	5.399015e+02	1.583241e-01
2581          	OVC	-4.919698e+02	-4.908813e+02	-1.583189e-01
2582          	warmPlate	5.374955e+02	5.399015e+02	1.583241e-01
2582          	OVC	-4.919698e+02	-4.908813e+02	-1.583189e-01
2583          	warmPlate	5.374955e+02	5.399015e+02	1.583241e-01
2583          	OVC	-4.919698e+02	-4.908813e+02	-1.583189e-01
2584          	warmPlate	5.374955e+02	5.399015e+02	1.583241e-01
2584          	OVC	-4.919698e+02	-4.908813e+02	-1.583189e-01
2585          	warmPlate	5.374955e+02	5.399015e+02	1.583241e-01
2585          	OVC	-4.919698e+02	-4.908813e+02	-1.583189e-01
2586          	warmPlate	5.374955e+02	5.399015e+02	1.583241e-01
2586          	OVC	-4.919698e+02	-4.908813e+02	-1.583189e-01
2587          	warmPlate	5.374955e+02	5.399015e+02	1.583241e-01
2587          	OVC	-4.919698e+02	-4.908813e+02	-1.583189e-01
2588          	warmPlate	5.374955e+02	5.399015e+02	1.583241e-01
2588          	OVC	-4.919698e+02	-4.908813e+02	-1.583189e-01
2589          	warmPlate	5.374955e+02	5.399015e+02	1.583241e-01
2589          	OVC	-4.919698e+02	-4.908813e+02	-1.583189e-01
2590          	warmPlate	5.374955e+02	5.399015e+02	1.583241e-01
2590          	OVC	-4.919698e+02	-4.908813e+02	-1.583189e-01
2591          	warmPlate	5.374955e+02	5.399015e+02	1.583241e-01
2591          	OVC	-4.919698e+02	-4.908813e+02	-1.583189e-01
2592          	warmPlate	5.374955e+02	5.399015e+02	1.583241e-01
2592          	OVC	-4.919698e+02	-4.908813e+02	-1.583189e-01
2593          	warmPlate	5.374955e+02	5.399015e+02	1.583241e-01
2593          	OVC	-4.919698e+02	-4.908813e+02	-1.583189e-01
2594          	warmPlate	5.374955e+02	5.399015e+02	1.583241e-01
2594          	OVC	-4.919698e+02	-4.908813e+02	-1.583189e-01
2595          	warmPlate	5.374955e+02	5.399015e+02	1.583241e-01
2595          	OVC	-4.919698e+02	-4.908813e+02	-1.583189e-01
2596          	warmPlate	5.374955e+02	5.399015e+02	1.583241e-01
2596          	OVC	-4.919698e+02	-4.908813e+02	-1.583189e-01
2597          	warmPlate	5.374955e+02	5.399015e+02	1.583241e-01
2597          	OVC	-4.919698e+02	-4.908813e+02	-1.583189e-01
2598          	warmPlate	5.374955e+02	5.399015e+02	1.583241e-01
2598          	OVC	-4.919698e+02	-4.908813e+02	-1.583189e-01
2599          	warmPlate	5.374955e+02	5.399015e+02	1.583241e-01
2599          	OVC	-4.919698e+02	-4.908813e+02	-1.583189e-01
2600          	warmPlate	5.374955e+02	5.399015e+02	1.583241e-01
2600          	OVC	-4.919698e+02	-4.908813e+02	-1.583189e-01
2601          	warmPlate	5.374955e+02	5.399015e+02	1.583241e-01
2601          	OVC	-4.919698e+02	-4.908813e+02	-1.583189e-01
2602          	warmPlate	5.374955e+02	5.399015e+02	1.583241e-01
2602          	OVC	-4.919698e+02	-4.908813e+02	-1.583189e-01
2603          	warmPlate	5.374955e+02	5.399015e+02	1.583241e-01
2603          	OVC	-4.919698e+02	-4.908813e+02	-1.583189e-01
2604          	warmPlate	5.374955e+02	5.399015e+02	1.583241e-01
2604          	OVC	-4.919698e+02	-4.908813e+02	-1.583189e-01
2605          	warmPlate	5.374955e+02	5.399015e+02	1.583241e-01
2605          	OVC	-4.919698e+02	-4.908813e+02	-1.583189e-01
2606          	warmPlate	5.374955e+02	5.399015e+02	1.583241e-01
2606          	OVC	-4.919698e+02	-4.908813e+02	-1.583189e-01
2607          	warmPlate	5.374955e+02	5.399015e+02	1.583241e-01
2607          	OVC	-4.919698e+02	-4.908813e+02	-1.583189e-01
2608          	warmPlate	5.374955e+02	5.399015e+02	1.583241e-01
2608          	OVC	-4.919698e+02	-4.908813e+02	-1.583189e-01
2609          	warmPlate	5.374955e+02	5.399015e+02	1.583241e-01
2609          	OVC	-4.919698e+02	-4.908813e+02	-1.583189e-01
2610          	warmPlate	5.374955e+02	5.399015e+02	1.583241e-01
2610          	OVC	-4.919698e+02	-4.908813e+02	-1.583189e-01
2611          	warmPlate	5.374955e+02	5.399015e+02	1.583241e-01
2611          	OVC	-4.919698e+02	-4.908813e+02	-1.583189e-01
2612          	warmPlate	5.374955e+02	5.399015e+02	1.583241e-01
2612          	OVC	-4.919698e+02	-4.908813e+02	-1.583189e-01
2613          	warmPlate	5.374955e+02	5.399015e+02	1.583241e-01
2613          	OVC	-4.919698e+02	-4.908813e+02	-1.583189e-01
2614          	warmPlate	5.374955e+02	5.399015e+02	1.583241e-01
2614          	OVC	-4.919698e+02	-4.908813e+02	-1.583189e-01
2615          	warmPlate	5.374955e+02	5.399015e+02	1.583241e-01
2615          	OVC	-4.919698e+02	-4.908813e+02	-1.583189e-01
2616          	warmPlate	5.374955e+02	5.399015e+02	1.583241e-01
2616          	OVC	-4.919698e+02	-4.908813e+02	-1.583189e-01
2617          	warmPlate	5.374955e+02	5.399015e+02	1.583241e-01
2617          	OVC	-4.919698e+02	-4.908813e+02	-1.583189e-01
2618          	warmPlate	5.374955e+02	5.399015e+02	1.583241e-01
2618          	OVC	-4.919698e+02	-4.908813e+02	-1.583189e-01
2619          	warmPlate	5.374955e+02	5.399015e+02	1.583241e-01
2619          	OVC	-4.919698e+02	-4.908813e+02	-1.583189e-01
2620          	warmPlate	5.374955e+02	5.399015e+02	1.583241e-01
2620          	OVC	-4.919698e+02	-4.908813e+02	-1.583189e-01
2621          	warmPlate	5.374955e+02	5.399015e+02	1.583241e-01
2621          	OVC	-4.919698e+02	-4.908813e+02	-1.583189e-01
2622          	warmPlate	5.374955e+02	5.399015e+02	1.583241e-01
2622          	OVC	-4.919698e+02	-4.908813e+02	-1.583189e-01
2623          	warmPlate	5.374955e+02	5.399015e+02	1.583241e-01
2623          	OVC	-4.919698e+02	-4.908813e+02	-1.583189e-01
2624          	warmPlate	5.374955e+02	5.399015e+02	1.583241e-01
2624          	OVC	-4.919698e+02	-4.908813e+02	-1.583189e-01
2625          	warmPlate	5.374955e+02	5.399015e+02	1.583241e-01
2625          	OVC	-4.919698e+02	-4.908813e+02	-1.583189e-01
2626          	warmPlate	5.374955e+02	5.399015e+02	1.583241e-01
2626          	OVC	-4.919698e+02	-4.908813e+02	-1.583189e-01
2627          	warmPlate	5.374955e+02	5.399015e+02	1.583241e-01
2627          	OVC	-4.919698e+02	-4.908813e+02	-1.583189e-01
2628          	warmPlate	5.374955e+02	5.399015e+02	1.583241e-01
2628          	OVC	-4.919698e+02	-4.908813e+02	-1.583189e-01
2629          	warmPlate	5.374955e+02	5.399015e+02	1.583241e-01
2629          	OVC	-4.919698e+02	-4.908813e+02	-1.583189e-01
2630          	warmPlate	5.374955e+02	5.399015e+02	1.583241e-01
2630          	OVC	-4.919698e+02	-4.908813e+02	-1.583189e-01
2631          	warmPlate	5.374955e+02	5.399015e+02	1.583241e-01
2631          	OVC	-4.919698e+02	-4.908813e+02	-1.583189e-01
2632          	warmPlate	5.374955e+02	5.399015e+02	1.583241e-01
2632          	OVC	-4.919698e+02	-4.908813e+02	-1.583189e-01
2633          	warmPlate	5.374955e+02	5.399015e+02	1.583241e-01
2633          	OVC	-4.919698e+02	-4.908813e+02	-1.583189e-01
2634          	warmPlate	5.374955e+02	5.399015e+02	1.583241e-01
2634          	OVC	-4.919698e+02	-4.908813e+02	-1.583189e-01
2635          	warmPlate	5.374955e+02	5.399015e+02	1.583241e-01
2635          	OVC	-4.919698e+02	-4.908813e+02	-1.583189e-01
2636          	warmPlate	5.374955e+02	5.399015e+02	1.583241e-01
2636          	OVC	-4.919698e+02	-4.908813e+02	-1.583189e-01
2637          	warmPlate	5.374955e+02	5.399015e+02	1.583241e-01
2637          	OVC	-4.919698e+02	-4.908813e+02	-1.583189e-01
2638          	warmPlate	5.374955e+02	5.399015e+02	1.583241e-01
2638          	OVC	-4.919698e+02	-4.908813e+02	-1.583189e-01
2639          	warmPlate	5.374955e+02	5.399015e+02	1.583241e-01
2639          	OVC	-4.919698e+02	-4.908813e+02	-1.583189e-01
2640          	warmPlate	5.374955e+02	5.399015e+02	1.583241e-01
2640          	OVC	-4.919698e+02	-4.908813e+02	-1.583189e-01
2641          	warmPlate	5.374955e+02	5.399015e+02	1.583241e-01
2641          	OVC	-4.919698e+02	-4.908813e+02	-1.583189e-01
2642          	warmPlate	5.374955e+02	5.399015e+02	1.583241e-01
2642          	OVC	-4.919698e+02	-4.908813e+02	-1.583189e-01
2643          	warmPlate	5.374955e+02	5.399015e+02	1.583241e-01
2643          	OVC	-4.919698e+02	-4.908813e+02	-1.583189e-01
2644          	warmPlate	5.374955e+02	5.399015e+02	1.583241e-01
2644          	OVC	-4.919698e+02	-4.908813e+02	-1.583189e-01
2645          	warmPlate	5.374955e+02	5.399015e+02	1.583241e-01
2645          	OVC	-4.919698e+02	-4.908813e+02	-1.583189e-01
2646          	warmPlate	5.374955e+02	5.399015e+02	1.583241e-01
2646          	OVC	-4.919698e+02	-4.908813e+02	-1.583189e-01
2647          	warmPlate	5.374955e+02	5.399015e+02	1.583241e-01
2647          	OVC	-4.919698e+02	-4.908813e+02	-1.583189e-01
2648          	warmPlate	5.374955e+02	5.399015e+02	1.583241e-01
2648          	OVC	-4.919698e+02	-4.908813e+02	-1.583189e-01
2649          	warmPlate	5.374955e+02	5.399015e+02	1.583241e-01
2649          	OVC	-4.919698e+02	-4.908813e+02	-1.583189e-01
2650          	warmPlate	5.374955e+02	5.399015e+02	1.583241e-01
2650          	OVC	-4.919698e+02	-4.908813e+02	-1.583189e-01
2651          	warmPlate	5.374955e+02	5.399015e+02	1.583241e-01
2651          	OVC	-4.919698e+02	-4.908813e+02	-1.583189e-01
2652          	warmPlate	5.374955e+02	5.399015e+02	1.583241e-01
2652          	OVC	-4.919698e+02	-4.908813e+02	-1.583189e-01
2653          	warmPlate	5.374955e+02	5.399015e+02	1.583241e-01
2653          	OVC	-4.919698e+02	-4.908813e+02	-1.583189e-01
2654          	warmPlate	5.374955e+02	5.399015e+02	1.583241e-01
2654          	OVC	-4.919698e+02	-4.908813e+02	-1.583189e-01
2655          	warmPlate	5.374955e+02	5.399015e+02	1.583241e-01
2655          	OVC	-4.919698e+02	-4.908813e+02	-1.583189e-01
2656          	warmPlate	5.374955e+02	5.399015e+02	1.583241e-01
2656          	OVC	-4.919698e+02	-4.908813e+02	-1.583189e-01
2657          	warmPlate	5.374955e+02	5.399015e+02	1.583241e-01
2657          	OVC	-4.919698e+02	-4.908813e+02	-1.583189e-01
2658          	warmPlate	5.374955e+02	5.399015e+02	1.583241e-01
2658          	OVC	-4.919698e+02	-4.908813e+02	-1.583189e-01
2659          	warmPlate	5.374955e+02	5.399015e+02	1.583241e-01
2659          	OVC	-4.919698e+02	-4.908813e+02	-1.583189e-01
2660          	warmPlate	5.374955e+02	5.399015e+02	1.583241e-01
2660          	OVC	-4.919698e+02	-4.908813e+02	-1.583189e-01
2661          	warmPlate	5.374955e+02	5.399015e+02	1.583241e-01
2661          	OVC	-4.919698e+02	-4.908813e+02	-1.583189e-01
2662          	warmPlate	5.374955e+02	5.399015e+02	1.583241e-01
2662          	OVC	-4.919698e+02	-4.908813e+02	-1.583189e-01
2663          	warmPlate	5.374955e+02	5.399015e+02	1.583241e-01
2663          	OVC	-4.919698e+02	-4.908813e+02	-1.583189e-01
2664          	warmPlate	5.374955e+02	5.399015e+02	1.583241e-01
2664          	OVC	-4.919698e+02	-4.908813e+02	-1.583189e-01
2665          	warmPlate	5.374955e+02	5.399015e+02	1.583241e-01
2665          	OVC	-4.919698e+02	-4.908813e+02	-1.583189e-01
2666          	warmPlate	5.374955e+02	5.399015e+02	1.583241e-01
2666          	OVC	-4.919698e+02	-4.908813e+02	-1.583189e-01
2667          	warmPlate	5.374955e+02	5.399015e+02	1.583241e-01
2667          	OVC	-4.919698e+02	-4.908813e+02	-1.583189e-01
2668          	warmPlate	5.374955e+02	5.399015e+02	1.583241e-01
2668          	OVC	-4.919698e+02	-4.908813e+02	-1.583189e-01
2669          	warmPlate	5.374955e+02	5.399015e+02	1.583241e-01
2669          	OVC	-4.919698e+02	-4.908813e+02	-1.583189e-01
2670          	warmPlate	5.374955e+02	5.399015e+02	1.583241e-01
2670          	OVC	-4.919698e+02	-4.908813e+02	-1.583189e-01
2671          	warmPlate	5.374955e+02	5.399015e+02	1.583241e-01
2671          	OVC	-4.919698e+02	-4.908813e+02	-1.583189e-01
2672          	warmPlate	5.374955e+02	5.399015e+02	1.583241e-01
2672          	OVC	-4.919698e+02	-4.908813e+02	-1.583189e-01
2673          	warmPlate	5.374955e+02	5.399015e+02	1.583241e-01
2673          	OVC	-4.919698e+02	-4.908813e+02	-1.583189e-01
2674          	warmPlate	5.374955e+02	5.399015e+02	1.583241e-01
2674          	OVC	-4.919698e+02	-4.908813e+02	-1.583189e-01
2675          	warmPlate	5.374955e+02	5.399015e+02	1.583241e-01
2675          	OVC	-4.919698e+02	-4.908813e+02	-1.583189e-01
2676          	warmPlate	5.374955e+02	5.399015e+02	1.583241e-01
2676          	OVC	-4.919698e+02	-4.908813e+02	-1.583189e-01
2677          	warmPlate	5.374955e+02	5.399015e+02	1.583241e-01
2677          	OVC	-4.919698e+02	-4.908813e+02	-1.583189e-01
2678          	warmPlate	5.374955e+02	5.399015e+02	1.583241e-01
2678          	OVC	-4.919698e+02	-4.908813e+02	-1.583189e-01
2679          	warmPlate	5.374955e+02	5.399015e+02	1.583241e-01
2679          	OVC	-4.919698e+02	-4.908813e+02	-1.583189e-01
2680          	warmPlate	5.374955e+02	5.399015e+02	1.583241e-01
2680          	OVC	-4.919698e+02	-4.908813e+02	-1.583189e-01
2681          	warmPlate	5.374955e+02	5.399015e+02	1.583241e-01
2681          	OVC	-4.919698e+02	-4.908813e+02	-1.583189e-01
2682          	warmPlate	5.374955e+02	5.399015e+02	1.583241e-01
2682          	OVC	-4.919698e+02	-4.908813e+02	-1.583189e-01
2683          	warmPlate	5.374955e+02	5.399015e+02	1.583241e-01
2683          	OVC	-4.919698e+02	-4.908813e+02	-1.583189e-01
2684          	warmPlate	5.374955e+02	5.399015e+02	1.583241e-01
2684          	OVC	-4.919698e+02	-4.908813e+02	-1.583189e-01
2685          	warmPlate	5.374955e+02	5.399015e+02	1.583241e-01
2685          	OVC	-4.919698e+02	-4.908813e+02	-1.583189e-01
2686          	warmPlate	5.374955e+02	5.399015e+02	1.583241e-01
2686          	OVC	-4.919698e+02	-4.908813e+02	-1.583189e-01
2687          	warmPlate	5.374955e+02	5.399015e+02	1.583241e-01
2687          	OVC	-4.919698e+02	-4.908813e+02	-1.583189e-01
2688          	warmPlate	5.374955e+02	5.399015e+02	1.583241e-01
2688          	OVC	-4.919698e+02	-4.908813e+02	-1.583189e-01
2689          	warmPlate	5.374955e+02	5.399015e+02	1.583241e-01
2689          	OVC	-4.919698e+02	-4.908813e+02	-1.583189e-01
2690          	warmPlate	5.374955e+02	5.399015e+02	1.583241e-01
2690          	OVC	-4.919698e+02	-4.908813e+02	-1.583189e-01
2691          	warmPlate	5.374955e+02	5.399015e+02	1.583241e-01
2691          	OVC	-4.919698e+02	-4.908813e+02	-1.583189e-01
2692          	warmPlate	5.374955e+02	5.399015e+02	1.583241e-01
2692          	OVC	-4.919698e+02	-4.908813e+02	-1.583189e-01
2693          	warmPlate	5.374955e+02	5.399015e+02	1.583241e-01
2693          	OVC	-4.919698e+02	-4.908813e+02	-1.583189e-01
2694          	warmPlate	5.374955e+02	5.399015e+02	1.583241e-01
2694          	OVC	-4.919698e+02	-4.908813e+02	-1.583189e-01
2695          	warmPlate	5.374955e+02	5.399015e+02	1.583241e-01
2695          	OVC	-4.919698e+02	-4.908813e+02	-1.583189e-01
2696          	warmPlate	5.374955e+02	5.399015e+02	1.583241e-01
2696          	OVC	-4.919698e+02	-4.908813e+02	-1.583189e-01
2697          	warmPlate	5.374955e+02	5.399015e+02	1.583241e-01
2697          	OVC	-4.919698e+02	-4.908813e+02	-1.583189e-01
2698          	warmPlate	5.374955e+02	5.399015e+02	1.583241e-01
2698          	OVC	-4.919698e+02	-4.908813e+02	-1.583189e-01
2699          	warmPlate	5.374955e+02	5.399015e+02	1.583241e-01
2699          	OVC	-4.919698e+02	-4.908813e+02	-1.583189e-01
2700          	warmPlate	5.374955e+02	5.399015e+02	1.583241e-01
2700          	OVC	-4.919698e+02	-4.908813e+02	-1.583189e-01
2701          	warmPlate	5.374955e+02	5.399015e+02	1.583241e-01
2701          	OVC	-4.919698e+02	-4.908813e+02	-1.583189e-01
2702          	warmPlate	5.374955e+02	5.399015e+02	1.583241e-01
2702          	OVC	-4.919698e+02	-4.908813e+02	-1.583189e-01
2703          	warmPlate	5.374955e+02	5.399015e+02	1.583241e-01
2703          	OVC	-4.919698e+02	-4.908813e+02	-1.583189e-01
2704          	warmPlate	5.374955e+02	5.399015e+02	1.583241e-01
2704          	OVC	-4.919698e+02	-4.908813e+02	-1.583189e-01
2705          	warmPlate	5.374955e+02	5.399015e+02	1.583241e-01
2705          	OVC	-4.919698e+02	-4.908813e+02	-1.583189e-01
2706          	warmPlate	5.374955e+02	5.399015e+02	1.583241e-01
2706          	OVC	-4.919698e+02	-4.908813e+02	-1.583189e-01
2707          	warmPlate	5.374955e+02	5.399015e+02	1.583241e-01
2707          	OVC	-4.919698e+02	-4.908813e+02	-1.583189e-01
2708          	warmPlate	5.374955e+02	5.399015e+02	1.583241e-01
2708          	OVC	-4.919698e+02	-4.908813e+02	-1.583189e-01
2709          	warmPlate	5.374955e+02	5.399015e+02	1.583241e-01
2709          	OVC	-4.919698e+02	-4.908813e+02	-1.583189e-01
2710          	warmPlate	5.374955e+02	5.399015e+02	1.583241e-01
2710          	OVC	-4.919698e+02	-4.908813e+02	-1.583189e-01
2711          	warmPlate	5.374955e+02	5.399015e+02	1.583241e-01
2711          	OVC	-4.919698e+02	-4.908813e+02	-1.583189e-01
2712          	warmPlate	5.374955e+02	5.399015e+02	1.583241e-01
2712          	OVC	-4.919698e+02	-4.908813e+02	-1.583189e-01
2713          	warmPlate	5.374955e+02	5.399015e+02	1.583241e-01
2713          	OVC	-4.919698e+02	-4.908813e+02	-1.583189e-01
2714          	warmPlate	5.374955e+02	5.399015e+02	1.583241e-01
2714          	OVC	-4.919698e+02	-4.908813e+02	-1.583189e-01
2715          	warmPlate	5.374955e+02	5.399015e+02	1.583241e-01
2715          	OVC	-4.919698e+02	-4.908813e+02	-1.583189e-01
2716          	warmPlate	5.374955e+02	5.399015e+02	1.583241e-01
2716          	OVC	-4.919698e+02	-4.908813e+02	-1.583189e-01
2717          	warmPlate	5.374955e+02	5.399015e+02	1.583241e-01
2717          	OVC	-4.919698e+02	-4.908813e+02	-1.583189e-01
2718          	warmPlate	5.374955e+02	5.399015e+02	1.583241e-01
2718          	OVC	-4.919698e+02	-4.908813e+02	-1.583189e-01
2719          	warmPlate	5.374955e+02	5.399015e+02	1.583241e-01
2719          	OVC	-4.919698e+02	-4.908813e+02	-1.583189e-01
2720          	warmPlate	5.374955e+02	5.399015e+02	1.583241e-01
2720          	OVC	-4.919698e+02	-4.908813e+02	-1.583189e-01
2721          	warmPlate	5.374955e+02	5.399015e+02	1.583241e-01
2721          	OVC	-4.919698e+02	-4.908813e+02	-1.583189e-01
2722          	warmPlate	5.374955e+02	5.399015e+02	1.583241e-01
2722          	OVC	-4.919698e+02	-4.908813e+02	-1.583189e-01
2723          	warmPlate	5.374955e+02	5.399015e+02	1.583241e-01
2723          	OVC	-4.919698e+02	-4.908813e+02	-1.583189e-01
2724          	warmPlate	5.374955e+02	5.399015e+02	1.583241e-01
2724          	OVC	-4.919698e+02	-4.908813e+02	-1.583189e-01
2725          	warmPlate	5.374955e+02	5.399015e+02	1.583241e-01
2725          	OVC	-4.919698e+02	-4.908813e+02	-1.583189e-01
2726          	warmPlate	5.374955e+02	5.399015e+02	1.583241e-01
2726          	OVC	-4.919698e+02	-4.908813e+02	-1.583189e-01
2727          	warmPlate	5.374955e+02	5.399015e+02	1.583241e-01
2727          	OVC	-4.919698e+02	-4.908813e+02	-1.583189e-01
2728          	warmPlate	5.374955e+02	5.399015e+02	1.583241e-01
2728          	OVC	-4.919698e+02	-4.908813e+02	-1.583189e-01
2729          	warmPlate	5.374955e+02	5.399015e+02	1.583241e-01
2729          	OVC	-4.919698e+02	-4.908813e+02	-1.583189e-01
2730          	warmPlate	5.374955e+02	5.399015e+02	1.583241e-01
2730          	OVC	-4.919698e+02	-4.908813e+02	-1.583189e-01
2731          	warmPlate	5.374955e+02	5.399015e+02	1.583241e-01
2731          	OVC	-4.919698e+02	-4.908813e+02	-1.583189e-01
2732          	warmPlate	5.374955e+02	5.399015e+02	1.583241e-01
2732          	OVC	-4.919698e+02	-4.908813e+02	-1.583189e-01
2733          	warmPlate	5.374955e+02	5.399015e+02	1.583241e-01
2733          	OVC	-4.919698e+02	-4.908813e+02	-1.583189e-01
2734          	warmPlate	5.374955e+02	5.399015e+02	1.583241e-01
2734          	OVC	-4.919698e+02	-4.908813e+02	-1.583189e-01
2735          	warmPlate	5.374955e+02	5.399015e+02	1.583241e-01
2735          	OVC	-4.919698e+02	-4.908813e+02	-1.583189e-01
2736          	warmPlate	5.374955e+02	5.399015e+02	1.583241e-01
2736          	OVC	-4.919698e+02	-4.908813e+02	-1.583189e-01
2737          	warmPlate	5.374955e+02	5.399015e+02	1.583241e-01
2737          	OVC	-4.919698e+02	-4.908813e+02	-1.583189e-01
2738          	warmPlate	5.374955e+02	5.399015e+02	1.583241e-01
2738          	OVC	-4.919698e+02	-4.908813e+02	-1.583189e-01
2739          	warmPlate	5.374955e+02	5.399015e+02	1.583241e-01
2739          	OVC	-4.919698e+02	-4.908813e+02	-1.583189e-01
2740          	warmPlate	5.374955e+02	5.399015e+02	1.583241e-01
2740          	OVC	-4.919698e+02	-4.908813e+02	-1.583189e-01
2741          	warmPlate	5.374955e+02	5.399015e+02	1.583241e-01
2741          	OVC	-4.919698e+02	-4.908813e+02	-1.583189e-01
2742          	warmPlate	5.374955e+02	5.399015e+02	1.583241e-01
2742          	OVC	-4.919698e+02	-4.908813e+02	-1.583189e-01
2743          	warmPlate	5.374955e+02	5.399015e+02	1.583241e-01
2743          	OVC	-4.919698e+02	-4.908813e+02	-1.583189e-01
2744          	warmPlate	5.374955e+02	5.399015e+02	1.583241e-01
2744          	OVC	-4.919698e+02	-4.908813e+02	-1.583189e-01
2745          	warmPlate	5.374955e+02	5.399015e+02	1.583241e-01
2745          	OVC	-4.919698e+02	-4.908813e+02	-1.583189e-01
2746          	warmPlate	5.374955e+02	5.399015e+02	1.583241e-01
2746          	OVC	-4.919698e+02	-4.908813e+02	-1.583189e-01
2747          	warmPlate	5.374955e+02	5.399015e+02	1.583241e-01
2747          	OVC	-4.919698e+02	-4.908813e+02	-1.583189e-01
2748          	warmPlate	5.374955e+02	5.399015e+02	1.583241e-01
2748          	OVC	-4.919698e+02	-4.908813e+02	-1.583189e-01
2749          	warmPlate	5.374955e+02	5.399015e+02	1.583241e-01
2749          	OVC	-4.919698e+02	-4.908813e+02	-1.583189e-01
2750          	warmPlate	5.374955e+02	5.399015e+02	1.583241e-01
2750          	OVC	-4.919698e+02	-4.908813e+02	-1.583189e-01
2751          	warmPlate	5.374955e+02	5.399015e+02	1.583241e-01
2751          	OVC	-4.919698e+02	-4.908813e+02	-1.583189e-01
2752          	warmPlate	5.374955e+02	5.399015e+02	1.583241e-01
2752          	OVC	-4.919698e+02	-4.908813e+02	-1.583189e-01
2753          	warmPlate	5.374955e+02	5.399015e+02	1.583241e-01
2753          	OVC	-4.919698e+02	-4.908813e+02	-1.583189e-01
2754          	warmPlate	5.374955e+02	5.399015e+02	1.583241e-01
2754          	OVC	-4.919698e+02	-4.908813e+02	-1.583189e-01
2755          	warmPlate	5.374955e+02	5.399015e+02	1.583241e-01
2755          	OVC	-4.919698e+02	-4.908813e+02	-1.583189e-01
2756          	warmPlate	5.374955e+02	5.399015e+02	1.583241e-01
2756          	OVC	-4.919698e+02	-4.908813e+02	-1.583189e-01
2757          	warmPlate	5.374955e+02	5.399015e+02	1.583241e-01
2757          	OVC	-4.919698e+02	-4.908813e+02	-1.583189e-01
2758          	warmPlate	5.374955e+02	5.399015e+02	1.583241e-01
2758          	OVC	-4.919698e+02	-4.908813e+02	-1.583189e-01
2759          	warmPlate	5.374955e+02	5.399015e+02	1.583241e-01
2759          	OVC	-4.919698e+02	-4.908813e+02	-1.583189e-01
2760          	warmPlate	5.374955e+02	5.399015e+02	1.583241e-01
2760          	OVC	-4.919698e+02	-4.908813e+02	-1.583189e-01
2761          	warmPlate	5.374955e+02	5.399015e+02	1.583241e-01
2761          	OVC	-4.919698e+02	-4.908813e+02	-1.583189e-01
2762          	warmPlate	5.374955e+02	5.399015e+02	1.583241e-01
2762          	OVC	-4.919698e+02	-4.908813e+02	-1.583189e-01
2763          	warmPlate	5.374955e+02	5.399015e+02	1.583241e-01
2763          	OVC	-4.919698e+02	-4.908813e+02	-1.583189e-01
2764          	warmPlate	5.374955e+02	5.399015e+02	1.583241e-01
2764          	OVC	-4.919698e+02	-4.908813e+02	-1.583189e-01
2765          	warmPlate	5.374955e+02	5.399015e+02	1.583241e-01
2765          	OVC	-4.919698e+02	-4.908813e+02	-1.583189e-01
2766          	warmPlate	5.374955e+02	5.399015e+02	1.583241e-01
2766          	OVC	-4.919698e+02	-4.908813e+02	-1.583189e-01
2767          	warmPlate	5.374955e+02	5.399015e+02	1.583241e-01
2767          	OVC	-4.919698e+02	-4.908813e+02	-1.583189e-01
2768          	warmPlate	5.374955e+02	5.399015e+02	1.583241e-01
2768          	OVC	-4.919698e+02	-4.908813e+02	-1.583189e-01
2769          	warmPlate	5.374955e+02	5.399015e+02	1.583241e-01
2769          	OVC	-4.919698e+02	-4.908813e+02	-1.583189e-01
2770          	warmPlate	5.374955e+02	5.399015e+02	1.583241e-01
2770          	OVC	-4.919698e+02	-4.908813e+02	-1.583189e-01
2771          	warmPlate	5.374955e+02	5.399015e+02	1.583241e-01
2771          	OVC	-4.919698e+02	-4.908813e+02	-1.583189e-01
2772          	warmPlate	5.374955e+02	5.399015e+02	1.583241e-01
2772          	OVC	-4.919698e+02	-4.908813e+02	-1.583189e-01
2773          	warmPlate	5.374955e+02	5.399015e+02	1.583241e-01
2773          	OVC	-4.919698e+02	-4.908813e+02	-1.583189e-01
2774          	warmPlate	5.374955e+02	5.399015e+02	1.583241e-01
2774          	OVC	-4.919698e+02	-4.908813e+02	-1.583189e-01
2775          	warmPlate	5.374955e+02	5.399015e+02	1.583241e-01
2775          	OVC	-4.919698e+02	-4.908813e+02	-1.583189e-01
2776          	warmPlate	5.374955e+02	5.399015e+02	1.583241e-01
2776          	OVC	-4.919698e+02	-4.908813e+02	-1.583189e-01
2777          	warmPlate	5.374955e+02	5.399015e+02	1.583241e-01
2777          	OVC	-4.919698e+02	-4.908813e+02	-1.583189e-01
2778          	warmPlate	5.374955e+02	5.399015e+02	1.583241e-01
2778          	OVC	-4.919698e+02	-4.908813e+02	-1.583189e-01
2779          	warmPlate	5.374955e+02	5.399015e+02	1.583241e-01
2779          	OVC	-4.919698e+02	-4.908813e+02	-1.583189e-01
2780          	warmPlate	5.374955e+02	5.399015e+02	1.583241e-01
2780          	OVC	-4.919698e+02	-4.908813e+02	-1.583189e-01
2781          	warmPlate	5.374955e+02	5.399015e+02	1.583241e-01
2781          	OVC	-4.919698e+02	-4.908813e+02	-1.583189e-01
2782          	warmPlate	5.374955e+02	5.399015e+02	1.583241e-01
2782          	OVC	-4.919698e+02	-4.908813e+02	-1.583189e-01
2783          	warmPlate	5.374955e+02	5.399015e+02	1.583241e-01
2783          	OVC	-4.919698e+02	-4.908813e+02	-1.583189e-01
2784          	warmPlate	5.374955e+02	5.399015e+02	1.583241e-01
2784          	OVC	-4.919698e+02	-4.908813e+02	-1.583189e-01
2785          	warmPlate	5.374955e+02	5.399015e+02	1.583241e-01
2785          	OVC	-4.919698e+02	-4.908813e+02	-1.583189e-01
2786          	warmPlate	5.374955e+02	5.399015e+02	1.583241e-01
2786          	OVC	-4.919698e+02	-4.908813e+02	-1.583189e-01
2787          	warmPlate	5.374955e+02	5.399015e+02	1.583241e-01
2787          	OVC	-4.919698e+02	-4.908813e+02	-1.583189e-01
2788          	warmPlate	5.374955e+02	5.399015e+02	1.583241e-01
2788          	OVC	-4.919698e+02	-4.908813e+02	-1.583189e-01
2789          	warmPlate	5.374955e+02	5.399015e+02	1.583241e-01
2789          	OVC	-4.919698e+02	-4.908813e+02	-1.583189e-01
2790          	warmPlate	5.374955e+02	5.399015e+02	1.583241e-01
2790          	OVC	-4.919698e+02	-4.908813e+02	-1.583189e-01
2791          	warmPlate	5.374955e+02	5.399015e+02	1.583241e-01
2791          	OVC	-4.919698e+02	-4.908813e+02	-1.583189e-01
2792          	warmPlate	5.374955e+02	5.399015e+02	1.583241e-01
2792          	OVC	-4.919698e+02	-4.908813e+02	-1.583189e-01
2793          	warmPlate	5.374955e+02	5.399015e+02	1.583241e-01
2793          	OVC	-4.919698e+02	-4.908813e+02	-1.583189e-01
2794          	warmPlate	5.374955e+02	5.399015e+02	1.583241e-01
2794          	OVC	-4.919698e+02	-4.908813e+02	-1.583189e-01
2795          	warmPlate	5.374955e+02	5.399015e+02	1.583241e-01
2795          	OVC	-4.919698e+02	-4.908813e+02	-1.583189e-01
2796          	warmPlate	5.374955e+02	5.399015e+02	1.583241e-01
2796          	OVC	-4.919698e+02	-4.908813e+02	-1.583189e-01
2797          	warmPlate	5.374955e+02	5.399015e+02	1.583241e-01
2797          	OVC	-4.919698e+02	-4.908813e+02	-1.583189e-01
2798          	warmPlate	5.374955e+02	5.399015e+02	1.583241e-01
2798          	OVC	-4.919698e+02	-4.908813e+02	-1.583189e-01
2799          	warmPlate	5.374955e+02	5.399015e+02	1.583241e-01
2799          	OVC	-4.919698e+02	-4.908813e+02	-1.583189e-01
2800          	warmPlate	5.374955e+02	5.399015e+02	1.583241e-01
2800          	OVC	-4.919698e+02	-4.908813e+02	-1.583189e-01
2801          	warmPlate	5.374955e+02	5.399015e+02	1.583241e-01
2801          	OVC	-4.919698e+02	-4.908813e+02	-1.583189e-01
2802          	warmPlate	5.374955e+02	5.399015e+02	1.583241e-01
2802          	OVC	-4.919698e+02	-4.908813e+02	-1.583189e-01
2803          	warmPlate	5.374955e+02	5.399015e+02	1.583241e-01
2803          	OVC	-4.919698e+02	-4.908813e+02	-1.583189e-01
2804          	warmPlate	5.374955e+02	5.399015e+02	1.583241e-01
2804          	OVC	-4.919698e+02	-4.908813e+02	-1.583189e-01
2805          	warmPlate	5.374955e+02	5.399015e+02	1.583241e-01
2805          	OVC	-4.919698e+02	-4.908813e+02	-1.583189e-01
2806          	warmPlate	5.374955e+02	5.399015e+02	1.583241e-01
2806          	OVC	-4.919698e+02	-4.908813e+02	-1.583189e-01
2807          	warmPlate	5.374955e+02	5.399015e+02	1.583241e-01
2807          	OVC	-4.919698e+02	-4.908813e+02	-1.583189e-01
2808          	warmPlate	5.374955e+02	5.399015e+02	1.583241e-01
2808          	OVC	-4.919698e+02	-4.908813e+02	-1.583189e-01
2809          	warmPlate	5.374955e+02	5.399015e+02	1.583241e-01
2809          	OVC	-4.919698e+02	-4.908813e+02	-1.583189e-01
2810          	warmPlate	5.374955e+02	5.399015e+02	1.583241e-01
2810          	OVC	-4.919698e+02	-4.908813e+02	-1.583189e-01
2811          	warmPlate	5.374955e+02	5.399015e+02	1.583241e-01
2811          	OVC	-4.919698e+02	-4.908813e+02	-1.583189e-01
2812          	warmPlate	5.374955e+02	5.399015e+02	1.583241e-01
2812          	OVC	-4.919698e+02	-4.908813e+02	-1.583189e-01
2813          	warmPlate	5.374955e+02	5.399015e+02	1.583241e-01
2813          	OVC	-4.919698e+02	-4.908813e+02	-1.583189e-01
2814          	warmPlate	5.374955e+02	5.399015e+02	1.583241e-01
2814          	OVC	-4.919698e+02	-4.908813e+02	-1.583189e-01
2815          	warmPlate	5.374955e+02	5.399015e+02	1.583241e-01
2815          	OVC	-4.919698e+02	-4.908813e+02	-1.583189e-01
2816          	warmPlate	5.374955e+02	5.399015e+02	1.583241e-01
2816          	OVC	-4.919698e+02	-4.908813e+02	-1.583189e-01
2817          	warmPlate	5.374955e+02	5.399015e+02	1.583241e-01
2817          	OVC	-4.919698e+02	-4.908813e+02	-1.583189e-01
2818          	warmPlate	5.374955e+02	5.399015e+02	1.583241e-01
2818          	OVC	-4.919698e+02	-4.908813e+02	-1.583189e-01
2819          	warmPlate	5.374955e+02	5.399015e+02	1.583241e-01
2819          	OVC	-4.919698e+02	-4.908813e+02	-1.583189e-01
2820          	warmPlate	5.374955e+02	5.399015e+02	1.583241e-01
2820          	OVC	-4.919698e+02	-4.908813e+02	-1.583189e-01
2821          	warmPlate	5.374955e+02	5.399015e+02	1.583241e-01
2821          	OVC	-4.919698e+02	-4.908813e+02	-1.583189e-01
2822          	warmPlate	5.374955e+02	5.399015e+02	1.583241e-01
2822          	OVC	-4.919698e+02	-4.908813e+02	-1.583189e-01
2823          	warmPlate	5.374955e+02	5.399015e+02	1.583241e-01
2823          	OVC	-4.919698e+02	-4.908813e+02	-1.583189e-01
2824          	warmPlate	5.374955e+02	5.399015e+02	1.583241e-01
2824          	OVC	-4.919698e+02	-4.908813e+02	-1.583189e-01
2825          	warmPlate	5.374955e+02	5.399015e+02	1.583241e-01
2825          	OVC	-4.919698e+02	-4.908813e+02	-1.583189e-01
2826          	warmPlate	5.374955e+02	5.399015e+02	1.583241e-01
2826          	OVC	-4.919698e+02	-4.908813e+02	-1.583189e-01
2827          	warmPlate	5.374955e+02	5.399015e+02	1.583241e-01
2827          	OVC	-4.919698e+02	-4.908813e+02	-1.583189e-01
2828          	warmPlate	5.374955e+02	5.399015e+02	1.583241e-01
2828          	OVC	-4.919698e+02	-4.908813e+02	-1.583189e-01
2829          	warmPlate	5.374955e+02	5.399015e+02	1.583241e-01
2829          	OVC	-4.919698e+02	-4.908813e+02	-1.583189e-01
2830          	warmPlate	5.374955e+02	5.399015e+02	1.583241e-01
2830          	OVC	-4.919698e+02	-4.908813e+02	-1.583189e-01
2831          	warmPlate	5.374955e+02	5.399015e+02	1.583241e-01
2831          	OVC	-4.919698e+02	-4.908813e+02	-1.583189e-01
2832          	warmPlate	5.374955e+02	5.399015e+02	1.583241e-01
2832          	OVC	-4.919698e+02	-4.908813e+02	-1.583189e-01
2833          	warmPlate	5.374955e+02	5.399015e+02	1.583241e-01
2833          	OVC	-4.919698e+02	-4.908813e+02	-1.583189e-01
2834          	warmPlate	5.374955e+02	5.399015e+02	1.583241e-01
2834          	OVC	-4.919698e+02	-4.908813e+02	-1.583189e-01
2835          	warmPlate	5.374955e+02	5.399015e+02	1.583241e-01
2835          	OVC	-4.919698e+02	-4.908813e+02	-1.583189e-01
2836          	warmPlate	5.374955e+02	5.399015e+02	1.583241e-01
2836          	OVC	-4.919698e+02	-4.908813e+02	-1.583189e-01
2837          	warmPlate	5.374955e+02	5.399015e+02	1.583241e-01
2837          	OVC	-4.919698e+02	-4.908813e+02	-1.583189e-01
2838          	warmPlate	5.374955e+02	5.399015e+02	1.583241e-01
2838          	OVC	-4.919698e+02	-4.908813e+02	-1.583189e-01
2839          	warmPlate	5.374955e+02	5.399015e+02	1.583241e-01
2839          	OVC	-4.919698e+02	-4.908813e+02	-1.583189e-01
2840          	warmPlate	5.374955e+02	5.399015e+02	1.583241e-01
2840          	OVC	-4.919698e+02	-4.908813e+02	-1.583189e-01
2841          	warmPlate	5.374955e+02	5.399015e+02	1.583241e-01
2841          	OVC	-4.919698e+02	-4.908813e+02	-1.583189e-01
2842          	warmPlate	5.374955e+02	5.399015e+02	1.583241e-01
2842          	OVC	-4.919698e+02	-4.908813e+02	-1.583189e-01
2843          	warmPlate	5.374955e+02	5.399015e+02	1.583241e-01
2843          	OVC	-4.919698e+02	-4.908813e+02	-1.583189e-01
2844          	warmPlate	5.374955e+02	5.399015e+02	1.583241e-01
2844          	OVC	-4.919698e+02	-4.908813e+02	-1.583189e-01
2845          	warmPlate	5.374955e+02	5.399015e+02	1.583241e-01
2845          	OVC	-4.919698e+02	-4.908813e+02	-1.583189e-01
2846          	warmPlate	5.374955e+02	5.399015e+02	1.583241e-01
2846          	OVC	-4.919698e+02	-4.908813e+02	-1.583189e-01
2847          	warmPlate	5.374955e+02	5.399015e+02	1.583241e-01
2847          	OVC	-4.919698e+02	-4.908813e+02	-1.583189e-01
2848          	warmPlate	5.374955e+02	5.399015e+02	1.583241e-01
2848          	OVC	-4.919698e+02	-4.908813e+02	-1.583189e-01
2849          	warmPlate	5.374955e+02	5.399015e+02	1.583241e-01
2849          	OVC	-4.919698e+02	-4.908813e+02	-1.583189e-01
2850          	warmPlate	5.374955e+02	5.399015e+02	1.583241e-01
2850          	OVC	-4.919698e+02	-4.908813e+02	-1.583189e-01
2851          	warmPlate	5.374955e+02	5.399015e+02	1.583241e-01
2851          	OVC	-4.919698e+02	-4.908813e+02	-1.583189e-01
2852          	warmPlate	5.374955e+02	5.399015e+02	1.583241e-01
2852          	OVC	-4.919698e+02	-4.908813e+02	-1.583189e-01
2853          	warmPlate	5.374955e+02	5.399015e+02	1.583241e-01
2853          	OVC	-4.919698e+02	-4.908813e+02	-1.583189e-01
2854          	warmPlate	5.374955e+02	5.399015e+02	1.583241e-01
2854          	OVC	-4.919698e+02	-4.908813e+02	-1.583189e-01
2855          	warmPlate	5.374955e+02	5.399015e+02	1.583241e-01
2855          	OVC	-4.919698e+02	-4.908813e+02	-1.583189e-01
2856          	warmPlate	5.374955e+02	5.399015e+02	1.583241e-01
2856          	OVC	-4.919698e+02	-4.908813e+02	-1.583189e-01
2857          	warmPlate	5.374955e+02	5.399015e+02	1.583241e-01
2857          	OVC	-4.919698e+02	-4.908813e+02	-1.583189e-01
2858          	warmPlate	5.374955e+02	5.399015e+02	1.583241e-01
2858          	OVC	-4.919698e+02	-4.908813e+02	-1.583189e-01
2859          	warmPlate	5.374955e+02	5.399015e+02	1.583241e-01
2859          	OVC	-4.919698e+02	-4.908813e+02	-1.583189e-01
2860          	warmPlate	5.374955e+02	5.399015e+02	1.583241e-01
2860          	OVC	-4.919698e+02	-4.908813e+02	-1.583189e-01
2861          	warmPlate	5.374955e+02	5.399015e+02	1.583241e-01
2861          	OVC	-4.919698e+02	-4.908813e+02	-1.583189e-01
2862          	warmPlate	5.374955e+02	5.399015e+02	1.583241e-01
2862          	OVC	-4.919698e+02	-4.908813e+02	-1.583189e-01
2863          	warmPlate	5.374955e+02	5.399015e+02	1.583241e-01
2863          	OVC	-4.919698e+02	-4.908813e+02	-1.583189e-01
2864          	warmPlate	5.374955e+02	5.399015e+02	1.583241e-01
2864          	OVC	-4.919698e+02	-4.908813e+02	-1.583189e-01
2865          	warmPlate	5.374955e+02	5.399015e+02	1.583241e-01
2865          	OVC	-4.919698e+02	-4.908813e+02	-1.583189e-01
2866          	warmPlate	5.374955e+02	5.399015e+02	1.583241e-01
2866          	OVC	-4.919698e+02	-4.908813e+02	-1.583189e-01
2867          	warmPlate	5.374955e+02	5.399015e+02	1.583241e-01
2867          	OVC	-4.919698e+02	-4.908813e+02	-1.583189e-01
2868          	warmPlate	5.374955e+02	5.399015e+02	1.583241e-01
2868          	OVC	-4.919698e+02	-4.908813e+02	-1.583189e-01
2869          	warmPlate	5.374955e+02	5.399015e+02	1.583241e-01
2869          	OVC	-4.919698e+02	-4.908813e+02	-1.583189e-01
2870          	warmPlate	5.374955e+02	5.399015e+02	1.583241e-01
2870          	OVC	-4.919698e+02	-4.908813e+02	-1.583189e-01
2871          	warmPlate	5.374955e+02	5.399015e+02	1.583241e-01
2871          	OVC	-4.919698e+02	-4.908813e+02	-1.583189e-01
2872          	warmPlate	5.374955e+02	5.399015e+02	1.583241e-01
2872          	OVC	-4.919698e+02	-4.908813e+02	-1.583189e-01
2873          	warmPlate	5.374955e+02	5.399015e+02	1.583241e-01
2873          	OVC	-4.919698e+02	-4.908813e+02	-1.583189e-01
2874          	warmPlate	5.374955e+02	5.399015e+02	1.583241e-01
2874          	OVC	-4.919698e+02	-4.908813e+02	-1.583189e-01
2875          	warmPlate	5.374955e+02	5.399015e+02	1.583241e-01
2875          	OVC	-4.919698e+02	-4.908813e+02	-1.583189e-01
2876          	warmPlate	5.374955e+02	5.399015e+02	1.583241e-01
2876          	OVC	-4.919698e+02	-4.908813e+02	-1.583189e-01
2877          	warmPlate	5.374955e+02	5.399015e+02	1.583241e-01
2877          	OVC	-4.919698e+02	-4.908813e+02	-1.583189e-01
2878          	warmPlate	5.374955e+02	5.399015e+02	1.583241e-01
2878          	OVC	-4.919698e+02	-4.908813e+02	-1.583189e-01
2879          	warmPlate	5.374955e+02	5.399015e+02	1.583241e-01
2879          	OVC	-4.919698e+02	-4.908813e+02	-1.583189e-01
2880          	warmPlate	5.374955e+02	5.399015e+02	1.583241e-01
2880          	OVC	-4.919698e+02	-4.908813e+02	-1.583189e-01
2881          	warmPlate	5.374955e+02	5.399015e+02	1.583241e-01
2881          	OVC	-4.919698e+02	-4.908813e+02	-1.583189e-01
2882          	warmPlate	5.374955e+02	5.399015e+02	1.583241e-01
2882          	OVC	-4.919698e+02	-4.908813e+02	-1.583189e-01
2883          	warmPlate	5.374955e+02	5.399015e+02	1.583241e-01
2883          	OVC	-4.919698e+02	-4.908813e+02	-1.583189e-01
2884          	warmPlate	5.374955e+02	5.399015e+02	1.583241e-01
2884          	OVC	-4.919698e+02	-4.908813e+02	-1.583189e-01
2885          	warmPlate	5.374955e+02	5.399015e+02	1.583241e-01
2885          	OVC	-4.919698e+02	-4.908813e+02	-1.583189e-01
2886          	warmPlate	5.374955e+02	5.399015e+02	1.583241e-01
2886          	OVC	-4.919698e+02	-4.908813e+02	-1.583189e-01
2887          	warmPlate	5.374955e+02	5.399015e+02	1.583241e-01
2887          	OVC	-4.919698e+02	-4.908813e+02	-1.583189e-01
2888          	warmPlate	5.374955e+02	5.399015e+02	1.583241e-01
2888          	OVC	-4.919698e+02	-4.908813e+02	-1.583189e-01
2889          	warmPlate	5.374955e+02	5.399015e+02	1.583241e-01
2889          	OVC	-4.919698e+02	-4.908813e+02	-1.583189e-01
2890          	warmPlate	5.374955e+02	5.399015e+02	1.583241e-01
2890          	OVC	-4.919698e+02	-4.908813e+02	-1.583189e-01
2891          	warmPlate	5.374955e+02	5.399015e+02	1.583241e-01
2891          	OVC	-4.919698e+02	-4.908813e+02	-1.583189e-01
2892          	warmPlate	5.374955e+02	5.399015e+02	1.583241e-01
2892          	OVC	-4.919698e+02	-4.908813e+02	-1.583189e-01
2893          	warmPlate	5.374955e+02	5.399015e+02	1.583241e-01
2893          	OVC	-4.919698e+02	-4.908813e+02	-1.583189e-01
2894          	warmPlate	5.374955e+02	5.399015e+02	1.583241e-01
2894          	OVC	-4.919698e+02	-4.908813e+02	-1.583189e-01
2895          	warmPlate	5.374955e+02	5.399015e+02	1.583241e-01
2895          	OVC	-4.919698e+02	-4.908813e+02	-1.583189e-01
2896          	warmPlate	5.374955e+02	5.399015e+02	1.583241e-01
2896          	OVC	-4.919698e+02	-4.908813e+02	-1.583189e-01
2897          	warmPlate	5.374955e+02	5.399015e+02	1.583241e-01
2897          	OVC	-4.919698e+02	-4.908813e+02	-1.583189e-01
2898          	warmPlate	5.374955e+02	5.399015e+02	1.583241e-01
2898          	OVC	-4.919698e+02	-4.908813e+02	-1.583189e-01
2899          	warmPlate	5.374955e+02	5.399015e+02	1.583241e-01
2899          	OVC	-4.919698e+02	-4.908813e+02	-1.583189e-01
2900          	warmPlate	5.374955e+02	5.399015e+02	1.583241e-01
2900          	OVC	-4.919698e+02	-4.908813e+02	-1.583189e-01
