# Wall heat-flux
# Time        	patch         	min           	max           	integral      
1             	warmPlate	1.585910e+04	1.679809e+04	4.796318e+00
1             	OVC	-1.407542e+04	-1.335173e+04	-4.398400e+00
2             	warmPlate	9.595441e+03	9.799622e+03	2.851376e+00
2             	OVC	-7.983050e+03	-7.819757e+03	-2.539686e+00
3             	warmPlate	7.441550e+03	7.532836e+03	2.201396e+00
3             	OVC	-6.015304e+03	-5.953151e+03	-1.925121e+00
4             	warmPlate	6.287451e+03	6.347125e+03	1.857171e+00
4             	OVC	-5.019187e+03	-4.982790e+03	-1.609923e+00
5             	warmPlate	5.542837e+03	5.587367e+03	1.635964e+00
5             	OVC	-4.394921e+03	-4.369941e+03	-1.411281e+00
6             	warmPlate	5.011926e+03	5.047608e+03	1.478560e+00
6             	OVC	-3.956778e+03	-3.938006e+03	-1.271448e+00
7             	warmPlate	4.608456e+03	4.638842e+03	1.359232e+00
7             	OVC	-3.627007e+03	-3.612058e+03	-1.166006e+00
8             	warmPlate	4.280537e+03	4.306376e+03	1.262281e+00
8             	OVC	-3.360680e+03	-3.348255e+03	-1.080750e+00
9             	warmPlate	4.013400e+03	4.036568e+03	1.183388e+00
9             	OVC	-3.143598e+03	-3.133019e+03	-1.011183e+00
10            	warmPlate	3.790555e+03	3.811692e+03	1.117600e+00
10            	OVC	-2.962185e+03	-2.952985e+03	-9.530061e-01
11            	warmPlate	3.601024e+03	3.620534e+03	1.061657e+00
11            	OVC	-2.807480e+03	-2.799342e+03	-9.033677e-01
12            	warmPlate	3.437275e+03	3.455450e+03	1.013332e+00
12            	OVC	-2.673427e+03	-2.666131e+03	-8.603374e-01
13            	warmPlate	3.293959e+03	3.311015e+03	9.710425e-01
13            	OVC	-2.555811e+03	-2.549148e+03	-8.225548e-01
14            	warmPlate	3.167161e+03	3.183265e+03	9.336308e-01
14            	OVC	-2.451586e+03	-2.445334e+03	-7.890289e-01
15            	warmPlate	3.053939e+03	3.069221e+03	9.002279e-01
15            	OVC	-2.358292e+03	-2.352394e+03	-7.590176e-01
16            	warmPlate	2.952037e+03	2.966603e+03	8.701673e-01
16            	OVC	-2.274158e+03	-2.268567e+03	-7.319512e-01
17            	warmPlate	2.859693e+03	2.873627e+03	8.429280e-01
17            	OVC	-2.197796e+03	-2.192476e+03	-7.073844e-01
18            	warmPlate	2.775507e+03	2.788951e+03	8.180967e-01
18            	OVC	-2.128104e+03	-2.123024e+03	-6.849623e-01
19            	warmPlate	2.698353e+03	2.711369e+03	7.953405e-01
19            	OVC	-2.064189e+03	-2.059324e+03	-6.643983e-01
20            	warmPlate	2.627311e+03	2.639938e+03	7.743883e-01
20            	OVC	-2.005322e+03	-2.000651e+03	-6.454580e-01
21            	warmPlate	2.561626e+03	2.573896e+03	7.550168e-01
21            	OVC	-1.950900e+03	-1.946404e+03	-6.279474e-01
22            	warmPlate	2.500669e+03	2.512610e+03	7.370403e-01
22            	OVC	-1.900420e+03	-1.896083e+03	-6.117045e-01
23            	warmPlate	2.443912e+03	2.455550e+03	7.203033e-01
23            	OVC	-1.853456e+03	-1.849265e+03	-5.965929e-01
24            	warmPlate	2.390911e+03	2.402267e+03	7.046740e-01
24            	OVC	-1.809649e+03	-1.805593e+03	-5.824968e-01
25            	warmPlate	2.341285e+03	2.352378e+03	6.900404e-01
25            	OVC	-1.768691e+03	-1.764758e+03	-5.693171e-01
26            	warmPlate	2.294708e+03	2.305556e+03	6.763064e-01
26            	OVC	-1.730317e+03	-1.726499e+03	-5.569689e-01
27            	warmPlate	2.250901e+03	2.261519e+03	6.633893e-01
27            	OVC	-1.694298e+03	-1.690587e+03	-5.453784e-01
28            	warmPlate	2.209619e+03	2.220022e+03	6.512172e-01
28            	OVC	-1.660435e+03	-1.656823e+03	-5.344814e-01
29            	warmPlate	2.170650e+03	2.180851e+03	6.397272e-01
29            	OVC	-1.628553e+03	-1.625033e+03	-5.242219e-01
30            	warmPlate	2.133808e+03	2.143818e+03	6.288644e-01
30            	OVC	-1.598499e+03	-1.595066e+03	-5.145505e-01
31            	warmPlate	2.098928e+03	2.108758e+03	6.185803e-01
31            	OVC	-1.570137e+03	-1.566785e+03	-5.054235e-01
32            	warmPlate	2.065864e+03	2.075524e+03	6.088317e-01
32            	OVC	-1.543346e+03	-1.540070e+03	-4.968020e-01
33            	warmPlate	2.034486e+03	2.043985e+03	5.995805e-01
33            	OVC	-1.518018e+03	-1.514815e+03	-4.886515e-01
34            	warmPlate	2.004678e+03	2.014024e+03	5.907922e-01
34            	OVC	-1.494074e+03	-1.490921e+03	-4.809406e-01
35            	warmPlate	1.976335e+03	1.985536e+03	5.824359e-01
35            	OVC	-1.471416e+03	-1.468303e+03	-4.736413e-01
36            	warmPlate	1.949363e+03	1.958427e+03	5.744840e-01
36            	OVC	-1.449956e+03	-1.446881e+03	-4.667281e-01
37            	warmPlate	1.923676e+03	1.932610e+03	5.669110e-01
37            	OVC	-1.429622e+03	-1.426584e+03	-4.601779e-01
38            	warmPlate	1.899197e+03	1.908006e+03	5.596939e-01
38            	OVC	-1.410349e+03	-1.407345e+03	-4.539694e-01
39            	warmPlate	1.875853e+03	1.884544e+03	5.528118e-01
39            	OVC	-1.392077e+03	-1.389105e+03	-4.480831e-01
40            	warmPlate	1.853580e+03	1.862158e+03	5.462454e-01
40            	OVC	-1.374749e+03	-1.371808e+03	-4.425012e-01
41            	warmPlate	1.832317e+03	1.840787e+03	5.399768e-01
41            	OVC	-1.358314e+03	-1.355403e+03	-4.372070e-01
42            	warmPlate	1.812009e+03	1.820376e+03	5.339897e-01
42            	OVC	-1.342725e+03	-1.339841e+03	-4.321852e-01
43            	warmPlate	1.792604e+03	1.800873e+03	5.282688e-01
43            	OVC	-1.327936e+03	-1.325080e+03	-4.274214e-01
44            	warmPlate	1.774055e+03	1.782230e+03	5.228002e-01
44            	OVC	-1.313908e+03	-1.311076e+03	-4.229024e-01
45            	warmPlate	1.756316e+03	1.764402e+03	5.175706e-01
45            	OVC	-1.300600e+03	-1.297792e+03	-4.186155e-01
46            	warmPlate	1.739346e+03	1.747347e+03	5.125678e-01
46            	OVC	-1.287977e+03	-1.285191e+03	-4.145491e-01
47            	warmPlate	1.723107e+03	1.731026e+03	5.077804e-01
47            	OVC	-1.276004e+03	-1.273240e+03	-4.106921e-01
48            	warmPlate	1.707562e+03	1.715402e+03	5.031976e-01
48            	OVC	-1.264649e+03	-1.261905e+03	-4.070343e-01
49            	warmPlate	1.692676e+03	1.700442e+03	4.988093e-01
49            	OVC	-1.253881e+03	-1.251157e+03	-4.035657e-01
50            	warmPlate	1.678418e+03	1.686113e+03	4.946060e-01
50            	OVC	-1.243673e+03	-1.240967e+03	-4.002773e-01
51            	warmPlate	1.664758e+03	1.672384e+03	4.905789e-01
51            	OVC	-1.233997e+03	-1.231307e+03	-3.971601e-01
52            	warmPlate	1.651666e+03	1.659226e+03	4.867194e-01
52            	OVC	-1.224826e+03	-1.222154e+03	-3.942060e-01
53            	warmPlate	1.639116e+03	1.646614e+03	4.830197e-01
53            	OVC	-1.216138e+03	-1.213481e+03	-3.914071e-01
54            	warmPlate	1.627083e+03	1.634520e+03	4.794722e-01
54            	OVC	-1.207908e+03	-1.205266e+03	-3.887560e-01
55            	warmPlate	1.615541e+03	1.622921e+03	4.760698e-01
55            	OVC	-1.200116e+03	-1.197487e+03	-3.862456e-01
56            	warmPlate	1.604469e+03	1.611793e+03	4.728058e-01
56            	OVC	-1.192739e+03	-1.190123e+03	-3.838692e-01
57            	warmPlate	1.593845e+03	1.601116e+03	4.696738e-01
57            	OVC	-1.185758e+03	-1.183154e+03	-3.816203e-01
58            	warmPlate	1.583648e+03	1.590868e+03	4.666677e-01
58            	OVC	-1.179154e+03	-1.176563e+03	-3.794930e-01
59            	warmPlate	1.573859e+03	1.581030e+03	4.637819e-01
59            	OVC	-1.172910e+03	-1.170329e+03	-3.774814e-01
60            	warmPlate	1.564458e+03	1.571583e+03	4.610107e-01
60            	OVC	-1.167008e+03	-1.164438e+03	-3.755800e-01
61            	warmPlate	1.555430e+03	1.562509e+03	4.583492e-01
61            	OVC	-1.161432e+03	-1.158871e+03	-3.737836e-01
62            	warmPlate	1.546756e+03	1.553792e+03	4.557922e-01
62            	OVC	-1.156166e+03	-1.153615e+03	-3.720871e-01
63            	warmPlate	1.538422e+03	1.545416e+03	4.533353e-01
63            	OVC	-1.151196e+03	-1.148653e+03	-3.704859e-01
64            	warmPlate	1.530411e+03	1.537366e+03	4.509737e-01
64            	OVC	-1.146507e+03	-1.143972e+03	-3.689753e-01
65            	warmPlate	1.522710e+03	1.529626e+03	4.487035e-01
65            	OVC	-1.142086e+03	-1.139559e+03	-3.675510e-01
66            	warmPlate	1.515304e+03	1.522184e+03	4.465204e-01
66            	OVC	-1.137921e+03	-1.135401e+03	-3.662090e-01
67            	warmPlate	1.508181e+03	1.515025e+03	4.444207e-01
67            	OVC	-1.133998e+03	-1.131485e+03	-3.649452e-01
68            	warmPlate	1.501329e+03	1.508139e+03	4.424006e-01
68            	OVC	-1.130307e+03	-1.127800e+03	-3.637559e-01
69            	warmPlate	1.494735e+03	1.501512e+03	4.404567e-01
69            	OVC	-1.126836e+03	-1.124335e+03	-3.626375e-01
70            	warmPlate	1.488388e+03	1.495133e+03	4.385857e-01
70            	OVC	-1.123574e+03	-1.121079e+03	-3.615867e-01
71            	warmPlate	1.482277e+03	1.488993e+03	4.367844e-01
71            	OVC	-1.120512e+03	-1.118022e+03	-3.606001e-01
72            	warmPlate	1.476392e+03	1.483079e+03	4.350497e-01
72            	OVC	-1.117640e+03	-1.115155e+03	-3.596746e-01
73            	warmPlate	1.470724e+03	1.477383e+03	4.333788e-01
73            	OVC	-1.114948e+03	-1.112468e+03	-3.588073e-01
74            	warmPlate	1.465263e+03	1.471894e+03	4.317689e-01
74            	OVC	-1.112428e+03	-1.109952e+03	-3.579954e-01
75            	warmPlate	1.459999e+03	1.466605e+03	4.302174e-01
75            	OVC	-1.110072e+03	-1.107599e+03	-3.572361e-01
76            	warmPlate	1.454926e+03	1.461506e+03	4.287217e-01
76            	OVC	-1.107871e+03	-1.105402e+03	-3.565268e-01
77            	warmPlate	1.450033e+03	1.456590e+03	4.272796e-01
77            	OVC	-1.105818e+03	-1.103352e+03	-3.558652e-01
78            	warmPlate	1.445315e+03	1.451848e+03	4.258886e-01
78            	OVC	-1.103905e+03	-1.101443e+03	-3.552489e-01
79            	warmPlate	1.440763e+03	1.447273e+03	4.245467e-01
79            	OVC	-1.102126e+03	-1.099667e+03	-3.546756e-01
80            	warmPlate	1.436370e+03	1.442859e+03	4.232518e-01
80            	OVC	-1.100474e+03	-1.098017e+03	-3.541432e-01
81            	warmPlate	1.432129e+03	1.438597e+03	4.220018e-01
81            	OVC	-1.098943e+03	-1.096488e+03	-3.536496e-01
82            	warmPlate	1.428035e+03	1.434483e+03	4.207949e-01
82            	OVC	-1.097526e+03	-1.095074e+03	-3.531930e-01
83            	warmPlate	1.424081e+03	1.430509e+03	4.196292e-01
83            	OVC	-1.096218e+03	-1.093768e+03	-3.527715e-01
84            	warmPlate	1.420260e+03	1.426670e+03	4.185031e-01
84            	OVC	-1.095014e+03	-1.092566e+03	-3.523833e-01
85            	warmPlate	1.416569e+03	1.422960e+03	4.174149e-01
85            	OVC	-1.093908e+03	-1.091461e+03	-3.520268e-01
86            	warmPlate	1.413000e+03	1.419374e+03	4.163630e-01
86            	OVC	-1.092895e+03	-1.090450e+03	-3.517002e-01
87            	warmPlate	1.409550e+03	1.415907e+03	4.153460e-01
87            	OVC	-1.091970e+03	-1.089527e+03	-3.514022e-01
88            	warmPlate	1.406213e+03	1.412553e+03	4.143623e-01
88            	OVC	-1.091130e+03	-1.088687e+03	-3.511313e-01
89            	warmPlate	1.402984e+03	1.409309e+03	4.134106e-01
89            	OVC	-1.090369e+03	-1.087928e+03	-3.508860e-01
90            	warmPlate	1.399860e+03	1.406169e+03	4.124896e-01
90            	OVC	-1.089684e+03	-1.087243e+03	-3.506650e-01
91            	warmPlate	1.396835e+03	1.403130e+03	4.115980e-01
91            	OVC	-1.089070e+03	-1.086631e+03	-3.504671e-01
92            	warmPlate	1.393906e+03	1.400187e+03	4.107347e-01
92            	OVC	-1.088525e+03	-1.086086e+03	-3.502911e-01
93            	warmPlate	1.391069e+03	1.397336e+03	4.098985e-01
93            	OVC	-1.088043e+03	-1.085605e+03	-3.501358e-01
94            	warmPlate	1.388321e+03	1.394574e+03	4.090883e-01
94            	OVC	-1.087623e+03	-1.085185e+03	-3.500001e-01
95            	warmPlate	1.385657e+03	1.391897e+03	4.083030e-01
95            	OVC	-1.087260e+03	-1.084822e+03	-3.498830e-01
96            	warmPlate	1.383074e+03	1.389302e+03	4.075418e-01
96            	OVC	-1.086952e+03	-1.084514e+03	-3.497835e-01
97            	warmPlate	1.380569e+03	1.386785e+03	4.068035e-01
97            	OVC	-1.086695e+03	-1.084258e+03	-3.497006e-01
98            	warmPlate	1.378140e+03	1.384343e+03	4.060873e-01
98            	OVC	-1.086488e+03	-1.084050e+03	-3.496335e-01
99            	warmPlate	1.375782e+03	1.381974e+03	4.053924e-01
99            	OVC	-1.086326e+03	-1.083889e+03	-3.495813e-01
100           	warmPlate	1.373494e+03	1.379675e+03	4.047178e-01
100           	OVC	-1.086208e+03	-1.083771e+03	-3.495431e-01
101           	warmPlate	1.371272e+03	1.377442e+03	4.040629e-01
101           	OVC	-1.086132e+03	-1.083694e+03	-3.495182e-01
102           	warmPlate	1.369113e+03	1.375274e+03	4.034268e-01
102           	OVC	-1.086094e+03	-1.083657e+03	-3.495059e-01
103           	warmPlate	1.367017e+03	1.373167e+03	4.028088e-01
103           	OVC	-1.086093e+03	-1.083655e+03	-3.495054e-01
104           	warmPlate	1.364979e+03	1.371119e+03	4.022082e-01
104           	OVC	-1.086127e+03	-1.083689e+03	-3.495161e-01
105           	warmPlate	1.362998e+03	1.369129e+03	4.016243e-01
105           	OVC	-1.086194e+03	-1.083755e+03	-3.495372e-01
106           	warmPlate	1.361072e+03	1.367193e+03	4.010566e-01
106           	OVC	-1.086291e+03	-1.083852e+03	-3.495683e-01
107           	warmPlate	1.359199e+03	1.365311e+03	4.005043e-01
107           	OVC	-1.086417e+03	-1.083977e+03	-3.496088e-01
108           	warmPlate	1.357376e+03	1.363479e+03	3.999670e-01
108           	OVC	-1.086570e+03	-1.084130e+03	-3.496580e-01
109           	warmPlate	1.355601e+03	1.361696e+03	3.994440e-01
109           	OVC	-1.086750e+03	-1.084309e+03	-3.497155e-01
110           	warmPlate	1.353874e+03	1.359960e+03	3.989348e-01
110           	OVC	-1.086953e+03	-1.084511e+03	-3.497807e-01
111           	warmPlate	1.352191e+03	1.358270e+03	3.984390e-01
111           	OVC	-1.087178e+03	-1.084736e+03	-3.498532e-01
112           	warmPlate	1.350553e+03	1.356623e+03	3.979559e-01
112           	OVC	-1.087425e+03	-1.084982e+03	-3.499325e-01
113           	warmPlate	1.348956e+03	1.355018e+03	3.974853e-01
113           	OVC	-1.087692e+03	-1.085248e+03	-3.500182e-01
114           	warmPlate	1.347399e+03	1.353454e+03	3.970265e-01
114           	OVC	-1.087977e+03	-1.085533e+03	-3.501099e-01
115           	warmPlate	1.345881e+03	1.351930e+03	3.965792e-01
115           	OVC	-1.088280e+03	-1.085834e+03	-3.502071e-01
116           	warmPlate	1.344401e+03	1.350442e+03	3.961429e-01
116           	OVC	-1.088599e+03	-1.086152e+03	-3.503096e-01
117           	warmPlate	1.342957e+03	1.348991e+03	3.957173e-01
117           	OVC	-1.088932e+03	-1.086485e+03	-3.504170e-01
118           	warmPlate	1.341548e+03	1.347576e+03	3.953020e-01
118           	OVC	-1.089280e+03	-1.086832e+03	-3.505289e-01
119           	warmPlate	1.340173e+03	1.346194e+03	3.948967e-01
119           	OVC	-1.089641e+03	-1.087193e+03	-3.506450e-01
120           	warmPlate	1.338830e+03	1.344845e+03	3.945009e-01
120           	OVC	-1.090014e+03	-1.087565e+03	-3.507650e-01
121           	warmPlate	1.337519e+03	1.343527e+03	3.941144e-01
121           	OVC	-1.090399e+03	-1.087948e+03	-3.508886e-01
122           	warmPlate	1.336238e+03	1.342240e+03	3.937368e-01
122           	OVC	-1.090794e+03	-1.088342e+03	-3.510156e-01
123           	warmPlate	1.334986e+03	1.340982e+03	3.933678e-01
123           	OVC	-1.091198e+03	-1.088745e+03	-3.511456e-01
124           	warmPlate	1.333762e+03	1.339752e+03	3.930072e-01
124           	OVC	-1.091611e+03	-1.089158e+03	-3.512785e-01
125           	warmPlate	1.332566e+03	1.338551e+03	3.926546e-01
125           	OVC	-1.092032e+03	-1.089578e+03	-3.514140e-01
126           	warmPlate	1.331396e+03	1.337375e+03	3.923099e-01
126           	OVC	-1.092461e+03	-1.090005e+03	-3.515519e-01
127           	warmPlate	1.330252e+03	1.336226e+03	3.919726e-01
127           	OVC	-1.092896e+03	-1.090440e+03	-3.516920e-01
128           	warmPlate	1.329133e+03	1.335101e+03	3.916427e-01
128           	OVC	-1.093338e+03	-1.090880e+03	-3.518341e-01
129           	warmPlate	1.328037e+03	1.334000e+03	3.913198e-01
129           	OVC	-1.093785e+03	-1.091326e+03	-3.519779e-01
130           	warmPlate	1.326965e+03	1.332923e+03	3.910037e-01
130           	OVC	-1.094237e+03	-1.091777e+03	-3.521233e-01
131           	warmPlate	1.325915e+03	1.331868e+03	3.906943e-01
131           	OVC	-1.094694e+03	-1.092233e+03	-3.522702e-01
132           	warmPlate	1.324887e+03	1.330835e+03	3.903912e-01
132           	OVC	-1.095154e+03	-1.092692e+03	-3.524183e-01
133           	warmPlate	1.323879e+03	1.329823e+03	3.900944e-01
133           	OVC	-1.095618e+03	-1.093155e+03	-3.525676e-01
134           	warmPlate	1.322893e+03	1.328831e+03	3.898035e-01
134           	OVC	-1.096085e+03	-1.093621e+03	-3.527178e-01
135           	warmPlate	1.321926e+03	1.327859e+03	3.895185e-01
135           	OVC	-1.096554e+03	-1.094089e+03	-3.528689e-01
136           	warmPlate	1.320978e+03	1.326907e+03	3.892392e-01
136           	OVC	-1.097026e+03	-1.094560e+03	-3.530207e-01
137           	warmPlate	1.320048e+03	1.325973e+03	3.889653e-01
137           	OVC	-1.097500e+03	-1.095032e+03	-3.531731e-01
138           	warmPlate	1.319137e+03	1.325058e+03	3.886967e-01
138           	OVC	-1.097975e+03	-1.095506e+03	-3.533259e-01
139           	warmPlate	1.318243e+03	1.324160e+03	3.884333e-01
139           	OVC	-1.098451e+03	-1.095981e+03	-3.534791e-01
140           	warmPlate	1.317366e+03	1.323279e+03	3.881748e-01
140           	OVC	-1.098928e+03	-1.096457e+03	-3.536326e-01
141           	warmPlate	1.316506e+03	1.322414e+03	3.879213e-01
141           	OVC	-1.099405e+03	-1.096933e+03	-3.537862e-01
142           	warmPlate	1.315662e+03	1.321566e+03	3.876725e-01
142           	OVC	-1.099882e+03	-1.097410e+03	-3.539399e-01
143           	warmPlate	1.314833e+03	1.320734e+03	3.874282e-01
143           	OVC	-1.100360e+03	-1.097886e+03	-3.540935e-01
144           	warmPlate	1.314019e+03	1.319916e+03	3.871884e-01
144           	OVC	-1.100837e+03	-1.098362e+03	-3.542471e-01
145           	warmPlate	1.313221e+03	1.319113e+03	3.869530e-01
145           	OVC	-1.101314e+03	-1.098838e+03	-3.544005e-01
146           	warmPlate	1.312436e+03	1.318325e+03	3.867218e-01
146           	OVC	-1.101789e+03	-1.099313e+03	-3.545536e-01
147           	warmPlate	1.311665e+03	1.317551e+03	3.864946e-01
147           	OVC	-1.102264e+03	-1.099786e+03	-3.547064e-01
148           	warmPlate	1.310908e+03	1.316790e+03	3.862715e-01
148           	OVC	-1.102738e+03	-1.100259e+03	-3.548588e-01
149           	warmPlate	1.310164e+03	1.316043e+03	3.860522e-01
149           	OVC	-1.103210e+03	-1.100730e+03	-3.550108e-01
150           	warmPlate	1.309433e+03	1.315308e+03	3.858368e-01
150           	OVC	-1.103681e+03	-1.101200e+03	-3.551622e-01
151           	warmPlate	1.308715e+03	1.314586e+03	3.856250e-01
151           	OVC	-1.104150e+03	-1.101668e+03	-3.553131e-01
152           	warmPlate	1.308008e+03	1.313876e+03	3.854168e-01
152           	OVC	-1.104617e+03	-1.102134e+03	-3.554634e-01
153           	warmPlate	1.307314e+03	1.313179e+03	3.852121e-01
153           	OVC	-1.105081e+03	-1.102597e+03	-3.556130e-01
154           	warmPlate	1.306631e+03	1.312492e+03	3.850108e-01
154           	OVC	-1.105544e+03	-1.103059e+03	-3.557620e-01
155           	warmPlate	1.305959e+03	1.311818e+03	3.848128e-01
155           	OVC	-1.106005e+03	-1.103519e+03	-3.559102e-01
156           	warmPlate	1.305298e+03	1.311154e+03	3.846181e-01
156           	OVC	-1.106463e+03	-1.103976e+03	-3.560576e-01
157           	warmPlate	1.304648e+03	1.310501e+03	3.844265e-01
157           	OVC	-1.106918e+03	-1.104430e+03	-3.562042e-01
158           	warmPlate	1.304009e+03	1.309858e+03	3.842381e-01
158           	OVC	-1.107371e+03	-1.104882e+03	-3.563499e-01
159           	warmPlate	1.303379e+03	1.309226e+03	3.840526e-01
159           	OVC	-1.107821e+03	-1.105331e+03	-3.564948e-01
160           	warmPlate	1.302760e+03	1.308604e+03	3.838701e-01
160           	OVC	-1.108269e+03	-1.105778e+03	-3.566387e-01
161           	warmPlate	1.302151e+03	1.307991e+03	3.836905e-01
161           	OVC	-1.108713e+03	-1.106221e+03	-3.567818e-01
162           	warmPlate	1.301551e+03	1.307389e+03	3.835136e-01
162           	OVC	-1.109154e+03	-1.106661e+03	-3.569238e-01
163           	warmPlate	1.300960e+03	1.306795e+03	3.833396e-01
163           	OVC	-1.109593e+03	-1.107099e+03	-3.570649e-01
164           	warmPlate	1.300378e+03	1.306211e+03	3.831682e-01
164           	OVC	-1.110028e+03	-1.107533e+03	-3.572050e-01
165           	warmPlate	1.299806e+03	1.305635e+03	3.829994e-01
165           	OVC	-1.110460e+03	-1.107964e+03	-3.573441e-01
166           	warmPlate	1.299242e+03	1.305069e+03	3.828332e-01
166           	OVC	-1.110889e+03	-1.108392e+03	-3.574821e-01
167           	warmPlate	1.298686e+03	1.304511e+03	3.826695e-01
167           	OVC	-1.111314e+03	-1.108817e+03	-3.576191e-01
168           	warmPlate	1.298139e+03	1.303961e+03	3.825082e-01
168           	OVC	-1.111737e+03	-1.109238e+03	-3.577550e-01
169           	warmPlate	1.297600e+03	1.303420e+03	3.823494e-01
169           	OVC	-1.112156e+03	-1.109656e+03	-3.578898e-01
170           	warmPlate	1.297069e+03	1.302886e+03	3.821929e-01
170           	OVC	-1.112571e+03	-1.110071e+03	-3.580235e-01
171           	warmPlate	1.296546e+03	1.302360e+03	3.820387e-01
171           	OVC	-1.112983e+03	-1.110482e+03	-3.581562e-01
172           	warmPlate	1.296030e+03	1.301842e+03	3.818868e-01
172           	OVC	-1.113392e+03	-1.110890e+03	-3.582877e-01
173           	warmPlate	1.295522e+03	1.301332e+03	3.817370e-01
173           	OVC	-1.113797e+03	-1.111294e+03	-3.584181e-01
174           	warmPlate	1.295022e+03	1.300829e+03	3.815895e-01
174           	OVC	-1.114199e+03	-1.111695e+03	-3.585473e-01
175           	warmPlate	1.294528e+03	1.300333e+03	3.814440e-01
175           	OVC	-1.114597e+03	-1.112092e+03	-3.586755e-01
176           	warmPlate	1.294042e+03	1.299845e+03	3.813007e-01
176           	OVC	-1.114991e+03	-1.112486e+03	-3.588025e-01
177           	warmPlate	1.293562e+03	1.299363e+03	3.811594e-01
177           	OVC	-1.115382e+03	-1.112876e+03	-3.589283e-01
178           	warmPlate	1.293089e+03	1.298888e+03	3.810201e-01
178           	OVC	-1.115770e+03	-1.113262e+03	-3.590530e-01
179           	warmPlate	1.292623e+03	1.298420e+03	3.808827e-01
179           	OVC	-1.116154e+03	-1.113646e+03	-3.591766e-01
180           	warmPlate	1.292164e+03	1.297958e+03	3.807473e-01
180           	OVC	-1.116534e+03	-1.114025e+03	-3.592990e-01
181           	warmPlate	1.291711e+03	1.297503e+03	3.806137e-01
181           	OVC	-1.116911e+03	-1.114401e+03	-3.594202e-01
182           	warmPlate	1.291264e+03	1.297054e+03	3.804820e-01
182           	OVC	-1.117284e+03	-1.114773e+03	-3.595403e-01
183           	warmPlate	1.290823e+03	1.296611e+03	3.803522e-01
183           	OVC	-1.117653e+03	-1.115142e+03	-3.596593e-01
184           	warmPlate	1.290389e+03	1.296174e+03	3.802241e-01
184           	OVC	-1.118019e+03	-1.115507e+03	-3.597771e-01
185           	warmPlate	1.289960e+03	1.295744e+03	3.800978e-01
185           	OVC	-1.118382e+03	-1.115869e+03	-3.598937e-01
186           	warmPlate	1.289537e+03	1.295319e+03	3.799732e-01
186           	OVC	-1.118741e+03	-1.116227e+03	-3.600092e-01
187           	warmPlate	1.289120e+03	1.294900e+03	3.798502e-01
187           	OVC	-1.119096e+03	-1.116582e+03	-3.601236e-01
188           	warmPlate	1.288709e+03	1.294487e+03	3.797290e-01
188           	OVC	-1.119448e+03	-1.116933e+03	-3.602368e-01
189           	warmPlate	1.288303e+03	1.294079e+03	3.796094e-01
189           	OVC	-1.119796e+03	-1.117280e+03	-3.603489e-01
190           	warmPlate	1.287902e+03	1.293677e+03	3.794914e-01
190           	OVC	-1.120141e+03	-1.117624e+03	-3.604599e-01
191           	warmPlate	1.287507e+03	1.293280e+03	3.793749e-01
191           	OVC	-1.120482e+03	-1.117964e+03	-3.605697e-01
192           	warmPlate	1.287117e+03	1.292888e+03	3.792601e-01
192           	OVC	-1.120820e+03	-1.118301e+03	-3.606784e-01
193           	warmPlate	1.286733e+03	1.292502e+03	3.791467e-01
193           	OVC	-1.121154e+03	-1.118635e+03	-3.607860e-01
194           	warmPlate	1.286353e+03	1.292120e+03	3.790349e-01
194           	OVC	-1.121484e+03	-1.118965e+03	-3.608924e-01
195           	warmPlate	1.285979e+03	1.291744e+03	3.789245e-01
195           	OVC	-1.121812e+03	-1.119292e+03	-3.609978e-01
196           	warmPlate	1.285609e+03	1.291373e+03	3.788155e-01
196           	OVC	-1.122136e+03	-1.119615e+03	-3.611020e-01
197           	warmPlate	1.285244e+03	1.291006e+03	3.787081e-01
197           	OVC	-1.122456e+03	-1.119935e+03	-3.612052e-01
198           	warmPlate	1.284884e+03	1.290645e+03	3.786020e-01
198           	OVC	-1.122773e+03	-1.120251e+03	-3.613073e-01
199           	warmPlate	1.284529e+03	1.290288e+03	3.784972e-01
199           	OVC	-1.123087e+03	-1.120564e+03	-3.614082e-01
200           	warmPlate	1.284178e+03	1.289935e+03	3.783939e-01
200           	OVC	-1.123397e+03	-1.120874e+03	-3.615081e-01
201           	warmPlate	1.283832e+03	1.289587e+03	3.782919e-01
201           	OVC	-1.123704e+03	-1.121180e+03	-3.616070e-01
202           	warmPlate	1.283490e+03	1.289244e+03	3.781912e-01
202           	OVC	-1.124008e+03	-1.121483e+03	-3.617047e-01
203           	warmPlate	1.283153e+03	1.288905e+03	3.780918e-01
203           	OVC	-1.124309e+03	-1.121783e+03	-3.618015e-01
204           	warmPlate	1.282820e+03	1.288571e+03	3.779937e-01
204           	OVC	-1.124606e+03	-1.122080e+03	-3.618971e-01
205           	warmPlate	1.282491e+03	1.288241e+03	3.778968e-01
205           	OVC	-1.124900e+03	-1.122373e+03	-3.619918e-01
206           	warmPlate	1.282167e+03	1.287915e+03	3.778012e-01
206           	OVC	-1.125191e+03	-1.122663e+03	-3.620854e-01
207           	warmPlate	1.281847e+03	1.287593e+03	3.777068e-01
207           	OVC	-1.125478e+03	-1.122950e+03	-3.621780e-01
208           	warmPlate	1.281530e+03	1.287275e+03	3.776136e-01
208           	OVC	-1.125763e+03	-1.123234e+03	-3.622695e-01
209           	warmPlate	1.281218e+03	1.286962e+03	3.775216e-01
209           	OVC	-1.126044e+03	-1.123515e+03	-3.623601e-01
210           	warmPlate	1.280910e+03	1.286652e+03	3.774308e-01
210           	OVC	-1.126322e+03	-1.123793e+03	-3.624496e-01
211           	warmPlate	1.280606e+03	1.286346e+03	3.773411e-01
211           	OVC	-1.126598e+03	-1.124067e+03	-3.625382e-01
212           	warmPlate	1.280305e+03	1.286044e+03	3.772525e-01
212           	OVC	-1.126870e+03	-1.124339e+03	-3.626258e-01
213           	warmPlate	1.280008e+03	1.285746e+03	3.771651e-01
213           	OVC	-1.127139e+03	-1.124607e+03	-3.627124e-01
214           	warmPlate	1.279715e+03	1.285452e+03	3.770787e-01
214           	OVC	-1.127405e+03	-1.124873e+03	-3.627980e-01
215           	warmPlate	1.279426e+03	1.285161e+03	3.769935e-01
215           	OVC	-1.127668e+03	-1.125135e+03	-3.628827e-01
216           	warmPlate	1.279140e+03	1.284874e+03	3.769093e-01
216           	OVC	-1.127928e+03	-1.125395e+03	-3.629664e-01
217           	warmPlate	1.278858e+03	1.284591e+03	3.768261e-01
217           	OVC	-1.128185e+03	-1.125652e+03	-3.630492e-01
218           	warmPlate	1.278580e+03	1.284311e+03	3.767440e-01
218           	OVC	-1.128440e+03	-1.125905e+03	-3.631311e-01
219           	warmPlate	1.278305e+03	1.284034e+03	3.766630e-01
219           	OVC	-1.128691e+03	-1.126156e+03	-3.632120e-01
220           	warmPlate	1.278033e+03	1.283761e+03	3.765829e-01
220           	OVC	-1.128940e+03	-1.126404e+03	-3.632920e-01
221           	warmPlate	1.277765e+03	1.283492e+03	3.765038e-01
221           	OVC	-1.129186e+03	-1.126650e+03	-3.633712e-01
222           	warmPlate	1.277500e+03	1.283226e+03	3.764257e-01
222           	OVC	-1.129429e+03	-1.126892e+03	-3.634494e-01
223           	warmPlate	1.277238e+03	1.282963e+03	3.763486e-01
223           	OVC	-1.129669e+03	-1.127132e+03	-3.635267e-01
224           	warmPlate	1.276980e+03	1.282703e+03	3.762725e-01
224           	OVC	-1.129906e+03	-1.127369e+03	-3.636032e-01
225           	warmPlate	1.276724e+03	1.282447e+03	3.761973e-01
225           	OVC	-1.130141e+03	-1.127603e+03	-3.636788e-01
226           	warmPlate	1.276472e+03	1.282194e+03	3.761230e-01
226           	OVC	-1.130373e+03	-1.127835e+03	-3.637535e-01
227           	warmPlate	1.276223e+03	1.281943e+03	3.760496e-01
227           	OVC	-1.130603e+03	-1.128064e+03	-3.638273e-01
228           	warmPlate	1.275978e+03	1.281696e+03	3.759771e-01
228           	OVC	-1.130830e+03	-1.128290e+03	-3.639004e-01
229           	warmPlate	1.275735e+03	1.281452e+03	3.759056e-01
229           	OVC	-1.131054e+03	-1.128514e+03	-3.639725e-01
230           	warmPlate	1.275495e+03	1.281211e+03	3.758349e-01
230           	OVC	-1.131276e+03	-1.128735e+03	-3.640439e-01
231           	warmPlate	1.275258e+03	1.280973e+03	3.757651e-01
231           	OVC	-1.131495e+03	-1.128954e+03	-3.641144e-01
232           	warmPlate	1.275024e+03	1.280738e+03	3.756961e-01
232           	OVC	-1.131711e+03	-1.129170e+03	-3.641841e-01
233           	warmPlate	1.274793e+03	1.280506e+03	3.756280e-01
233           	OVC	-1.131925e+03	-1.129384e+03	-3.642531e-01
234           	warmPlate	1.274564e+03	1.280277e+03	3.755607e-01
234           	OVC	-1.132137e+03	-1.129595e+03	-3.643212e-01
235           	warmPlate	1.274339e+03	1.280050e+03	3.754942e-01
235           	OVC	-1.132346e+03	-1.129804e+03	-3.643885e-01
236           	warmPlate	1.274116e+03	1.279826e+03	3.754286e-01
236           	OVC	-1.132553e+03	-1.130010e+03	-3.644551e-01
237           	warmPlate	1.273896e+03	1.279605e+03	3.753637e-01
237           	OVC	-1.132757e+03	-1.130214e+03	-3.645209e-01
238           	warmPlate	1.273679e+03	1.279387e+03	3.752997e-01
238           	OVC	-1.132959e+03	-1.130415e+03	-3.645859e-01
239           	warmPlate	1.273464e+03	1.279171e+03	3.752364e-01
239           	OVC	-1.133159e+03	-1.130615e+03	-3.646502e-01
240           	warmPlate	1.273252e+03	1.278958e+03	3.751739e-01
240           	OVC	-1.133356e+03	-1.130812e+03	-3.647137e-01
241           	warmPlate	1.273042e+03	1.278748e+03	3.751121e-01
241           	OVC	-1.133552e+03	-1.131006e+03	-3.647765e-01
242           	warmPlate	1.272835e+03	1.278540e+03	3.750512e-01
242           	OVC	-1.133744e+03	-1.131199e+03	-3.648385e-01
243           	warmPlate	1.272631e+03	1.278334e+03	3.749909e-01
243           	OVC	-1.133935e+03	-1.131389e+03	-3.648999e-01
244           	warmPlate	1.272429e+03	1.278131e+03	3.749314e-01
244           	OVC	-1.134123e+03	-1.131577e+03	-3.649605e-01
245           	warmPlate	1.272229e+03	1.277931e+03	3.748726e-01
245           	OVC	-1.134309e+03	-1.131763e+03	-3.650204e-01
246           	warmPlate	1.272032e+03	1.277733e+03	3.748145e-01
246           	OVC	-1.134493e+03	-1.131946e+03	-3.650796e-01
247           	warmPlate	1.271838e+03	1.277537e+03	3.747571e-01
247           	OVC	-1.134675e+03	-1.132128e+03	-3.651381e-01
248           	warmPlate	1.271645e+03	1.277344e+03	3.747005e-01
248           	OVC	-1.134855e+03	-1.132307e+03	-3.651960e-01
249           	warmPlate	1.271455e+03	1.277153e+03	3.746445e-01
249           	OVC	-1.135032e+03	-1.132484e+03	-3.652531e-01
250           	warmPlate	1.271268e+03	1.276965e+03	3.745892e-01
250           	OVC	-1.135208e+03	-1.132659e+03	-3.653096e-01
251           	warmPlate	1.271082e+03	1.276778e+03	3.745345e-01
251           	OVC	-1.135381e+03	-1.132832e+03	-3.653655e-01
252           	warmPlate	1.270899e+03	1.276594e+03	3.744805e-01
252           	OVC	-1.135553e+03	-1.133003e+03	-3.654206e-01
253           	warmPlate	1.270718e+03	1.276413e+03	3.744272e-01
253           	OVC	-1.135722e+03	-1.133172e+03	-3.654752e-01
254           	warmPlate	1.270539e+03	1.276233e+03	3.743745e-01
254           	OVC	-1.135890e+03	-1.133339e+03	-3.655291e-01
255           	warmPlate	1.270363e+03	1.276056e+03	3.743224e-01
255           	OVC	-1.136055e+03	-1.133505e+03	-3.655823e-01
256           	warmPlate	1.270188e+03	1.275880e+03	3.742710e-01
256           	OVC	-1.136219e+03	-1.133668e+03	-3.656350e-01
257           	warmPlate	1.270016e+03	1.275707e+03	3.742202e-01
257           	OVC	-1.136380e+03	-1.133829e+03	-3.656870e-01
258           	warmPlate	1.269845e+03	1.275536e+03	3.741700e-01
258           	OVC	-1.136540e+03	-1.133988e+03	-3.657384e-01
259           	warmPlate	1.269677e+03	1.275367e+03	3.741204e-01
259           	OVC	-1.136698e+03	-1.134146e+03	-3.657892e-01
260           	warmPlate	1.269511e+03	1.275200e+03	3.740715e-01
260           	OVC	-1.136854e+03	-1.134302e+03	-3.658394e-01
261           	warmPlate	1.269347e+03	1.275035e+03	3.740231e-01
261           	OVC	-1.137008e+03	-1.134455e+03	-3.658890e-01
262           	warmPlate	1.269185e+03	1.274872e+03	3.739752e-01
262           	OVC	-1.137160e+03	-1.134607e+03	-3.659380e-01
263           	warmPlate	1.269024e+03	1.274711e+03	3.739280e-01
263           	OVC	-1.137311e+03	-1.134758e+03	-3.659865e-01
264           	warmPlate	1.268866e+03	1.274552e+03	3.738813e-01
264           	OVC	-1.137460e+03	-1.134906e+03	-3.660344e-01
265           	warmPlate	1.268709e+03	1.274395e+03	3.738352e-01
265           	OVC	-1.137607e+03	-1.135053e+03	-3.660817e-01
266           	warmPlate	1.268555e+03	1.274239e+03	3.737897e-01
266           	OVC	-1.137752e+03	-1.135198e+03	-3.661285e-01
267           	warmPlate	1.268402e+03	1.274086e+03	3.737447e-01
267           	OVC	-1.137895e+03	-1.135341e+03	-3.661747e-01
268           	warmPlate	1.268251e+03	1.273934e+03	3.737002e-01
268           	OVC	-1.138037e+03	-1.135482e+03	-3.662203e-01
269           	warmPlate	1.268102e+03	1.273785e+03	3.736563e-01
269           	OVC	-1.138177e+03	-1.135622e+03	-3.662655e-01
270           	warmPlate	1.267955e+03	1.273637e+03	3.736129e-01
270           	OVC	-1.138316e+03	-1.135761e+03	-3.663100e-01
271           	warmPlate	1.267809e+03	1.273490e+03	3.735700e-01
271           	OVC	-1.138453e+03	-1.135897e+03	-3.663541e-01
272           	warmPlate	1.267666e+03	1.273346e+03	3.735276e-01
272           	OVC	-1.138588e+03	-1.136032e+03	-3.663977e-01
273           	warmPlate	1.267523e+03	1.273203e+03	3.734857e-01
273           	OVC	-1.138722e+03	-1.136166e+03	-3.664407e-01
274           	warmPlate	1.267383e+03	1.273062e+03	3.734444e-01
274           	OVC	-1.138854e+03	-1.136297e+03	-3.664832e-01
275           	warmPlate	1.267244e+03	1.272923e+03	3.734035e-01
275           	OVC	-1.138984e+03	-1.136428e+03	-3.665252e-01
276           	warmPlate	1.267107e+03	1.272785e+03	3.733631e-01
276           	OVC	-1.139113e+03	-1.136556e+03	-3.665667e-01
277           	warmPlate	1.266972e+03	1.272649e+03	3.733233e-01
277           	OVC	-1.139241e+03	-1.136684e+03	-3.666078e-01
278           	warmPlate	1.266838e+03	1.272515e+03	3.732838e-01
278           	OVC	-1.139367e+03	-1.136809e+03	-3.666483e-01
279           	warmPlate	1.266706e+03	1.272382e+03	3.732449e-01
279           	OVC	-1.139491e+03	-1.136934e+03	-3.666884e-01
280           	warmPlate	1.266576e+03	1.272251e+03	3.732064e-01
280           	OVC	-1.139614e+03	-1.137056e+03	-3.667280e-01
281           	warmPlate	1.266447e+03	1.272121e+03	3.731684e-01
281           	OVC	-1.139736e+03	-1.137178e+03	-3.667671e-01
282           	warmPlate	1.266319e+03	1.271993e+03	3.731309e-01
282           	OVC	-1.139856e+03	-1.137297e+03	-3.668058e-01
283           	warmPlate	1.266193e+03	1.271867e+03	3.730938e-01
283           	OVC	-1.139975e+03	-1.137416e+03	-3.668440e-01
284           	warmPlate	1.266069e+03	1.271742e+03	3.730571e-01
284           	OVC	-1.140092e+03	-1.137533e+03	-3.668817e-01
285           	warmPlate	1.265946e+03	1.271619e+03	3.730209e-01
285           	OVC	-1.140208e+03	-1.137648e+03	-3.669190e-01
286           	warmPlate	1.265825e+03	1.271496e+03	3.729851e-01
286           	OVC	-1.140322e+03	-1.137763e+03	-3.669559e-01
287           	warmPlate	1.265705e+03	1.271376e+03	3.729497e-01
287           	OVC	-1.140436e+03	-1.137876e+03	-3.669923e-01
288           	warmPlate	1.265586e+03	1.271257e+03	3.729148e-01
288           	OVC	-1.140547e+03	-1.137987e+03	-3.670283e-01
289           	warmPlate	1.265469e+03	1.271139e+03	3.728803e-01
289           	OVC	-1.140658e+03	-1.138098e+03	-3.670638e-01
290           	warmPlate	1.265353e+03	1.271023e+03	3.728462e-01
290           	OVC	-1.140767e+03	-1.138206e+03	-3.670990e-01
291           	warmPlate	1.265239e+03	1.270908e+03	3.728125e-01
291           	OVC	-1.140875e+03	-1.138314e+03	-3.671337e-01
292           	warmPlate	1.265126e+03	1.270795e+03	3.727792e-01
292           	OVC	-1.140982e+03	-1.138420e+03	-3.671680e-01
293           	warmPlate	1.265014e+03	1.270682e+03	3.727463e-01
293           	OVC	-1.141087e+03	-1.138526e+03	-3.672019e-01
294           	warmPlate	1.264904e+03	1.270572e+03	3.727138e-01
294           	OVC	-1.141191e+03	-1.138629e+03	-3.672354e-01
295           	warmPlate	1.264795e+03	1.270462e+03	3.726816e-01
295           	OVC	-1.141294e+03	-1.138732e+03	-3.672685e-01
296           	warmPlate	1.264687e+03	1.270354e+03	3.726499e-01
296           	OVC	-1.141395e+03	-1.138834e+03	-3.673013e-01
297           	warmPlate	1.264581e+03	1.270247e+03	3.726186e-01
297           	OVC	-1.141496e+03	-1.138934e+03	-3.673336e-01
298           	warmPlate	1.264476e+03	1.270141e+03	3.725876e-01
298           	OVC	-1.141595e+03	-1.139033e+03	-3.673655e-01
299           	warmPlate	1.264372e+03	1.270037e+03	3.725570e-01
299           	OVC	-1.141693e+03	-1.139131e+03	-3.673971e-01
300           	warmPlate	1.264269e+03	1.269934e+03	3.725267e-01
300           	OVC	-1.141790e+03	-1.139227e+03	-3.674283e-01
301           	warmPlate	1.264168e+03	1.269832e+03	3.724969e-01
301           	OVC	-1.141886e+03	-1.139323e+03	-3.674591e-01
302           	warmPlate	1.264068e+03	1.269731e+03	3.724673e-01
302           	OVC	-1.141980e+03	-1.139417e+03	-3.674895e-01
303           	warmPlate	1.263969e+03	1.269632e+03	3.724382e-01
303           	OVC	-1.142074e+03	-1.139511e+03	-3.675196e-01
304           	warmPlate	1.263871e+03	1.269534e+03	3.724093e-01
304           	OVC	-1.142166e+03	-1.139603e+03	-3.675494e-01
305           	warmPlate	1.263774e+03	1.269437e+03	3.723809e-01
305           	OVC	-1.142258e+03	-1.139694e+03	-3.675787e-01
306           	warmPlate	1.263679e+03	1.269341e+03	3.723527e-01
306           	OVC	-1.142348e+03	-1.139784e+03	-3.676078e-01
307           	warmPlate	1.263584e+03	1.269246e+03	3.723249e-01
307           	OVC	-1.142437e+03	-1.139873e+03	-3.676365e-01
308           	warmPlate	1.263491e+03	1.269152e+03	3.722974e-01
308           	OVC	-1.142525e+03	-1.139961e+03	-3.676648e-01
309           	warmPlate	1.263399e+03	1.269060e+03	3.722703e-01
309           	OVC	-1.142612e+03	-1.140047e+03	-3.676928e-01
310           	warmPlate	1.263308e+03	1.268968e+03	3.722435e-01
310           	OVC	-1.142698e+03	-1.140133e+03	-3.677205e-01
311           	warmPlate	1.263218e+03	1.268878e+03	3.722170e-01
311           	OVC	-1.142783e+03	-1.140218e+03	-3.677478e-01
312           	warmPlate	1.263129e+03	1.268789e+03	3.721908e-01
312           	OVC	-1.142867e+03	-1.140302e+03	-3.677748e-01
313           	warmPlate	1.263042e+03	1.268701e+03	3.721649e-01
313           	OVC	-1.142950e+03	-1.140384e+03	-3.678015e-01
314           	warmPlate	1.262955e+03	1.268613e+03	3.721394e-01
314           	OVC	-1.143032e+03	-1.140466e+03	-3.678279e-01
315           	warmPlate	1.262869e+03	1.268527e+03	3.721141e-01
315           	OVC	-1.143113e+03	-1.140547e+03	-3.678540e-01
316           	warmPlate	1.262784e+03	1.268442e+03	3.720891e-01
316           	OVC	-1.143193e+03	-1.140627e+03	-3.678798e-01
317           	warmPlate	1.262701e+03	1.268358e+03	3.720645e-01
317           	OVC	-1.143272e+03	-1.140706e+03	-3.679052e-01
318           	warmPlate	1.262618e+03	1.268275e+03	3.720401e-01
318           	OVC	-1.143350e+03	-1.140784e+03	-3.679304e-01
319           	warmPlate	1.262536e+03	1.268193e+03	3.720160e-01
319           	OVC	-1.143427e+03	-1.140861e+03	-3.679552e-01
320           	warmPlate	1.262456e+03	1.268112e+03	3.719923e-01
320           	OVC	-1.143503e+03	-1.140937e+03	-3.679798e-01
321           	warmPlate	1.262376e+03	1.268032e+03	3.719688e-01
321           	OVC	-1.143579e+03	-1.141012e+03	-3.680040e-01
322           	warmPlate	1.262297e+03	1.267953e+03	3.719455e-01
322           	OVC	-1.143653e+03	-1.141087e+03	-3.680280e-01
323           	warmPlate	1.262219e+03	1.267874e+03	3.719226e-01
323           	OVC	-1.143727e+03	-1.141160e+03	-3.680517e-01
324           	warmPlate	1.262142e+03	1.267797e+03	3.718999e-01
324           	OVC	-1.143800e+03	-1.141233e+03	-3.680751e-01
325           	warmPlate	1.262066e+03	1.267721e+03	3.718775e-01
325           	OVC	-1.143871e+03	-1.141304e+03	-3.680982e-01
326           	warmPlate	1.261991e+03	1.267645e+03	3.718554e-01
326           	OVC	-1.143942e+03	-1.141375e+03	-3.681211e-01
327           	warmPlate	1.261917e+03	1.267571e+03	3.718335e-01
327           	OVC	-1.144013e+03	-1.141445e+03	-3.681436e-01
328           	warmPlate	1.261844e+03	1.267497e+03	3.718119e-01
328           	OVC	-1.144082e+03	-1.141514e+03	-3.681660e-01
329           	warmPlate	1.261771e+03	1.267424e+03	3.717906e-01
329           	OVC	-1.144150e+03	-1.141583e+03	-3.681880e-01
330           	warmPlate	1.261700e+03	1.267352e+03	3.717695e-01
330           	OVC	-1.144218e+03	-1.141650e+03	-3.682098e-01
331           	warmPlate	1.261629e+03	1.267281e+03	3.717486e-01
331           	OVC	-1.144285e+03	-1.141717e+03	-3.682313e-01
332           	warmPlate	1.261559e+03	1.267211e+03	3.717280e-01
332           	OVC	-1.144351e+03	-1.141783e+03	-3.682526e-01
333           	warmPlate	1.261490e+03	1.267142e+03	3.717077e-01
333           	OVC	-1.144416e+03	-1.141848e+03	-3.682736e-01
334           	warmPlate	1.261422e+03	1.267073e+03	3.716876e-01
334           	OVC	-1.144481e+03	-1.141912e+03	-3.682944e-01
335           	warmPlate	1.261354e+03	1.267005e+03	3.716677e-01
335           	OVC	-1.144545e+03	-1.141976e+03	-3.683149e-01
336           	warmPlate	1.261288e+03	1.266939e+03	3.716481e-01
336           	OVC	-1.144608e+03	-1.142039e+03	-3.683352e-01
337           	warmPlate	1.261222e+03	1.266872e+03	3.716287e-01
337           	OVC	-1.144670e+03	-1.142101e+03	-3.683552e-01
338           	warmPlate	1.261157e+03	1.266807e+03	3.716095e-01
338           	OVC	-1.144731e+03	-1.142162e+03	-3.683750e-01
339           	warmPlate	1.261093e+03	1.266742e+03	3.715906e-01
339           	OVC	-1.144792e+03	-1.142223e+03	-3.683946e-01
340           	warmPlate	1.261029e+03	1.266679e+03	3.715718e-01
340           	OVC	-1.144852e+03	-1.142283e+03	-3.684139e-01
341           	warmPlate	1.260966e+03	1.266616e+03	3.715533e-01
341           	OVC	-1.144911e+03	-1.142342e+03	-3.684330e-01
342           	warmPlate	1.260904e+03	1.266553e+03	3.715351e-01
342           	OVC	-1.144970e+03	-1.142401e+03	-3.684518e-01
343           	warmPlate	1.260843e+03	1.266492e+03	3.715170e-01
343           	OVC	-1.145028e+03	-1.142458e+03	-3.684705e-01
344           	warmPlate	1.260783e+03	1.266431e+03	3.714992e-01
344           	OVC	-1.145085e+03	-1.142515e+03	-3.684889e-01
345           	warmPlate	1.260723e+03	1.266371e+03	3.714816e-01
345           	OVC	-1.145142e+03	-1.142572e+03	-3.685071e-01
346           	warmPlate	1.260664e+03	1.266312e+03	3.714642e-01
346           	OVC	-1.145198e+03	-1.142628e+03	-3.685251e-01
347           	warmPlate	1.260605e+03	1.266253e+03	3.714469e-01
347           	OVC	-1.145253e+03	-1.142683e+03	-3.685429e-01
348           	warmPlate	1.260548e+03	1.266195e+03	3.714299e-01
348           	OVC	-1.145307e+03	-1.142737e+03	-3.685604e-01
349           	warmPlate	1.260491e+03	1.266138e+03	3.714131e-01
349           	OVC	-1.145361e+03	-1.142791e+03	-3.685778e-01
350           	warmPlate	1.260434e+03	1.266081e+03	3.713966e-01
350           	OVC	-1.145415e+03	-1.142844e+03	-3.685949e-01
351           	warmPlate	1.260379e+03	1.266025e+03	3.713802e-01
351           	OVC	-1.145467e+03	-1.142897e+03	-3.686119e-01
352           	warmPlate	1.260324e+03	1.265970e+03	3.713639e-01
352           	OVC	-1.145519e+03	-1.142949e+03	-3.686286e-01
353           	warmPlate	1.260269e+03	1.265915e+03	3.713479e-01
353           	OVC	-1.145571e+03	-1.143000e+03	-3.686452e-01
354           	warmPlate	1.260216e+03	1.265861e+03	3.713321e-01
354           	OVC	-1.145621e+03	-1.143050e+03	-3.686615e-01
355           	warmPlate	1.260163e+03	1.265808e+03	3.713165e-01
355           	OVC	-1.145672e+03	-1.143101e+03	-3.686776e-01
356           	warmPlate	1.260110e+03	1.265756e+03	3.713010e-01
356           	OVC	-1.145721e+03	-1.143150e+03	-3.686936e-01
357           	warmPlate	1.260058e+03	1.265703e+03	3.712858e-01
357           	OVC	-1.145770e+03	-1.143199e+03	-3.687094e-01
358           	warmPlate	1.260007e+03	1.265652e+03	3.712707e-01
358           	OVC	-1.145819e+03	-1.143247e+03	-3.687249e-01
359           	warmPlate	1.259957e+03	1.265601e+03	3.712558e-01
359           	OVC	-1.145866e+03	-1.143295e+03	-3.687403e-01
360           	warmPlate	1.259907e+03	1.265551e+03	3.712411e-01
360           	OVC	-1.145914e+03	-1.143342e+03	-3.687555e-01
361           	warmPlate	1.259857e+03	1.265502e+03	3.712265e-01
361           	OVC	-1.145960e+03	-1.143389e+03	-3.687706e-01
362           	warmPlate	1.259809e+03	1.265453e+03	3.712121e-01
362           	OVC	-1.146006e+03	-1.143435e+03	-3.687854e-01
363           	warmPlate	1.259760e+03	1.265404e+03	3.711979e-01
363           	OVC	-1.146052e+03	-1.143480e+03	-3.688001e-01
364           	warmPlate	1.259713e+03	1.265356e+03	3.711839e-01
364           	OVC	-1.146097e+03	-1.143525e+03	-3.688146e-01
365           	warmPlate	1.259666e+03	1.265309e+03	3.711700e-01
365           	OVC	-1.146142e+03	-1.143570e+03	-3.688289e-01
366           	warmPlate	1.259619e+03	1.265262e+03	3.711563e-01
366           	OVC	-1.146186e+03	-1.143613e+03	-3.688431e-01
367           	warmPlate	1.259573e+03	1.265216e+03	3.711428e-01
367           	OVC	-1.146229e+03	-1.143657e+03	-3.688571e-01
368           	warmPlate	1.259528e+03	1.265171e+03	3.711294e-01
368           	OVC	-1.146272e+03	-1.143700e+03	-3.688709e-01
369           	warmPlate	1.259483e+03	1.265125e+03	3.711162e-01
369           	OVC	-1.146314e+03	-1.143742e+03	-3.688845e-01
370           	warmPlate	1.259439e+03	1.265081e+03	3.711032e-01
370           	OVC	-1.146356e+03	-1.143784e+03	-3.688980e-01
371           	warmPlate	1.259395e+03	1.265037e+03	3.710902e-01
371           	OVC	-1.146398e+03	-1.143825e+03	-3.689114e-01
372           	warmPlate	1.259352e+03	1.264993e+03	3.710775e-01
372           	OVC	-1.146439e+03	-1.143866e+03	-3.689245e-01
373           	warmPlate	1.259309e+03	1.264951e+03	3.710649e-01
373           	OVC	-1.146479e+03	-1.143906e+03	-3.689375e-01
374           	warmPlate	1.259267e+03	1.264908e+03	3.710525e-01
374           	OVC	-1.146519e+03	-1.143946e+03	-3.689504e-01
375           	warmPlate	1.259225e+03	1.264866e+03	3.710402e-01
375           	OVC	-1.146558e+03	-1.143986e+03	-3.689631e-01
376           	warmPlate	1.259184e+03	1.264825e+03	3.710280e-01
376           	OVC	-1.146597e+03	-1.144024e+03	-3.689757e-01
377           	warmPlate	1.259143e+03	1.264784e+03	3.710160e-01
377           	OVC	-1.146636e+03	-1.144063e+03	-3.689881e-01
378           	warmPlate	1.259103e+03	1.264743e+03	3.710041e-01
378           	OVC	-1.146674e+03	-1.144101e+03	-3.690003e-01
379           	warmPlate	1.259063e+03	1.264703e+03	3.709924e-01
379           	OVC	-1.146712e+03	-1.144138e+03	-3.690125e-01
380           	warmPlate	1.259024e+03	1.264664e+03	3.709808e-01
380           	OVC	-1.146749e+03	-1.144176e+03	-3.690244e-01
381           	warmPlate	1.258985e+03	1.264625e+03	3.709694e-01
381           	OVC	-1.146786e+03	-1.144212e+03	-3.690362e-01
382           	warmPlate	1.258946e+03	1.264586e+03	3.709581e-01
382           	OVC	-1.146822e+03	-1.144248e+03	-3.690479e-01
383           	warmPlate	1.258908e+03	1.264548e+03	3.709469e-01
383           	OVC	-1.146858e+03	-1.144284e+03	-3.690595e-01
384           	warmPlate	1.258871e+03	1.264511e+03	3.709358e-01
384           	OVC	-1.146893e+03	-1.144320e+03	-3.690709e-01
385           	warmPlate	1.258834e+03	1.264473e+03	3.709249e-01
385           	OVC	-1.146928e+03	-1.144355e+03	-3.690822e-01
386           	warmPlate	1.258797e+03	1.264437e+03	3.709141e-01
386           	OVC	-1.146963e+03	-1.144389e+03	-3.690933e-01
387           	warmPlate	1.258761e+03	1.264400e+03	3.709035e-01
387           	OVC	-1.146997e+03	-1.144423e+03	-3.691043e-01
388           	warmPlate	1.258725e+03	1.264364e+03	3.708930e-01
388           	OVC	-1.147031e+03	-1.144457e+03	-3.691152e-01
389           	warmPlate	1.258690e+03	1.264329e+03	3.708826e-01
389           	OVC	-1.147064e+03	-1.144490e+03	-3.691259e-01
390           	warmPlate	1.258655e+03	1.264294e+03	3.708723e-01
390           	OVC	-1.147097e+03	-1.144523e+03	-3.691365e-01
391           	warmPlate	1.258621e+03	1.264259e+03	3.708621e-01
391           	OVC	-1.147130e+03	-1.144556e+03	-3.691470e-01
392           	warmPlate	1.258587e+03	1.264225e+03	3.708521e-01
392           	OVC	-1.147162e+03	-1.144588e+03	-3.691574e-01
393           	warmPlate	1.258553e+03	1.264191e+03	3.708422e-01
393           	OVC	-1.147194e+03	-1.144620e+03	-3.691676e-01
394           	warmPlate	1.258520e+03	1.264158e+03	3.708324e-01
394           	OVC	-1.147225e+03	-1.144651e+03	-3.691778e-01
395           	warmPlate	1.258487e+03	1.264125e+03	3.708227e-01
395           	OVC	-1.147256e+03	-1.144682e+03	-3.691878e-01
396           	warmPlate	1.258455e+03	1.264092e+03	3.708132e-01
396           	OVC	-1.147287e+03	-1.144713e+03	-3.691976e-01
397           	warmPlate	1.258423e+03	1.264060e+03	3.708037e-01
397           	OVC	-1.147317e+03	-1.144743e+03	-3.692074e-01
398           	warmPlate	1.258391e+03	1.264028e+03	3.707944e-01
398           	OVC	-1.147347e+03	-1.144773e+03	-3.692171e-01
399           	warmPlate	1.258360e+03	1.263997e+03	3.707851e-01
399           	OVC	-1.147377e+03	-1.144802e+03	-3.692266e-01
400           	warmPlate	1.258329e+03	1.263966e+03	3.707760e-01
400           	OVC	-1.147406e+03	-1.144832e+03	-3.692360e-01
401           	warmPlate	1.258298e+03	1.263935e+03	3.707670e-01
401           	OVC	-1.147435e+03	-1.144860e+03	-3.692453e-01
402           	warmPlate	1.258268e+03	1.263905e+03	3.707581e-01
402           	OVC	-1.147464e+03	-1.144889e+03	-3.692545e-01
403           	warmPlate	1.258238e+03	1.263875e+03	3.707493e-01
403           	OVC	-1.147492e+03	-1.144917e+03	-3.692636e-01
404           	warmPlate	1.258209e+03	1.263845e+03	3.707406e-01
404           	OVC	-1.147520e+03	-1.144945e+03	-3.692726e-01
405           	warmPlate	1.258179e+03	1.263816e+03	3.707321e-01
405           	OVC	-1.147547e+03	-1.144972e+03	-3.692814e-01
406           	warmPlate	1.258151e+03	1.263787e+03	3.707236e-01
406           	OVC	-1.147575e+03	-1.145000e+03	-3.692902e-01
407           	warmPlate	1.258122e+03	1.263758e+03	3.707152e-01
407           	OVC	-1.147602e+03	-1.145026e+03	-3.692989e-01
408           	warmPlate	1.258094e+03	1.263730e+03	3.707069e-01
408           	OVC	-1.147628e+03	-1.145053e+03	-3.693074e-01
409           	warmPlate	1.258066e+03	1.263702e+03	3.706987e-01
409           	OVC	-1.147654e+03	-1.145079e+03	-3.693159e-01
410           	warmPlate	1.258039e+03	1.263675e+03	3.706906e-01
410           	OVC	-1.147680e+03	-1.145105e+03	-3.693242e-01
411           	warmPlate	1.258012e+03	1.263647e+03	3.706827e-01
411           	OVC	-1.147706e+03	-1.145131e+03	-3.693325e-01
412           	warmPlate	1.257985e+03	1.263621e+03	3.706748e-01
412           	OVC	-1.147731e+03	-1.145156e+03	-3.693406e-01
413           	warmPlate	1.257959e+03	1.263594e+03	3.706670e-01
413           	OVC	-1.147756e+03	-1.145181e+03	-3.693487e-01
414           	warmPlate	1.257932e+03	1.263568e+03	3.706593e-01
414           	OVC	-1.147781e+03	-1.145206e+03	-3.693567e-01
415           	warmPlate	1.257907e+03	1.263542e+03	3.706516e-01
415           	OVC	-1.147806e+03	-1.145230e+03	-3.693645e-01
416           	warmPlate	1.257881e+03	1.263516e+03	3.706441e-01
416           	OVC	-1.147830e+03	-1.145254e+03	-3.693723e-01
417           	warmPlate	1.257856e+03	1.263491e+03	3.706367e-01
417           	OVC	-1.147854e+03	-1.145278e+03	-3.693800e-01
418           	warmPlate	1.257831e+03	1.263466e+03	3.706293e-01
418           	OVC	-1.147877e+03	-1.145301e+03	-3.693876e-01
419           	warmPlate	1.257806e+03	1.263441e+03	3.706221e-01
419           	OVC	-1.147900e+03	-1.145325e+03	-3.693951e-01
420           	warmPlate	1.257782e+03	1.263416e+03	3.706149e-01
420           	OVC	-1.147924e+03	-1.145348e+03	-3.694025e-01
421           	warmPlate	1.257758e+03	1.263392e+03	3.706078e-01
421           	OVC	-1.147946e+03	-1.145370e+03	-3.694098e-01
422           	warmPlate	1.257734e+03	1.263368e+03	3.706008e-01
422           	OVC	-1.147969e+03	-1.145393e+03	-3.694171e-01
423           	warmPlate	1.257711e+03	1.263345e+03	3.705939e-01
423           	OVC	-1.147991e+03	-1.145415e+03	-3.694242e-01
424           	warmPlate	1.257687e+03	1.263322e+03	3.705870e-01
424           	OVC	-1.148013e+03	-1.145437e+03	-3.694313e-01
425           	warmPlate	1.257664e+03	1.263298e+03	3.705803e-01
425           	OVC	-1.148035e+03	-1.145459e+03	-3.694383e-01
426           	warmPlate	1.257642e+03	1.263276e+03	3.705736e-01
426           	OVC	-1.148056e+03	-1.145480e+03	-3.694452e-01
427           	warmPlate	1.257619e+03	1.263253e+03	3.705670e-01
427           	OVC	-1.148077e+03	-1.145501e+03	-3.694520e-01
428           	warmPlate	1.257597e+03	1.263231e+03	3.705605e-01
428           	OVC	-1.148098e+03	-1.145522e+03	-3.694587e-01
429           	warmPlate	1.257575e+03	1.263209e+03	3.705541e-01
429           	OVC	-1.148119e+03	-1.145543e+03	-3.694654e-01
430           	warmPlate	1.257554e+03	1.263187e+03	3.705477e-01
430           	OVC	-1.148139e+03	-1.145563e+03	-3.694719e-01
431           	warmPlate	1.257533e+03	1.263166e+03	3.705414e-01
431           	OVC	-1.148159e+03	-1.145583e+03	-3.694784e-01
432           	warmPlate	1.257511e+03	1.263145e+03	3.705352e-01
432           	OVC	-1.148179e+03	-1.145603e+03	-3.694848e-01
433           	warmPlate	1.257491e+03	1.263124e+03	3.705291e-01
433           	OVC	-1.148199e+03	-1.145623e+03	-3.694912e-01
434           	warmPlate	1.257470e+03	1.263103e+03	3.705230e-01
434           	OVC	-1.148219e+03	-1.145642e+03	-3.694974e-01
435           	warmPlate	1.257450e+03	1.263083e+03	3.705170e-01
435           	OVC	-1.148238e+03	-1.145661e+03	-3.695036e-01
436           	warmPlate	1.257430e+03	1.263063e+03	3.705111e-01
436           	OVC	-1.148257e+03	-1.145680e+03	-3.695098e-01
437           	warmPlate	1.257410e+03	1.263043e+03	3.705052e-01
437           	OVC	-1.148276e+03	-1.145699e+03	-3.695158e-01
438           	warmPlate	1.257390e+03	1.263023e+03	3.704995e-01
438           	OVC	-1.148294e+03	-1.145717e+03	-3.695218e-01
439           	warmPlate	1.257371e+03	1.263003e+03	3.704937e-01
439           	OVC	-1.148312e+03	-1.145736e+03	-3.695277e-01
440           	warmPlate	1.257352e+03	1.262984e+03	3.704881e-01
440           	OVC	-1.148331e+03	-1.145754e+03	-3.695335e-01
441           	warmPlate	1.257333e+03	1.262965e+03	3.704825e-01
441           	OVC	-1.148348e+03	-1.145772e+03	-3.695393e-01
442           	warmPlate	1.257314e+03	1.262946e+03	3.704770e-01
442           	OVC	-1.148366e+03	-1.145789e+03	-3.695450e-01
443           	warmPlate	1.257296e+03	1.262928e+03	3.704716e-01
443           	OVC	-1.148384e+03	-1.145807e+03	-3.695506e-01
444           	warmPlate	1.257277e+03	1.262910e+03	3.704662e-01
444           	OVC	-1.148401e+03	-1.145824e+03	-3.695562e-01
445           	warmPlate	1.257259e+03	1.262891e+03	3.704609e-01
445           	OVC	-1.148418e+03	-1.145841e+03	-3.695616e-01
446           	warmPlate	1.257241e+03	1.262873e+03	3.704556e-01
446           	OVC	-1.148435e+03	-1.145858e+03	-3.695671e-01
447           	warmPlate	1.257224e+03	1.262856e+03	3.704504e-01
447           	OVC	-1.148451e+03	-1.145875e+03	-3.695724e-01
448           	warmPlate	1.257206e+03	1.262838e+03	3.704453e-01
448           	OVC	-1.148468e+03	-1.145891e+03	-3.695777e-01
449           	warmPlate	1.257189e+03	1.262821e+03	3.704402e-01
449           	OVC	-1.148484e+03	-1.145907e+03	-3.695830e-01
450           	warmPlate	1.257172e+03	1.262804e+03	3.704352e-01
450           	OVC	-1.148500e+03	-1.145923e+03	-3.695881e-01
451           	warmPlate	1.257155e+03	1.262787e+03	3.704303e-01
451           	OVC	-1.148516e+03	-1.145939e+03	-3.695933e-01
452           	warmPlate	1.257139e+03	1.262770e+03	3.704254e-01
452           	OVC	-1.148532e+03	-1.145955e+03	-3.695983e-01
453           	warmPlate	1.257122e+03	1.262754e+03	3.704206e-01
453           	OVC	-1.148547e+03	-1.145970e+03	-3.696033e-01
454           	warmPlate	1.257106e+03	1.262738e+03	3.704158e-01
454           	OVC	-1.148563e+03	-1.145985e+03	-3.696082e-01
455           	warmPlate	1.257090e+03	1.262722e+03	3.704111e-01
455           	OVC	-1.148578e+03	-1.146001e+03	-3.696131e-01
456           	warmPlate	1.257074e+03	1.262706e+03	3.704064e-01
456           	OVC	-1.148593e+03	-1.146015e+03	-3.696179e-01
457           	warmPlate	1.257059e+03	1.262690e+03	3.704018e-01
457           	OVC	-1.148608e+03	-1.146030e+03	-3.696227e-01
458           	warmPlate	1.257043e+03	1.262675e+03	3.703973e-01
458           	OVC	-1.148622e+03	-1.146045e+03	-3.696274e-01
459           	warmPlate	1.257028e+03	1.262659e+03	3.703928e-01
459           	OVC	-1.148637e+03	-1.146059e+03	-3.696320e-01
460           	warmPlate	1.257013e+03	1.262644e+03	3.703883e-01
460           	OVC	-1.148651e+03	-1.146073e+03	-3.696366e-01
461           	warmPlate	1.256998e+03	1.262629e+03	3.703839e-01
461           	OVC	-1.148665e+03	-1.146087e+03	-3.696411e-01
462           	warmPlate	1.256983e+03	1.262614e+03	3.703796e-01
462           	OVC	-1.148679e+03	-1.146101e+03	-3.696456e-01
463           	warmPlate	1.256969e+03	1.262600e+03	3.703753e-01
463           	OVC	-1.148693e+03	-1.146115e+03	-3.696500e-01
464           	warmPlate	1.256955e+03	1.262585e+03	3.703711e-01
464           	OVC	-1.148706e+03	-1.146129e+03	-3.696544e-01
465           	warmPlate	1.256940e+03	1.262571e+03	3.703669e-01
465           	OVC	-1.148720e+03	-1.146142e+03	-3.696587e-01
466           	warmPlate	1.256926e+03	1.262557e+03	3.703628e-01
466           	OVC	-1.148733e+03	-1.146155e+03	-3.696630e-01
467           	warmPlate	1.256912e+03	1.262543e+03	3.703587e-01
467           	OVC	-1.148746e+03	-1.146168e+03	-3.696672e-01
468           	warmPlate	1.256899e+03	1.262529e+03	3.703547e-01
468           	OVC	-1.148759e+03	-1.146181e+03	-3.696714e-01
469           	warmPlate	1.256885e+03	1.262516e+03	3.703507e-01
469           	OVC	-1.148772e+03	-1.146194e+03	-3.696755e-01
470           	warmPlate	1.256872e+03	1.262502e+03	3.703467e-01
470           	OVC	-1.148784e+03	-1.146207e+03	-3.696796e-01
471           	warmPlate	1.256859e+03	1.262489e+03	3.703428e-01
471           	OVC	-1.148797e+03	-1.146219e+03	-3.696836e-01
472           	warmPlate	1.256846e+03	1.262476e+03	3.703390e-01
472           	OVC	-1.148809e+03	-1.146231e+03	-3.696876e-01
473           	warmPlate	1.256833e+03	1.262463e+03	3.703352e-01
473           	OVC	-1.148821e+03	-1.146244e+03	-3.696915e-01
474           	warmPlate	1.256820e+03	1.262450e+03	3.703314e-01
474           	OVC	-1.148833e+03	-1.146256e+03	-3.696954e-01
475           	warmPlate	1.256807e+03	1.262437e+03	3.703277e-01
475           	OVC	-1.148845e+03	-1.146268e+03	-3.696992e-01
476           	warmPlate	1.256795e+03	1.262425e+03	3.703241e-01
476           	OVC	-1.148857e+03	-1.146279e+03	-3.697030e-01
477           	warmPlate	1.256783e+03	1.262413e+03	3.703204e-01
477           	OVC	-1.148869e+03	-1.146291e+03	-3.697068e-01
478           	warmPlate	1.256771e+03	1.262400e+03	3.703169e-01
478           	OVC	-1.148880e+03	-1.146302e+03	-3.697105e-01
479           	warmPlate	1.256759e+03	1.262388e+03	3.703133e-01
479           	OVC	-1.148892e+03	-1.146314e+03	-3.697141e-01
480           	warmPlate	1.256747e+03	1.262376e+03	3.703098e-01
480           	OVC	-1.148903e+03	-1.146325e+03	-3.697177e-01
481           	warmPlate	1.256735e+03	1.262365e+03	3.703064e-01
481           	OVC	-1.148914e+03	-1.146336e+03	-3.697213e-01
482           	warmPlate	1.256723e+03	1.262353e+03	3.703030e-01
482           	OVC	-1.148925e+03	-1.146347e+03	-3.697248e-01
483           	warmPlate	1.256712e+03	1.262342e+03	3.702996e-01
483           	OVC	-1.148936e+03	-1.146358e+03	-3.697283e-01
484           	warmPlate	1.256701e+03	1.262330e+03	3.702963e-01
484           	OVC	-1.148946e+03	-1.146368e+03	-3.697317e-01
485           	warmPlate	1.256689e+03	1.262319e+03	3.702930e-01
485           	OVC	-1.148957e+03	-1.146379e+03	-3.697351e-01
486           	warmPlate	1.256678e+03	1.262308e+03	3.702897e-01
486           	OVC	-1.148967e+03	-1.146389e+03	-3.697385e-01
487           	warmPlate	1.256668e+03	1.262297e+03	3.702865e-01
487           	OVC	-1.148978e+03	-1.146400e+03	-3.697418e-01
488           	warmPlate	1.256657e+03	1.262286e+03	3.702833e-01
488           	OVC	-1.148988e+03	-1.146410e+03	-3.697451e-01
489           	warmPlate	1.256646e+03	1.262275e+03	3.702802e-01
489           	OVC	-1.148998e+03	-1.146420e+03	-3.697483e-01
490           	warmPlate	1.256636e+03	1.262265e+03	3.702771e-01
490           	OVC	-1.149008e+03	-1.146430e+03	-3.697515e-01
491           	warmPlate	1.256625e+03	1.262254e+03	3.702740e-01
491           	OVC	-1.149018e+03	-1.146440e+03	-3.697547e-01
492           	warmPlate	1.256615e+03	1.262244e+03	3.702710e-01
492           	OVC	-1.149027e+03	-1.146449e+03	-3.697578e-01
493           	warmPlate	1.256605e+03	1.262234e+03	3.702680e-01
493           	OVC	-1.149037e+03	-1.146459e+03	-3.697609e-01
494           	warmPlate	1.256595e+03	1.262224e+03	3.702651e-01
494           	OVC	-1.149047e+03	-1.146468e+03	-3.697640e-01
495           	warmPlate	1.256585e+03	1.262214e+03	3.702621e-01
495           	OVC	-1.149056e+03	-1.146478e+03	-3.697670e-01
496           	warmPlate	1.256575e+03	1.262204e+03	3.702592e-01
496           	OVC	-1.149065e+03	-1.146487e+03	-3.697700e-01
497           	warmPlate	1.256565e+03	1.262194e+03	3.702564e-01
497           	OVC	-1.149074e+03	-1.146496e+03	-3.697729e-01
498           	warmPlate	1.256556e+03	1.262185e+03	3.702536e-01
498           	OVC	-1.149083e+03	-1.146505e+03	-3.697758e-01
499           	warmPlate	1.256546e+03	1.262175e+03	3.702508e-01
499           	OVC	-1.149092e+03	-1.146514e+03	-3.697787e-01
500           	warmPlate	1.256537e+03	1.262166e+03	3.702480e-01
500           	OVC	-1.149101e+03	-1.146523e+03	-3.697815e-01
501           	warmPlate	1.256528e+03	1.262157e+03	3.702453e-01
501           	OVC	-1.149110e+03	-1.146531e+03	-3.697843e-01
502           	warmPlate	1.256519e+03	1.262147e+03	3.702426e-01
502           	OVC	-1.149118e+03	-1.146540e+03	-3.697871e-01
503           	warmPlate	1.256510e+03	1.262138e+03	3.702400e-01
503           	OVC	-1.149127e+03	-1.146549e+03	-3.697899e-01
504           	warmPlate	1.256501e+03	1.262129e+03	3.702374e-01
504           	OVC	-1.149135e+03	-1.146557e+03	-3.697926e-01
505           	warmPlate	1.256492e+03	1.262121e+03	3.702348e-01
505           	OVC	-1.149144e+03	-1.146565e+03	-3.697952e-01
506           	warmPlate	1.256483e+03	1.262112e+03	3.702322e-01
506           	OVC	-1.149152e+03	-1.146573e+03	-3.697979e-01
507           	warmPlate	1.256475e+03	1.262103e+03	3.702297e-01
507           	OVC	-1.149160e+03	-1.146582e+03	-3.698005e-01
508           	warmPlate	1.256466e+03	1.262095e+03	3.702272e-01
508           	OVC	-1.149168e+03	-1.146590e+03	-3.698031e-01
509           	warmPlate	1.256458e+03	1.262086e+03	3.702247e-01
509           	OVC	-1.149176e+03	-1.146597e+03	-3.698056e-01
510           	warmPlate	1.256450e+03	1.262078e+03	3.702223e-01
510           	OVC	-1.149184e+03	-1.146605e+03	-3.698082e-01
511           	warmPlate	1.256441e+03	1.262070e+03	3.702199e-01
511           	OVC	-1.149192e+03	-1.146613e+03	-3.698106e-01
512           	warmPlate	1.256433e+03	1.262062e+03	3.702175e-01
512           	OVC	-1.149199e+03	-1.146621e+03	-3.698131e-01
513           	warmPlate	1.256425e+03	1.262054e+03	3.702151e-01
513           	OVC	-1.149207e+03	-1.146628e+03	-3.698155e-01
514           	warmPlate	1.256418e+03	1.262046e+03	3.702128e-01
514           	OVC	-1.149214e+03	-1.146636e+03	-3.698179e-01
515           	warmPlate	1.256410e+03	1.262038e+03	3.702105e-01
515           	OVC	-1.149222e+03	-1.146643e+03	-3.698203e-01
516           	warmPlate	1.256402e+03	1.262030e+03	3.702083e-01
516           	OVC	-1.149229e+03	-1.146650e+03	-3.698227e-01
517           	warmPlate	1.256394e+03	1.262023e+03	3.702060e-01
517           	OVC	-1.149236e+03	-1.146657e+03	-3.698250e-01
518           	warmPlate	1.256387e+03	1.262015e+03	3.702038e-01
518           	OVC	-1.149243e+03	-1.146665e+03	-3.698273e-01
519           	warmPlate	1.256379e+03	1.262008e+03	3.702016e-01
519           	OVC	-1.149250e+03	-1.146672e+03	-3.698295e-01
520           	warmPlate	1.256372e+03	1.262000e+03	3.701994e-01
520           	OVC	-1.149257e+03	-1.146678e+03	-3.698318e-01
521           	warmPlate	1.256365e+03	1.261993e+03	3.701973e-01
521           	OVC	-1.149264e+03	-1.146685e+03	-3.698340e-01
522           	warmPlate	1.256358e+03	1.261986e+03	3.701952e-01
522           	OVC	-1.149271e+03	-1.146692e+03	-3.698362e-01
523           	warmPlate	1.256351e+03	1.261979e+03	3.701931e-01
523           	OVC	-1.149277e+03	-1.146699e+03	-3.698383e-01
524           	warmPlate	1.256344e+03	1.261972e+03	3.701910e-01
524           	OVC	-1.149284e+03	-1.146705e+03	-3.698404e-01
525           	warmPlate	1.256337e+03	1.261965e+03	3.701890e-01
525           	OVC	-1.149291e+03	-1.146712e+03	-3.698425e-01
526           	warmPlate	1.256330e+03	1.261958e+03	3.701870e-01
526           	OVC	-1.149297e+03	-1.146718e+03	-3.698446e-01
527           	warmPlate	1.256323e+03	1.261951e+03	3.701850e-01
527           	OVC	-1.149303e+03	-1.146725e+03	-3.698467e-01
528           	warmPlate	1.256316e+03	1.261944e+03	3.701830e-01
528           	OVC	-1.149310e+03	-1.146731e+03	-3.698487e-01
529           	warmPlate	1.256310e+03	1.261938e+03	3.701811e-01
529           	OVC	-1.149316e+03	-1.146737e+03	-3.698507e-01
530           	warmPlate	1.256303e+03	1.261931e+03	3.701792e-01
530           	OVC	-1.149322e+03	-1.146743e+03	-3.698527e-01
531           	warmPlate	1.256297e+03	1.261925e+03	3.701773e-01
531           	OVC	-1.149328e+03	-1.146749e+03	-3.698547e-01
532           	warmPlate	1.256291e+03	1.261918e+03	3.701754e-01
532           	OVC	-1.149334e+03	-1.146755e+03	-3.698566e-01
533           	warmPlate	1.256284e+03	1.261912e+03	3.701735e-01
533           	OVC	-1.149340e+03	-1.146761e+03	-3.698585e-01
534           	warmPlate	1.256278e+03	1.261906e+03	3.701717e-01
534           	OVC	-1.149346e+03	-1.146767e+03	-3.698604e-01
535           	warmPlate	1.256272e+03	1.261899e+03	3.701699e-01
535           	OVC	-1.149352e+03	-1.146773e+03	-3.698623e-01
536           	warmPlate	1.256266e+03	1.261893e+03	3.701681e-01
536           	OVC	-1.149358e+03	-1.146779e+03	-3.698641e-01
537           	warmPlate	1.256260e+03	1.261887e+03	3.701664e-01
537           	OVC	-1.149363e+03	-1.146784e+03	-3.698659e-01
538           	warmPlate	1.256254e+03	1.261881e+03	3.701646e-01
538           	OVC	-1.149369e+03	-1.146790e+03	-3.698677e-01
539           	warmPlate	1.256248e+03	1.261876e+03	3.701629e-01
539           	OVC	-1.149374e+03	-1.146796e+03	-3.698695e-01
540           	warmPlate	1.256242e+03	1.261870e+03	3.701612e-01
540           	OVC	-1.149380e+03	-1.146801e+03	-3.698713e-01
541           	warmPlate	1.256237e+03	1.261864e+03	3.701595e-01
541           	OVC	-1.149385e+03	-1.146806e+03	-3.698730e-01
542           	warmPlate	1.256231e+03	1.261858e+03	3.701578e-01
542           	OVC	-1.149391e+03	-1.146812e+03	-3.698747e-01
543           	warmPlate	1.256225e+03	1.261853e+03	3.701562e-01
543           	OVC	-1.149396e+03	-1.146817e+03	-3.698764e-01
544           	warmPlate	1.256220e+03	1.261847e+03	3.701546e-01
544           	OVC	-1.149401e+03	-1.146822e+03	-3.698781e-01
545           	warmPlate	1.256214e+03	1.261842e+03	3.701530e-01
545           	OVC	-1.149406e+03	-1.146827e+03	-3.698798e-01
546           	warmPlate	1.256209e+03	1.261836e+03	3.701514e-01
546           	OVC	-1.149411e+03	-1.146832e+03	-3.698814e-01
547           	warmPlate	1.256204e+03	1.261831e+03	3.701498e-01
547           	OVC	-1.149416e+03	-1.146837e+03	-3.698830e-01
548           	warmPlate	1.256199e+03	1.261826e+03	3.701483e-01
548           	OVC	-1.149421e+03	-1.146842e+03	-3.698846e-01
549           	warmPlate	1.256193e+03	1.261821e+03	3.701468e-01
549           	OVC	-1.149426e+03	-1.146847e+03	-3.698862e-01
550           	warmPlate	1.256188e+03	1.261815e+03	3.701452e-01
550           	OVC	-1.149431e+03	-1.146852e+03	-3.698878e-01
551           	warmPlate	1.256183e+03	1.261810e+03	3.701438e-01
551           	OVC	-1.149436e+03	-1.146857e+03	-3.698893e-01
552           	warmPlate	1.256178e+03	1.261805e+03	3.701423e-01
552           	OVC	-1.149441e+03	-1.146862e+03	-3.698908e-01
553           	warmPlate	1.256173e+03	1.261800e+03	3.701408e-01
553           	OVC	-1.149445e+03	-1.146866e+03	-3.698923e-01
554           	warmPlate	1.256168e+03	1.261795e+03	3.701394e-01
554           	OVC	-1.149450e+03	-1.146871e+03	-3.698938e-01
555           	warmPlate	1.256163e+03	1.261791e+03	3.701380e-01
555           	OVC	-1.149454e+03	-1.146875e+03	-3.698953e-01
556           	warmPlate	1.256159e+03	1.261786e+03	3.701366e-01
556           	OVC	-1.149459e+03	-1.146880e+03	-3.698967e-01
557           	warmPlate	1.256154e+03	1.261781e+03	3.701352e-01
557           	OVC	-1.149463e+03	-1.146884e+03	-3.698982e-01
558           	warmPlate	1.256149e+03	1.261776e+03	3.701338e-01
558           	OVC	-1.149468e+03	-1.146889e+03	-3.698996e-01
559           	warmPlate	1.256145e+03	1.261772e+03	3.701324e-01
559           	OVC	-1.149472e+03	-1.146893e+03	-3.699010e-01
560           	warmPlate	1.256140e+03	1.261767e+03	3.701311e-01
560           	OVC	-1.149477e+03	-1.146897e+03	-3.699024e-01
561           	warmPlate	1.256136e+03	1.261763e+03	3.701298e-01
561           	OVC	-1.149481e+03	-1.146902e+03	-3.699037e-01
562           	warmPlate	1.256131e+03	1.261758e+03	3.701285e-01
562           	OVC	-1.149485e+03	-1.146906e+03	-3.699051e-01
563           	warmPlate	1.256127e+03	1.261754e+03	3.701272e-01
563           	OVC	-1.149489e+03	-1.146910e+03	-3.699064e-01
564           	warmPlate	1.256123e+03	1.261749e+03	3.701259e-01
564           	OVC	-1.149493e+03	-1.146914e+03	-3.699077e-01
565           	warmPlate	1.256118e+03	1.261745e+03	3.701246e-01
565           	OVC	-1.149497e+03	-1.146918e+03	-3.699090e-01
566           	warmPlate	1.256114e+03	1.261741e+03	3.701234e-01
566           	OVC	-1.149501e+03	-1.146922e+03	-3.699103e-01
567           	warmPlate	1.256110e+03	1.261737e+03	3.701222e-01
567           	OVC	-1.149505e+03	-1.146926e+03	-3.699116e-01
568           	warmPlate	1.256106e+03	1.261733e+03	3.701209e-01
568           	OVC	-1.149509e+03	-1.146930e+03	-3.699129e-01
569           	warmPlate	1.256102e+03	1.261728e+03	3.701197e-01
569           	OVC	-1.149513e+03	-1.146934e+03	-3.699141e-01
570           	warmPlate	1.256098e+03	1.261724e+03	3.701185e-01
570           	OVC	-1.149517e+03	-1.146938e+03	-3.699153e-01
571           	warmPlate	1.256094e+03	1.261720e+03	3.701174e-01
571           	OVC	-1.149521e+03	-1.146941e+03	-3.699165e-01
572           	warmPlate	1.256090e+03	1.261716e+03	3.701162e-01
572           	OVC	-1.149524e+03	-1.146945e+03	-3.699177e-01
573           	warmPlate	1.256086e+03	1.261713e+03	3.701151e-01
573           	OVC	-1.149528e+03	-1.146949e+03	-3.699189e-01
574           	warmPlate	1.256082e+03	1.261709e+03	3.701139e-01
574           	OVC	-1.149532e+03	-1.146952e+03	-3.699201e-01
575           	warmPlate	1.256078e+03	1.261705e+03	3.701128e-01
575           	OVC	-1.149535e+03	-1.146956e+03	-3.699213e-01
576           	warmPlate	1.256074e+03	1.261701e+03	3.701117e-01
576           	OVC	-1.149539e+03	-1.146959e+03	-3.699224e-01
577           	warmPlate	1.256071e+03	1.261697e+03	3.701106e-01
577           	OVC	-1.149542e+03	-1.146963e+03	-3.699235e-01
578           	warmPlate	1.256067e+03	1.261694e+03	3.701095e-01
578           	OVC	-1.149546e+03	-1.146966e+03	-3.699246e-01
579           	warmPlate	1.256063e+03	1.261690e+03	3.701085e-01
579           	OVC	-1.149549e+03	-1.146970e+03	-3.699257e-01
580           	warmPlate	1.256060e+03	1.261686e+03	3.701074e-01
580           	OVC	-1.149553e+03	-1.146973e+03	-3.699268e-01
581           	warmPlate	1.256056e+03	1.261683e+03	3.701064e-01
581           	OVC	-1.149556e+03	-1.146977e+03	-3.699279e-01
582           	warmPlate	1.256053e+03	1.261679e+03	3.701053e-01
582           	OVC	-1.149559e+03	-1.146980e+03	-3.699290e-01
583           	warmPlate	1.256049e+03	1.261676e+03	3.701043e-01
583           	OVC	-1.149562e+03	-1.146983e+03	-3.699300e-01
584           	warmPlate	1.256046e+03	1.261672e+03	3.701033e-01
584           	OVC	-1.149566e+03	-1.146986e+03	-3.699311e-01
585           	warmPlate	1.256043e+03	1.261669e+03	3.701023e-01
585           	OVC	-1.149569e+03	-1.146989e+03	-3.699321e-01
586           	warmPlate	1.256039e+03	1.261666e+03	3.701013e-01
586           	OVC	-1.149572e+03	-1.146993e+03	-3.699331e-01
587           	warmPlate	1.256036e+03	1.261662e+03	3.701004e-01
587           	OVC	-1.149575e+03	-1.146996e+03	-3.699341e-01
588           	warmPlate	1.256033e+03	1.261659e+03	3.700994e-01
588           	OVC	-1.149578e+03	-1.146999e+03	-3.699351e-01
589           	warmPlate	1.256030e+03	1.261656e+03	3.700985e-01
589           	OVC	-1.149581e+03	-1.147002e+03	-3.699361e-01
590           	warmPlate	1.256026e+03	1.261653e+03	3.700975e-01
590           	OVC	-1.149584e+03	-1.147005e+03	-3.699370e-01
591           	warmPlate	1.256023e+03	1.261650e+03	3.700966e-01
591           	OVC	-1.149587e+03	-1.147008e+03	-3.699380e-01
592           	warmPlate	1.256020e+03	1.261647e+03	3.700957e-01
592           	OVC	-1.149590e+03	-1.147011e+03	-3.699389e-01
593           	warmPlate	1.256017e+03	1.261643e+03	3.700948e-01
593           	OVC	-1.149593e+03	-1.147014e+03	-3.699399e-01
594           	warmPlate	1.256014e+03	1.261640e+03	3.700939e-01
594           	OVC	-1.149596e+03	-1.147016e+03	-3.699408e-01
595           	warmPlate	1.256011e+03	1.261637e+03	3.700930e-01
595           	OVC	-1.149599e+03	-1.147019e+03	-3.699417e-01
596           	warmPlate	1.256008e+03	1.261634e+03	3.700922e-01
596           	OVC	-1.149601e+03	-1.147022e+03	-3.699426e-01
597           	warmPlate	1.256005e+03	1.261632e+03	3.700913e-01
597           	OVC	-1.149604e+03	-1.147025e+03	-3.699435e-01
598           	warmPlate	1.256002e+03	1.261629e+03	3.700905e-01
598           	OVC	-1.149607e+03	-1.147028e+03	-3.699444e-01
599           	warmPlate	1.255999e+03	1.261626e+03	3.700896e-01
599           	OVC	-1.149610e+03	-1.147030e+03	-3.699452e-01
600           	warmPlate	1.255997e+03	1.261623e+03	3.700888e-01
600           	OVC	-1.149612e+03	-1.147033e+03	-3.699461e-01
601           	warmPlate	1.255994e+03	1.261620e+03	3.700880e-01
601           	OVC	-1.149615e+03	-1.147036e+03	-3.699469e-01
602           	warmPlate	1.255991e+03	1.261617e+03	3.700872e-01
602           	OVC	-1.149618e+03	-1.147038e+03	-3.699478e-01
603           	warmPlate	1.255988e+03	1.261615e+03	3.700864e-01
603           	OVC	-1.149620e+03	-1.147041e+03	-3.699486e-01
604           	warmPlate	1.255986e+03	1.261612e+03	3.700856e-01
604           	OVC	-1.149623e+03	-1.147043e+03	-3.699494e-01
605           	warmPlate	1.255983e+03	1.261609e+03	3.700848e-01
605           	OVC	-1.149625e+03	-1.147046e+03	-3.699502e-01
606           	warmPlate	1.255980e+03	1.261607e+03	3.700840e-01
606           	OVC	-1.149628e+03	-1.147048e+03	-3.699510e-01
607           	warmPlate	1.255978e+03	1.261604e+03	3.700832e-01
607           	OVC	-1.149630e+03	-1.147051e+03	-3.699518e-01
608           	warmPlate	1.255975e+03	1.261601e+03	3.700825e-01
608           	OVC	-1.149632e+03	-1.147053e+03	-3.699526e-01
609           	warmPlate	1.255973e+03	1.261599e+03	3.700817e-01
609           	OVC	-1.149635e+03	-1.147055e+03	-3.699534e-01
610           	warmPlate	1.255970e+03	1.261596e+03	3.700810e-01
610           	OVC	-1.149637e+03	-1.147058e+03	-3.699541e-01
611           	warmPlate	1.255968e+03	1.261594e+03	3.700803e-01
611           	OVC	-1.149640e+03	-1.147060e+03	-3.699549e-01
612           	warmPlate	1.255965e+03	1.261592e+03	3.700796e-01
612           	OVC	-1.149642e+03	-1.147062e+03	-3.699556e-01
613           	warmPlate	1.255963e+03	1.261589e+03	3.700789e-01
613           	OVC	-1.149644e+03	-1.147065e+03	-3.699563e-01
614           	warmPlate	1.255961e+03	1.261587e+03	3.700782e-01
614           	OVC	-1.149646e+03	-1.147067e+03	-3.699571e-01
615           	warmPlate	1.255958e+03	1.261584e+03	3.700775e-01
615           	OVC	-1.149649e+03	-1.147069e+03	-3.699578e-01
616           	warmPlate	1.255956e+03	1.261582e+03	3.700768e-01
616           	OVC	-1.149651e+03	-1.147071e+03	-3.699585e-01
617           	warmPlate	1.255954e+03	1.261580e+03	3.700761e-01
617           	OVC	-1.149653e+03	-1.147073e+03	-3.699592e-01
618           	warmPlate	1.255951e+03	1.261577e+03	3.700754e-01
618           	OVC	-1.149655e+03	-1.147076e+03	-3.699599e-01
619           	warmPlate	1.255949e+03	1.261575e+03	3.700748e-01
619           	OVC	-1.149657e+03	-1.147078e+03	-3.699606e-01
620           	warmPlate	1.255947e+03	1.261573e+03	3.700741e-01
620           	OVC	-1.149659e+03	-1.147080e+03	-3.699612e-01
621           	warmPlate	1.255945e+03	1.261571e+03	3.700735e-01
621           	OVC	-1.149661e+03	-1.147082e+03	-3.699619e-01
622           	warmPlate	1.255943e+03	1.261569e+03	3.700728e-01
622           	OVC	-1.149663e+03	-1.147084e+03	-3.699626e-01
623           	warmPlate	1.255940e+03	1.261566e+03	3.700722e-01
623           	OVC	-1.149665e+03	-1.147086e+03	-3.699632e-01
624           	warmPlate	1.255938e+03	1.261564e+03	3.700716e-01
624           	OVC	-1.149667e+03	-1.147088e+03	-3.699638e-01
625           	warmPlate	1.255936e+03	1.261562e+03	3.700710e-01
625           	OVC	-1.149669e+03	-1.147090e+03	-3.699645e-01
626           	warmPlate	1.255934e+03	1.261560e+03	3.700704e-01
626           	OVC	-1.149671e+03	-1.147092e+03	-3.699651e-01
627           	warmPlate	1.255932e+03	1.261558e+03	3.700698e-01
627           	OVC	-1.149673e+03	-1.147094e+03	-3.699657e-01
628           	warmPlate	1.255930e+03	1.261556e+03	3.700692e-01
628           	OVC	-1.149675e+03	-1.147096e+03	-3.699663e-01
629           	warmPlate	1.255928e+03	1.261554e+03	3.700686e-01
629           	OVC	-1.149677e+03	-1.147098e+03	-3.699669e-01
630           	warmPlate	1.255926e+03	1.261552e+03	3.700680e-01
630           	OVC	-1.149679e+03	-1.147099e+03	-3.699675e-01
631           	warmPlate	1.255924e+03	1.261550e+03	3.700674e-01
631           	OVC	-1.149681e+03	-1.147101e+03	-3.699681e-01
632           	warmPlate	1.255922e+03	1.261548e+03	3.700669e-01
632           	OVC	-1.149683e+03	-1.147103e+03	-3.699687e-01
633           	warmPlate	1.255920e+03	1.261546e+03	3.700663e-01
633           	OVC	-1.149684e+03	-1.147105e+03	-3.699693e-01
634           	warmPlate	1.255919e+03	1.261544e+03	3.700658e-01
634           	OVC	-1.149686e+03	-1.147107e+03	-3.699699e-01
635           	warmPlate	1.255917e+03	1.261543e+03	3.700652e-01
635           	OVC	-1.149688e+03	-1.147108e+03	-3.699704e-01
636           	warmPlate	1.255915e+03	1.261541e+03	3.700647e-01
636           	OVC	-1.149690e+03	-1.147110e+03	-3.699710e-01
637           	warmPlate	1.255913e+03	1.261539e+03	3.700641e-01
637           	OVC	-1.149691e+03	-1.147112e+03	-3.699715e-01
638           	warmPlate	1.255911e+03	1.261537e+03	3.700636e-01
638           	OVC	-1.149693e+03	-1.147113e+03	-3.699721e-01
639           	warmPlate	1.255909e+03	1.261535e+03	3.700631e-01
639           	OVC	-1.149695e+03	-1.147115e+03	-3.699726e-01
640           	warmPlate	1.255908e+03	1.261534e+03	3.700626e-01
640           	OVC	-1.149696e+03	-1.147117e+03	-3.699731e-01
641           	warmPlate	1.255906e+03	1.261532e+03	3.700621e-01
641           	OVC	-1.149698e+03	-1.147118e+03	-3.699737e-01
642           	warmPlate	1.255904e+03	1.261530e+03	3.700616e-01
642           	OVC	-1.149700e+03	-1.147120e+03	-3.699742e-01
643           	warmPlate	1.255903e+03	1.261528e+03	3.700611e-01
643           	OVC	-1.149701e+03	-1.147122e+03	-3.699747e-01
644           	warmPlate	1.255901e+03	1.261527e+03	3.700606e-01
644           	OVC	-1.149703e+03	-1.147123e+03	-3.699752e-01
645           	warmPlate	1.255899e+03	1.261525e+03	3.700601e-01
645           	OVC	-1.149704e+03	-1.147125e+03	-3.699757e-01
646           	warmPlate	1.255898e+03	1.261524e+03	3.700596e-01
646           	OVC	-1.149706e+03	-1.147126e+03	-3.699762e-01
647           	warmPlate	1.255896e+03	1.261522e+03	3.700592e-01
647           	OVC	-1.149707e+03	-1.147128e+03	-3.699767e-01
648           	warmPlate	1.255895e+03	1.261520e+03	3.700587e-01
648           	OVC	-1.149709e+03	-1.147129e+03	-3.699772e-01
649           	warmPlate	1.255893e+03	1.261519e+03	3.700582e-01
649           	OVC	-1.149710e+03	-1.147131e+03	-3.699776e-01
650           	warmPlate	1.255891e+03	1.261517e+03	3.700578e-01
650           	OVC	-1.149712e+03	-1.147132e+03	-3.699781e-01
651           	warmPlate	1.255890e+03	1.261516e+03	3.700573e-01
651           	OVC	-1.149713e+03	-1.147134e+03	-3.699786e-01
652           	warmPlate	1.255888e+03	1.261514e+03	3.700569e-01
652           	OVC	-1.149715e+03	-1.147135e+03	-3.699790e-01
653           	warmPlate	1.255887e+03	1.261513e+03	3.700564e-01
653           	OVC	-1.149716e+03	-1.147136e+03	-3.699795e-01
654           	warmPlate	1.255885e+03	1.261511e+03	3.700560e-01
654           	OVC	-1.149717e+03	-1.147138e+03	-3.699799e-01
655           	warmPlate	1.255884e+03	1.261510e+03	3.700556e-01
655           	OVC	-1.149719e+03	-1.147139e+03	-3.699804e-01
656           	warmPlate	1.255883e+03	1.261508e+03	3.700552e-01
656           	OVC	-1.149720e+03	-1.147141e+03	-3.699808e-01
657           	warmPlate	1.255881e+03	1.261507e+03	3.700547e-01
657           	OVC	-1.149722e+03	-1.147142e+03	-3.699813e-01
658           	warmPlate	1.255880e+03	1.261505e+03	3.700543e-01
658           	OVC	-1.149723e+03	-1.147143e+03	-3.699817e-01
659           	warmPlate	1.255878e+03	1.261504e+03	3.700539e-01
659           	OVC	-1.149724e+03	-1.147145e+03	-3.699821e-01
660           	warmPlate	1.255877e+03	1.261503e+03	3.700535e-01
660           	OVC	-1.149726e+03	-1.147146e+03	-3.699825e-01
661           	warmPlate	1.255876e+03	1.261501e+03	3.700531e-01
661           	OVC	-1.149727e+03	-1.147147e+03	-3.699829e-01
662           	warmPlate	1.255874e+03	1.261500e+03	3.700527e-01
662           	OVC	-1.149728e+03	-1.147148e+03	-3.699833e-01
663           	warmPlate	1.255873e+03	1.261499e+03	3.700523e-01
663           	OVC	-1.149729e+03	-1.147150e+03	-3.699837e-01
664           	warmPlate	1.255872e+03	1.261497e+03	3.700519e-01
664           	OVC	-1.149731e+03	-1.147151e+03	-3.699841e-01
665           	warmPlate	1.255870e+03	1.261496e+03	3.700516e-01
665           	OVC	-1.149732e+03	-1.147152e+03	-3.699845e-01
666           	warmPlate	1.255869e+03	1.261495e+03	3.700512e-01
666           	OVC	-1.149733e+03	-1.147153e+03	-3.699849e-01
667           	warmPlate	1.255868e+03	1.261493e+03	3.700508e-01
667           	OVC	-1.149734e+03	-1.147154e+03	-3.699853e-01
668           	warmPlate	1.255867e+03	1.261492e+03	3.700504e-01
668           	OVC	-1.149735e+03	-1.147156e+03	-3.699857e-01
669           	warmPlate	1.255865e+03	1.261491e+03	3.700501e-01
669           	OVC	-1.149736e+03	-1.147157e+03	-3.699861e-01
670           	warmPlate	1.255864e+03	1.261490e+03	3.700497e-01
670           	OVC	-1.149738e+03	-1.147158e+03	-3.699864e-01
671           	warmPlate	1.255863e+03	1.261489e+03	3.700494e-01
671           	OVC	-1.149739e+03	-1.147159e+03	-3.699868e-01
672           	warmPlate	1.255862e+03	1.261487e+03	3.700490e-01
672           	OVC	-1.149740e+03	-1.147160e+03	-3.699872e-01
673           	warmPlate	1.255861e+03	1.261486e+03	3.700487e-01
673           	OVC	-1.149741e+03	-1.147161e+03	-3.699875e-01
674           	warmPlate	1.255859e+03	1.261485e+03	3.700483e-01
674           	OVC	-1.149742e+03	-1.147162e+03	-3.699879e-01
675           	warmPlate	1.255858e+03	1.261484e+03	3.700480e-01
675           	OVC	-1.149743e+03	-1.147163e+03	-3.699882e-01
676           	warmPlate	1.255857e+03	1.261483e+03	3.700477e-01
676           	OVC	-1.149744e+03	-1.147165e+03	-3.699886e-01
677           	warmPlate	1.255856e+03	1.261482e+03	3.700473e-01
677           	OVC	-1.149745e+03	-1.147166e+03	-3.699889e-01
678           	warmPlate	1.255855e+03	1.261481e+03	3.700470e-01
678           	OVC	-1.149746e+03	-1.147167e+03	-3.699892e-01
679           	warmPlate	1.255854e+03	1.261479e+03	3.700467e-01
679           	OVC	-1.149747e+03	-1.147168e+03	-3.699896e-01
680           	warmPlate	1.255853e+03	1.261478e+03	3.700464e-01
680           	OVC	-1.149748e+03	-1.147169e+03	-3.699899e-01
681           	warmPlate	1.255852e+03	1.261477e+03	3.700461e-01
681           	OVC	-1.149749e+03	-1.147170e+03	-3.699902e-01
682           	warmPlate	1.255851e+03	1.261476e+03	3.700457e-01
682           	OVC	-1.149750e+03	-1.147171e+03	-3.699905e-01
683           	warmPlate	1.255850e+03	1.261475e+03	3.700454e-01
683           	OVC	-1.149751e+03	-1.147172e+03	-3.699909e-01
684           	warmPlate	1.255849e+03	1.261474e+03	3.700451e-01
684           	OVC	-1.149752e+03	-1.147173e+03	-3.699912e-01
685           	warmPlate	1.255848e+03	1.261473e+03	3.700448e-01
685           	OVC	-1.149753e+03	-1.147174e+03	-3.699915e-01
686           	warmPlate	1.255846e+03	1.261472e+03	3.700445e-01
686           	OVC	-1.149754e+03	-1.147175e+03	-3.699918e-01
687           	warmPlate	1.255846e+03	1.261471e+03	3.700443e-01
687           	OVC	-1.149755e+03	-1.147175e+03	-3.699921e-01
688           	warmPlate	1.255845e+03	1.261470e+03	3.700440e-01
688           	OVC	-1.149756e+03	-1.147176e+03	-3.699924e-01
689           	warmPlate	1.255844e+03	1.261469e+03	3.700437e-01
689           	OVC	-1.149757e+03	-1.147177e+03	-3.699927e-01
690           	warmPlate	1.255843e+03	1.261468e+03	3.700434e-01
690           	OVC	-1.149758e+03	-1.147178e+03	-3.699930e-01
691           	warmPlate	1.255842e+03	1.261467e+03	3.700431e-01
691           	OVC	-1.149759e+03	-1.147179e+03	-3.699933e-01
692           	warmPlate	1.255841e+03	1.261466e+03	3.700428e-01
692           	OVC	-1.149760e+03	-1.147180e+03	-3.699935e-01
693           	warmPlate	1.255840e+03	1.261465e+03	3.700426e-01
693           	OVC	-1.149761e+03	-1.147181e+03	-3.699938e-01
694           	warmPlate	1.255839e+03	1.261464e+03	3.700423e-01
694           	OVC	-1.149761e+03	-1.147182e+03	-3.699941e-01
695           	warmPlate	1.255838e+03	1.261464e+03	3.700420e-01
695           	OVC	-1.149762e+03	-1.147183e+03	-3.699944e-01
696           	warmPlate	1.255837e+03	1.261463e+03	3.700418e-01
696           	OVC	-1.149763e+03	-1.147183e+03	-3.699946e-01
697           	warmPlate	1.255836e+03	1.261462e+03	3.700415e-01
697           	OVC	-1.149764e+03	-1.147184e+03	-3.699949e-01
698           	warmPlate	1.255835e+03	1.261461e+03	3.700413e-01
698           	OVC	-1.149765e+03	-1.147185e+03	-3.699952e-01
699           	warmPlate	1.255834e+03	1.261460e+03	3.700410e-01
699           	OVC	-1.149766e+03	-1.147186e+03	-3.699954e-01
700           	warmPlate	1.255834e+03	1.261459e+03	3.700408e-01
700           	OVC	-1.149766e+03	-1.147187e+03	-3.699957e-01
701           	warmPlate	1.255833e+03	1.261458e+03	3.700405e-01
701           	OVC	-1.149767e+03	-1.147187e+03	-3.699960e-01
702           	warmPlate	1.255832e+03	1.261458e+03	3.700403e-01
702           	OVC	-1.149768e+03	-1.147188e+03	-3.699962e-01
703           	warmPlate	1.255831e+03	1.261457e+03	3.700400e-01
703           	OVC	-1.149769e+03	-1.147189e+03	-3.699965e-01
704           	warmPlate	1.255830e+03	1.261456e+03	3.700398e-01
704           	OVC	-1.149770e+03	-1.147190e+03	-3.699967e-01
705           	warmPlate	1.255830e+03	1.261455e+03	3.700395e-01
705           	OVC	-1.149770e+03	-1.147191e+03	-3.699969e-01
706           	warmPlate	1.255829e+03	1.261454e+03	3.700393e-01
706           	OVC	-1.149771e+03	-1.147191e+03	-3.699972e-01
707           	warmPlate	1.255828e+03	1.261454e+03	3.700391e-01
707           	OVC	-1.149772e+03	-1.147192e+03	-3.699974e-01
708           	warmPlate	1.255827e+03	1.261453e+03	3.700389e-01
708           	OVC	-1.149773e+03	-1.147193e+03	-3.699977e-01
709           	warmPlate	1.255826e+03	1.261452e+03	3.700386e-01
709           	OVC	-1.149773e+03	-1.147193e+03	-3.699979e-01
710           	warmPlate	1.255826e+03	1.261451e+03	3.700384e-01
710           	OVC	-1.149774e+03	-1.147194e+03	-3.699981e-01
711           	warmPlate	1.255825e+03	1.261450e+03	3.700382e-01
711           	OVC	-1.149775e+03	-1.147195e+03	-3.699983e-01
712           	warmPlate	1.255824e+03	1.261450e+03	3.700380e-01
712           	OVC	-1.149775e+03	-1.147196e+03	-3.699986e-01
713           	warmPlate	1.255823e+03	1.261449e+03	3.700378e-01
713           	OVC	-1.149776e+03	-1.147196e+03	-3.699988e-01
714           	warmPlate	1.255823e+03	1.261448e+03	3.700376e-01
714           	OVC	-1.149777e+03	-1.147197e+03	-3.699990e-01
715           	warmPlate	1.255822e+03	1.261448e+03	3.700373e-01
715           	OVC	-1.149777e+03	-1.147198e+03	-3.699992e-01
716           	warmPlate	1.255821e+03	1.261447e+03	3.700371e-01
716           	OVC	-1.149778e+03	-1.147198e+03	-3.699994e-01
717           	warmPlate	1.255821e+03	1.261446e+03	3.700369e-01
717           	OVC	-1.149779e+03	-1.147199e+03	-3.699996e-01
718           	warmPlate	1.255820e+03	1.261446e+03	3.700367e-01
718           	OVC	-1.149779e+03	-1.147200e+03	-3.699998e-01
719           	warmPlate	1.255819e+03	1.261445e+03	3.700365e-01
719           	OVC	-1.149780e+03	-1.147200e+03	-3.700000e-01
720           	warmPlate	1.255819e+03	1.261444e+03	3.700364e-01
720           	OVC	-1.149781e+03	-1.147201e+03	-3.700002e-01
721           	warmPlate	1.255818e+03	1.261444e+03	3.700362e-01
721           	OVC	-1.149781e+03	-1.147201e+03	-3.700004e-01
722           	warmPlate	1.255817e+03	1.261443e+03	3.700360e-01
722           	OVC	-1.149782e+03	-1.147202e+03	-3.700006e-01
723           	warmPlate	1.255817e+03	1.261442e+03	3.700358e-01
723           	OVC	-1.149782e+03	-1.147203e+03	-3.700008e-01
724           	warmPlate	1.255816e+03	1.261442e+03	3.700356e-01
724           	OVC	-1.149783e+03	-1.147203e+03	-3.700010e-01
725           	warmPlate	1.255816e+03	1.261441e+03	3.700354e-01
725           	OVC	-1.149784e+03	-1.147204e+03	-3.700012e-01
726           	warmPlate	1.255815e+03	1.261440e+03	3.700353e-01
726           	OVC	-1.149784e+03	-1.147204e+03	-3.700014e-01
727           	warmPlate	1.255814e+03	1.261440e+03	3.700351e-01
727           	OVC	-1.149785e+03	-1.147205e+03	-3.700016e-01
728           	warmPlate	1.255814e+03	1.261439e+03	3.700349e-01
728           	OVC	-1.149785e+03	-1.147205e+03	-3.700017e-01
729           	warmPlate	1.255813e+03	1.261439e+03	3.700347e-01
729           	OVC	-1.149786e+03	-1.147206e+03	-3.700019e-01
730           	warmPlate	1.255813e+03	1.261438e+03	3.700346e-01
730           	OVC	-1.149786e+03	-1.147207e+03	-3.700021e-01
731           	warmPlate	1.255812e+03	1.261438e+03	3.700344e-01
731           	OVC	-1.149787e+03	-1.147207e+03	-3.700023e-01
732           	warmPlate	1.255812e+03	1.261437e+03	3.700342e-01
732           	OVC	-1.149787e+03	-1.147208e+03	-3.700024e-01
733           	warmPlate	1.255811e+03	1.261436e+03	3.700341e-01
733           	OVC	-1.149788e+03	-1.147208e+03	-3.700026e-01
734           	warmPlate	1.255810e+03	1.261436e+03	3.700339e-01
734           	OVC	-1.149788e+03	-1.147209e+03	-3.700028e-01
735           	warmPlate	1.255810e+03	1.261435e+03	3.700337e-01
735           	OVC	-1.149789e+03	-1.147209e+03	-3.700029e-01
736           	warmPlate	1.255809e+03	1.261435e+03	3.700336e-01
736           	OVC	-1.149789e+03	-1.147210e+03	-3.700031e-01
737           	warmPlate	1.255809e+03	1.261434e+03	3.700334e-01
737           	OVC	-1.149790e+03	-1.147210e+03	-3.700033e-01
738           	warmPlate	1.255808e+03	1.261434e+03	3.700333e-01
738           	OVC	-1.149790e+03	-1.147211e+03	-3.700034e-01
739           	warmPlate	1.255808e+03	1.261433e+03	3.700331e-01
739           	OVC	-1.149791e+03	-1.147211e+03	-3.700036e-01
740           	warmPlate	1.255807e+03	1.261433e+03	3.700330e-01
740           	OVC	-1.149791e+03	-1.147212e+03	-3.700037e-01
741           	warmPlate	1.255807e+03	1.261432e+03	3.700328e-01
741           	OVC	-1.149792e+03	-1.147212e+03	-3.700039e-01
742           	warmPlate	1.255806e+03	1.261432e+03	3.700327e-01
742           	OVC	-1.149792e+03	-1.147213e+03	-3.700040e-01
743           	warmPlate	1.255806e+03	1.261431e+03	3.700325e-01
743           	OVC	-1.149793e+03	-1.147213e+03	-3.700042e-01
744           	warmPlate	1.255805e+03	1.261431e+03	3.700324e-01
744           	OVC	-1.149793e+03	-1.147213e+03	-3.700043e-01
745           	warmPlate	1.255805e+03	1.261430e+03	3.700323e-01
745           	OVC	-1.149794e+03	-1.147214e+03	-3.700045e-01
746           	warmPlate	1.255804e+03	1.261430e+03	3.700321e-01
746           	OVC	-1.149794e+03	-1.147214e+03	-3.700046e-01
747           	warmPlate	1.255804e+03	1.261429e+03	3.700320e-01
747           	OVC	-1.149795e+03	-1.147215e+03	-3.700048e-01
748           	warmPlate	1.255803e+03	1.261429e+03	3.700319e-01
748           	OVC	-1.149795e+03	-1.147215e+03	-3.700049e-01
749           	warmPlate	1.255803e+03	1.261428e+03	3.700317e-01
749           	OVC	-1.149795e+03	-1.147216e+03	-3.700050e-01
750           	warmPlate	1.255803e+03	1.261428e+03	3.700316e-01
750           	OVC	-1.149796e+03	-1.147216e+03	-3.700052e-01
751           	warmPlate	1.255802e+03	1.261428e+03	3.700315e-01
751           	OVC	-1.149796e+03	-1.147216e+03	-3.700053e-01
752           	warmPlate	1.255802e+03	1.261427e+03	3.700313e-01
752           	OVC	-1.149797e+03	-1.147217e+03	-3.700054e-01
753           	warmPlate	1.255801e+03	1.261427e+03	3.700312e-01
753           	OVC	-1.149797e+03	-1.147217e+03	-3.700055e-01
754           	warmPlate	1.255801e+03	1.261426e+03	3.700311e-01
754           	OVC	-1.149797e+03	-1.147218e+03	-3.700057e-01
755           	warmPlate	1.255800e+03	1.261426e+03	3.700310e-01
755           	OVC	-1.149798e+03	-1.147218e+03	-3.700058e-01
756           	warmPlate	1.255800e+03	1.261425e+03	3.700309e-01
756           	OVC	-1.149798e+03	-1.147218e+03	-3.700059e-01
757           	warmPlate	1.255800e+03	1.261425e+03	3.700307e-01
757           	OVC	-1.149799e+03	-1.147219e+03	-3.700060e-01
758           	warmPlate	1.255799e+03	1.261425e+03	3.700306e-01
758           	OVC	-1.149799e+03	-1.147219e+03	-3.700062e-01
759           	warmPlate	1.255799e+03	1.261424e+03	3.700305e-01
759           	OVC	-1.149799e+03	-1.147220e+03	-3.700063e-01
760           	warmPlate	1.255798e+03	1.261424e+03	3.700304e-01
760           	OVC	-1.149800e+03	-1.147220e+03	-3.700064e-01
761           	warmPlate	1.255798e+03	1.261423e+03	3.700303e-01
761           	OVC	-1.149800e+03	-1.147220e+03	-3.700065e-01
762           	warmPlate	1.255798e+03	1.261423e+03	3.700302e-01
762           	OVC	-1.149800e+03	-1.147221e+03	-3.700066e-01
763           	warmPlate	1.255797e+03	1.261423e+03	3.700300e-01
763           	OVC	-1.149801e+03	-1.147221e+03	-3.700068e-01
764           	warmPlate	1.255797e+03	1.261422e+03	3.700299e-01
764           	OVC	-1.149801e+03	-1.147221e+03	-3.700069e-01
765           	warmPlate	1.255797e+03	1.261422e+03	3.700298e-01
765           	OVC	-1.149802e+03	-1.147222e+03	-3.700070e-01
766           	warmPlate	1.255796e+03	1.261422e+03	3.700297e-01
766           	OVC	-1.149802e+03	-1.147222e+03	-3.700071e-01
767           	warmPlate	1.255796e+03	1.261421e+03	3.700296e-01
767           	OVC	-1.149802e+03	-1.147222e+03	-3.700072e-01
768           	warmPlate	1.255795e+03	1.261421e+03	3.700295e-01
768           	OVC	-1.149803e+03	-1.147223e+03	-3.700073e-01
769           	warmPlate	1.255795e+03	1.261420e+03	3.700294e-01
769           	OVC	-1.149803e+03	-1.147223e+03	-3.700074e-01
770           	warmPlate	1.255795e+03	1.261420e+03	3.700293e-01
770           	OVC	-1.149803e+03	-1.147223e+03	-3.700075e-01
771           	warmPlate	1.255794e+03	1.261420e+03	3.700292e-01
771           	OVC	-1.149804e+03	-1.147224e+03	-3.700076e-01
772           	warmPlate	1.255794e+03	1.261419e+03	3.700291e-01
772           	OVC	-1.149804e+03	-1.147224e+03	-3.700077e-01
773           	warmPlate	1.255794e+03	1.261419e+03	3.700290e-01
773           	OVC	-1.149804e+03	-1.147224e+03	-3.700078e-01
774           	warmPlate	1.255793e+03	1.261419e+03	3.700289e-01
774           	OVC	-1.149804e+03	-1.147225e+03	-3.700079e-01
775           	warmPlate	1.255793e+03	1.261419e+03	3.700288e-01
775           	OVC	-1.149805e+03	-1.147225e+03	-3.700080e-01
776           	warmPlate	1.255793e+03	1.261418e+03	3.700287e-01
776           	OVC	-1.149805e+03	-1.147225e+03	-3.700081e-01
777           	warmPlate	1.255793e+03	1.261418e+03	3.700286e-01
777           	OVC	-1.149805e+03	-1.147225e+03	-3.700082e-01
778           	warmPlate	1.255792e+03	1.261418e+03	3.700286e-01
778           	OVC	-1.149806e+03	-1.147226e+03	-3.700083e-01
779           	warmPlate	1.255792e+03	1.261417e+03	3.700285e-01
779           	OVC	-1.149806e+03	-1.147226e+03	-3.700084e-01
780           	warmPlate	1.255792e+03	1.261417e+03	3.700284e-01
780           	OVC	-1.149806e+03	-1.147226e+03	-3.700085e-01
781           	warmPlate	1.255791e+03	1.261417e+03	3.700283e-01
781           	OVC	-1.149806e+03	-1.147227e+03	-3.700086e-01
782           	warmPlate	1.255791e+03	1.261416e+03	3.700282e-01
782           	OVC	-1.149807e+03	-1.147227e+03	-3.700087e-01
783           	warmPlate	1.255791e+03	1.261416e+03	3.700281e-01
783           	OVC	-1.149807e+03	-1.147227e+03	-3.700087e-01
784           	warmPlate	1.255791e+03	1.261416e+03	3.700280e-01
784           	OVC	-1.149807e+03	-1.147227e+03	-3.700088e-01
785           	warmPlate	1.255790e+03	1.261416e+03	3.700280e-01
785           	OVC	-1.149808e+03	-1.147228e+03	-3.700089e-01
786           	warmPlate	1.255790e+03	1.261415e+03	3.700279e-01
786           	OVC	-1.149808e+03	-1.147228e+03	-3.700090e-01
787           	warmPlate	1.255790e+03	1.261415e+03	3.700278e-01
787           	OVC	-1.149808e+03	-1.147228e+03	-3.700091e-01
788           	warmPlate	1.255789e+03	1.261415e+03	3.700277e-01
788           	OVC	-1.149808e+03	-1.147228e+03	-3.700092e-01
789           	warmPlate	1.255789e+03	1.261414e+03	3.700276e-01
789           	OVC	-1.149809e+03	-1.147229e+03	-3.700092e-01
790           	warmPlate	1.255789e+03	1.261414e+03	3.700276e-01
790           	OVC	-1.149809e+03	-1.147229e+03	-3.700093e-01
791           	warmPlate	1.255789e+03	1.261414e+03	3.700275e-01
791           	OVC	-1.149809e+03	-1.147229e+03	-3.700094e-01
792           	warmPlate	1.255788e+03	1.261414e+03	3.700274e-01
792           	OVC	-1.149809e+03	-1.147229e+03	-3.700095e-01
793           	warmPlate	1.255788e+03	1.261413e+03	3.700273e-01
793           	OVC	-1.149810e+03	-1.147230e+03	-3.700096e-01
794           	warmPlate	1.255788e+03	1.261413e+03	3.700273e-01
794           	OVC	-1.149810e+03	-1.147230e+03	-3.700096e-01
795           	warmPlate	1.255788e+03	1.261413e+03	3.700272e-01
795           	OVC	-1.149810e+03	-1.147230e+03	-3.700097e-01
796           	warmPlate	1.255787e+03	1.261413e+03	3.700271e-01
796           	OVC	-1.149810e+03	-1.147230e+03	-3.700098e-01
797           	warmPlate	1.255787e+03	1.261412e+03	3.700270e-01
797           	OVC	-1.149810e+03	-1.147231e+03	-3.700099e-01
798           	warmPlate	1.255787e+03	1.261412e+03	3.700270e-01
798           	OVC	-1.149811e+03	-1.147231e+03	-3.700099e-01
799           	warmPlate	1.255787e+03	1.261412e+03	3.700269e-01
799           	OVC	-1.149811e+03	-1.147231e+03	-3.700100e-01
800           	warmPlate	1.255786e+03	1.261412e+03	3.700268e-01
800           	OVC	-1.149811e+03	-1.147231e+03	-3.700101e-01
801           	warmPlate	1.255786e+03	1.261411e+03	3.700267e-01
801           	OVC	-1.149811e+03	-1.147232e+03	-3.700102e-01
802           	warmPlate	1.255786e+03	1.261411e+03	3.700267e-01
802           	OVC	-1.149812e+03	-1.147232e+03	-3.700102e-01
803           	warmPlate	1.255786e+03	1.261411e+03	3.700266e-01
803           	OVC	-1.149812e+03	-1.147232e+03	-3.700103e-01
804           	warmPlate	1.255785e+03	1.261411e+03	3.700266e-01
804           	OVC	-1.149812e+03	-1.147232e+03	-3.700104e-01
805           	warmPlate	1.255785e+03	1.261411e+03	3.700265e-01
805           	OVC	-1.149812e+03	-1.147232e+03	-3.700104e-01
806           	warmPlate	1.255785e+03	1.261410e+03	3.700264e-01
806           	OVC	-1.149812e+03	-1.147233e+03	-3.700105e-01
807           	warmPlate	1.255785e+03	1.261410e+03	3.700264e-01
807           	OVC	-1.149813e+03	-1.147233e+03	-3.700105e-01
808           	warmPlate	1.255785e+03	1.261410e+03	3.700263e-01
808           	OVC	-1.149813e+03	-1.147233e+03	-3.700106e-01
809           	warmPlate	1.255784e+03	1.261410e+03	3.700263e-01
809           	OVC	-1.149813e+03	-1.147233e+03	-3.700107e-01
810           	warmPlate	1.255784e+03	1.261410e+03	3.700262e-01
810           	OVC	-1.149813e+03	-1.147233e+03	-3.700107e-01
811           	warmPlate	1.255784e+03	1.261409e+03	3.700261e-01
811           	OVC	-1.149813e+03	-1.147233e+03	-3.700108e-01
812           	warmPlate	1.255784e+03	1.261409e+03	3.700261e-01
812           	OVC	-1.149814e+03	-1.147234e+03	-3.700108e-01
813           	warmPlate	1.255784e+03	1.261409e+03	3.700260e-01
813           	OVC	-1.149814e+03	-1.147234e+03	-3.700109e-01
814           	warmPlate	1.255783e+03	1.261409e+03	3.700260e-01
814           	OVC	-1.149814e+03	-1.147234e+03	-3.700110e-01
815           	warmPlate	1.255783e+03	1.261409e+03	3.700259e-01
815           	OVC	-1.149814e+03	-1.147234e+03	-3.700110e-01
816           	warmPlate	1.255783e+03	1.261408e+03	3.700259e-01
816           	OVC	-1.149814e+03	-1.147234e+03	-3.700111e-01
817           	warmPlate	1.255783e+03	1.261408e+03	3.700258e-01
817           	OVC	-1.149814e+03	-1.147235e+03	-3.700111e-01
818           	warmPlate	1.255783e+03	1.261408e+03	3.700258e-01
818           	OVC	-1.149815e+03	-1.147235e+03	-3.700112e-01
819           	warmPlate	1.255783e+03	1.261408e+03	3.700257e-01
819           	OVC	-1.149815e+03	-1.147235e+03	-3.700112e-01
820           	warmPlate	1.255782e+03	1.261408e+03	3.700257e-01
820           	OVC	-1.149815e+03	-1.147235e+03	-3.700113e-01
821           	warmPlate	1.255782e+03	1.261408e+03	3.700256e-01
821           	OVC	-1.149815e+03	-1.147235e+03	-3.700114e-01
822           	warmPlate	1.255782e+03	1.261407e+03	3.700255e-01
822           	OVC	-1.149815e+03	-1.147235e+03	-3.700114e-01
823           	warmPlate	1.255782e+03	1.261407e+03	3.700255e-01
823           	OVC	-1.149815e+03	-1.147236e+03	-3.700115e-01
824           	warmPlate	1.255782e+03	1.261407e+03	3.700254e-01
824           	OVC	-1.149816e+03	-1.147236e+03	-3.700115e-01
825           	warmPlate	1.255782e+03	1.261407e+03	3.700254e-01
825           	OVC	-1.149816e+03	-1.147236e+03	-3.700116e-01
826           	warmPlate	1.255781e+03	1.261407e+03	3.700253e-01
826           	OVC	-1.149816e+03	-1.147236e+03	-3.700116e-01
827           	warmPlate	1.255781e+03	1.261406e+03	3.700253e-01
827           	OVC	-1.149816e+03	-1.147236e+03	-3.700117e-01
828           	warmPlate	1.255781e+03	1.261406e+03	3.700252e-01
828           	OVC	-1.149816e+03	-1.147236e+03	-3.700117e-01
829           	warmPlate	1.255781e+03	1.261406e+03	3.700252e-01
829           	OVC	-1.149816e+03	-1.147237e+03	-3.700118e-01
830           	warmPlate	1.255781e+03	1.261406e+03	3.700252e-01
830           	OVC	-1.149817e+03	-1.147237e+03	-3.700118e-01
831           	warmPlate	1.255781e+03	1.261406e+03	3.700251e-01
831           	OVC	-1.149817e+03	-1.147237e+03	-3.700119e-01
832           	warmPlate	1.255780e+03	1.261406e+03	3.700251e-01
832           	OVC	-1.149817e+03	-1.147237e+03	-3.700119e-01
833           	warmPlate	1.255780e+03	1.261406e+03	3.700250e-01
833           	OVC	-1.149817e+03	-1.147237e+03	-3.700120e-01
834           	warmPlate	1.255780e+03	1.261405e+03	3.700250e-01
834           	OVC	-1.149817e+03	-1.147237e+03	-3.700120e-01
835           	warmPlate	1.255780e+03	1.261405e+03	3.700249e-01
835           	OVC	-1.149817e+03	-1.147237e+03	-3.700121e-01
836           	warmPlate	1.255780e+03	1.261405e+03	3.700249e-01
836           	OVC	-1.149817e+03	-1.147238e+03	-3.700121e-01
837           	warmPlate	1.255780e+03	1.261405e+03	3.700248e-01
837           	OVC	-1.149818e+03	-1.147238e+03	-3.700121e-01
838           	warmPlate	1.255779e+03	1.261405e+03	3.700248e-01
838           	OVC	-1.149818e+03	-1.147238e+03	-3.700122e-01
839           	warmPlate	1.255779e+03	1.261405e+03	3.700248e-01
839           	OVC	-1.149818e+03	-1.147238e+03	-3.700122e-01
840           	warmPlate	1.255779e+03	1.261405e+03	3.700247e-01
840           	OVC	-1.149818e+03	-1.147238e+03	-3.700123e-01
841           	warmPlate	1.255779e+03	1.261404e+03	3.700247e-01
841           	OVC	-1.149818e+03	-1.147238e+03	-3.700123e-01
842           	warmPlate	1.255779e+03	1.261404e+03	3.700246e-01
842           	OVC	-1.149818e+03	-1.147238e+03	-3.700123e-01
843           	warmPlate	1.255779e+03	1.261404e+03	3.700246e-01
843           	OVC	-1.149818e+03	-1.147238e+03	-3.700124e-01
844           	warmPlate	1.255779e+03	1.261404e+03	3.700246e-01
844           	OVC	-1.149818e+03	-1.147238e+03	-3.700124e-01
845           	warmPlate	1.255779e+03	1.261404e+03	3.700245e-01
845           	OVC	-1.149818e+03	-1.147239e+03	-3.700124e-01
846           	warmPlate	1.255778e+03	1.261404e+03	3.700245e-01
846           	OVC	-1.149819e+03	-1.147239e+03	-3.700125e-01
847           	warmPlate	1.255778e+03	1.261404e+03	3.700245e-01
847           	OVC	-1.149819e+03	-1.147239e+03	-3.700125e-01
848           	warmPlate	1.255778e+03	1.261404e+03	3.700244e-01
848           	OVC	-1.149819e+03	-1.147239e+03	-3.700126e-01
849           	warmPlate	1.255778e+03	1.261403e+03	3.700244e-01
849           	OVC	-1.149819e+03	-1.147239e+03	-3.700126e-01
850           	warmPlate	1.255778e+03	1.261403e+03	3.700244e-01
850           	OVC	-1.149819e+03	-1.147239e+03	-3.700126e-01
851           	warmPlate	1.255778e+03	1.261403e+03	3.700243e-01
851           	OVC	-1.149819e+03	-1.147239e+03	-3.700127e-01
852           	warmPlate	1.255778e+03	1.261403e+03	3.700243e-01
852           	OVC	-1.149819e+03	-1.147239e+03	-3.700127e-01
853           	warmPlate	1.255778e+03	1.261403e+03	3.700243e-01
853           	OVC	-1.149819e+03	-1.147240e+03	-3.700127e-01
854           	warmPlate	1.255778e+03	1.261403e+03	3.700242e-01
854           	OVC	-1.149819e+03	-1.147240e+03	-3.700128e-01
855           	warmPlate	1.255777e+03	1.261403e+03	3.700242e-01
855           	OVC	-1.149820e+03	-1.147240e+03	-3.700128e-01
856           	warmPlate	1.255777e+03	1.261403e+03	3.700242e-01
856           	OVC	-1.149820e+03	-1.147240e+03	-3.700128e-01
857           	warmPlate	1.255777e+03	1.261403e+03	3.700241e-01
857           	OVC	-1.149820e+03	-1.147240e+03	-3.700129e-01
858           	warmPlate	1.255777e+03	1.261402e+03	3.700241e-01
858           	OVC	-1.149820e+03	-1.147240e+03	-3.700129e-01
859           	warmPlate	1.255777e+03	1.261402e+03	3.700241e-01
859           	OVC	-1.149820e+03	-1.147240e+03	-3.700129e-01
860           	warmPlate	1.255777e+03	1.261402e+03	3.700240e-01
860           	OVC	-1.149820e+03	-1.147240e+03	-3.700130e-01
861           	warmPlate	1.255777e+03	1.261402e+03	3.700240e-01
861           	OVC	-1.149820e+03	-1.147240e+03	-3.700130e-01
862           	warmPlate	1.255777e+03	1.261402e+03	3.700240e-01
862           	OVC	-1.149820e+03	-1.147240e+03	-3.700130e-01
863           	warmPlate	1.255777e+03	1.261402e+03	3.700239e-01
863           	OVC	-1.149820e+03	-1.147241e+03	-3.700131e-01
864           	warmPlate	1.255776e+03	1.261402e+03	3.700239e-01
864           	OVC	-1.149821e+03	-1.147241e+03	-3.700131e-01
865           	warmPlate	1.255776e+03	1.261402e+03	3.700239e-01
865           	OVC	-1.149821e+03	-1.147241e+03	-3.700131e-01
866           	warmPlate	1.255776e+03	1.261402e+03	3.700238e-01
866           	OVC	-1.149821e+03	-1.147241e+03	-3.700132e-01
867           	warmPlate	1.255776e+03	1.261401e+03	3.700238e-01
867           	OVC	-1.149821e+03	-1.147241e+03	-3.700132e-01
868           	warmPlate	1.255776e+03	1.261401e+03	3.700238e-01
868           	OVC	-1.149821e+03	-1.147241e+03	-3.700132e-01
869           	warmPlate	1.255776e+03	1.261401e+03	3.700238e-01
869           	OVC	-1.149821e+03	-1.147241e+03	-3.700133e-01
870           	warmPlate	1.255776e+03	1.261401e+03	3.700237e-01
870           	OVC	-1.149821e+03	-1.147241e+03	-3.700133e-01
871           	warmPlate	1.255776e+03	1.261401e+03	3.700237e-01
871           	OVC	-1.149821e+03	-1.147241e+03	-3.700133e-01
872           	warmPlate	1.255776e+03	1.261401e+03	3.700237e-01
872           	OVC	-1.149821e+03	-1.147241e+03	-3.700133e-01
873           	warmPlate	1.255776e+03	1.261401e+03	3.700236e-01
873           	OVC	-1.149821e+03	-1.147241e+03	-3.700134e-01
874           	warmPlate	1.255775e+03	1.261401e+03	3.700236e-01
874           	OVC	-1.149821e+03	-1.147242e+03	-3.700134e-01
875           	warmPlate	1.255775e+03	1.261401e+03	3.700236e-01
875           	OVC	-1.149822e+03	-1.147242e+03	-3.700134e-01
876           	warmPlate	1.255775e+03	1.261401e+03	3.700236e-01
876           	OVC	-1.149822e+03	-1.147242e+03	-3.700135e-01
877           	warmPlate	1.255775e+03	1.261401e+03	3.700235e-01
877           	OVC	-1.149822e+03	-1.147242e+03	-3.700135e-01
878           	warmPlate	1.255775e+03	1.261400e+03	3.700235e-01
878           	OVC	-1.149822e+03	-1.147242e+03	-3.700135e-01
879           	warmPlate	1.255775e+03	1.261400e+03	3.700235e-01
879           	OVC	-1.149822e+03	-1.147242e+03	-3.700135e-01
880           	warmPlate	1.255775e+03	1.261400e+03	3.700235e-01
880           	OVC	-1.149822e+03	-1.147242e+03	-3.700135e-01
881           	warmPlate	1.255775e+03	1.261400e+03	3.700235e-01
881           	OVC	-1.149822e+03	-1.147242e+03	-3.700136e-01
882           	warmPlate	1.255775e+03	1.261400e+03	3.700234e-01
882           	OVC	-1.149822e+03	-1.147242e+03	-3.700136e-01
883           	warmPlate	1.255775e+03	1.261400e+03	3.700234e-01
883           	OVC	-1.149822e+03	-1.147242e+03	-3.700136e-01
884           	warmPlate	1.255775e+03	1.261400e+03	3.700234e-01
884           	OVC	-1.149822e+03	-1.147242e+03	-3.700136e-01
885           	warmPlate	1.255775e+03	1.261400e+03	3.700234e-01
885           	OVC	-1.149822e+03	-1.147242e+03	-3.700136e-01
886           	warmPlate	1.255775e+03	1.261400e+03	3.700234e-01
886           	OVC	-1.149822e+03	-1.147242e+03	-3.700137e-01
887           	warmPlate	1.255775e+03	1.261400e+03	3.700233e-01
887           	OVC	-1.149822e+03	-1.147242e+03	-3.700137e-01
888           	warmPlate	1.255774e+03	1.261400e+03	3.700233e-01
888           	OVC	-1.149822e+03	-1.147243e+03	-3.700137e-01
889           	warmPlate	1.255774e+03	1.261400e+03	3.700233e-01
889           	OVC	-1.149822e+03	-1.147243e+03	-3.700137e-01
890           	warmPlate	1.255774e+03	1.261400e+03	3.700233e-01
890           	OVC	-1.149823e+03	-1.147243e+03	-3.700138e-01
891           	warmPlate	1.255774e+03	1.261400e+03	3.700233e-01
891           	OVC	-1.149823e+03	-1.147243e+03	-3.700138e-01
892           	warmPlate	1.255774e+03	1.261399e+03	3.700232e-01
892           	OVC	-1.149823e+03	-1.147243e+03	-3.700138e-01
893           	warmPlate	1.255774e+03	1.261399e+03	3.700232e-01
893           	OVC	-1.149823e+03	-1.147243e+03	-3.700138e-01
894           	warmPlate	1.255774e+03	1.261399e+03	3.700232e-01
894           	OVC	-1.149823e+03	-1.147243e+03	-3.700138e-01
895           	warmPlate	1.255774e+03	1.261399e+03	3.700232e-01
895           	OVC	-1.149823e+03	-1.147243e+03	-3.700139e-01
896           	warmPlate	1.255774e+03	1.261399e+03	3.700232e-01
896           	OVC	-1.149823e+03	-1.147243e+03	-3.700139e-01
897           	warmPlate	1.255774e+03	1.261399e+03	3.700231e-01
897           	OVC	-1.149823e+03	-1.147243e+03	-3.700139e-01
898           	warmPlate	1.255774e+03	1.261399e+03	3.700231e-01
898           	OVC	-1.149823e+03	-1.147243e+03	-3.700139e-01
899           	warmPlate	1.255774e+03	1.261399e+03	3.700231e-01
899           	OVC	-1.149823e+03	-1.147243e+03	-3.700139e-01
900           	warmPlate	1.255774e+03	1.261399e+03	3.700231e-01
900           	OVC	-1.149823e+03	-1.147243e+03	-3.700139e-01
901           	warmPlate	1.255774e+03	1.261399e+03	3.700231e-01
901           	OVC	-1.149823e+03	-1.147243e+03	-3.700140e-01
902           	warmPlate	1.255774e+03	1.261399e+03	3.700230e-01
902           	OVC	-1.149823e+03	-1.147243e+03	-3.700140e-01
903           	warmPlate	1.255773e+03	1.261399e+03	3.700230e-01
903           	OVC	-1.149823e+03	-1.147243e+03	-3.700140e-01
904           	warmPlate	1.255773e+03	1.261399e+03	3.700230e-01
904           	OVC	-1.149823e+03	-1.147244e+03	-3.700140e-01
905           	warmPlate	1.255773e+03	1.261399e+03	3.700230e-01
905           	OVC	-1.149823e+03	-1.147244e+03	-3.700140e-01
906           	warmPlate	1.255773e+03	1.261399e+03	3.700230e-01
906           	OVC	-1.149823e+03	-1.147244e+03	-3.700141e-01
907           	warmPlate	1.255773e+03	1.261399e+03	3.700230e-01
907           	OVC	-1.149824e+03	-1.147244e+03	-3.700141e-01
908           	warmPlate	1.255773e+03	1.261398e+03	3.700229e-01
908           	OVC	-1.149824e+03	-1.147244e+03	-3.700141e-01
909           	warmPlate	1.255773e+03	1.261398e+03	3.700229e-01
909           	OVC	-1.149824e+03	-1.147244e+03	-3.700141e-01
910           	warmPlate	1.255773e+03	1.261398e+03	3.700229e-01
910           	OVC	-1.149824e+03	-1.147244e+03	-3.700141e-01
911           	warmPlate	1.255773e+03	1.261398e+03	3.700229e-01
911           	OVC	-1.149824e+03	-1.147244e+03	-3.700142e-01
912           	warmPlate	1.255773e+03	1.261398e+03	3.700229e-01
912           	OVC	-1.149824e+03	-1.147244e+03	-3.700142e-01
913           	warmPlate	1.255773e+03	1.261398e+03	3.700228e-01
913           	OVC	-1.149824e+03	-1.147244e+03	-3.700142e-01
914           	warmPlate	1.255773e+03	1.261398e+03	3.700228e-01
914           	OVC	-1.149824e+03	-1.147244e+03	-3.700142e-01
915           	warmPlate	1.255773e+03	1.261398e+03	3.700228e-01
915           	OVC	-1.149824e+03	-1.147244e+03	-3.700142e-01
916           	warmPlate	1.255773e+03	1.261398e+03	3.700228e-01
916           	OVC	-1.149824e+03	-1.147244e+03	-3.700142e-01
917           	warmPlate	1.255773e+03	1.261398e+03	3.700228e-01
917           	OVC	-1.149824e+03	-1.147244e+03	-3.700143e-01
918           	warmPlate	1.255773e+03	1.261398e+03	3.700228e-01
918           	OVC	-1.149824e+03	-1.147244e+03	-3.700143e-01
919           	warmPlate	1.255773e+03	1.261398e+03	3.700227e-01
919           	OVC	-1.149824e+03	-1.147244e+03	-3.700143e-01
920           	warmPlate	1.255772e+03	1.261398e+03	3.700227e-01
920           	OVC	-1.149824e+03	-1.147244e+03	-3.700143e-01
921           	warmPlate	1.255772e+03	1.261398e+03	3.700227e-01
921           	OVC	-1.149824e+03	-1.147244e+03	-3.700143e-01
922           	warmPlate	1.255772e+03	1.261398e+03	3.700227e-01
922           	OVC	-1.149824e+03	-1.147244e+03	-3.700143e-01
923           	warmPlate	1.255772e+03	1.261398e+03	3.700227e-01
923           	OVC	-1.149824e+03	-1.147245e+03	-3.700144e-01
924           	warmPlate	1.255772e+03	1.261398e+03	3.700227e-01
924           	OVC	-1.149824e+03	-1.147245e+03	-3.700144e-01
925           	warmPlate	1.255772e+03	1.261397e+03	3.700227e-01
925           	OVC	-1.149825e+03	-1.147245e+03	-3.700144e-01
926           	warmPlate	1.255772e+03	1.261397e+03	3.700226e-01
926           	OVC	-1.149825e+03	-1.147245e+03	-3.700144e-01
927           	warmPlate	1.255772e+03	1.261397e+03	3.700226e-01
927           	OVC	-1.149825e+03	-1.147245e+03	-3.700144e-01
928           	warmPlate	1.255772e+03	1.261397e+03	3.700226e-01
928           	OVC	-1.149825e+03	-1.147245e+03	-3.700144e-01
929           	warmPlate	1.255772e+03	1.261397e+03	3.700226e-01
929           	OVC	-1.149825e+03	-1.147245e+03	-3.700144e-01
930           	warmPlate	1.255772e+03	1.261397e+03	3.700226e-01
930           	OVC	-1.149825e+03	-1.147245e+03	-3.700144e-01
931           	warmPlate	1.255772e+03	1.261397e+03	3.700226e-01
931           	OVC	-1.149825e+03	-1.147245e+03	-3.700145e-01
932           	warmPlate	1.255772e+03	1.261397e+03	3.700226e-01
932           	OVC	-1.149825e+03	-1.147245e+03	-3.700145e-01
933           	warmPlate	1.255772e+03	1.261397e+03	3.700226e-01
933           	OVC	-1.149825e+03	-1.147245e+03	-3.700145e-01
934           	warmPlate	1.255772e+03	1.261397e+03	3.700226e-01
934           	OVC	-1.149825e+03	-1.147245e+03	-3.700145e-01
935           	warmPlate	1.255772e+03	1.261397e+03	3.700226e-01
935           	OVC	-1.149825e+03	-1.147245e+03	-3.700145e-01
936           	warmPlate	1.255772e+03	1.261397e+03	3.700225e-01
936           	OVC	-1.149825e+03	-1.147245e+03	-3.700145e-01
937           	warmPlate	1.255772e+03	1.261397e+03	3.700225e-01
937           	OVC	-1.149825e+03	-1.147245e+03	-3.700145e-01
938           	warmPlate	1.255772e+03	1.261397e+03	3.700225e-01
938           	OVC	-1.149825e+03	-1.147245e+03	-3.700145e-01
939           	warmPlate	1.255772e+03	1.261397e+03	3.700225e-01
939           	OVC	-1.149825e+03	-1.147245e+03	-3.700145e-01
940           	warmPlate	1.255772e+03	1.261397e+03	3.700225e-01
940           	OVC	-1.149825e+03	-1.147245e+03	-3.700145e-01
941           	warmPlate	1.255772e+03	1.261397e+03	3.700225e-01
941           	OVC	-1.149825e+03	-1.147245e+03	-3.700145e-01
942           	warmPlate	1.255772e+03	1.261397e+03	3.700225e-01
942           	OVC	-1.149825e+03	-1.147245e+03	-3.700146e-01
943           	warmPlate	1.255772e+03	1.261397e+03	3.700225e-01
943           	OVC	-1.149825e+03	-1.147245e+03	-3.700146e-01
944           	warmPlate	1.255772e+03	1.261397e+03	3.700225e-01
944           	OVC	-1.149825e+03	-1.147245e+03	-3.700146e-01
945           	warmPlate	1.255772e+03	1.261397e+03	3.700225e-01
945           	OVC	-1.149825e+03	-1.147245e+03	-3.700146e-01
946           	warmPlate	1.255772e+03	1.261397e+03	3.700225e-01
946           	OVC	-1.149825e+03	-1.147245e+03	-3.700146e-01
947           	warmPlate	1.255772e+03	1.261397e+03	3.700224e-01
947           	OVC	-1.149825e+03	-1.147245e+03	-3.700146e-01
948           	warmPlate	1.255772e+03	1.261397e+03	3.700224e-01
948           	OVC	-1.149825e+03	-1.147245e+03	-3.700146e-01
949           	warmPlate	1.255771e+03	1.261397e+03	3.700224e-01
949           	OVC	-1.149825e+03	-1.147245e+03	-3.700146e-01
950           	warmPlate	1.255771e+03	1.261397e+03	3.700224e-01
950           	OVC	-1.149825e+03	-1.147245e+03	-3.700146e-01
951           	warmPlate	1.255771e+03	1.261397e+03	3.700224e-01
951           	OVC	-1.149825e+03	-1.147245e+03	-3.700146e-01
952           	warmPlate	1.255771e+03	1.261397e+03	3.700224e-01
952           	OVC	-1.149825e+03	-1.147245e+03	-3.700146e-01
953           	warmPlate	1.255771e+03	1.261397e+03	3.700224e-01
953           	OVC	-1.149825e+03	-1.147245e+03	-3.700147e-01
954           	warmPlate	1.255771e+03	1.261397e+03	3.700224e-01
954           	OVC	-1.149825e+03	-1.147245e+03	-3.700147e-01
955           	warmPlate	1.255771e+03	1.261397e+03	3.700224e-01
955           	OVC	-1.149825e+03	-1.147246e+03	-3.700147e-01
956           	warmPlate	1.255771e+03	1.261397e+03	3.700224e-01
956           	OVC	-1.149825e+03	-1.147246e+03	-3.700147e-01
957           	warmPlate	1.255771e+03	1.261397e+03	3.700224e-01
957           	OVC	-1.149825e+03	-1.147246e+03	-3.700147e-01
958           	warmPlate	1.255771e+03	1.261396e+03	3.700224e-01
958           	OVC	-1.149825e+03	-1.147246e+03	-3.700147e-01
959           	warmPlate	1.255771e+03	1.261396e+03	3.700223e-01
959           	OVC	-1.149825e+03	-1.147246e+03	-3.700147e-01
960           	warmPlate	1.255771e+03	1.261396e+03	3.700223e-01
960           	OVC	-1.149826e+03	-1.147246e+03	-3.700147e-01
961           	warmPlate	1.255771e+03	1.261396e+03	3.700223e-01
961           	OVC	-1.149826e+03	-1.147246e+03	-3.700147e-01
962           	warmPlate	1.255771e+03	1.261396e+03	3.700223e-01
962           	OVC	-1.149826e+03	-1.147246e+03	-3.700147e-01
963           	warmPlate	1.255771e+03	1.261396e+03	3.700223e-01
963           	OVC	-1.149826e+03	-1.147246e+03	-3.700147e-01
964           	warmPlate	1.255771e+03	1.261396e+03	3.700223e-01
964           	OVC	-1.149826e+03	-1.147246e+03	-3.700147e-01
965           	warmPlate	1.255771e+03	1.261396e+03	3.700223e-01
965           	OVC	-1.149826e+03	-1.147246e+03	-3.700148e-01
966           	warmPlate	1.255771e+03	1.261396e+03	3.700223e-01
966           	OVC	-1.149826e+03	-1.147246e+03	-3.700148e-01
967           	warmPlate	1.255771e+03	1.261396e+03	3.700223e-01
967           	OVC	-1.149826e+03	-1.147246e+03	-3.700148e-01
968           	warmPlate	1.255771e+03	1.261396e+03	3.700223e-01
968           	OVC	-1.149826e+03	-1.147246e+03	-3.700148e-01
969           	warmPlate	1.255771e+03	1.261396e+03	3.700223e-01
969           	OVC	-1.149826e+03	-1.147246e+03	-3.700148e-01
970           	warmPlate	1.255771e+03	1.261396e+03	3.700223e-01
970           	OVC	-1.149826e+03	-1.147246e+03	-3.700148e-01
971           	warmPlate	1.255771e+03	1.261396e+03	3.700223e-01
971           	OVC	-1.149826e+03	-1.147246e+03	-3.700148e-01
972           	warmPlate	1.255771e+03	1.261396e+03	3.700222e-01
972           	OVC	-1.149826e+03	-1.147246e+03	-3.700148e-01
973           	warmPlate	1.255771e+03	1.261396e+03	3.700222e-01
973           	OVC	-1.149826e+03	-1.147246e+03	-3.700148e-01
974           	warmPlate	1.255771e+03	1.261396e+03	3.700222e-01
974           	OVC	-1.149826e+03	-1.147246e+03	-3.700148e-01
975           	warmPlate	1.255771e+03	1.261396e+03	3.700222e-01
975           	OVC	-1.149826e+03	-1.147246e+03	-3.700148e-01
976           	warmPlate	1.255771e+03	1.261396e+03	3.700222e-01
976           	OVC	-1.149826e+03	-1.147246e+03	-3.700148e-01
977           	warmPlate	1.255771e+03	1.261396e+03	3.700222e-01
977           	OVC	-1.149826e+03	-1.147246e+03	-3.700148e-01
978           	warmPlate	1.255771e+03	1.261396e+03	3.700222e-01
978           	OVC	-1.149826e+03	-1.147246e+03	-3.700149e-01
979           	warmPlate	1.255771e+03	1.261396e+03	3.700222e-01
979           	OVC	-1.149826e+03	-1.147246e+03	-3.700149e-01
980           	warmPlate	1.255771e+03	1.261396e+03	3.700222e-01
980           	OVC	-1.149826e+03	-1.147246e+03	-3.700149e-01
981           	warmPlate	1.255771e+03	1.261396e+03	3.700222e-01
981           	OVC	-1.149826e+03	-1.147246e+03	-3.700149e-01
982           	warmPlate	1.255771e+03	1.261396e+03	3.700222e-01
982           	OVC	-1.149826e+03	-1.147246e+03	-3.700149e-01
983           	warmPlate	1.255771e+03	1.261396e+03	3.700222e-01
983           	OVC	-1.149826e+03	-1.147246e+03	-3.700149e-01
984           	warmPlate	1.255771e+03	1.261396e+03	3.700222e-01
984           	OVC	-1.149826e+03	-1.147246e+03	-3.700149e-01
985           	warmPlate	1.255771e+03	1.261396e+03	3.700221e-01
985           	OVC	-1.149826e+03	-1.147246e+03	-3.700149e-01
986           	warmPlate	1.255770e+03	1.261396e+03	3.700221e-01
986           	OVC	-1.149826e+03	-1.147246e+03	-3.700149e-01
987           	warmPlate	1.255770e+03	1.261396e+03	3.700221e-01
987           	OVC	-1.149826e+03	-1.147246e+03	-3.700149e-01
988           	warmPlate	1.255770e+03	1.261396e+03	3.700221e-01
988           	OVC	-1.149826e+03	-1.147246e+03	-3.700149e-01
989           	warmPlate	1.255770e+03	1.261396e+03	3.700221e-01
989           	OVC	-1.149826e+03	-1.147246e+03	-3.700149e-01
990           	warmPlate	1.255770e+03	1.261396e+03	3.700221e-01
990           	OVC	-1.149826e+03	-1.147246e+03	-3.700149e-01
991           	warmPlate	1.255770e+03	1.261396e+03	3.700221e-01
991           	OVC	-1.149826e+03	-1.147246e+03	-3.700150e-01
992           	warmPlate	1.255770e+03	1.261396e+03	3.700221e-01
992           	OVC	-1.149826e+03	-1.147246e+03	-3.700150e-01
993           	warmPlate	1.255770e+03	1.261396e+03	3.700221e-01
993           	OVC	-1.149826e+03	-1.147246e+03	-3.700150e-01
994           	warmPlate	1.255770e+03	1.261396e+03	3.700221e-01
994           	OVC	-1.149826e+03	-1.147246e+03	-3.700150e-01
995           	warmPlate	1.255770e+03	1.261396e+03	3.700221e-01
995           	OVC	-1.149826e+03	-1.147246e+03	-3.700150e-01
996           	warmPlate	1.255770e+03	1.261395e+03	3.700221e-01
996           	OVC	-1.149826e+03	-1.147247e+03	-3.700150e-01
997           	warmPlate	1.255770e+03	1.261395e+03	3.700221e-01
997           	OVC	-1.149826e+03	-1.147247e+03	-3.700150e-01
998           	warmPlate	1.255770e+03	1.261395e+03	3.700221e-01
998           	OVC	-1.149826e+03	-1.147247e+03	-3.700150e-01
999           	warmPlate	1.255770e+03	1.261395e+03	3.700220e-01
999           	OVC	-1.149826e+03	-1.147247e+03	-3.700150e-01
1000          	warmPlate	1.255770e+03	1.261395e+03	3.700220e-01
1000          	OVC	-1.149826e+03	-1.147247e+03	-3.700150e-01
1001          	warmPlate	1.255770e+03	1.261395e+03	3.700220e-01
1001          	OVC	-1.149827e+03	-1.147247e+03	-3.700150e-01
1002          	warmPlate	1.255770e+03	1.261395e+03	3.700220e-01
1002          	OVC	-1.149827e+03	-1.147247e+03	-3.700150e-01
1003          	warmPlate	1.255770e+03	1.261395e+03	3.700220e-01
1003          	OVC	-1.149827e+03	-1.147247e+03	-3.700150e-01
1004          	warmPlate	1.255770e+03	1.261395e+03	3.700220e-01
1004          	OVC	-1.149827e+03	-1.147247e+03	-3.700151e-01
1005          	warmPlate	1.255770e+03	1.261395e+03	3.700220e-01
1005          	OVC	-1.149827e+03	-1.147247e+03	-3.700151e-01
1006          	warmPlate	1.255770e+03	1.261395e+03	3.700220e-01
1006          	OVC	-1.149827e+03	-1.147247e+03	-3.700151e-01
1007          	warmPlate	1.255770e+03	1.261395e+03	3.700220e-01
1007          	OVC	-1.149827e+03	-1.147247e+03	-3.700151e-01
1008          	warmPlate	1.255770e+03	1.261395e+03	3.700220e-01
1008          	OVC	-1.149827e+03	-1.147247e+03	-3.700151e-01
1009          	warmPlate	1.255770e+03	1.261395e+03	3.700220e-01
1009          	OVC	-1.149827e+03	-1.147247e+03	-3.700151e-01
1010          	warmPlate	1.255770e+03	1.261395e+03	3.700220e-01
1010          	OVC	-1.149827e+03	-1.147247e+03	-3.700151e-01
1011          	warmPlate	1.255770e+03	1.261395e+03	3.700220e-01
1011          	OVC	-1.149827e+03	-1.147247e+03	-3.700151e-01
1012          	warmPlate	1.255770e+03	1.261395e+03	3.700220e-01
1012          	OVC	-1.149827e+03	-1.147247e+03	-3.700151e-01
1013          	warmPlate	1.255770e+03	1.261395e+03	3.700219e-01
1013          	OVC	-1.149827e+03	-1.147247e+03	-3.700151e-01
1014          	warmPlate	1.255770e+03	1.261395e+03	3.700219e-01
1014          	OVC	-1.149827e+03	-1.147247e+03	-3.700151e-01
1015          	warmPlate	1.255770e+03	1.261395e+03	3.700219e-01
1015          	OVC	-1.149827e+03	-1.147247e+03	-3.700151e-01
1016          	warmPlate	1.255770e+03	1.261395e+03	3.700219e-01
1016          	OVC	-1.149827e+03	-1.147247e+03	-3.700151e-01
1017          	warmPlate	1.255770e+03	1.261395e+03	3.700219e-01
1017          	OVC	-1.149827e+03	-1.147247e+03	-3.700151e-01
1018          	warmPlate	1.255770e+03	1.261395e+03	3.700219e-01
1018          	OVC	-1.149827e+03	-1.147247e+03	-3.700151e-01
1019          	warmPlate	1.255770e+03	1.261395e+03	3.700219e-01
1019          	OVC	-1.149827e+03	-1.147247e+03	-3.700151e-01
1020          	warmPlate	1.255770e+03	1.261395e+03	3.700219e-01
1020          	OVC	-1.149827e+03	-1.147247e+03	-3.700151e-01
1021          	warmPlate	1.255770e+03	1.261395e+03	3.700219e-01
1021          	OVC	-1.149827e+03	-1.147247e+03	-3.700151e-01
1022          	warmPlate	1.255770e+03	1.261395e+03	3.700219e-01
1022          	OVC	-1.149827e+03	-1.147247e+03	-3.700151e-01
1023          	warmPlate	1.255770e+03	1.261395e+03	3.700219e-01
1023          	OVC	-1.149827e+03	-1.147247e+03	-3.700151e-01
1024          	warmPlate	1.255770e+03	1.261395e+03	3.700219e-01
1024          	OVC	-1.149827e+03	-1.147247e+03	-3.700151e-01
1025          	warmPlate	1.255770e+03	1.261395e+03	3.700219e-01
1025          	OVC	-1.149827e+03	-1.147247e+03	-3.700151e-01
1026          	warmPlate	1.255770e+03	1.261395e+03	3.700219e-01
1026          	OVC	-1.149827e+03	-1.147247e+03	-3.700151e-01
1027          	warmPlate	1.255770e+03	1.261395e+03	3.700219e-01
1027          	OVC	-1.149827e+03	-1.147247e+03	-3.700151e-01
1028          	warmPlate	1.255770e+03	1.261395e+03	3.700219e-01
1028          	OVC	-1.149827e+03	-1.147247e+03	-3.700151e-01
1029          	warmPlate	1.255770e+03	1.261395e+03	3.700219e-01
1029          	OVC	-1.149827e+03	-1.147247e+03	-3.700151e-01
1030          	warmPlate	1.255770e+03	1.261395e+03	3.700219e-01
1030          	OVC	-1.149827e+03	-1.147247e+03	-3.700151e-01
1031          	warmPlate	1.255770e+03	1.261395e+03	3.700219e-01
1031          	OVC	-1.149827e+03	-1.147247e+03	-3.700151e-01
1032          	warmPlate	1.255770e+03	1.261395e+03	3.700219e-01
1032          	OVC	-1.149827e+03	-1.147247e+03	-3.700151e-01
1033          	warmPlate	1.255770e+03	1.261395e+03	3.700219e-01
1033          	OVC	-1.149827e+03	-1.147247e+03	-3.700151e-01
1034          	warmPlate	1.255770e+03	1.261395e+03	3.700219e-01
1034          	OVC	-1.149827e+03	-1.147247e+03	-3.700151e-01
1035          	warmPlate	1.255770e+03	1.261395e+03	3.700219e-01
1035          	OVC	-1.149827e+03	-1.147247e+03	-3.700151e-01
1036          	warmPlate	1.255770e+03	1.261395e+03	3.700219e-01
1036          	OVC	-1.149827e+03	-1.147247e+03	-3.700151e-01
1037          	warmPlate	1.255770e+03	1.261395e+03	3.700219e-01
1037          	OVC	-1.149827e+03	-1.147247e+03	-3.700151e-01
1038          	warmPlate	1.255770e+03	1.261395e+03	3.700219e-01
1038          	OVC	-1.149827e+03	-1.147247e+03	-3.700151e-01
1039          	warmPlate	1.255770e+03	1.261395e+03	3.700219e-01
1039          	OVC	-1.149827e+03	-1.147247e+03	-3.700151e-01
1040          	warmPlate	1.255770e+03	1.261395e+03	3.700219e-01
1040          	OVC	-1.149827e+03	-1.147247e+03	-3.700151e-01
1041          	warmPlate	1.255770e+03	1.261395e+03	3.700219e-01
1041          	OVC	-1.149827e+03	-1.147247e+03	-3.700151e-01
1042          	warmPlate	1.255770e+03	1.261395e+03	3.700219e-01
1042          	OVC	-1.149827e+03	-1.147247e+03	-3.700151e-01
1043          	warmPlate	1.255770e+03	1.261395e+03	3.700219e-01
1043          	OVC	-1.149827e+03	-1.147247e+03	-3.700151e-01
1044          	warmPlate	1.255770e+03	1.261395e+03	3.700219e-01
1044          	OVC	-1.149827e+03	-1.147247e+03	-3.700151e-01
1045          	warmPlate	1.255770e+03	1.261395e+03	3.700219e-01
1045          	OVC	-1.149827e+03	-1.147247e+03	-3.700151e-01
1046          	warmPlate	1.255770e+03	1.261395e+03	3.700219e-01
1046          	OVC	-1.149827e+03	-1.147247e+03	-3.700151e-01
1047          	warmPlate	1.255770e+03	1.261395e+03	3.700219e-01
1047          	OVC	-1.149827e+03	-1.147247e+03	-3.700151e-01
1048          	warmPlate	1.255770e+03	1.261395e+03	3.700219e-01
1048          	OVC	-1.149827e+03	-1.147247e+03	-3.700151e-01
1049          	warmPlate	1.255770e+03	1.261395e+03	3.700219e-01
1049          	OVC	-1.149827e+03	-1.147247e+03	-3.700151e-01
1050          	warmPlate	1.255770e+03	1.261395e+03	3.700219e-01
1050          	OVC	-1.149827e+03	-1.147247e+03	-3.700151e-01
1051          	warmPlate	1.255770e+03	1.261395e+03	3.700219e-01
1051          	OVC	-1.149827e+03	-1.147247e+03	-3.700151e-01
1052          	warmPlate	1.255770e+03	1.261395e+03	3.700219e-01
1052          	OVC	-1.149827e+03	-1.147247e+03	-3.700151e-01
1053          	warmPlate	1.255770e+03	1.261395e+03	3.700219e-01
1053          	OVC	-1.149827e+03	-1.147247e+03	-3.700151e-01
1054          	warmPlate	1.255770e+03	1.261395e+03	3.700219e-01
1054          	OVC	-1.149827e+03	-1.147247e+03	-3.700151e-01
1055          	warmPlate	1.255770e+03	1.261395e+03	3.700219e-01
1055          	OVC	-1.149827e+03	-1.147247e+03	-3.700151e-01
1056          	warmPlate	1.255770e+03	1.261395e+03	3.700219e-01
1056          	OVC	-1.149827e+03	-1.147247e+03	-3.700151e-01
1057          	warmPlate	1.255770e+03	1.261395e+03	3.700219e-01
1057          	OVC	-1.149827e+03	-1.147247e+03	-3.700151e-01
1058          	warmPlate	1.255770e+03	1.261395e+03	3.700219e-01
1058          	OVC	-1.149827e+03	-1.147247e+03	-3.700151e-01
1059          	warmPlate	1.255770e+03	1.261395e+03	3.700219e-01
1059          	OVC	-1.149827e+03	-1.147247e+03	-3.700151e-01
1060          	warmPlate	1.255770e+03	1.261395e+03	3.700219e-01
1060          	OVC	-1.149827e+03	-1.147247e+03	-3.700151e-01
1061          	warmPlate	1.255770e+03	1.261395e+03	3.700219e-01
1061          	OVC	-1.149827e+03	-1.147247e+03	-3.700151e-01
1062          	warmPlate	1.255770e+03	1.261395e+03	3.700219e-01
1062          	OVC	-1.149827e+03	-1.147247e+03	-3.700151e-01
1063          	warmPlate	1.255770e+03	1.261395e+03	3.700219e-01
1063          	OVC	-1.149827e+03	-1.147247e+03	-3.700151e-01
1064          	warmPlate	1.255770e+03	1.261395e+03	3.700219e-01
1064          	OVC	-1.149827e+03	-1.147247e+03	-3.700151e-01
1065          	warmPlate	1.255770e+03	1.261395e+03	3.700219e-01
1065          	OVC	-1.149827e+03	-1.147247e+03	-3.700151e-01
1066          	warmPlate	1.255770e+03	1.261395e+03	3.700219e-01
1066          	OVC	-1.149827e+03	-1.147247e+03	-3.700151e-01
1067          	warmPlate	1.255770e+03	1.261395e+03	3.700219e-01
1067          	OVC	-1.149827e+03	-1.147247e+03	-3.700151e-01
1068          	warmPlate	1.255770e+03	1.261395e+03	3.700219e-01
1068          	OVC	-1.149827e+03	-1.147247e+03	-3.700151e-01
1069          	warmPlate	1.255770e+03	1.261395e+03	3.700219e-01
1069          	OVC	-1.149827e+03	-1.147247e+03	-3.700151e-01
1070          	warmPlate	1.255770e+03	1.261395e+03	3.700219e-01
1070          	OVC	-1.149827e+03	-1.147247e+03	-3.700151e-01
1071          	warmPlate	1.255770e+03	1.261395e+03	3.700219e-01
1071          	OVC	-1.149827e+03	-1.147247e+03	-3.700151e-01
1072          	warmPlate	1.255770e+03	1.261395e+03	3.700219e-01
1072          	OVC	-1.149827e+03	-1.147247e+03	-3.700151e-01
1073          	warmPlate	1.255770e+03	1.261395e+03	3.700219e-01
1073          	OVC	-1.149827e+03	-1.147247e+03	-3.700151e-01
1074          	warmPlate	1.255770e+03	1.261395e+03	3.700219e-01
1074          	OVC	-1.149827e+03	-1.147247e+03	-3.700151e-01
1075          	warmPlate	1.255770e+03	1.261395e+03	3.700219e-01
1075          	OVC	-1.149827e+03	-1.147247e+03	-3.700151e-01
1076          	warmPlate	1.255770e+03	1.261395e+03	3.700219e-01
1076          	OVC	-1.149827e+03	-1.147247e+03	-3.700151e-01
1077          	warmPlate	1.255770e+03	1.261395e+03	3.700219e-01
1077          	OVC	-1.149827e+03	-1.147247e+03	-3.700151e-01
1078          	warmPlate	1.255770e+03	1.261395e+03	3.700219e-01
1078          	OVC	-1.149827e+03	-1.147247e+03	-3.700151e-01
1079          	warmPlate	1.255770e+03	1.261395e+03	3.700219e-01
1079          	OVC	-1.149827e+03	-1.147247e+03	-3.700151e-01
1080          	warmPlate	1.255770e+03	1.261395e+03	3.700219e-01
1080          	OVC	-1.149827e+03	-1.147247e+03	-3.700151e-01
1081          	warmPlate	1.255770e+03	1.261395e+03	3.700219e-01
1081          	OVC	-1.149827e+03	-1.147247e+03	-3.700151e-01
1082          	warmPlate	1.255770e+03	1.261395e+03	3.700219e-01
1082          	OVC	-1.149827e+03	-1.147247e+03	-3.700151e-01
1083          	warmPlate	1.255770e+03	1.261395e+03	3.700219e-01
1083          	OVC	-1.149827e+03	-1.147247e+03	-3.700151e-01
1084          	warmPlate	1.255770e+03	1.261395e+03	3.700219e-01
1084          	OVC	-1.149827e+03	-1.147247e+03	-3.700151e-01
1085          	warmPlate	1.255770e+03	1.261395e+03	3.700219e-01
1085          	OVC	-1.149827e+03	-1.147247e+03	-3.700151e-01
1086          	warmPlate	1.255770e+03	1.261395e+03	3.700219e-01
1086          	OVC	-1.149827e+03	-1.147247e+03	-3.700151e-01
1087          	warmPlate	1.255770e+03	1.261395e+03	3.700219e-01
1087          	OVC	-1.149827e+03	-1.147247e+03	-3.700151e-01
1088          	warmPlate	1.255770e+03	1.261395e+03	3.700219e-01
1088          	OVC	-1.149827e+03	-1.147247e+03	-3.700151e-01
1089          	warmPlate	1.255770e+03	1.261395e+03	3.700219e-01
1089          	OVC	-1.149827e+03	-1.147247e+03	-3.700151e-01
1090          	warmPlate	1.255770e+03	1.261395e+03	3.700219e-01
1090          	OVC	-1.149827e+03	-1.147247e+03	-3.700151e-01
1091          	warmPlate	1.255770e+03	1.261395e+03	3.700219e-01
1091          	OVC	-1.149827e+03	-1.147247e+03	-3.700151e-01
1092          	warmPlate	1.255770e+03	1.261395e+03	3.700219e-01
1092          	OVC	-1.149827e+03	-1.147247e+03	-3.700151e-01
1093          	warmPlate	1.255770e+03	1.261395e+03	3.700219e-01
1093          	OVC	-1.149827e+03	-1.147247e+03	-3.700151e-01
1094          	warmPlate	1.255770e+03	1.261395e+03	3.700219e-01
1094          	OVC	-1.149827e+03	-1.147247e+03	-3.700151e-01
1095          	warmPlate	1.255770e+03	1.261395e+03	3.700219e-01
1095          	OVC	-1.149827e+03	-1.147247e+03	-3.700151e-01
1096          	warmPlate	1.255770e+03	1.261395e+03	3.700219e-01
1096          	OVC	-1.149827e+03	-1.147247e+03	-3.700151e-01
1097          	warmPlate	1.255770e+03	1.261395e+03	3.700219e-01
1097          	OVC	-1.149827e+03	-1.147247e+03	-3.700151e-01
1098          	warmPlate	1.255770e+03	1.261395e+03	3.700219e-01
1098          	OVC	-1.149827e+03	-1.147247e+03	-3.700151e-01
1099          	warmPlate	1.255770e+03	1.261395e+03	3.700219e-01
1099          	OVC	-1.149827e+03	-1.147247e+03	-3.700151e-01
1100          	warmPlate	1.255770e+03	1.261395e+03	3.700219e-01
1100          	OVC	-1.149827e+03	-1.147247e+03	-3.700151e-01
1101          	warmPlate	1.255770e+03	1.261395e+03	3.700219e-01
1101          	OVC	-1.149827e+03	-1.147247e+03	-3.700151e-01
1102          	warmPlate	1.255770e+03	1.261395e+03	3.700219e-01
1102          	OVC	-1.149827e+03	-1.147247e+03	-3.700151e-01
1103          	warmPlate	1.255770e+03	1.261395e+03	3.700219e-01
1103          	OVC	-1.149827e+03	-1.147247e+03	-3.700151e-01
1104          	warmPlate	1.255770e+03	1.261395e+03	3.700219e-01
1104          	OVC	-1.149827e+03	-1.147247e+03	-3.700151e-01
1105          	warmPlate	1.255770e+03	1.261395e+03	3.700219e-01
1105          	OVC	-1.149827e+03	-1.147247e+03	-3.700151e-01
1106          	warmPlate	1.255770e+03	1.261395e+03	3.700219e-01
1106          	OVC	-1.149827e+03	-1.147247e+03	-3.700151e-01
1107          	warmPlate	1.255770e+03	1.261395e+03	3.700219e-01
1107          	OVC	-1.149827e+03	-1.147247e+03	-3.700151e-01
1108          	warmPlate	1.255770e+03	1.261395e+03	3.700219e-01
1108          	OVC	-1.149827e+03	-1.147247e+03	-3.700151e-01
1109          	warmPlate	1.255770e+03	1.261395e+03	3.700219e-01
1109          	OVC	-1.149827e+03	-1.147247e+03	-3.700151e-01
1110          	warmPlate	1.255770e+03	1.261395e+03	3.700219e-01
1110          	OVC	-1.149827e+03	-1.147247e+03	-3.700151e-01
1111          	warmPlate	1.255770e+03	1.261395e+03	3.700219e-01
1111          	OVC	-1.149827e+03	-1.147247e+03	-3.700151e-01
1112          	warmPlate	1.255770e+03	1.261395e+03	3.700219e-01
1112          	OVC	-1.149827e+03	-1.147247e+03	-3.700151e-01
1113          	warmPlate	1.255770e+03	1.261395e+03	3.700219e-01
1113          	OVC	-1.149827e+03	-1.147247e+03	-3.700151e-01
1114          	warmPlate	1.255770e+03	1.261395e+03	3.700219e-01
1114          	OVC	-1.149827e+03	-1.147247e+03	-3.700151e-01
1115          	warmPlate	1.255770e+03	1.261395e+03	3.700219e-01
1115          	OVC	-1.149827e+03	-1.147247e+03	-3.700151e-01
1116          	warmPlate	1.255770e+03	1.261395e+03	3.700219e-01
1116          	OVC	-1.149827e+03	-1.147247e+03	-3.700151e-01
1117          	warmPlate	1.255770e+03	1.261395e+03	3.700219e-01
1117          	OVC	-1.149827e+03	-1.147247e+03	-3.700151e-01
1118          	warmPlate	1.255770e+03	1.261395e+03	3.700219e-01
1118          	OVC	-1.149827e+03	-1.147247e+03	-3.700151e-01
1119          	warmPlate	1.255770e+03	1.261395e+03	3.700219e-01
1119          	OVC	-1.149827e+03	-1.147247e+03	-3.700151e-01
1120          	warmPlate	1.255770e+03	1.261395e+03	3.700219e-01
1120          	OVC	-1.149827e+03	-1.147247e+03	-3.700151e-01
1121          	warmPlate	1.255770e+03	1.261395e+03	3.700219e-01
1121          	OVC	-1.149827e+03	-1.147247e+03	-3.700151e-01
1122          	warmPlate	1.255770e+03	1.261395e+03	3.700219e-01
1122          	OVC	-1.149827e+03	-1.147247e+03	-3.700151e-01
1123          	warmPlate	1.255770e+03	1.261395e+03	3.700219e-01
1123          	OVC	-1.149827e+03	-1.147247e+03	-3.700151e-01
1124          	warmPlate	1.255770e+03	1.261395e+03	3.700219e-01
1124          	OVC	-1.149827e+03	-1.147247e+03	-3.700151e-01
1125          	warmPlate	1.255770e+03	1.261395e+03	3.700219e-01
1125          	OVC	-1.149827e+03	-1.147247e+03	-3.700151e-01
1126          	warmPlate	1.255770e+03	1.261395e+03	3.700219e-01
1126          	OVC	-1.149827e+03	-1.147247e+03	-3.700151e-01
1127          	warmPlate	1.255770e+03	1.261395e+03	3.700219e-01
1127          	OVC	-1.149827e+03	-1.147247e+03	-3.700151e-01
1128          	warmPlate	1.255770e+03	1.261395e+03	3.700219e-01
1128          	OVC	-1.149827e+03	-1.147247e+03	-3.700151e-01
1129          	warmPlate	1.255770e+03	1.261395e+03	3.700219e-01
1129          	OVC	-1.149827e+03	-1.147247e+03	-3.700151e-01
1130          	warmPlate	1.255770e+03	1.261395e+03	3.700219e-01
1130          	OVC	-1.149827e+03	-1.147247e+03	-3.700151e-01
1131          	warmPlate	1.255770e+03	1.261395e+03	3.700219e-01
1131          	OVC	-1.149827e+03	-1.147247e+03	-3.700151e-01
1132          	warmPlate	1.255770e+03	1.261395e+03	3.700219e-01
1132          	OVC	-1.149827e+03	-1.147247e+03	-3.700151e-01
1133          	warmPlate	1.255770e+03	1.261395e+03	3.700219e-01
1133          	OVC	-1.149827e+03	-1.147247e+03	-3.700151e-01
1134          	warmPlate	1.255770e+03	1.261395e+03	3.700219e-01
1134          	OVC	-1.149827e+03	-1.147247e+03	-3.700151e-01
1135          	warmPlate	1.255770e+03	1.261395e+03	3.700219e-01
1135          	OVC	-1.149827e+03	-1.147247e+03	-3.700151e-01
1136          	warmPlate	1.255770e+03	1.261395e+03	3.700219e-01
1136          	OVC	-1.149827e+03	-1.147247e+03	-3.700151e-01
1137          	warmPlate	1.255770e+03	1.261395e+03	3.700219e-01
1137          	OVC	-1.149827e+03	-1.147247e+03	-3.700151e-01
1138          	warmPlate	1.255770e+03	1.261395e+03	3.700219e-01
1138          	OVC	-1.149827e+03	-1.147247e+03	-3.700151e-01
1139          	warmPlate	1.255770e+03	1.261395e+03	3.700219e-01
1139          	OVC	-1.149827e+03	-1.147247e+03	-3.700151e-01
1140          	warmPlate	1.255770e+03	1.261395e+03	3.700219e-01
1140          	OVC	-1.149827e+03	-1.147247e+03	-3.700151e-01
1141          	warmPlate	1.255770e+03	1.261395e+03	3.700219e-01
1141          	OVC	-1.149827e+03	-1.147247e+03	-3.700151e-01
1142          	warmPlate	1.255770e+03	1.261395e+03	3.700219e-01
1142          	OVC	-1.149827e+03	-1.147247e+03	-3.700151e-01
1143          	warmPlate	1.255770e+03	1.261395e+03	3.700219e-01
1143          	OVC	-1.149827e+03	-1.147247e+03	-3.700151e-01
1144          	warmPlate	1.255770e+03	1.261395e+03	3.700219e-01
1144          	OVC	-1.149827e+03	-1.147247e+03	-3.700151e-01
1145          	warmPlate	1.255770e+03	1.261395e+03	3.700219e-01
1145          	OVC	-1.149827e+03	-1.147247e+03	-3.700151e-01
1146          	warmPlate	1.255770e+03	1.261395e+03	3.700219e-01
1146          	OVC	-1.149827e+03	-1.147247e+03	-3.700151e-01
1147          	warmPlate	1.255770e+03	1.261395e+03	3.700219e-01
1147          	OVC	-1.149827e+03	-1.147247e+03	-3.700151e-01
1148          	warmPlate	1.255770e+03	1.261395e+03	3.700219e-01
1148          	OVC	-1.149827e+03	-1.147247e+03	-3.700151e-01
1149          	warmPlate	1.255770e+03	1.261395e+03	3.700219e-01
1149          	OVC	-1.149827e+03	-1.147247e+03	-3.700151e-01
1150          	warmPlate	1.255770e+03	1.261395e+03	3.700219e-01
1150          	OVC	-1.149827e+03	-1.147247e+03	-3.700151e-01
1151          	warmPlate	1.255770e+03	1.261395e+03	3.700219e-01
1151          	OVC	-1.149827e+03	-1.147247e+03	-3.700151e-01
1152          	warmPlate	1.255770e+03	1.261395e+03	3.700219e-01
1152          	OVC	-1.149827e+03	-1.147247e+03	-3.700151e-01
1153          	warmPlate	1.255770e+03	1.261395e+03	3.700219e-01
1153          	OVC	-1.149827e+03	-1.147247e+03	-3.700151e-01
1154          	warmPlate	1.255770e+03	1.261395e+03	3.700219e-01
1154          	OVC	-1.149827e+03	-1.147247e+03	-3.700151e-01
1155          	warmPlate	1.255770e+03	1.261395e+03	3.700219e-01
1155          	OVC	-1.149827e+03	-1.147247e+03	-3.700151e-01
1156          	warmPlate	1.255770e+03	1.261395e+03	3.700219e-01
1156          	OVC	-1.149827e+03	-1.147247e+03	-3.700151e-01
1157          	warmPlate	1.255770e+03	1.261395e+03	3.700219e-01
1157          	OVC	-1.149827e+03	-1.147247e+03	-3.700151e-01
1158          	warmPlate	1.255770e+03	1.261395e+03	3.700219e-01
1158          	OVC	-1.149827e+03	-1.147247e+03	-3.700151e-01
1159          	warmPlate	1.255770e+03	1.261395e+03	3.700219e-01
1159          	OVC	-1.149827e+03	-1.147247e+03	-3.700151e-01
1160          	warmPlate	1.255770e+03	1.261395e+03	3.700219e-01
1160          	OVC	-1.149827e+03	-1.147247e+03	-3.700151e-01
1161          	warmPlate	1.255770e+03	1.261395e+03	3.700219e-01
1161          	OVC	-1.149827e+03	-1.147247e+03	-3.700151e-01
1162          	warmPlate	1.255770e+03	1.261395e+03	3.700219e-01
1162          	OVC	-1.149827e+03	-1.147247e+03	-3.700151e-01
1163          	warmPlate	1.255770e+03	1.261395e+03	3.700219e-01
1163          	OVC	-1.149827e+03	-1.147247e+03	-3.700151e-01
1164          	warmPlate	1.255770e+03	1.261395e+03	3.700219e-01
1164          	OVC	-1.149827e+03	-1.147247e+03	-3.700151e-01
1165          	warmPlate	1.255770e+03	1.261395e+03	3.700219e-01
1165          	OVC	-1.149827e+03	-1.147247e+03	-3.700151e-01
1166          	warmPlate	1.255770e+03	1.261395e+03	3.700219e-01
1166          	OVC	-1.149827e+03	-1.147247e+03	-3.700151e-01
1167          	warmPlate	1.255770e+03	1.261395e+03	3.700219e-01
1167          	OVC	-1.149827e+03	-1.147247e+03	-3.700151e-01
1168          	warmPlate	1.255770e+03	1.261395e+03	3.700219e-01
1168          	OVC	-1.149827e+03	-1.147247e+03	-3.700151e-01
1169          	warmPlate	1.255770e+03	1.261395e+03	3.700219e-01
1169          	OVC	-1.149827e+03	-1.147247e+03	-3.700151e-01
1170          	warmPlate	1.255770e+03	1.261395e+03	3.700219e-01
1170          	OVC	-1.149827e+03	-1.147247e+03	-3.700151e-01
1171          	warmPlate	1.255770e+03	1.261395e+03	3.700219e-01
1171          	OVC	-1.149827e+03	-1.147247e+03	-3.700151e-01
1172          	warmPlate	1.255770e+03	1.261395e+03	3.700219e-01
1172          	OVC	-1.149827e+03	-1.147247e+03	-3.700151e-01
1173          	warmPlate	1.255770e+03	1.261395e+03	3.700219e-01
1173          	OVC	-1.149827e+03	-1.147247e+03	-3.700151e-01
1174          	warmPlate	1.255770e+03	1.261395e+03	3.700219e-01
1174          	OVC	-1.149827e+03	-1.147247e+03	-3.700151e-01
1175          	warmPlate	1.255770e+03	1.261395e+03	3.700219e-01
1175          	OVC	-1.149827e+03	-1.147247e+03	-3.700151e-01
1176          	warmPlate	1.255770e+03	1.261395e+03	3.700219e-01
1176          	OVC	-1.149827e+03	-1.147247e+03	-3.700151e-01
1177          	warmPlate	1.255770e+03	1.261395e+03	3.700219e-01
1177          	OVC	-1.149827e+03	-1.147247e+03	-3.700151e-01
1178          	warmPlate	1.255770e+03	1.261395e+03	3.700219e-01
1178          	OVC	-1.149827e+03	-1.147247e+03	-3.700151e-01
1179          	warmPlate	1.255770e+03	1.261395e+03	3.700219e-01
1179          	OVC	-1.149827e+03	-1.147247e+03	-3.700151e-01
1180          	warmPlate	1.255770e+03	1.261395e+03	3.700219e-01
1180          	OVC	-1.149827e+03	-1.147247e+03	-3.700151e-01
1181          	warmPlate	1.255770e+03	1.261395e+03	3.700219e-01
1181          	OVC	-1.149827e+03	-1.147247e+03	-3.700151e-01
1182          	warmPlate	1.255770e+03	1.261395e+03	3.700219e-01
1182          	OVC	-1.149827e+03	-1.147247e+03	-3.700151e-01
1183          	warmPlate	1.255770e+03	1.261395e+03	3.700219e-01
1183          	OVC	-1.149827e+03	-1.147247e+03	-3.700151e-01
1184          	warmPlate	1.255770e+03	1.261395e+03	3.700219e-01
1184          	OVC	-1.149827e+03	-1.147247e+03	-3.700151e-01
1185          	warmPlate	1.255770e+03	1.261395e+03	3.700219e-01
1185          	OVC	-1.149827e+03	-1.147247e+03	-3.700151e-01
1186          	warmPlate	1.255770e+03	1.261395e+03	3.700219e-01
1186          	OVC	-1.149827e+03	-1.147247e+03	-3.700151e-01
1187          	warmPlate	1.255770e+03	1.261395e+03	3.700219e-01
1187          	OVC	-1.149827e+03	-1.147247e+03	-3.700151e-01
1188          	warmPlate	1.255770e+03	1.261395e+03	3.700219e-01
1188          	OVC	-1.149827e+03	-1.147247e+03	-3.700151e-01
1189          	warmPlate	1.255770e+03	1.261395e+03	3.700219e-01
1189          	OVC	-1.149827e+03	-1.147247e+03	-3.700151e-01
1190          	warmPlate	1.255770e+03	1.261395e+03	3.700219e-01
1190          	OVC	-1.149827e+03	-1.147247e+03	-3.700151e-01
1191          	warmPlate	1.255770e+03	1.261395e+03	3.700219e-01
1191          	OVC	-1.149827e+03	-1.147247e+03	-3.700151e-01
1192          	warmPlate	1.255770e+03	1.261395e+03	3.700219e-01
1192          	OVC	-1.149827e+03	-1.147247e+03	-3.700151e-01
1193          	warmPlate	1.255770e+03	1.261395e+03	3.700219e-01
1193          	OVC	-1.149827e+03	-1.147247e+03	-3.700151e-01
1194          	warmPlate	1.255770e+03	1.261395e+03	3.700219e-01
1194          	OVC	-1.149827e+03	-1.147247e+03	-3.700151e-01
1195          	warmPlate	1.255770e+03	1.261395e+03	3.700219e-01
1195          	OVC	-1.149827e+03	-1.147247e+03	-3.700151e-01
1196          	warmPlate	1.255770e+03	1.261395e+03	3.700219e-01
1196          	OVC	-1.149827e+03	-1.147247e+03	-3.700151e-01
1197          	warmPlate	1.255770e+03	1.261395e+03	3.700219e-01
1197          	OVC	-1.149827e+03	-1.147247e+03	-3.700151e-01
1198          	warmPlate	1.255770e+03	1.261395e+03	3.700219e-01
1198          	OVC	-1.149827e+03	-1.147247e+03	-3.700151e-01
1199          	warmPlate	1.255770e+03	1.261395e+03	3.700219e-01
1199          	OVC	-1.149827e+03	-1.147247e+03	-3.700151e-01
1200          	warmPlate	1.255770e+03	1.261395e+03	3.700219e-01
1200          	OVC	-1.149827e+03	-1.147247e+03	-3.700151e-01
1201          	warmPlate	1.255770e+03	1.261395e+03	3.700219e-01
1201          	OVC	-1.149827e+03	-1.147247e+03	-3.700151e-01
1202          	warmPlate	1.255770e+03	1.261395e+03	3.700219e-01
1202          	OVC	-1.149827e+03	-1.147247e+03	-3.700151e-01
1203          	warmPlate	1.255770e+03	1.261395e+03	3.700219e-01
1203          	OVC	-1.149827e+03	-1.147247e+03	-3.700151e-01
1204          	warmPlate	1.255770e+03	1.261395e+03	3.700219e-01
1204          	OVC	-1.149827e+03	-1.147247e+03	-3.700151e-01
1205          	warmPlate	1.255770e+03	1.261395e+03	3.700219e-01
1205          	OVC	-1.149827e+03	-1.147247e+03	-3.700151e-01
1206          	warmPlate	1.255770e+03	1.261395e+03	3.700219e-01
1206          	OVC	-1.149827e+03	-1.147247e+03	-3.700151e-01
1207          	warmPlate	1.255770e+03	1.261395e+03	3.700219e-01
1207          	OVC	-1.149827e+03	-1.147247e+03	-3.700151e-01
1208          	warmPlate	1.255770e+03	1.261395e+03	3.700219e-01
1208          	OVC	-1.149827e+03	-1.147247e+03	-3.700151e-01
1209          	warmPlate	1.255770e+03	1.261395e+03	3.700219e-01
1209          	OVC	-1.149827e+03	-1.147247e+03	-3.700151e-01
1210          	warmPlate	1.255770e+03	1.261395e+03	3.700219e-01
1210          	OVC	-1.149827e+03	-1.147247e+03	-3.700151e-01
1211          	warmPlate	1.255770e+03	1.261395e+03	3.700219e-01
1211          	OVC	-1.149827e+03	-1.147247e+03	-3.700151e-01
1212          	warmPlate	1.255770e+03	1.261395e+03	3.700219e-01
1212          	OVC	-1.149827e+03	-1.147247e+03	-3.700151e-01
1213          	warmPlate	1.255770e+03	1.261395e+03	3.700219e-01
1213          	OVC	-1.149827e+03	-1.147247e+03	-3.700151e-01
1214          	warmPlate	1.255770e+03	1.261395e+03	3.700219e-01
1214          	OVC	-1.149827e+03	-1.147247e+03	-3.700151e-01
1215          	warmPlate	1.255770e+03	1.261395e+03	3.700219e-01
1215          	OVC	-1.149827e+03	-1.147247e+03	-3.700151e-01
1216          	warmPlate	1.255770e+03	1.261395e+03	3.700219e-01
1216          	OVC	-1.149827e+03	-1.147247e+03	-3.700151e-01
1217          	warmPlate	1.255770e+03	1.261395e+03	3.700219e-01
1217          	OVC	-1.149827e+03	-1.147247e+03	-3.700151e-01
1218          	warmPlate	1.255770e+03	1.261395e+03	3.700219e-01
1218          	OVC	-1.149827e+03	-1.147247e+03	-3.700151e-01
1219          	warmPlate	1.255770e+03	1.261395e+03	3.700219e-01
1219          	OVC	-1.149827e+03	-1.147247e+03	-3.700151e-01
1220          	warmPlate	1.255770e+03	1.261395e+03	3.700219e-01
1220          	OVC	-1.149827e+03	-1.147247e+03	-3.700151e-01
1221          	warmPlate	1.255770e+03	1.261395e+03	3.700219e-01
1221          	OVC	-1.149827e+03	-1.147247e+03	-3.700151e-01
1222          	warmPlate	1.255770e+03	1.261395e+03	3.700219e-01
1222          	OVC	-1.149827e+03	-1.147247e+03	-3.700151e-01
1223          	warmPlate	1.255770e+03	1.261395e+03	3.700219e-01
1223          	OVC	-1.149827e+03	-1.147247e+03	-3.700151e-01
1224          	warmPlate	1.255770e+03	1.261395e+03	3.700219e-01
1224          	OVC	-1.149827e+03	-1.147247e+03	-3.700151e-01
1225          	warmPlate	1.255770e+03	1.261395e+03	3.700219e-01
1225          	OVC	-1.149827e+03	-1.147247e+03	-3.700151e-01
1226          	warmPlate	1.255770e+03	1.261395e+03	3.700219e-01
1226          	OVC	-1.149827e+03	-1.147247e+03	-3.700151e-01
1227          	warmPlate	1.255770e+03	1.261395e+03	3.700219e-01
1227          	OVC	-1.149827e+03	-1.147247e+03	-3.700151e-01
1228          	warmPlate	1.255770e+03	1.261395e+03	3.700219e-01
1228          	OVC	-1.149827e+03	-1.147247e+03	-3.700151e-01
1229          	warmPlate	1.255770e+03	1.261395e+03	3.700219e-01
1229          	OVC	-1.149827e+03	-1.147247e+03	-3.700151e-01
1230          	warmPlate	1.255770e+03	1.261395e+03	3.700219e-01
1230          	OVC	-1.149827e+03	-1.147247e+03	-3.700151e-01
1231          	warmPlate	1.255770e+03	1.261395e+03	3.700219e-01
1231          	OVC	-1.149827e+03	-1.147247e+03	-3.700151e-01
1232          	warmPlate	1.255770e+03	1.261395e+03	3.700219e-01
1232          	OVC	-1.149827e+03	-1.147247e+03	-3.700151e-01
1233          	warmPlate	1.255770e+03	1.261395e+03	3.700219e-01
1233          	OVC	-1.149827e+03	-1.147247e+03	-3.700151e-01
1234          	warmPlate	1.255770e+03	1.261395e+03	3.700219e-01
1234          	OVC	-1.149827e+03	-1.147247e+03	-3.700151e-01
1235          	warmPlate	1.255770e+03	1.261395e+03	3.700219e-01
1235          	OVC	-1.149827e+03	-1.147247e+03	-3.700151e-01
1236          	warmPlate	1.255770e+03	1.261395e+03	3.700219e-01
1236          	OVC	-1.149827e+03	-1.147247e+03	-3.700151e-01
1237          	warmPlate	1.255770e+03	1.261395e+03	3.700219e-01
1237          	OVC	-1.149827e+03	-1.147247e+03	-3.700151e-01
1238          	warmPlate	1.255770e+03	1.261395e+03	3.700219e-01
1238          	OVC	-1.149827e+03	-1.147247e+03	-3.700151e-01
1239          	warmPlate	1.255770e+03	1.261395e+03	3.700219e-01
1239          	OVC	-1.149827e+03	-1.147247e+03	-3.700151e-01
1240          	warmPlate	1.255770e+03	1.261395e+03	3.700219e-01
1240          	OVC	-1.149827e+03	-1.147247e+03	-3.700151e-01
1241          	warmPlate	1.255770e+03	1.261395e+03	3.700219e-01
1241          	OVC	-1.149827e+03	-1.147247e+03	-3.700151e-01
1242          	warmPlate	1.255770e+03	1.261395e+03	3.700219e-01
1242          	OVC	-1.149827e+03	-1.147247e+03	-3.700151e-01
1243          	warmPlate	1.255770e+03	1.261395e+03	3.700219e-01
1243          	OVC	-1.149827e+03	-1.147247e+03	-3.700151e-01
1244          	warmPlate	1.255770e+03	1.261395e+03	3.700219e-01
1244          	OVC	-1.149827e+03	-1.147247e+03	-3.700151e-01
1245          	warmPlate	1.255770e+03	1.261395e+03	3.700219e-01
1245          	OVC	-1.149827e+03	-1.147247e+03	-3.700151e-01
1246          	warmPlate	1.255770e+03	1.261395e+03	3.700219e-01
1246          	OVC	-1.149827e+03	-1.147247e+03	-3.700151e-01
1247          	warmPlate	1.255770e+03	1.261395e+03	3.700219e-01
1247          	OVC	-1.149827e+03	-1.147247e+03	-3.700151e-01
1248          	warmPlate	1.255770e+03	1.261395e+03	3.700219e-01
1248          	OVC	-1.149827e+03	-1.147247e+03	-3.700151e-01
1249          	warmPlate	1.255770e+03	1.261395e+03	3.700219e-01
1249          	OVC	-1.149827e+03	-1.147247e+03	-3.700151e-01
1250          	warmPlate	1.255770e+03	1.261395e+03	3.700219e-01
1250          	OVC	-1.149827e+03	-1.147247e+03	-3.700151e-01
1251          	warmPlate	1.255770e+03	1.261395e+03	3.700219e-01
1251          	OVC	-1.149827e+03	-1.147247e+03	-3.700151e-01
1252          	warmPlate	1.255770e+03	1.261395e+03	3.700219e-01
1252          	OVC	-1.149827e+03	-1.147247e+03	-3.700151e-01
1253          	warmPlate	1.255770e+03	1.261395e+03	3.700219e-01
1253          	OVC	-1.149827e+03	-1.147247e+03	-3.700151e-01
1254          	warmPlate	1.255770e+03	1.261395e+03	3.700219e-01
1254          	OVC	-1.149827e+03	-1.147247e+03	-3.700151e-01
1255          	warmPlate	1.255770e+03	1.261395e+03	3.700219e-01
1255          	OVC	-1.149827e+03	-1.147247e+03	-3.700151e-01
1256          	warmPlate	1.255770e+03	1.261395e+03	3.700219e-01
1256          	OVC	-1.149827e+03	-1.147247e+03	-3.700151e-01
1257          	warmPlate	1.255770e+03	1.261395e+03	3.700219e-01
1257          	OVC	-1.149827e+03	-1.147247e+03	-3.700151e-01
1258          	warmPlate	1.255770e+03	1.261395e+03	3.700219e-01
1258          	OVC	-1.149827e+03	-1.147247e+03	-3.700151e-01
1259          	warmPlate	1.255770e+03	1.261395e+03	3.700219e-01
1259          	OVC	-1.149827e+03	-1.147247e+03	-3.700151e-01
1260          	warmPlate	1.255770e+03	1.261395e+03	3.700219e-01
1260          	OVC	-1.149827e+03	-1.147247e+03	-3.700151e-01
1261          	warmPlate	1.255770e+03	1.261395e+03	3.700219e-01
1261          	OVC	-1.149827e+03	-1.147247e+03	-3.700151e-01
1262          	warmPlate	1.255770e+03	1.261395e+03	3.700219e-01
1262          	OVC	-1.149827e+03	-1.147247e+03	-3.700151e-01
1263          	warmPlate	1.255770e+03	1.261395e+03	3.700219e-01
1263          	OVC	-1.149827e+03	-1.147247e+03	-3.700151e-01
1264          	warmPlate	1.255770e+03	1.261395e+03	3.700219e-01
1264          	OVC	-1.149827e+03	-1.147247e+03	-3.700151e-01
1265          	warmPlate	1.255770e+03	1.261395e+03	3.700219e-01
1265          	OVC	-1.149827e+03	-1.147247e+03	-3.700151e-01
1266          	warmPlate	1.255770e+03	1.261395e+03	3.700219e-01
1266          	OVC	-1.149827e+03	-1.147247e+03	-3.700151e-01
1267          	warmPlate	1.255770e+03	1.261395e+03	3.700219e-01
1267          	OVC	-1.149827e+03	-1.147247e+03	-3.700151e-01
1268          	warmPlate	1.255770e+03	1.261395e+03	3.700219e-01
1268          	OVC	-1.149827e+03	-1.147247e+03	-3.700151e-01
1269          	warmPlate	1.255770e+03	1.261395e+03	3.700219e-01
1269          	OVC	-1.149827e+03	-1.147247e+03	-3.700151e-01
1270          	warmPlate	1.255770e+03	1.261395e+03	3.700219e-01
1270          	OVC	-1.149827e+03	-1.147247e+03	-3.700151e-01
1271          	warmPlate	1.255770e+03	1.261395e+03	3.700219e-01
1271          	OVC	-1.149827e+03	-1.147247e+03	-3.700151e-01
1272          	warmPlate	1.255770e+03	1.261395e+03	3.700219e-01
1272          	OVC	-1.149827e+03	-1.147247e+03	-3.700151e-01
1273          	warmPlate	1.255770e+03	1.261395e+03	3.700219e-01
1273          	OVC	-1.149827e+03	-1.147247e+03	-3.700151e-01
1274          	warmPlate	1.255770e+03	1.261395e+03	3.700219e-01
1274          	OVC	-1.149827e+03	-1.147247e+03	-3.700151e-01
1275          	warmPlate	1.255770e+03	1.261395e+03	3.700219e-01
1275          	OVC	-1.149827e+03	-1.147247e+03	-3.700151e-01
1276          	warmPlate	1.255770e+03	1.261395e+03	3.700219e-01
1276          	OVC	-1.149827e+03	-1.147247e+03	-3.700151e-01
1277          	warmPlate	1.255770e+03	1.261395e+03	3.700219e-01
1277          	OVC	-1.149827e+03	-1.147247e+03	-3.700151e-01
1278          	warmPlate	1.255770e+03	1.261395e+03	3.700219e-01
1278          	OVC	-1.149827e+03	-1.147247e+03	-3.700151e-01
1279          	warmPlate	1.255770e+03	1.261395e+03	3.700219e-01
1279          	OVC	-1.149827e+03	-1.147247e+03	-3.700151e-01
1280          	warmPlate	1.255770e+03	1.261395e+03	3.700219e-01
1280          	OVC	-1.149827e+03	-1.147247e+03	-3.700151e-01
1281          	warmPlate	1.255770e+03	1.261395e+03	3.700219e-01
1281          	OVC	-1.149827e+03	-1.147247e+03	-3.700151e-01
1282          	warmPlate	1.255770e+03	1.261395e+03	3.700219e-01
1282          	OVC	-1.149827e+03	-1.147247e+03	-3.700151e-01
1283          	warmPlate	1.255770e+03	1.261395e+03	3.700219e-01
1283          	OVC	-1.149827e+03	-1.147247e+03	-3.700151e-01
1284          	warmPlate	1.255770e+03	1.261395e+03	3.700219e-01
1284          	OVC	-1.149827e+03	-1.147247e+03	-3.700151e-01
1285          	warmPlate	1.255770e+03	1.261395e+03	3.700219e-01
1285          	OVC	-1.149827e+03	-1.147247e+03	-3.700151e-01
1286          	warmPlate	1.255770e+03	1.261395e+03	3.700219e-01
1286          	OVC	-1.149827e+03	-1.147247e+03	-3.700151e-01
1287          	warmPlate	1.255770e+03	1.261395e+03	3.700219e-01
1287          	OVC	-1.149827e+03	-1.147247e+03	-3.700151e-01
1288          	warmPlate	1.255770e+03	1.261395e+03	3.700219e-01
1288          	OVC	-1.149827e+03	-1.147247e+03	-3.700151e-01
1289          	warmPlate	1.255770e+03	1.261395e+03	3.700219e-01
1289          	OVC	-1.149827e+03	-1.147247e+03	-3.700151e-01
1290          	warmPlate	1.255770e+03	1.261395e+03	3.700219e-01
1290          	OVC	-1.149827e+03	-1.147247e+03	-3.700151e-01
1291          	warmPlate	1.255770e+03	1.261395e+03	3.700219e-01
1291          	OVC	-1.149827e+03	-1.147247e+03	-3.700151e-01
1292          	warmPlate	1.255770e+03	1.261395e+03	3.700219e-01
1292          	OVC	-1.149827e+03	-1.147247e+03	-3.700151e-01
1293          	warmPlate	1.255770e+03	1.261395e+03	3.700219e-01
1293          	OVC	-1.149827e+03	-1.147247e+03	-3.700151e-01
1294          	warmPlate	1.255770e+03	1.261395e+03	3.700219e-01
1294          	OVC	-1.149827e+03	-1.147247e+03	-3.700151e-01
1295          	warmPlate	1.255770e+03	1.261395e+03	3.700219e-01
1295          	OVC	-1.149827e+03	-1.147247e+03	-3.700151e-01
1296          	warmPlate	1.255770e+03	1.261395e+03	3.700219e-01
1296          	OVC	-1.149827e+03	-1.147247e+03	-3.700151e-01
1297          	warmPlate	1.255770e+03	1.261395e+03	3.700219e-01
1297          	OVC	-1.149827e+03	-1.147247e+03	-3.700151e-01
1298          	warmPlate	1.255770e+03	1.261395e+03	3.700219e-01
1298          	OVC	-1.149827e+03	-1.147247e+03	-3.700151e-01
1299          	warmPlate	1.255770e+03	1.261395e+03	3.700219e-01
1299          	OVC	-1.149827e+03	-1.147247e+03	-3.700151e-01
1300          	warmPlate	1.255770e+03	1.261395e+03	3.700219e-01
1300          	OVC	-1.149827e+03	-1.147247e+03	-3.700151e-01
1301          	warmPlate	1.255770e+03	1.261395e+03	3.700219e-01
1301          	OVC	-1.149827e+03	-1.147247e+03	-3.700151e-01
1302          	warmPlate	1.255770e+03	1.261395e+03	3.700219e-01
1302          	OVC	-1.149827e+03	-1.147247e+03	-3.700151e-01
1303          	warmPlate	1.255770e+03	1.261395e+03	3.700219e-01
1303          	OVC	-1.149827e+03	-1.147247e+03	-3.700151e-01
1304          	warmPlate	1.255770e+03	1.261395e+03	3.700219e-01
1304          	OVC	-1.149827e+03	-1.147247e+03	-3.700151e-01
1305          	warmPlate	1.255770e+03	1.261395e+03	3.700219e-01
1305          	OVC	-1.149827e+03	-1.147247e+03	-3.700151e-01
1306          	warmPlate	1.255770e+03	1.261395e+03	3.700219e-01
1306          	OVC	-1.149827e+03	-1.147247e+03	-3.700151e-01
1307          	warmPlate	1.255770e+03	1.261395e+03	3.700219e-01
1307          	OVC	-1.149827e+03	-1.147247e+03	-3.700151e-01
1308          	warmPlate	1.255770e+03	1.261395e+03	3.700219e-01
1308          	OVC	-1.149827e+03	-1.147247e+03	-3.700151e-01
1309          	warmPlate	1.255770e+03	1.261395e+03	3.700219e-01
1309          	OVC	-1.149827e+03	-1.147247e+03	-3.700151e-01
1310          	warmPlate	1.255770e+03	1.261395e+03	3.700219e-01
1310          	OVC	-1.149827e+03	-1.147247e+03	-3.700151e-01
1311          	warmPlate	1.255770e+03	1.261395e+03	3.700219e-01
1311          	OVC	-1.149827e+03	-1.147247e+03	-3.700151e-01
1312          	warmPlate	1.255770e+03	1.261395e+03	3.700219e-01
1312          	OVC	-1.149827e+03	-1.147247e+03	-3.700151e-01
1313          	warmPlate	1.255770e+03	1.261395e+03	3.700219e-01
1313          	OVC	-1.149827e+03	-1.147247e+03	-3.700151e-01
1314          	warmPlate	1.255770e+03	1.261395e+03	3.700219e-01
1314          	OVC	-1.149827e+03	-1.147247e+03	-3.700151e-01
1315          	warmPlate	1.255770e+03	1.261395e+03	3.700219e-01
1315          	OVC	-1.149827e+03	-1.147247e+03	-3.700151e-01
1316          	warmPlate	1.255770e+03	1.261395e+03	3.700219e-01
1316          	OVC	-1.149827e+03	-1.147247e+03	-3.700151e-01
1317          	warmPlate	1.255770e+03	1.261395e+03	3.700219e-01
1317          	OVC	-1.149827e+03	-1.147247e+03	-3.700151e-01
1318          	warmPlate	1.255770e+03	1.261395e+03	3.700219e-01
1318          	OVC	-1.149827e+03	-1.147247e+03	-3.700151e-01
1319          	warmPlate	1.255770e+03	1.261395e+03	3.700219e-01
1319          	OVC	-1.149827e+03	-1.147247e+03	-3.700151e-01
1320          	warmPlate	1.255770e+03	1.261395e+03	3.700219e-01
1320          	OVC	-1.149827e+03	-1.147247e+03	-3.700151e-01
1321          	warmPlate	1.255770e+03	1.261395e+03	3.700219e-01
1321          	OVC	-1.149827e+03	-1.147247e+03	-3.700151e-01
1322          	warmPlate	1.255770e+03	1.261395e+03	3.700219e-01
1322          	OVC	-1.149827e+03	-1.147247e+03	-3.700151e-01
1323          	warmPlate	1.255770e+03	1.261395e+03	3.700219e-01
1323          	OVC	-1.149827e+03	-1.147247e+03	-3.700151e-01
1324          	warmPlate	1.255770e+03	1.261395e+03	3.700219e-01
1324          	OVC	-1.149827e+03	-1.147247e+03	-3.700151e-01
1325          	warmPlate	1.255770e+03	1.261395e+03	3.700219e-01
1325          	OVC	-1.149827e+03	-1.147247e+03	-3.700151e-01
1326          	warmPlate	1.255770e+03	1.261395e+03	3.700219e-01
1326          	OVC	-1.149827e+03	-1.147247e+03	-3.700151e-01
1327          	warmPlate	1.255770e+03	1.261395e+03	3.700219e-01
1327          	OVC	-1.149827e+03	-1.147247e+03	-3.700151e-01
1328          	warmPlate	1.255770e+03	1.261395e+03	3.700219e-01
1328          	OVC	-1.149827e+03	-1.147247e+03	-3.700151e-01
1329          	warmPlate	1.255770e+03	1.261395e+03	3.700219e-01
1329          	OVC	-1.149827e+03	-1.147247e+03	-3.700151e-01
1330          	warmPlate	1.255770e+03	1.261395e+03	3.700219e-01
1330          	OVC	-1.149827e+03	-1.147247e+03	-3.700151e-01
1331          	warmPlate	1.255770e+03	1.261395e+03	3.700219e-01
1331          	OVC	-1.149827e+03	-1.147247e+03	-3.700151e-01
1332          	warmPlate	1.255770e+03	1.261395e+03	3.700219e-01
1332          	OVC	-1.149827e+03	-1.147247e+03	-3.700151e-01
1333          	warmPlate	1.255770e+03	1.261395e+03	3.700219e-01
1333          	OVC	-1.149827e+03	-1.147247e+03	-3.700151e-01
1334          	warmPlate	1.255770e+03	1.261395e+03	3.700219e-01
1334          	OVC	-1.149827e+03	-1.147247e+03	-3.700151e-01
1335          	warmPlate	1.255770e+03	1.261395e+03	3.700219e-01
1335          	OVC	-1.149827e+03	-1.147247e+03	-3.700151e-01
1336          	warmPlate	1.255770e+03	1.261395e+03	3.700219e-01
1336          	OVC	-1.149827e+03	-1.147247e+03	-3.700151e-01
1337          	warmPlate	1.255770e+03	1.261395e+03	3.700219e-01
1337          	OVC	-1.149827e+03	-1.147247e+03	-3.700151e-01
1338          	warmPlate	1.255770e+03	1.261395e+03	3.700219e-01
1338          	OVC	-1.149827e+03	-1.147247e+03	-3.700151e-01
1339          	warmPlate	1.255770e+03	1.261395e+03	3.700219e-01
1339          	OVC	-1.149827e+03	-1.147247e+03	-3.700151e-01
1340          	warmPlate	1.255770e+03	1.261395e+03	3.700219e-01
1340          	OVC	-1.149827e+03	-1.147247e+03	-3.700151e-01
1341          	warmPlate	1.255770e+03	1.261395e+03	3.700219e-01
1341          	OVC	-1.149827e+03	-1.147247e+03	-3.700151e-01
1342          	warmPlate	1.255770e+03	1.261395e+03	3.700219e-01
1342          	OVC	-1.149827e+03	-1.147247e+03	-3.700151e-01
1343          	warmPlate	1.255770e+03	1.261395e+03	3.700219e-01
1343          	OVC	-1.149827e+03	-1.147247e+03	-3.700151e-01
1344          	warmPlate	1.255770e+03	1.261395e+03	3.700219e-01
1344          	OVC	-1.149827e+03	-1.147247e+03	-3.700151e-01
1345          	warmPlate	1.255770e+03	1.261395e+03	3.700219e-01
1345          	OVC	-1.149827e+03	-1.147247e+03	-3.700151e-01
1346          	warmPlate	1.255770e+03	1.261395e+03	3.700219e-01
1346          	OVC	-1.149827e+03	-1.147247e+03	-3.700151e-01
1347          	warmPlate	1.255770e+03	1.261395e+03	3.700219e-01
1347          	OVC	-1.149827e+03	-1.147247e+03	-3.700151e-01
1348          	warmPlate	1.255770e+03	1.261395e+03	3.700219e-01
1348          	OVC	-1.149827e+03	-1.147247e+03	-3.700151e-01
1349          	warmPlate	1.255770e+03	1.261395e+03	3.700219e-01
1349          	OVC	-1.149827e+03	-1.147247e+03	-3.700151e-01
1350          	warmPlate	1.255770e+03	1.261395e+03	3.700219e-01
1350          	OVC	-1.149827e+03	-1.147247e+03	-3.700151e-01
1351          	warmPlate	1.255770e+03	1.261395e+03	3.700219e-01
1351          	OVC	-1.149827e+03	-1.147247e+03	-3.700151e-01
1352          	warmPlate	1.255770e+03	1.261395e+03	3.700219e-01
1352          	OVC	-1.149827e+03	-1.147247e+03	-3.700151e-01
1353          	warmPlate	1.255770e+03	1.261395e+03	3.700219e-01
1353          	OVC	-1.149827e+03	-1.147247e+03	-3.700151e-01
1354          	warmPlate	1.255770e+03	1.261395e+03	3.700219e-01
1354          	OVC	-1.149827e+03	-1.147247e+03	-3.700151e-01
1355          	warmPlate	1.255770e+03	1.261395e+03	3.700219e-01
1355          	OVC	-1.149827e+03	-1.147247e+03	-3.700151e-01
1356          	warmPlate	1.255770e+03	1.261395e+03	3.700219e-01
1356          	OVC	-1.149827e+03	-1.147247e+03	-3.700151e-01
1357          	warmPlate	1.255770e+03	1.261395e+03	3.700219e-01
1357          	OVC	-1.149827e+03	-1.147247e+03	-3.700151e-01
1358          	warmPlate	1.255770e+03	1.261395e+03	3.700219e-01
1358          	OVC	-1.149827e+03	-1.147247e+03	-3.700151e-01
1359          	warmPlate	1.255770e+03	1.261395e+03	3.700219e-01
1359          	OVC	-1.149827e+03	-1.147247e+03	-3.700151e-01
1360          	warmPlate	1.255770e+03	1.261395e+03	3.700219e-01
1360          	OVC	-1.149827e+03	-1.147247e+03	-3.700151e-01
1361          	warmPlate	1.255770e+03	1.261395e+03	3.700219e-01
1361          	OVC	-1.149827e+03	-1.147247e+03	-3.700151e-01
1362          	warmPlate	1.255770e+03	1.261395e+03	3.700219e-01
1362          	OVC	-1.149827e+03	-1.147247e+03	-3.700151e-01
1363          	warmPlate	1.255770e+03	1.261395e+03	3.700219e-01
1363          	OVC	-1.149827e+03	-1.147247e+03	-3.700151e-01
1364          	warmPlate	1.255770e+03	1.261395e+03	3.700219e-01
1364          	OVC	-1.149827e+03	-1.147247e+03	-3.700151e-01
1365          	warmPlate	1.255770e+03	1.261395e+03	3.700219e-01
1365          	OVC	-1.149827e+03	-1.147247e+03	-3.700151e-01
1366          	warmPlate	1.255770e+03	1.261395e+03	3.700219e-01
1366          	OVC	-1.149827e+03	-1.147247e+03	-3.700151e-01
1367          	warmPlate	1.255770e+03	1.261395e+03	3.700219e-01
1367          	OVC	-1.149827e+03	-1.147247e+03	-3.700151e-01
1368          	warmPlate	1.255770e+03	1.261395e+03	3.700219e-01
1368          	OVC	-1.149827e+03	-1.147247e+03	-3.700151e-01
1369          	warmPlate	1.255770e+03	1.261395e+03	3.700219e-01
1369          	OVC	-1.149827e+03	-1.147247e+03	-3.700151e-01
1370          	warmPlate	1.255770e+03	1.261395e+03	3.700219e-01
1370          	OVC	-1.149827e+03	-1.147247e+03	-3.700151e-01
1371          	warmPlate	1.255770e+03	1.261395e+03	3.700219e-01
1371          	OVC	-1.149827e+03	-1.147247e+03	-3.700151e-01
1372          	warmPlate	1.255770e+03	1.261395e+03	3.700219e-01
1372          	OVC	-1.149827e+03	-1.147247e+03	-3.700151e-01
1373          	warmPlate	1.255770e+03	1.261395e+03	3.700219e-01
1373          	OVC	-1.149827e+03	-1.147247e+03	-3.700151e-01
1374          	warmPlate	1.255770e+03	1.261395e+03	3.700219e-01
1374          	OVC	-1.149827e+03	-1.147247e+03	-3.700151e-01
1375          	warmPlate	1.255770e+03	1.261395e+03	3.700219e-01
1375          	OVC	-1.149827e+03	-1.147247e+03	-3.700151e-01
1376          	warmPlate	1.255770e+03	1.261395e+03	3.700219e-01
1376          	OVC	-1.149827e+03	-1.147247e+03	-3.700151e-01
1377          	warmPlate	1.255770e+03	1.261395e+03	3.700219e-01
1377          	OVC	-1.149827e+03	-1.147247e+03	-3.700151e-01
1378          	warmPlate	1.255770e+03	1.261395e+03	3.700219e-01
1378          	OVC	-1.149827e+03	-1.147247e+03	-3.700151e-01
1379          	warmPlate	1.255770e+03	1.261395e+03	3.700219e-01
1379          	OVC	-1.149827e+03	-1.147247e+03	-3.700151e-01
1380          	warmPlate	1.255770e+03	1.261395e+03	3.700219e-01
1380          	OVC	-1.149827e+03	-1.147247e+03	-3.700151e-01
1381          	warmPlate	1.255770e+03	1.261395e+03	3.700219e-01
1381          	OVC	-1.149827e+03	-1.147247e+03	-3.700151e-01
1382          	warmPlate	1.255770e+03	1.261395e+03	3.700219e-01
1382          	OVC	-1.149827e+03	-1.147247e+03	-3.700151e-01
1383          	warmPlate	1.255770e+03	1.261395e+03	3.700219e-01
1383          	OVC	-1.149827e+03	-1.147247e+03	-3.700151e-01
1384          	warmPlate	1.255770e+03	1.261395e+03	3.700219e-01
1384          	OVC	-1.149827e+03	-1.147247e+03	-3.700151e-01
1385          	warmPlate	1.255770e+03	1.261395e+03	3.700219e-01
1385          	OVC	-1.149827e+03	-1.147247e+03	-3.700151e-01
1386          	warmPlate	1.255770e+03	1.261395e+03	3.700219e-01
1386          	OVC	-1.149827e+03	-1.147247e+03	-3.700151e-01
1387          	warmPlate	1.255770e+03	1.261395e+03	3.700219e-01
1387          	OVC	-1.149827e+03	-1.147247e+03	-3.700151e-01
1388          	warmPlate	1.255770e+03	1.261395e+03	3.700219e-01
1388          	OVC	-1.149827e+03	-1.147247e+03	-3.700151e-01
1389          	warmPlate	1.255770e+03	1.261395e+03	3.700219e-01
1389          	OVC	-1.149827e+03	-1.147247e+03	-3.700151e-01
1390          	warmPlate	1.255770e+03	1.261395e+03	3.700219e-01
1390          	OVC	-1.149827e+03	-1.147247e+03	-3.700151e-01
1391          	warmPlate	1.255770e+03	1.261395e+03	3.700219e-01
1391          	OVC	-1.149827e+03	-1.147247e+03	-3.700151e-01
1392          	warmPlate	1.255770e+03	1.261395e+03	3.700219e-01
1392          	OVC	-1.149827e+03	-1.147247e+03	-3.700151e-01
1393          	warmPlate	1.255770e+03	1.261395e+03	3.700219e-01
1393          	OVC	-1.149827e+03	-1.147247e+03	-3.700151e-01
1394          	warmPlate	1.255770e+03	1.261395e+03	3.700219e-01
1394          	OVC	-1.149827e+03	-1.147247e+03	-3.700151e-01
1395          	warmPlate	1.255770e+03	1.261395e+03	3.700219e-01
1395          	OVC	-1.149827e+03	-1.147247e+03	-3.700151e-01
1396          	warmPlate	1.255770e+03	1.261395e+03	3.700219e-01
1396          	OVC	-1.149827e+03	-1.147247e+03	-3.700151e-01
1397          	warmPlate	1.255770e+03	1.261395e+03	3.700219e-01
1397          	OVC	-1.149827e+03	-1.147247e+03	-3.700151e-01
1398          	warmPlate	1.255770e+03	1.261395e+03	3.700219e-01
1398          	OVC	-1.149827e+03	-1.147247e+03	-3.700151e-01
1399          	warmPlate	1.255770e+03	1.261395e+03	3.700219e-01
1399          	OVC	-1.149827e+03	-1.147247e+03	-3.700151e-01
1400          	warmPlate	1.255770e+03	1.261395e+03	3.700219e-01
1400          	OVC	-1.149827e+03	-1.147247e+03	-3.700151e-01
1401          	warmPlate	1.255770e+03	1.261395e+03	3.700219e-01
1401          	OVC	-1.149827e+03	-1.147247e+03	-3.700151e-01
1402          	warmPlate	1.255770e+03	1.261395e+03	3.700219e-01
1402          	OVC	-1.149827e+03	-1.147247e+03	-3.700151e-01
1403          	warmPlate	1.255770e+03	1.261395e+03	3.700219e-01
1403          	OVC	-1.149827e+03	-1.147247e+03	-3.700151e-01
1404          	warmPlate	1.255770e+03	1.261395e+03	3.700219e-01
1404          	OVC	-1.149827e+03	-1.147247e+03	-3.700151e-01
1405          	warmPlate	1.255770e+03	1.261395e+03	3.700219e-01
1405          	OVC	-1.149827e+03	-1.147247e+03	-3.700151e-01
1406          	warmPlate	1.255770e+03	1.261395e+03	3.700219e-01
1406          	OVC	-1.149827e+03	-1.147247e+03	-3.700151e-01
1407          	warmPlate	1.255770e+03	1.261395e+03	3.700219e-01
1407          	OVC	-1.149827e+03	-1.147247e+03	-3.700151e-01
1408          	warmPlate	1.255770e+03	1.261395e+03	3.700219e-01
1408          	OVC	-1.149827e+03	-1.147247e+03	-3.700151e-01
1409          	warmPlate	1.255770e+03	1.261395e+03	3.700219e-01
1409          	OVC	-1.149827e+03	-1.147247e+03	-3.700151e-01
1410          	warmPlate	1.255770e+03	1.261395e+03	3.700219e-01
1410          	OVC	-1.149827e+03	-1.147247e+03	-3.700151e-01
1411          	warmPlate	1.255770e+03	1.261395e+03	3.700219e-01
1411          	OVC	-1.149827e+03	-1.147247e+03	-3.700151e-01
1412          	warmPlate	1.255770e+03	1.261395e+03	3.700219e-01
1412          	OVC	-1.149827e+03	-1.147247e+03	-3.700151e-01
1413          	warmPlate	1.255770e+03	1.261395e+03	3.700219e-01
1413          	OVC	-1.149827e+03	-1.147247e+03	-3.700151e-01
1414          	warmPlate	1.255770e+03	1.261395e+03	3.700219e-01
1414          	OVC	-1.149827e+03	-1.147247e+03	-3.700151e-01
1415          	warmPlate	1.255770e+03	1.261395e+03	3.700219e-01
1415          	OVC	-1.149827e+03	-1.147247e+03	-3.700151e-01
1416          	warmPlate	1.255770e+03	1.261395e+03	3.700219e-01
1416          	OVC	-1.149827e+03	-1.147247e+03	-3.700151e-01
1417          	warmPlate	1.255770e+03	1.261395e+03	3.700219e-01
1417          	OVC	-1.149827e+03	-1.147247e+03	-3.700151e-01
1418          	warmPlate	1.255770e+03	1.261395e+03	3.700219e-01
1418          	OVC	-1.149827e+03	-1.147247e+03	-3.700151e-01
1419          	warmPlate	1.255770e+03	1.261395e+03	3.700219e-01
1419          	OVC	-1.149827e+03	-1.147247e+03	-3.700151e-01
1420          	warmPlate	1.255770e+03	1.261395e+03	3.700219e-01
1420          	OVC	-1.149827e+03	-1.147247e+03	-3.700151e-01
1421          	warmPlate	1.255770e+03	1.261395e+03	3.700219e-01
1421          	OVC	-1.149827e+03	-1.147247e+03	-3.700151e-01
1422          	warmPlate	1.255770e+03	1.261395e+03	3.700219e-01
1422          	OVC	-1.149827e+03	-1.147247e+03	-3.700151e-01
1423          	warmPlate	1.255770e+03	1.261395e+03	3.700219e-01
1423          	OVC	-1.149827e+03	-1.147247e+03	-3.700151e-01
1424          	warmPlate	1.255770e+03	1.261395e+03	3.700219e-01
1424          	OVC	-1.149827e+03	-1.147247e+03	-3.700151e-01
1425          	warmPlate	1.255770e+03	1.261395e+03	3.700219e-01
1425          	OVC	-1.149827e+03	-1.147247e+03	-3.700151e-01
1426          	warmPlate	1.255770e+03	1.261395e+03	3.700219e-01
1426          	OVC	-1.149827e+03	-1.147247e+03	-3.700151e-01
1427          	warmPlate	1.255770e+03	1.261395e+03	3.700219e-01
1427          	OVC	-1.149827e+03	-1.147247e+03	-3.700151e-01
1428          	warmPlate	1.255770e+03	1.261395e+03	3.700219e-01
1428          	OVC	-1.149827e+03	-1.147247e+03	-3.700151e-01
1429          	warmPlate	1.255770e+03	1.261395e+03	3.700219e-01
1429          	OVC	-1.149827e+03	-1.147247e+03	-3.700151e-01
1430          	warmPlate	1.255770e+03	1.261395e+03	3.700219e-01
1430          	OVC	-1.149827e+03	-1.147247e+03	-3.700151e-01
1431          	warmPlate	1.255770e+03	1.261395e+03	3.700219e-01
1431          	OVC	-1.149827e+03	-1.147247e+03	-3.700151e-01
1432          	warmPlate	1.255770e+03	1.261395e+03	3.700219e-01
1432          	OVC	-1.149827e+03	-1.147247e+03	-3.700151e-01
1433          	warmPlate	1.255770e+03	1.261395e+03	3.700219e-01
1433          	OVC	-1.149827e+03	-1.147247e+03	-3.700151e-01
1434          	warmPlate	1.255770e+03	1.261395e+03	3.700219e-01
1434          	OVC	-1.149827e+03	-1.147247e+03	-3.700151e-01
1435          	warmPlate	1.255770e+03	1.261395e+03	3.700219e-01
1435          	OVC	-1.149827e+03	-1.147247e+03	-3.700151e-01
1436          	warmPlate	1.255770e+03	1.261395e+03	3.700219e-01
1436          	OVC	-1.149827e+03	-1.147247e+03	-3.700151e-01
1437          	warmPlate	1.255770e+03	1.261395e+03	3.700219e-01
1437          	OVC	-1.149827e+03	-1.147247e+03	-3.700151e-01
1438          	warmPlate	1.255770e+03	1.261395e+03	3.700219e-01
1438          	OVC	-1.149827e+03	-1.147247e+03	-3.700151e-01
1439          	warmPlate	1.255770e+03	1.261395e+03	3.700219e-01
1439          	OVC	-1.149827e+03	-1.147247e+03	-3.700151e-01
1440          	warmPlate	1.255770e+03	1.261395e+03	3.700219e-01
1440          	OVC	-1.149827e+03	-1.147247e+03	-3.700151e-01
1441          	warmPlate	1.255770e+03	1.261395e+03	3.700219e-01
1441          	OVC	-1.149827e+03	-1.147247e+03	-3.700151e-01
1442          	warmPlate	1.255770e+03	1.261395e+03	3.700219e-01
1442          	OVC	-1.149827e+03	-1.147247e+03	-3.700151e-01
1443          	warmPlate	1.255770e+03	1.261395e+03	3.700219e-01
1443          	OVC	-1.149827e+03	-1.147247e+03	-3.700151e-01
1444          	warmPlate	1.255770e+03	1.261395e+03	3.700219e-01
1444          	OVC	-1.149827e+03	-1.147247e+03	-3.700151e-01
1445          	warmPlate	1.255770e+03	1.261395e+03	3.700219e-01
1445          	OVC	-1.149827e+03	-1.147247e+03	-3.700151e-01
1446          	warmPlate	1.255770e+03	1.261395e+03	3.700219e-01
1446          	OVC	-1.149827e+03	-1.147247e+03	-3.700151e-01
1447          	warmPlate	1.255770e+03	1.261395e+03	3.700219e-01
1447          	OVC	-1.149827e+03	-1.147247e+03	-3.700151e-01
1448          	warmPlate	1.255770e+03	1.261395e+03	3.700219e-01
1448          	OVC	-1.149827e+03	-1.147247e+03	-3.700151e-01
1449          	warmPlate	1.255770e+03	1.261395e+03	3.700219e-01
1449          	OVC	-1.149827e+03	-1.147247e+03	-3.700151e-01
1450          	warmPlate	1.255770e+03	1.261395e+03	3.700219e-01
1450          	OVC	-1.149827e+03	-1.147247e+03	-3.700151e-01
1451          	warmPlate	1.255770e+03	1.261395e+03	3.700219e-01
1451          	OVC	-1.149827e+03	-1.147247e+03	-3.700151e-01
1452          	warmPlate	1.255770e+03	1.261395e+03	3.700219e-01
1452          	OVC	-1.149827e+03	-1.147247e+03	-3.700151e-01
1453          	warmPlate	1.255770e+03	1.261395e+03	3.700219e-01
1453          	OVC	-1.149827e+03	-1.147247e+03	-3.700151e-01
1454          	warmPlate	1.255770e+03	1.261395e+03	3.700219e-01
1454          	OVC	-1.149827e+03	-1.147247e+03	-3.700151e-01
1455          	warmPlate	1.255770e+03	1.261395e+03	3.700219e-01
1455          	OVC	-1.149827e+03	-1.147247e+03	-3.700151e-01
1456          	warmPlate	1.255770e+03	1.261395e+03	3.700219e-01
1456          	OVC	-1.149827e+03	-1.147247e+03	-3.700151e-01
1457          	warmPlate	1.255770e+03	1.261395e+03	3.700219e-01
1457          	OVC	-1.149827e+03	-1.147247e+03	-3.700151e-01
1458          	warmPlate	1.255770e+03	1.261395e+03	3.700219e-01
1458          	OVC	-1.149827e+03	-1.147247e+03	-3.700151e-01
1459          	warmPlate	1.255770e+03	1.261395e+03	3.700219e-01
1459          	OVC	-1.149827e+03	-1.147247e+03	-3.700151e-01
1460          	warmPlate	1.255770e+03	1.261395e+03	3.700219e-01
1460          	OVC	-1.149827e+03	-1.147247e+03	-3.700151e-01
1461          	warmPlate	1.255770e+03	1.261395e+03	3.700219e-01
1461          	OVC	-1.149827e+03	-1.147247e+03	-3.700151e-01
1462          	warmPlate	1.255770e+03	1.261395e+03	3.700219e-01
1462          	OVC	-1.149827e+03	-1.147247e+03	-3.700151e-01
1463          	warmPlate	1.255770e+03	1.261395e+03	3.700219e-01
1463          	OVC	-1.149827e+03	-1.147247e+03	-3.700151e-01
1464          	warmPlate	1.255770e+03	1.261395e+03	3.700219e-01
1464          	OVC	-1.149827e+03	-1.147247e+03	-3.700151e-01
1465          	warmPlate	1.255770e+03	1.261395e+03	3.700219e-01
1465          	OVC	-1.149827e+03	-1.147247e+03	-3.700151e-01
1466          	warmPlate	1.255770e+03	1.261395e+03	3.700219e-01
1466          	OVC	-1.149827e+03	-1.147247e+03	-3.700151e-01
1467          	warmPlate	1.255770e+03	1.261395e+03	3.700219e-01
1467          	OVC	-1.149827e+03	-1.147247e+03	-3.700151e-01
1468          	warmPlate	1.255770e+03	1.261395e+03	3.700219e-01
1468          	OVC	-1.149827e+03	-1.147247e+03	-3.700151e-01
1469          	warmPlate	1.255770e+03	1.261395e+03	3.700219e-01
1469          	OVC	-1.149827e+03	-1.147247e+03	-3.700151e-01
1470          	warmPlate	1.255770e+03	1.261395e+03	3.700219e-01
1470          	OVC	-1.149827e+03	-1.147247e+03	-3.700151e-01
1471          	warmPlate	1.255770e+03	1.261395e+03	3.700219e-01
1471          	OVC	-1.149827e+03	-1.147247e+03	-3.700151e-01
1472          	warmPlate	1.255770e+03	1.261395e+03	3.700219e-01
1472          	OVC	-1.149827e+03	-1.147247e+03	-3.700151e-01
1473          	warmPlate	1.255770e+03	1.261395e+03	3.700219e-01
1473          	OVC	-1.149827e+03	-1.147247e+03	-3.700151e-01
1474          	warmPlate	1.255770e+03	1.261395e+03	3.700219e-01
1474          	OVC	-1.149827e+03	-1.147247e+03	-3.700151e-01
1475          	warmPlate	1.255770e+03	1.261395e+03	3.700219e-01
1475          	OVC	-1.149827e+03	-1.147247e+03	-3.700151e-01
1476          	warmPlate	1.255770e+03	1.261395e+03	3.700219e-01
1476          	OVC	-1.149827e+03	-1.147247e+03	-3.700151e-01
1477          	warmPlate	1.255770e+03	1.261395e+03	3.700219e-01
1477          	OVC	-1.149827e+03	-1.147247e+03	-3.700151e-01
1478          	warmPlate	1.255770e+03	1.261395e+03	3.700219e-01
1478          	OVC	-1.149827e+03	-1.147247e+03	-3.700151e-01
1479          	warmPlate	1.255770e+03	1.261395e+03	3.700219e-01
1479          	OVC	-1.149827e+03	-1.147247e+03	-3.700151e-01
1480          	warmPlate	1.255770e+03	1.261395e+03	3.700219e-01
1480          	OVC	-1.149827e+03	-1.147247e+03	-3.700151e-01
1481          	warmPlate	1.255770e+03	1.261395e+03	3.700219e-01
1481          	OVC	-1.149827e+03	-1.147247e+03	-3.700151e-01
1482          	warmPlate	1.255770e+03	1.261395e+03	3.700219e-01
1482          	OVC	-1.149827e+03	-1.147247e+03	-3.700151e-01
1483          	warmPlate	1.255770e+03	1.261395e+03	3.700219e-01
1483          	OVC	-1.149827e+03	-1.147247e+03	-3.700151e-01
1484          	warmPlate	1.255770e+03	1.261395e+03	3.700219e-01
1484          	OVC	-1.149827e+03	-1.147247e+03	-3.700151e-01
1485          	warmPlate	1.255770e+03	1.261395e+03	3.700219e-01
1485          	OVC	-1.149827e+03	-1.147247e+03	-3.700151e-01
1486          	warmPlate	1.255770e+03	1.261395e+03	3.700219e-01
1486          	OVC	-1.149827e+03	-1.147247e+03	-3.700151e-01
1487          	warmPlate	1.255770e+03	1.261395e+03	3.700219e-01
1487          	OVC	-1.149827e+03	-1.147247e+03	-3.700151e-01
1488          	warmPlate	1.255770e+03	1.261395e+03	3.700219e-01
1488          	OVC	-1.149827e+03	-1.147247e+03	-3.700151e-01
1489          	warmPlate	1.255770e+03	1.261395e+03	3.700219e-01
1489          	OVC	-1.149827e+03	-1.147247e+03	-3.700151e-01
1490          	warmPlate	1.255770e+03	1.261395e+03	3.700219e-01
1490          	OVC	-1.149827e+03	-1.147247e+03	-3.700151e-01
1491          	warmPlate	1.255770e+03	1.261395e+03	3.700219e-01
1491          	OVC	-1.149827e+03	-1.147247e+03	-3.700151e-01
1492          	warmPlate	1.255770e+03	1.261395e+03	3.700219e-01
1492          	OVC	-1.149827e+03	-1.147247e+03	-3.700151e-01
1493          	warmPlate	1.255770e+03	1.261395e+03	3.700219e-01
1493          	OVC	-1.149827e+03	-1.147247e+03	-3.700151e-01
1494          	warmPlate	1.255770e+03	1.261395e+03	3.700219e-01
1494          	OVC	-1.149827e+03	-1.147247e+03	-3.700151e-01
1495          	warmPlate	1.255770e+03	1.261395e+03	3.700219e-01
1495          	OVC	-1.149827e+03	-1.147247e+03	-3.700151e-01
1496          	warmPlate	1.255770e+03	1.261395e+03	3.700219e-01
1496          	OVC	-1.149827e+03	-1.147247e+03	-3.700151e-01
1497          	warmPlate	1.255770e+03	1.261395e+03	3.700219e-01
1497          	OVC	-1.149827e+03	-1.147247e+03	-3.700151e-01
1498          	warmPlate	1.255770e+03	1.261395e+03	3.700219e-01
1498          	OVC	-1.149827e+03	-1.147247e+03	-3.700151e-01
1499          	warmPlate	1.255770e+03	1.261395e+03	3.700219e-01
1499          	OVC	-1.149827e+03	-1.147247e+03	-3.700151e-01
1500          	warmPlate	1.255770e+03	1.261395e+03	3.700219e-01
1500          	OVC	-1.149827e+03	-1.147247e+03	-3.700151e-01
1501          	warmPlate	1.255770e+03	1.261395e+03	3.700219e-01
1501          	OVC	-1.149827e+03	-1.147247e+03	-3.700151e-01
1502          	warmPlate	1.255770e+03	1.261395e+03	3.700219e-01
1502          	OVC	-1.149827e+03	-1.147247e+03	-3.700151e-01
1503          	warmPlate	1.255770e+03	1.261395e+03	3.700219e-01
1503          	OVC	-1.149827e+03	-1.147247e+03	-3.700151e-01
1504          	warmPlate	1.255770e+03	1.261395e+03	3.700219e-01
1504          	OVC	-1.149827e+03	-1.147247e+03	-3.700151e-01
1505          	warmPlate	1.255770e+03	1.261395e+03	3.700219e-01
1505          	OVC	-1.149827e+03	-1.147247e+03	-3.700151e-01
1506          	warmPlate	1.255770e+03	1.261395e+03	3.700219e-01
1506          	OVC	-1.149827e+03	-1.147247e+03	-3.700151e-01
1507          	warmPlate	1.255770e+03	1.261395e+03	3.700219e-01
1507          	OVC	-1.149827e+03	-1.147247e+03	-3.700151e-01
1508          	warmPlate	1.255770e+03	1.261395e+03	3.700219e-01
1508          	OVC	-1.149827e+03	-1.147247e+03	-3.700151e-01
1509          	warmPlate	1.255770e+03	1.261395e+03	3.700219e-01
1509          	OVC	-1.149827e+03	-1.147247e+03	-3.700151e-01
1510          	warmPlate	1.255770e+03	1.261395e+03	3.700219e-01
1510          	OVC	-1.149827e+03	-1.147247e+03	-3.700151e-01
1511          	warmPlate	1.255770e+03	1.261395e+03	3.700219e-01
1511          	OVC	-1.149827e+03	-1.147247e+03	-3.700151e-01
1512          	warmPlate	1.255770e+03	1.261395e+03	3.700219e-01
1512          	OVC	-1.149827e+03	-1.147247e+03	-3.700151e-01
1513          	warmPlate	1.255770e+03	1.261395e+03	3.700219e-01
1513          	OVC	-1.149827e+03	-1.147247e+03	-3.700151e-01
1514          	warmPlate	1.255770e+03	1.261395e+03	3.700219e-01
1514          	OVC	-1.149827e+03	-1.147247e+03	-3.700151e-01
1515          	warmPlate	1.255770e+03	1.261395e+03	3.700219e-01
1515          	OVC	-1.149827e+03	-1.147247e+03	-3.700151e-01
1516          	warmPlate	1.255770e+03	1.261395e+03	3.700219e-01
1516          	OVC	-1.149827e+03	-1.147247e+03	-3.700151e-01
1517          	warmPlate	1.255770e+03	1.261395e+03	3.700219e-01
1517          	OVC	-1.149827e+03	-1.147247e+03	-3.700151e-01
1518          	warmPlate	1.255770e+03	1.261395e+03	3.700219e-01
1518          	OVC	-1.149827e+03	-1.147247e+03	-3.700151e-01
1519          	warmPlate	1.255770e+03	1.261395e+03	3.700219e-01
1519          	OVC	-1.149827e+03	-1.147247e+03	-3.700151e-01
1520          	warmPlate	1.255770e+03	1.261395e+03	3.700219e-01
1520          	OVC	-1.149827e+03	-1.147247e+03	-3.700151e-01
1521          	warmPlate	1.255770e+03	1.261395e+03	3.700219e-01
1521          	OVC	-1.149827e+03	-1.147247e+03	-3.700151e-01
1522          	warmPlate	1.255770e+03	1.261395e+03	3.700219e-01
1522          	OVC	-1.149827e+03	-1.147247e+03	-3.700151e-01
1523          	warmPlate	1.255770e+03	1.261395e+03	3.700219e-01
1523          	OVC	-1.149827e+03	-1.147247e+03	-3.700151e-01
1524          	warmPlate	1.255770e+03	1.261395e+03	3.700219e-01
1524          	OVC	-1.149827e+03	-1.147247e+03	-3.700151e-01
1525          	warmPlate	1.255770e+03	1.261395e+03	3.700219e-01
1525          	OVC	-1.149827e+03	-1.147247e+03	-3.700151e-01
1526          	warmPlate	1.255770e+03	1.261395e+03	3.700219e-01
1526          	OVC	-1.149827e+03	-1.147247e+03	-3.700151e-01
1527          	warmPlate	1.255770e+03	1.261395e+03	3.700219e-01
1527          	OVC	-1.149827e+03	-1.147247e+03	-3.700151e-01
1528          	warmPlate	1.255770e+03	1.261395e+03	3.700219e-01
1528          	OVC	-1.149827e+03	-1.147247e+03	-3.700151e-01
1529          	warmPlate	1.255770e+03	1.261395e+03	3.700219e-01
1529          	OVC	-1.149827e+03	-1.147247e+03	-3.700151e-01
1530          	warmPlate	1.255770e+03	1.261395e+03	3.700219e-01
1530          	OVC	-1.149827e+03	-1.147247e+03	-3.700151e-01
1531          	warmPlate	1.255770e+03	1.261395e+03	3.700219e-01
1531          	OVC	-1.149827e+03	-1.147247e+03	-3.700151e-01
1532          	warmPlate	1.255770e+03	1.261395e+03	3.700219e-01
1532          	OVC	-1.149827e+03	-1.147247e+03	-3.700151e-01
1533          	warmPlate	1.255770e+03	1.261395e+03	3.700219e-01
1533          	OVC	-1.149827e+03	-1.147247e+03	-3.700151e-01
1534          	warmPlate	1.255770e+03	1.261395e+03	3.700219e-01
1534          	OVC	-1.149827e+03	-1.147247e+03	-3.700151e-01
1535          	warmPlate	1.255770e+03	1.261395e+03	3.700219e-01
1535          	OVC	-1.149827e+03	-1.147247e+03	-3.700151e-01
1536          	warmPlate	1.255770e+03	1.261395e+03	3.700219e-01
1536          	OVC	-1.149827e+03	-1.147247e+03	-3.700151e-01
1537          	warmPlate	1.255770e+03	1.261395e+03	3.700219e-01
1537          	OVC	-1.149827e+03	-1.147247e+03	-3.700151e-01
1538          	warmPlate	1.255770e+03	1.261395e+03	3.700219e-01
1538          	OVC	-1.149827e+03	-1.147247e+03	-3.700151e-01
1539          	warmPlate	1.255770e+03	1.261395e+03	3.700219e-01
1539          	OVC	-1.149827e+03	-1.147247e+03	-3.700151e-01
1540          	warmPlate	1.255770e+03	1.261395e+03	3.700219e-01
1540          	OVC	-1.149827e+03	-1.147247e+03	-3.700151e-01
1541          	warmPlate	1.255770e+03	1.261395e+03	3.700219e-01
1541          	OVC	-1.149827e+03	-1.147247e+03	-3.700151e-01
1542          	warmPlate	1.255770e+03	1.261395e+03	3.700219e-01
1542          	OVC	-1.149827e+03	-1.147247e+03	-3.700151e-01
1543          	warmPlate	1.255770e+03	1.261395e+03	3.700219e-01
1543          	OVC	-1.149827e+03	-1.147247e+03	-3.700151e-01
1544          	warmPlate	1.255770e+03	1.261395e+03	3.700219e-01
1544          	OVC	-1.149827e+03	-1.147247e+03	-3.700151e-01
1545          	warmPlate	1.255770e+03	1.261395e+03	3.700219e-01
1545          	OVC	-1.149827e+03	-1.147247e+03	-3.700151e-01
1546          	warmPlate	1.255770e+03	1.261395e+03	3.700219e-01
1546          	OVC	-1.149827e+03	-1.147247e+03	-3.700151e-01
1547          	warmPlate	1.255770e+03	1.261395e+03	3.700219e-01
1547          	OVC	-1.149827e+03	-1.147247e+03	-3.700151e-01
1548          	warmPlate	1.255770e+03	1.261395e+03	3.700219e-01
1548          	OVC	-1.149827e+03	-1.147247e+03	-3.700151e-01
1549          	warmPlate	1.255770e+03	1.261395e+03	3.700219e-01
1549          	OVC	-1.149827e+03	-1.147247e+03	-3.700151e-01
1550          	warmPlate	1.255770e+03	1.261395e+03	3.700219e-01
1550          	OVC	-1.149827e+03	-1.147247e+03	-3.700151e-01
1551          	warmPlate	1.255770e+03	1.261395e+03	3.700219e-01
1551          	OVC	-1.149827e+03	-1.147247e+03	-3.700151e-01
1552          	warmPlate	1.255770e+03	1.261395e+03	3.700219e-01
1552          	OVC	-1.149827e+03	-1.147247e+03	-3.700151e-01
1553          	warmPlate	1.255770e+03	1.261395e+03	3.700219e-01
1553          	OVC	-1.149827e+03	-1.147247e+03	-3.700151e-01
1554          	warmPlate	1.255770e+03	1.261395e+03	3.700219e-01
1554          	OVC	-1.149827e+03	-1.147247e+03	-3.700151e-01
1555          	warmPlate	1.255770e+03	1.261395e+03	3.700219e-01
1555          	OVC	-1.149827e+03	-1.147247e+03	-3.700151e-01
1556          	warmPlate	1.255770e+03	1.261395e+03	3.700219e-01
1556          	OVC	-1.149827e+03	-1.147247e+03	-3.700151e-01
1557          	warmPlate	1.255770e+03	1.261395e+03	3.700219e-01
1557          	OVC	-1.149827e+03	-1.147247e+03	-3.700151e-01
1558          	warmPlate	1.255770e+03	1.261395e+03	3.700219e-01
1558          	OVC	-1.149827e+03	-1.147247e+03	-3.700151e-01
1559          	warmPlate	1.255770e+03	1.261395e+03	3.700219e-01
1559          	OVC	-1.149827e+03	-1.147247e+03	-3.700151e-01
1560          	warmPlate	1.255770e+03	1.261395e+03	3.700219e-01
1560          	OVC	-1.149827e+03	-1.147247e+03	-3.700151e-01
1561          	warmPlate	1.255770e+03	1.261395e+03	3.700219e-01
1561          	OVC	-1.149827e+03	-1.147247e+03	-3.700151e-01
1562          	warmPlate	1.255770e+03	1.261395e+03	3.700219e-01
1562          	OVC	-1.149827e+03	-1.147247e+03	-3.700151e-01
1563          	warmPlate	1.255770e+03	1.261395e+03	3.700219e-01
1563          	OVC	-1.149827e+03	-1.147247e+03	-3.700151e-01
1564          	warmPlate	1.255770e+03	1.261395e+03	3.700219e-01
1564          	OVC	-1.149827e+03	-1.147247e+03	-3.700151e-01
1565          	warmPlate	1.255770e+03	1.261395e+03	3.700219e-01
1565          	OVC	-1.149827e+03	-1.147247e+03	-3.700151e-01
1566          	warmPlate	1.255770e+03	1.261395e+03	3.700219e-01
1566          	OVC	-1.149827e+03	-1.147247e+03	-3.700151e-01
1567          	warmPlate	1.255770e+03	1.261395e+03	3.700219e-01
1567          	OVC	-1.149827e+03	-1.147247e+03	-3.700151e-01
1568          	warmPlate	1.255770e+03	1.261395e+03	3.700219e-01
1568          	OVC	-1.149827e+03	-1.147247e+03	-3.700151e-01
1569          	warmPlate	1.255770e+03	1.261395e+03	3.700219e-01
1569          	OVC	-1.149827e+03	-1.147247e+03	-3.700151e-01
1570          	warmPlate	1.255770e+03	1.261395e+03	3.700219e-01
1570          	OVC	-1.149827e+03	-1.147247e+03	-3.700151e-01
1571          	warmPlate	1.255770e+03	1.261395e+03	3.700219e-01
1571          	OVC	-1.149827e+03	-1.147247e+03	-3.700151e-01
1572          	warmPlate	1.255770e+03	1.261395e+03	3.700219e-01
1572          	OVC	-1.149827e+03	-1.147247e+03	-3.700151e-01
1573          	warmPlate	1.255770e+03	1.261395e+03	3.700219e-01
1573          	OVC	-1.149827e+03	-1.147247e+03	-3.700151e-01
1574          	warmPlate	1.255770e+03	1.261395e+03	3.700219e-01
1574          	OVC	-1.149827e+03	-1.147247e+03	-3.700151e-01
1575          	warmPlate	1.255770e+03	1.261395e+03	3.700219e-01
1575          	OVC	-1.149827e+03	-1.147247e+03	-3.700151e-01
1576          	warmPlate	1.255770e+03	1.261395e+03	3.700219e-01
1576          	OVC	-1.149827e+03	-1.147247e+03	-3.700151e-01
1577          	warmPlate	1.255770e+03	1.261395e+03	3.700219e-01
1577          	OVC	-1.149827e+03	-1.147247e+03	-3.700151e-01
1578          	warmPlate	1.255770e+03	1.261395e+03	3.700219e-01
1578          	OVC	-1.149827e+03	-1.147247e+03	-3.700151e-01
1579          	warmPlate	1.255770e+03	1.261395e+03	3.700219e-01
1579          	OVC	-1.149827e+03	-1.147247e+03	-3.700151e-01
1580          	warmPlate	1.255770e+03	1.261395e+03	3.700219e-01
1580          	OVC	-1.149827e+03	-1.147247e+03	-3.700151e-01
1581          	warmPlate	1.255770e+03	1.261395e+03	3.700219e-01
1581          	OVC	-1.149827e+03	-1.147247e+03	-3.700151e-01
1582          	warmPlate	1.255770e+03	1.261395e+03	3.700219e-01
1582          	OVC	-1.149827e+03	-1.147247e+03	-3.700151e-01
1583          	warmPlate	1.255770e+03	1.261395e+03	3.700219e-01
1583          	OVC	-1.149827e+03	-1.147247e+03	-3.700151e-01
1584          	warmPlate	1.255770e+03	1.261395e+03	3.700219e-01
1584          	OVC	-1.149827e+03	-1.147247e+03	-3.700151e-01
1585          	warmPlate	1.255770e+03	1.261395e+03	3.700219e-01
1585          	OVC	-1.149827e+03	-1.147247e+03	-3.700151e-01
1586          	warmPlate	1.255770e+03	1.261395e+03	3.700219e-01
1586          	OVC	-1.149827e+03	-1.147247e+03	-3.700151e-01
1587          	warmPlate	1.255770e+03	1.261395e+03	3.700219e-01
1587          	OVC	-1.149827e+03	-1.147247e+03	-3.700151e-01
1588          	warmPlate	1.255770e+03	1.261395e+03	3.700219e-01
1588          	OVC	-1.149827e+03	-1.147247e+03	-3.700151e-01
1589          	warmPlate	1.255770e+03	1.261395e+03	3.700219e-01
1589          	OVC	-1.149827e+03	-1.147247e+03	-3.700151e-01
1590          	warmPlate	1.255770e+03	1.261395e+03	3.700219e-01
1590          	OVC	-1.149827e+03	-1.147247e+03	-3.700151e-01
1591          	warmPlate	1.255770e+03	1.261395e+03	3.700219e-01
1591          	OVC	-1.149827e+03	-1.147247e+03	-3.700151e-01
1592          	warmPlate	1.255770e+03	1.261395e+03	3.700219e-01
1592          	OVC	-1.149827e+03	-1.147247e+03	-3.700151e-01
1593          	warmPlate	1.255770e+03	1.261395e+03	3.700219e-01
1593          	OVC	-1.149827e+03	-1.147247e+03	-3.700151e-01
1594          	warmPlate	1.255770e+03	1.261395e+03	3.700219e-01
1594          	OVC	-1.149827e+03	-1.147247e+03	-3.700151e-01
1595          	warmPlate	1.255770e+03	1.261395e+03	3.700219e-01
1595          	OVC	-1.149827e+03	-1.147247e+03	-3.700151e-01
1596          	warmPlate	1.255770e+03	1.261395e+03	3.700219e-01
1596          	OVC	-1.149827e+03	-1.147247e+03	-3.700151e-01
1597          	warmPlate	1.255770e+03	1.261395e+03	3.700219e-01
1597          	OVC	-1.149827e+03	-1.147247e+03	-3.700151e-01
1598          	warmPlate	1.255770e+03	1.261395e+03	3.700219e-01
1598          	OVC	-1.149827e+03	-1.147247e+03	-3.700151e-01
1599          	warmPlate	1.255770e+03	1.261395e+03	3.700219e-01
1599          	OVC	-1.149827e+03	-1.147247e+03	-3.700151e-01
1600          	warmPlate	1.255770e+03	1.261395e+03	3.700219e-01
1600          	OVC	-1.149827e+03	-1.147247e+03	-3.700151e-01
1601          	warmPlate	1.255770e+03	1.261395e+03	3.700219e-01
1601          	OVC	-1.149827e+03	-1.147247e+03	-3.700151e-01
1602          	warmPlate	1.255770e+03	1.261395e+03	3.700219e-01
1602          	OVC	-1.149827e+03	-1.147247e+03	-3.700151e-01
1603          	warmPlate	1.255770e+03	1.261395e+03	3.700219e-01
1603          	OVC	-1.149827e+03	-1.147247e+03	-3.700151e-01
1604          	warmPlate	1.255770e+03	1.261395e+03	3.700219e-01
1604          	OVC	-1.149827e+03	-1.147247e+03	-3.700151e-01
1605          	warmPlate	1.255770e+03	1.261395e+03	3.700219e-01
1605          	OVC	-1.149827e+03	-1.147247e+03	-3.700151e-01
1606          	warmPlate	1.255770e+03	1.261395e+03	3.700219e-01
1606          	OVC	-1.149827e+03	-1.147247e+03	-3.700151e-01
1607          	warmPlate	1.255770e+03	1.261395e+03	3.700219e-01
1607          	OVC	-1.149827e+03	-1.147247e+03	-3.700151e-01
1608          	warmPlate	1.255770e+03	1.261395e+03	3.700219e-01
1608          	OVC	-1.149827e+03	-1.147247e+03	-3.700151e-01
1609          	warmPlate	1.255770e+03	1.261395e+03	3.700219e-01
1609          	OVC	-1.149827e+03	-1.147247e+03	-3.700151e-01
1610          	warmPlate	1.255770e+03	1.261395e+03	3.700219e-01
1610          	OVC	-1.149827e+03	-1.147247e+03	-3.700151e-01
1611          	warmPlate	1.255770e+03	1.261395e+03	3.700219e-01
1611          	OVC	-1.149827e+03	-1.147247e+03	-3.700151e-01
1612          	warmPlate	1.255770e+03	1.261395e+03	3.700219e-01
1612          	OVC	-1.149827e+03	-1.147247e+03	-3.700151e-01
1613          	warmPlate	1.255770e+03	1.261395e+03	3.700219e-01
1613          	OVC	-1.149827e+03	-1.147247e+03	-3.700151e-01
1614          	warmPlate	1.255770e+03	1.261395e+03	3.700219e-01
1614          	OVC	-1.149827e+03	-1.147247e+03	-3.700151e-01
1615          	warmPlate	1.255770e+03	1.261395e+03	3.700219e-01
1615          	OVC	-1.149827e+03	-1.147247e+03	-3.700151e-01
1616          	warmPlate	1.255770e+03	1.261395e+03	3.700219e-01
1616          	OVC	-1.149827e+03	-1.147247e+03	-3.700151e-01
1617          	warmPlate	1.255770e+03	1.261395e+03	3.700219e-01
1617          	OVC	-1.149827e+03	-1.147247e+03	-3.700151e-01
1618          	warmPlate	1.255770e+03	1.261395e+03	3.700219e-01
1618          	OVC	-1.149827e+03	-1.147247e+03	-3.700151e-01
1619          	warmPlate	1.255770e+03	1.261395e+03	3.700219e-01
1619          	OVC	-1.149827e+03	-1.147247e+03	-3.700151e-01
1620          	warmPlate	1.255770e+03	1.261395e+03	3.700219e-01
1620          	OVC	-1.149827e+03	-1.147247e+03	-3.700151e-01
1621          	warmPlate	1.255770e+03	1.261395e+03	3.700219e-01
1621          	OVC	-1.149827e+03	-1.147247e+03	-3.700151e-01
1622          	warmPlate	1.255770e+03	1.261395e+03	3.700219e-01
1622          	OVC	-1.149827e+03	-1.147247e+03	-3.700151e-01
1623          	warmPlate	1.255770e+03	1.261395e+03	3.700219e-01
1623          	OVC	-1.149827e+03	-1.147247e+03	-3.700151e-01
1624          	warmPlate	1.255770e+03	1.261395e+03	3.700219e-01
1624          	OVC	-1.149827e+03	-1.147247e+03	-3.700151e-01
1625          	warmPlate	1.255770e+03	1.261395e+03	3.700219e-01
1625          	OVC	-1.149827e+03	-1.147247e+03	-3.700151e-01
1626          	warmPlate	1.255770e+03	1.261395e+03	3.700219e-01
1626          	OVC	-1.149827e+03	-1.147247e+03	-3.700151e-01
1627          	warmPlate	1.255770e+03	1.261395e+03	3.700219e-01
1627          	OVC	-1.149827e+03	-1.147247e+03	-3.700151e-01
1628          	warmPlate	1.255770e+03	1.261395e+03	3.700219e-01
1628          	OVC	-1.149827e+03	-1.147247e+03	-3.700151e-01
1629          	warmPlate	1.255770e+03	1.261395e+03	3.700219e-01
1629          	OVC	-1.149827e+03	-1.147247e+03	-3.700151e-01
1630          	warmPlate	1.255770e+03	1.261395e+03	3.700219e-01
1630          	OVC	-1.149827e+03	-1.147247e+03	-3.700151e-01
1631          	warmPlate	1.255770e+03	1.261395e+03	3.700219e-01
1631          	OVC	-1.149827e+03	-1.147247e+03	-3.700151e-01
1632          	warmPlate	1.255770e+03	1.261395e+03	3.700219e-01
1632          	OVC	-1.149827e+03	-1.147247e+03	-3.700151e-01
1633          	warmPlate	1.255770e+03	1.261395e+03	3.700219e-01
1633          	OVC	-1.149827e+03	-1.147247e+03	-3.700151e-01
1634          	warmPlate	1.255770e+03	1.261395e+03	3.700219e-01
1634          	OVC	-1.149827e+03	-1.147247e+03	-3.700151e-01
1635          	warmPlate	1.255770e+03	1.261395e+03	3.700219e-01
1635          	OVC	-1.149827e+03	-1.147247e+03	-3.700151e-01
1636          	warmPlate	1.255770e+03	1.261395e+03	3.700219e-01
1636          	OVC	-1.149827e+03	-1.147247e+03	-3.700151e-01
1637          	warmPlate	1.255770e+03	1.261395e+03	3.700219e-01
1637          	OVC	-1.149827e+03	-1.147247e+03	-3.700151e-01
1638          	warmPlate	1.255770e+03	1.261395e+03	3.700219e-01
1638          	OVC	-1.149827e+03	-1.147247e+03	-3.700151e-01
1639          	warmPlate	1.255770e+03	1.261395e+03	3.700219e-01
1639          	OVC	-1.149827e+03	-1.147247e+03	-3.700151e-01
1640          	warmPlate	1.255770e+03	1.261395e+03	3.700219e-01
1640          	OVC	-1.149827e+03	-1.147247e+03	-3.700151e-01
1641          	warmPlate	1.255770e+03	1.261395e+03	3.700219e-01
1641          	OVC	-1.149827e+03	-1.147247e+03	-3.700151e-01
1642          	warmPlate	1.255770e+03	1.261395e+03	3.700219e-01
1642          	OVC	-1.149827e+03	-1.147247e+03	-3.700151e-01
1643          	warmPlate	1.255770e+03	1.261395e+03	3.700219e-01
1643          	OVC	-1.149827e+03	-1.147247e+03	-3.700151e-01
1644          	warmPlate	1.255770e+03	1.261395e+03	3.700219e-01
1644          	OVC	-1.149827e+03	-1.147247e+03	-3.700151e-01
1645          	warmPlate	1.255770e+03	1.261395e+03	3.700219e-01
1645          	OVC	-1.149827e+03	-1.147247e+03	-3.700151e-01
1646          	warmPlate	1.255770e+03	1.261395e+03	3.700219e-01
1646          	OVC	-1.149827e+03	-1.147247e+03	-3.700151e-01
1647          	warmPlate	1.255770e+03	1.261395e+03	3.700219e-01
1647          	OVC	-1.149827e+03	-1.147247e+03	-3.700151e-01
1648          	warmPlate	1.255770e+03	1.261395e+03	3.700219e-01
1648          	OVC	-1.149827e+03	-1.147247e+03	-3.700151e-01
1649          	warmPlate	1.255770e+03	1.261395e+03	3.700219e-01
1649          	OVC	-1.149827e+03	-1.147247e+03	-3.700151e-01
1650          	warmPlate	1.255770e+03	1.261395e+03	3.700219e-01
1650          	OVC	-1.149827e+03	-1.147247e+03	-3.700151e-01
1651          	warmPlate	1.255770e+03	1.261395e+03	3.700219e-01
1651          	OVC	-1.149827e+03	-1.147247e+03	-3.700151e-01
1652          	warmPlate	1.255770e+03	1.261395e+03	3.700219e-01
1652          	OVC	-1.149827e+03	-1.147247e+03	-3.700151e-01
1653          	warmPlate	1.255770e+03	1.261395e+03	3.700219e-01
1653          	OVC	-1.149827e+03	-1.147247e+03	-3.700151e-01
1654          	warmPlate	1.255770e+03	1.261395e+03	3.700219e-01
1654          	OVC	-1.149827e+03	-1.147247e+03	-3.700151e-01
1655          	warmPlate	1.255770e+03	1.261395e+03	3.700219e-01
1655          	OVC	-1.149827e+03	-1.147247e+03	-3.700151e-01
1656          	warmPlate	1.255770e+03	1.261395e+03	3.700219e-01
1656          	OVC	-1.149827e+03	-1.147247e+03	-3.700151e-01
1657          	warmPlate	1.255770e+03	1.261395e+03	3.700219e-01
1657          	OVC	-1.149827e+03	-1.147247e+03	-3.700151e-01
1658          	warmPlate	1.255770e+03	1.261395e+03	3.700219e-01
1658          	OVC	-1.149827e+03	-1.147247e+03	-3.700151e-01
1659          	warmPlate	1.255770e+03	1.261395e+03	3.700219e-01
1659          	OVC	-1.149827e+03	-1.147247e+03	-3.700151e-01
1660          	warmPlate	1.255770e+03	1.261395e+03	3.700219e-01
1660          	OVC	-1.149827e+03	-1.147247e+03	-3.700151e-01
1661          	warmPlate	1.255770e+03	1.261395e+03	3.700219e-01
1661          	OVC	-1.149827e+03	-1.147247e+03	-3.700151e-01
1662          	warmPlate	1.255770e+03	1.261395e+03	3.700219e-01
1662          	OVC	-1.149827e+03	-1.147247e+03	-3.700151e-01
1663          	warmPlate	1.255770e+03	1.261395e+03	3.700219e-01
1663          	OVC	-1.149827e+03	-1.147247e+03	-3.700151e-01
1664          	warmPlate	1.255770e+03	1.261395e+03	3.700219e-01
1664          	OVC	-1.149827e+03	-1.147247e+03	-3.700151e-01
1665          	warmPlate	1.255770e+03	1.261395e+03	3.700219e-01
1665          	OVC	-1.149827e+03	-1.147247e+03	-3.700151e-01
1666          	warmPlate	1.255770e+03	1.261395e+03	3.700219e-01
1666          	OVC	-1.149827e+03	-1.147247e+03	-3.700151e-01
1667          	warmPlate	1.255770e+03	1.261395e+03	3.700219e-01
1667          	OVC	-1.149827e+03	-1.147247e+03	-3.700151e-01
1668          	warmPlate	1.255770e+03	1.261395e+03	3.700219e-01
1668          	OVC	-1.149827e+03	-1.147247e+03	-3.700151e-01
1669          	warmPlate	1.255770e+03	1.261395e+03	3.700219e-01
1669          	OVC	-1.149827e+03	-1.147247e+03	-3.700151e-01
1670          	warmPlate	1.255770e+03	1.261395e+03	3.700219e-01
1670          	OVC	-1.149827e+03	-1.147247e+03	-3.700151e-01
1671          	warmPlate	1.255770e+03	1.261395e+03	3.700219e-01
1671          	OVC	-1.149827e+03	-1.147247e+03	-3.700151e-01
1672          	warmPlate	1.255770e+03	1.261395e+03	3.700219e-01
1672          	OVC	-1.149827e+03	-1.147247e+03	-3.700151e-01
1673          	warmPlate	1.255770e+03	1.261395e+03	3.700219e-01
1673          	OVC	-1.149827e+03	-1.147247e+03	-3.700151e-01
1674          	warmPlate	1.255770e+03	1.261395e+03	3.700219e-01
1674          	OVC	-1.149827e+03	-1.147247e+03	-3.700151e-01
1675          	warmPlate	1.255770e+03	1.261395e+03	3.700219e-01
1675          	OVC	-1.149827e+03	-1.147247e+03	-3.700151e-01
1676          	warmPlate	1.255770e+03	1.261395e+03	3.700219e-01
1676          	OVC	-1.149827e+03	-1.147247e+03	-3.700151e-01
1677          	warmPlate	1.255770e+03	1.261395e+03	3.700219e-01
1677          	OVC	-1.149827e+03	-1.147247e+03	-3.700151e-01
1678          	warmPlate	1.255770e+03	1.261395e+03	3.700219e-01
1678          	OVC	-1.149827e+03	-1.147247e+03	-3.700151e-01
1679          	warmPlate	1.255770e+03	1.261395e+03	3.700219e-01
1679          	OVC	-1.149827e+03	-1.147247e+03	-3.700151e-01
1680          	warmPlate	1.255770e+03	1.261395e+03	3.700219e-01
1680          	OVC	-1.149827e+03	-1.147247e+03	-3.700151e-01
1681          	warmPlate	1.255770e+03	1.261395e+03	3.700219e-01
1681          	OVC	-1.149827e+03	-1.147247e+03	-3.700151e-01
1682          	warmPlate	1.255770e+03	1.261395e+03	3.700219e-01
1682          	OVC	-1.149827e+03	-1.147247e+03	-3.700151e-01
1683          	warmPlate	1.255770e+03	1.261395e+03	3.700219e-01
1683          	OVC	-1.149827e+03	-1.147247e+03	-3.700151e-01
1684          	warmPlate	1.255770e+03	1.261395e+03	3.700219e-01
1684          	OVC	-1.149827e+03	-1.147247e+03	-3.700151e-01
1685          	warmPlate	1.255770e+03	1.261395e+03	3.700219e-01
1685          	OVC	-1.149827e+03	-1.147247e+03	-3.700151e-01
1686          	warmPlate	1.255770e+03	1.261395e+03	3.700219e-01
1686          	OVC	-1.149827e+03	-1.147247e+03	-3.700151e-01
1687          	warmPlate	1.255770e+03	1.261395e+03	3.700219e-01
1687          	OVC	-1.149827e+03	-1.147247e+03	-3.700151e-01
1688          	warmPlate	1.255770e+03	1.261395e+03	3.700219e-01
1688          	OVC	-1.149827e+03	-1.147247e+03	-3.700151e-01
1689          	warmPlate	1.255770e+03	1.261395e+03	3.700219e-01
1689          	OVC	-1.149827e+03	-1.147247e+03	-3.700151e-01
1690          	warmPlate	1.255770e+03	1.261395e+03	3.700219e-01
1690          	OVC	-1.149827e+03	-1.147247e+03	-3.700151e-01
1691          	warmPlate	1.255770e+03	1.261395e+03	3.700219e-01
1691          	OVC	-1.149827e+03	-1.147247e+03	-3.700151e-01
1692          	warmPlate	1.255770e+03	1.261395e+03	3.700219e-01
1692          	OVC	-1.149827e+03	-1.147247e+03	-3.700151e-01
1693          	warmPlate	1.255770e+03	1.261395e+03	3.700219e-01
1693          	OVC	-1.149827e+03	-1.147247e+03	-3.700151e-01
1694          	warmPlate	1.255770e+03	1.261395e+03	3.700219e-01
1694          	OVC	-1.149827e+03	-1.147247e+03	-3.700151e-01
1695          	warmPlate	1.255770e+03	1.261395e+03	3.700219e-01
1695          	OVC	-1.149827e+03	-1.147247e+03	-3.700151e-01
1696          	warmPlate	1.255770e+03	1.261395e+03	3.700219e-01
1696          	OVC	-1.149827e+03	-1.147247e+03	-3.700151e-01
1697          	warmPlate	1.255770e+03	1.261395e+03	3.700219e-01
1697          	OVC	-1.149827e+03	-1.147247e+03	-3.700151e-01
1698          	warmPlate	1.255770e+03	1.261395e+03	3.700219e-01
1698          	OVC	-1.149827e+03	-1.147247e+03	-3.700151e-01
1699          	warmPlate	1.255770e+03	1.261395e+03	3.700219e-01
1699          	OVC	-1.149827e+03	-1.147247e+03	-3.700151e-01
1700          	warmPlate	1.255770e+03	1.261395e+03	3.700219e-01
1700          	OVC	-1.149827e+03	-1.147247e+03	-3.700151e-01
1701          	warmPlate	1.255770e+03	1.261395e+03	3.700219e-01
1701          	OVC	-1.149827e+03	-1.147247e+03	-3.700151e-01
1702          	warmPlate	1.255770e+03	1.261395e+03	3.700219e-01
1702          	OVC	-1.149827e+03	-1.147247e+03	-3.700151e-01
1703          	warmPlate	1.255770e+03	1.261395e+03	3.700219e-01
1703          	OVC	-1.149827e+03	-1.147247e+03	-3.700151e-01
1704          	warmPlate	1.255770e+03	1.261395e+03	3.700219e-01
1704          	OVC	-1.149827e+03	-1.147247e+03	-3.700151e-01
1705          	warmPlate	1.255770e+03	1.261395e+03	3.700219e-01
1705          	OVC	-1.149827e+03	-1.147247e+03	-3.700151e-01
1706          	warmPlate	1.255770e+03	1.261395e+03	3.700219e-01
1706          	OVC	-1.149827e+03	-1.147247e+03	-3.700151e-01
1707          	warmPlate	1.255770e+03	1.261395e+03	3.700219e-01
1707          	OVC	-1.149827e+03	-1.147247e+03	-3.700151e-01
1708          	warmPlate	1.255770e+03	1.261395e+03	3.700219e-01
1708          	OVC	-1.149827e+03	-1.147247e+03	-3.700151e-01
1709          	warmPlate	1.255770e+03	1.261395e+03	3.700219e-01
1709          	OVC	-1.149827e+03	-1.147247e+03	-3.700151e-01
1710          	warmPlate	1.255770e+03	1.261395e+03	3.700219e-01
1710          	OVC	-1.149827e+03	-1.147247e+03	-3.700151e-01
1711          	warmPlate	1.255770e+03	1.261395e+03	3.700219e-01
1711          	OVC	-1.149827e+03	-1.147247e+03	-3.700151e-01
1712          	warmPlate	1.255770e+03	1.261395e+03	3.700219e-01
1712          	OVC	-1.149827e+03	-1.147247e+03	-3.700151e-01
1713          	warmPlate	1.255770e+03	1.261395e+03	3.700219e-01
1713          	OVC	-1.149827e+03	-1.147247e+03	-3.700151e-01
1714          	warmPlate	1.255770e+03	1.261395e+03	3.700219e-01
1714          	OVC	-1.149827e+03	-1.147247e+03	-3.700151e-01
1715          	warmPlate	1.255770e+03	1.261395e+03	3.700219e-01
1715          	OVC	-1.149827e+03	-1.147247e+03	-3.700151e-01
1716          	warmPlate	1.255770e+03	1.261395e+03	3.700219e-01
1716          	OVC	-1.149827e+03	-1.147247e+03	-3.700151e-01
1717          	warmPlate	1.255770e+03	1.261395e+03	3.700219e-01
1717          	OVC	-1.149827e+03	-1.147247e+03	-3.700151e-01
1718          	warmPlate	1.255770e+03	1.261395e+03	3.700219e-01
1718          	OVC	-1.149827e+03	-1.147247e+03	-3.700151e-01
1719          	warmPlate	1.255770e+03	1.261395e+03	3.700219e-01
1719          	OVC	-1.149827e+03	-1.147247e+03	-3.700151e-01
1720          	warmPlate	1.255770e+03	1.261395e+03	3.700219e-01
1720          	OVC	-1.149827e+03	-1.147247e+03	-3.700151e-01
1721          	warmPlate	1.255770e+03	1.261395e+03	3.700219e-01
1721          	OVC	-1.149827e+03	-1.147247e+03	-3.700151e-01
1722          	warmPlate	1.255770e+03	1.261395e+03	3.700219e-01
1722          	OVC	-1.149827e+03	-1.147247e+03	-3.700151e-01
1723          	warmPlate	1.255770e+03	1.261395e+03	3.700219e-01
1723          	OVC	-1.149827e+03	-1.147247e+03	-3.700151e-01
1724          	warmPlate	1.255770e+03	1.261395e+03	3.700219e-01
1724          	OVC	-1.149827e+03	-1.147247e+03	-3.700151e-01
1725          	warmPlate	1.255770e+03	1.261395e+03	3.700219e-01
1725          	OVC	-1.149827e+03	-1.147247e+03	-3.700151e-01
1726          	warmPlate	1.255770e+03	1.261395e+03	3.700219e-01
1726          	OVC	-1.149827e+03	-1.147247e+03	-3.700151e-01
1727          	warmPlate	1.255770e+03	1.261395e+03	3.700219e-01
1727          	OVC	-1.149827e+03	-1.147247e+03	-3.700151e-01
1728          	warmPlate	1.255770e+03	1.261395e+03	3.700219e-01
1728          	OVC	-1.149827e+03	-1.147247e+03	-3.700151e-01
1729          	warmPlate	1.255770e+03	1.261395e+03	3.700219e-01
1729          	OVC	-1.149827e+03	-1.147247e+03	-3.700151e-01
1730          	warmPlate	1.255770e+03	1.261395e+03	3.700219e-01
1730          	OVC	-1.149827e+03	-1.147247e+03	-3.700151e-01
1731          	warmPlate	1.255770e+03	1.261395e+03	3.700219e-01
1731          	OVC	-1.149827e+03	-1.147247e+03	-3.700151e-01
1732          	warmPlate	1.255770e+03	1.261395e+03	3.700219e-01
1732          	OVC	-1.149827e+03	-1.147247e+03	-3.700151e-01
1733          	warmPlate	1.255770e+03	1.261395e+03	3.700219e-01
1733          	OVC	-1.149827e+03	-1.147247e+03	-3.700151e-01
1734          	warmPlate	1.255770e+03	1.261395e+03	3.700219e-01
1734          	OVC	-1.149827e+03	-1.147247e+03	-3.700151e-01
1735          	warmPlate	1.255770e+03	1.261395e+03	3.700219e-01
1735          	OVC	-1.149827e+03	-1.147247e+03	-3.700151e-01
1736          	warmPlate	1.255770e+03	1.261395e+03	3.700219e-01
1736          	OVC	-1.149827e+03	-1.147247e+03	-3.700151e-01
1737          	warmPlate	1.255770e+03	1.261395e+03	3.700219e-01
1737          	OVC	-1.149827e+03	-1.147247e+03	-3.700151e-01
1738          	warmPlate	1.255770e+03	1.261395e+03	3.700219e-01
1738          	OVC	-1.149827e+03	-1.147247e+03	-3.700151e-01
1739          	warmPlate	1.255770e+03	1.261395e+03	3.700219e-01
1739          	OVC	-1.149827e+03	-1.147247e+03	-3.700151e-01
1740          	warmPlate	1.255770e+03	1.261395e+03	3.700219e-01
1740          	OVC	-1.149827e+03	-1.147247e+03	-3.700151e-01
1741          	warmPlate	1.255770e+03	1.261395e+03	3.700219e-01
1741          	OVC	-1.149827e+03	-1.147247e+03	-3.700151e-01
1742          	warmPlate	1.255770e+03	1.261395e+03	3.700219e-01
1742          	OVC	-1.149827e+03	-1.147247e+03	-3.700151e-01
1743          	warmPlate	1.255770e+03	1.261395e+03	3.700219e-01
1743          	OVC	-1.149827e+03	-1.147247e+03	-3.700151e-01
1744          	warmPlate	1.255770e+03	1.261395e+03	3.700219e-01
1744          	OVC	-1.149827e+03	-1.147247e+03	-3.700151e-01
1745          	warmPlate	1.255770e+03	1.261395e+03	3.700219e-01
1745          	OVC	-1.149827e+03	-1.147247e+03	-3.700151e-01
1746          	warmPlate	1.255770e+03	1.261395e+03	3.700219e-01
1746          	OVC	-1.149827e+03	-1.147247e+03	-3.700151e-01
1747          	warmPlate	1.255770e+03	1.261395e+03	3.700219e-01
1747          	OVC	-1.149827e+03	-1.147247e+03	-3.700151e-01
1748          	warmPlate	1.255770e+03	1.261395e+03	3.700219e-01
1748          	OVC	-1.149827e+03	-1.147247e+03	-3.700151e-01
1749          	warmPlate	1.255770e+03	1.261395e+03	3.700219e-01
1749          	OVC	-1.149827e+03	-1.147247e+03	-3.700151e-01
1750          	warmPlate	1.255770e+03	1.261395e+03	3.700219e-01
1750          	OVC	-1.149827e+03	-1.147247e+03	-3.700151e-01
1751          	warmPlate	1.255770e+03	1.261395e+03	3.700219e-01
1751          	OVC	-1.149827e+03	-1.147247e+03	-3.700151e-01
1752          	warmPlate	1.255770e+03	1.261395e+03	3.700219e-01
1752          	OVC	-1.149827e+03	-1.147247e+03	-3.700151e-01
1753          	warmPlate	1.255770e+03	1.261395e+03	3.700219e-01
1753          	OVC	-1.149827e+03	-1.147247e+03	-3.700151e-01
1754          	warmPlate	1.255770e+03	1.261395e+03	3.700219e-01
1754          	OVC	-1.149827e+03	-1.147247e+03	-3.700151e-01
1755          	warmPlate	1.255770e+03	1.261395e+03	3.700219e-01
1755          	OVC	-1.149827e+03	-1.147247e+03	-3.700151e-01
1756          	warmPlate	1.255770e+03	1.261395e+03	3.700219e-01
1756          	OVC	-1.149827e+03	-1.147247e+03	-3.700151e-01
1757          	warmPlate	1.255770e+03	1.261395e+03	3.700219e-01
1757          	OVC	-1.149827e+03	-1.147247e+03	-3.700151e-01
1758          	warmPlate	1.255770e+03	1.261395e+03	3.700219e-01
1758          	OVC	-1.149827e+03	-1.147247e+03	-3.700151e-01
1759          	warmPlate	1.255770e+03	1.261395e+03	3.700219e-01
1759          	OVC	-1.149827e+03	-1.147247e+03	-3.700151e-01
1760          	warmPlate	1.255770e+03	1.261395e+03	3.700219e-01
1760          	OVC	-1.149827e+03	-1.147247e+03	-3.700151e-01
1761          	warmPlate	1.255770e+03	1.261395e+03	3.700219e-01
1761          	OVC	-1.149827e+03	-1.147247e+03	-3.700151e-01
1762          	warmPlate	1.255770e+03	1.261395e+03	3.700219e-01
1762          	OVC	-1.149827e+03	-1.147247e+03	-3.700151e-01
1763          	warmPlate	1.255770e+03	1.261395e+03	3.700219e-01
1763          	OVC	-1.149827e+03	-1.147247e+03	-3.700151e-01
1764          	warmPlate	1.255770e+03	1.261395e+03	3.700219e-01
1764          	OVC	-1.149827e+03	-1.147247e+03	-3.700151e-01
1765          	warmPlate	1.255770e+03	1.261395e+03	3.700219e-01
1765          	OVC	-1.149827e+03	-1.147247e+03	-3.700151e-01
1766          	warmPlate	1.255770e+03	1.261395e+03	3.700219e-01
1766          	OVC	-1.149827e+03	-1.147247e+03	-3.700151e-01
1767          	warmPlate	1.255770e+03	1.261395e+03	3.700219e-01
1767          	OVC	-1.149827e+03	-1.147247e+03	-3.700151e-01
1768          	warmPlate	1.255770e+03	1.261395e+03	3.700219e-01
1768          	OVC	-1.149827e+03	-1.147247e+03	-3.700151e-01
1769          	warmPlate	1.255770e+03	1.261395e+03	3.700219e-01
1769          	OVC	-1.149827e+03	-1.147247e+03	-3.700151e-01
1770          	warmPlate	1.255770e+03	1.261395e+03	3.700219e-01
1770          	OVC	-1.149827e+03	-1.147247e+03	-3.700151e-01
1771          	warmPlate	1.255770e+03	1.261395e+03	3.700219e-01
1771          	OVC	-1.149827e+03	-1.147247e+03	-3.700151e-01
1772          	warmPlate	1.255770e+03	1.261395e+03	3.700219e-01
1772          	OVC	-1.149827e+03	-1.147247e+03	-3.700151e-01
1773          	warmPlate	1.255770e+03	1.261395e+03	3.700219e-01
1773          	OVC	-1.149827e+03	-1.147247e+03	-3.700151e-01
1774          	warmPlate	1.255770e+03	1.261395e+03	3.700219e-01
1774          	OVC	-1.149827e+03	-1.147247e+03	-3.700151e-01
1775          	warmPlate	1.255770e+03	1.261395e+03	3.700219e-01
1775          	OVC	-1.149827e+03	-1.147247e+03	-3.700151e-01
1776          	warmPlate	1.255770e+03	1.261395e+03	3.700219e-01
1776          	OVC	-1.149827e+03	-1.147247e+03	-3.700151e-01
1777          	warmPlate	1.255770e+03	1.261395e+03	3.700219e-01
1777          	OVC	-1.149827e+03	-1.147247e+03	-3.700151e-01
1778          	warmPlate	1.255770e+03	1.261395e+03	3.700219e-01
1778          	OVC	-1.149827e+03	-1.147247e+03	-3.700151e-01
1779          	warmPlate	1.255770e+03	1.261395e+03	3.700219e-01
1779          	OVC	-1.149827e+03	-1.147247e+03	-3.700151e-01
1780          	warmPlate	1.255770e+03	1.261395e+03	3.700219e-01
1780          	OVC	-1.149827e+03	-1.147247e+03	-3.700151e-01
1781          	warmPlate	1.255770e+03	1.261395e+03	3.700219e-01
1781          	OVC	-1.149827e+03	-1.147247e+03	-3.700151e-01
1782          	warmPlate	1.255770e+03	1.261395e+03	3.700219e-01
1782          	OVC	-1.149827e+03	-1.147247e+03	-3.700151e-01
1783          	warmPlate	1.255770e+03	1.261395e+03	3.700219e-01
1783          	OVC	-1.149827e+03	-1.147247e+03	-3.700151e-01
1784          	warmPlate	1.255770e+03	1.261395e+03	3.700219e-01
1784          	OVC	-1.149827e+03	-1.147247e+03	-3.700151e-01
1785          	warmPlate	1.255770e+03	1.261395e+03	3.700219e-01
1785          	OVC	-1.149827e+03	-1.147247e+03	-3.700151e-01
1786          	warmPlate	1.255770e+03	1.261395e+03	3.700219e-01
1786          	OVC	-1.149827e+03	-1.147247e+03	-3.700151e-01
1787          	warmPlate	1.255770e+03	1.261395e+03	3.700219e-01
1787          	OVC	-1.149827e+03	-1.147247e+03	-3.700151e-01
1788          	warmPlate	1.255770e+03	1.261395e+03	3.700219e-01
1788          	OVC	-1.149827e+03	-1.147247e+03	-3.700151e-01
1789          	warmPlate	1.255770e+03	1.261395e+03	3.700219e-01
1789          	OVC	-1.149827e+03	-1.147247e+03	-3.700151e-01
1790          	warmPlate	1.255770e+03	1.261395e+03	3.700219e-01
1790          	OVC	-1.149827e+03	-1.147247e+03	-3.700151e-01
1791          	warmPlate	1.255770e+03	1.261395e+03	3.700219e-01
1791          	OVC	-1.149827e+03	-1.147247e+03	-3.700151e-01
1792          	warmPlate	1.255770e+03	1.261395e+03	3.700219e-01
1792          	OVC	-1.149827e+03	-1.147247e+03	-3.700151e-01
1793          	warmPlate	1.255770e+03	1.261395e+03	3.700219e-01
1793          	OVC	-1.149827e+03	-1.147247e+03	-3.700151e-01
1794          	warmPlate	1.255770e+03	1.261395e+03	3.700219e-01
1794          	OVC	-1.149827e+03	-1.147247e+03	-3.700151e-01
1795          	warmPlate	1.255770e+03	1.261395e+03	3.700219e-01
1795          	OVC	-1.149827e+03	-1.147247e+03	-3.700151e-01
1796          	warmPlate	1.255770e+03	1.261395e+03	3.700219e-01
1796          	OVC	-1.149827e+03	-1.147247e+03	-3.700151e-01
1797          	warmPlate	1.255770e+03	1.261395e+03	3.700219e-01
1797          	OVC	-1.149827e+03	-1.147247e+03	-3.700151e-01
1798          	warmPlate	1.255770e+03	1.261395e+03	3.700219e-01
1798          	OVC	-1.149827e+03	-1.147247e+03	-3.700151e-01
1799          	warmPlate	1.255770e+03	1.261395e+03	3.700219e-01
1799          	OVC	-1.149827e+03	-1.147247e+03	-3.700151e-01
1800          	warmPlate	1.255770e+03	1.261395e+03	3.700219e-01
1800          	OVC	-1.149827e+03	-1.147247e+03	-3.700151e-01
1801          	warmPlate	1.255770e+03	1.261395e+03	3.700219e-01
1801          	OVC	-1.149827e+03	-1.147247e+03	-3.700151e-01
1802          	warmPlate	1.255770e+03	1.261395e+03	3.700219e-01
1802          	OVC	-1.149827e+03	-1.147247e+03	-3.700151e-01
1803          	warmPlate	1.255770e+03	1.261395e+03	3.700219e-01
1803          	OVC	-1.149827e+03	-1.147247e+03	-3.700151e-01
1804          	warmPlate	1.255770e+03	1.261395e+03	3.700219e-01
1804          	OVC	-1.149827e+03	-1.147247e+03	-3.700151e-01
1805          	warmPlate	1.255770e+03	1.261395e+03	3.700219e-01
1805          	OVC	-1.149827e+03	-1.147247e+03	-3.700151e-01
1806          	warmPlate	1.255770e+03	1.261395e+03	3.700219e-01
1806          	OVC	-1.149827e+03	-1.147247e+03	-3.700151e-01
1807          	warmPlate	1.255770e+03	1.261395e+03	3.700219e-01
1807          	OVC	-1.149827e+03	-1.147247e+03	-3.700151e-01
1808          	warmPlate	1.255770e+03	1.261395e+03	3.700219e-01
1808          	OVC	-1.149827e+03	-1.147247e+03	-3.700151e-01
1809          	warmPlate	1.255770e+03	1.261395e+03	3.700219e-01
1809          	OVC	-1.149827e+03	-1.147247e+03	-3.700151e-01
1810          	warmPlate	1.255770e+03	1.261395e+03	3.700219e-01
1810          	OVC	-1.149827e+03	-1.147247e+03	-3.700151e-01
1811          	warmPlate	1.255770e+03	1.261395e+03	3.700219e-01
1811          	OVC	-1.149827e+03	-1.147247e+03	-3.700151e-01
1812          	warmPlate	1.255770e+03	1.261395e+03	3.700219e-01
1812          	OVC	-1.149827e+03	-1.147247e+03	-3.700151e-01
1813          	warmPlate	1.255770e+03	1.261395e+03	3.700219e-01
1813          	OVC	-1.149827e+03	-1.147247e+03	-3.700151e-01
1814          	warmPlate	1.255770e+03	1.261395e+03	3.700219e-01
1814          	OVC	-1.149827e+03	-1.147247e+03	-3.700151e-01
1815          	warmPlate	1.255770e+03	1.261395e+03	3.700219e-01
1815          	OVC	-1.149827e+03	-1.147247e+03	-3.700151e-01
1816          	warmPlate	1.255770e+03	1.261395e+03	3.700219e-01
1816          	OVC	-1.149827e+03	-1.147247e+03	-3.700151e-01
1817          	warmPlate	1.255770e+03	1.261395e+03	3.700219e-01
1817          	OVC	-1.149827e+03	-1.147247e+03	-3.700151e-01
1818          	warmPlate	1.255770e+03	1.261395e+03	3.700219e-01
1818          	OVC	-1.149827e+03	-1.147247e+03	-3.700151e-01
1819          	warmPlate	1.255770e+03	1.261395e+03	3.700219e-01
1819          	OVC	-1.149827e+03	-1.147247e+03	-3.700151e-01
1820          	warmPlate	1.255770e+03	1.261395e+03	3.700219e-01
1820          	OVC	-1.149827e+03	-1.147247e+03	-3.700151e-01
1821          	warmPlate	1.255770e+03	1.261395e+03	3.700219e-01
1821          	OVC	-1.149827e+03	-1.147247e+03	-3.700151e-01
1822          	warmPlate	1.255770e+03	1.261395e+03	3.700219e-01
1822          	OVC	-1.149827e+03	-1.147247e+03	-3.700151e-01
1823          	warmPlate	1.255770e+03	1.261395e+03	3.700219e-01
1823          	OVC	-1.149827e+03	-1.147247e+03	-3.700151e-01
1824          	warmPlate	1.255770e+03	1.261395e+03	3.700219e-01
1824          	OVC	-1.149827e+03	-1.147247e+03	-3.700151e-01
1825          	warmPlate	1.255770e+03	1.261395e+03	3.700219e-01
1825          	OVC	-1.149827e+03	-1.147247e+03	-3.700151e-01
1826          	warmPlate	1.255770e+03	1.261395e+03	3.700219e-01
1826          	OVC	-1.149827e+03	-1.147247e+03	-3.700151e-01
1827          	warmPlate	1.255770e+03	1.261395e+03	3.700219e-01
1827          	OVC	-1.149827e+03	-1.147247e+03	-3.700151e-01
1828          	warmPlate	1.255770e+03	1.261395e+03	3.700219e-01
1828          	OVC	-1.149827e+03	-1.147247e+03	-3.700151e-01
1829          	warmPlate	1.255770e+03	1.261395e+03	3.700219e-01
1829          	OVC	-1.149827e+03	-1.147247e+03	-3.700151e-01
1830          	warmPlate	1.255770e+03	1.261395e+03	3.700219e-01
1830          	OVC	-1.149827e+03	-1.147247e+03	-3.700151e-01
1831          	warmPlate	1.255770e+03	1.261395e+03	3.700219e-01
1831          	OVC	-1.149827e+03	-1.147247e+03	-3.700151e-01
1832          	warmPlate	1.255770e+03	1.261395e+03	3.700219e-01
1832          	OVC	-1.149827e+03	-1.147247e+03	-3.700151e-01
1833          	warmPlate	1.255770e+03	1.261395e+03	3.700219e-01
1833          	OVC	-1.149827e+03	-1.147247e+03	-3.700151e-01
1834          	warmPlate	1.255770e+03	1.261395e+03	3.700219e-01
1834          	OVC	-1.149827e+03	-1.147247e+03	-3.700151e-01
1835          	warmPlate	1.255770e+03	1.261395e+03	3.700219e-01
1835          	OVC	-1.149827e+03	-1.147247e+03	-3.700151e-01
1836          	warmPlate	1.255770e+03	1.261395e+03	3.700219e-01
1836          	OVC	-1.149827e+03	-1.147247e+03	-3.700151e-01
1837          	warmPlate	1.255770e+03	1.261395e+03	3.700219e-01
1837          	OVC	-1.149827e+03	-1.147247e+03	-3.700151e-01
1838          	warmPlate	1.255770e+03	1.261395e+03	3.700219e-01
1838          	OVC	-1.149827e+03	-1.147247e+03	-3.700151e-01
1839          	warmPlate	1.255770e+03	1.261395e+03	3.700219e-01
1839          	OVC	-1.149827e+03	-1.147247e+03	-3.700151e-01
1840          	warmPlate	1.255770e+03	1.261395e+03	3.700219e-01
1840          	OVC	-1.149827e+03	-1.147247e+03	-3.700151e-01
1841          	warmPlate	1.255770e+03	1.261395e+03	3.700219e-01
1841          	OVC	-1.149827e+03	-1.147247e+03	-3.700151e-01
1842          	warmPlate	1.255770e+03	1.261395e+03	3.700219e-01
1842          	OVC	-1.149827e+03	-1.147247e+03	-3.700151e-01
1843          	warmPlate	1.255770e+03	1.261395e+03	3.700219e-01
1843          	OVC	-1.149827e+03	-1.147247e+03	-3.700151e-01
1844          	warmPlate	1.255770e+03	1.261395e+03	3.700219e-01
1844          	OVC	-1.149827e+03	-1.147247e+03	-3.700151e-01
1845          	warmPlate	1.255770e+03	1.261395e+03	3.700219e-01
1845          	OVC	-1.149827e+03	-1.147247e+03	-3.700151e-01
1846          	warmPlate	1.255770e+03	1.261395e+03	3.700219e-01
1846          	OVC	-1.149827e+03	-1.147247e+03	-3.700151e-01
1847          	warmPlate	1.255770e+03	1.261395e+03	3.700219e-01
1847          	OVC	-1.149827e+03	-1.147247e+03	-3.700151e-01
1848          	warmPlate	1.255770e+03	1.261395e+03	3.700219e-01
1848          	OVC	-1.149827e+03	-1.147247e+03	-3.700151e-01
1849          	warmPlate	1.255770e+03	1.261395e+03	3.700219e-01
1849          	OVC	-1.149827e+03	-1.147247e+03	-3.700151e-01
1850          	warmPlate	1.255770e+03	1.261395e+03	3.700219e-01
1850          	OVC	-1.149827e+03	-1.147247e+03	-3.700151e-01
1851          	warmPlate	1.255770e+03	1.261395e+03	3.700219e-01
1851          	OVC	-1.149827e+03	-1.147247e+03	-3.700151e-01
1852          	warmPlate	1.255770e+03	1.261395e+03	3.700219e-01
1852          	OVC	-1.149827e+03	-1.147247e+03	-3.700151e-01
1853          	warmPlate	1.255770e+03	1.261395e+03	3.700219e-01
1853          	OVC	-1.149827e+03	-1.147247e+03	-3.700151e-01
1854          	warmPlate	1.255770e+03	1.261395e+03	3.700219e-01
1854          	OVC	-1.149827e+03	-1.147247e+03	-3.700151e-01
1855          	warmPlate	1.255770e+03	1.261395e+03	3.700219e-01
1855          	OVC	-1.149827e+03	-1.147247e+03	-3.700151e-01
1856          	warmPlate	1.255770e+03	1.261395e+03	3.700219e-01
1856          	OVC	-1.149827e+03	-1.147247e+03	-3.700151e-01
1857          	warmPlate	1.255770e+03	1.261395e+03	3.700219e-01
1857          	OVC	-1.149827e+03	-1.147247e+03	-3.700151e-01
1858          	warmPlate	1.255770e+03	1.261395e+03	3.700219e-01
1858          	OVC	-1.149827e+03	-1.147247e+03	-3.700151e-01
1859          	warmPlate	1.255770e+03	1.261395e+03	3.700219e-01
1859          	OVC	-1.149827e+03	-1.147247e+03	-3.700151e-01
1860          	warmPlate	1.255770e+03	1.261395e+03	3.700219e-01
1860          	OVC	-1.149827e+03	-1.147247e+03	-3.700151e-01
1861          	warmPlate	1.255770e+03	1.261395e+03	3.700219e-01
1861          	OVC	-1.149827e+03	-1.147247e+03	-3.700151e-01
1862          	warmPlate	1.255770e+03	1.261395e+03	3.700219e-01
1862          	OVC	-1.149827e+03	-1.147247e+03	-3.700151e-01
1863          	warmPlate	1.255770e+03	1.261395e+03	3.700219e-01
1863          	OVC	-1.149827e+03	-1.147247e+03	-3.700151e-01
1864          	warmPlate	1.255770e+03	1.261395e+03	3.700219e-01
1864          	OVC	-1.149827e+03	-1.147247e+03	-3.700151e-01
1865          	warmPlate	1.255770e+03	1.261395e+03	3.700219e-01
1865          	OVC	-1.149827e+03	-1.147247e+03	-3.700151e-01
1866          	warmPlate	1.255770e+03	1.261395e+03	3.700219e-01
1866          	OVC	-1.149827e+03	-1.147247e+03	-3.700151e-01
1867          	warmPlate	1.255770e+03	1.261395e+03	3.700219e-01
1867          	OVC	-1.149827e+03	-1.147247e+03	-3.700151e-01
1868          	warmPlate	1.255770e+03	1.261395e+03	3.700219e-01
1868          	OVC	-1.149827e+03	-1.147247e+03	-3.700151e-01
1869          	warmPlate	1.255770e+03	1.261395e+03	3.700219e-01
1869          	OVC	-1.149827e+03	-1.147247e+03	-3.700151e-01
1870          	warmPlate	1.255770e+03	1.261395e+03	3.700219e-01
1870          	OVC	-1.149827e+03	-1.147247e+03	-3.700151e-01
1871          	warmPlate	1.255770e+03	1.261395e+03	3.700219e-01
1871          	OVC	-1.149827e+03	-1.147247e+03	-3.700151e-01
1872          	warmPlate	1.255770e+03	1.261395e+03	3.700219e-01
1872          	OVC	-1.149827e+03	-1.147247e+03	-3.700151e-01
1873          	warmPlate	1.255770e+03	1.261395e+03	3.700219e-01
1873          	OVC	-1.149827e+03	-1.147247e+03	-3.700151e-01
1874          	warmPlate	1.255770e+03	1.261395e+03	3.700219e-01
1874          	OVC	-1.149827e+03	-1.147247e+03	-3.700151e-01
1875          	warmPlate	1.255770e+03	1.261395e+03	3.700219e-01
1875          	OVC	-1.149827e+03	-1.147247e+03	-3.700151e-01
1876          	warmPlate	1.255770e+03	1.261395e+03	3.700219e-01
1876          	OVC	-1.149827e+03	-1.147247e+03	-3.700151e-01
1877          	warmPlate	1.255770e+03	1.261395e+03	3.700219e-01
1877          	OVC	-1.149827e+03	-1.147247e+03	-3.700151e-01
1878          	warmPlate	1.255770e+03	1.261395e+03	3.700219e-01
1878          	OVC	-1.149827e+03	-1.147247e+03	-3.700151e-01
1879          	warmPlate	1.255770e+03	1.261395e+03	3.700219e-01
1879          	OVC	-1.149827e+03	-1.147247e+03	-3.700151e-01
1880          	warmPlate	1.255770e+03	1.261395e+03	3.700219e-01
1880          	OVC	-1.149827e+03	-1.147247e+03	-3.700151e-01
1881          	warmPlate	1.255770e+03	1.261395e+03	3.700219e-01
1881          	OVC	-1.149827e+03	-1.147247e+03	-3.700151e-01
1882          	warmPlate	1.255770e+03	1.261395e+03	3.700219e-01
1882          	OVC	-1.149827e+03	-1.147247e+03	-3.700151e-01
1883          	warmPlate	1.255770e+03	1.261395e+03	3.700219e-01
1883          	OVC	-1.149827e+03	-1.147247e+03	-3.700151e-01
1884          	warmPlate	1.255770e+03	1.261395e+03	3.700219e-01
1884          	OVC	-1.149827e+03	-1.147247e+03	-3.700151e-01
1885          	warmPlate	1.255770e+03	1.261395e+03	3.700219e-01
1885          	OVC	-1.149827e+03	-1.147247e+03	-3.700151e-01
1886          	warmPlate	1.255770e+03	1.261395e+03	3.700219e-01
1886          	OVC	-1.149827e+03	-1.147247e+03	-3.700151e-01
1887          	warmPlate	1.255770e+03	1.261395e+03	3.700219e-01
1887          	OVC	-1.149827e+03	-1.147247e+03	-3.700151e-01
1888          	warmPlate	1.255770e+03	1.261395e+03	3.700219e-01
1888          	OVC	-1.149827e+03	-1.147247e+03	-3.700151e-01
1889          	warmPlate	1.255770e+03	1.261395e+03	3.700219e-01
1889          	OVC	-1.149827e+03	-1.147247e+03	-3.700151e-01
1890          	warmPlate	1.255770e+03	1.261395e+03	3.700219e-01
1890          	OVC	-1.149827e+03	-1.147247e+03	-3.700151e-01
1891          	warmPlate	1.255770e+03	1.261395e+03	3.700219e-01
1891          	OVC	-1.149827e+03	-1.147247e+03	-3.700151e-01
1892          	warmPlate	1.255770e+03	1.261395e+03	3.700219e-01
1892          	OVC	-1.149827e+03	-1.147247e+03	-3.700151e-01
1893          	warmPlate	1.255770e+03	1.261395e+03	3.700219e-01
1893          	OVC	-1.149827e+03	-1.147247e+03	-3.700151e-01
1894          	warmPlate	1.255770e+03	1.261395e+03	3.700219e-01
1894          	OVC	-1.149827e+03	-1.147247e+03	-3.700151e-01
1895          	warmPlate	1.255770e+03	1.261395e+03	3.700219e-01
1895          	OVC	-1.149827e+03	-1.147247e+03	-3.700151e-01
1896          	warmPlate	1.255770e+03	1.261395e+03	3.700219e-01
1896          	OVC	-1.149827e+03	-1.147247e+03	-3.700151e-01
1897          	warmPlate	1.255770e+03	1.261395e+03	3.700219e-01
1897          	OVC	-1.149827e+03	-1.147247e+03	-3.700151e-01
1898          	warmPlate	1.255770e+03	1.261395e+03	3.700219e-01
1898          	OVC	-1.149827e+03	-1.147247e+03	-3.700151e-01
1899          	warmPlate	1.255770e+03	1.261395e+03	3.700219e-01
1899          	OVC	-1.149827e+03	-1.147247e+03	-3.700151e-01
1900          	warmPlate	1.255770e+03	1.261395e+03	3.700219e-01
1900          	OVC	-1.149827e+03	-1.147247e+03	-3.700151e-01
1901          	warmPlate	1.255770e+03	1.261395e+03	3.700219e-01
1901          	OVC	-1.149827e+03	-1.147247e+03	-3.700151e-01
1902          	warmPlate	1.255770e+03	1.261395e+03	3.700219e-01
1902          	OVC	-1.149827e+03	-1.147247e+03	-3.700151e-01
1903          	warmPlate	1.255770e+03	1.261395e+03	3.700219e-01
1903          	OVC	-1.149827e+03	-1.147247e+03	-3.700151e-01
1904          	warmPlate	1.255770e+03	1.261395e+03	3.700219e-01
1904          	OVC	-1.149827e+03	-1.147247e+03	-3.700151e-01
1905          	warmPlate	1.255770e+03	1.261395e+03	3.700219e-01
1905          	OVC	-1.149827e+03	-1.147247e+03	-3.700151e-01
1906          	warmPlate	1.255770e+03	1.261395e+03	3.700219e-01
1906          	OVC	-1.149827e+03	-1.147247e+03	-3.700151e-01
1907          	warmPlate	1.255770e+03	1.261395e+03	3.700219e-01
1907          	OVC	-1.149827e+03	-1.147247e+03	-3.700151e-01
1908          	warmPlate	1.255770e+03	1.261395e+03	3.700219e-01
1908          	OVC	-1.149827e+03	-1.147247e+03	-3.700151e-01
1909          	warmPlate	1.255770e+03	1.261395e+03	3.700219e-01
1909          	OVC	-1.149827e+03	-1.147247e+03	-3.700151e-01
1910          	warmPlate	1.255770e+03	1.261395e+03	3.700219e-01
1910          	OVC	-1.149827e+03	-1.147247e+03	-3.700151e-01
1911          	warmPlate	1.255770e+03	1.261395e+03	3.700219e-01
1911          	OVC	-1.149827e+03	-1.147247e+03	-3.700151e-01
1912          	warmPlate	1.255770e+03	1.261395e+03	3.700219e-01
1912          	OVC	-1.149827e+03	-1.147247e+03	-3.700151e-01
1913          	warmPlate	1.255770e+03	1.261395e+03	3.700219e-01
1913          	OVC	-1.149827e+03	-1.147247e+03	-3.700151e-01
1914          	warmPlate	1.255770e+03	1.261395e+03	3.700219e-01
1914          	OVC	-1.149827e+03	-1.147247e+03	-3.700151e-01
1915          	warmPlate	1.255770e+03	1.261395e+03	3.700219e-01
1915          	OVC	-1.149827e+03	-1.147247e+03	-3.700151e-01
1916          	warmPlate	1.255770e+03	1.261395e+03	3.700219e-01
1916          	OVC	-1.149827e+03	-1.147247e+03	-3.700151e-01
1917          	warmPlate	1.255770e+03	1.261395e+03	3.700219e-01
1917          	OVC	-1.149827e+03	-1.147247e+03	-3.700151e-01
1918          	warmPlate	1.255770e+03	1.261395e+03	3.700219e-01
1918          	OVC	-1.149827e+03	-1.147247e+03	-3.700151e-01
1919          	warmPlate	1.255770e+03	1.261395e+03	3.700219e-01
1919          	OVC	-1.149827e+03	-1.147247e+03	-3.700151e-01
1920          	warmPlate	1.255770e+03	1.261395e+03	3.700219e-01
1920          	OVC	-1.149827e+03	-1.147247e+03	-3.700151e-01
1921          	warmPlate	1.255770e+03	1.261395e+03	3.700219e-01
1921          	OVC	-1.149827e+03	-1.147247e+03	-3.700151e-01
1922          	warmPlate	1.255770e+03	1.261395e+03	3.700219e-01
1922          	OVC	-1.149827e+03	-1.147247e+03	-3.700151e-01
1923          	warmPlate	1.255770e+03	1.261395e+03	3.700219e-01
1923          	OVC	-1.149827e+03	-1.147247e+03	-3.700151e-01
1924          	warmPlate	1.255770e+03	1.261395e+03	3.700219e-01
1924          	OVC	-1.149827e+03	-1.147247e+03	-3.700151e-01
1925          	warmPlate	1.255770e+03	1.261395e+03	3.700219e-01
1925          	OVC	-1.149827e+03	-1.147247e+03	-3.700151e-01
1926          	warmPlate	1.255770e+03	1.261395e+03	3.700219e-01
1926          	OVC	-1.149827e+03	-1.147247e+03	-3.700151e-01
1927          	warmPlate	1.255770e+03	1.261395e+03	3.700219e-01
1927          	OVC	-1.149827e+03	-1.147247e+03	-3.700151e-01
1928          	warmPlate	1.255770e+03	1.261395e+03	3.700219e-01
1928          	OVC	-1.149827e+03	-1.147247e+03	-3.700151e-01
1929          	warmPlate	1.255770e+03	1.261395e+03	3.700219e-01
1929          	OVC	-1.149827e+03	-1.147247e+03	-3.700151e-01
1930          	warmPlate	1.255770e+03	1.261395e+03	3.700219e-01
1930          	OVC	-1.149827e+03	-1.147247e+03	-3.700151e-01
1931          	warmPlate	1.255770e+03	1.261395e+03	3.700219e-01
1931          	OVC	-1.149827e+03	-1.147247e+03	-3.700151e-01
1932          	warmPlate	1.255770e+03	1.261395e+03	3.700219e-01
1932          	OVC	-1.149827e+03	-1.147247e+03	-3.700151e-01
1933          	warmPlate	1.255770e+03	1.261395e+03	3.700219e-01
1933          	OVC	-1.149827e+03	-1.147247e+03	-3.700151e-01
1934          	warmPlate	1.255770e+03	1.261395e+03	3.700219e-01
1934          	OVC	-1.149827e+03	-1.147247e+03	-3.700151e-01
1935          	warmPlate	1.255770e+03	1.261395e+03	3.700219e-01
1935          	OVC	-1.149827e+03	-1.147247e+03	-3.700151e-01
1936          	warmPlate	1.255770e+03	1.261395e+03	3.700219e-01
1936          	OVC	-1.149827e+03	-1.147247e+03	-3.700151e-01
1937          	warmPlate	1.255770e+03	1.261395e+03	3.700219e-01
1937          	OVC	-1.149827e+03	-1.147247e+03	-3.700151e-01
1938          	warmPlate	1.255770e+03	1.261395e+03	3.700219e-01
1938          	OVC	-1.149827e+03	-1.147247e+03	-3.700151e-01
1939          	warmPlate	1.255770e+03	1.261395e+03	3.700219e-01
1939          	OVC	-1.149827e+03	-1.147247e+03	-3.700151e-01
1940          	warmPlate	1.255770e+03	1.261395e+03	3.700219e-01
1940          	OVC	-1.149827e+03	-1.147247e+03	-3.700151e-01
1941          	warmPlate	1.255770e+03	1.261395e+03	3.700219e-01
1941          	OVC	-1.149827e+03	-1.147247e+03	-3.700151e-01
1942          	warmPlate	1.255770e+03	1.261395e+03	3.700219e-01
1942          	OVC	-1.149827e+03	-1.147247e+03	-3.700151e-01
1943          	warmPlate	1.255770e+03	1.261395e+03	3.700219e-01
1943          	OVC	-1.149827e+03	-1.147247e+03	-3.700151e-01
1944          	warmPlate	1.255770e+03	1.261395e+03	3.700219e-01
1944          	OVC	-1.149827e+03	-1.147247e+03	-3.700151e-01
1945          	warmPlate	1.255770e+03	1.261395e+03	3.700219e-01
1945          	OVC	-1.149827e+03	-1.147247e+03	-3.700151e-01
1946          	warmPlate	1.255770e+03	1.261395e+03	3.700219e-01
1946          	OVC	-1.149827e+03	-1.147247e+03	-3.700151e-01
1947          	warmPlate	1.255770e+03	1.261395e+03	3.700219e-01
1947          	OVC	-1.149827e+03	-1.147247e+03	-3.700151e-01
1948          	warmPlate	1.255770e+03	1.261395e+03	3.700219e-01
1948          	OVC	-1.149827e+03	-1.147247e+03	-3.700151e-01
1949          	warmPlate	1.255770e+03	1.261395e+03	3.700219e-01
1949          	OVC	-1.149827e+03	-1.147247e+03	-3.700151e-01
1950          	warmPlate	1.255770e+03	1.261395e+03	3.700219e-01
1950          	OVC	-1.149827e+03	-1.147247e+03	-3.700151e-01
1951          	warmPlate	1.255770e+03	1.261395e+03	3.700219e-01
1951          	OVC	-1.149827e+03	-1.147247e+03	-3.700151e-01
1952          	warmPlate	1.255770e+03	1.261395e+03	3.700219e-01
1952          	OVC	-1.149827e+03	-1.147247e+03	-3.700151e-01
1953          	warmPlate	1.255770e+03	1.261395e+03	3.700219e-01
1953          	OVC	-1.149827e+03	-1.147247e+03	-3.700151e-01
1954          	warmPlate	1.255770e+03	1.261395e+03	3.700219e-01
1954          	OVC	-1.149827e+03	-1.147247e+03	-3.700151e-01
1955          	warmPlate	1.255770e+03	1.261395e+03	3.700219e-01
1955          	OVC	-1.149827e+03	-1.147247e+03	-3.700151e-01
1956          	warmPlate	1.255770e+03	1.261395e+03	3.700219e-01
1956          	OVC	-1.149827e+03	-1.147247e+03	-3.700151e-01
1957          	warmPlate	1.255770e+03	1.261395e+03	3.700219e-01
1957          	OVC	-1.149827e+03	-1.147247e+03	-3.700151e-01
1958          	warmPlate	1.255770e+03	1.261395e+03	3.700219e-01
1958          	OVC	-1.149827e+03	-1.147247e+03	-3.700151e-01
1959          	warmPlate	1.255770e+03	1.261395e+03	3.700219e-01
1959          	OVC	-1.149827e+03	-1.147247e+03	-3.700151e-01
1960          	warmPlate	1.255770e+03	1.261395e+03	3.700219e-01
1960          	OVC	-1.149827e+03	-1.147247e+03	-3.700151e-01
1961          	warmPlate	1.255770e+03	1.261395e+03	3.700219e-01
1961          	OVC	-1.149827e+03	-1.147247e+03	-3.700151e-01
1962          	warmPlate	1.255770e+03	1.261395e+03	3.700219e-01
1962          	OVC	-1.149827e+03	-1.147247e+03	-3.700151e-01
1963          	warmPlate	1.255770e+03	1.261395e+03	3.700219e-01
1963          	OVC	-1.149827e+03	-1.147247e+03	-3.700151e-01
1964          	warmPlate	1.255770e+03	1.261395e+03	3.700219e-01
1964          	OVC	-1.149827e+03	-1.147247e+03	-3.700151e-01
1965          	warmPlate	1.255770e+03	1.261395e+03	3.700219e-01
1965          	OVC	-1.149827e+03	-1.147247e+03	-3.700151e-01
1966          	warmPlate	1.255770e+03	1.261395e+03	3.700219e-01
1966          	OVC	-1.149827e+03	-1.147247e+03	-3.700151e-01
1967          	warmPlate	1.255770e+03	1.261395e+03	3.700219e-01
1967          	OVC	-1.149827e+03	-1.147247e+03	-3.700151e-01
1968          	warmPlate	1.255770e+03	1.261395e+03	3.700219e-01
1968          	OVC	-1.149827e+03	-1.147247e+03	-3.700151e-01
1969          	warmPlate	1.255770e+03	1.261395e+03	3.700219e-01
1969          	OVC	-1.149827e+03	-1.147247e+03	-3.700151e-01
1970          	warmPlate	1.255770e+03	1.261395e+03	3.700219e-01
1970          	OVC	-1.149827e+03	-1.147247e+03	-3.700151e-01
1971          	warmPlate	1.255770e+03	1.261395e+03	3.700219e-01
1971          	OVC	-1.149827e+03	-1.147247e+03	-3.700151e-01
1972          	warmPlate	1.255770e+03	1.261395e+03	3.700219e-01
1972          	OVC	-1.149827e+03	-1.147247e+03	-3.700151e-01
1973          	warmPlate	1.255770e+03	1.261395e+03	3.700219e-01
1973          	OVC	-1.149827e+03	-1.147247e+03	-3.700151e-01
1974          	warmPlate	1.255770e+03	1.261395e+03	3.700219e-01
1974          	OVC	-1.149827e+03	-1.147247e+03	-3.700151e-01
1975          	warmPlate	1.255770e+03	1.261395e+03	3.700219e-01
1975          	OVC	-1.149827e+03	-1.147247e+03	-3.700151e-01
1976          	warmPlate	1.255770e+03	1.261395e+03	3.700219e-01
1976          	OVC	-1.149827e+03	-1.147247e+03	-3.700151e-01
1977          	warmPlate	1.255770e+03	1.261395e+03	3.700219e-01
1977          	OVC	-1.149827e+03	-1.147247e+03	-3.700151e-01
1978          	warmPlate	1.255770e+03	1.261395e+03	3.700219e-01
1978          	OVC	-1.149827e+03	-1.147247e+03	-3.700151e-01
1979          	warmPlate	1.255770e+03	1.261395e+03	3.700219e-01
1979          	OVC	-1.149827e+03	-1.147247e+03	-3.700151e-01
1980          	warmPlate	1.255770e+03	1.261395e+03	3.700219e-01
1980          	OVC	-1.149827e+03	-1.147247e+03	-3.700151e-01
1981          	warmPlate	1.255770e+03	1.261395e+03	3.700219e-01
1981          	OVC	-1.149827e+03	-1.147247e+03	-3.700151e-01
1982          	warmPlate	1.255770e+03	1.261395e+03	3.700219e-01
1982          	OVC	-1.149827e+03	-1.147247e+03	-3.700151e-01
1983          	warmPlate	1.255770e+03	1.261395e+03	3.700219e-01
1983          	OVC	-1.149827e+03	-1.147247e+03	-3.700151e-01
1984          	warmPlate	1.255770e+03	1.261395e+03	3.700219e-01
1984          	OVC	-1.149827e+03	-1.147247e+03	-3.700151e-01
1985          	warmPlate	1.255770e+03	1.261395e+03	3.700219e-01
1985          	OVC	-1.149827e+03	-1.147247e+03	-3.700151e-01
1986          	warmPlate	1.255770e+03	1.261395e+03	3.700219e-01
1986          	OVC	-1.149827e+03	-1.147247e+03	-3.700151e-01
1987          	warmPlate	1.255770e+03	1.261395e+03	3.700219e-01
1987          	OVC	-1.149827e+03	-1.147247e+03	-3.700151e-01
1988          	warmPlate	1.255770e+03	1.261395e+03	3.700219e-01
1988          	OVC	-1.149827e+03	-1.147247e+03	-3.700151e-01
1989          	warmPlate	1.255770e+03	1.261395e+03	3.700219e-01
1989          	OVC	-1.149827e+03	-1.147247e+03	-3.700151e-01
1990          	warmPlate	1.255770e+03	1.261395e+03	3.700219e-01
1990          	OVC	-1.149827e+03	-1.147247e+03	-3.700151e-01
1991          	warmPlate	1.255770e+03	1.261395e+03	3.700219e-01
1991          	OVC	-1.149827e+03	-1.147247e+03	-3.700151e-01
1992          	warmPlate	1.255770e+03	1.261395e+03	3.700219e-01
1992          	OVC	-1.149827e+03	-1.147247e+03	-3.700151e-01
1993          	warmPlate	1.255770e+03	1.261395e+03	3.700219e-01
1993          	OVC	-1.149827e+03	-1.147247e+03	-3.700151e-01
1994          	warmPlate	1.255770e+03	1.261395e+03	3.700219e-01
1994          	OVC	-1.149827e+03	-1.147247e+03	-3.700151e-01
1995          	warmPlate	1.255770e+03	1.261395e+03	3.700219e-01
1995          	OVC	-1.149827e+03	-1.147247e+03	-3.700151e-01
1996          	warmPlate	1.255770e+03	1.261395e+03	3.700219e-01
1996          	OVC	-1.149827e+03	-1.147247e+03	-3.700151e-01
1997          	warmPlate	1.255770e+03	1.261395e+03	3.700219e-01
1997          	OVC	-1.149827e+03	-1.147247e+03	-3.700151e-01
1998          	warmPlate	1.255770e+03	1.261395e+03	3.700219e-01
1998          	OVC	-1.149827e+03	-1.147247e+03	-3.700151e-01
1999          	warmPlate	1.255770e+03	1.261395e+03	3.700219e-01
1999          	OVC	-1.149827e+03	-1.147247e+03	-3.700151e-01
2000          	warmPlate	1.255770e+03	1.261395e+03	3.700219e-01
2000          	OVC	-1.149827e+03	-1.147247e+03	-3.700151e-01
2001          	warmPlate	1.255770e+03	1.261395e+03	3.700219e-01
2001          	OVC	-1.149827e+03	-1.147247e+03	-3.700151e-01
2002          	warmPlate	1.255770e+03	1.261395e+03	3.700219e-01
2002          	OVC	-1.149827e+03	-1.147247e+03	-3.700151e-01
2003          	warmPlate	1.255770e+03	1.261395e+03	3.700219e-01
2003          	OVC	-1.149827e+03	-1.147247e+03	-3.700151e-01
2004          	warmPlate	1.255770e+03	1.261395e+03	3.700219e-01
2004          	OVC	-1.149827e+03	-1.147247e+03	-3.700151e-01
2005          	warmPlate	1.255770e+03	1.261395e+03	3.700219e-01
2005          	OVC	-1.149827e+03	-1.147247e+03	-3.700151e-01
2006          	warmPlate	1.255770e+03	1.261395e+03	3.700219e-01
2006          	OVC	-1.149827e+03	-1.147247e+03	-3.700151e-01
2007          	warmPlate	1.255770e+03	1.261395e+03	3.700219e-01
2007          	OVC	-1.149827e+03	-1.147247e+03	-3.700151e-01
2008          	warmPlate	1.255770e+03	1.261395e+03	3.700219e-01
2008          	OVC	-1.149827e+03	-1.147247e+03	-3.700151e-01
2009          	warmPlate	1.255770e+03	1.261395e+03	3.700219e-01
2009          	OVC	-1.149827e+03	-1.147247e+03	-3.700151e-01
2010          	warmPlate	1.255770e+03	1.261395e+03	3.700219e-01
2010          	OVC	-1.149827e+03	-1.147247e+03	-3.700151e-01
2011          	warmPlate	1.255770e+03	1.261395e+03	3.700219e-01
2011          	OVC	-1.149827e+03	-1.147247e+03	-3.700151e-01
2012          	warmPlate	1.255770e+03	1.261395e+03	3.700219e-01
2012          	OVC	-1.149827e+03	-1.147247e+03	-3.700151e-01
2013          	warmPlate	1.255770e+03	1.261395e+03	3.700219e-01
2013          	OVC	-1.149827e+03	-1.147247e+03	-3.700151e-01
2014          	warmPlate	1.255770e+03	1.261395e+03	3.700219e-01
2014          	OVC	-1.149827e+03	-1.147247e+03	-3.700151e-01
2015          	warmPlate	1.255770e+03	1.261395e+03	3.700219e-01
2015          	OVC	-1.149827e+03	-1.147247e+03	-3.700151e-01
2016          	warmPlate	1.255770e+03	1.261395e+03	3.700219e-01
2016          	OVC	-1.149827e+03	-1.147247e+03	-3.700151e-01
2017          	warmPlate	1.255770e+03	1.261395e+03	3.700219e-01
2017          	OVC	-1.149827e+03	-1.147247e+03	-3.700151e-01
2018          	warmPlate	1.255770e+03	1.261395e+03	3.700219e-01
2018          	OVC	-1.149827e+03	-1.147247e+03	-3.700151e-01
2019          	warmPlate	1.255770e+03	1.261395e+03	3.700219e-01
2019          	OVC	-1.149827e+03	-1.147247e+03	-3.700151e-01
2020          	warmPlate	1.255770e+03	1.261395e+03	3.700219e-01
2020          	OVC	-1.149827e+03	-1.147247e+03	-3.700151e-01
2021          	warmPlate	1.255770e+03	1.261395e+03	3.700219e-01
2021          	OVC	-1.149827e+03	-1.147247e+03	-3.700151e-01
2022          	warmPlate	1.255770e+03	1.261395e+03	3.700219e-01
2022          	OVC	-1.149827e+03	-1.147247e+03	-3.700151e-01
2023          	warmPlate	1.255770e+03	1.261395e+03	3.700219e-01
2023          	OVC	-1.149827e+03	-1.147247e+03	-3.700151e-01
2024          	warmPlate	1.255770e+03	1.261395e+03	3.700219e-01
2024          	OVC	-1.149827e+03	-1.147247e+03	-3.700151e-01
2025          	warmPlate	1.255770e+03	1.261395e+03	3.700219e-01
2025          	OVC	-1.149827e+03	-1.147247e+03	-3.700151e-01
2026          	warmPlate	1.255770e+03	1.261395e+03	3.700219e-01
2026          	OVC	-1.149827e+03	-1.147247e+03	-3.700151e-01
2027          	warmPlate	1.255770e+03	1.261395e+03	3.700219e-01
2027          	OVC	-1.149827e+03	-1.147247e+03	-3.700151e-01
2028          	warmPlate	1.255770e+03	1.261395e+03	3.700219e-01
2028          	OVC	-1.149827e+03	-1.147247e+03	-3.700151e-01
2029          	warmPlate	1.255770e+03	1.261395e+03	3.700219e-01
2029          	OVC	-1.149827e+03	-1.147247e+03	-3.700151e-01
2030          	warmPlate	1.255770e+03	1.261395e+03	3.700219e-01
2030          	OVC	-1.149827e+03	-1.147247e+03	-3.700151e-01
2031          	warmPlate	1.255770e+03	1.261395e+03	3.700219e-01
2031          	OVC	-1.149827e+03	-1.147247e+03	-3.700151e-01
2032          	warmPlate	1.255770e+03	1.261395e+03	3.700219e-01
2032          	OVC	-1.149827e+03	-1.147247e+03	-3.700151e-01
2033          	warmPlate	1.255770e+03	1.261395e+03	3.700219e-01
2033          	OVC	-1.149827e+03	-1.147247e+03	-3.700151e-01
2034          	warmPlate	1.255770e+03	1.261395e+03	3.700219e-01
2034          	OVC	-1.149827e+03	-1.147247e+03	-3.700151e-01
2035          	warmPlate	1.255770e+03	1.261395e+03	3.700219e-01
2035          	OVC	-1.149827e+03	-1.147247e+03	-3.700151e-01
2036          	warmPlate	1.255770e+03	1.261395e+03	3.700219e-01
2036          	OVC	-1.149827e+03	-1.147247e+03	-3.700151e-01
2037          	warmPlate	1.255770e+03	1.261395e+03	3.700219e-01
2037          	OVC	-1.149827e+03	-1.147247e+03	-3.700151e-01
2038          	warmPlate	1.255770e+03	1.261395e+03	3.700219e-01
2038          	OVC	-1.149827e+03	-1.147247e+03	-3.700151e-01
2039          	warmPlate	1.255770e+03	1.261395e+03	3.700219e-01
2039          	OVC	-1.149827e+03	-1.147247e+03	-3.700151e-01
2040          	warmPlate	1.255770e+03	1.261395e+03	3.700219e-01
2040          	OVC	-1.149827e+03	-1.147247e+03	-3.700151e-01
2041          	warmPlate	1.255770e+03	1.261395e+03	3.700219e-01
2041          	OVC	-1.149827e+03	-1.147247e+03	-3.700151e-01
2042          	warmPlate	1.255770e+03	1.261395e+03	3.700219e-01
2042          	OVC	-1.149827e+03	-1.147247e+03	-3.700151e-01
2043          	warmPlate	1.255770e+03	1.261395e+03	3.700219e-01
2043          	OVC	-1.149827e+03	-1.147247e+03	-3.700151e-01
2044          	warmPlate	1.255770e+03	1.261395e+03	3.700219e-01
2044          	OVC	-1.149827e+03	-1.147247e+03	-3.700151e-01
2045          	warmPlate	1.255770e+03	1.261395e+03	3.700219e-01
2045          	OVC	-1.149827e+03	-1.147247e+03	-3.700151e-01
2046          	warmPlate	1.255770e+03	1.261395e+03	3.700219e-01
2046          	OVC	-1.149827e+03	-1.147247e+03	-3.700151e-01
2047          	warmPlate	1.255770e+03	1.261395e+03	3.700219e-01
2047          	OVC	-1.149827e+03	-1.147247e+03	-3.700151e-01
2048          	warmPlate	1.255770e+03	1.261395e+03	3.700219e-01
2048          	OVC	-1.149827e+03	-1.147247e+03	-3.700151e-01
2049          	warmPlate	1.255770e+03	1.261395e+03	3.700219e-01
2049          	OVC	-1.149827e+03	-1.147247e+03	-3.700151e-01
2050          	warmPlate	1.255770e+03	1.261395e+03	3.700219e-01
2050          	OVC	-1.149827e+03	-1.147247e+03	-3.700151e-01
2051          	warmPlate	1.255770e+03	1.261395e+03	3.700219e-01
2051          	OVC	-1.149827e+03	-1.147247e+03	-3.700151e-01
2052          	warmPlate	1.255770e+03	1.261395e+03	3.700219e-01
2052          	OVC	-1.149827e+03	-1.147247e+03	-3.700151e-01
2053          	warmPlate	1.255770e+03	1.261395e+03	3.700219e-01
2053          	OVC	-1.149827e+03	-1.147247e+03	-3.700151e-01
2054          	warmPlate	1.255770e+03	1.261395e+03	3.700219e-01
2054          	OVC	-1.149827e+03	-1.147247e+03	-3.700151e-01
2055          	warmPlate	1.255770e+03	1.261395e+03	3.700219e-01
2055          	OVC	-1.149827e+03	-1.147247e+03	-3.700151e-01
2056          	warmPlate	1.255770e+03	1.261395e+03	3.700219e-01
2056          	OVC	-1.149827e+03	-1.147247e+03	-3.700151e-01
2057          	warmPlate	1.255770e+03	1.261395e+03	3.700219e-01
2057          	OVC	-1.149827e+03	-1.147247e+03	-3.700151e-01
2058          	warmPlate	1.255770e+03	1.261395e+03	3.700219e-01
2058          	OVC	-1.149827e+03	-1.147247e+03	-3.700151e-01
2059          	warmPlate	1.255770e+03	1.261395e+03	3.700219e-01
2059          	OVC	-1.149827e+03	-1.147247e+03	-3.700151e-01
2060          	warmPlate	1.255770e+03	1.261395e+03	3.700219e-01
2060          	OVC	-1.149827e+03	-1.147247e+03	-3.700151e-01
2061          	warmPlate	1.255770e+03	1.261395e+03	3.700219e-01
2061          	OVC	-1.149827e+03	-1.147247e+03	-3.700151e-01
2062          	warmPlate	1.255770e+03	1.261395e+03	3.700219e-01
2062          	OVC	-1.149827e+03	-1.147247e+03	-3.700151e-01
2063          	warmPlate	1.255770e+03	1.261395e+03	3.700219e-01
2063          	OVC	-1.149827e+03	-1.147247e+03	-3.700151e-01
2064          	warmPlate	1.255770e+03	1.261395e+03	3.700219e-01
2064          	OVC	-1.149827e+03	-1.147247e+03	-3.700151e-01
2065          	warmPlate	1.255770e+03	1.261395e+03	3.700219e-01
2065          	OVC	-1.149827e+03	-1.147247e+03	-3.700151e-01
2066          	warmPlate	1.255770e+03	1.261395e+03	3.700219e-01
2066          	OVC	-1.149827e+03	-1.147247e+03	-3.700151e-01
2067          	warmPlate	1.255770e+03	1.261395e+03	3.700219e-01
2067          	OVC	-1.149827e+03	-1.147247e+03	-3.700151e-01
2068          	warmPlate	1.255770e+03	1.261395e+03	3.700219e-01
2068          	OVC	-1.149827e+03	-1.147247e+03	-3.700151e-01
2069          	warmPlate	1.255770e+03	1.261395e+03	3.700219e-01
2069          	OVC	-1.149827e+03	-1.147247e+03	-3.700151e-01
2070          	warmPlate	1.255770e+03	1.261395e+03	3.700219e-01
2070          	OVC	-1.149827e+03	-1.147247e+03	-3.700151e-01
2071          	warmPlate	1.255770e+03	1.261395e+03	3.700219e-01
2071          	OVC	-1.149827e+03	-1.147247e+03	-3.700151e-01
2072          	warmPlate	1.255770e+03	1.261395e+03	3.700219e-01
2072          	OVC	-1.149827e+03	-1.147247e+03	-3.700151e-01
2073          	warmPlate	1.255770e+03	1.261395e+03	3.700219e-01
2073          	OVC	-1.149827e+03	-1.147247e+03	-3.700151e-01
2074          	warmPlate	1.255770e+03	1.261395e+03	3.700219e-01
2074          	OVC	-1.149827e+03	-1.147247e+03	-3.700151e-01
2075          	warmPlate	1.255770e+03	1.261395e+03	3.700219e-01
2075          	OVC	-1.149827e+03	-1.147247e+03	-3.700151e-01
2076          	warmPlate	1.255770e+03	1.261395e+03	3.700219e-01
2076          	OVC	-1.149827e+03	-1.147247e+03	-3.700151e-01
2077          	warmPlate	1.255770e+03	1.261395e+03	3.700219e-01
2077          	OVC	-1.149827e+03	-1.147247e+03	-3.700151e-01
2078          	warmPlate	1.255770e+03	1.261395e+03	3.700219e-01
2078          	OVC	-1.149827e+03	-1.147247e+03	-3.700151e-01
2079          	warmPlate	1.255770e+03	1.261395e+03	3.700219e-01
2079          	OVC	-1.149827e+03	-1.147247e+03	-3.700151e-01
2080          	warmPlate	1.255770e+03	1.261395e+03	3.700219e-01
2080          	OVC	-1.149827e+03	-1.147247e+03	-3.700151e-01
2081          	warmPlate	1.255770e+03	1.261395e+03	3.700219e-01
2081          	OVC	-1.149827e+03	-1.147247e+03	-3.700151e-01
2082          	warmPlate	1.255770e+03	1.261395e+03	3.700219e-01
2082          	OVC	-1.149827e+03	-1.147247e+03	-3.700151e-01
2083          	warmPlate	1.255770e+03	1.261395e+03	3.700219e-01
2083          	OVC	-1.149827e+03	-1.147247e+03	-3.700151e-01
2084          	warmPlate	1.255770e+03	1.261395e+03	3.700219e-01
2084          	OVC	-1.149827e+03	-1.147247e+03	-3.700151e-01
2085          	warmPlate	1.255770e+03	1.261395e+03	3.700219e-01
2085          	OVC	-1.149827e+03	-1.147247e+03	-3.700151e-01
2086          	warmPlate	1.255770e+03	1.261395e+03	3.700219e-01
2086          	OVC	-1.149827e+03	-1.147247e+03	-3.700151e-01
2087          	warmPlate	1.255770e+03	1.261395e+03	3.700219e-01
2087          	OVC	-1.149827e+03	-1.147247e+03	-3.700151e-01
2088          	warmPlate	1.255770e+03	1.261395e+03	3.700219e-01
2088          	OVC	-1.149827e+03	-1.147247e+03	-3.700151e-01
2089          	warmPlate	1.255770e+03	1.261395e+03	3.700219e-01
2089          	OVC	-1.149827e+03	-1.147247e+03	-3.700151e-01
2090          	warmPlate	1.255770e+03	1.261395e+03	3.700219e-01
2090          	OVC	-1.149827e+03	-1.147247e+03	-3.700151e-01
2091          	warmPlate	1.255770e+03	1.261395e+03	3.700219e-01
2091          	OVC	-1.149827e+03	-1.147247e+03	-3.700151e-01
2092          	warmPlate	1.255770e+03	1.261395e+03	3.700219e-01
2092          	OVC	-1.149827e+03	-1.147247e+03	-3.700151e-01
2093          	warmPlate	1.255770e+03	1.261395e+03	3.700219e-01
2093          	OVC	-1.149827e+03	-1.147247e+03	-3.700151e-01
2094          	warmPlate	1.255770e+03	1.261395e+03	3.700219e-01
2094          	OVC	-1.149827e+03	-1.147247e+03	-3.700151e-01
2095          	warmPlate	1.255770e+03	1.261395e+03	3.700219e-01
2095          	OVC	-1.149827e+03	-1.147247e+03	-3.700151e-01
2096          	warmPlate	1.255770e+03	1.261395e+03	3.700219e-01
2096          	OVC	-1.149827e+03	-1.147247e+03	-3.700151e-01
2097          	warmPlate	1.255770e+03	1.261395e+03	3.700219e-01
2097          	OVC	-1.149827e+03	-1.147247e+03	-3.700151e-01
2098          	warmPlate	1.255770e+03	1.261395e+03	3.700219e-01
2098          	OVC	-1.149827e+03	-1.147247e+03	-3.700151e-01
2099          	warmPlate	1.255770e+03	1.261395e+03	3.700219e-01
2099          	OVC	-1.149827e+03	-1.147247e+03	-3.700151e-01
2100          	warmPlate	1.255770e+03	1.261395e+03	3.700219e-01
2100          	OVC	-1.149827e+03	-1.147247e+03	-3.700151e-01
2101          	warmPlate	1.255770e+03	1.261395e+03	3.700219e-01
2101          	OVC	-1.149827e+03	-1.147247e+03	-3.700151e-01
2102          	warmPlate	1.255770e+03	1.261395e+03	3.700219e-01
2102          	OVC	-1.149827e+03	-1.147247e+03	-3.700151e-01
2103          	warmPlate	1.255770e+03	1.261395e+03	3.700219e-01
2103          	OVC	-1.149827e+03	-1.147247e+03	-3.700151e-01
2104          	warmPlate	1.255770e+03	1.261395e+03	3.700219e-01
2104          	OVC	-1.149827e+03	-1.147247e+03	-3.700151e-01
2105          	warmPlate	1.255770e+03	1.261395e+03	3.700219e-01
2105          	OVC	-1.149827e+03	-1.147247e+03	-3.700151e-01
2106          	warmPlate	1.255770e+03	1.261395e+03	3.700219e-01
2106          	OVC	-1.149827e+03	-1.147247e+03	-3.700151e-01
2107          	warmPlate	1.255770e+03	1.261395e+03	3.700219e-01
2107          	OVC	-1.149827e+03	-1.147247e+03	-3.700151e-01
2108          	warmPlate	1.255770e+03	1.261395e+03	3.700219e-01
2108          	OVC	-1.149827e+03	-1.147247e+03	-3.700151e-01
2109          	warmPlate	1.255770e+03	1.261395e+03	3.700219e-01
2109          	OVC	-1.149827e+03	-1.147247e+03	-3.700151e-01
2110          	warmPlate	1.255770e+03	1.261395e+03	3.700219e-01
2110          	OVC	-1.149827e+03	-1.147247e+03	-3.700151e-01
2111          	warmPlate	1.255770e+03	1.261395e+03	3.700219e-01
2111          	OVC	-1.149827e+03	-1.147247e+03	-3.700151e-01
2112          	warmPlate	1.255770e+03	1.261395e+03	3.700219e-01
2112          	OVC	-1.149827e+03	-1.147247e+03	-3.700151e-01
2113          	warmPlate	1.255770e+03	1.261395e+03	3.700219e-01
2113          	OVC	-1.149827e+03	-1.147247e+03	-3.700151e-01
2114          	warmPlate	1.255770e+03	1.261395e+03	3.700219e-01
2114          	OVC	-1.149827e+03	-1.147247e+03	-3.700151e-01
2115          	warmPlate	1.255770e+03	1.261395e+03	3.700219e-01
2115          	OVC	-1.149827e+03	-1.147247e+03	-3.700151e-01
2116          	warmPlate	1.255770e+03	1.261395e+03	3.700219e-01
2116          	OVC	-1.149827e+03	-1.147247e+03	-3.700151e-01
2117          	warmPlate	1.255770e+03	1.261395e+03	3.700219e-01
2117          	OVC	-1.149827e+03	-1.147247e+03	-3.700151e-01
2118          	warmPlate	1.255770e+03	1.261395e+03	3.700219e-01
2118          	OVC	-1.149827e+03	-1.147247e+03	-3.700151e-01
2119          	warmPlate	1.255770e+03	1.261395e+03	3.700219e-01
2119          	OVC	-1.149827e+03	-1.147247e+03	-3.700151e-01
2120          	warmPlate	1.255770e+03	1.261395e+03	3.700219e-01
2120          	OVC	-1.149827e+03	-1.147247e+03	-3.700151e-01
2121          	warmPlate	1.255770e+03	1.261395e+03	3.700219e-01
2121          	OVC	-1.149827e+03	-1.147247e+03	-3.700151e-01
2122          	warmPlate	1.255770e+03	1.261395e+03	3.700219e-01
2122          	OVC	-1.149827e+03	-1.147247e+03	-3.700151e-01
2123          	warmPlate	1.255770e+03	1.261395e+03	3.700219e-01
2123          	OVC	-1.149827e+03	-1.147247e+03	-3.700151e-01
2124          	warmPlate	1.255770e+03	1.261395e+03	3.700219e-01
2124          	OVC	-1.149827e+03	-1.147247e+03	-3.700151e-01
2125          	warmPlate	1.255770e+03	1.261395e+03	3.700219e-01
2125          	OVC	-1.149827e+03	-1.147247e+03	-3.700151e-01
2126          	warmPlate	1.255770e+03	1.261395e+03	3.700219e-01
2126          	OVC	-1.149827e+03	-1.147247e+03	-3.700151e-01
2127          	warmPlate	1.255770e+03	1.261395e+03	3.700219e-01
2127          	OVC	-1.149827e+03	-1.147247e+03	-3.700151e-01
2128          	warmPlate	1.255770e+03	1.261395e+03	3.700219e-01
2128          	OVC	-1.149827e+03	-1.147247e+03	-3.700151e-01
2129          	warmPlate	1.255770e+03	1.261395e+03	3.700219e-01
2129          	OVC	-1.149827e+03	-1.147247e+03	-3.700151e-01
2130          	warmPlate	1.255770e+03	1.261395e+03	3.700219e-01
2130          	OVC	-1.149827e+03	-1.147247e+03	-3.700151e-01
2131          	warmPlate	1.255770e+03	1.261395e+03	3.700219e-01
2131          	OVC	-1.149827e+03	-1.147247e+03	-3.700151e-01
2132          	warmPlate	1.255770e+03	1.261395e+03	3.700219e-01
2132          	OVC	-1.149827e+03	-1.147247e+03	-3.700151e-01
2133          	warmPlate	1.255770e+03	1.261395e+03	3.700219e-01
2133          	OVC	-1.149827e+03	-1.147247e+03	-3.700151e-01
2134          	warmPlate	1.255770e+03	1.261395e+03	3.700219e-01
2134          	OVC	-1.149827e+03	-1.147247e+03	-3.700151e-01
2135          	warmPlate	1.255770e+03	1.261395e+03	3.700219e-01
2135          	OVC	-1.149827e+03	-1.147247e+03	-3.700151e-01
2136          	warmPlate	1.255770e+03	1.261395e+03	3.700219e-01
2136          	OVC	-1.149827e+03	-1.147247e+03	-3.700151e-01
2137          	warmPlate	1.255770e+03	1.261395e+03	3.700219e-01
2137          	OVC	-1.149827e+03	-1.147247e+03	-3.700151e-01
2138          	warmPlate	1.255770e+03	1.261395e+03	3.700219e-01
2138          	OVC	-1.149827e+03	-1.147247e+03	-3.700151e-01
2139          	warmPlate	1.255770e+03	1.261395e+03	3.700219e-01
2139          	OVC	-1.149827e+03	-1.147247e+03	-3.700151e-01
2140          	warmPlate	1.255770e+03	1.261395e+03	3.700219e-01
2140          	OVC	-1.149827e+03	-1.147247e+03	-3.700151e-01
2141          	warmPlate	1.255770e+03	1.261395e+03	3.700219e-01
2141          	OVC	-1.149827e+03	-1.147247e+03	-3.700151e-01
2142          	warmPlate	1.255770e+03	1.261395e+03	3.700219e-01
2142          	OVC	-1.149827e+03	-1.147247e+03	-3.700151e-01
2143          	warmPlate	1.255770e+03	1.261395e+03	3.700219e-01
2143          	OVC	-1.149827e+03	-1.147247e+03	-3.700151e-01
2144          	warmPlate	1.255770e+03	1.261395e+03	3.700219e-01
2144          	OVC	-1.149827e+03	-1.147247e+03	-3.700151e-01
2145          	warmPlate	1.255770e+03	1.261395e+03	3.700219e-01
2145          	OVC	-1.149827e+03	-1.147247e+03	-3.700151e-01
2146          	warmPlate	1.255770e+03	1.261395e+03	3.700219e-01
2146          	OVC	-1.149827e+03	-1.147247e+03	-3.700151e-01
2147          	warmPlate	1.255770e+03	1.261395e+03	3.700219e-01
2147          	OVC	-1.149827e+03	-1.147247e+03	-3.700151e-01
2148          	warmPlate	1.255770e+03	1.261395e+03	3.700219e-01
2148          	OVC	-1.149827e+03	-1.147247e+03	-3.700151e-01
2149          	warmPlate	1.255770e+03	1.261395e+03	3.700219e-01
2149          	OVC	-1.149827e+03	-1.147247e+03	-3.700151e-01
2150          	warmPlate	1.255770e+03	1.261395e+03	3.700219e-01
2150          	OVC	-1.149827e+03	-1.147247e+03	-3.700151e-01
2151          	warmPlate	1.255770e+03	1.261395e+03	3.700219e-01
2151          	OVC	-1.149827e+03	-1.147247e+03	-3.700151e-01
2152          	warmPlate	1.255770e+03	1.261395e+03	3.700219e-01
2152          	OVC	-1.149827e+03	-1.147247e+03	-3.700151e-01
2153          	warmPlate	1.255770e+03	1.261395e+03	3.700219e-01
2153          	OVC	-1.149827e+03	-1.147247e+03	-3.700151e-01
2154          	warmPlate	1.255770e+03	1.261395e+03	3.700219e-01
2154          	OVC	-1.149827e+03	-1.147247e+03	-3.700151e-01
2155          	warmPlate	1.255770e+03	1.261395e+03	3.700219e-01
2155          	OVC	-1.149827e+03	-1.147247e+03	-3.700151e-01
2156          	warmPlate	1.255770e+03	1.261395e+03	3.700219e-01
2156          	OVC	-1.149827e+03	-1.147247e+03	-3.700151e-01
2157          	warmPlate	1.255770e+03	1.261395e+03	3.700219e-01
2157          	OVC	-1.149827e+03	-1.147247e+03	-3.700151e-01
2158          	warmPlate	1.255770e+03	1.261395e+03	3.700219e-01
2158          	OVC	-1.149827e+03	-1.147247e+03	-3.700151e-01
2159          	warmPlate	1.255770e+03	1.261395e+03	3.700219e-01
2159          	OVC	-1.149827e+03	-1.147247e+03	-3.700151e-01
2160          	warmPlate	1.255770e+03	1.261395e+03	3.700219e-01
2160          	OVC	-1.149827e+03	-1.147247e+03	-3.700151e-01
2161          	warmPlate	1.255770e+03	1.261395e+03	3.700219e-01
2161          	OVC	-1.149827e+03	-1.147247e+03	-3.700151e-01
2162          	warmPlate	1.255770e+03	1.261395e+03	3.700219e-01
2162          	OVC	-1.149827e+03	-1.147247e+03	-3.700151e-01
2163          	warmPlate	1.255770e+03	1.261395e+03	3.700219e-01
2163          	OVC	-1.149827e+03	-1.147247e+03	-3.700151e-01
2164          	warmPlate	1.255770e+03	1.261395e+03	3.700219e-01
2164          	OVC	-1.149827e+03	-1.147247e+03	-3.700151e-01
2165          	warmPlate	1.255770e+03	1.261395e+03	3.700219e-01
2165          	OVC	-1.149827e+03	-1.147247e+03	-3.700151e-01
2166          	warmPlate	1.255770e+03	1.261395e+03	3.700219e-01
2166          	OVC	-1.149827e+03	-1.147247e+03	-3.700151e-01
2167          	warmPlate	1.255770e+03	1.261395e+03	3.700219e-01
2167          	OVC	-1.149827e+03	-1.147247e+03	-3.700151e-01
2168          	warmPlate	1.255770e+03	1.261395e+03	3.700219e-01
2168          	OVC	-1.149827e+03	-1.147247e+03	-3.700151e-01
2169          	warmPlate	1.255770e+03	1.261395e+03	3.700219e-01
2169          	OVC	-1.149827e+03	-1.147247e+03	-3.700151e-01
2170          	warmPlate	1.255770e+03	1.261395e+03	3.700219e-01
2170          	OVC	-1.149827e+03	-1.147247e+03	-3.700151e-01
2171          	warmPlate	1.255770e+03	1.261395e+03	3.700219e-01
2171          	OVC	-1.149827e+03	-1.147247e+03	-3.700151e-01
2172          	warmPlate	1.255770e+03	1.261395e+03	3.700219e-01
2172          	OVC	-1.149827e+03	-1.147247e+03	-3.700151e-01
2173          	warmPlate	1.255770e+03	1.261395e+03	3.700219e-01
2173          	OVC	-1.149827e+03	-1.147247e+03	-3.700151e-01
2174          	warmPlate	1.255770e+03	1.261395e+03	3.700219e-01
2174          	OVC	-1.149827e+03	-1.147247e+03	-3.700151e-01
2175          	warmPlate	1.255770e+03	1.261395e+03	3.700219e-01
2175          	OVC	-1.149827e+03	-1.147247e+03	-3.700151e-01
2176          	warmPlate	1.255770e+03	1.261395e+03	3.700219e-01
2176          	OVC	-1.149827e+03	-1.147247e+03	-3.700151e-01
2177          	warmPlate	1.255770e+03	1.261395e+03	3.700219e-01
2177          	OVC	-1.149827e+03	-1.147247e+03	-3.700151e-01
2178          	warmPlate	1.255770e+03	1.261395e+03	3.700219e-01
2178          	OVC	-1.149827e+03	-1.147247e+03	-3.700151e-01
2179          	warmPlate	1.255770e+03	1.261395e+03	3.700219e-01
2179          	OVC	-1.149827e+03	-1.147247e+03	-3.700151e-01
2180          	warmPlate	1.255770e+03	1.261395e+03	3.700219e-01
2180          	OVC	-1.149827e+03	-1.147247e+03	-3.700151e-01
2181          	warmPlate	1.255770e+03	1.261395e+03	3.700219e-01
2181          	OVC	-1.149827e+03	-1.147247e+03	-3.700151e-01
2182          	warmPlate	1.255770e+03	1.261395e+03	3.700219e-01
2182          	OVC	-1.149827e+03	-1.147247e+03	-3.700151e-01
2183          	warmPlate	1.255770e+03	1.261395e+03	3.700219e-01
2183          	OVC	-1.149827e+03	-1.147247e+03	-3.700151e-01
2184          	warmPlate	1.255770e+03	1.261395e+03	3.700219e-01
2184          	OVC	-1.149827e+03	-1.147247e+03	-3.700151e-01
2185          	warmPlate	1.255770e+03	1.261395e+03	3.700219e-01
2185          	OVC	-1.149827e+03	-1.147247e+03	-3.700151e-01
2186          	warmPlate	1.255770e+03	1.261395e+03	3.700219e-01
2186          	OVC	-1.149827e+03	-1.147247e+03	-3.700151e-01
2187          	warmPlate	1.255770e+03	1.261395e+03	3.700219e-01
2187          	OVC	-1.149827e+03	-1.147247e+03	-3.700151e-01
2188          	warmPlate	1.255770e+03	1.261395e+03	3.700219e-01
2188          	OVC	-1.149827e+03	-1.147247e+03	-3.700151e-01
2189          	warmPlate	1.255770e+03	1.261395e+03	3.700219e-01
2189          	OVC	-1.149827e+03	-1.147247e+03	-3.700151e-01
2190          	warmPlate	1.255770e+03	1.261395e+03	3.700219e-01
2190          	OVC	-1.149827e+03	-1.147247e+03	-3.700151e-01
2191          	warmPlate	1.255770e+03	1.261395e+03	3.700219e-01
2191          	OVC	-1.149827e+03	-1.147247e+03	-3.700151e-01
2192          	warmPlate	1.255770e+03	1.261395e+03	3.700219e-01
2192          	OVC	-1.149827e+03	-1.147247e+03	-3.700151e-01
2193          	warmPlate	1.255770e+03	1.261395e+03	3.700219e-01
2193          	OVC	-1.149827e+03	-1.147247e+03	-3.700151e-01
2194          	warmPlate	1.255770e+03	1.261395e+03	3.700219e-01
2194          	OVC	-1.149827e+03	-1.147247e+03	-3.700151e-01
2195          	warmPlate	1.255770e+03	1.261395e+03	3.700219e-01
2195          	OVC	-1.149827e+03	-1.147247e+03	-3.700151e-01
2196          	warmPlate	1.255770e+03	1.261395e+03	3.700219e-01
2196          	OVC	-1.149827e+03	-1.147247e+03	-3.700151e-01
2197          	warmPlate	1.255770e+03	1.261395e+03	3.700219e-01
2197          	OVC	-1.149827e+03	-1.147247e+03	-3.700151e-01
2198          	warmPlate	1.255770e+03	1.261395e+03	3.700219e-01
2198          	OVC	-1.149827e+03	-1.147247e+03	-3.700151e-01
2199          	warmPlate	1.255770e+03	1.261395e+03	3.700219e-01
2199          	OVC	-1.149827e+03	-1.147247e+03	-3.700151e-01
2200          	warmPlate	1.255770e+03	1.261395e+03	3.700219e-01
2200          	OVC	-1.149827e+03	-1.147247e+03	-3.700151e-01
2201          	warmPlate	1.255770e+03	1.261395e+03	3.700219e-01
2201          	OVC	-1.149827e+03	-1.147247e+03	-3.700151e-01
2202          	warmPlate	1.255770e+03	1.261395e+03	3.700219e-01
2202          	OVC	-1.149827e+03	-1.147247e+03	-3.700151e-01
2203          	warmPlate	1.255770e+03	1.261395e+03	3.700219e-01
2203          	OVC	-1.149827e+03	-1.147247e+03	-3.700151e-01
2204          	warmPlate	1.255770e+03	1.261395e+03	3.700219e-01
2204          	OVC	-1.149827e+03	-1.147247e+03	-3.700151e-01
2205          	warmPlate	1.255770e+03	1.261395e+03	3.700219e-01
2205          	OVC	-1.149827e+03	-1.147247e+03	-3.700151e-01
2206          	warmPlate	1.255770e+03	1.261395e+03	3.700219e-01
2206          	OVC	-1.149827e+03	-1.147247e+03	-3.700151e-01
2207          	warmPlate	1.255770e+03	1.261395e+03	3.700219e-01
2207          	OVC	-1.149827e+03	-1.147247e+03	-3.700151e-01
2208          	warmPlate	1.255770e+03	1.261395e+03	3.700219e-01
2208          	OVC	-1.149827e+03	-1.147247e+03	-3.700151e-01
2209          	warmPlate	1.255770e+03	1.261395e+03	3.700219e-01
2209          	OVC	-1.149827e+03	-1.147247e+03	-3.700151e-01
2210          	warmPlate	1.255770e+03	1.261395e+03	3.700219e-01
2210          	OVC	-1.149827e+03	-1.147247e+03	-3.700151e-01
2211          	warmPlate	1.255770e+03	1.261395e+03	3.700219e-01
2211          	OVC	-1.149827e+03	-1.147247e+03	-3.700151e-01
2212          	warmPlate	1.255770e+03	1.261395e+03	3.700219e-01
2212          	OVC	-1.149827e+03	-1.147247e+03	-3.700151e-01
2213          	warmPlate	1.255770e+03	1.261395e+03	3.700219e-01
2213          	OVC	-1.149827e+03	-1.147247e+03	-3.700151e-01
2214          	warmPlate	1.255770e+03	1.261395e+03	3.700219e-01
2214          	OVC	-1.149827e+03	-1.147247e+03	-3.700151e-01
2215          	warmPlate	1.255770e+03	1.261395e+03	3.700219e-01
2215          	OVC	-1.149827e+03	-1.147247e+03	-3.700151e-01
2216          	warmPlate	1.255770e+03	1.261395e+03	3.700219e-01
2216          	OVC	-1.149827e+03	-1.147247e+03	-3.700151e-01
2217          	warmPlate	1.255770e+03	1.261395e+03	3.700219e-01
2217          	OVC	-1.149827e+03	-1.147247e+03	-3.700151e-01
2218          	warmPlate	1.255770e+03	1.261395e+03	3.700219e-01
2218          	OVC	-1.149827e+03	-1.147247e+03	-3.700151e-01
2219          	warmPlate	1.255770e+03	1.261395e+03	3.700219e-01
2219          	OVC	-1.149827e+03	-1.147247e+03	-3.700151e-01
2220          	warmPlate	1.255770e+03	1.261395e+03	3.700219e-01
2220          	OVC	-1.149827e+03	-1.147247e+03	-3.700151e-01
2221          	warmPlate	1.255770e+03	1.261395e+03	3.700219e-01
2221          	OVC	-1.149827e+03	-1.147247e+03	-3.700151e-01
2222          	warmPlate	1.255770e+03	1.261395e+03	3.700219e-01
2222          	OVC	-1.149827e+03	-1.147247e+03	-3.700151e-01
2223          	warmPlate	1.255770e+03	1.261395e+03	3.700219e-01
2223          	OVC	-1.149827e+03	-1.147247e+03	-3.700151e-01
2224          	warmPlate	1.255770e+03	1.261395e+03	3.700219e-01
2224          	OVC	-1.149827e+03	-1.147247e+03	-3.700151e-01
2225          	warmPlate	1.255770e+03	1.261395e+03	3.700219e-01
2225          	OVC	-1.149827e+03	-1.147247e+03	-3.700151e-01
2226          	warmPlate	1.255770e+03	1.261395e+03	3.700219e-01
2226          	OVC	-1.149827e+03	-1.147247e+03	-3.700151e-01
2227          	warmPlate	1.255770e+03	1.261395e+03	3.700219e-01
2227          	OVC	-1.149827e+03	-1.147247e+03	-3.700151e-01
2228          	warmPlate	1.255770e+03	1.261395e+03	3.700219e-01
2228          	OVC	-1.149827e+03	-1.147247e+03	-3.700151e-01
2229          	warmPlate	1.255770e+03	1.261395e+03	3.700219e-01
2229          	OVC	-1.149827e+03	-1.147247e+03	-3.700151e-01
2230          	warmPlate	1.255770e+03	1.261395e+03	3.700219e-01
2230          	OVC	-1.149827e+03	-1.147247e+03	-3.700151e-01
2231          	warmPlate	1.255770e+03	1.261395e+03	3.700219e-01
2231          	OVC	-1.149827e+03	-1.147247e+03	-3.700151e-01
2232          	warmPlate	1.255770e+03	1.261395e+03	3.700219e-01
2232          	OVC	-1.149827e+03	-1.147247e+03	-3.700151e-01
2233          	warmPlate	1.255770e+03	1.261395e+03	3.700219e-01
2233          	OVC	-1.149827e+03	-1.147247e+03	-3.700151e-01
2234          	warmPlate	1.255770e+03	1.261395e+03	3.700219e-01
2234          	OVC	-1.149827e+03	-1.147247e+03	-3.700151e-01
2235          	warmPlate	1.255770e+03	1.261395e+03	3.700219e-01
2235          	OVC	-1.149827e+03	-1.147247e+03	-3.700151e-01
2236          	warmPlate	1.255770e+03	1.261395e+03	3.700219e-01
2236          	OVC	-1.149827e+03	-1.147247e+03	-3.700151e-01
2237          	warmPlate	1.255770e+03	1.261395e+03	3.700219e-01
2237          	OVC	-1.149827e+03	-1.147247e+03	-3.700151e-01
2238          	warmPlate	1.255770e+03	1.261395e+03	3.700219e-01
2238          	OVC	-1.149827e+03	-1.147247e+03	-3.700151e-01
2239          	warmPlate	1.255770e+03	1.261395e+03	3.700219e-01
2239          	OVC	-1.149827e+03	-1.147247e+03	-3.700151e-01
2240          	warmPlate	1.255770e+03	1.261395e+03	3.700219e-01
2240          	OVC	-1.149827e+03	-1.147247e+03	-3.700151e-01
2241          	warmPlate	1.255770e+03	1.261395e+03	3.700219e-01
2241          	OVC	-1.149827e+03	-1.147247e+03	-3.700151e-01
2242          	warmPlate	1.255770e+03	1.261395e+03	3.700219e-01
2242          	OVC	-1.149827e+03	-1.147247e+03	-3.700151e-01
2243          	warmPlate	1.255770e+03	1.261395e+03	3.700219e-01
2243          	OVC	-1.149827e+03	-1.147247e+03	-3.700151e-01
2244          	warmPlate	1.255770e+03	1.261395e+03	3.700219e-01
2244          	OVC	-1.149827e+03	-1.147247e+03	-3.700151e-01
2245          	warmPlate	1.255770e+03	1.261395e+03	3.700219e-01
2245          	OVC	-1.149827e+03	-1.147247e+03	-3.700151e-01
2246          	warmPlate	1.255770e+03	1.261395e+03	3.700219e-01
2246          	OVC	-1.149827e+03	-1.147247e+03	-3.700151e-01
2247          	warmPlate	1.255770e+03	1.261395e+03	3.700219e-01
2247          	OVC	-1.149827e+03	-1.147247e+03	-3.700151e-01
2248          	warmPlate	1.255770e+03	1.261395e+03	3.700219e-01
2248          	OVC	-1.149827e+03	-1.147247e+03	-3.700151e-01
2249          	warmPlate	1.255770e+03	1.261395e+03	3.700219e-01
2249          	OVC	-1.149827e+03	-1.147247e+03	-3.700151e-01
2250          	warmPlate	1.255770e+03	1.261395e+03	3.700219e-01
2250          	OVC	-1.149827e+03	-1.147247e+03	-3.700151e-01
2251          	warmPlate	1.255770e+03	1.261395e+03	3.700219e-01
2251          	OVC	-1.149827e+03	-1.147247e+03	-3.700151e-01
2252          	warmPlate	1.255770e+03	1.261395e+03	3.700219e-01
2252          	OVC	-1.149827e+03	-1.147247e+03	-3.700151e-01
2253          	warmPlate	1.255770e+03	1.261395e+03	3.700219e-01
2253          	OVC	-1.149827e+03	-1.147247e+03	-3.700151e-01
2254          	warmPlate	1.255770e+03	1.261395e+03	3.700219e-01
2254          	OVC	-1.149827e+03	-1.147247e+03	-3.700151e-01
2255          	warmPlate	1.255770e+03	1.261395e+03	3.700219e-01
2255          	OVC	-1.149827e+03	-1.147247e+03	-3.700151e-01
2256          	warmPlate	1.255770e+03	1.261395e+03	3.700219e-01
2256          	OVC	-1.149827e+03	-1.147247e+03	-3.700151e-01
2257          	warmPlate	1.255770e+03	1.261395e+03	3.700219e-01
2257          	OVC	-1.149827e+03	-1.147247e+03	-3.700151e-01
2258          	warmPlate	1.255770e+03	1.261395e+03	3.700219e-01
2258          	OVC	-1.149827e+03	-1.147247e+03	-3.700151e-01
2259          	warmPlate	1.255770e+03	1.261395e+03	3.700219e-01
2259          	OVC	-1.149827e+03	-1.147247e+03	-3.700151e-01
2260          	warmPlate	1.255770e+03	1.261395e+03	3.700219e-01
2260          	OVC	-1.149827e+03	-1.147247e+03	-3.700151e-01
2261          	warmPlate	1.255770e+03	1.261395e+03	3.700219e-01
2261          	OVC	-1.149827e+03	-1.147247e+03	-3.700151e-01
2262          	warmPlate	1.255770e+03	1.261395e+03	3.700219e-01
2262          	OVC	-1.149827e+03	-1.147247e+03	-3.700151e-01
2263          	warmPlate	1.255770e+03	1.261395e+03	3.700219e-01
2263          	OVC	-1.149827e+03	-1.147247e+03	-3.700151e-01
2264          	warmPlate	1.255770e+03	1.261395e+03	3.700219e-01
2264          	OVC	-1.149827e+03	-1.147247e+03	-3.700151e-01
2265          	warmPlate	1.255770e+03	1.261395e+03	3.700219e-01
2265          	OVC	-1.149827e+03	-1.147247e+03	-3.700151e-01
2266          	warmPlate	1.255770e+03	1.261395e+03	3.700219e-01
2266          	OVC	-1.149827e+03	-1.147247e+03	-3.700151e-01
2267          	warmPlate	1.255770e+03	1.261395e+03	3.700219e-01
2267          	OVC	-1.149827e+03	-1.147247e+03	-3.700151e-01
2268          	warmPlate	1.255770e+03	1.261395e+03	3.700219e-01
2268          	OVC	-1.149827e+03	-1.147247e+03	-3.700151e-01
2269          	warmPlate	1.255770e+03	1.261395e+03	3.700219e-01
2269          	OVC	-1.149827e+03	-1.147247e+03	-3.700151e-01
2270          	warmPlate	1.255770e+03	1.261395e+03	3.700219e-01
2270          	OVC	-1.149827e+03	-1.147247e+03	-3.700151e-01
2271          	warmPlate	1.255770e+03	1.261395e+03	3.700219e-01
2271          	OVC	-1.149827e+03	-1.147247e+03	-3.700151e-01
2272          	warmPlate	1.255770e+03	1.261395e+03	3.700219e-01
2272          	OVC	-1.149827e+03	-1.147247e+03	-3.700151e-01
2273          	warmPlate	1.255770e+03	1.261395e+03	3.700219e-01
2273          	OVC	-1.149827e+03	-1.147247e+03	-3.700151e-01
2274          	warmPlate	1.255770e+03	1.261395e+03	3.700219e-01
2274          	OVC	-1.149827e+03	-1.147247e+03	-3.700151e-01
2275          	warmPlate	1.255770e+03	1.261395e+03	3.700219e-01
2275          	OVC	-1.149827e+03	-1.147247e+03	-3.700151e-01
2276          	warmPlate	1.255770e+03	1.261395e+03	3.700219e-01
2276          	OVC	-1.149827e+03	-1.147247e+03	-3.700151e-01
2277          	warmPlate	1.255770e+03	1.261395e+03	3.700219e-01
2277          	OVC	-1.149827e+03	-1.147247e+03	-3.700151e-01
2278          	warmPlate	1.255770e+03	1.261395e+03	3.700219e-01
2278          	OVC	-1.149827e+03	-1.147247e+03	-3.700151e-01
2279          	warmPlate	1.255770e+03	1.261395e+03	3.700219e-01
2279          	OVC	-1.149827e+03	-1.147247e+03	-3.700151e-01
2280          	warmPlate	1.255770e+03	1.261395e+03	3.700219e-01
2280          	OVC	-1.149827e+03	-1.147247e+03	-3.700151e-01
2281          	warmPlate	1.255770e+03	1.261395e+03	3.700219e-01
2281          	OVC	-1.149827e+03	-1.147247e+03	-3.700151e-01
2282          	warmPlate	1.255770e+03	1.261395e+03	3.700219e-01
2282          	OVC	-1.149827e+03	-1.147247e+03	-3.700151e-01
2283          	warmPlate	1.255770e+03	1.261395e+03	3.700219e-01
2283          	OVC	-1.149827e+03	-1.147247e+03	-3.700151e-01
2284          	warmPlate	1.255770e+03	1.261395e+03	3.700219e-01
2284          	OVC	-1.149827e+03	-1.147247e+03	-3.700151e-01
2285          	warmPlate	1.255770e+03	1.261395e+03	3.700219e-01
2285          	OVC	-1.149827e+03	-1.147247e+03	-3.700151e-01
2286          	warmPlate	1.255770e+03	1.261395e+03	3.700219e-01
2286          	OVC	-1.149827e+03	-1.147247e+03	-3.700151e-01
2287          	warmPlate	1.255770e+03	1.261395e+03	3.700219e-01
2287          	OVC	-1.149827e+03	-1.147247e+03	-3.700151e-01
2288          	warmPlate	1.255770e+03	1.261395e+03	3.700219e-01
2288          	OVC	-1.149827e+03	-1.147247e+03	-3.700151e-01
2289          	warmPlate	1.255770e+03	1.261395e+03	3.700219e-01
2289          	OVC	-1.149827e+03	-1.147247e+03	-3.700151e-01
2290          	warmPlate	1.255770e+03	1.261395e+03	3.700219e-01
2290          	OVC	-1.149827e+03	-1.147247e+03	-3.700151e-01
2291          	warmPlate	1.255770e+03	1.261395e+03	3.700219e-01
2291          	OVC	-1.149827e+03	-1.147247e+03	-3.700151e-01
2292          	warmPlate	1.255770e+03	1.261395e+03	3.700219e-01
2292          	OVC	-1.149827e+03	-1.147247e+03	-3.700151e-01
2293          	warmPlate	1.255770e+03	1.261395e+03	3.700219e-01
2293          	OVC	-1.149827e+03	-1.147247e+03	-3.700151e-01
2294          	warmPlate	1.255770e+03	1.261395e+03	3.700219e-01
2294          	OVC	-1.149827e+03	-1.147247e+03	-3.700151e-01
2295          	warmPlate	1.255770e+03	1.261395e+03	3.700219e-01
2295          	OVC	-1.149827e+03	-1.147247e+03	-3.700151e-01
2296          	warmPlate	1.255770e+03	1.261395e+03	3.700219e-01
2296          	OVC	-1.149827e+03	-1.147247e+03	-3.700151e-01
2297          	warmPlate	1.255770e+03	1.261395e+03	3.700219e-01
2297          	OVC	-1.149827e+03	-1.147247e+03	-3.700151e-01
2298          	warmPlate	1.255770e+03	1.261395e+03	3.700219e-01
2298          	OVC	-1.149827e+03	-1.147247e+03	-3.700151e-01
2299          	warmPlate	1.255770e+03	1.261395e+03	3.700219e-01
2299          	OVC	-1.149827e+03	-1.147247e+03	-3.700151e-01
2300          	warmPlate	1.255770e+03	1.261395e+03	3.700219e-01
2300          	OVC	-1.149827e+03	-1.147247e+03	-3.700151e-01
2301          	warmPlate	1.255770e+03	1.261395e+03	3.700219e-01
2301          	OVC	-1.149827e+03	-1.147247e+03	-3.700151e-01
2302          	warmPlate	1.255770e+03	1.261395e+03	3.700219e-01
2302          	OVC	-1.149827e+03	-1.147247e+03	-3.700151e-01
2303          	warmPlate	1.255770e+03	1.261395e+03	3.700219e-01
2303          	OVC	-1.149827e+03	-1.147247e+03	-3.700151e-01
2304          	warmPlate	1.255770e+03	1.261395e+03	3.700219e-01
2304          	OVC	-1.149827e+03	-1.147247e+03	-3.700151e-01
2305          	warmPlate	1.255770e+03	1.261395e+03	3.700219e-01
2305          	OVC	-1.149827e+03	-1.147247e+03	-3.700151e-01
2306          	warmPlate	1.255770e+03	1.261395e+03	3.700219e-01
2306          	OVC	-1.149827e+03	-1.147247e+03	-3.700151e-01
2307          	warmPlate	1.255770e+03	1.261395e+03	3.700219e-01
2307          	OVC	-1.149827e+03	-1.147247e+03	-3.700151e-01
2308          	warmPlate	1.255770e+03	1.261395e+03	3.700219e-01
2308          	OVC	-1.149827e+03	-1.147247e+03	-3.700151e-01
2309          	warmPlate	1.255770e+03	1.261395e+03	3.700219e-01
2309          	OVC	-1.149827e+03	-1.147247e+03	-3.700151e-01
2310          	warmPlate	1.255770e+03	1.261395e+03	3.700219e-01
2310          	OVC	-1.149827e+03	-1.147247e+03	-3.700151e-01
2311          	warmPlate	1.255770e+03	1.261395e+03	3.700219e-01
2311          	OVC	-1.149827e+03	-1.147247e+03	-3.700151e-01
2312          	warmPlate	1.255770e+03	1.261395e+03	3.700219e-01
2312          	OVC	-1.149827e+03	-1.147247e+03	-3.700151e-01
2313          	warmPlate	1.255770e+03	1.261395e+03	3.700219e-01
2313          	OVC	-1.149827e+03	-1.147247e+03	-3.700151e-01
2314          	warmPlate	1.255770e+03	1.261395e+03	3.700219e-01
2314          	OVC	-1.149827e+03	-1.147247e+03	-3.700151e-01
2315          	warmPlate	1.255770e+03	1.261395e+03	3.700219e-01
2315          	OVC	-1.149827e+03	-1.147247e+03	-3.700151e-01
2316          	warmPlate	1.255770e+03	1.261395e+03	3.700219e-01
2316          	OVC	-1.149827e+03	-1.147247e+03	-3.700151e-01
2317          	warmPlate	1.255770e+03	1.261395e+03	3.700219e-01
2317          	OVC	-1.149827e+03	-1.147247e+03	-3.700151e-01
2318          	warmPlate	1.255770e+03	1.261395e+03	3.700219e-01
2318          	OVC	-1.149827e+03	-1.147247e+03	-3.700151e-01
2319          	warmPlate	1.255770e+03	1.261395e+03	3.700219e-01
2319          	OVC	-1.149827e+03	-1.147247e+03	-3.700151e-01
2320          	warmPlate	1.255770e+03	1.261395e+03	3.700219e-01
2320          	OVC	-1.149827e+03	-1.147247e+03	-3.700151e-01
2321          	warmPlate	1.255770e+03	1.261395e+03	3.700219e-01
2321          	OVC	-1.149827e+03	-1.147247e+03	-3.700151e-01
2322          	warmPlate	1.255770e+03	1.261395e+03	3.700219e-01
2322          	OVC	-1.149827e+03	-1.147247e+03	-3.700151e-01
2323          	warmPlate	1.255770e+03	1.261395e+03	3.700219e-01
2323          	OVC	-1.149827e+03	-1.147247e+03	-3.700151e-01
2324          	warmPlate	1.255770e+03	1.261395e+03	3.700219e-01
2324          	OVC	-1.149827e+03	-1.147247e+03	-3.700151e-01
2325          	warmPlate	1.255770e+03	1.261395e+03	3.700219e-01
2325          	OVC	-1.149827e+03	-1.147247e+03	-3.700151e-01
2326          	warmPlate	1.255770e+03	1.261395e+03	3.700219e-01
2326          	OVC	-1.149827e+03	-1.147247e+03	-3.700151e-01
2327          	warmPlate	1.255770e+03	1.261395e+03	3.700219e-01
2327          	OVC	-1.149827e+03	-1.147247e+03	-3.700151e-01
2328          	warmPlate	1.255770e+03	1.261395e+03	3.700219e-01
2328          	OVC	-1.149827e+03	-1.147247e+03	-3.700151e-01
2329          	warmPlate	1.255770e+03	1.261395e+03	3.700219e-01
2329          	OVC	-1.149827e+03	-1.147247e+03	-3.700151e-01
2330          	warmPlate	1.255770e+03	1.261395e+03	3.700219e-01
2330          	OVC	-1.149827e+03	-1.147247e+03	-3.700151e-01
2331          	warmPlate	1.255770e+03	1.261395e+03	3.700219e-01
2331          	OVC	-1.149827e+03	-1.147247e+03	-3.700151e-01
2332          	warmPlate	1.255770e+03	1.261395e+03	3.700219e-01
2332          	OVC	-1.149827e+03	-1.147247e+03	-3.700151e-01
2333          	warmPlate	1.255770e+03	1.261395e+03	3.700219e-01
2333          	OVC	-1.149827e+03	-1.147247e+03	-3.700151e-01
2334          	warmPlate	1.255770e+03	1.261395e+03	3.700219e-01
2334          	OVC	-1.149827e+03	-1.147247e+03	-3.700151e-01
2335          	warmPlate	1.255770e+03	1.261395e+03	3.700219e-01
2335          	OVC	-1.149827e+03	-1.147247e+03	-3.700151e-01
2336          	warmPlate	1.255770e+03	1.261395e+03	3.700219e-01
2336          	OVC	-1.149827e+03	-1.147247e+03	-3.700151e-01
2337          	warmPlate	1.255770e+03	1.261395e+03	3.700219e-01
2337          	OVC	-1.149827e+03	-1.147247e+03	-3.700151e-01
2338          	warmPlate	1.255770e+03	1.261395e+03	3.700219e-01
2338          	OVC	-1.149827e+03	-1.147247e+03	-3.700151e-01
2339          	warmPlate	1.255770e+03	1.261395e+03	3.700219e-01
2339          	OVC	-1.149827e+03	-1.147247e+03	-3.700151e-01
2340          	warmPlate	1.255770e+03	1.261395e+03	3.700219e-01
2340          	OVC	-1.149827e+03	-1.147247e+03	-3.700151e-01
2341          	warmPlate	1.255770e+03	1.261395e+03	3.700219e-01
2341          	OVC	-1.149827e+03	-1.147247e+03	-3.700151e-01
2342          	warmPlate	1.255770e+03	1.261395e+03	3.700219e-01
2342          	OVC	-1.149827e+03	-1.147247e+03	-3.700151e-01
2343          	warmPlate	1.255770e+03	1.261395e+03	3.700219e-01
2343          	OVC	-1.149827e+03	-1.147247e+03	-3.700151e-01
2344          	warmPlate	1.255770e+03	1.261395e+03	3.700219e-01
2344          	OVC	-1.149827e+03	-1.147247e+03	-3.700151e-01
2345          	warmPlate	1.255770e+03	1.261395e+03	3.700219e-01
2345          	OVC	-1.149827e+03	-1.147247e+03	-3.700151e-01
2346          	warmPlate	1.255770e+03	1.261395e+03	3.700219e-01
2346          	OVC	-1.149827e+03	-1.147247e+03	-3.700151e-01
2347          	warmPlate	1.255770e+03	1.261395e+03	3.700219e-01
2347          	OVC	-1.149827e+03	-1.147247e+03	-3.700151e-01
2348          	warmPlate	1.255770e+03	1.261395e+03	3.700219e-01
2348          	OVC	-1.149827e+03	-1.147247e+03	-3.700151e-01
2349          	warmPlate	1.255770e+03	1.261395e+03	3.700219e-01
2349          	OVC	-1.149827e+03	-1.147247e+03	-3.700151e-01
2350          	warmPlate	1.255770e+03	1.261395e+03	3.700219e-01
2350          	OVC	-1.149827e+03	-1.147247e+03	-3.700151e-01
2351          	warmPlate	1.255770e+03	1.261395e+03	3.700219e-01
2351          	OVC	-1.149827e+03	-1.147247e+03	-3.700151e-01
2352          	warmPlate	1.255770e+03	1.261395e+03	3.700219e-01
2352          	OVC	-1.149827e+03	-1.147247e+03	-3.700151e-01
2353          	warmPlate	1.255770e+03	1.261395e+03	3.700219e-01
2353          	OVC	-1.149827e+03	-1.147247e+03	-3.700151e-01
2354          	warmPlate	1.255770e+03	1.261395e+03	3.700219e-01
2354          	OVC	-1.149827e+03	-1.147247e+03	-3.700151e-01
2355          	warmPlate	1.255770e+03	1.261395e+03	3.700219e-01
2355          	OVC	-1.149827e+03	-1.147247e+03	-3.700151e-01
2356          	warmPlate	1.255770e+03	1.261395e+03	3.700219e-01
2356          	OVC	-1.149827e+03	-1.147247e+03	-3.700151e-01
2357          	warmPlate	1.255770e+03	1.261395e+03	3.700219e-01
2357          	OVC	-1.149827e+03	-1.147247e+03	-3.700151e-01
2358          	warmPlate	1.255770e+03	1.261395e+03	3.700219e-01
2358          	OVC	-1.149827e+03	-1.147247e+03	-3.700151e-01
2359          	warmPlate	1.255770e+03	1.261395e+03	3.700219e-01
2359          	OVC	-1.149827e+03	-1.147247e+03	-3.700151e-01
2360          	warmPlate	1.255770e+03	1.261395e+03	3.700219e-01
2360          	OVC	-1.149827e+03	-1.147247e+03	-3.700151e-01
2361          	warmPlate	1.255770e+03	1.261395e+03	3.700219e-01
2361          	OVC	-1.149827e+03	-1.147247e+03	-3.700151e-01
2362          	warmPlate	1.255770e+03	1.261395e+03	3.700219e-01
2362          	OVC	-1.149827e+03	-1.147247e+03	-3.700151e-01
2363          	warmPlate	1.255770e+03	1.261395e+03	3.700219e-01
2363          	OVC	-1.149827e+03	-1.147247e+03	-3.700151e-01
2364          	warmPlate	1.255770e+03	1.261395e+03	3.700219e-01
2364          	OVC	-1.149827e+03	-1.147247e+03	-3.700151e-01
2365          	warmPlate	1.255770e+03	1.261395e+03	3.700219e-01
2365          	OVC	-1.149827e+03	-1.147247e+03	-3.700151e-01
2366          	warmPlate	1.255770e+03	1.261395e+03	3.700219e-01
2366          	OVC	-1.149827e+03	-1.147247e+03	-3.700151e-01
2367          	warmPlate	1.255770e+03	1.261395e+03	3.700219e-01
2367          	OVC	-1.149827e+03	-1.147247e+03	-3.700151e-01
2368          	warmPlate	1.255770e+03	1.261395e+03	3.700219e-01
2368          	OVC	-1.149827e+03	-1.147247e+03	-3.700151e-01
2369          	warmPlate	1.255770e+03	1.261395e+03	3.700219e-01
2369          	OVC	-1.149827e+03	-1.147247e+03	-3.700151e-01
2370          	warmPlate	1.255770e+03	1.261395e+03	3.700219e-01
2370          	OVC	-1.149827e+03	-1.147247e+03	-3.700151e-01
2371          	warmPlate	1.255770e+03	1.261395e+03	3.700219e-01
2371          	OVC	-1.149827e+03	-1.147247e+03	-3.700151e-01
2372          	warmPlate	1.255770e+03	1.261395e+03	3.700219e-01
2372          	OVC	-1.149827e+03	-1.147247e+03	-3.700151e-01
2373          	warmPlate	1.255770e+03	1.261395e+03	3.700219e-01
2373          	OVC	-1.149827e+03	-1.147247e+03	-3.700151e-01
2374          	warmPlate	1.255770e+03	1.261395e+03	3.700219e-01
2374          	OVC	-1.149827e+03	-1.147247e+03	-3.700151e-01
2375          	warmPlate	1.255770e+03	1.261395e+03	3.700219e-01
2375          	OVC	-1.149827e+03	-1.147247e+03	-3.700151e-01
2376          	warmPlate	1.255770e+03	1.261395e+03	3.700219e-01
2376          	OVC	-1.149827e+03	-1.147247e+03	-3.700151e-01
2377          	warmPlate	1.255770e+03	1.261395e+03	3.700219e-01
2377          	OVC	-1.149827e+03	-1.147247e+03	-3.700151e-01
2378          	warmPlate	1.255770e+03	1.261395e+03	3.700219e-01
2378          	OVC	-1.149827e+03	-1.147247e+03	-3.700151e-01
2379          	warmPlate	1.255770e+03	1.261395e+03	3.700219e-01
2379          	OVC	-1.149827e+03	-1.147247e+03	-3.700151e-01
2380          	warmPlate	1.255770e+03	1.261395e+03	3.700219e-01
2380          	OVC	-1.149827e+03	-1.147247e+03	-3.700151e-01
2381          	warmPlate	1.255770e+03	1.261395e+03	3.700219e-01
2381          	OVC	-1.149827e+03	-1.147247e+03	-3.700151e-01
2382          	warmPlate	1.255770e+03	1.261395e+03	3.700219e-01
2382          	OVC	-1.149827e+03	-1.147247e+03	-3.700151e-01
2383          	warmPlate	1.255770e+03	1.261395e+03	3.700219e-01
2383          	OVC	-1.149827e+03	-1.147247e+03	-3.700151e-01
2384          	warmPlate	1.255770e+03	1.261395e+03	3.700219e-01
2384          	OVC	-1.149827e+03	-1.147247e+03	-3.700151e-01
2385          	warmPlate	1.255770e+03	1.261395e+03	3.700219e-01
2385          	OVC	-1.149827e+03	-1.147247e+03	-3.700151e-01
2386          	warmPlate	1.255770e+03	1.261395e+03	3.700219e-01
2386          	OVC	-1.149827e+03	-1.147247e+03	-3.700151e-01
2387          	warmPlate	1.255770e+03	1.261395e+03	3.700219e-01
2387          	OVC	-1.149827e+03	-1.147247e+03	-3.700151e-01
2388          	warmPlate	1.255770e+03	1.261395e+03	3.700219e-01
2388          	OVC	-1.149827e+03	-1.147247e+03	-3.700151e-01
2389          	warmPlate	1.255770e+03	1.261395e+03	3.700219e-01
2389          	OVC	-1.149827e+03	-1.147247e+03	-3.700151e-01
2390          	warmPlate	1.255770e+03	1.261395e+03	3.700219e-01
2390          	OVC	-1.149827e+03	-1.147247e+03	-3.700151e-01
2391          	warmPlate	1.255770e+03	1.261395e+03	3.700219e-01
2391          	OVC	-1.149827e+03	-1.147247e+03	-3.700151e-01
2392          	warmPlate	1.255770e+03	1.261395e+03	3.700219e-01
2392          	OVC	-1.149827e+03	-1.147247e+03	-3.700151e-01
2393          	warmPlate	1.255770e+03	1.261395e+03	3.700219e-01
2393          	OVC	-1.149827e+03	-1.147247e+03	-3.700151e-01
2394          	warmPlate	1.255770e+03	1.261395e+03	3.700219e-01
2394          	OVC	-1.149827e+03	-1.147247e+03	-3.700151e-01
2395          	warmPlate	1.255770e+03	1.261395e+03	3.700219e-01
2395          	OVC	-1.149827e+03	-1.147247e+03	-3.700151e-01
2396          	warmPlate	1.255770e+03	1.261395e+03	3.700219e-01
2396          	OVC	-1.149827e+03	-1.147247e+03	-3.700151e-01
2397          	warmPlate	1.255770e+03	1.261395e+03	3.700219e-01
2397          	OVC	-1.149827e+03	-1.147247e+03	-3.700151e-01
2398          	warmPlate	1.255770e+03	1.261395e+03	3.700219e-01
2398          	OVC	-1.149827e+03	-1.147247e+03	-3.700151e-01
2399          	warmPlate	1.255770e+03	1.261395e+03	3.700219e-01
2399          	OVC	-1.149827e+03	-1.147247e+03	-3.700151e-01
2400          	warmPlate	1.255770e+03	1.261395e+03	3.700219e-01
2400          	OVC	-1.149827e+03	-1.147247e+03	-3.700151e-01
2401          	warmPlate	1.255770e+03	1.261395e+03	3.700219e-01
2401          	OVC	-1.149827e+03	-1.147247e+03	-3.700151e-01
2402          	warmPlate	1.255770e+03	1.261395e+03	3.700219e-01
2402          	OVC	-1.149827e+03	-1.147247e+03	-3.700151e-01
2403          	warmPlate	1.255770e+03	1.261395e+03	3.700219e-01
2403          	OVC	-1.149827e+03	-1.147247e+03	-3.700151e-01
2404          	warmPlate	1.255770e+03	1.261395e+03	3.700219e-01
2404          	OVC	-1.149827e+03	-1.147247e+03	-3.700151e-01
2405          	warmPlate	1.255770e+03	1.261395e+03	3.700219e-01
2405          	OVC	-1.149827e+03	-1.147247e+03	-3.700151e-01
2406          	warmPlate	1.255770e+03	1.261395e+03	3.700219e-01
2406          	OVC	-1.149827e+03	-1.147247e+03	-3.700151e-01
2407          	warmPlate	1.255770e+03	1.261395e+03	3.700219e-01
2407          	OVC	-1.149827e+03	-1.147247e+03	-3.700151e-01
2408          	warmPlate	1.255770e+03	1.261395e+03	3.700219e-01
2408          	OVC	-1.149827e+03	-1.147247e+03	-3.700151e-01
2409          	warmPlate	1.255770e+03	1.261395e+03	3.700219e-01
2409          	OVC	-1.149827e+03	-1.147247e+03	-3.700151e-01
2410          	warmPlate	1.255770e+03	1.261395e+03	3.700219e-01
2410          	OVC	-1.149827e+03	-1.147247e+03	-3.700151e-01
2411          	warmPlate	1.255770e+03	1.261395e+03	3.700219e-01
2411          	OVC	-1.149827e+03	-1.147247e+03	-3.700151e-01
2412          	warmPlate	1.255770e+03	1.261395e+03	3.700219e-01
2412          	OVC	-1.149827e+03	-1.147247e+03	-3.700151e-01
2413          	warmPlate	1.255770e+03	1.261395e+03	3.700219e-01
2413          	OVC	-1.149827e+03	-1.147247e+03	-3.700151e-01
2414          	warmPlate	1.255770e+03	1.261395e+03	3.700219e-01
2414          	OVC	-1.149827e+03	-1.147247e+03	-3.700151e-01
2415          	warmPlate	1.255770e+03	1.261395e+03	3.700219e-01
2415          	OVC	-1.149827e+03	-1.147247e+03	-3.700151e-01
2416          	warmPlate	1.255770e+03	1.261395e+03	3.700219e-01
2416          	OVC	-1.149827e+03	-1.147247e+03	-3.700151e-01
2417          	warmPlate	1.255770e+03	1.261395e+03	3.700219e-01
2417          	OVC	-1.149827e+03	-1.147247e+03	-3.700151e-01
2418          	warmPlate	1.255770e+03	1.261395e+03	3.700219e-01
2418          	OVC	-1.149827e+03	-1.147247e+03	-3.700151e-01
2419          	warmPlate	1.255770e+03	1.261395e+03	3.700219e-01
2419          	OVC	-1.149827e+03	-1.147247e+03	-3.700151e-01
2420          	warmPlate	1.255770e+03	1.261395e+03	3.700219e-01
2420          	OVC	-1.149827e+03	-1.147247e+03	-3.700151e-01
2421          	warmPlate	1.255770e+03	1.261395e+03	3.700219e-01
2421          	OVC	-1.149827e+03	-1.147247e+03	-3.700151e-01
2422          	warmPlate	1.255770e+03	1.261395e+03	3.700219e-01
2422          	OVC	-1.149827e+03	-1.147247e+03	-3.700151e-01
2423          	warmPlate	1.255770e+03	1.261395e+03	3.700219e-01
2423          	OVC	-1.149827e+03	-1.147247e+03	-3.700151e-01
2424          	warmPlate	1.255770e+03	1.261395e+03	3.700219e-01
2424          	OVC	-1.149827e+03	-1.147247e+03	-3.700151e-01
2425          	warmPlate	1.255770e+03	1.261395e+03	3.700219e-01
2425          	OVC	-1.149827e+03	-1.147247e+03	-3.700151e-01
2426          	warmPlate	1.255770e+03	1.261395e+03	3.700219e-01
2426          	OVC	-1.149827e+03	-1.147247e+03	-3.700151e-01
2427          	warmPlate	1.255770e+03	1.261395e+03	3.700219e-01
2427          	OVC	-1.149827e+03	-1.147247e+03	-3.700151e-01
2428          	warmPlate	1.255770e+03	1.261395e+03	3.700219e-01
2428          	OVC	-1.149827e+03	-1.147247e+03	-3.700151e-01
2429          	warmPlate	1.255770e+03	1.261395e+03	3.700219e-01
2429          	OVC	-1.149827e+03	-1.147247e+03	-3.700151e-01
2430          	warmPlate	1.255770e+03	1.261395e+03	3.700219e-01
2430          	OVC	-1.149827e+03	-1.147247e+03	-3.700151e-01
2431          	warmPlate	1.255770e+03	1.261395e+03	3.700219e-01
2431          	OVC	-1.149827e+03	-1.147247e+03	-3.700151e-01
2432          	warmPlate	1.255770e+03	1.261395e+03	3.700219e-01
2432          	OVC	-1.149827e+03	-1.147247e+03	-3.700151e-01
2433          	warmPlate	1.255770e+03	1.261395e+03	3.700219e-01
2433          	OVC	-1.149827e+03	-1.147247e+03	-3.700151e-01
2434          	warmPlate	1.255770e+03	1.261395e+03	3.700219e-01
2434          	OVC	-1.149827e+03	-1.147247e+03	-3.700151e-01
2435          	warmPlate	1.255770e+03	1.261395e+03	3.700219e-01
2435          	OVC	-1.149827e+03	-1.147247e+03	-3.700151e-01
2436          	warmPlate	1.255770e+03	1.261395e+03	3.700219e-01
2436          	OVC	-1.149827e+03	-1.147247e+03	-3.700151e-01
2437          	warmPlate	1.255770e+03	1.261395e+03	3.700219e-01
2437          	OVC	-1.149827e+03	-1.147247e+03	-3.700151e-01
2438          	warmPlate	1.255770e+03	1.261395e+03	3.700219e-01
2438          	OVC	-1.149827e+03	-1.147247e+03	-3.700151e-01
2439          	warmPlate	1.255770e+03	1.261395e+03	3.700219e-01
2439          	OVC	-1.149827e+03	-1.147247e+03	-3.700151e-01
2440          	warmPlate	1.255770e+03	1.261395e+03	3.700219e-01
2440          	OVC	-1.149827e+03	-1.147247e+03	-3.700151e-01
2441          	warmPlate	1.255770e+03	1.261395e+03	3.700219e-01
2441          	OVC	-1.149827e+03	-1.147247e+03	-3.700151e-01
2442          	warmPlate	1.255770e+03	1.261395e+03	3.700219e-01
2442          	OVC	-1.149827e+03	-1.147247e+03	-3.700151e-01
2443          	warmPlate	1.255770e+03	1.261395e+03	3.700219e-01
2443          	OVC	-1.149827e+03	-1.147247e+03	-3.700151e-01
2444          	warmPlate	1.255770e+03	1.261395e+03	3.700219e-01
2444          	OVC	-1.149827e+03	-1.147247e+03	-3.700151e-01
2445          	warmPlate	1.255770e+03	1.261395e+03	3.700219e-01
2445          	OVC	-1.149827e+03	-1.147247e+03	-3.700151e-01
2446          	warmPlate	1.255770e+03	1.261395e+03	3.700219e-01
2446          	OVC	-1.149827e+03	-1.147247e+03	-3.700151e-01
2447          	warmPlate	1.255770e+03	1.261395e+03	3.700219e-01
2447          	OVC	-1.149827e+03	-1.147247e+03	-3.700151e-01
2448          	warmPlate	1.255770e+03	1.261395e+03	3.700219e-01
2448          	OVC	-1.149827e+03	-1.147247e+03	-3.700151e-01
2449          	warmPlate	1.255770e+03	1.261395e+03	3.700219e-01
2449          	OVC	-1.149827e+03	-1.147247e+03	-3.700151e-01
2450          	warmPlate	1.255770e+03	1.261395e+03	3.700219e-01
2450          	OVC	-1.149827e+03	-1.147247e+03	-3.700151e-01
2451          	warmPlate	1.255770e+03	1.261395e+03	3.700219e-01
2451          	OVC	-1.149827e+03	-1.147247e+03	-3.700151e-01
2452          	warmPlate	1.255770e+03	1.261395e+03	3.700219e-01
2452          	OVC	-1.149827e+03	-1.147247e+03	-3.700151e-01
2453          	warmPlate	1.255770e+03	1.261395e+03	3.700219e-01
2453          	OVC	-1.149827e+03	-1.147247e+03	-3.700151e-01
2454          	warmPlate	1.255770e+03	1.261395e+03	3.700219e-01
2454          	OVC	-1.149827e+03	-1.147247e+03	-3.700151e-01
2455          	warmPlate	1.255770e+03	1.261395e+03	3.700219e-01
2455          	OVC	-1.149827e+03	-1.147247e+03	-3.700151e-01
2456          	warmPlate	1.255770e+03	1.261395e+03	3.700219e-01
2456          	OVC	-1.149827e+03	-1.147247e+03	-3.700151e-01
2457          	warmPlate	1.255770e+03	1.261395e+03	3.700219e-01
2457          	OVC	-1.149827e+03	-1.147247e+03	-3.700151e-01
2458          	warmPlate	1.255770e+03	1.261395e+03	3.700219e-01
2458          	OVC	-1.149827e+03	-1.147247e+03	-3.700151e-01
2459          	warmPlate	1.255770e+03	1.261395e+03	3.700219e-01
2459          	OVC	-1.149827e+03	-1.147247e+03	-3.700151e-01
2460          	warmPlate	1.255770e+03	1.261395e+03	3.700219e-01
2460          	OVC	-1.149827e+03	-1.147247e+03	-3.700151e-01
2461          	warmPlate	1.255770e+03	1.261395e+03	3.700219e-01
2461          	OVC	-1.149827e+03	-1.147247e+03	-3.700151e-01
2462          	warmPlate	1.255770e+03	1.261395e+03	3.700219e-01
2462          	OVC	-1.149827e+03	-1.147247e+03	-3.700151e-01
2463          	warmPlate	1.255770e+03	1.261395e+03	3.700219e-01
2463          	OVC	-1.149827e+03	-1.147247e+03	-3.700151e-01
2464          	warmPlate	1.255770e+03	1.261395e+03	3.700219e-01
2464          	OVC	-1.149827e+03	-1.147247e+03	-3.700151e-01
2465          	warmPlate	1.255770e+03	1.261395e+03	3.700219e-01
2465          	OVC	-1.149827e+03	-1.147247e+03	-3.700151e-01
2466          	warmPlate	1.255770e+03	1.261395e+03	3.700219e-01
2466          	OVC	-1.149827e+03	-1.147247e+03	-3.700151e-01
2467          	warmPlate	1.255770e+03	1.261395e+03	3.700219e-01
2467          	OVC	-1.149827e+03	-1.147247e+03	-3.700151e-01
2468          	warmPlate	1.255770e+03	1.261395e+03	3.700219e-01
2468          	OVC	-1.149827e+03	-1.147247e+03	-3.700151e-01
2469          	warmPlate	1.255770e+03	1.261395e+03	3.700219e-01
2469          	OVC	-1.149827e+03	-1.147247e+03	-3.700151e-01
2470          	warmPlate	1.255770e+03	1.261395e+03	3.700219e-01
2470          	OVC	-1.149827e+03	-1.147247e+03	-3.700151e-01
2471          	warmPlate	1.255770e+03	1.261395e+03	3.700219e-01
2471          	OVC	-1.149827e+03	-1.147247e+03	-3.700151e-01
2472          	warmPlate	1.255770e+03	1.261395e+03	3.700219e-01
2472          	OVC	-1.149827e+03	-1.147247e+03	-3.700151e-01
2473          	warmPlate	1.255770e+03	1.261395e+03	3.700219e-01
2473          	OVC	-1.149827e+03	-1.147247e+03	-3.700151e-01
2474          	warmPlate	1.255770e+03	1.261395e+03	3.700219e-01
2474          	OVC	-1.149827e+03	-1.147247e+03	-3.700151e-01
2475          	warmPlate	1.255770e+03	1.261395e+03	3.700219e-01
2475          	OVC	-1.149827e+03	-1.147247e+03	-3.700151e-01
2476          	warmPlate	1.255770e+03	1.261395e+03	3.700219e-01
2476          	OVC	-1.149827e+03	-1.147247e+03	-3.700151e-01
2477          	warmPlate	1.255770e+03	1.261395e+03	3.700219e-01
2477          	OVC	-1.149827e+03	-1.147247e+03	-3.700151e-01
2478          	warmPlate	1.255770e+03	1.261395e+03	3.700219e-01
2478          	OVC	-1.149827e+03	-1.147247e+03	-3.700151e-01
2479          	warmPlate	1.255770e+03	1.261395e+03	3.700219e-01
2479          	OVC	-1.149827e+03	-1.147247e+03	-3.700151e-01
2480          	warmPlate	1.255770e+03	1.261395e+03	3.700219e-01
2480          	OVC	-1.149827e+03	-1.147247e+03	-3.700151e-01
2481          	warmPlate	1.255770e+03	1.261395e+03	3.700219e-01
2481          	OVC	-1.149827e+03	-1.147247e+03	-3.700151e-01
2482          	warmPlate	1.255770e+03	1.261395e+03	3.700219e-01
2482          	OVC	-1.149827e+03	-1.147247e+03	-3.700151e-01
2483          	warmPlate	1.255770e+03	1.261395e+03	3.700219e-01
2483          	OVC	-1.149827e+03	-1.147247e+03	-3.700151e-01
2484          	warmPlate	1.255770e+03	1.261395e+03	3.700219e-01
2484          	OVC	-1.149827e+03	-1.147247e+03	-3.700151e-01
2485          	warmPlate	1.255770e+03	1.261395e+03	3.700219e-01
2485          	OVC	-1.149827e+03	-1.147247e+03	-3.700151e-01
2486          	warmPlate	1.255770e+03	1.261395e+03	3.700219e-01
2486          	OVC	-1.149827e+03	-1.147247e+03	-3.700151e-01
2487          	warmPlate	1.255770e+03	1.261395e+03	3.700219e-01
2487          	OVC	-1.149827e+03	-1.147247e+03	-3.700151e-01
2488          	warmPlate	1.255770e+03	1.261395e+03	3.700219e-01
2488          	OVC	-1.149827e+03	-1.147247e+03	-3.700151e-01
2489          	warmPlate	1.255770e+03	1.261395e+03	3.700219e-01
2489          	OVC	-1.149827e+03	-1.147247e+03	-3.700151e-01
2490          	warmPlate	1.255770e+03	1.261395e+03	3.700219e-01
2490          	OVC	-1.149827e+03	-1.147247e+03	-3.700151e-01
2491          	warmPlate	1.255770e+03	1.261395e+03	3.700219e-01
2491          	OVC	-1.149827e+03	-1.147247e+03	-3.700151e-01
2492          	warmPlate	1.255770e+03	1.261395e+03	3.700219e-01
2492          	OVC	-1.149827e+03	-1.147247e+03	-3.700151e-01
2493          	warmPlate	1.255770e+03	1.261395e+03	3.700219e-01
2493          	OVC	-1.149827e+03	-1.147247e+03	-3.700151e-01
2494          	warmPlate	1.255770e+03	1.261395e+03	3.700219e-01
2494          	OVC	-1.149827e+03	-1.147247e+03	-3.700151e-01
2495          	warmPlate	1.255770e+03	1.261395e+03	3.700219e-01
2495          	OVC	-1.149827e+03	-1.147247e+03	-3.700151e-01
2496          	warmPlate	1.255770e+03	1.261395e+03	3.700219e-01
2496          	OVC	-1.149827e+03	-1.147247e+03	-3.700151e-01
2497          	warmPlate	1.255770e+03	1.261395e+03	3.700219e-01
2497          	OVC	-1.149827e+03	-1.147247e+03	-3.700151e-01
2498          	warmPlate	1.255770e+03	1.261395e+03	3.700219e-01
2498          	OVC	-1.149827e+03	-1.147247e+03	-3.700151e-01
2499          	warmPlate	1.255770e+03	1.261395e+03	3.700219e-01
2499          	OVC	-1.149827e+03	-1.147247e+03	-3.700151e-01
2500          	warmPlate	1.255770e+03	1.261395e+03	3.700219e-01
2500          	OVC	-1.149827e+03	-1.147247e+03	-3.700151e-01
2501          	warmPlate	1.255770e+03	1.261395e+03	3.700219e-01
2501          	OVC	-1.149827e+03	-1.147247e+03	-3.700151e-01
2502          	warmPlate	1.255770e+03	1.261395e+03	3.700219e-01
2502          	OVC	-1.149827e+03	-1.147247e+03	-3.700151e-01
2503          	warmPlate	1.255770e+03	1.261395e+03	3.700219e-01
2503          	OVC	-1.149827e+03	-1.147247e+03	-3.700151e-01
2504          	warmPlate	1.255770e+03	1.261395e+03	3.700219e-01
2504          	OVC	-1.149827e+03	-1.147247e+03	-3.700151e-01
2505          	warmPlate	1.255770e+03	1.261395e+03	3.700219e-01
2505          	OVC	-1.149827e+03	-1.147247e+03	-3.700151e-01
2506          	warmPlate	1.255770e+03	1.261395e+03	3.700219e-01
2506          	OVC	-1.149827e+03	-1.147247e+03	-3.700151e-01
2507          	warmPlate	1.255770e+03	1.261395e+03	3.700219e-01
2507          	OVC	-1.149827e+03	-1.147247e+03	-3.700151e-01
2508          	warmPlate	1.255770e+03	1.261395e+03	3.700219e-01
2508          	OVC	-1.149827e+03	-1.147247e+03	-3.700151e-01
2509          	warmPlate	1.255770e+03	1.261395e+03	3.700219e-01
2509          	OVC	-1.149827e+03	-1.147247e+03	-3.700151e-01
2510          	warmPlate	1.255770e+03	1.261395e+03	3.700219e-01
2510          	OVC	-1.149827e+03	-1.147247e+03	-3.700151e-01
2511          	warmPlate	1.255770e+03	1.261395e+03	3.700219e-01
2511          	OVC	-1.149827e+03	-1.147247e+03	-3.700151e-01
2512          	warmPlate	1.255770e+03	1.261395e+03	3.700219e-01
2512          	OVC	-1.149827e+03	-1.147247e+03	-3.700151e-01
2513          	warmPlate	1.255770e+03	1.261395e+03	3.700219e-01
2513          	OVC	-1.149827e+03	-1.147247e+03	-3.700151e-01
2514          	warmPlate	1.255770e+03	1.261395e+03	3.700219e-01
2514          	OVC	-1.149827e+03	-1.147247e+03	-3.700151e-01
2515          	warmPlate	1.255770e+03	1.261395e+03	3.700219e-01
2515          	OVC	-1.149827e+03	-1.147247e+03	-3.700151e-01
2516          	warmPlate	1.255770e+03	1.261395e+03	3.700219e-01
2516          	OVC	-1.149827e+03	-1.147247e+03	-3.700151e-01
2517          	warmPlate	1.255770e+03	1.261395e+03	3.700219e-01
2517          	OVC	-1.149827e+03	-1.147247e+03	-3.700151e-01
2518          	warmPlate	1.255770e+03	1.261395e+03	3.700219e-01
2518          	OVC	-1.149827e+03	-1.147247e+03	-3.700151e-01
2519          	warmPlate	1.255770e+03	1.261395e+03	3.700219e-01
2519          	OVC	-1.149827e+03	-1.147247e+03	-3.700151e-01
2520          	warmPlate	1.255770e+03	1.261395e+03	3.700219e-01
2520          	OVC	-1.149827e+03	-1.147247e+03	-3.700151e-01
2521          	warmPlate	1.255770e+03	1.261395e+03	3.700219e-01
2521          	OVC	-1.149827e+03	-1.147247e+03	-3.700151e-01
2522          	warmPlate	1.255770e+03	1.261395e+03	3.700219e-01
2522          	OVC	-1.149827e+03	-1.147247e+03	-3.700151e-01
2523          	warmPlate	1.255770e+03	1.261395e+03	3.700219e-01
2523          	OVC	-1.149827e+03	-1.147247e+03	-3.700151e-01
2524          	warmPlate	1.255770e+03	1.261395e+03	3.700219e-01
2524          	OVC	-1.149827e+03	-1.147247e+03	-3.700151e-01
2525          	warmPlate	1.255770e+03	1.261395e+03	3.700219e-01
2525          	OVC	-1.149827e+03	-1.147247e+03	-3.700151e-01
2526          	warmPlate	1.255770e+03	1.261395e+03	3.700219e-01
2526          	OVC	-1.149827e+03	-1.147247e+03	-3.700151e-01
2527          	warmPlate	1.255770e+03	1.261395e+03	3.700219e-01
2527          	OVC	-1.149827e+03	-1.147247e+03	-3.700151e-01
2528          	warmPlate	1.255770e+03	1.261395e+03	3.700219e-01
2528          	OVC	-1.149827e+03	-1.147247e+03	-3.700151e-01
2529          	warmPlate	1.255770e+03	1.261395e+03	3.700219e-01
2529          	OVC	-1.149827e+03	-1.147247e+03	-3.700151e-01
2530          	warmPlate	1.255770e+03	1.261395e+03	3.700219e-01
2530          	OVC	-1.149827e+03	-1.147247e+03	-3.700151e-01
2531          	warmPlate	1.255770e+03	1.261395e+03	3.700219e-01
2531          	OVC	-1.149827e+03	-1.147247e+03	-3.700151e-01
2532          	warmPlate	1.255770e+03	1.261395e+03	3.700219e-01
2532          	OVC	-1.149827e+03	-1.147247e+03	-3.700151e-01
2533          	warmPlate	1.255770e+03	1.261395e+03	3.700219e-01
2533          	OVC	-1.149827e+03	-1.147247e+03	-3.700151e-01
2534          	warmPlate	1.255770e+03	1.261395e+03	3.700219e-01
2534          	OVC	-1.149827e+03	-1.147247e+03	-3.700151e-01
2535          	warmPlate	1.255770e+03	1.261395e+03	3.700219e-01
2535          	OVC	-1.149827e+03	-1.147247e+03	-3.700151e-01
2536          	warmPlate	1.255770e+03	1.261395e+03	3.700219e-01
2536          	OVC	-1.149827e+03	-1.147247e+03	-3.700151e-01
2537          	warmPlate	1.255770e+03	1.261395e+03	3.700219e-01
2537          	OVC	-1.149827e+03	-1.147247e+03	-3.700151e-01
2538          	warmPlate	1.255770e+03	1.261395e+03	3.700219e-01
2538          	OVC	-1.149827e+03	-1.147247e+03	-3.700151e-01
2539          	warmPlate	1.255770e+03	1.261395e+03	3.700219e-01
2539          	OVC	-1.149827e+03	-1.147247e+03	-3.700151e-01
2540          	warmPlate	1.255770e+03	1.261395e+03	3.700219e-01
2540          	OVC	-1.149827e+03	-1.147247e+03	-3.700151e-01
2541          	warmPlate	1.255770e+03	1.261395e+03	3.700219e-01
2541          	OVC	-1.149827e+03	-1.147247e+03	-3.700151e-01
2542          	warmPlate	1.255770e+03	1.261395e+03	3.700219e-01
2542          	OVC	-1.149827e+03	-1.147247e+03	-3.700151e-01
2543          	warmPlate	1.255770e+03	1.261395e+03	3.700219e-01
2543          	OVC	-1.149827e+03	-1.147247e+03	-3.700151e-01
2544          	warmPlate	1.255770e+03	1.261395e+03	3.700219e-01
2544          	OVC	-1.149827e+03	-1.147247e+03	-3.700151e-01
2545          	warmPlate	1.255770e+03	1.261395e+03	3.700219e-01
2545          	OVC	-1.149827e+03	-1.147247e+03	-3.700151e-01
2546          	warmPlate	1.255770e+03	1.261395e+03	3.700219e-01
2546          	OVC	-1.149827e+03	-1.147247e+03	-3.700151e-01
2547          	warmPlate	1.255770e+03	1.261395e+03	3.700219e-01
2547          	OVC	-1.149827e+03	-1.147247e+03	-3.700151e-01
2548          	warmPlate	1.255770e+03	1.261395e+03	3.700219e-01
2548          	OVC	-1.149827e+03	-1.147247e+03	-3.700151e-01
2549          	warmPlate	1.255770e+03	1.261395e+03	3.700219e-01
2549          	OVC	-1.149827e+03	-1.147247e+03	-3.700151e-01
2550          	warmPlate	1.255770e+03	1.261395e+03	3.700219e-01
2550          	OVC	-1.149827e+03	-1.147247e+03	-3.700151e-01
2551          	warmPlate	1.255770e+03	1.261395e+03	3.700219e-01
2551          	OVC	-1.149827e+03	-1.147247e+03	-3.700151e-01
2552          	warmPlate	1.255770e+03	1.261395e+03	3.700219e-01
2552          	OVC	-1.149827e+03	-1.147247e+03	-3.700151e-01
2553          	warmPlate	1.255770e+03	1.261395e+03	3.700219e-01
2553          	OVC	-1.149827e+03	-1.147247e+03	-3.700151e-01
2554          	warmPlate	1.255770e+03	1.261395e+03	3.700219e-01
2554          	OVC	-1.149827e+03	-1.147247e+03	-3.700151e-01
2555          	warmPlate	1.255770e+03	1.261395e+03	3.700219e-01
2555          	OVC	-1.149827e+03	-1.147247e+03	-3.700151e-01
2556          	warmPlate	1.255770e+03	1.261395e+03	3.700219e-01
2556          	OVC	-1.149827e+03	-1.147247e+03	-3.700151e-01
2557          	warmPlate	1.255770e+03	1.261395e+03	3.700219e-01
2557          	OVC	-1.149827e+03	-1.147247e+03	-3.700151e-01
2558          	warmPlate	1.255770e+03	1.261395e+03	3.700219e-01
2558          	OVC	-1.149827e+03	-1.147247e+03	-3.700151e-01
2559          	warmPlate	1.255770e+03	1.261395e+03	3.700219e-01
2559          	OVC	-1.149827e+03	-1.147247e+03	-3.700151e-01
2560          	warmPlate	1.255770e+03	1.261395e+03	3.700219e-01
2560          	OVC	-1.149827e+03	-1.147247e+03	-3.700151e-01
2561          	warmPlate	1.255770e+03	1.261395e+03	3.700219e-01
2561          	OVC	-1.149827e+03	-1.147247e+03	-3.700151e-01
2562          	warmPlate	1.255770e+03	1.261395e+03	3.700219e-01
2562          	OVC	-1.149827e+03	-1.147247e+03	-3.700151e-01
2563          	warmPlate	1.255770e+03	1.261395e+03	3.700219e-01
2563          	OVC	-1.149827e+03	-1.147247e+03	-3.700151e-01
2564          	warmPlate	1.255770e+03	1.261395e+03	3.700219e-01
2564          	OVC	-1.149827e+03	-1.147247e+03	-3.700151e-01
2565          	warmPlate	1.255770e+03	1.261395e+03	3.700219e-01
2565          	OVC	-1.149827e+03	-1.147247e+03	-3.700151e-01
2566          	warmPlate	1.255770e+03	1.261395e+03	3.700219e-01
2566          	OVC	-1.149827e+03	-1.147247e+03	-3.700151e-01
2567          	warmPlate	1.255770e+03	1.261395e+03	3.700219e-01
2567          	OVC	-1.149827e+03	-1.147247e+03	-3.700151e-01
2568          	warmPlate	1.255770e+03	1.261395e+03	3.700219e-01
2568          	OVC	-1.149827e+03	-1.147247e+03	-3.700151e-01
2569          	warmPlate	1.255770e+03	1.261395e+03	3.700219e-01
2569          	OVC	-1.149827e+03	-1.147247e+03	-3.700151e-01
2570          	warmPlate	1.255770e+03	1.261395e+03	3.700219e-01
2570          	OVC	-1.149827e+03	-1.147247e+03	-3.700151e-01
2571          	warmPlate	1.255770e+03	1.261395e+03	3.700219e-01
2571          	OVC	-1.149827e+03	-1.147247e+03	-3.700151e-01
2572          	warmPlate	1.255770e+03	1.261395e+03	3.700219e-01
2572          	OVC	-1.149827e+03	-1.147247e+03	-3.700151e-01
2573          	warmPlate	1.255770e+03	1.261395e+03	3.700219e-01
2573          	OVC	-1.149827e+03	-1.147247e+03	-3.700151e-01
2574          	warmPlate	1.255770e+03	1.261395e+03	3.700219e-01
2574          	OVC	-1.149827e+03	-1.147247e+03	-3.700151e-01
2575          	warmPlate	1.255770e+03	1.261395e+03	3.700219e-01
2575          	OVC	-1.149827e+03	-1.147247e+03	-3.700151e-01
2576          	warmPlate	1.255770e+03	1.261395e+03	3.700219e-01
2576          	OVC	-1.149827e+03	-1.147247e+03	-3.700151e-01
2577          	warmPlate	1.255770e+03	1.261395e+03	3.700219e-01
2577          	OVC	-1.149827e+03	-1.147247e+03	-3.700151e-01
2578          	warmPlate	1.255770e+03	1.261395e+03	3.700219e-01
2578          	OVC	-1.149827e+03	-1.147247e+03	-3.700151e-01
2579          	warmPlate	1.255770e+03	1.261395e+03	3.700219e-01
2579          	OVC	-1.149827e+03	-1.147247e+03	-3.700151e-01
2580          	warmPlate	1.255770e+03	1.261395e+03	3.700219e-01
2580          	OVC	-1.149827e+03	-1.147247e+03	-3.700151e-01
2581          	warmPlate	1.255770e+03	1.261395e+03	3.700219e-01
2581          	OVC	-1.149827e+03	-1.147247e+03	-3.700151e-01
2582          	warmPlate	1.255770e+03	1.261395e+03	3.700219e-01
2582          	OVC	-1.149827e+03	-1.147247e+03	-3.700151e-01
2583          	warmPlate	1.255770e+03	1.261395e+03	3.700219e-01
2583          	OVC	-1.149827e+03	-1.147247e+03	-3.700151e-01
2584          	warmPlate	1.255770e+03	1.261395e+03	3.700219e-01
2584          	OVC	-1.149827e+03	-1.147247e+03	-3.700151e-01
2585          	warmPlate	1.255770e+03	1.261395e+03	3.700219e-01
2585          	OVC	-1.149827e+03	-1.147247e+03	-3.700151e-01
2586          	warmPlate	1.255770e+03	1.261395e+03	3.700219e-01
2586          	OVC	-1.149827e+03	-1.147247e+03	-3.700151e-01
2587          	warmPlate	1.255770e+03	1.261395e+03	3.700219e-01
2587          	OVC	-1.149827e+03	-1.147247e+03	-3.700151e-01
2588          	warmPlate	1.255770e+03	1.261395e+03	3.700219e-01
2588          	OVC	-1.149827e+03	-1.147247e+03	-3.700151e-01
2589          	warmPlate	1.255770e+03	1.261395e+03	3.700219e-01
2589          	OVC	-1.149827e+03	-1.147247e+03	-3.700151e-01
2590          	warmPlate	1.255770e+03	1.261395e+03	3.700219e-01
2590          	OVC	-1.149827e+03	-1.147247e+03	-3.700151e-01
2591          	warmPlate	1.255770e+03	1.261395e+03	3.700219e-01
2591          	OVC	-1.149827e+03	-1.147247e+03	-3.700151e-01
2592          	warmPlate	1.255770e+03	1.261395e+03	3.700219e-01
2592          	OVC	-1.149827e+03	-1.147247e+03	-3.700151e-01
2593          	warmPlate	1.255770e+03	1.261395e+03	3.700219e-01
2593          	OVC	-1.149827e+03	-1.147247e+03	-3.700151e-01
2594          	warmPlate	1.255770e+03	1.261395e+03	3.700219e-01
2594          	OVC	-1.149827e+03	-1.147247e+03	-3.700151e-01
2595          	warmPlate	1.255770e+03	1.261395e+03	3.700219e-01
2595          	OVC	-1.149827e+03	-1.147247e+03	-3.700151e-01
2596          	warmPlate	1.255770e+03	1.261395e+03	3.700219e-01
2596          	OVC	-1.149827e+03	-1.147247e+03	-3.700151e-01
2597          	warmPlate	1.255770e+03	1.261395e+03	3.700219e-01
2597          	OVC	-1.149827e+03	-1.147247e+03	-3.700151e-01
2598          	warmPlate	1.255770e+03	1.261395e+03	3.700219e-01
2598          	OVC	-1.149827e+03	-1.147247e+03	-3.700151e-01
2599          	warmPlate	1.255770e+03	1.261395e+03	3.700219e-01
2599          	OVC	-1.149827e+03	-1.147247e+03	-3.700151e-01
2600          	warmPlate	1.255770e+03	1.261395e+03	3.700219e-01
2600          	OVC	-1.149827e+03	-1.147247e+03	-3.700151e-01
2601          	warmPlate	1.255770e+03	1.261395e+03	3.700219e-01
2601          	OVC	-1.149827e+03	-1.147247e+03	-3.700151e-01
2602          	warmPlate	1.255770e+03	1.261395e+03	3.700219e-01
2602          	OVC	-1.149827e+03	-1.147247e+03	-3.700151e-01
2603          	warmPlate	1.255770e+03	1.261395e+03	3.700219e-01
2603          	OVC	-1.149827e+03	-1.147247e+03	-3.700151e-01
2604          	warmPlate	1.255770e+03	1.261395e+03	3.700219e-01
2604          	OVC	-1.149827e+03	-1.147247e+03	-3.700151e-01
2605          	warmPlate	1.255770e+03	1.261395e+03	3.700219e-01
2605          	OVC	-1.149827e+03	-1.147247e+03	-3.700151e-01
2606          	warmPlate	1.255770e+03	1.261395e+03	3.700219e-01
2606          	OVC	-1.149827e+03	-1.147247e+03	-3.700151e-01
2607          	warmPlate	1.255770e+03	1.261395e+03	3.700219e-01
2607          	OVC	-1.149827e+03	-1.147247e+03	-3.700151e-01
2608          	warmPlate	1.255770e+03	1.261395e+03	3.700219e-01
2608          	OVC	-1.149827e+03	-1.147247e+03	-3.700151e-01
2609          	warmPlate	1.255770e+03	1.261395e+03	3.700219e-01
2609          	OVC	-1.149827e+03	-1.147247e+03	-3.700151e-01
2610          	warmPlate	1.255770e+03	1.261395e+03	3.700219e-01
2610          	OVC	-1.149827e+03	-1.147247e+03	-3.700151e-01
2611          	warmPlate	1.255770e+03	1.261395e+03	3.700219e-01
2611          	OVC	-1.149827e+03	-1.147247e+03	-3.700151e-01
2612          	warmPlate	1.255770e+03	1.261395e+03	3.700219e-01
2612          	OVC	-1.149827e+03	-1.147247e+03	-3.700151e-01
2613          	warmPlate	1.255770e+03	1.261395e+03	3.700219e-01
2613          	OVC	-1.149827e+03	-1.147247e+03	-3.700151e-01
2614          	warmPlate	1.255770e+03	1.261395e+03	3.700219e-01
2614          	OVC	-1.149827e+03	-1.147247e+03	-3.700151e-01
2615          	warmPlate	1.255770e+03	1.261395e+03	3.700219e-01
2615          	OVC	-1.149827e+03	-1.147247e+03	-3.700151e-01
2616          	warmPlate	1.255770e+03	1.261395e+03	3.700219e-01
2616          	OVC	-1.149827e+03	-1.147247e+03	-3.700151e-01
2617          	warmPlate	1.255770e+03	1.261395e+03	3.700219e-01
2617          	OVC	-1.149827e+03	-1.147247e+03	-3.700151e-01
2618          	warmPlate	1.255770e+03	1.261395e+03	3.700219e-01
2618          	OVC	-1.149827e+03	-1.147247e+03	-3.700151e-01
2619          	warmPlate	1.255770e+03	1.261395e+03	3.700219e-01
2619          	OVC	-1.149827e+03	-1.147247e+03	-3.700151e-01
2620          	warmPlate	1.255770e+03	1.261395e+03	3.700219e-01
2620          	OVC	-1.149827e+03	-1.147247e+03	-3.700151e-01
2621          	warmPlate	1.255770e+03	1.261395e+03	3.700219e-01
2621          	OVC	-1.149827e+03	-1.147247e+03	-3.700151e-01
2622          	warmPlate	1.255770e+03	1.261395e+03	3.700219e-01
2622          	OVC	-1.149827e+03	-1.147247e+03	-3.700151e-01
2623          	warmPlate	1.255770e+03	1.261395e+03	3.700219e-01
2623          	OVC	-1.149827e+03	-1.147247e+03	-3.700151e-01
2624          	warmPlate	1.255770e+03	1.261395e+03	3.700219e-01
2624          	OVC	-1.149827e+03	-1.147247e+03	-3.700151e-01
2625          	warmPlate	1.255770e+03	1.261395e+03	3.700219e-01
2625          	OVC	-1.149827e+03	-1.147247e+03	-3.700151e-01
2626          	warmPlate	1.255770e+03	1.261395e+03	3.700219e-01
2626          	OVC	-1.149827e+03	-1.147247e+03	-3.700151e-01
2627          	warmPlate	1.255770e+03	1.261395e+03	3.700219e-01
2627          	OVC	-1.149827e+03	-1.147247e+03	-3.700151e-01
2628          	warmPlate	1.255770e+03	1.261395e+03	3.700219e-01
2628          	OVC	-1.149827e+03	-1.147247e+03	-3.700151e-01
2629          	warmPlate	1.255770e+03	1.261395e+03	3.700219e-01
2629          	OVC	-1.149827e+03	-1.147247e+03	-3.700151e-01
2630          	warmPlate	1.255770e+03	1.261395e+03	3.700219e-01
2630          	OVC	-1.149827e+03	-1.147247e+03	-3.700151e-01
2631          	warmPlate	1.255770e+03	1.261395e+03	3.700219e-01
2631          	OVC	-1.149827e+03	-1.147247e+03	-3.700151e-01
2632          	warmPlate	1.255770e+03	1.261395e+03	3.700219e-01
2632          	OVC	-1.149827e+03	-1.147247e+03	-3.700151e-01
2633          	warmPlate	1.255770e+03	1.261395e+03	3.700219e-01
2633          	OVC	-1.149827e+03	-1.147247e+03	-3.700151e-01
2634          	warmPlate	1.255770e+03	1.261395e+03	3.700219e-01
2634          	OVC	-1.149827e+03	-1.147247e+03	-3.700151e-01
2635          	warmPlate	1.255770e+03	1.261395e+03	3.700219e-01
2635          	OVC	-1.149827e+03	-1.147247e+03	-3.700151e-01
2636          	warmPlate	1.255770e+03	1.261395e+03	3.700219e-01
2636          	OVC	-1.149827e+03	-1.147247e+03	-3.700151e-01
2637          	warmPlate	1.255770e+03	1.261395e+03	3.700219e-01
2637          	OVC	-1.149827e+03	-1.147247e+03	-3.700151e-01
2638          	warmPlate	1.255770e+03	1.261395e+03	3.700219e-01
2638          	OVC	-1.149827e+03	-1.147247e+03	-3.700151e-01
2639          	warmPlate	1.255770e+03	1.261395e+03	3.700219e-01
2639          	OVC	-1.149827e+03	-1.147247e+03	-3.700151e-01
2640          	warmPlate	1.255770e+03	1.261395e+03	3.700219e-01
2640          	OVC	-1.149827e+03	-1.147247e+03	-3.700151e-01
2641          	warmPlate	1.255770e+03	1.261395e+03	3.700219e-01
2641          	OVC	-1.149827e+03	-1.147247e+03	-3.700151e-01
2642          	warmPlate	1.255770e+03	1.261395e+03	3.700219e-01
2642          	OVC	-1.149827e+03	-1.147247e+03	-3.700151e-01
2643          	warmPlate	1.255770e+03	1.261395e+03	3.700219e-01
2643          	OVC	-1.149827e+03	-1.147247e+03	-3.700151e-01
2644          	warmPlate	1.255770e+03	1.261395e+03	3.700219e-01
2644          	OVC	-1.149827e+03	-1.147247e+03	-3.700151e-01
2645          	warmPlate	1.255770e+03	1.261395e+03	3.700219e-01
2645          	OVC	-1.149827e+03	-1.147247e+03	-3.700151e-01
2646          	warmPlate	1.255770e+03	1.261395e+03	3.700219e-01
2646          	OVC	-1.149827e+03	-1.147247e+03	-3.700151e-01
2647          	warmPlate	1.255770e+03	1.261395e+03	3.700219e-01
2647          	OVC	-1.149827e+03	-1.147247e+03	-3.700151e-01
2648          	warmPlate	1.255770e+03	1.261395e+03	3.700219e-01
2648          	OVC	-1.149827e+03	-1.147247e+03	-3.700151e-01
2649          	warmPlate	1.255770e+03	1.261395e+03	3.700219e-01
2649          	OVC	-1.149827e+03	-1.147247e+03	-3.700151e-01
2650          	warmPlate	1.255770e+03	1.261395e+03	3.700219e-01
2650          	OVC	-1.149827e+03	-1.147247e+03	-3.700151e-01
2651          	warmPlate	1.255770e+03	1.261395e+03	3.700219e-01
2651          	OVC	-1.149827e+03	-1.147247e+03	-3.700151e-01
2652          	warmPlate	1.255770e+03	1.261395e+03	3.700219e-01
2652          	OVC	-1.149827e+03	-1.147247e+03	-3.700151e-01
2653          	warmPlate	1.255770e+03	1.261395e+03	3.700219e-01
2653          	OVC	-1.149827e+03	-1.147247e+03	-3.700151e-01
2654          	warmPlate	1.255770e+03	1.261395e+03	3.700219e-01
2654          	OVC	-1.149827e+03	-1.147247e+03	-3.700151e-01
2655          	warmPlate	1.255770e+03	1.261395e+03	3.700219e-01
2655          	OVC	-1.149827e+03	-1.147247e+03	-3.700151e-01
2656          	warmPlate	1.255770e+03	1.261395e+03	3.700219e-01
2656          	OVC	-1.149827e+03	-1.147247e+03	-3.700151e-01
2657          	warmPlate	1.255770e+03	1.261395e+03	3.700219e-01
2657          	OVC	-1.149827e+03	-1.147247e+03	-3.700151e-01
2658          	warmPlate	1.255770e+03	1.261395e+03	3.700219e-01
2658          	OVC	-1.149827e+03	-1.147247e+03	-3.700151e-01
2659          	warmPlate	1.255770e+03	1.261395e+03	3.700219e-01
2659          	OVC	-1.149827e+03	-1.147247e+03	-3.700151e-01
2660          	warmPlate	1.255770e+03	1.261395e+03	3.700219e-01
2660          	OVC	-1.149827e+03	-1.147247e+03	-3.700151e-01
2661          	warmPlate	1.255770e+03	1.261395e+03	3.700219e-01
2661          	OVC	-1.149827e+03	-1.147247e+03	-3.700151e-01
2662          	warmPlate	1.255770e+03	1.261395e+03	3.700219e-01
2662          	OVC	-1.149827e+03	-1.147247e+03	-3.700151e-01
2663          	warmPlate	1.255770e+03	1.261395e+03	3.700219e-01
2663          	OVC	-1.149827e+03	-1.147247e+03	-3.700151e-01
2664          	warmPlate	1.255770e+03	1.261395e+03	3.700219e-01
2664          	OVC	-1.149827e+03	-1.147247e+03	-3.700151e-01
2665          	warmPlate	1.255770e+03	1.261395e+03	3.700219e-01
2665          	OVC	-1.149827e+03	-1.147247e+03	-3.700151e-01
2666          	warmPlate	1.255770e+03	1.261395e+03	3.700219e-01
2666          	OVC	-1.149827e+03	-1.147247e+03	-3.700151e-01
2667          	warmPlate	1.255770e+03	1.261395e+03	3.700219e-01
2667          	OVC	-1.149827e+03	-1.147247e+03	-3.700151e-01
2668          	warmPlate	1.255770e+03	1.261395e+03	3.700219e-01
2668          	OVC	-1.149827e+03	-1.147247e+03	-3.700151e-01
2669          	warmPlate	1.255770e+03	1.261395e+03	3.700219e-01
2669          	OVC	-1.149827e+03	-1.147247e+03	-3.700151e-01
2670          	warmPlate	1.255770e+03	1.261395e+03	3.700219e-01
2670          	OVC	-1.149827e+03	-1.147247e+03	-3.700151e-01
2671          	warmPlate	1.255770e+03	1.261395e+03	3.700219e-01
2671          	OVC	-1.149827e+03	-1.147247e+03	-3.700151e-01
2672          	warmPlate	1.255770e+03	1.261395e+03	3.700219e-01
2672          	OVC	-1.149827e+03	-1.147247e+03	-3.700151e-01
2673          	warmPlate	1.255770e+03	1.261395e+03	3.700219e-01
2673          	OVC	-1.149827e+03	-1.147247e+03	-3.700151e-01
2674          	warmPlate	1.255770e+03	1.261395e+03	3.700219e-01
2674          	OVC	-1.149827e+03	-1.147247e+03	-3.700151e-01
2675          	warmPlate	1.255770e+03	1.261395e+03	3.700219e-01
2675          	OVC	-1.149827e+03	-1.147247e+03	-3.700151e-01
2676          	warmPlate	1.255770e+03	1.261395e+03	3.700219e-01
2676          	OVC	-1.149827e+03	-1.147247e+03	-3.700151e-01
2677          	warmPlate	1.255770e+03	1.261395e+03	3.700219e-01
2677          	OVC	-1.149827e+03	-1.147247e+03	-3.700151e-01
2678          	warmPlate	1.255770e+03	1.261395e+03	3.700219e-01
2678          	OVC	-1.149827e+03	-1.147247e+03	-3.700151e-01
2679          	warmPlate	1.255770e+03	1.261395e+03	3.700219e-01
2679          	OVC	-1.149827e+03	-1.147247e+03	-3.700151e-01
2680          	warmPlate	1.255770e+03	1.261395e+03	3.700219e-01
2680          	OVC	-1.149827e+03	-1.147247e+03	-3.700151e-01
2681          	warmPlate	1.255770e+03	1.261395e+03	3.700219e-01
2681          	OVC	-1.149827e+03	-1.147247e+03	-3.700151e-01
2682          	warmPlate	1.255770e+03	1.261395e+03	3.700219e-01
2682          	OVC	-1.149827e+03	-1.147247e+03	-3.700151e-01
2683          	warmPlate	1.255770e+03	1.261395e+03	3.700219e-01
2683          	OVC	-1.149827e+03	-1.147247e+03	-3.700151e-01
2684          	warmPlate	1.255770e+03	1.261395e+03	3.700219e-01
2684          	OVC	-1.149827e+03	-1.147247e+03	-3.700151e-01
2685          	warmPlate	1.255770e+03	1.261395e+03	3.700219e-01
2685          	OVC	-1.149827e+03	-1.147247e+03	-3.700151e-01
2686          	warmPlate	1.255770e+03	1.261395e+03	3.700219e-01
2686          	OVC	-1.149827e+03	-1.147247e+03	-3.700151e-01
2687          	warmPlate	1.255770e+03	1.261395e+03	3.700219e-01
2687          	OVC	-1.149827e+03	-1.147247e+03	-3.700151e-01
2688          	warmPlate	1.255770e+03	1.261395e+03	3.700219e-01
2688          	OVC	-1.149827e+03	-1.147247e+03	-3.700151e-01
2689          	warmPlate	1.255770e+03	1.261395e+03	3.700219e-01
2689          	OVC	-1.149827e+03	-1.147247e+03	-3.700151e-01
2690          	warmPlate	1.255770e+03	1.261395e+03	3.700219e-01
2690          	OVC	-1.149827e+03	-1.147247e+03	-3.700151e-01
2691          	warmPlate	1.255770e+03	1.261395e+03	3.700219e-01
2691          	OVC	-1.149827e+03	-1.147247e+03	-3.700151e-01
2692          	warmPlate	1.255770e+03	1.261395e+03	3.700219e-01
2692          	OVC	-1.149827e+03	-1.147247e+03	-3.700151e-01
2693          	warmPlate	1.255770e+03	1.261395e+03	3.700219e-01
2693          	OVC	-1.149827e+03	-1.147247e+03	-3.700151e-01
2694          	warmPlate	1.255770e+03	1.261395e+03	3.700219e-01
2694          	OVC	-1.149827e+03	-1.147247e+03	-3.700151e-01
2695          	warmPlate	1.255770e+03	1.261395e+03	3.700219e-01
2695          	OVC	-1.149827e+03	-1.147247e+03	-3.700151e-01
2696          	warmPlate	1.255770e+03	1.261395e+03	3.700219e-01
2696          	OVC	-1.149827e+03	-1.147247e+03	-3.700151e-01
2697          	warmPlate	1.255770e+03	1.261395e+03	3.700219e-01
2697          	OVC	-1.149827e+03	-1.147247e+03	-3.700151e-01
2698          	warmPlate	1.255770e+03	1.261395e+03	3.700219e-01
2698          	OVC	-1.149827e+03	-1.147247e+03	-3.700151e-01
2699          	warmPlate	1.255770e+03	1.261395e+03	3.700219e-01
2699          	OVC	-1.149827e+03	-1.147247e+03	-3.700151e-01
2700          	warmPlate	1.255770e+03	1.261395e+03	3.700219e-01
2700          	OVC	-1.149827e+03	-1.147247e+03	-3.700151e-01
2701          	warmPlate	1.255770e+03	1.261395e+03	3.700219e-01
2701          	OVC	-1.149827e+03	-1.147247e+03	-3.700151e-01
2702          	warmPlate	1.255770e+03	1.261395e+03	3.700219e-01
2702          	OVC	-1.149827e+03	-1.147247e+03	-3.700151e-01
2703          	warmPlate	1.255770e+03	1.261395e+03	3.700219e-01
2703          	OVC	-1.149827e+03	-1.147247e+03	-3.700151e-01
2704          	warmPlate	1.255770e+03	1.261395e+03	3.700219e-01
2704          	OVC	-1.149827e+03	-1.147247e+03	-3.700151e-01
2705          	warmPlate	1.255770e+03	1.261395e+03	3.700219e-01
2705          	OVC	-1.149827e+03	-1.147247e+03	-3.700151e-01
2706          	warmPlate	1.255770e+03	1.261395e+03	3.700219e-01
2706          	OVC	-1.149827e+03	-1.147247e+03	-3.700151e-01
2707          	warmPlate	1.255770e+03	1.261395e+03	3.700219e-01
2707          	OVC	-1.149827e+03	-1.147247e+03	-3.700151e-01
2708          	warmPlate	1.255770e+03	1.261395e+03	3.700219e-01
2708          	OVC	-1.149827e+03	-1.147247e+03	-3.700151e-01
2709          	warmPlate	1.255770e+03	1.261395e+03	3.700219e-01
2709          	OVC	-1.149827e+03	-1.147247e+03	-3.700151e-01
2710          	warmPlate	1.255770e+03	1.261395e+03	3.700219e-01
2710          	OVC	-1.149827e+03	-1.147247e+03	-3.700151e-01
2711          	warmPlate	1.255770e+03	1.261395e+03	3.700219e-01
2711          	OVC	-1.149827e+03	-1.147247e+03	-3.700151e-01
2712          	warmPlate	1.255770e+03	1.261395e+03	3.700219e-01
2712          	OVC	-1.149827e+03	-1.147247e+03	-3.700151e-01
2713          	warmPlate	1.255770e+03	1.261395e+03	3.700219e-01
2713          	OVC	-1.149827e+03	-1.147247e+03	-3.700151e-01
2714          	warmPlate	1.255770e+03	1.261395e+03	3.700219e-01
2714          	OVC	-1.149827e+03	-1.147247e+03	-3.700151e-01
2715          	warmPlate	1.255770e+03	1.261395e+03	3.700219e-01
2715          	OVC	-1.149827e+03	-1.147247e+03	-3.700151e-01
2716          	warmPlate	1.255770e+03	1.261395e+03	3.700219e-01
2716          	OVC	-1.149827e+03	-1.147247e+03	-3.700151e-01
2717          	warmPlate	1.255770e+03	1.261395e+03	3.700219e-01
2717          	OVC	-1.149827e+03	-1.147247e+03	-3.700151e-01
2718          	warmPlate	1.255770e+03	1.261395e+03	3.700219e-01
2718          	OVC	-1.149827e+03	-1.147247e+03	-3.700151e-01
2719          	warmPlate	1.255770e+03	1.261395e+03	3.700219e-01
2719          	OVC	-1.149827e+03	-1.147247e+03	-3.700151e-01
2720          	warmPlate	1.255770e+03	1.261395e+03	3.700219e-01
2720          	OVC	-1.149827e+03	-1.147247e+03	-3.700151e-01
2721          	warmPlate	1.255770e+03	1.261395e+03	3.700219e-01
2721          	OVC	-1.149827e+03	-1.147247e+03	-3.700151e-01
2722          	warmPlate	1.255770e+03	1.261395e+03	3.700219e-01
2722          	OVC	-1.149827e+03	-1.147247e+03	-3.700151e-01
2723          	warmPlate	1.255770e+03	1.261395e+03	3.700219e-01
2723          	OVC	-1.149827e+03	-1.147247e+03	-3.700151e-01
2724          	warmPlate	1.255770e+03	1.261395e+03	3.700219e-01
2724          	OVC	-1.149827e+03	-1.147247e+03	-3.700151e-01
2725          	warmPlate	1.255770e+03	1.261395e+03	3.700219e-01
2725          	OVC	-1.149827e+03	-1.147247e+03	-3.700151e-01
2726          	warmPlate	1.255770e+03	1.261395e+03	3.700219e-01
2726          	OVC	-1.149827e+03	-1.147247e+03	-3.700151e-01
2727          	warmPlate	1.255770e+03	1.261395e+03	3.700219e-01
2727          	OVC	-1.149827e+03	-1.147247e+03	-3.700151e-01
2728          	warmPlate	1.255770e+03	1.261395e+03	3.700219e-01
2728          	OVC	-1.149827e+03	-1.147247e+03	-3.700151e-01
2729          	warmPlate	1.255770e+03	1.261395e+03	3.700219e-01
2729          	OVC	-1.149827e+03	-1.147247e+03	-3.700151e-01
2730          	warmPlate	1.255770e+03	1.261395e+03	3.700219e-01
2730          	OVC	-1.149827e+03	-1.147247e+03	-3.700151e-01
2731          	warmPlate	1.255770e+03	1.261395e+03	3.700219e-01
2731          	OVC	-1.149827e+03	-1.147247e+03	-3.700151e-01
2732          	warmPlate	1.255770e+03	1.261395e+03	3.700219e-01
2732          	OVC	-1.149827e+03	-1.147247e+03	-3.700151e-01
2733          	warmPlate	1.255770e+03	1.261395e+03	3.700219e-01
2733          	OVC	-1.149827e+03	-1.147247e+03	-3.700151e-01
2734          	warmPlate	1.255770e+03	1.261395e+03	3.700219e-01
2734          	OVC	-1.149827e+03	-1.147247e+03	-3.700151e-01
2735          	warmPlate	1.255770e+03	1.261395e+03	3.700219e-01
2735          	OVC	-1.149827e+03	-1.147247e+03	-3.700151e-01
2736          	warmPlate	1.255770e+03	1.261395e+03	3.700219e-01
2736          	OVC	-1.149827e+03	-1.147247e+03	-3.700151e-01
2737          	warmPlate	1.255770e+03	1.261395e+03	3.700219e-01
2737          	OVC	-1.149827e+03	-1.147247e+03	-3.700151e-01
2738          	warmPlate	1.255770e+03	1.261395e+03	3.700219e-01
2738          	OVC	-1.149827e+03	-1.147247e+03	-3.700151e-01
2739          	warmPlate	1.255770e+03	1.261395e+03	3.700219e-01
2739          	OVC	-1.149827e+03	-1.147247e+03	-3.700151e-01
2740          	warmPlate	1.255770e+03	1.261395e+03	3.700219e-01
2740          	OVC	-1.149827e+03	-1.147247e+03	-3.700151e-01
2741          	warmPlate	1.255770e+03	1.261395e+03	3.700219e-01
2741          	OVC	-1.149827e+03	-1.147247e+03	-3.700151e-01
2742          	warmPlate	1.255770e+03	1.261395e+03	3.700219e-01
2742          	OVC	-1.149827e+03	-1.147247e+03	-3.700151e-01
2743          	warmPlate	1.255770e+03	1.261395e+03	3.700219e-01
2743          	OVC	-1.149827e+03	-1.147247e+03	-3.700151e-01
2744          	warmPlate	1.255770e+03	1.261395e+03	3.700219e-01
2744          	OVC	-1.149827e+03	-1.147247e+03	-3.700151e-01
2745          	warmPlate	1.255770e+03	1.261395e+03	3.700219e-01
2745          	OVC	-1.149827e+03	-1.147247e+03	-3.700151e-01
2746          	warmPlate	1.255770e+03	1.261395e+03	3.700219e-01
2746          	OVC	-1.149827e+03	-1.147247e+03	-3.700151e-01
2747          	warmPlate	1.255770e+03	1.261395e+03	3.700219e-01
2747          	OVC	-1.149827e+03	-1.147247e+03	-3.700151e-01
2748          	warmPlate	1.255770e+03	1.261395e+03	3.700219e-01
2748          	OVC	-1.149827e+03	-1.147247e+03	-3.700151e-01
2749          	warmPlate	1.255770e+03	1.261395e+03	3.700219e-01
2749          	OVC	-1.149827e+03	-1.147247e+03	-3.700151e-01
2750          	warmPlate	1.255770e+03	1.261395e+03	3.700219e-01
2750          	OVC	-1.149827e+03	-1.147247e+03	-3.700151e-01
2751          	warmPlate	1.255770e+03	1.261395e+03	3.700219e-01
2751          	OVC	-1.149827e+03	-1.147247e+03	-3.700151e-01
2752          	warmPlate	1.255770e+03	1.261395e+03	3.700219e-01
2752          	OVC	-1.149827e+03	-1.147247e+03	-3.700151e-01
2753          	warmPlate	1.255770e+03	1.261395e+03	3.700219e-01
2753          	OVC	-1.149827e+03	-1.147247e+03	-3.700151e-01
2754          	warmPlate	1.255770e+03	1.261395e+03	3.700219e-01
2754          	OVC	-1.149827e+03	-1.147247e+03	-3.700151e-01
2755          	warmPlate	1.255770e+03	1.261395e+03	3.700219e-01
2755          	OVC	-1.149827e+03	-1.147247e+03	-3.700151e-01
2756          	warmPlate	1.255770e+03	1.261395e+03	3.700219e-01
2756          	OVC	-1.149827e+03	-1.147247e+03	-3.700151e-01
2757          	warmPlate	1.255770e+03	1.261395e+03	3.700219e-01
2757          	OVC	-1.149827e+03	-1.147247e+03	-3.700151e-01
2758          	warmPlate	1.255770e+03	1.261395e+03	3.700219e-01
2758          	OVC	-1.149827e+03	-1.147247e+03	-3.700151e-01
2759          	warmPlate	1.255770e+03	1.261395e+03	3.700219e-01
2759          	OVC	-1.149827e+03	-1.147247e+03	-3.700151e-01
2760          	warmPlate	1.255770e+03	1.261395e+03	3.700219e-01
2760          	OVC	-1.149827e+03	-1.147247e+03	-3.700151e-01
2761          	warmPlate	1.255770e+03	1.261395e+03	3.700219e-01
2761          	OVC	-1.149827e+03	-1.147247e+03	-3.700151e-01
2762          	warmPlate	1.255770e+03	1.261395e+03	3.700219e-01
2762          	OVC	-1.149827e+03	-1.147247e+03	-3.700151e-01
2763          	warmPlate	1.255770e+03	1.261395e+03	3.700219e-01
2763          	OVC	-1.149827e+03	-1.147247e+03	-3.700151e-01
2764          	warmPlate	1.255770e+03	1.261395e+03	3.700219e-01
2764          	OVC	-1.149827e+03	-1.147247e+03	-3.700151e-01
2765          	warmPlate	1.255770e+03	1.261395e+03	3.700219e-01
2765          	OVC	-1.149827e+03	-1.147247e+03	-3.700151e-01
2766          	warmPlate	1.255770e+03	1.261395e+03	3.700219e-01
2766          	OVC	-1.149827e+03	-1.147247e+03	-3.700151e-01
2767          	warmPlate	1.255770e+03	1.261395e+03	3.700219e-01
2767          	OVC	-1.149827e+03	-1.147247e+03	-3.700151e-01
2768          	warmPlate	1.255770e+03	1.261395e+03	3.700219e-01
2768          	OVC	-1.149827e+03	-1.147247e+03	-3.700151e-01
2769          	warmPlate	1.255770e+03	1.261395e+03	3.700219e-01
2769          	OVC	-1.149827e+03	-1.147247e+03	-3.700151e-01
2770          	warmPlate	1.255770e+03	1.261395e+03	3.700219e-01
2770          	OVC	-1.149827e+03	-1.147247e+03	-3.700151e-01
2771          	warmPlate	1.255770e+03	1.261395e+03	3.700219e-01
2771          	OVC	-1.149827e+03	-1.147247e+03	-3.700151e-01
2772          	warmPlate	1.255770e+03	1.261395e+03	3.700219e-01
2772          	OVC	-1.149827e+03	-1.147247e+03	-3.700151e-01
2773          	warmPlate	1.255770e+03	1.261395e+03	3.700219e-01
2773          	OVC	-1.149827e+03	-1.147247e+03	-3.700151e-01
2774          	warmPlate	1.255770e+03	1.261395e+03	3.700219e-01
2774          	OVC	-1.149827e+03	-1.147247e+03	-3.700151e-01
2775          	warmPlate	1.255770e+03	1.261395e+03	3.700219e-01
2775          	OVC	-1.149827e+03	-1.147247e+03	-3.700151e-01
2776          	warmPlate	1.255770e+03	1.261395e+03	3.700219e-01
2776          	OVC	-1.149827e+03	-1.147247e+03	-3.700151e-01
2777          	warmPlate	1.255770e+03	1.261395e+03	3.700219e-01
2777          	OVC	-1.149827e+03	-1.147247e+03	-3.700151e-01
2778          	warmPlate	1.255770e+03	1.261395e+03	3.700219e-01
2778          	OVC	-1.149827e+03	-1.147247e+03	-3.700151e-01
2779          	warmPlate	1.255770e+03	1.261395e+03	3.700219e-01
2779          	OVC	-1.149827e+03	-1.147247e+03	-3.700151e-01
2780          	warmPlate	1.255770e+03	1.261395e+03	3.700219e-01
2780          	OVC	-1.149827e+03	-1.147247e+03	-3.700151e-01
2781          	warmPlate	1.255770e+03	1.261395e+03	3.700219e-01
2781          	OVC	-1.149827e+03	-1.147247e+03	-3.700151e-01
2782          	warmPlate	1.255770e+03	1.261395e+03	3.700219e-01
2782          	OVC	-1.149827e+03	-1.147247e+03	-3.700151e-01
2783          	warmPlate	1.255770e+03	1.261395e+03	3.700219e-01
2783          	OVC	-1.149827e+03	-1.147247e+03	-3.700151e-01
2784          	warmPlate	1.255770e+03	1.261395e+03	3.700219e-01
2784          	OVC	-1.149827e+03	-1.147247e+03	-3.700151e-01
2785          	warmPlate	1.255770e+03	1.261395e+03	3.700219e-01
2785          	OVC	-1.149827e+03	-1.147247e+03	-3.700151e-01
2786          	warmPlate	1.255770e+03	1.261395e+03	3.700219e-01
2786          	OVC	-1.149827e+03	-1.147247e+03	-3.700151e-01
2787          	warmPlate	1.255770e+03	1.261395e+03	3.700219e-01
2787          	OVC	-1.149827e+03	-1.147247e+03	-3.700151e-01
2788          	warmPlate	1.255770e+03	1.261395e+03	3.700219e-01
2788          	OVC	-1.149827e+03	-1.147247e+03	-3.700151e-01
2789          	warmPlate	1.255770e+03	1.261395e+03	3.700219e-01
2789          	OVC	-1.149827e+03	-1.147247e+03	-3.700151e-01
2790          	warmPlate	1.255770e+03	1.261395e+03	3.700219e-01
2790          	OVC	-1.149827e+03	-1.147247e+03	-3.700151e-01
2791          	warmPlate	1.255770e+03	1.261395e+03	3.700219e-01
2791          	OVC	-1.149827e+03	-1.147247e+03	-3.700151e-01
2792          	warmPlate	1.255770e+03	1.261395e+03	3.700219e-01
2792          	OVC	-1.149827e+03	-1.147247e+03	-3.700151e-01
2793          	warmPlate	1.255770e+03	1.261395e+03	3.700219e-01
2793          	OVC	-1.149827e+03	-1.147247e+03	-3.700151e-01
2794          	warmPlate	1.255770e+03	1.261395e+03	3.700219e-01
2794          	OVC	-1.149827e+03	-1.147247e+03	-3.700151e-01
2795          	warmPlate	1.255770e+03	1.261395e+03	3.700219e-01
2795          	OVC	-1.149827e+03	-1.147247e+03	-3.700151e-01
2796          	warmPlate	1.255770e+03	1.261395e+03	3.700219e-01
2796          	OVC	-1.149827e+03	-1.147247e+03	-3.700151e-01
2797          	warmPlate	1.255770e+03	1.261395e+03	3.700219e-01
2797          	OVC	-1.149827e+03	-1.147247e+03	-3.700151e-01
2798          	warmPlate	1.255770e+03	1.261395e+03	3.700219e-01
2798          	OVC	-1.149827e+03	-1.147247e+03	-3.700151e-01
2799          	warmPlate	1.255770e+03	1.261395e+03	3.700219e-01
2799          	OVC	-1.149827e+03	-1.147247e+03	-3.700151e-01
2800          	warmPlate	1.255770e+03	1.261395e+03	3.700219e-01
2800          	OVC	-1.149827e+03	-1.147247e+03	-3.700151e-01
2801          	warmPlate	1.255770e+03	1.261395e+03	3.700219e-01
2801          	OVC	-1.149827e+03	-1.147247e+03	-3.700151e-01
2802          	warmPlate	1.255770e+03	1.261395e+03	3.700219e-01
2802          	OVC	-1.149827e+03	-1.147247e+03	-3.700151e-01
2803          	warmPlate	1.255770e+03	1.261395e+03	3.700219e-01
2803          	OVC	-1.149827e+03	-1.147247e+03	-3.700151e-01
2804          	warmPlate	1.255770e+03	1.261395e+03	3.700219e-01
2804          	OVC	-1.149827e+03	-1.147247e+03	-3.700151e-01
2805          	warmPlate	1.255770e+03	1.261395e+03	3.700219e-01
2805          	OVC	-1.149827e+03	-1.147247e+03	-3.700151e-01
2806          	warmPlate	1.255770e+03	1.261395e+03	3.700219e-01
2806          	OVC	-1.149827e+03	-1.147247e+03	-3.700151e-01
2807          	warmPlate	1.255770e+03	1.261395e+03	3.700219e-01
2807          	OVC	-1.149827e+03	-1.147247e+03	-3.700151e-01
2808          	warmPlate	1.255770e+03	1.261395e+03	3.700219e-01
2808          	OVC	-1.149827e+03	-1.147247e+03	-3.700151e-01
2809          	warmPlate	1.255770e+03	1.261395e+03	3.700219e-01
2809          	OVC	-1.149827e+03	-1.147247e+03	-3.700151e-01
2810          	warmPlate	1.255770e+03	1.261395e+03	3.700219e-01
2810          	OVC	-1.149827e+03	-1.147247e+03	-3.700151e-01
2811          	warmPlate	1.255770e+03	1.261395e+03	3.700219e-01
2811          	OVC	-1.149827e+03	-1.147247e+03	-3.700151e-01
2812          	warmPlate	1.255770e+03	1.261395e+03	3.700219e-01
2812          	OVC	-1.149827e+03	-1.147247e+03	-3.700151e-01
2813          	warmPlate	1.255770e+03	1.261395e+03	3.700219e-01
2813          	OVC	-1.149827e+03	-1.147247e+03	-3.700151e-01
2814          	warmPlate	1.255770e+03	1.261395e+03	3.700219e-01
2814          	OVC	-1.149827e+03	-1.147247e+03	-3.700151e-01
2815          	warmPlate	1.255770e+03	1.261395e+03	3.700219e-01
2815          	OVC	-1.149827e+03	-1.147247e+03	-3.700151e-01
2816          	warmPlate	1.255770e+03	1.261395e+03	3.700219e-01
2816          	OVC	-1.149827e+03	-1.147247e+03	-3.700151e-01
2817          	warmPlate	1.255770e+03	1.261395e+03	3.700219e-01
2817          	OVC	-1.149827e+03	-1.147247e+03	-3.700151e-01
2818          	warmPlate	1.255770e+03	1.261395e+03	3.700219e-01
2818          	OVC	-1.149827e+03	-1.147247e+03	-3.700151e-01
2819          	warmPlate	1.255770e+03	1.261395e+03	3.700219e-01
2819          	OVC	-1.149827e+03	-1.147247e+03	-3.700151e-01
2820          	warmPlate	1.255770e+03	1.261395e+03	3.700219e-01
2820          	OVC	-1.149827e+03	-1.147247e+03	-3.700151e-01
2821          	warmPlate	1.255770e+03	1.261395e+03	3.700219e-01
2821          	OVC	-1.149827e+03	-1.147247e+03	-3.700151e-01
2822          	warmPlate	1.255770e+03	1.261395e+03	3.700219e-01
2822          	OVC	-1.149827e+03	-1.147247e+03	-3.700151e-01
2823          	warmPlate	1.255770e+03	1.261395e+03	3.700219e-01
2823          	OVC	-1.149827e+03	-1.147247e+03	-3.700151e-01
2824          	warmPlate	1.255770e+03	1.261395e+03	3.700219e-01
2824          	OVC	-1.149827e+03	-1.147247e+03	-3.700151e-01
2825          	warmPlate	1.255770e+03	1.261395e+03	3.700219e-01
2825          	OVC	-1.149827e+03	-1.147247e+03	-3.700151e-01
2826          	warmPlate	1.255770e+03	1.261395e+03	3.700219e-01
2826          	OVC	-1.149827e+03	-1.147247e+03	-3.700151e-01
2827          	warmPlate	1.255770e+03	1.261395e+03	3.700219e-01
2827          	OVC	-1.149827e+03	-1.147247e+03	-3.700151e-01
2828          	warmPlate	1.255770e+03	1.261395e+03	3.700219e-01
2828          	OVC	-1.149827e+03	-1.147247e+03	-3.700151e-01
2829          	warmPlate	1.255770e+03	1.261395e+03	3.700219e-01
2829          	OVC	-1.149827e+03	-1.147247e+03	-3.700151e-01
2830          	warmPlate	1.255770e+03	1.261395e+03	3.700219e-01
2830          	OVC	-1.149827e+03	-1.147247e+03	-3.700151e-01
2831          	warmPlate	1.255770e+03	1.261395e+03	3.700219e-01
2831          	OVC	-1.149827e+03	-1.147247e+03	-3.700151e-01
2832          	warmPlate	1.255770e+03	1.261395e+03	3.700219e-01
2832          	OVC	-1.149827e+03	-1.147247e+03	-3.700151e-01
2833          	warmPlate	1.255770e+03	1.261395e+03	3.700219e-01
2833          	OVC	-1.149827e+03	-1.147247e+03	-3.700151e-01
2834          	warmPlate	1.255770e+03	1.261395e+03	3.700219e-01
2834          	OVC	-1.149827e+03	-1.147247e+03	-3.700151e-01
2835          	warmPlate	1.255770e+03	1.261395e+03	3.700219e-01
2835          	OVC	-1.149827e+03	-1.147247e+03	-3.700151e-01
2836          	warmPlate	1.255770e+03	1.261395e+03	3.700219e-01
2836          	OVC	-1.149827e+03	-1.147247e+03	-3.700151e-01
2837          	warmPlate	1.255770e+03	1.261395e+03	3.700219e-01
2837          	OVC	-1.149827e+03	-1.147247e+03	-3.700151e-01
2838          	warmPlate	1.255770e+03	1.261395e+03	3.700219e-01
2838          	OVC	-1.149827e+03	-1.147247e+03	-3.700151e-01
2839          	warmPlate	1.255770e+03	1.261395e+03	3.700219e-01
2839          	OVC	-1.149827e+03	-1.147247e+03	-3.700151e-01
2840          	warmPlate	1.255770e+03	1.261395e+03	3.700219e-01
2840          	OVC	-1.149827e+03	-1.147247e+03	-3.700151e-01
2841          	warmPlate	1.255770e+03	1.261395e+03	3.700219e-01
2841          	OVC	-1.149827e+03	-1.147247e+03	-3.700151e-01
2842          	warmPlate	1.255770e+03	1.261395e+03	3.700219e-01
2842          	OVC	-1.149827e+03	-1.147247e+03	-3.700151e-01
2843          	warmPlate	1.255770e+03	1.261395e+03	3.700219e-01
2843          	OVC	-1.149827e+03	-1.147247e+03	-3.700151e-01
2844          	warmPlate	1.255770e+03	1.261395e+03	3.700219e-01
2844          	OVC	-1.149827e+03	-1.147247e+03	-3.700151e-01
2845          	warmPlate	1.255770e+03	1.261395e+03	3.700219e-01
2845          	OVC	-1.149827e+03	-1.147247e+03	-3.700151e-01
2846          	warmPlate	1.255770e+03	1.261395e+03	3.700219e-01
2846          	OVC	-1.149827e+03	-1.147247e+03	-3.700151e-01
2847          	warmPlate	1.255770e+03	1.261395e+03	3.700219e-01
2847          	OVC	-1.149827e+03	-1.147247e+03	-3.700151e-01
2848          	warmPlate	1.255770e+03	1.261395e+03	3.700219e-01
2848          	OVC	-1.149827e+03	-1.147247e+03	-3.700151e-01
2849          	warmPlate	1.255770e+03	1.261395e+03	3.700219e-01
2849          	OVC	-1.149827e+03	-1.147247e+03	-3.700151e-01
2850          	warmPlate	1.255770e+03	1.261395e+03	3.700219e-01
2850          	OVC	-1.149827e+03	-1.147247e+03	-3.700151e-01
2851          	warmPlate	1.255770e+03	1.261395e+03	3.700219e-01
2851          	OVC	-1.149827e+03	-1.147247e+03	-3.700151e-01
2852          	warmPlate	1.255770e+03	1.261395e+03	3.700219e-01
2852          	OVC	-1.149827e+03	-1.147247e+03	-3.700151e-01
2853          	warmPlate	1.255770e+03	1.261395e+03	3.700219e-01
2853          	OVC	-1.149827e+03	-1.147247e+03	-3.700151e-01
2854          	warmPlate	1.255770e+03	1.261395e+03	3.700219e-01
2854          	OVC	-1.149827e+03	-1.147247e+03	-3.700151e-01
2855          	warmPlate	1.255770e+03	1.261395e+03	3.700219e-01
2855          	OVC	-1.149827e+03	-1.147247e+03	-3.700151e-01
2856          	warmPlate	1.255770e+03	1.261395e+03	3.700219e-01
2856          	OVC	-1.149827e+03	-1.147247e+03	-3.700151e-01
2857          	warmPlate	1.255770e+03	1.261395e+03	3.700219e-01
2857          	OVC	-1.149827e+03	-1.147247e+03	-3.700151e-01
2858          	warmPlate	1.255770e+03	1.261395e+03	3.700219e-01
2858          	OVC	-1.149827e+03	-1.147247e+03	-3.700151e-01
2859          	warmPlate	1.255770e+03	1.261395e+03	3.700219e-01
2859          	OVC	-1.149827e+03	-1.147247e+03	-3.700151e-01
2860          	warmPlate	1.255770e+03	1.261395e+03	3.700219e-01
2860          	OVC	-1.149827e+03	-1.147247e+03	-3.700151e-01
2861          	warmPlate	1.255770e+03	1.261395e+03	3.700219e-01
2861          	OVC	-1.149827e+03	-1.147247e+03	-3.700151e-01
2862          	warmPlate	1.255770e+03	1.261395e+03	3.700219e-01
2862          	OVC	-1.149827e+03	-1.147247e+03	-3.700151e-01
2863          	warmPlate	1.255770e+03	1.261395e+03	3.700219e-01
2863          	OVC	-1.149827e+03	-1.147247e+03	-3.700151e-01
2864          	warmPlate	1.255770e+03	1.261395e+03	3.700219e-01
2864          	OVC	-1.149827e+03	-1.147247e+03	-3.700151e-01
2865          	warmPlate	1.255770e+03	1.261395e+03	3.700219e-01
2865          	OVC	-1.149827e+03	-1.147247e+03	-3.700151e-01
2866          	warmPlate	1.255770e+03	1.261395e+03	3.700219e-01
2866          	OVC	-1.149827e+03	-1.147247e+03	-3.700151e-01
2867          	warmPlate	1.255770e+03	1.261395e+03	3.700219e-01
2867          	OVC	-1.149827e+03	-1.147247e+03	-3.700151e-01
2868          	warmPlate	1.255770e+03	1.261395e+03	3.700219e-01
2868          	OVC	-1.149827e+03	-1.147247e+03	-3.700151e-01
2869          	warmPlate	1.255770e+03	1.261395e+03	3.700219e-01
2869          	OVC	-1.149827e+03	-1.147247e+03	-3.700151e-01
2870          	warmPlate	1.255770e+03	1.261395e+03	3.700219e-01
2870          	OVC	-1.149827e+03	-1.147247e+03	-3.700151e-01
2871          	warmPlate	1.255770e+03	1.261395e+03	3.700219e-01
2871          	OVC	-1.149827e+03	-1.147247e+03	-3.700151e-01
2872          	warmPlate	1.255770e+03	1.261395e+03	3.700219e-01
2872          	OVC	-1.149827e+03	-1.147247e+03	-3.700151e-01
2873          	warmPlate	1.255770e+03	1.261395e+03	3.700219e-01
2873          	OVC	-1.149827e+03	-1.147247e+03	-3.700151e-01
2874          	warmPlate	1.255770e+03	1.261395e+03	3.700219e-01
2874          	OVC	-1.149827e+03	-1.147247e+03	-3.700151e-01
2875          	warmPlate	1.255770e+03	1.261395e+03	3.700219e-01
2875          	OVC	-1.149827e+03	-1.147247e+03	-3.700151e-01
2876          	warmPlate	1.255770e+03	1.261395e+03	3.700219e-01
2876          	OVC	-1.149827e+03	-1.147247e+03	-3.700151e-01
2877          	warmPlate	1.255770e+03	1.261395e+03	3.700219e-01
2877          	OVC	-1.149827e+03	-1.147247e+03	-3.700151e-01
2878          	warmPlate	1.255770e+03	1.261395e+03	3.700219e-01
2878          	OVC	-1.149827e+03	-1.147247e+03	-3.700151e-01
2879          	warmPlate	1.255770e+03	1.261395e+03	3.700219e-01
2879          	OVC	-1.149827e+03	-1.147247e+03	-3.700151e-01
2880          	warmPlate	1.255770e+03	1.261395e+03	3.700219e-01
2880          	OVC	-1.149827e+03	-1.147247e+03	-3.700151e-01
2881          	warmPlate	1.255770e+03	1.261395e+03	3.700219e-01
2881          	OVC	-1.149827e+03	-1.147247e+03	-3.700151e-01
2882          	warmPlate	1.255770e+03	1.261395e+03	3.700219e-01
2882          	OVC	-1.149827e+03	-1.147247e+03	-3.700151e-01
2883          	warmPlate	1.255770e+03	1.261395e+03	3.700219e-01
2883          	OVC	-1.149827e+03	-1.147247e+03	-3.700151e-01
2884          	warmPlate	1.255770e+03	1.261395e+03	3.700219e-01
2884          	OVC	-1.149827e+03	-1.147247e+03	-3.700151e-01
2885          	warmPlate	1.255770e+03	1.261395e+03	3.700219e-01
2885          	OVC	-1.149827e+03	-1.147247e+03	-3.700151e-01
2886          	warmPlate	1.255770e+03	1.261395e+03	3.700219e-01
2886          	OVC	-1.149827e+03	-1.147247e+03	-3.700151e-01
2887          	warmPlate	1.255770e+03	1.261395e+03	3.700219e-01
2887          	OVC	-1.149827e+03	-1.147247e+03	-3.700151e-01
2888          	warmPlate	1.255770e+03	1.261395e+03	3.700219e-01
2888          	OVC	-1.149827e+03	-1.147247e+03	-3.700151e-01
2889          	warmPlate	1.255770e+03	1.261395e+03	3.700219e-01
2889          	OVC	-1.149827e+03	-1.147247e+03	-3.700151e-01
2890          	warmPlate	1.255770e+03	1.261395e+03	3.700219e-01
2890          	OVC	-1.149827e+03	-1.147247e+03	-3.700151e-01
2891          	warmPlate	1.255770e+03	1.261395e+03	3.700219e-01
2891          	OVC	-1.149827e+03	-1.147247e+03	-3.700151e-01
2892          	warmPlate	1.255770e+03	1.261395e+03	3.700219e-01
2892          	OVC	-1.149827e+03	-1.147247e+03	-3.700151e-01
2893          	warmPlate	1.255770e+03	1.261395e+03	3.700219e-01
2893          	OVC	-1.149827e+03	-1.147247e+03	-3.700151e-01
2894          	warmPlate	1.255770e+03	1.261395e+03	3.700219e-01
2894          	OVC	-1.149827e+03	-1.147247e+03	-3.700151e-01
2895          	warmPlate	1.255770e+03	1.261395e+03	3.700219e-01
2895          	OVC	-1.149827e+03	-1.147247e+03	-3.700151e-01
2896          	warmPlate	1.255770e+03	1.261395e+03	3.700219e-01
2896          	OVC	-1.149827e+03	-1.147247e+03	-3.700151e-01
2897          	warmPlate	1.255770e+03	1.261395e+03	3.700219e-01
2897          	OVC	-1.149827e+03	-1.147247e+03	-3.700151e-01
2898          	warmPlate	1.255770e+03	1.261395e+03	3.700219e-01
2898          	OVC	-1.149827e+03	-1.147247e+03	-3.700151e-01
2899          	warmPlate	1.255770e+03	1.261395e+03	3.700219e-01
2899          	OVC	-1.149827e+03	-1.147247e+03	-3.700151e-01
2900          	warmPlate	1.255770e+03	1.261395e+03	3.700219e-01
2900          	OVC	-1.149827e+03	-1.147247e+03	-3.700151e-01
