# Wall heat-flux
# Time        	patch         	min           	max           	integral      
1             	OVC	-1.459138e-02	-6.612036e-03	-6.172647e-03
1             	shield_slave	-1.433782e-02	-1.164643e-02	-3.999081e-03
2             	OVC	-1.459138e-02	-6.612036e-03	-6.172647e-03
2             	shield_slave	-1.433782e-02	-1.164643e-02	-3.999081e-03
3             	OVC	-1.459138e-02	-6.612036e-03	-6.172647e-03
3             	shield_slave	-1.433782e-02	-1.164643e-02	-3.999081e-03
4             	OVC	-1.459138e-02	-6.612036e-03	-6.172647e-03
4             	shield_slave	-1.433782e-02	-1.164643e-02	-3.999081e-03
5             	OVC	-1.459138e-02	-6.612036e-03	-6.172647e-03
5             	shield_slave	-1.433782e-02	-1.164643e-02	-3.999081e-03
6             	OVC	-1.459138e-02	-6.612036e-03	-6.172647e-03
6             	shield_slave	-1.433782e-02	-1.164643e-02	-3.999081e-03
7             	OVC	-1.459138e-02	-6.612036e-03	-6.172647e-03
7             	shield_slave	-1.433782e-02	-1.164643e-02	-3.999081e-03
8             	OVC	-1.459138e-02	-6.612036e-03	-6.172647e-03
8             	shield_slave	-1.433782e-02	-1.164643e-02	-3.999081e-03
9             	OVC	-1.459138e-02	-6.612036e-03	-6.172647e-03
9             	shield_slave	-1.433782e-02	-1.164643e-02	-3.999081e-03
10            	OVC	-1.459138e-02	-6.612036e-03	-6.172647e-03
10            	shield_slave	-1.433782e-02	-1.164643e-02	-3.999081e-03
11            	OVC	-1.459138e-02	-6.612036e-03	-6.172647e-03
11            	shield_slave	-1.433782e-02	-1.164643e-02	-3.999081e-03
12            	OVC	-1.459138e-02	-6.612036e-03	-6.172647e-03
12            	shield_slave	-1.433782e-02	-1.164643e-02	-3.999081e-03
13            	OVC	-1.459138e-02	-6.612036e-03	-6.172647e-03
13            	shield_slave	-1.433782e-02	-1.164643e-02	-3.999081e-03
14            	OVC	-1.459138e-02	-6.612036e-03	-6.172647e-03
14            	shield_slave	-1.433782e-02	-1.164643e-02	-3.999081e-03
15            	OVC	-1.459138e-02	-6.612036e-03	-6.172647e-03
15            	shield_slave	-1.433782e-02	-1.164643e-02	-3.999081e-03
16            	OVC	-1.459138e-02	-6.612036e-03	-6.172647e-03
16            	shield_slave	-1.433782e-02	-1.164643e-02	-3.999081e-03
17            	OVC	-1.459138e-02	-6.612036e-03	-6.172647e-03
17            	shield_slave	-1.433782e-02	-1.164643e-02	-3.999081e-03
18            	OVC	-1.459138e-02	-6.612036e-03	-6.172647e-03
18            	shield_slave	-1.433782e-02	-1.164643e-02	-3.999081e-03
19            	OVC	-1.459138e-02	-6.612036e-03	-6.172647e-03
19            	shield_slave	-1.433782e-02	-1.164643e-02	-3.999081e-03
20            	OVC	-1.459138e-02	-6.612036e-03	-6.172647e-03
20            	shield_slave	-1.433782e-02	-1.164643e-02	-3.999081e-03
21            	OVC	-1.459138e-02	-6.612036e-03	-6.172647e-03
21            	shield_slave	-1.433782e-02	-1.164643e-02	-3.999081e-03
22            	OVC	-1.459138e-02	-6.612036e-03	-6.172647e-03
22            	shield_slave	-1.433782e-02	-1.164643e-02	-3.999081e-03
23            	OVC	-1.459138e-02	-6.612036e-03	-6.172647e-03
23            	shield_slave	-1.433782e-02	-1.164643e-02	-3.999081e-03
24            	OVC	-1.459138e-02	-6.612036e-03	-6.172647e-03
24            	shield_slave	-1.433782e-02	-1.164643e-02	-3.999081e-03
25            	OVC	-1.459138e-02	-6.612036e-03	-6.172647e-03
25            	shield_slave	-1.433782e-02	-1.164643e-02	-3.999081e-03
26            	OVC	-1.459138e-02	-6.612036e-03	-6.172647e-03
26            	shield_slave	-1.433782e-02	-1.164643e-02	-3.999081e-03
27            	OVC	-1.459138e-02	-6.612036e-03	-6.172647e-03
27            	shield_slave	-1.433782e-02	-1.164643e-02	-3.999081e-03
28            	OVC	-1.459138e-02	-6.612036e-03	-6.172647e-03
28            	shield_slave	-1.433782e-02	-1.164643e-02	-3.999081e-03
29            	OVC	-1.459138e-02	-6.612036e-03	-6.172647e-03
29            	shield_slave	-1.433782e-02	-1.164643e-02	-3.999081e-03
30            	OVC	-1.459138e-02	-6.612036e-03	-6.172647e-03
30            	shield_slave	-1.433782e-02	-1.164643e-02	-3.999081e-03
31            	OVC	-1.459138e-02	-6.612036e-03	-6.172647e-03
31            	shield_slave	-1.433782e-02	-1.164643e-02	-3.999081e-03
32            	OVC	-1.459138e-02	-6.612036e-03	-6.172647e-03
32            	shield_slave	-1.433782e-02	-1.164643e-02	-3.999081e-03
33            	OVC	-1.459138e-02	-6.612036e-03	-6.172647e-03
33            	shield_slave	-1.433782e-02	-1.164643e-02	-3.999081e-03
34            	OVC	-1.459138e-02	-6.612036e-03	-6.172647e-03
34            	shield_slave	-1.433782e-02	-1.164643e-02	-3.999081e-03
35            	OVC	-1.459138e-02	-6.612036e-03	-6.172647e-03
35            	shield_slave	-1.433782e-02	-1.164643e-02	-3.999081e-03
36            	OVC	-1.459138e-02	-6.612036e-03	-6.172647e-03
36            	shield_slave	-1.433782e-02	-1.164643e-02	-3.999081e-03
37            	OVC	-1.459138e-02	-6.612036e-03	-6.172647e-03
37            	shield_slave	-1.433782e-02	-1.164643e-02	-3.999081e-03
38            	OVC	-1.459138e-02	-6.612036e-03	-6.172647e-03
38            	shield_slave	-1.433782e-02	-1.164643e-02	-3.999081e-03
39            	OVC	-1.459138e-02	-6.612036e-03	-6.172647e-03
39            	shield_slave	-1.433782e-02	-1.164643e-02	-3.999081e-03
40            	OVC	-1.459138e-02	-6.612036e-03	-6.172647e-03
40            	shield_slave	-1.433782e-02	-1.164643e-02	-3.999081e-03
41            	OVC	-1.459138e-02	-6.612036e-03	-6.172647e-03
41            	shield_slave	-1.433782e-02	-1.164643e-02	-3.999081e-03
42            	OVC	-1.459138e-02	-6.612036e-03	-6.172647e-03
42            	shield_slave	-1.433782e-02	-1.164643e-02	-3.999081e-03
43            	OVC	-1.459138e-02	-6.612036e-03	-6.172647e-03
43            	shield_slave	-1.433782e-02	-1.164643e-02	-3.999081e-03
44            	OVC	-1.459138e-02	-6.612036e-03	-6.172647e-03
44            	shield_slave	-1.433782e-02	-1.164643e-02	-3.999081e-03
45            	OVC	-1.459138e-02	-6.612036e-03	-6.172647e-03
45            	shield_slave	-1.433782e-02	-1.164643e-02	-3.999081e-03
46            	OVC	-1.459138e-02	-6.612036e-03	-6.172647e-03
46            	shield_slave	-1.433782e-02	-1.164643e-02	-3.999081e-03
47            	OVC	-1.459138e-02	-6.612036e-03	-6.172647e-03
47            	shield_slave	-1.433782e-02	-1.164643e-02	-3.999081e-03
48            	OVC	-1.459138e-02	-6.612036e-03	-6.172647e-03
48            	shield_slave	-1.433782e-02	-1.164643e-02	-3.999081e-03
49            	OVC	-1.459138e-02	-6.612036e-03	-6.172647e-03
49            	shield_slave	-1.433782e-02	-1.164643e-02	-3.999081e-03
50            	OVC	-1.459138e-02	-6.612036e-03	-6.172647e-03
50            	shield_slave	-1.433782e-02	-1.164643e-02	-3.999081e-03
51            	OVC	-1.459138e-02	-6.612036e-03	-6.172647e-03
51            	shield_slave	-1.433782e-02	-1.164643e-02	-3.999081e-03
52            	OVC	-1.459138e-02	-6.612036e-03	-6.172647e-03
52            	shield_slave	-1.433782e-02	-1.164643e-02	-3.999081e-03
53            	OVC	-1.459138e-02	-6.612036e-03	-6.172647e-03
53            	shield_slave	-1.433782e-02	-1.164643e-02	-3.999081e-03
54            	OVC	-1.459138e-02	-6.612036e-03	-6.172647e-03
54            	shield_slave	-1.433782e-02	-1.164643e-02	-3.999081e-03
55            	OVC	-1.459138e-02	-6.612036e-03	-6.172647e-03
55            	shield_slave	-1.433782e-02	-1.164643e-02	-3.999081e-03
56            	OVC	-1.459138e-02	-6.612036e-03	-6.172647e-03
56            	shield_slave	-1.433782e-02	-1.164643e-02	-3.999081e-03
57            	OVC	-1.459138e-02	-6.612036e-03	-6.172647e-03
57            	shield_slave	-1.433782e-02	-1.164643e-02	-3.999081e-03
58            	OVC	-1.459138e-02	-6.612036e-03	-6.172647e-03
58            	shield_slave	-1.433782e-02	-1.164643e-02	-3.999081e-03
59            	OVC	-1.459138e-02	-6.612036e-03	-6.172647e-03
59            	shield_slave	-1.433782e-02	-1.164643e-02	-3.999081e-03
60            	OVC	-1.459138e-02	-6.612036e-03	-6.172647e-03
60            	shield_slave	-1.433782e-02	-1.164643e-02	-3.999081e-03
61            	OVC	-1.459138e-02	-6.612036e-03	-6.172647e-03
61            	shield_slave	-1.433782e-02	-1.164643e-02	-3.999081e-03
62            	OVC	-1.459138e-02	-6.612036e-03	-6.172647e-03
62            	shield_slave	-1.433782e-02	-1.164643e-02	-3.999081e-03
63            	OVC	-1.459138e-02	-6.612036e-03	-6.172647e-03
63            	shield_slave	-1.433782e-02	-1.164643e-02	-3.999081e-03
64            	OVC	-1.459138e-02	-6.612036e-03	-6.172647e-03
64            	shield_slave	-1.433782e-02	-1.164643e-02	-3.999081e-03
65            	OVC	-1.459138e-02	-6.612036e-03	-6.172647e-03
65            	shield_slave	-1.433782e-02	-1.164643e-02	-3.999081e-03
66            	OVC	-1.459138e-02	-6.612036e-03	-6.172647e-03
66            	shield_slave	-1.433782e-02	-1.164643e-02	-3.999081e-03
67            	OVC	-1.459138e-02	-6.612036e-03	-6.172647e-03
67            	shield_slave	-1.433782e-02	-1.164643e-02	-3.999081e-03
68            	OVC	-1.459138e-02	-6.612036e-03	-6.172647e-03
68            	shield_slave	-1.433782e-02	-1.164643e-02	-3.999081e-03
69            	OVC	-1.459138e-02	-6.612036e-03	-6.172647e-03
69            	shield_slave	-1.433782e-02	-1.164643e-02	-3.999081e-03
70            	OVC	-1.459138e-02	-6.612036e-03	-6.172647e-03
70            	shield_slave	-1.433782e-02	-1.164643e-02	-3.999081e-03
71            	OVC	-1.459138e-02	-6.612036e-03	-6.172647e-03
71            	shield_slave	-1.433782e-02	-1.164643e-02	-3.999081e-03
72            	OVC	-1.459138e-02	-6.612036e-03	-6.172647e-03
72            	shield_slave	-1.433782e-02	-1.164643e-02	-3.999081e-03
73            	OVC	-1.459138e-02	-6.612036e-03	-6.172647e-03
73            	shield_slave	-1.433782e-02	-1.164643e-02	-3.999081e-03
74            	OVC	-1.459138e-02	-6.612036e-03	-6.172647e-03
74            	shield_slave	-1.433782e-02	-1.164643e-02	-3.999081e-03
75            	OVC	-1.459138e-02	-6.612036e-03	-6.172647e-03
75            	shield_slave	-1.433782e-02	-1.164643e-02	-3.999081e-03
76            	OVC	-1.459138e-02	-6.612036e-03	-6.172647e-03
76            	shield_slave	-1.433782e-02	-1.164643e-02	-3.999081e-03
77            	OVC	-1.459138e-02	-6.612036e-03	-6.172647e-03
77            	shield_slave	-1.433782e-02	-1.164643e-02	-3.999081e-03
78            	OVC	-1.459138e-02	-6.612036e-03	-6.172647e-03
78            	shield_slave	-1.433782e-02	-1.164643e-02	-3.999081e-03
79            	OVC	-1.459138e-02	-6.612036e-03	-6.172647e-03
79            	shield_slave	-1.433782e-02	-1.164643e-02	-3.999081e-03
80            	OVC	-1.459138e-02	-6.612036e-03	-6.172647e-03
80            	shield_slave	-1.433782e-02	-1.164643e-02	-3.999081e-03
81            	OVC	-1.459138e-02	-6.612036e-03	-6.172647e-03
81            	shield_slave	-1.433782e-02	-1.164643e-02	-3.999081e-03
82            	OVC	-1.459138e-02	-6.612036e-03	-6.172647e-03
82            	shield_slave	-1.433782e-02	-1.164643e-02	-3.999081e-03
83            	OVC	-1.459138e-02	-6.612036e-03	-6.172647e-03
83            	shield_slave	-1.433782e-02	-1.164643e-02	-3.999081e-03
84            	OVC	-1.459138e-02	-6.612036e-03	-6.172647e-03
84            	shield_slave	-1.433782e-02	-1.164643e-02	-3.999081e-03
85            	OVC	-1.459138e-02	-6.612036e-03	-6.172647e-03
85            	shield_slave	-1.433782e-02	-1.164643e-02	-3.999081e-03
86            	OVC	-1.459138e-02	-6.612036e-03	-6.172647e-03
86            	shield_slave	-1.433782e-02	-1.164643e-02	-3.999081e-03
87            	OVC	-1.459138e-02	-6.612036e-03	-6.172647e-03
87            	shield_slave	-1.433782e-02	-1.164643e-02	-3.999081e-03
88            	OVC	-1.459138e-02	-6.612036e-03	-6.172647e-03
88            	shield_slave	-1.433782e-02	-1.164643e-02	-3.999081e-03
89            	OVC	-1.459138e-02	-6.612036e-03	-6.172647e-03
89            	shield_slave	-1.433782e-02	-1.164643e-02	-3.999081e-03
90            	OVC	-1.459138e-02	-6.612036e-03	-6.172647e-03
90            	shield_slave	-1.433782e-02	-1.164643e-02	-3.999081e-03
91            	OVC	-1.459138e-02	-6.612036e-03	-6.172647e-03
91            	shield_slave	-1.433782e-02	-1.164643e-02	-3.999081e-03
92            	OVC	-1.459138e-02	-6.612036e-03	-6.172647e-03
92            	shield_slave	-1.433782e-02	-1.164643e-02	-3.999081e-03
93            	OVC	-1.459138e-02	-6.612036e-03	-6.172647e-03
93            	shield_slave	-1.433782e-02	-1.164643e-02	-3.999081e-03
94            	OVC	-1.459138e-02	-6.612036e-03	-6.172647e-03
94            	shield_slave	-1.433782e-02	-1.164643e-02	-3.999081e-03
95            	OVC	-1.459138e-02	-6.612036e-03	-6.172647e-03
95            	shield_slave	-1.433782e-02	-1.164643e-02	-3.999081e-03
96            	OVC	-1.459138e-02	-6.612036e-03	-6.172647e-03
96            	shield_slave	-1.433782e-02	-1.164643e-02	-3.999081e-03
97            	OVC	-1.459138e-02	-6.612036e-03	-6.172647e-03
97            	shield_slave	-1.433782e-02	-1.164643e-02	-3.999081e-03
98            	OVC	-1.459138e-02	-6.612036e-03	-6.172647e-03
98            	shield_slave	-1.433782e-02	-1.164643e-02	-3.999081e-03
99            	OVC	-1.459138e-02	-6.612036e-03	-6.172647e-03
99            	shield_slave	-1.433782e-02	-1.164643e-02	-3.999081e-03
100           	OVC	-1.459138e-02	-6.612036e-03	-6.172647e-03
100           	shield_slave	-1.433782e-02	-1.164643e-02	-3.999081e-03
101           	OVC	-1.459138e-02	-6.612036e-03	-6.172647e-03
101           	shield_slave	-1.433782e-02	-1.164643e-02	-3.999081e-03
102           	OVC	-1.459138e-02	-6.612036e-03	-6.172647e-03
102           	shield_slave	-1.433782e-02	-1.164643e-02	-3.999081e-03
103           	OVC	-1.459138e-02	-6.612036e-03	-6.172647e-03
103           	shield_slave	-1.433782e-02	-1.164643e-02	-3.999081e-03
104           	OVC	-1.459138e-02	-6.612036e-03	-6.172647e-03
104           	shield_slave	-1.433782e-02	-1.164643e-02	-3.999081e-03
105           	OVC	-1.459138e-02	-6.612036e-03	-6.172647e-03
105           	shield_slave	-1.433782e-02	-1.164643e-02	-3.999081e-03
106           	OVC	-1.459138e-02	-6.612036e-03	-6.172647e-03
106           	shield_slave	-1.433782e-02	-1.164643e-02	-3.999081e-03
107           	OVC	-1.459138e-02	-6.612036e-03	-6.172647e-03
107           	shield_slave	-1.433782e-02	-1.164643e-02	-3.999081e-03
108           	OVC	-1.459138e-02	-6.612036e-03	-6.172647e-03
108           	shield_slave	-1.433782e-02	-1.164643e-02	-3.999081e-03
109           	OVC	-1.459138e-02	-6.612036e-03	-6.172647e-03
109           	shield_slave	-1.433782e-02	-1.164643e-02	-3.999081e-03
110           	OVC	-1.459138e-02	-6.612036e-03	-6.172647e-03
110           	shield_slave	-1.433782e-02	-1.164643e-02	-3.999081e-03
111           	OVC	-1.459138e-02	-6.612036e-03	-6.172647e-03
111           	shield_slave	-1.433782e-02	-1.164643e-02	-3.999081e-03
112           	OVC	-1.459138e-02	-6.612036e-03	-6.172647e-03
112           	shield_slave	-1.433782e-02	-1.164643e-02	-3.999081e-03
113           	OVC	-1.459138e-02	-6.612036e-03	-6.172647e-03
113           	shield_slave	-1.433782e-02	-1.164643e-02	-3.999081e-03
114           	OVC	-1.459138e-02	-6.612036e-03	-6.172647e-03
114           	shield_slave	-1.433782e-02	-1.164643e-02	-3.999081e-03
115           	OVC	-1.459138e-02	-6.612036e-03	-6.172647e-03
115           	shield_slave	-1.433782e-02	-1.164643e-02	-3.999081e-03
116           	OVC	-1.459138e-02	-6.612036e-03	-6.172647e-03
116           	shield_slave	-1.433782e-02	-1.164643e-02	-3.999081e-03
117           	OVC	-1.459138e-02	-6.612036e-03	-6.172647e-03
117           	shield_slave	-1.433782e-02	-1.164643e-02	-3.999081e-03
118           	OVC	-1.459138e-02	-6.612036e-03	-6.172647e-03
118           	shield_slave	-1.433782e-02	-1.164643e-02	-3.999081e-03
119           	OVC	-1.459138e-02	-6.612036e-03	-6.172647e-03
119           	shield_slave	-1.433782e-02	-1.164643e-02	-3.999081e-03
120           	OVC	-1.459138e-02	-6.612036e-03	-6.172647e-03
120           	shield_slave	-1.433782e-02	-1.164643e-02	-3.999081e-03
121           	OVC	-1.459138e-02	-6.612036e-03	-6.172647e-03
121           	shield_slave	-1.433782e-02	-1.164643e-02	-3.999081e-03
122           	OVC	-1.459138e-02	-6.612036e-03	-6.172647e-03
122           	shield_slave	-1.433782e-02	-1.164643e-02	-3.999081e-03
123           	OVC	-1.459138e-02	-6.612036e-03	-6.172647e-03
123           	shield_slave	-1.433782e-02	-1.164643e-02	-3.999081e-03
124           	OVC	-1.459138e-02	-6.612036e-03	-6.172647e-03
124           	shield_slave	-1.433782e-02	-1.164643e-02	-3.999081e-03
125           	OVC	-1.459138e-02	-6.612036e-03	-6.172647e-03
125           	shield_slave	-1.433782e-02	-1.164643e-02	-3.999081e-03
126           	OVC	-1.459138e-02	-6.612036e-03	-6.172647e-03
126           	shield_slave	-1.433782e-02	-1.164643e-02	-3.999081e-03
127           	OVC	-1.459138e-02	-6.612036e-03	-6.172647e-03
127           	shield_slave	-1.433782e-02	-1.164643e-02	-3.999081e-03
128           	OVC	-1.459138e-02	-6.612036e-03	-6.172647e-03
128           	shield_slave	-1.433782e-02	-1.164643e-02	-3.999081e-03
129           	OVC	-1.459138e-02	-6.612036e-03	-6.172647e-03
129           	shield_slave	-1.433782e-02	-1.164643e-02	-3.999081e-03
130           	OVC	-1.459138e-02	-6.612036e-03	-6.172647e-03
130           	shield_slave	-1.433782e-02	-1.164643e-02	-3.999081e-03
131           	OVC	-1.459138e-02	-6.612036e-03	-6.172647e-03
131           	shield_slave	-1.433782e-02	-1.164643e-02	-3.999081e-03
132           	OVC	-1.459138e-02	-6.612036e-03	-6.172647e-03
132           	shield_slave	-1.433782e-02	-1.164643e-02	-3.999081e-03
133           	OVC	-1.459138e-02	-6.612036e-03	-6.172647e-03
133           	shield_slave	-1.433782e-02	-1.164643e-02	-3.999081e-03
134           	OVC	-1.459138e-02	-6.612036e-03	-6.172647e-03
134           	shield_slave	-1.433782e-02	-1.164643e-02	-3.999081e-03
135           	OVC	-1.459138e-02	-6.612036e-03	-6.172647e-03
135           	shield_slave	-1.433782e-02	-1.164643e-02	-3.999081e-03
136           	OVC	-1.459138e-02	-6.612036e-03	-6.172647e-03
136           	shield_slave	-1.433782e-02	-1.164643e-02	-3.999081e-03
137           	OVC	-1.459138e-02	-6.612036e-03	-6.172647e-03
137           	shield_slave	-1.433782e-02	-1.164643e-02	-3.999081e-03
138           	OVC	-1.459138e-02	-6.612036e-03	-6.172647e-03
138           	shield_slave	-1.433782e-02	-1.164643e-02	-3.999081e-03
139           	OVC	-1.459138e-02	-6.612036e-03	-6.172647e-03
139           	shield_slave	-1.433782e-02	-1.164643e-02	-3.999081e-03
140           	OVC	-1.459138e-02	-6.612036e-03	-6.172647e-03
140           	shield_slave	-1.433782e-02	-1.164643e-02	-3.999081e-03
141           	OVC	-1.459138e-02	-6.612036e-03	-6.172647e-03
141           	shield_slave	-1.433782e-02	-1.164643e-02	-3.999081e-03
142           	OVC	-1.459138e-02	-6.612036e-03	-6.172647e-03
142           	shield_slave	-1.433782e-02	-1.164643e-02	-3.999081e-03
143           	OVC	-1.459138e-02	-6.612036e-03	-6.172647e-03
143           	shield_slave	-1.433782e-02	-1.164643e-02	-3.999081e-03
144           	OVC	-1.459138e-02	-6.612036e-03	-6.172647e-03
144           	shield_slave	-1.433782e-02	-1.164643e-02	-3.999081e-03
145           	OVC	-1.459138e-02	-6.612036e-03	-6.172647e-03
145           	shield_slave	-1.433782e-02	-1.164643e-02	-3.999081e-03
146           	OVC	-1.459138e-02	-6.612036e-03	-6.172647e-03
146           	shield_slave	-1.433782e-02	-1.164643e-02	-3.999081e-03
147           	OVC	-1.459138e-02	-6.612036e-03	-6.172647e-03
147           	shield_slave	-1.433782e-02	-1.164643e-02	-3.999081e-03
148           	OVC	-1.459138e-02	-6.612036e-03	-6.172647e-03
148           	shield_slave	-1.433782e-02	-1.164643e-02	-3.999081e-03
149           	OVC	-1.459138e-02	-6.612036e-03	-6.172647e-03
149           	shield_slave	-1.433782e-02	-1.164643e-02	-3.999081e-03
150           	OVC	-1.459138e-02	-6.612036e-03	-6.172647e-03
150           	shield_slave	-1.433782e-02	-1.164643e-02	-3.999081e-03
151           	OVC	-1.459138e-02	-6.612036e-03	-6.172647e-03
151           	shield_slave	-1.433782e-02	-1.164643e-02	-3.999081e-03
152           	OVC	-1.459138e-02	-6.612036e-03	-6.172647e-03
152           	shield_slave	-1.433782e-02	-1.164643e-02	-3.999081e-03
153           	OVC	-1.459138e-02	-6.612036e-03	-6.172647e-03
153           	shield_slave	-1.433782e-02	-1.164643e-02	-3.999081e-03
154           	OVC	-1.459138e-02	-6.612036e-03	-6.172647e-03
154           	shield_slave	-1.433782e-02	-1.164643e-02	-3.999081e-03
155           	OVC	-1.459138e-02	-6.612036e-03	-6.172647e-03
155           	shield_slave	-1.433782e-02	-1.164643e-02	-3.999081e-03
156           	OVC	-1.459138e-02	-6.612036e-03	-6.172647e-03
156           	shield_slave	-1.433782e-02	-1.164643e-02	-3.999081e-03
157           	OVC	-1.459138e-02	-6.612036e-03	-6.172647e-03
157           	shield_slave	-1.433782e-02	-1.164643e-02	-3.999081e-03
158           	OVC	-1.459138e-02	-6.612036e-03	-6.172647e-03
158           	shield_slave	-1.433782e-02	-1.164643e-02	-3.999081e-03
159           	OVC	-1.459138e-02	-6.612036e-03	-6.172647e-03
159           	shield_slave	-1.433782e-02	-1.164643e-02	-3.999081e-03
160           	OVC	-1.459138e-02	-6.612036e-03	-6.172647e-03
160           	shield_slave	-1.433782e-02	-1.164643e-02	-3.999081e-03
161           	OVC	-1.459138e-02	-6.612036e-03	-6.172647e-03
161           	shield_slave	-1.433782e-02	-1.164643e-02	-3.999081e-03
162           	OVC	-1.459138e-02	-6.612036e-03	-6.172647e-03
162           	shield_slave	-1.433782e-02	-1.164643e-02	-3.999081e-03
163           	OVC	-1.459138e-02	-6.612036e-03	-6.172647e-03
163           	shield_slave	-1.433782e-02	-1.164643e-02	-3.999081e-03
164           	OVC	-1.459138e-02	-6.612036e-03	-6.172647e-03
164           	shield_slave	-1.433782e-02	-1.164643e-02	-3.999081e-03
165           	OVC	-1.459138e-02	-6.612036e-03	-6.172647e-03
165           	shield_slave	-1.433782e-02	-1.164643e-02	-3.999081e-03
166           	OVC	-1.459138e-02	-6.612036e-03	-6.172647e-03
166           	shield_slave	-1.433782e-02	-1.164643e-02	-3.999081e-03
167           	OVC	-1.459138e-02	-6.612036e-03	-6.172647e-03
167           	shield_slave	-1.433782e-02	-1.164643e-02	-3.999081e-03
168           	OVC	-1.459138e-02	-6.612036e-03	-6.172647e-03
168           	shield_slave	-1.433782e-02	-1.164643e-02	-3.999081e-03
169           	OVC	-1.459138e-02	-6.612036e-03	-6.172647e-03
169           	shield_slave	-1.433782e-02	-1.164643e-02	-3.999081e-03
170           	OVC	-1.459138e-02	-6.612036e-03	-6.172647e-03
170           	shield_slave	-1.433782e-02	-1.164643e-02	-3.999081e-03
171           	OVC	-1.459138e-02	-6.612036e-03	-6.172647e-03
171           	shield_slave	-1.433782e-02	-1.164643e-02	-3.999081e-03
172           	OVC	-1.459138e-02	-6.612036e-03	-6.172647e-03
172           	shield_slave	-1.433782e-02	-1.164643e-02	-3.999081e-03
173           	OVC	-1.459138e-02	-6.612036e-03	-6.172647e-03
173           	shield_slave	-1.433782e-02	-1.164643e-02	-3.999081e-03
174           	OVC	-1.459138e-02	-6.612036e-03	-6.172647e-03
174           	shield_slave	-1.433782e-02	-1.164643e-02	-3.999081e-03
175           	OVC	-1.459138e-02	-6.612036e-03	-6.172647e-03
175           	shield_slave	-1.433782e-02	-1.164643e-02	-3.999081e-03
176           	OVC	-1.459138e-02	-6.612036e-03	-6.172647e-03
176           	shield_slave	-1.433782e-02	-1.164643e-02	-3.999081e-03
177           	OVC	-1.459138e-02	-6.612036e-03	-6.172647e-03
177           	shield_slave	-1.433782e-02	-1.164643e-02	-3.999081e-03
178           	OVC	-1.459138e-02	-6.612036e-03	-6.172647e-03
178           	shield_slave	-1.433782e-02	-1.164643e-02	-3.999081e-03
179           	OVC	-1.459138e-02	-6.612036e-03	-6.172647e-03
179           	shield_slave	-1.433782e-02	-1.164643e-02	-3.999081e-03
180           	OVC	-1.459138e-02	-6.612036e-03	-6.172647e-03
180           	shield_slave	-1.433782e-02	-1.164643e-02	-3.999081e-03
181           	OVC	-1.459138e-02	-6.612036e-03	-6.172647e-03
181           	shield_slave	-1.433782e-02	-1.164643e-02	-3.999081e-03
182           	OVC	-1.459138e-02	-6.612036e-03	-6.172647e-03
182           	shield_slave	-1.433782e-02	-1.164643e-02	-3.999081e-03
183           	OVC	-1.459138e-02	-6.612036e-03	-6.172647e-03
183           	shield_slave	-1.433782e-02	-1.164643e-02	-3.999081e-03
184           	OVC	-1.459138e-02	-6.612036e-03	-6.172647e-03
184           	shield_slave	-1.433782e-02	-1.164643e-02	-3.999081e-03
185           	OVC	-1.459138e-02	-6.612036e-03	-6.172647e-03
185           	shield_slave	-1.433782e-02	-1.164643e-02	-3.999081e-03
186           	OVC	-1.459138e-02	-6.612036e-03	-6.172647e-03
186           	shield_slave	-1.433782e-02	-1.164643e-02	-3.999081e-03
187           	OVC	-1.459138e-02	-6.612036e-03	-6.172647e-03
187           	shield_slave	-1.433782e-02	-1.164643e-02	-3.999081e-03
188           	OVC	-1.459138e-02	-6.612036e-03	-6.172647e-03
188           	shield_slave	-1.433782e-02	-1.164643e-02	-3.999081e-03
189           	OVC	-1.459138e-02	-6.612036e-03	-6.172647e-03
189           	shield_slave	-1.433782e-02	-1.164643e-02	-3.999081e-03
190           	OVC	-1.459138e-02	-6.612036e-03	-6.172647e-03
190           	shield_slave	-1.433782e-02	-1.164643e-02	-3.999081e-03
191           	OVC	-1.459138e-02	-6.612036e-03	-6.172647e-03
191           	shield_slave	-1.433782e-02	-1.164643e-02	-3.999081e-03
192           	OVC	-1.459138e-02	-6.612036e-03	-6.172647e-03
192           	shield_slave	-1.433782e-02	-1.164643e-02	-3.999081e-03
193           	OVC	-1.459138e-02	-6.612036e-03	-6.172647e-03
193           	shield_slave	-1.433782e-02	-1.164643e-02	-3.999081e-03
194           	OVC	-1.459138e-02	-6.612036e-03	-6.172647e-03
194           	shield_slave	-1.433782e-02	-1.164643e-02	-3.999081e-03
195           	OVC	-1.459138e-02	-6.612036e-03	-6.172647e-03
195           	shield_slave	-1.433782e-02	-1.164643e-02	-3.999081e-03
196           	OVC	-1.459138e-02	-6.612036e-03	-6.172647e-03
196           	shield_slave	-1.433782e-02	-1.164643e-02	-3.999081e-03
197           	OVC	-1.459138e-02	-6.612036e-03	-6.172647e-03
197           	shield_slave	-1.433782e-02	-1.164643e-02	-3.999081e-03
198           	OVC	-1.459138e-02	-6.612036e-03	-6.172647e-03
198           	shield_slave	-1.433782e-02	-1.164643e-02	-3.999081e-03
199           	OVC	-1.459138e-02	-6.612036e-03	-6.172647e-03
199           	shield_slave	-1.433782e-02	-1.164643e-02	-3.999081e-03
200           	OVC	-1.459138e-02	-6.612036e-03	-6.172647e-03
200           	shield_slave	-1.433782e-02	-1.164643e-02	-3.999081e-03
201           	OVC	-1.459138e-02	-6.612036e-03	-6.172647e-03
201           	shield_slave	-1.433782e-02	-1.164643e-02	-3.999081e-03
202           	OVC	-1.459138e-02	-6.612036e-03	-6.172647e-03
202           	shield_slave	-1.433782e-02	-1.164643e-02	-3.999081e-03
203           	OVC	-1.459138e-02	-6.612036e-03	-6.172647e-03
203           	shield_slave	-1.433782e-02	-1.164643e-02	-3.999081e-03
204           	OVC	-1.459138e-02	-6.612036e-03	-6.172647e-03
204           	shield_slave	-1.433782e-02	-1.164643e-02	-3.999081e-03
205           	OVC	-1.459138e-02	-6.612036e-03	-6.172647e-03
205           	shield_slave	-1.433782e-02	-1.164643e-02	-3.999081e-03
206           	OVC	-1.459138e-02	-6.612036e-03	-6.172647e-03
206           	shield_slave	-1.433782e-02	-1.164643e-02	-3.999081e-03
207           	OVC	-1.459138e-02	-6.612036e-03	-6.172647e-03
207           	shield_slave	-1.433782e-02	-1.164643e-02	-3.999081e-03
208           	OVC	-1.459138e-02	-6.612036e-03	-6.172647e-03
208           	shield_slave	-1.433782e-02	-1.164643e-02	-3.999081e-03
209           	OVC	-1.459138e-02	-6.612036e-03	-6.172647e-03
209           	shield_slave	-1.433782e-02	-1.164643e-02	-3.999081e-03
210           	OVC	-1.459138e-02	-6.612036e-03	-6.172647e-03
210           	shield_slave	-1.433782e-02	-1.164643e-02	-3.999081e-03
211           	OVC	-1.459138e-02	-6.612036e-03	-6.172647e-03
211           	shield_slave	-1.433782e-02	-1.164643e-02	-3.999081e-03
212           	OVC	-1.459138e-02	-6.612036e-03	-6.172647e-03
212           	shield_slave	-1.433782e-02	-1.164643e-02	-3.999081e-03
213           	OVC	-1.459138e-02	-6.612036e-03	-6.172647e-03
213           	shield_slave	-1.433782e-02	-1.164643e-02	-3.999081e-03
214           	OVC	-1.459138e-02	-6.612036e-03	-6.172647e-03
214           	shield_slave	-1.433782e-02	-1.164643e-02	-3.999081e-03
215           	OVC	-1.459138e-02	-6.612036e-03	-6.172647e-03
215           	shield_slave	-1.433782e-02	-1.164643e-02	-3.999081e-03
216           	OVC	-1.459138e-02	-6.612036e-03	-6.172647e-03
216           	shield_slave	-1.433782e-02	-1.164643e-02	-3.999081e-03
217           	OVC	-1.459138e-02	-6.612036e-03	-6.172647e-03
217           	shield_slave	-1.433782e-02	-1.164643e-02	-3.999081e-03
218           	OVC	-1.459138e-02	-6.612036e-03	-6.172647e-03
218           	shield_slave	-1.433782e-02	-1.164643e-02	-3.999081e-03
219           	OVC	-1.459138e-02	-6.612036e-03	-6.172647e-03
219           	shield_slave	-1.433782e-02	-1.164643e-02	-3.999081e-03
220           	OVC	-1.459138e-02	-6.612036e-03	-6.172647e-03
220           	shield_slave	-1.433782e-02	-1.164643e-02	-3.999081e-03
221           	OVC	-1.459138e-02	-6.612036e-03	-6.172647e-03
221           	shield_slave	-1.433782e-02	-1.164643e-02	-3.999081e-03
222           	OVC	-1.459138e-02	-6.612036e-03	-6.172647e-03
222           	shield_slave	-1.433782e-02	-1.164643e-02	-3.999081e-03
223           	OVC	-1.459138e-02	-6.612036e-03	-6.172647e-03
223           	shield_slave	-1.433782e-02	-1.164643e-02	-3.999081e-03
224           	OVC	-1.459138e-02	-6.612036e-03	-6.172647e-03
224           	shield_slave	-1.433782e-02	-1.164643e-02	-3.999081e-03
225           	OVC	-1.459138e-02	-6.612036e-03	-6.172647e-03
225           	shield_slave	-1.433782e-02	-1.164643e-02	-3.999081e-03
226           	OVC	-1.459138e-02	-6.612036e-03	-6.172647e-03
226           	shield_slave	-1.433782e-02	-1.164643e-02	-3.999081e-03
227           	OVC	-1.459138e-02	-6.612036e-03	-6.172647e-03
227           	shield_slave	-1.433782e-02	-1.164643e-02	-3.999081e-03
228           	OVC	-1.459138e-02	-6.612036e-03	-6.172647e-03
228           	shield_slave	-1.433782e-02	-1.164643e-02	-3.999081e-03
229           	OVC	-1.459138e-02	-6.612036e-03	-6.172647e-03
229           	shield_slave	-1.433782e-02	-1.164643e-02	-3.999081e-03
230           	OVC	-1.459138e-02	-6.612036e-03	-6.172647e-03
230           	shield_slave	-1.433782e-02	-1.164643e-02	-3.999081e-03
231           	OVC	-1.459138e-02	-6.612036e-03	-6.172647e-03
231           	shield_slave	-1.433782e-02	-1.164643e-02	-3.999081e-03
232           	OVC	-1.459138e-02	-6.612036e-03	-6.172647e-03
232           	shield_slave	-1.433782e-02	-1.164643e-02	-3.999081e-03
233           	OVC	-1.459138e-02	-6.612036e-03	-6.172647e-03
233           	shield_slave	-1.433782e-02	-1.164643e-02	-3.999081e-03
234           	OVC	-1.459138e-02	-6.612036e-03	-6.172647e-03
234           	shield_slave	-1.433782e-02	-1.164643e-02	-3.999081e-03
235           	OVC	-1.459138e-02	-6.612036e-03	-6.172647e-03
235           	shield_slave	-1.433782e-02	-1.164643e-02	-3.999081e-03
236           	OVC	-1.459138e-02	-6.612036e-03	-6.172647e-03
236           	shield_slave	-1.433782e-02	-1.164643e-02	-3.999081e-03
237           	OVC	-1.459138e-02	-6.612036e-03	-6.172647e-03
237           	shield_slave	-1.433782e-02	-1.164643e-02	-3.999081e-03
238           	OVC	-1.459138e-02	-6.612036e-03	-6.172647e-03
238           	shield_slave	-1.433782e-02	-1.164643e-02	-3.999081e-03
239           	OVC	-1.459138e-02	-6.612036e-03	-6.172647e-03
239           	shield_slave	-1.433782e-02	-1.164643e-02	-3.999081e-03
240           	OVC	-1.459138e-02	-6.612036e-03	-6.172647e-03
240           	shield_slave	-1.433782e-02	-1.164643e-02	-3.999081e-03
241           	OVC	-1.459138e-02	-6.612036e-03	-6.172647e-03
241           	shield_slave	-1.433782e-02	-1.164643e-02	-3.999081e-03
242           	OVC	-1.459138e-02	-6.612036e-03	-6.172647e-03
242           	shield_slave	-1.433782e-02	-1.164643e-02	-3.999081e-03
243           	OVC	-1.459138e-02	-6.612036e-03	-6.172647e-03
243           	shield_slave	-1.433782e-02	-1.164643e-02	-3.999081e-03
244           	OVC	-1.459138e-02	-6.612036e-03	-6.172647e-03
244           	shield_slave	-1.433782e-02	-1.164643e-02	-3.999081e-03
245           	OVC	-1.459138e-02	-6.612036e-03	-6.172647e-03
245           	shield_slave	-1.433782e-02	-1.164643e-02	-3.999081e-03
246           	OVC	-1.459138e-02	-6.612036e-03	-6.172647e-03
246           	shield_slave	-1.433782e-02	-1.164643e-02	-3.999081e-03
247           	OVC	-1.459138e-02	-6.612036e-03	-6.172647e-03
247           	shield_slave	-1.433782e-02	-1.164643e-02	-3.999081e-03
248           	OVC	-1.459138e-02	-6.612036e-03	-6.172647e-03
248           	shield_slave	-1.433782e-02	-1.164643e-02	-3.999081e-03
249           	OVC	-1.459138e-02	-6.612036e-03	-6.172647e-03
249           	shield_slave	-1.433782e-02	-1.164643e-02	-3.999081e-03
250           	OVC	-1.459138e-02	-6.612036e-03	-6.172647e-03
250           	shield_slave	-1.433782e-02	-1.164643e-02	-3.999081e-03
251           	OVC	-1.459138e-02	-6.612036e-03	-6.172647e-03
251           	shield_slave	-1.433782e-02	-1.164643e-02	-3.999081e-03
252           	OVC	-1.459138e-02	-6.612036e-03	-6.172647e-03
252           	shield_slave	-1.433782e-02	-1.164643e-02	-3.999081e-03
253           	OVC	-1.459138e-02	-6.612036e-03	-6.172647e-03
253           	shield_slave	-1.433782e-02	-1.164643e-02	-3.999081e-03
254           	OVC	-1.459138e-02	-6.612036e-03	-6.172647e-03
254           	shield_slave	-1.433782e-02	-1.164643e-02	-3.999081e-03
255           	OVC	-1.459138e-02	-6.612036e-03	-6.172647e-03
255           	shield_slave	-1.433782e-02	-1.164643e-02	-3.999081e-03
256           	OVC	-1.459138e-02	-6.612036e-03	-6.172647e-03
256           	shield_slave	-1.433782e-02	-1.164643e-02	-3.999081e-03
257           	OVC	-1.459138e-02	-6.612036e-03	-6.172647e-03
257           	shield_slave	-1.433782e-02	-1.164643e-02	-3.999081e-03
258           	OVC	-1.459138e-02	-6.612036e-03	-6.172647e-03
258           	shield_slave	-1.433782e-02	-1.164643e-02	-3.999081e-03
259           	OVC	-1.459138e-02	-6.612036e-03	-6.172647e-03
259           	shield_slave	-1.433782e-02	-1.164643e-02	-3.999081e-03
260           	OVC	-1.459138e-02	-6.612036e-03	-6.172647e-03
260           	shield_slave	-1.433782e-02	-1.164643e-02	-3.999081e-03
261           	OVC	-1.459138e-02	-6.612036e-03	-6.172647e-03
261           	shield_slave	-1.433782e-02	-1.164643e-02	-3.999081e-03
262           	OVC	-1.459138e-02	-6.612036e-03	-6.172647e-03
262           	shield_slave	-1.433782e-02	-1.164643e-02	-3.999081e-03
263           	OVC	-1.459138e-02	-6.612036e-03	-6.172647e-03
263           	shield_slave	-1.433782e-02	-1.164643e-02	-3.999081e-03
264           	OVC	-1.459138e-02	-6.612036e-03	-6.172647e-03
264           	shield_slave	-1.433782e-02	-1.164643e-02	-3.999081e-03
265           	OVC	-1.459138e-02	-6.612036e-03	-6.172647e-03
265           	shield_slave	-1.433782e-02	-1.164643e-02	-3.999081e-03
266           	OVC	-1.459138e-02	-6.612036e-03	-6.172647e-03
266           	shield_slave	-1.433782e-02	-1.164643e-02	-3.999081e-03
267           	OVC	-1.459138e-02	-6.612036e-03	-6.172647e-03
267           	shield_slave	-1.433782e-02	-1.164643e-02	-3.999081e-03
268           	OVC	-1.459138e-02	-6.612036e-03	-6.172647e-03
268           	shield_slave	-1.433782e-02	-1.164643e-02	-3.999081e-03
269           	OVC	-1.459138e-02	-6.612036e-03	-6.172647e-03
269           	shield_slave	-1.433782e-02	-1.164643e-02	-3.999081e-03
270           	OVC	-1.459138e-02	-6.612036e-03	-6.172647e-03
270           	shield_slave	-1.433782e-02	-1.164643e-02	-3.999081e-03
271           	OVC	-1.459138e-02	-6.612036e-03	-6.172647e-03
271           	shield_slave	-1.433782e-02	-1.164643e-02	-3.999081e-03
272           	OVC	-1.459138e-02	-6.612036e-03	-6.172647e-03
272           	shield_slave	-1.433782e-02	-1.164643e-02	-3.999081e-03
273           	OVC	-1.459138e-02	-6.612036e-03	-6.172647e-03
273           	shield_slave	-1.433782e-02	-1.164643e-02	-3.999081e-03
274           	OVC	-1.459138e-02	-6.612036e-03	-6.172647e-03
274           	shield_slave	-1.433782e-02	-1.164643e-02	-3.999081e-03
275           	OVC	-1.459138e-02	-6.612036e-03	-6.172647e-03
275           	shield_slave	-1.433782e-02	-1.164643e-02	-3.999081e-03
276           	OVC	-1.459138e-02	-6.612036e-03	-6.172647e-03
276           	shield_slave	-1.433782e-02	-1.164643e-02	-3.999081e-03
277           	OVC	-1.459138e-02	-6.612036e-03	-6.172647e-03
277           	shield_slave	-1.433782e-02	-1.164643e-02	-3.999081e-03
278           	OVC	-1.459138e-02	-6.612036e-03	-6.172647e-03
278           	shield_slave	-1.433782e-02	-1.164643e-02	-3.999081e-03
279           	OVC	-1.459138e-02	-6.612036e-03	-6.172647e-03
279           	shield_slave	-1.433782e-02	-1.164643e-02	-3.999081e-03
280           	OVC	-1.459138e-02	-6.612036e-03	-6.172647e-03
280           	shield_slave	-1.433782e-02	-1.164643e-02	-3.999081e-03
281           	OVC	-1.459138e-02	-6.612036e-03	-6.172647e-03
281           	shield_slave	-1.433782e-02	-1.164643e-02	-3.999081e-03
282           	OVC	-1.459138e-02	-6.612036e-03	-6.172647e-03
282           	shield_slave	-1.433782e-02	-1.164643e-02	-3.999081e-03
283           	OVC	-1.459138e-02	-6.612036e-03	-6.172647e-03
283           	shield_slave	-1.433782e-02	-1.164643e-02	-3.999081e-03
284           	OVC	-1.459138e-02	-6.612036e-03	-6.172647e-03
284           	shield_slave	-1.433782e-02	-1.164643e-02	-3.999081e-03
285           	OVC	-1.459138e-02	-6.612036e-03	-6.172647e-03
285           	shield_slave	-1.433782e-02	-1.164643e-02	-3.999081e-03
286           	OVC	-1.459138e-02	-6.612036e-03	-6.172647e-03
286           	shield_slave	-1.433782e-02	-1.164643e-02	-3.999081e-03
287           	OVC	-1.459138e-02	-6.612036e-03	-6.172647e-03
287           	shield_slave	-1.433782e-02	-1.164643e-02	-3.999081e-03
288           	OVC	-1.459138e-02	-6.612036e-03	-6.172647e-03
288           	shield_slave	-1.433782e-02	-1.164643e-02	-3.999081e-03
289           	OVC	-1.459138e-02	-6.612036e-03	-6.172647e-03
289           	shield_slave	-1.433782e-02	-1.164643e-02	-3.999081e-03
290           	OVC	-1.459138e-02	-6.612036e-03	-6.172647e-03
290           	shield_slave	-1.433782e-02	-1.164643e-02	-3.999081e-03
291           	OVC	-1.459138e-02	-6.612036e-03	-6.172647e-03
291           	shield_slave	-1.433782e-02	-1.164643e-02	-3.999081e-03
292           	OVC	-1.459138e-02	-6.612036e-03	-6.172647e-03
292           	shield_slave	-1.433782e-02	-1.164643e-02	-3.999081e-03
293           	OVC	-1.459138e-02	-6.612036e-03	-6.172647e-03
293           	shield_slave	-1.433782e-02	-1.164643e-02	-3.999081e-03
294           	OVC	-1.459138e-02	-6.612036e-03	-6.172647e-03
294           	shield_slave	-1.433782e-02	-1.164643e-02	-3.999081e-03
295           	OVC	-1.459138e-02	-6.612036e-03	-6.172647e-03
295           	shield_slave	-1.433782e-02	-1.164643e-02	-3.999081e-03
296           	OVC	-1.459138e-02	-6.612036e-03	-6.172647e-03
296           	shield_slave	-1.433782e-02	-1.164643e-02	-3.999081e-03
297           	OVC	-1.459138e-02	-6.612036e-03	-6.172647e-03
297           	shield_slave	-1.433782e-02	-1.164643e-02	-3.999081e-03
298           	OVC	-1.459138e-02	-6.612036e-03	-6.172647e-03
298           	shield_slave	-1.433782e-02	-1.164643e-02	-3.999081e-03
299           	OVC	-1.459138e-02	-6.612036e-03	-6.172647e-03
299           	shield_slave	-1.433782e-02	-1.164643e-02	-3.999081e-03
300           	OVC	-1.459138e-02	-6.612036e-03	-6.172647e-03
300           	shield_slave	-1.433782e-02	-1.164643e-02	-3.999081e-03
301           	OVC	-1.459138e-02	-6.612036e-03	-6.172647e-03
301           	shield_slave	-1.433782e-02	-1.164643e-02	-3.999081e-03
302           	OVC	-1.459138e-02	-6.612036e-03	-6.172647e-03
302           	shield_slave	-1.433782e-02	-1.164643e-02	-3.999081e-03
303           	OVC	-1.459138e-02	-6.612036e-03	-6.172647e-03
303           	shield_slave	-1.433782e-02	-1.164643e-02	-3.999081e-03
304           	OVC	-1.459138e-02	-6.612036e-03	-6.172647e-03
304           	shield_slave	-1.433782e-02	-1.164643e-02	-3.999081e-03
305           	OVC	-1.459138e-02	-6.612036e-03	-6.172647e-03
305           	shield_slave	-1.433782e-02	-1.164643e-02	-3.999081e-03
306           	OVC	-1.459138e-02	-6.612036e-03	-6.172647e-03
306           	shield_slave	-1.433782e-02	-1.164643e-02	-3.999081e-03
307           	OVC	-1.459138e-02	-6.612036e-03	-6.172647e-03
307           	shield_slave	-1.433782e-02	-1.164643e-02	-3.999081e-03
308           	OVC	-1.459138e-02	-6.612036e-03	-6.172647e-03
308           	shield_slave	-1.433782e-02	-1.164643e-02	-3.999081e-03
309           	OVC	-1.459138e-02	-6.612036e-03	-6.172647e-03
309           	shield_slave	-1.433782e-02	-1.164643e-02	-3.999081e-03
310           	OVC	-1.459138e-02	-6.612036e-03	-6.172647e-03
310           	shield_slave	-1.433782e-02	-1.164643e-02	-3.999081e-03
311           	OVC	-1.459138e-02	-6.612036e-03	-6.172647e-03
311           	shield_slave	-1.433782e-02	-1.164643e-02	-3.999081e-03
312           	OVC	-1.459138e-02	-6.612036e-03	-6.172647e-03
312           	shield_slave	-1.433782e-02	-1.164643e-02	-3.999081e-03
313           	OVC	-1.459138e-02	-6.612036e-03	-6.172647e-03
313           	shield_slave	-1.433782e-02	-1.164643e-02	-3.999081e-03
314           	OVC	-1.459138e-02	-6.612036e-03	-6.172647e-03
314           	shield_slave	-1.433782e-02	-1.164643e-02	-3.999081e-03
315           	OVC	-1.459138e-02	-6.612036e-03	-6.172647e-03
315           	shield_slave	-1.433782e-02	-1.164643e-02	-3.999081e-03
316           	OVC	-1.459138e-02	-6.612036e-03	-6.172647e-03
316           	shield_slave	-1.433782e-02	-1.164643e-02	-3.999081e-03
317           	OVC	-1.459138e-02	-6.612036e-03	-6.172647e-03
317           	shield_slave	-1.433782e-02	-1.164643e-02	-3.999081e-03
318           	OVC	-1.459138e-02	-6.612036e-03	-6.172647e-03
318           	shield_slave	-1.433782e-02	-1.164643e-02	-3.999081e-03
319           	OVC	-1.459138e-02	-6.612036e-03	-6.172647e-03
319           	shield_slave	-1.433782e-02	-1.164643e-02	-3.999081e-03
320           	OVC	-1.459138e-02	-6.612036e-03	-6.172647e-03
320           	shield_slave	-1.433782e-02	-1.164643e-02	-3.999081e-03
321           	OVC	-1.459138e-02	-6.612036e-03	-6.172647e-03
321           	shield_slave	-1.433782e-02	-1.164643e-02	-3.999081e-03
322           	OVC	-1.459138e-02	-6.612036e-03	-6.172647e-03
322           	shield_slave	-1.433782e-02	-1.164643e-02	-3.999081e-03
323           	OVC	-1.459138e-02	-6.612036e-03	-6.172647e-03
323           	shield_slave	-1.433782e-02	-1.164643e-02	-3.999081e-03
324           	OVC	-1.459138e-02	-6.612036e-03	-6.172647e-03
324           	shield_slave	-1.433782e-02	-1.164643e-02	-3.999081e-03
325           	OVC	-1.459138e-02	-6.612036e-03	-6.172647e-03
325           	shield_slave	-1.433782e-02	-1.164643e-02	-3.999081e-03
326           	OVC	-1.459138e-02	-6.612036e-03	-6.172647e-03
326           	shield_slave	-1.433782e-02	-1.164643e-02	-3.999081e-03
327           	OVC	-1.459138e-02	-6.612036e-03	-6.172647e-03
327           	shield_slave	-1.433782e-02	-1.164643e-02	-3.999081e-03
328           	OVC	-1.459138e-02	-6.612036e-03	-6.172647e-03
328           	shield_slave	-1.433782e-02	-1.164643e-02	-3.999081e-03
329           	OVC	-1.459138e-02	-6.612036e-03	-6.172647e-03
329           	shield_slave	-1.433782e-02	-1.164643e-02	-3.999081e-03
330           	OVC	-1.459138e-02	-6.612036e-03	-6.172647e-03
330           	shield_slave	-1.433782e-02	-1.164643e-02	-3.999081e-03
331           	OVC	-1.459138e-02	-6.612036e-03	-6.172647e-03
331           	shield_slave	-1.433782e-02	-1.164643e-02	-3.999081e-03
332           	OVC	-1.459138e-02	-6.612036e-03	-6.172647e-03
332           	shield_slave	-1.433782e-02	-1.164643e-02	-3.999081e-03
333           	OVC	-1.459138e-02	-6.612036e-03	-6.172647e-03
333           	shield_slave	-1.433782e-02	-1.164643e-02	-3.999081e-03
334           	OVC	-1.459138e-02	-6.612036e-03	-6.172647e-03
334           	shield_slave	-1.433782e-02	-1.164643e-02	-3.999081e-03
335           	OVC	-1.459138e-02	-6.612036e-03	-6.172647e-03
335           	shield_slave	-1.433782e-02	-1.164643e-02	-3.999081e-03
336           	OVC	-1.459138e-02	-6.612036e-03	-6.172647e-03
336           	shield_slave	-1.433782e-02	-1.164643e-02	-3.999081e-03
337           	OVC	-1.459138e-02	-6.612036e-03	-6.172647e-03
337           	shield_slave	-1.433782e-02	-1.164643e-02	-3.999081e-03
338           	OVC	-1.459138e-02	-6.612036e-03	-6.172647e-03
338           	shield_slave	-1.433782e-02	-1.164643e-02	-3.999081e-03
339           	OVC	-1.459138e-02	-6.612036e-03	-6.172647e-03
339           	shield_slave	-1.433782e-02	-1.164643e-02	-3.999081e-03
340           	OVC	-1.459138e-02	-6.612036e-03	-6.172647e-03
340           	shield_slave	-1.433782e-02	-1.164643e-02	-3.999081e-03
341           	OVC	-1.459138e-02	-6.612036e-03	-6.172647e-03
341           	shield_slave	-1.433782e-02	-1.164643e-02	-3.999081e-03
342           	OVC	-1.459138e-02	-6.612036e-03	-6.172647e-03
342           	shield_slave	-1.433782e-02	-1.164643e-02	-3.999081e-03
343           	OVC	-1.459138e-02	-6.612036e-03	-6.172647e-03
343           	shield_slave	-1.433782e-02	-1.164643e-02	-3.999081e-03
344           	OVC	-1.459138e-02	-6.612036e-03	-6.172647e-03
344           	shield_slave	-1.433782e-02	-1.164643e-02	-3.999081e-03
345           	OVC	-1.459138e-02	-6.612036e-03	-6.172647e-03
345           	shield_slave	-1.433782e-02	-1.164643e-02	-3.999081e-03
346           	OVC	-1.459138e-02	-6.612036e-03	-6.172647e-03
346           	shield_slave	-1.433782e-02	-1.164643e-02	-3.999081e-03
347           	OVC	-1.459138e-02	-6.612036e-03	-6.172647e-03
347           	shield_slave	-1.433782e-02	-1.164643e-02	-3.999081e-03
348           	OVC	-1.459138e-02	-6.612036e-03	-6.172647e-03
348           	shield_slave	-1.433782e-02	-1.164643e-02	-3.999081e-03
349           	OVC	-1.459138e-02	-6.612036e-03	-6.172647e-03
349           	shield_slave	-1.433782e-02	-1.164643e-02	-3.999081e-03
350           	OVC	-1.459138e-02	-6.612036e-03	-6.172647e-03
350           	shield_slave	-1.433782e-02	-1.164643e-02	-3.999081e-03
351           	OVC	-1.459138e-02	-6.612036e-03	-6.172647e-03
351           	shield_slave	-1.433782e-02	-1.164643e-02	-3.999081e-03
352           	OVC	-1.459138e-02	-6.612036e-03	-6.172647e-03
352           	shield_slave	-1.433782e-02	-1.164643e-02	-3.999081e-03
353           	OVC	-1.459138e-02	-6.612036e-03	-6.172647e-03
353           	shield_slave	-1.433782e-02	-1.164643e-02	-3.999081e-03
354           	OVC	-1.459138e-02	-6.612036e-03	-6.172647e-03
354           	shield_slave	-1.433782e-02	-1.164643e-02	-3.999081e-03
355           	OVC	-1.459138e-02	-6.612036e-03	-6.172647e-03
355           	shield_slave	-1.433782e-02	-1.164643e-02	-3.999081e-03
356           	OVC	-1.459138e-02	-6.612036e-03	-6.172647e-03
356           	shield_slave	-1.433782e-02	-1.164643e-02	-3.999081e-03
357           	OVC	-1.459138e-02	-6.612036e-03	-6.172647e-03
357           	shield_slave	-1.433782e-02	-1.164643e-02	-3.999081e-03
358           	OVC	-1.459138e-02	-6.612036e-03	-6.172647e-03
358           	shield_slave	-1.433782e-02	-1.164643e-02	-3.999081e-03
359           	OVC	-1.459138e-02	-6.612036e-03	-6.172647e-03
359           	shield_slave	-1.433782e-02	-1.164643e-02	-3.999081e-03
360           	OVC	-1.459138e-02	-6.612036e-03	-6.172647e-03
360           	shield_slave	-1.433782e-02	-1.164643e-02	-3.999081e-03
361           	OVC	-1.459138e-02	-6.612036e-03	-6.172647e-03
361           	shield_slave	-1.433782e-02	-1.164643e-02	-3.999081e-03
362           	OVC	-1.459138e-02	-6.612036e-03	-6.172647e-03
362           	shield_slave	-1.433782e-02	-1.164643e-02	-3.999081e-03
363           	OVC	-1.459138e-02	-6.612036e-03	-6.172647e-03
363           	shield_slave	-1.433782e-02	-1.164643e-02	-3.999081e-03
364           	OVC	-1.459138e-02	-6.612036e-03	-6.172647e-03
364           	shield_slave	-1.433782e-02	-1.164643e-02	-3.999081e-03
365           	OVC	-1.459138e-02	-6.612036e-03	-6.172647e-03
365           	shield_slave	-1.433782e-02	-1.164643e-02	-3.999081e-03
366           	OVC	-1.459138e-02	-6.612036e-03	-6.172647e-03
366           	shield_slave	-1.433782e-02	-1.164643e-02	-3.999081e-03
367           	OVC	-1.459138e-02	-6.612036e-03	-6.172647e-03
367           	shield_slave	-1.433782e-02	-1.164643e-02	-3.999081e-03
368           	OVC	-1.459138e-02	-6.612036e-03	-6.172647e-03
368           	shield_slave	-1.433782e-02	-1.164643e-02	-3.999081e-03
369           	OVC	-1.459138e-02	-6.612036e-03	-6.172647e-03
369           	shield_slave	-1.433782e-02	-1.164643e-02	-3.999081e-03
370           	OVC	-1.459138e-02	-6.612036e-03	-6.172647e-03
370           	shield_slave	-1.433782e-02	-1.164643e-02	-3.999081e-03
371           	OVC	-1.459138e-02	-6.612036e-03	-6.172647e-03
371           	shield_slave	-1.433782e-02	-1.164643e-02	-3.999081e-03
372           	OVC	-1.459138e-02	-6.612036e-03	-6.172647e-03
372           	shield_slave	-1.433782e-02	-1.164643e-02	-3.999081e-03
373           	OVC	-1.459138e-02	-6.612036e-03	-6.172647e-03
373           	shield_slave	-1.433782e-02	-1.164643e-02	-3.999081e-03
374           	OVC	-1.459138e-02	-6.612036e-03	-6.172647e-03
374           	shield_slave	-1.433782e-02	-1.164643e-02	-3.999081e-03
375           	OVC	-1.459138e-02	-6.612036e-03	-6.172647e-03
375           	shield_slave	-1.433782e-02	-1.164643e-02	-3.999081e-03
376           	OVC	-1.459138e-02	-6.612036e-03	-6.172647e-03
376           	shield_slave	-1.433782e-02	-1.164643e-02	-3.999081e-03
377           	OVC	-1.459138e-02	-6.612036e-03	-6.172647e-03
377           	shield_slave	-1.433782e-02	-1.164643e-02	-3.999081e-03
378           	OVC	-1.459138e-02	-6.612036e-03	-6.172647e-03
378           	shield_slave	-1.433782e-02	-1.164643e-02	-3.999081e-03
379           	OVC	-1.459138e-02	-6.612036e-03	-6.172647e-03
379           	shield_slave	-1.433782e-02	-1.164643e-02	-3.999081e-03
380           	OVC	-1.459138e-02	-6.612036e-03	-6.172647e-03
380           	shield_slave	-1.433782e-02	-1.164643e-02	-3.999081e-03
381           	OVC	-1.459138e-02	-6.612036e-03	-6.172647e-03
381           	shield_slave	-1.433782e-02	-1.164643e-02	-3.999081e-03
382           	OVC	-1.459138e-02	-6.612036e-03	-6.172647e-03
382           	shield_slave	-1.433782e-02	-1.164643e-02	-3.999081e-03
383           	OVC	-1.459138e-02	-6.612036e-03	-6.172647e-03
383           	shield_slave	-1.433782e-02	-1.164643e-02	-3.999081e-03
384           	OVC	-1.459138e-02	-6.612036e-03	-6.172647e-03
384           	shield_slave	-1.433782e-02	-1.164643e-02	-3.999081e-03
385           	OVC	-1.459138e-02	-6.612036e-03	-6.172647e-03
385           	shield_slave	-1.433782e-02	-1.164643e-02	-3.999081e-03
386           	OVC	-1.459138e-02	-6.612036e-03	-6.172647e-03
386           	shield_slave	-1.433782e-02	-1.164643e-02	-3.999081e-03
387           	OVC	-1.459138e-02	-6.612036e-03	-6.172647e-03
387           	shield_slave	-1.433782e-02	-1.164643e-02	-3.999081e-03
388           	OVC	-1.459138e-02	-6.612036e-03	-6.172647e-03
388           	shield_slave	-1.433782e-02	-1.164643e-02	-3.999081e-03
389           	OVC	-1.459138e-02	-6.612036e-03	-6.172647e-03
389           	shield_slave	-1.433782e-02	-1.164643e-02	-3.999081e-03
390           	OVC	-1.459138e-02	-6.612036e-03	-6.172647e-03
390           	shield_slave	-1.433782e-02	-1.164643e-02	-3.999081e-03
391           	OVC	-1.459138e-02	-6.612036e-03	-6.172647e-03
391           	shield_slave	-1.433782e-02	-1.164643e-02	-3.999081e-03
392           	OVC	-1.459138e-02	-6.612036e-03	-6.172647e-03
392           	shield_slave	-1.433782e-02	-1.164643e-02	-3.999081e-03
393           	OVC	-1.459138e-02	-6.612036e-03	-6.172647e-03
393           	shield_slave	-1.433782e-02	-1.164643e-02	-3.999081e-03
394           	OVC	-1.459138e-02	-6.612036e-03	-6.172647e-03
394           	shield_slave	-1.433782e-02	-1.164643e-02	-3.999081e-03
395           	OVC	-1.459138e-02	-6.612036e-03	-6.172647e-03
395           	shield_slave	-1.433782e-02	-1.164643e-02	-3.999081e-03
396           	OVC	-1.459138e-02	-6.612036e-03	-6.172647e-03
396           	shield_slave	-1.433782e-02	-1.164643e-02	-3.999081e-03
397           	OVC	-1.459138e-02	-6.612036e-03	-6.172647e-03
397           	shield_slave	-1.433782e-02	-1.164643e-02	-3.999081e-03
398           	OVC	-1.459138e-02	-6.612036e-03	-6.172647e-03
398           	shield_slave	-1.433782e-02	-1.164643e-02	-3.999081e-03
399           	OVC	-1.459138e-02	-6.612036e-03	-6.172647e-03
399           	shield_slave	-1.433782e-02	-1.164643e-02	-3.999081e-03
400           	OVC	-1.459138e-02	-6.612036e-03	-6.172647e-03
400           	shield_slave	-1.433782e-02	-1.164643e-02	-3.999081e-03
401           	OVC	-1.459138e-02	-6.612036e-03	-6.172647e-03
401           	shield_slave	-1.433782e-02	-1.164643e-02	-3.999081e-03
402           	OVC	-1.459138e-02	-6.612036e-03	-6.172647e-03
402           	shield_slave	-1.433782e-02	-1.164643e-02	-3.999081e-03
403           	OVC	-1.459138e-02	-6.612036e-03	-6.172647e-03
403           	shield_slave	-1.433782e-02	-1.164643e-02	-3.999081e-03
404           	OVC	-1.459138e-02	-6.612036e-03	-6.172647e-03
404           	shield_slave	-1.433782e-02	-1.164643e-02	-3.999081e-03
405           	OVC	-1.459138e-02	-6.612036e-03	-6.172647e-03
405           	shield_slave	-1.433782e-02	-1.164643e-02	-3.999081e-03
406           	OVC	-1.459138e-02	-6.612036e-03	-6.172647e-03
406           	shield_slave	-1.433782e-02	-1.164643e-02	-3.999081e-03
407           	OVC	-1.459138e-02	-6.612036e-03	-6.172647e-03
407           	shield_slave	-1.433782e-02	-1.164643e-02	-3.999081e-03
408           	OVC	-1.459138e-02	-6.612036e-03	-6.172647e-03
408           	shield_slave	-1.433782e-02	-1.164643e-02	-3.999081e-03
409           	OVC	-1.459138e-02	-6.612036e-03	-6.172647e-03
409           	shield_slave	-1.433782e-02	-1.164643e-02	-3.999081e-03
410           	OVC	-1.459138e-02	-6.612036e-03	-6.172647e-03
410           	shield_slave	-1.433782e-02	-1.164643e-02	-3.999081e-03
411           	OVC	-1.459138e-02	-6.612036e-03	-6.172647e-03
411           	shield_slave	-1.433782e-02	-1.164643e-02	-3.999081e-03
412           	OVC	-1.459138e-02	-6.612036e-03	-6.172647e-03
412           	shield_slave	-1.433782e-02	-1.164643e-02	-3.999081e-03
413           	OVC	-1.459138e-02	-6.612036e-03	-6.172647e-03
413           	shield_slave	-1.433782e-02	-1.164643e-02	-3.999081e-03
414           	OVC	-1.459138e-02	-6.612036e-03	-6.172647e-03
414           	shield_slave	-1.433782e-02	-1.164643e-02	-3.999081e-03
415           	OVC	-1.459138e-02	-6.612036e-03	-6.172647e-03
415           	shield_slave	-1.433782e-02	-1.164643e-02	-3.999081e-03
416           	OVC	-1.459138e-02	-6.612036e-03	-6.172647e-03
416           	shield_slave	-1.433782e-02	-1.164643e-02	-3.999081e-03
417           	OVC	-1.459138e-02	-6.612036e-03	-6.172647e-03
417           	shield_slave	-1.433782e-02	-1.164643e-02	-3.999081e-03
418           	OVC	-1.459138e-02	-6.612036e-03	-6.172647e-03
418           	shield_slave	-1.433782e-02	-1.164643e-02	-3.999081e-03
419           	OVC	-1.459138e-02	-6.612036e-03	-6.172647e-03
419           	shield_slave	-1.433782e-02	-1.164643e-02	-3.999081e-03
420           	OVC	-1.459138e-02	-6.612036e-03	-6.172647e-03
420           	shield_slave	-1.433782e-02	-1.164643e-02	-3.999081e-03
421           	OVC	-1.459138e-02	-6.612036e-03	-6.172647e-03
421           	shield_slave	-1.433782e-02	-1.164643e-02	-3.999081e-03
422           	OVC	-1.459138e-02	-6.612036e-03	-6.172647e-03
422           	shield_slave	-1.433782e-02	-1.164643e-02	-3.999081e-03
423           	OVC	-1.459138e-02	-6.612036e-03	-6.172647e-03
423           	shield_slave	-1.433782e-02	-1.164643e-02	-3.999081e-03
424           	OVC	-1.459138e-02	-6.612036e-03	-6.172647e-03
424           	shield_slave	-1.433782e-02	-1.164643e-02	-3.999081e-03
425           	OVC	-1.459138e-02	-6.612036e-03	-6.172647e-03
425           	shield_slave	-1.433782e-02	-1.164643e-02	-3.999081e-03
426           	OVC	-1.459138e-02	-6.612036e-03	-6.172647e-03
426           	shield_slave	-1.433782e-02	-1.164643e-02	-3.999081e-03
427           	OVC	-1.459138e-02	-6.612036e-03	-6.172647e-03
427           	shield_slave	-1.433782e-02	-1.164643e-02	-3.999081e-03
428           	OVC	-1.459138e-02	-6.612036e-03	-6.172647e-03
428           	shield_slave	-1.433782e-02	-1.164643e-02	-3.999081e-03
429           	OVC	-1.459138e-02	-6.612036e-03	-6.172647e-03
429           	shield_slave	-1.433782e-02	-1.164643e-02	-3.999081e-03
430           	OVC	-1.459138e-02	-6.612036e-03	-6.172647e-03
430           	shield_slave	-1.433782e-02	-1.164643e-02	-3.999081e-03
431           	OVC	-1.459138e-02	-6.612036e-03	-6.172647e-03
431           	shield_slave	-1.433782e-02	-1.164643e-02	-3.999081e-03
432           	OVC	-1.459138e-02	-6.612036e-03	-6.172647e-03
432           	shield_slave	-1.433782e-02	-1.164643e-02	-3.999081e-03
433           	OVC	-1.459138e-02	-6.612036e-03	-6.172647e-03
433           	shield_slave	-1.433782e-02	-1.164643e-02	-3.999081e-03
434           	OVC	-1.459138e-02	-6.612036e-03	-6.172647e-03
434           	shield_slave	-1.433782e-02	-1.164643e-02	-3.999081e-03
435           	OVC	-1.459138e-02	-6.612036e-03	-6.172647e-03
435           	shield_slave	-1.433782e-02	-1.164643e-02	-3.999081e-03
436           	OVC	-1.459138e-02	-6.612036e-03	-6.172647e-03
436           	shield_slave	-1.433782e-02	-1.164643e-02	-3.999081e-03
437           	OVC	-1.459138e-02	-6.612036e-03	-6.172647e-03
437           	shield_slave	-1.433782e-02	-1.164643e-02	-3.999081e-03
438           	OVC	-1.459138e-02	-6.612036e-03	-6.172647e-03
438           	shield_slave	-1.433782e-02	-1.164643e-02	-3.999081e-03
439           	OVC	-1.459138e-02	-6.612036e-03	-6.172647e-03
439           	shield_slave	-1.433782e-02	-1.164643e-02	-3.999081e-03
440           	OVC	-1.459138e-02	-6.612036e-03	-6.172647e-03
440           	shield_slave	-1.433782e-02	-1.164643e-02	-3.999081e-03
441           	OVC	-1.459138e-02	-6.612036e-03	-6.172647e-03
441           	shield_slave	-1.433782e-02	-1.164643e-02	-3.999081e-03
442           	OVC	-1.459138e-02	-6.612036e-03	-6.172647e-03
442           	shield_slave	-1.433782e-02	-1.164643e-02	-3.999081e-03
443           	OVC	-1.459138e-02	-6.612036e-03	-6.172647e-03
443           	shield_slave	-1.433782e-02	-1.164643e-02	-3.999081e-03
444           	OVC	-1.459138e-02	-6.612036e-03	-6.172647e-03
444           	shield_slave	-1.433782e-02	-1.164643e-02	-3.999081e-03
445           	OVC	-1.459138e-02	-6.612036e-03	-6.172647e-03
445           	shield_slave	-1.433782e-02	-1.164643e-02	-3.999081e-03
446           	OVC	-1.459138e-02	-6.612036e-03	-6.172647e-03
446           	shield_slave	-1.433782e-02	-1.164643e-02	-3.999081e-03
447           	OVC	-1.459138e-02	-6.612036e-03	-6.172647e-03
447           	shield_slave	-1.433782e-02	-1.164643e-02	-3.999081e-03
448           	OVC	-1.459138e-02	-6.612036e-03	-6.172647e-03
448           	shield_slave	-1.433782e-02	-1.164643e-02	-3.999081e-03
449           	OVC	-1.459138e-02	-6.612036e-03	-6.172647e-03
449           	shield_slave	-1.433782e-02	-1.164643e-02	-3.999081e-03
450           	OVC	-1.459138e-02	-6.612036e-03	-6.172647e-03
450           	shield_slave	-1.433782e-02	-1.164643e-02	-3.999081e-03
451           	OVC	-1.459138e-02	-6.612036e-03	-6.172647e-03
451           	shield_slave	-1.433782e-02	-1.164643e-02	-3.999081e-03
452           	OVC	-1.459138e-02	-6.612036e-03	-6.172647e-03
452           	shield_slave	-1.433782e-02	-1.164643e-02	-3.999081e-03
453           	OVC	-1.459138e-02	-6.612036e-03	-6.172647e-03
453           	shield_slave	-1.433782e-02	-1.164643e-02	-3.999081e-03
454           	OVC	-1.459138e-02	-6.612036e-03	-6.172647e-03
454           	shield_slave	-1.433782e-02	-1.164643e-02	-3.999081e-03
455           	OVC	-1.459138e-02	-6.612036e-03	-6.172647e-03
455           	shield_slave	-1.433782e-02	-1.164643e-02	-3.999081e-03
456           	OVC	-1.459138e-02	-6.612036e-03	-6.172647e-03
456           	shield_slave	-1.433782e-02	-1.164643e-02	-3.999081e-03
457           	OVC	-1.459138e-02	-6.612036e-03	-6.172647e-03
457           	shield_slave	-1.433782e-02	-1.164643e-02	-3.999081e-03
458           	OVC	-1.459138e-02	-6.612036e-03	-6.172647e-03
458           	shield_slave	-1.433782e-02	-1.164643e-02	-3.999081e-03
459           	OVC	-1.459138e-02	-6.612036e-03	-6.172647e-03
459           	shield_slave	-1.433782e-02	-1.164643e-02	-3.999081e-03
460           	OVC	-1.459138e-02	-6.612036e-03	-6.172647e-03
460           	shield_slave	-1.433782e-02	-1.164643e-02	-3.999081e-03
461           	OVC	-1.459138e-02	-6.612036e-03	-6.172647e-03
461           	shield_slave	-1.433782e-02	-1.164643e-02	-3.999081e-03
462           	OVC	-1.459138e-02	-6.612036e-03	-6.172647e-03
462           	shield_slave	-1.433782e-02	-1.164643e-02	-3.999081e-03
463           	OVC	-1.459138e-02	-6.612036e-03	-6.172647e-03
463           	shield_slave	-1.433782e-02	-1.164643e-02	-3.999081e-03
464           	OVC	-1.459138e-02	-6.612036e-03	-6.172647e-03
464           	shield_slave	-1.433782e-02	-1.164643e-02	-3.999081e-03
465           	OVC	-1.459138e-02	-6.612036e-03	-6.172647e-03
465           	shield_slave	-1.433782e-02	-1.164643e-02	-3.999081e-03
466           	OVC	-1.459138e-02	-6.612036e-03	-6.172647e-03
466           	shield_slave	-1.433782e-02	-1.164643e-02	-3.999081e-03
467           	OVC	-1.459138e-02	-6.612036e-03	-6.172647e-03
467           	shield_slave	-1.433782e-02	-1.164643e-02	-3.999081e-03
468           	OVC	-1.459138e-02	-6.612036e-03	-6.172647e-03
468           	shield_slave	-1.433782e-02	-1.164643e-02	-3.999081e-03
469           	OVC	-1.459138e-02	-6.612036e-03	-6.172647e-03
469           	shield_slave	-1.433782e-02	-1.164643e-02	-3.999081e-03
470           	OVC	-1.459138e-02	-6.612036e-03	-6.172647e-03
470           	shield_slave	-1.433782e-02	-1.164643e-02	-3.999081e-03
471           	OVC	-1.459138e-02	-6.612036e-03	-6.172647e-03
471           	shield_slave	-1.433782e-02	-1.164643e-02	-3.999081e-03
472           	OVC	-1.459138e-02	-6.612036e-03	-6.172647e-03
472           	shield_slave	-1.433782e-02	-1.164643e-02	-3.999081e-03
473           	OVC	-1.459138e-02	-6.612036e-03	-6.172647e-03
473           	shield_slave	-1.433782e-02	-1.164643e-02	-3.999081e-03
474           	OVC	-1.459138e-02	-6.612036e-03	-6.172647e-03
474           	shield_slave	-1.433782e-02	-1.164643e-02	-3.999081e-03
475           	OVC	-1.459138e-02	-6.612036e-03	-6.172647e-03
475           	shield_slave	-1.433782e-02	-1.164643e-02	-3.999081e-03
476           	OVC	-1.459138e-02	-6.612036e-03	-6.172647e-03
476           	shield_slave	-1.433782e-02	-1.164643e-02	-3.999081e-03
477           	OVC	-1.459138e-02	-6.612036e-03	-6.172647e-03
477           	shield_slave	-1.433782e-02	-1.164643e-02	-3.999081e-03
478           	OVC	-1.459138e-02	-6.612036e-03	-6.172647e-03
478           	shield_slave	-1.433782e-02	-1.164643e-02	-3.999081e-03
479           	OVC	-1.459138e-02	-6.612036e-03	-6.172647e-03
479           	shield_slave	-1.433782e-02	-1.164643e-02	-3.999081e-03
480           	OVC	-1.459138e-02	-6.612036e-03	-6.172647e-03
480           	shield_slave	-1.433782e-02	-1.164643e-02	-3.999081e-03
481           	OVC	-1.459138e-02	-6.612036e-03	-6.172647e-03
481           	shield_slave	-1.433782e-02	-1.164643e-02	-3.999081e-03
482           	OVC	-1.459138e-02	-6.612036e-03	-6.172647e-03
482           	shield_slave	-1.433782e-02	-1.164643e-02	-3.999081e-03
483           	OVC	-1.459138e-02	-6.612036e-03	-6.172647e-03
483           	shield_slave	-1.433782e-02	-1.164643e-02	-3.999081e-03
484           	OVC	-1.459138e-02	-6.612036e-03	-6.172647e-03
484           	shield_slave	-1.433782e-02	-1.164643e-02	-3.999081e-03
485           	OVC	-1.459138e-02	-6.612036e-03	-6.172647e-03
485           	shield_slave	-1.433782e-02	-1.164643e-02	-3.999081e-03
486           	OVC	-1.459138e-02	-6.612036e-03	-6.172647e-03
486           	shield_slave	-1.433782e-02	-1.164643e-02	-3.999081e-03
487           	OVC	-1.459138e-02	-6.612036e-03	-6.172647e-03
487           	shield_slave	-1.433782e-02	-1.164643e-02	-3.999081e-03
488           	OVC	-1.459138e-02	-6.612036e-03	-6.172647e-03
488           	shield_slave	-1.433782e-02	-1.164643e-02	-3.999081e-03
489           	OVC	-1.459138e-02	-6.612036e-03	-6.172647e-03
489           	shield_slave	-1.433782e-02	-1.164643e-02	-3.999081e-03
490           	OVC	-1.459138e-02	-6.612036e-03	-6.172647e-03
490           	shield_slave	-1.433782e-02	-1.164643e-02	-3.999081e-03
491           	OVC	-1.459138e-02	-6.612036e-03	-6.172647e-03
491           	shield_slave	-1.433782e-02	-1.164643e-02	-3.999081e-03
492           	OVC	-1.459138e-02	-6.612036e-03	-6.172647e-03
492           	shield_slave	-1.433782e-02	-1.164643e-02	-3.999081e-03
493           	OVC	-1.459138e-02	-6.612036e-03	-6.172647e-03
493           	shield_slave	-1.433782e-02	-1.164643e-02	-3.999081e-03
494           	OVC	-1.459138e-02	-6.612036e-03	-6.172647e-03
494           	shield_slave	-1.433782e-02	-1.164643e-02	-3.999081e-03
495           	OVC	-1.459138e-02	-6.612036e-03	-6.172647e-03
495           	shield_slave	-1.433782e-02	-1.164643e-02	-3.999081e-03
496           	OVC	-1.459138e-02	-6.612036e-03	-6.172647e-03
496           	shield_slave	-1.433782e-02	-1.164643e-02	-3.999081e-03
497           	OVC	-1.459138e-02	-6.612036e-03	-6.172647e-03
497           	shield_slave	-1.433782e-02	-1.164643e-02	-3.999081e-03
498           	OVC	-1.459138e-02	-6.612036e-03	-6.172647e-03
498           	shield_slave	-1.433782e-02	-1.164643e-02	-3.999081e-03
499           	OVC	-1.459138e-02	-6.612036e-03	-6.172647e-03
499           	shield_slave	-1.433782e-02	-1.164643e-02	-3.999081e-03
500           	OVC	-1.459138e-02	-6.612036e-03	-6.172647e-03
500           	shield_slave	-1.433782e-02	-1.164643e-02	-3.999081e-03
501           	OVC	-1.459138e-02	-6.612036e-03	-6.172647e-03
501           	shield_slave	-1.433782e-02	-1.164643e-02	-3.999081e-03
502           	OVC	-1.459138e-02	-6.612036e-03	-6.172647e-03
502           	shield_slave	-1.433782e-02	-1.164643e-02	-3.999081e-03
503           	OVC	-1.459138e-02	-6.612036e-03	-6.172647e-03
503           	shield_slave	-1.433782e-02	-1.164643e-02	-3.999081e-03
504           	OVC	-1.459138e-02	-6.612036e-03	-6.172647e-03
504           	shield_slave	-1.433782e-02	-1.164643e-02	-3.999081e-03
505           	OVC	-1.459138e-02	-6.612036e-03	-6.172647e-03
505           	shield_slave	-1.433782e-02	-1.164643e-02	-3.999081e-03
506           	OVC	-1.459138e-02	-6.612036e-03	-6.172647e-03
506           	shield_slave	-1.433782e-02	-1.164643e-02	-3.999081e-03
507           	OVC	-1.459138e-02	-6.612036e-03	-6.172647e-03
507           	shield_slave	-1.433782e-02	-1.164643e-02	-3.999081e-03
508           	OVC	-1.459138e-02	-6.612036e-03	-6.172647e-03
508           	shield_slave	-1.433782e-02	-1.164643e-02	-3.999081e-03
509           	OVC	-1.459138e-02	-6.612036e-03	-6.172647e-03
509           	shield_slave	-1.433782e-02	-1.164643e-02	-3.999081e-03
510           	OVC	-1.459138e-02	-6.612036e-03	-6.172647e-03
510           	shield_slave	-1.433782e-02	-1.164643e-02	-3.999081e-03
511           	OVC	-1.459138e-02	-6.612036e-03	-6.172647e-03
511           	shield_slave	-1.433782e-02	-1.164643e-02	-3.999081e-03
512           	OVC	-1.459138e-02	-6.612036e-03	-6.172647e-03
512           	shield_slave	-1.433782e-02	-1.164643e-02	-3.999081e-03
513           	OVC	-1.459138e-02	-6.612036e-03	-6.172647e-03
513           	shield_slave	-1.433782e-02	-1.164643e-02	-3.999081e-03
514           	OVC	-1.459138e-02	-6.612036e-03	-6.172647e-03
514           	shield_slave	-1.433782e-02	-1.164643e-02	-3.999081e-03
515           	OVC	-1.459138e-02	-6.612036e-03	-6.172647e-03
515           	shield_slave	-1.433782e-02	-1.164643e-02	-3.999081e-03
516           	OVC	-1.459138e-02	-6.612036e-03	-6.172647e-03
516           	shield_slave	-1.433782e-02	-1.164643e-02	-3.999081e-03
517           	OVC	-1.459138e-02	-6.612036e-03	-6.172647e-03
517           	shield_slave	-1.433782e-02	-1.164643e-02	-3.999081e-03
518           	OVC	-1.459138e-02	-6.612036e-03	-6.172647e-03
518           	shield_slave	-1.433782e-02	-1.164643e-02	-3.999081e-03
519           	OVC	-1.459138e-02	-6.612036e-03	-6.172647e-03
519           	shield_slave	-1.433782e-02	-1.164643e-02	-3.999081e-03
520           	OVC	-1.459138e-02	-6.612036e-03	-6.172647e-03
520           	shield_slave	-1.433782e-02	-1.164643e-02	-3.999081e-03
521           	OVC	-1.459138e-02	-6.612036e-03	-6.172647e-03
521           	shield_slave	-1.433782e-02	-1.164643e-02	-3.999081e-03
522           	OVC	-1.459138e-02	-6.612036e-03	-6.172647e-03
522           	shield_slave	-1.433782e-02	-1.164643e-02	-3.999081e-03
523           	OVC	-1.459138e-02	-6.612036e-03	-6.172647e-03
523           	shield_slave	-1.433782e-02	-1.164643e-02	-3.999081e-03
524           	OVC	-1.459138e-02	-6.612036e-03	-6.172647e-03
524           	shield_slave	-1.433782e-02	-1.164643e-02	-3.999081e-03
525           	OVC	-1.459138e-02	-6.612036e-03	-6.172647e-03
525           	shield_slave	-1.433782e-02	-1.164643e-02	-3.999081e-03
526           	OVC	-1.459138e-02	-6.612036e-03	-6.172647e-03
526           	shield_slave	-1.433782e-02	-1.164643e-02	-3.999081e-03
527           	OVC	-1.459138e-02	-6.612036e-03	-6.172647e-03
527           	shield_slave	-1.433782e-02	-1.164643e-02	-3.999081e-03
528           	OVC	-1.459138e-02	-6.612036e-03	-6.172647e-03
528           	shield_slave	-1.433782e-02	-1.164643e-02	-3.999081e-03
529           	OVC	-1.459138e-02	-6.612036e-03	-6.172647e-03
529           	shield_slave	-1.433782e-02	-1.164643e-02	-3.999081e-03
530           	OVC	-1.459138e-02	-6.612036e-03	-6.172647e-03
530           	shield_slave	-1.433782e-02	-1.164643e-02	-3.999081e-03
531           	OVC	-1.459138e-02	-6.612036e-03	-6.172647e-03
531           	shield_slave	-1.433782e-02	-1.164643e-02	-3.999081e-03
532           	OVC	-1.459138e-02	-6.612036e-03	-6.172647e-03
532           	shield_slave	-1.433782e-02	-1.164643e-02	-3.999081e-03
533           	OVC	-1.459138e-02	-6.612036e-03	-6.172647e-03
533           	shield_slave	-1.433782e-02	-1.164643e-02	-3.999081e-03
534           	OVC	-1.459138e-02	-6.612036e-03	-6.172647e-03
534           	shield_slave	-1.433782e-02	-1.164643e-02	-3.999081e-03
535           	OVC	-1.459138e-02	-6.612036e-03	-6.172647e-03
535           	shield_slave	-1.433782e-02	-1.164643e-02	-3.999081e-03
536           	OVC	-1.459138e-02	-6.612036e-03	-6.172647e-03
536           	shield_slave	-1.433782e-02	-1.164643e-02	-3.999081e-03
537           	OVC	-1.459138e-02	-6.612036e-03	-6.172647e-03
537           	shield_slave	-1.433782e-02	-1.164643e-02	-3.999081e-03
538           	OVC	-1.459138e-02	-6.612036e-03	-6.172647e-03
538           	shield_slave	-1.433782e-02	-1.164643e-02	-3.999081e-03
539           	OVC	-1.459138e-02	-6.612036e-03	-6.172647e-03
539           	shield_slave	-1.433782e-02	-1.164643e-02	-3.999081e-03
540           	OVC	-1.459138e-02	-6.612036e-03	-6.172647e-03
540           	shield_slave	-1.433782e-02	-1.164643e-02	-3.999081e-03
541           	OVC	-1.459138e-02	-6.612036e-03	-6.172647e-03
541           	shield_slave	-1.433782e-02	-1.164643e-02	-3.999081e-03
542           	OVC	-1.459138e-02	-6.612036e-03	-6.172647e-03
542           	shield_slave	-1.433782e-02	-1.164643e-02	-3.999081e-03
543           	OVC	-1.459138e-02	-6.612036e-03	-6.172647e-03
543           	shield_slave	-1.433782e-02	-1.164643e-02	-3.999081e-03
544           	OVC	-1.459138e-02	-6.612036e-03	-6.172647e-03
544           	shield_slave	-1.433782e-02	-1.164643e-02	-3.999081e-03
545           	OVC	-1.459138e-02	-6.612036e-03	-6.172647e-03
545           	shield_slave	-1.433782e-02	-1.164643e-02	-3.999081e-03
546           	OVC	-1.459138e-02	-6.612036e-03	-6.172647e-03
546           	shield_slave	-1.433782e-02	-1.164643e-02	-3.999081e-03
547           	OVC	-1.459138e-02	-6.612036e-03	-6.172647e-03
547           	shield_slave	-1.433782e-02	-1.164643e-02	-3.999081e-03
548           	OVC	-1.459138e-02	-6.612036e-03	-6.172647e-03
548           	shield_slave	-1.433782e-02	-1.164643e-02	-3.999081e-03
549           	OVC	-1.459138e-02	-6.612036e-03	-6.172647e-03
549           	shield_slave	-1.433782e-02	-1.164643e-02	-3.999081e-03
550           	OVC	-1.459138e-02	-6.612036e-03	-6.172647e-03
550           	shield_slave	-1.433782e-02	-1.164643e-02	-3.999081e-03
551           	OVC	-1.459138e-02	-6.612036e-03	-6.172647e-03
551           	shield_slave	-1.433782e-02	-1.164643e-02	-3.999081e-03
552           	OVC	-1.459138e-02	-6.612036e-03	-6.172647e-03
552           	shield_slave	-1.433782e-02	-1.164643e-02	-3.999081e-03
553           	OVC	-1.459138e-02	-6.612036e-03	-6.172647e-03
553           	shield_slave	-1.433782e-02	-1.164643e-02	-3.999081e-03
554           	OVC	-1.459138e-02	-6.612036e-03	-6.172647e-03
554           	shield_slave	-1.433782e-02	-1.164643e-02	-3.999081e-03
555           	OVC	-1.459138e-02	-6.612036e-03	-6.172647e-03
555           	shield_slave	-1.433782e-02	-1.164643e-02	-3.999081e-03
556           	OVC	-1.459138e-02	-6.612036e-03	-6.172647e-03
556           	shield_slave	-1.433782e-02	-1.164643e-02	-3.999081e-03
557           	OVC	-1.459138e-02	-6.612036e-03	-6.172647e-03
557           	shield_slave	-1.433782e-02	-1.164643e-02	-3.999081e-03
558           	OVC	-1.459138e-02	-6.612036e-03	-6.172647e-03
558           	shield_slave	-1.433782e-02	-1.164643e-02	-3.999081e-03
559           	OVC	-1.459138e-02	-6.612036e-03	-6.172647e-03
559           	shield_slave	-1.433782e-02	-1.164643e-02	-3.999081e-03
560           	OVC	-1.459138e-02	-6.612036e-03	-6.172647e-03
560           	shield_slave	-1.433782e-02	-1.164643e-02	-3.999081e-03
561           	OVC	-1.459138e-02	-6.612036e-03	-6.172647e-03
561           	shield_slave	-1.433782e-02	-1.164643e-02	-3.999081e-03
562           	OVC	-1.459138e-02	-6.612036e-03	-6.172647e-03
562           	shield_slave	-1.433782e-02	-1.164643e-02	-3.999081e-03
563           	OVC	-1.459138e-02	-6.612036e-03	-6.172647e-03
563           	shield_slave	-1.433782e-02	-1.164643e-02	-3.999081e-03
564           	OVC	-1.459138e-02	-6.612036e-03	-6.172647e-03
564           	shield_slave	-1.433782e-02	-1.164643e-02	-3.999081e-03
565           	OVC	-1.459138e-02	-6.612036e-03	-6.172647e-03
565           	shield_slave	-1.433782e-02	-1.164643e-02	-3.999081e-03
566           	OVC	-1.459138e-02	-6.612036e-03	-6.172647e-03
566           	shield_slave	-1.433782e-02	-1.164643e-02	-3.999081e-03
567           	OVC	-1.459138e-02	-6.612036e-03	-6.172647e-03
567           	shield_slave	-1.433782e-02	-1.164643e-02	-3.999081e-03
568           	OVC	-1.459138e-02	-6.612036e-03	-6.172647e-03
568           	shield_slave	-1.433782e-02	-1.164643e-02	-3.999081e-03
569           	OVC	-1.459138e-02	-6.612036e-03	-6.172647e-03
569           	shield_slave	-1.433782e-02	-1.164643e-02	-3.999081e-03
570           	OVC	-1.459138e-02	-6.612036e-03	-6.172647e-03
570           	shield_slave	-1.433782e-02	-1.164643e-02	-3.999081e-03
571           	OVC	-1.459138e-02	-6.612036e-03	-6.172647e-03
571           	shield_slave	-1.433782e-02	-1.164643e-02	-3.999081e-03
572           	OVC	-1.459138e-02	-6.612036e-03	-6.172647e-03
572           	shield_slave	-1.433782e-02	-1.164643e-02	-3.999081e-03
573           	OVC	-1.459138e-02	-6.612036e-03	-6.172647e-03
573           	shield_slave	-1.433782e-02	-1.164643e-02	-3.999081e-03
574           	OVC	-1.459138e-02	-6.612036e-03	-6.172647e-03
574           	shield_slave	-1.433782e-02	-1.164643e-02	-3.999081e-03
575           	OVC	-1.459138e-02	-6.612036e-03	-6.172647e-03
575           	shield_slave	-1.433782e-02	-1.164643e-02	-3.999081e-03
576           	OVC	-1.459138e-02	-6.612036e-03	-6.172647e-03
576           	shield_slave	-1.433782e-02	-1.164643e-02	-3.999081e-03
577           	OVC	-1.459138e-02	-6.612036e-03	-6.172647e-03
577           	shield_slave	-1.433782e-02	-1.164643e-02	-3.999081e-03
578           	OVC	-1.459138e-02	-6.612036e-03	-6.172647e-03
578           	shield_slave	-1.433782e-02	-1.164643e-02	-3.999081e-03
579           	OVC	-1.459138e-02	-6.612036e-03	-6.172647e-03
579           	shield_slave	-1.433782e-02	-1.164643e-02	-3.999081e-03
580           	OVC	-1.459138e-02	-6.612036e-03	-6.172647e-03
580           	shield_slave	-1.433782e-02	-1.164643e-02	-3.999081e-03
581           	OVC	-1.459138e-02	-6.612036e-03	-6.172647e-03
581           	shield_slave	-1.433782e-02	-1.164643e-02	-3.999081e-03
582           	OVC	-1.459138e-02	-6.612036e-03	-6.172647e-03
582           	shield_slave	-1.433782e-02	-1.164643e-02	-3.999081e-03
583           	OVC	-1.459138e-02	-6.612036e-03	-6.172647e-03
583           	shield_slave	-1.433782e-02	-1.164643e-02	-3.999081e-03
584           	OVC	-1.459138e-02	-6.612036e-03	-6.172647e-03
584           	shield_slave	-1.433782e-02	-1.164643e-02	-3.999081e-03
585           	OVC	-1.459138e-02	-6.612036e-03	-6.172647e-03
585           	shield_slave	-1.433782e-02	-1.164643e-02	-3.999081e-03
586           	OVC	-1.459138e-02	-6.612036e-03	-6.172647e-03
586           	shield_slave	-1.433782e-02	-1.164643e-02	-3.999081e-03
587           	OVC	-1.459138e-02	-6.612036e-03	-6.172647e-03
587           	shield_slave	-1.433782e-02	-1.164643e-02	-3.999081e-03
588           	OVC	-1.459138e-02	-6.612036e-03	-6.172647e-03
588           	shield_slave	-1.433782e-02	-1.164643e-02	-3.999081e-03
589           	OVC	-1.459138e-02	-6.612036e-03	-6.172647e-03
589           	shield_slave	-1.433782e-02	-1.164643e-02	-3.999081e-03
590           	OVC	-1.459138e-02	-6.612036e-03	-6.172647e-03
590           	shield_slave	-1.433782e-02	-1.164643e-02	-3.999081e-03
591           	OVC	-1.459138e-02	-6.612036e-03	-6.172647e-03
591           	shield_slave	-1.433782e-02	-1.164643e-02	-3.999081e-03
592           	OVC	-1.459138e-02	-6.612036e-03	-6.172647e-03
592           	shield_slave	-1.433782e-02	-1.164643e-02	-3.999081e-03
593           	OVC	-1.459138e-02	-6.612036e-03	-6.172647e-03
593           	shield_slave	-1.433782e-02	-1.164643e-02	-3.999081e-03
594           	OVC	-1.459138e-02	-6.612036e-03	-6.172647e-03
594           	shield_slave	-1.433782e-02	-1.164643e-02	-3.999081e-03
595           	OVC	-1.459138e-02	-6.612036e-03	-6.172647e-03
595           	shield_slave	-1.433782e-02	-1.164643e-02	-3.999081e-03
596           	OVC	-1.459138e-02	-6.612036e-03	-6.172647e-03
596           	shield_slave	-1.433782e-02	-1.164643e-02	-3.999081e-03
597           	OVC	-1.459138e-02	-6.612036e-03	-6.172647e-03
597           	shield_slave	-1.433782e-02	-1.164643e-02	-3.999081e-03
598           	OVC	-1.459138e-02	-6.612036e-03	-6.172647e-03
598           	shield_slave	-1.433782e-02	-1.164643e-02	-3.999081e-03
599           	OVC	-1.459138e-02	-6.612036e-03	-6.172647e-03
599           	shield_slave	-1.433782e-02	-1.164643e-02	-3.999081e-03
600           	OVC	-1.459138e-02	-6.612036e-03	-6.172647e-03
600           	shield_slave	-1.433782e-02	-1.164643e-02	-3.999081e-03
601           	OVC	-1.459138e-02	-6.612036e-03	-6.172647e-03
601           	shield_slave	-1.433782e-02	-1.164643e-02	-3.999081e-03
602           	OVC	-1.459138e-02	-6.612036e-03	-6.172647e-03
602           	shield_slave	-1.433782e-02	-1.164643e-02	-3.999081e-03
603           	OVC	-1.459138e-02	-6.612036e-03	-6.172647e-03
603           	shield_slave	-1.433782e-02	-1.164643e-02	-3.999081e-03
604           	OVC	-1.459138e-02	-6.612036e-03	-6.172647e-03
604           	shield_slave	-1.433782e-02	-1.164643e-02	-3.999081e-03
605           	OVC	-1.459138e-02	-6.612036e-03	-6.172647e-03
605           	shield_slave	-1.433782e-02	-1.164643e-02	-3.999081e-03
606           	OVC	-1.459138e-02	-6.612036e-03	-6.172647e-03
606           	shield_slave	-1.433782e-02	-1.164643e-02	-3.999081e-03
607           	OVC	-1.459138e-02	-6.612036e-03	-6.172647e-03
607           	shield_slave	-1.433782e-02	-1.164643e-02	-3.999081e-03
608           	OVC	-1.459138e-02	-6.612036e-03	-6.172647e-03
608           	shield_slave	-1.433782e-02	-1.164643e-02	-3.999081e-03
609           	OVC	-1.459138e-02	-6.612036e-03	-6.172647e-03
609           	shield_slave	-1.433782e-02	-1.164643e-02	-3.999081e-03
610           	OVC	-1.459138e-02	-6.612036e-03	-6.172647e-03
610           	shield_slave	-1.433782e-02	-1.164643e-02	-3.999081e-03
611           	OVC	-1.459138e-02	-6.612036e-03	-6.172647e-03
611           	shield_slave	-1.433782e-02	-1.164643e-02	-3.999081e-03
612           	OVC	-1.459138e-02	-6.612036e-03	-6.172647e-03
612           	shield_slave	-1.433782e-02	-1.164643e-02	-3.999081e-03
613           	OVC	-1.459138e-02	-6.612036e-03	-6.172647e-03
613           	shield_slave	-1.433782e-02	-1.164643e-02	-3.999081e-03
614           	OVC	-1.459138e-02	-6.612036e-03	-6.172647e-03
614           	shield_slave	-1.433782e-02	-1.164643e-02	-3.999081e-03
615           	OVC	-1.459138e-02	-6.612036e-03	-6.172647e-03
615           	shield_slave	-1.433782e-02	-1.164643e-02	-3.999081e-03
616           	OVC	-1.459138e-02	-6.612036e-03	-6.172647e-03
616           	shield_slave	-1.433782e-02	-1.164643e-02	-3.999081e-03
617           	OVC	-1.459138e-02	-6.612036e-03	-6.172647e-03
617           	shield_slave	-1.433782e-02	-1.164643e-02	-3.999081e-03
618           	OVC	-1.459138e-02	-6.612036e-03	-6.172647e-03
618           	shield_slave	-1.433782e-02	-1.164643e-02	-3.999081e-03
619           	OVC	-1.459138e-02	-6.612036e-03	-6.172647e-03
619           	shield_slave	-1.433782e-02	-1.164643e-02	-3.999081e-03
620           	OVC	-1.459138e-02	-6.612036e-03	-6.172647e-03
620           	shield_slave	-1.433782e-02	-1.164643e-02	-3.999081e-03
621           	OVC	-1.459138e-02	-6.612036e-03	-6.172647e-03
621           	shield_slave	-1.433782e-02	-1.164643e-02	-3.999081e-03
622           	OVC	-1.459138e-02	-6.612036e-03	-6.172647e-03
622           	shield_slave	-1.433782e-02	-1.164643e-02	-3.999081e-03
623           	OVC	-1.459138e-02	-6.612036e-03	-6.172647e-03
623           	shield_slave	-1.433782e-02	-1.164643e-02	-3.999081e-03
624           	OVC	-1.459138e-02	-6.612036e-03	-6.172647e-03
624           	shield_slave	-1.433782e-02	-1.164643e-02	-3.999081e-03
625           	OVC	-1.459138e-02	-6.612036e-03	-6.172647e-03
625           	shield_slave	-1.433782e-02	-1.164643e-02	-3.999081e-03
626           	OVC	-1.459138e-02	-6.612036e-03	-6.172647e-03
626           	shield_slave	-1.433782e-02	-1.164643e-02	-3.999081e-03
627           	OVC	-1.459138e-02	-6.612036e-03	-6.172647e-03
627           	shield_slave	-1.433782e-02	-1.164643e-02	-3.999081e-03
628           	OVC	-1.459138e-02	-6.612036e-03	-6.172647e-03
628           	shield_slave	-1.433782e-02	-1.164643e-02	-3.999081e-03
629           	OVC	-1.459138e-02	-6.612036e-03	-6.172647e-03
629           	shield_slave	-1.433782e-02	-1.164643e-02	-3.999081e-03
630           	OVC	-1.459138e-02	-6.612036e-03	-6.172647e-03
630           	shield_slave	-1.433782e-02	-1.164643e-02	-3.999081e-03
631           	OVC	-1.459138e-02	-6.612036e-03	-6.172647e-03
631           	shield_slave	-1.433782e-02	-1.164643e-02	-3.999081e-03
632           	OVC	-1.459138e-02	-6.612036e-03	-6.172647e-03
632           	shield_slave	-1.433782e-02	-1.164643e-02	-3.999081e-03
633           	OVC	-1.459138e-02	-6.612036e-03	-6.172647e-03
633           	shield_slave	-1.433782e-02	-1.164643e-02	-3.999081e-03
634           	OVC	-1.459138e-02	-6.612036e-03	-6.172647e-03
634           	shield_slave	-1.433782e-02	-1.164643e-02	-3.999081e-03
635           	OVC	-1.459138e-02	-6.612036e-03	-6.172647e-03
635           	shield_slave	-1.433782e-02	-1.164643e-02	-3.999081e-03
636           	OVC	-1.459138e-02	-6.612036e-03	-6.172647e-03
636           	shield_slave	-1.433782e-02	-1.164643e-02	-3.999081e-03
637           	OVC	-1.459138e-02	-6.612036e-03	-6.172647e-03
637           	shield_slave	-1.433782e-02	-1.164643e-02	-3.999081e-03
638           	OVC	-1.459138e-02	-6.612036e-03	-6.172647e-03
638           	shield_slave	-1.433782e-02	-1.164643e-02	-3.999081e-03
639           	OVC	-1.459138e-02	-6.612036e-03	-6.172647e-03
639           	shield_slave	-1.433782e-02	-1.164643e-02	-3.999081e-03
640           	OVC	-1.459138e-02	-6.612036e-03	-6.172647e-03
640           	shield_slave	-1.433782e-02	-1.164643e-02	-3.999081e-03
641           	OVC	-1.459138e-02	-6.612036e-03	-6.172647e-03
641           	shield_slave	-1.433782e-02	-1.164643e-02	-3.999081e-03
642           	OVC	-1.459138e-02	-6.612036e-03	-6.172647e-03
642           	shield_slave	-1.433782e-02	-1.164643e-02	-3.999081e-03
643           	OVC	-1.459138e-02	-6.612036e-03	-6.172647e-03
643           	shield_slave	-1.433782e-02	-1.164643e-02	-3.999081e-03
644           	OVC	-1.459138e-02	-6.612036e-03	-6.172647e-03
644           	shield_slave	-1.433782e-02	-1.164643e-02	-3.999081e-03
645           	OVC	-1.459138e-02	-6.612036e-03	-6.172647e-03
645           	shield_slave	-1.433782e-02	-1.164643e-02	-3.999081e-03
646           	OVC	-1.459138e-02	-6.612036e-03	-6.172647e-03
646           	shield_slave	-1.433782e-02	-1.164643e-02	-3.999081e-03
647           	OVC	-1.459138e-02	-6.612036e-03	-6.172647e-03
647           	shield_slave	-1.433782e-02	-1.164643e-02	-3.999081e-03
648           	OVC	-1.459138e-02	-6.612036e-03	-6.172647e-03
648           	shield_slave	-1.433782e-02	-1.164643e-02	-3.999081e-03
649           	OVC	-1.459138e-02	-6.612036e-03	-6.172647e-03
649           	shield_slave	-1.433782e-02	-1.164643e-02	-3.999081e-03
650           	OVC	-1.459138e-02	-6.612036e-03	-6.172647e-03
650           	shield_slave	-1.433782e-02	-1.164643e-02	-3.999081e-03
651           	OVC	-1.459138e-02	-6.612036e-03	-6.172647e-03
651           	shield_slave	-1.433782e-02	-1.164643e-02	-3.999081e-03
652           	OVC	-1.459138e-02	-6.612036e-03	-6.172647e-03
652           	shield_slave	-1.433782e-02	-1.164643e-02	-3.999081e-03
653           	OVC	-1.459138e-02	-6.612036e-03	-6.172647e-03
653           	shield_slave	-1.433782e-02	-1.164643e-02	-3.999081e-03
654           	OVC	-1.459138e-02	-6.612036e-03	-6.172647e-03
654           	shield_slave	-1.433782e-02	-1.164643e-02	-3.999081e-03
655           	OVC	-1.459138e-02	-6.612036e-03	-6.172647e-03
655           	shield_slave	-1.433782e-02	-1.164643e-02	-3.999081e-03
656           	OVC	-1.459138e-02	-6.612036e-03	-6.172647e-03
656           	shield_slave	-1.433782e-02	-1.164643e-02	-3.999081e-03
657           	OVC	-1.459138e-02	-6.612036e-03	-6.172647e-03
657           	shield_slave	-1.433782e-02	-1.164643e-02	-3.999081e-03
658           	OVC	-1.459138e-02	-6.612036e-03	-6.172647e-03
658           	shield_slave	-1.433782e-02	-1.164643e-02	-3.999081e-03
659           	OVC	-1.459138e-02	-6.612036e-03	-6.172647e-03
659           	shield_slave	-1.433782e-02	-1.164643e-02	-3.999081e-03
660           	OVC	-1.459138e-02	-6.612036e-03	-6.172647e-03
660           	shield_slave	-1.433782e-02	-1.164643e-02	-3.999081e-03
661           	OVC	-1.459138e-02	-6.612036e-03	-6.172647e-03
661           	shield_slave	-1.433782e-02	-1.164643e-02	-3.999081e-03
662           	OVC	-1.459138e-02	-6.612036e-03	-6.172647e-03
662           	shield_slave	-1.433782e-02	-1.164643e-02	-3.999081e-03
663           	OVC	-1.459138e-02	-6.612036e-03	-6.172647e-03
663           	shield_slave	-1.433782e-02	-1.164643e-02	-3.999081e-03
664           	OVC	-1.459138e-02	-6.612036e-03	-6.172647e-03
664           	shield_slave	-1.433782e-02	-1.164643e-02	-3.999081e-03
665           	OVC	-1.459138e-02	-6.612036e-03	-6.172647e-03
665           	shield_slave	-1.433782e-02	-1.164643e-02	-3.999081e-03
666           	OVC	-1.459138e-02	-6.612036e-03	-6.172647e-03
666           	shield_slave	-1.433782e-02	-1.164643e-02	-3.999081e-03
667           	OVC	-1.459138e-02	-6.612036e-03	-6.172647e-03
667           	shield_slave	-1.433782e-02	-1.164643e-02	-3.999081e-03
668           	OVC	-1.459138e-02	-6.612036e-03	-6.172647e-03
668           	shield_slave	-1.433782e-02	-1.164643e-02	-3.999081e-03
669           	OVC	-1.459138e-02	-6.612036e-03	-6.172647e-03
669           	shield_slave	-1.433782e-02	-1.164643e-02	-3.999081e-03
670           	OVC	-1.459138e-02	-6.612036e-03	-6.172647e-03
670           	shield_slave	-1.433782e-02	-1.164643e-02	-3.999081e-03
671           	OVC	-1.459138e-02	-6.612036e-03	-6.172647e-03
671           	shield_slave	-1.433782e-02	-1.164643e-02	-3.999081e-03
672           	OVC	-1.459138e-02	-6.612036e-03	-6.172647e-03
672           	shield_slave	-1.433782e-02	-1.164643e-02	-3.999081e-03
673           	OVC	-1.459138e-02	-6.612036e-03	-6.172647e-03
673           	shield_slave	-1.433782e-02	-1.164643e-02	-3.999081e-03
674           	OVC	-1.459138e-02	-6.612036e-03	-6.172647e-03
674           	shield_slave	-1.433782e-02	-1.164643e-02	-3.999081e-03
675           	OVC	-1.459138e-02	-6.612036e-03	-6.172647e-03
675           	shield_slave	-1.433782e-02	-1.164643e-02	-3.999081e-03
676           	OVC	-1.459138e-02	-6.612036e-03	-6.172647e-03
676           	shield_slave	-1.433782e-02	-1.164643e-02	-3.999081e-03
677           	OVC	-1.459138e-02	-6.612036e-03	-6.172647e-03
677           	shield_slave	-1.433782e-02	-1.164643e-02	-3.999081e-03
678           	OVC	-1.459138e-02	-6.612036e-03	-6.172647e-03
678           	shield_slave	-1.433782e-02	-1.164643e-02	-3.999081e-03
679           	OVC	-1.459138e-02	-6.612036e-03	-6.172647e-03
679           	shield_slave	-1.433782e-02	-1.164643e-02	-3.999081e-03
680           	OVC	-1.459138e-02	-6.612036e-03	-6.172647e-03
680           	shield_slave	-1.433782e-02	-1.164643e-02	-3.999081e-03
681           	OVC	-1.459138e-02	-6.612036e-03	-6.172647e-03
681           	shield_slave	-1.433782e-02	-1.164643e-02	-3.999081e-03
682           	OVC	-1.459138e-02	-6.612036e-03	-6.172647e-03
682           	shield_slave	-1.433782e-02	-1.164643e-02	-3.999081e-03
683           	OVC	-1.459138e-02	-6.612036e-03	-6.172647e-03
683           	shield_slave	-1.433782e-02	-1.164643e-02	-3.999081e-03
684           	OVC	-1.459138e-02	-6.612036e-03	-6.172647e-03
684           	shield_slave	-1.433782e-02	-1.164643e-02	-3.999081e-03
685           	OVC	-1.459138e-02	-6.612036e-03	-6.172647e-03
685           	shield_slave	-1.433782e-02	-1.164643e-02	-3.999081e-03
686           	OVC	-1.459138e-02	-6.612036e-03	-6.172647e-03
686           	shield_slave	-1.433782e-02	-1.164643e-02	-3.999081e-03
687           	OVC	-1.459138e-02	-6.612036e-03	-6.172647e-03
687           	shield_slave	-1.433782e-02	-1.164643e-02	-3.999081e-03
688           	OVC	-1.459138e-02	-6.612036e-03	-6.172647e-03
688           	shield_slave	-1.433782e-02	-1.164643e-02	-3.999081e-03
689           	OVC	-1.459138e-02	-6.612036e-03	-6.172647e-03
689           	shield_slave	-1.433782e-02	-1.164643e-02	-3.999081e-03
690           	OVC	-1.459138e-02	-6.612036e-03	-6.172647e-03
690           	shield_slave	-1.433782e-02	-1.164643e-02	-3.999081e-03
691           	OVC	-1.459138e-02	-6.612036e-03	-6.172647e-03
691           	shield_slave	-1.433782e-02	-1.164643e-02	-3.999081e-03
692           	OVC	-1.459138e-02	-6.612036e-03	-6.172647e-03
692           	shield_slave	-1.433782e-02	-1.164643e-02	-3.999081e-03
693           	OVC	-1.459138e-02	-6.612036e-03	-6.172647e-03
693           	shield_slave	-1.433782e-02	-1.164643e-02	-3.999081e-03
694           	OVC	-1.459138e-02	-6.612036e-03	-6.172647e-03
694           	shield_slave	-1.433782e-02	-1.164643e-02	-3.999081e-03
695           	OVC	-1.459138e-02	-6.612036e-03	-6.172647e-03
695           	shield_slave	-1.433782e-02	-1.164643e-02	-3.999081e-03
696           	OVC	-1.459138e-02	-6.612036e-03	-6.172647e-03
696           	shield_slave	-1.433782e-02	-1.164643e-02	-3.999081e-03
697           	OVC	-1.459138e-02	-6.612036e-03	-6.172647e-03
697           	shield_slave	-1.433782e-02	-1.164643e-02	-3.999081e-03
698           	OVC	-1.459138e-02	-6.612036e-03	-6.172647e-03
698           	shield_slave	-1.433782e-02	-1.164643e-02	-3.999081e-03
699           	OVC	-1.459138e-02	-6.612036e-03	-6.172647e-03
699           	shield_slave	-1.433782e-02	-1.164643e-02	-3.999081e-03
700           	OVC	-1.459138e-02	-6.612036e-03	-6.172647e-03
700           	shield_slave	-1.433782e-02	-1.164643e-02	-3.999081e-03
701           	OVC	-1.459138e-02	-6.612036e-03	-6.172647e-03
701           	shield_slave	-1.433782e-02	-1.164643e-02	-3.999081e-03
702           	OVC	-1.459138e-02	-6.612036e-03	-6.172647e-03
702           	shield_slave	-1.433782e-02	-1.164643e-02	-3.999081e-03
703           	OVC	-1.459138e-02	-6.612036e-03	-6.172647e-03
703           	shield_slave	-1.433782e-02	-1.164643e-02	-3.999081e-03
704           	OVC	-1.459138e-02	-6.612036e-03	-6.172647e-03
704           	shield_slave	-1.433782e-02	-1.164643e-02	-3.999081e-03
705           	OVC	-1.459138e-02	-6.612036e-03	-6.172647e-03
705           	shield_slave	-1.433782e-02	-1.164643e-02	-3.999081e-03
706           	OVC	-1.459138e-02	-6.612036e-03	-6.172647e-03
706           	shield_slave	-1.433782e-02	-1.164643e-02	-3.999081e-03
707           	OVC	-1.459138e-02	-6.612036e-03	-6.172647e-03
707           	shield_slave	-1.433782e-02	-1.164643e-02	-3.999081e-03
708           	OVC	-1.459138e-02	-6.612036e-03	-6.172647e-03
708           	shield_slave	-1.433782e-02	-1.164643e-02	-3.999081e-03
709           	OVC	-1.459138e-02	-6.612036e-03	-6.172647e-03
709           	shield_slave	-1.433782e-02	-1.164643e-02	-3.999081e-03
710           	OVC	-1.459138e-02	-6.612036e-03	-6.172647e-03
710           	shield_slave	-1.433782e-02	-1.164643e-02	-3.999081e-03
711           	OVC	-1.459138e-02	-6.612036e-03	-6.172647e-03
711           	shield_slave	-1.433782e-02	-1.164643e-02	-3.999081e-03
712           	OVC	-1.459138e-02	-6.612036e-03	-6.172647e-03
712           	shield_slave	-1.433782e-02	-1.164643e-02	-3.999081e-03
713           	OVC	-1.459138e-02	-6.612036e-03	-6.172647e-03
713           	shield_slave	-1.433782e-02	-1.164643e-02	-3.999081e-03
714           	OVC	-1.459138e-02	-6.612036e-03	-6.172647e-03
714           	shield_slave	-1.433782e-02	-1.164643e-02	-3.999081e-03
715           	OVC	-1.459138e-02	-6.612036e-03	-6.172647e-03
715           	shield_slave	-1.433782e-02	-1.164643e-02	-3.999081e-03
716           	OVC	-1.459138e-02	-6.612036e-03	-6.172647e-03
716           	shield_slave	-1.433782e-02	-1.164643e-02	-3.999081e-03
717           	OVC	-1.459138e-02	-6.612036e-03	-6.172647e-03
717           	shield_slave	-1.433782e-02	-1.164643e-02	-3.999081e-03
718           	OVC	-1.459138e-02	-6.612036e-03	-6.172647e-03
718           	shield_slave	-1.433782e-02	-1.164643e-02	-3.999081e-03
719           	OVC	-1.459138e-02	-6.612036e-03	-6.172647e-03
719           	shield_slave	-1.433782e-02	-1.164643e-02	-3.999081e-03
720           	OVC	-1.459138e-02	-6.612036e-03	-6.172647e-03
720           	shield_slave	-1.433782e-02	-1.164643e-02	-3.999081e-03
721           	OVC	-1.459138e-02	-6.612036e-03	-6.172647e-03
721           	shield_slave	-1.433782e-02	-1.164643e-02	-3.999081e-03
722           	OVC	-1.459138e-02	-6.612036e-03	-6.172647e-03
722           	shield_slave	-1.433782e-02	-1.164643e-02	-3.999081e-03
723           	OVC	-1.459138e-02	-6.612036e-03	-6.172647e-03
723           	shield_slave	-1.433782e-02	-1.164643e-02	-3.999081e-03
724           	OVC	-1.459138e-02	-6.612036e-03	-6.172647e-03
724           	shield_slave	-1.433782e-02	-1.164643e-02	-3.999081e-03
725           	OVC	-1.459138e-02	-6.612036e-03	-6.172647e-03
725           	shield_slave	-1.433782e-02	-1.164643e-02	-3.999081e-03
726           	OVC	-1.459138e-02	-6.612036e-03	-6.172647e-03
726           	shield_slave	-1.433782e-02	-1.164643e-02	-3.999081e-03
727           	OVC	-1.459138e-02	-6.612036e-03	-6.172647e-03
727           	shield_slave	-1.433782e-02	-1.164643e-02	-3.999081e-03
728           	OVC	-1.459138e-02	-6.612036e-03	-6.172647e-03
728           	shield_slave	-1.433782e-02	-1.164643e-02	-3.999081e-03
729           	OVC	-1.459138e-02	-6.612036e-03	-6.172647e-03
729           	shield_slave	-1.433782e-02	-1.164643e-02	-3.999081e-03
730           	OVC	-1.459138e-02	-6.612036e-03	-6.172647e-03
730           	shield_slave	-1.433782e-02	-1.164643e-02	-3.999081e-03
731           	OVC	-1.459138e-02	-6.612036e-03	-6.172647e-03
731           	shield_slave	-1.433782e-02	-1.164643e-02	-3.999081e-03
732           	OVC	-1.459138e-02	-6.612036e-03	-6.172647e-03
732           	shield_slave	-1.433782e-02	-1.164643e-02	-3.999081e-03
733           	OVC	-1.459138e-02	-6.612036e-03	-6.172647e-03
733           	shield_slave	-1.433782e-02	-1.164643e-02	-3.999081e-03
734           	OVC	-1.459138e-02	-6.612036e-03	-6.172647e-03
734           	shield_slave	-1.433782e-02	-1.164643e-02	-3.999081e-03
735           	OVC	-1.459138e-02	-6.612036e-03	-6.172647e-03
735           	shield_slave	-1.433782e-02	-1.164643e-02	-3.999081e-03
736           	OVC	-1.459138e-02	-6.612036e-03	-6.172647e-03
736           	shield_slave	-1.433782e-02	-1.164643e-02	-3.999081e-03
737           	OVC	-1.459138e-02	-6.612036e-03	-6.172647e-03
737           	shield_slave	-1.433782e-02	-1.164643e-02	-3.999081e-03
738           	OVC	-1.459138e-02	-6.612036e-03	-6.172647e-03
738           	shield_slave	-1.433782e-02	-1.164643e-02	-3.999081e-03
739           	OVC	-1.459138e-02	-6.612036e-03	-6.172647e-03
739           	shield_slave	-1.433782e-02	-1.164643e-02	-3.999081e-03
740           	OVC	-1.459138e-02	-6.612036e-03	-6.172647e-03
740           	shield_slave	-1.433782e-02	-1.164643e-02	-3.999081e-03
741           	OVC	-1.459138e-02	-6.612036e-03	-6.172647e-03
741           	shield_slave	-1.433782e-02	-1.164643e-02	-3.999081e-03
742           	OVC	-1.459138e-02	-6.612036e-03	-6.172647e-03
742           	shield_slave	-1.433782e-02	-1.164643e-02	-3.999081e-03
743           	OVC	-1.459138e-02	-6.612036e-03	-6.172647e-03
743           	shield_slave	-1.433782e-02	-1.164643e-02	-3.999081e-03
744           	OVC	-1.459138e-02	-6.612036e-03	-6.172647e-03
744           	shield_slave	-1.433782e-02	-1.164643e-02	-3.999081e-03
745           	OVC	-1.459138e-02	-6.612036e-03	-6.172647e-03
745           	shield_slave	-1.433782e-02	-1.164643e-02	-3.999081e-03
746           	OVC	-1.459138e-02	-6.612036e-03	-6.172647e-03
746           	shield_slave	-1.433782e-02	-1.164643e-02	-3.999081e-03
747           	OVC	-1.459138e-02	-6.612036e-03	-6.172647e-03
747           	shield_slave	-1.433782e-02	-1.164643e-02	-3.999081e-03
748           	OVC	-1.459138e-02	-6.612036e-03	-6.172647e-03
748           	shield_slave	-1.433782e-02	-1.164643e-02	-3.999081e-03
749           	OVC	-1.459138e-02	-6.612036e-03	-6.172647e-03
749           	shield_slave	-1.433782e-02	-1.164643e-02	-3.999081e-03
750           	OVC	-1.459138e-02	-6.612036e-03	-6.172647e-03
750           	shield_slave	-1.433782e-02	-1.164643e-02	-3.999081e-03
751           	OVC	-1.459138e-02	-6.612036e-03	-6.172647e-03
751           	shield_slave	-1.433782e-02	-1.164643e-02	-3.999081e-03
752           	OVC	-1.459138e-02	-6.612036e-03	-6.172647e-03
752           	shield_slave	-1.433782e-02	-1.164643e-02	-3.999081e-03
753           	OVC	-1.459138e-02	-6.612036e-03	-6.172647e-03
753           	shield_slave	-1.433782e-02	-1.164643e-02	-3.999081e-03
754           	OVC	-1.459138e-02	-6.612036e-03	-6.172647e-03
754           	shield_slave	-1.433782e-02	-1.164643e-02	-3.999081e-03
755           	OVC	-1.459138e-02	-6.612036e-03	-6.172647e-03
755           	shield_slave	-1.433782e-02	-1.164643e-02	-3.999081e-03
756           	OVC	-1.459138e-02	-6.612036e-03	-6.172647e-03
756           	shield_slave	-1.433782e-02	-1.164643e-02	-3.999081e-03
757           	OVC	-1.459138e-02	-6.612036e-03	-6.172647e-03
757           	shield_slave	-1.433782e-02	-1.164643e-02	-3.999081e-03
758           	OVC	-1.459138e-02	-6.612036e-03	-6.172647e-03
758           	shield_slave	-1.433782e-02	-1.164643e-02	-3.999081e-03
759           	OVC	-1.459138e-02	-6.612036e-03	-6.172647e-03
759           	shield_slave	-1.433782e-02	-1.164643e-02	-3.999081e-03
760           	OVC	-1.459138e-02	-6.612036e-03	-6.172647e-03
760           	shield_slave	-1.433782e-02	-1.164643e-02	-3.999081e-03
761           	OVC	-1.459138e-02	-6.612036e-03	-6.172647e-03
761           	shield_slave	-1.433782e-02	-1.164643e-02	-3.999081e-03
762           	OVC	-1.459138e-02	-6.612036e-03	-6.172647e-03
762           	shield_slave	-1.433782e-02	-1.164643e-02	-3.999081e-03
763           	OVC	-1.459138e-02	-6.612036e-03	-6.172647e-03
763           	shield_slave	-1.433782e-02	-1.164643e-02	-3.999081e-03
764           	OVC	-1.459138e-02	-6.612036e-03	-6.172647e-03
764           	shield_slave	-1.433782e-02	-1.164643e-02	-3.999081e-03
765           	OVC	-1.459138e-02	-6.612036e-03	-6.172647e-03
765           	shield_slave	-1.433782e-02	-1.164643e-02	-3.999081e-03
766           	OVC	-1.459138e-02	-6.612036e-03	-6.172647e-03
766           	shield_slave	-1.433782e-02	-1.164643e-02	-3.999081e-03
767           	OVC	-1.459138e-02	-6.612036e-03	-6.172647e-03
767           	shield_slave	-1.433782e-02	-1.164643e-02	-3.999081e-03
768           	OVC	-1.459138e-02	-6.612036e-03	-6.172647e-03
768           	shield_slave	-1.433782e-02	-1.164643e-02	-3.999081e-03
769           	OVC	-1.459138e-02	-6.612036e-03	-6.172647e-03
769           	shield_slave	-1.433782e-02	-1.164643e-02	-3.999081e-03
770           	OVC	-1.459138e-02	-6.612036e-03	-6.172647e-03
770           	shield_slave	-1.433782e-02	-1.164643e-02	-3.999081e-03
771           	OVC	-1.459138e-02	-6.612036e-03	-6.172647e-03
771           	shield_slave	-1.433782e-02	-1.164643e-02	-3.999081e-03
772           	OVC	-1.459138e-02	-6.612036e-03	-6.172647e-03
772           	shield_slave	-1.433782e-02	-1.164643e-02	-3.999081e-03
773           	OVC	-1.459138e-02	-6.612036e-03	-6.172647e-03
773           	shield_slave	-1.433782e-02	-1.164643e-02	-3.999081e-03
774           	OVC	-1.459138e-02	-6.612036e-03	-6.172647e-03
774           	shield_slave	-1.433782e-02	-1.164643e-02	-3.999081e-03
775           	OVC	-1.459138e-02	-6.612036e-03	-6.172647e-03
775           	shield_slave	-1.433782e-02	-1.164643e-02	-3.999081e-03
776           	OVC	-1.459138e-02	-6.612036e-03	-6.172647e-03
776           	shield_slave	-1.433782e-02	-1.164643e-02	-3.999081e-03
777           	OVC	-1.459138e-02	-6.612036e-03	-6.172647e-03
777           	shield_slave	-1.433782e-02	-1.164643e-02	-3.999081e-03
778           	OVC	-1.459138e-02	-6.612036e-03	-6.172647e-03
778           	shield_slave	-1.433782e-02	-1.164643e-02	-3.999081e-03
779           	OVC	-1.459138e-02	-6.612036e-03	-6.172647e-03
779           	shield_slave	-1.433782e-02	-1.164643e-02	-3.999081e-03
780           	OVC	-1.459138e-02	-6.612036e-03	-6.172647e-03
780           	shield_slave	-1.433782e-02	-1.164643e-02	-3.999081e-03
781           	OVC	-1.459138e-02	-6.612036e-03	-6.172647e-03
781           	shield_slave	-1.433782e-02	-1.164643e-02	-3.999081e-03
782           	OVC	-1.459138e-02	-6.612036e-03	-6.172647e-03
782           	shield_slave	-1.433782e-02	-1.164643e-02	-3.999081e-03
783           	OVC	-1.459138e-02	-6.612036e-03	-6.172647e-03
783           	shield_slave	-1.433782e-02	-1.164643e-02	-3.999081e-03
784           	OVC	-1.459138e-02	-6.612036e-03	-6.172647e-03
784           	shield_slave	-1.433782e-02	-1.164643e-02	-3.999081e-03
785           	OVC	-1.459138e-02	-6.612036e-03	-6.172647e-03
785           	shield_slave	-1.433782e-02	-1.164643e-02	-3.999081e-03
786           	OVC	-1.459138e-02	-6.612036e-03	-6.172647e-03
786           	shield_slave	-1.433782e-02	-1.164643e-02	-3.999081e-03
787           	OVC	-1.459138e-02	-6.612036e-03	-6.172647e-03
787           	shield_slave	-1.433782e-02	-1.164643e-02	-3.999081e-03
788           	OVC	-1.459138e-02	-6.612036e-03	-6.172647e-03
788           	shield_slave	-1.433782e-02	-1.164643e-02	-3.999081e-03
789           	OVC	-1.459138e-02	-6.612036e-03	-6.172647e-03
789           	shield_slave	-1.433782e-02	-1.164643e-02	-3.999081e-03
790           	OVC	-1.459138e-02	-6.612036e-03	-6.172647e-03
790           	shield_slave	-1.433782e-02	-1.164643e-02	-3.999081e-03
791           	OVC	-1.459138e-02	-6.612036e-03	-6.172647e-03
791           	shield_slave	-1.433782e-02	-1.164643e-02	-3.999081e-03
792           	OVC	-1.459138e-02	-6.612036e-03	-6.172647e-03
792           	shield_slave	-1.433782e-02	-1.164643e-02	-3.999081e-03
793           	OVC	-1.459138e-02	-6.612036e-03	-6.172647e-03
793           	shield_slave	-1.433782e-02	-1.164643e-02	-3.999081e-03
794           	OVC	-1.459138e-02	-6.612036e-03	-6.172647e-03
794           	shield_slave	-1.433782e-02	-1.164643e-02	-3.999081e-03
795           	OVC	-1.459138e-02	-6.612036e-03	-6.172647e-03
795           	shield_slave	-1.433782e-02	-1.164643e-02	-3.999081e-03
796           	OVC	-1.459138e-02	-6.612036e-03	-6.172647e-03
796           	shield_slave	-1.433782e-02	-1.164643e-02	-3.999081e-03
797           	OVC	-1.459138e-02	-6.612036e-03	-6.172647e-03
797           	shield_slave	-1.433782e-02	-1.164643e-02	-3.999081e-03
798           	OVC	-1.459138e-02	-6.612036e-03	-6.172647e-03
798           	shield_slave	-1.433782e-02	-1.164643e-02	-3.999081e-03
799           	OVC	-1.459138e-02	-6.612036e-03	-6.172647e-03
799           	shield_slave	-1.433782e-02	-1.164643e-02	-3.999081e-03
800           	OVC	-1.459138e-02	-6.612036e-03	-6.172647e-03
800           	shield_slave	-1.433782e-02	-1.164643e-02	-3.999081e-03
801           	OVC	-1.459138e-02	-6.612036e-03	-6.172647e-03
801           	shield_slave	-1.433782e-02	-1.164643e-02	-3.999081e-03
802           	OVC	-1.459138e-02	-6.612036e-03	-6.172647e-03
802           	shield_slave	-1.433782e-02	-1.164643e-02	-3.999081e-03
803           	OVC	-1.459138e-02	-6.612036e-03	-6.172647e-03
803           	shield_slave	-1.433782e-02	-1.164643e-02	-3.999081e-03
804           	OVC	-1.459138e-02	-6.612036e-03	-6.172647e-03
804           	shield_slave	-1.433782e-02	-1.164643e-02	-3.999081e-03
805           	OVC	-1.459138e-02	-6.612036e-03	-6.172647e-03
805           	shield_slave	-1.433782e-02	-1.164643e-02	-3.999081e-03
806           	OVC	-1.459138e-02	-6.612036e-03	-6.172647e-03
806           	shield_slave	-1.433782e-02	-1.164643e-02	-3.999081e-03
807           	OVC	-1.459138e-02	-6.612036e-03	-6.172647e-03
807           	shield_slave	-1.433782e-02	-1.164643e-02	-3.999081e-03
808           	OVC	-1.459138e-02	-6.612036e-03	-6.172647e-03
808           	shield_slave	-1.433782e-02	-1.164643e-02	-3.999081e-03
809           	OVC	-1.459138e-02	-6.612036e-03	-6.172647e-03
809           	shield_slave	-1.433782e-02	-1.164643e-02	-3.999081e-03
810           	OVC	-1.459138e-02	-6.612036e-03	-6.172647e-03
810           	shield_slave	-1.433782e-02	-1.164643e-02	-3.999081e-03
811           	OVC	-1.459138e-02	-6.612036e-03	-6.172647e-03
811           	shield_slave	-1.433782e-02	-1.164643e-02	-3.999081e-03
812           	OVC	-1.459138e-02	-6.612036e-03	-6.172647e-03
812           	shield_slave	-1.433782e-02	-1.164643e-02	-3.999081e-03
813           	OVC	-1.459138e-02	-6.612036e-03	-6.172647e-03
813           	shield_slave	-1.433782e-02	-1.164643e-02	-3.999081e-03
814           	OVC	-1.459138e-02	-6.612036e-03	-6.172647e-03
814           	shield_slave	-1.433782e-02	-1.164643e-02	-3.999081e-03
815           	OVC	-1.459138e-02	-6.612036e-03	-6.172647e-03
815           	shield_slave	-1.433782e-02	-1.164643e-02	-3.999081e-03
816           	OVC	-1.459138e-02	-6.612036e-03	-6.172647e-03
816           	shield_slave	-1.433782e-02	-1.164643e-02	-3.999081e-03
817           	OVC	-1.459138e-02	-6.612036e-03	-6.172647e-03
817           	shield_slave	-1.433782e-02	-1.164643e-02	-3.999081e-03
818           	OVC	-1.459138e-02	-6.612036e-03	-6.172647e-03
818           	shield_slave	-1.433782e-02	-1.164643e-02	-3.999081e-03
819           	OVC	-1.459138e-02	-6.612036e-03	-6.172647e-03
819           	shield_slave	-1.433782e-02	-1.164643e-02	-3.999081e-03
820           	OVC	-1.459138e-02	-6.612036e-03	-6.172647e-03
820           	shield_slave	-1.433782e-02	-1.164643e-02	-3.999081e-03
821           	OVC	-1.459138e-02	-6.612036e-03	-6.172647e-03
821           	shield_slave	-1.433782e-02	-1.164643e-02	-3.999081e-03
822           	OVC	-1.459138e-02	-6.612036e-03	-6.172647e-03
822           	shield_slave	-1.433782e-02	-1.164643e-02	-3.999081e-03
823           	OVC	-1.459138e-02	-6.612036e-03	-6.172647e-03
823           	shield_slave	-1.433782e-02	-1.164643e-02	-3.999081e-03
824           	OVC	-1.459138e-02	-6.612036e-03	-6.172647e-03
824           	shield_slave	-1.433782e-02	-1.164643e-02	-3.999081e-03
825           	OVC	-1.459138e-02	-6.612036e-03	-6.172647e-03
825           	shield_slave	-1.433782e-02	-1.164643e-02	-3.999081e-03
826           	OVC	-1.459138e-02	-6.612036e-03	-6.172647e-03
826           	shield_slave	-1.433782e-02	-1.164643e-02	-3.999081e-03
827           	OVC	-1.459138e-02	-6.612036e-03	-6.172647e-03
827           	shield_slave	-1.433782e-02	-1.164643e-02	-3.999081e-03
828           	OVC	-1.459138e-02	-6.612036e-03	-6.172647e-03
828           	shield_slave	-1.433782e-02	-1.164643e-02	-3.999081e-03
829           	OVC	-1.459138e-02	-6.612036e-03	-6.172647e-03
829           	shield_slave	-1.433782e-02	-1.164643e-02	-3.999081e-03
830           	OVC	-1.459138e-02	-6.612036e-03	-6.172647e-03
830           	shield_slave	-1.433782e-02	-1.164643e-02	-3.999081e-03
831           	OVC	-1.459138e-02	-6.612036e-03	-6.172647e-03
831           	shield_slave	-1.433782e-02	-1.164643e-02	-3.999081e-03
832           	OVC	-1.459138e-02	-6.612036e-03	-6.172647e-03
832           	shield_slave	-1.433782e-02	-1.164643e-02	-3.999081e-03
833           	OVC	-1.459138e-02	-6.612036e-03	-6.172647e-03
833           	shield_slave	-1.433782e-02	-1.164643e-02	-3.999081e-03
834           	OVC	-1.459138e-02	-6.612036e-03	-6.172647e-03
834           	shield_slave	-1.433782e-02	-1.164643e-02	-3.999081e-03
835           	OVC	-1.459138e-02	-6.612036e-03	-6.172647e-03
835           	shield_slave	-1.433782e-02	-1.164643e-02	-3.999081e-03
836           	OVC	-1.459138e-02	-6.612036e-03	-6.172647e-03
836           	shield_slave	-1.433782e-02	-1.164643e-02	-3.999081e-03
837           	OVC	-1.459138e-02	-6.612036e-03	-6.172647e-03
837           	shield_slave	-1.433782e-02	-1.164643e-02	-3.999081e-03
838           	OVC	-1.459138e-02	-6.612036e-03	-6.172647e-03
838           	shield_slave	-1.433782e-02	-1.164643e-02	-3.999081e-03
839           	OVC	-1.459138e-02	-6.612036e-03	-6.172647e-03
839           	shield_slave	-1.433782e-02	-1.164643e-02	-3.999081e-03
840           	OVC	-1.459138e-02	-6.612036e-03	-6.172647e-03
840           	shield_slave	-1.433782e-02	-1.164643e-02	-3.999081e-03
841           	OVC	-1.459138e-02	-6.612036e-03	-6.172647e-03
841           	shield_slave	-1.433782e-02	-1.164643e-02	-3.999081e-03
842           	OVC	-1.459138e-02	-6.612036e-03	-6.172647e-03
842           	shield_slave	-1.433782e-02	-1.164643e-02	-3.999081e-03
843           	OVC	-1.459138e-02	-6.612036e-03	-6.172647e-03
843           	shield_slave	-1.433782e-02	-1.164643e-02	-3.999081e-03
844           	OVC	-1.459138e-02	-6.612036e-03	-6.172647e-03
844           	shield_slave	-1.433782e-02	-1.164643e-02	-3.999081e-03
845           	OVC	-1.459138e-02	-6.612036e-03	-6.172647e-03
845           	shield_slave	-1.433782e-02	-1.164643e-02	-3.999081e-03
846           	OVC	-1.459138e-02	-6.612036e-03	-6.172647e-03
846           	shield_slave	-1.433782e-02	-1.164643e-02	-3.999081e-03
847           	OVC	-1.459138e-02	-6.612036e-03	-6.172647e-03
847           	shield_slave	-1.433782e-02	-1.164643e-02	-3.999081e-03
848           	OVC	-1.459138e-02	-6.612036e-03	-6.172647e-03
848           	shield_slave	-1.433782e-02	-1.164643e-02	-3.999081e-03
849           	OVC	-1.459138e-02	-6.612036e-03	-6.172647e-03
849           	shield_slave	-1.433782e-02	-1.164643e-02	-3.999081e-03
850           	OVC	-1.459138e-02	-6.612036e-03	-6.172647e-03
850           	shield_slave	-1.433782e-02	-1.164643e-02	-3.999081e-03
851           	OVC	-1.459138e-02	-6.612036e-03	-6.172647e-03
851           	shield_slave	-1.433782e-02	-1.164643e-02	-3.999081e-03
852           	OVC	-1.459138e-02	-6.612036e-03	-6.172647e-03
852           	shield_slave	-1.433782e-02	-1.164643e-02	-3.999081e-03
853           	OVC	-1.459138e-02	-6.612036e-03	-6.172647e-03
853           	shield_slave	-1.433782e-02	-1.164643e-02	-3.999081e-03
854           	OVC	-1.459138e-02	-6.612036e-03	-6.172647e-03
854           	shield_slave	-1.433782e-02	-1.164643e-02	-3.999081e-03
855           	OVC	-1.459138e-02	-6.612036e-03	-6.172647e-03
855           	shield_slave	-1.433782e-02	-1.164643e-02	-3.999081e-03
856           	OVC	-1.459138e-02	-6.612036e-03	-6.172647e-03
856           	shield_slave	-1.433782e-02	-1.164643e-02	-3.999081e-03
857           	OVC	-1.459138e-02	-6.612036e-03	-6.172647e-03
857           	shield_slave	-1.433782e-02	-1.164643e-02	-3.999081e-03
858           	OVC	-1.459138e-02	-6.612036e-03	-6.172647e-03
858           	shield_slave	-1.433782e-02	-1.164643e-02	-3.999081e-03
859           	OVC	-1.459138e-02	-6.612036e-03	-6.172647e-03
859           	shield_slave	-1.433782e-02	-1.164643e-02	-3.999081e-03
860           	OVC	-1.459138e-02	-6.612036e-03	-6.172647e-03
860           	shield_slave	-1.433782e-02	-1.164643e-02	-3.999081e-03
861           	OVC	-1.459138e-02	-6.612036e-03	-6.172647e-03
861           	shield_slave	-1.433782e-02	-1.164643e-02	-3.999081e-03
862           	OVC	-1.459138e-02	-6.612036e-03	-6.172647e-03
862           	shield_slave	-1.433782e-02	-1.164643e-02	-3.999081e-03
863           	OVC	-1.459138e-02	-6.612036e-03	-6.172647e-03
863           	shield_slave	-1.433782e-02	-1.164643e-02	-3.999081e-03
864           	OVC	-1.459138e-02	-6.612036e-03	-6.172647e-03
864           	shield_slave	-1.433782e-02	-1.164643e-02	-3.999081e-03
865           	OVC	-1.459138e-02	-6.612036e-03	-6.172647e-03
865           	shield_slave	-1.433782e-02	-1.164643e-02	-3.999081e-03
866           	OVC	-1.459138e-02	-6.612036e-03	-6.172647e-03
866           	shield_slave	-1.433782e-02	-1.164643e-02	-3.999081e-03
867           	OVC	-1.459138e-02	-6.612036e-03	-6.172647e-03
867           	shield_slave	-1.433782e-02	-1.164643e-02	-3.999081e-03
868           	OVC	-1.459138e-02	-6.612036e-03	-6.172647e-03
868           	shield_slave	-1.433782e-02	-1.164643e-02	-3.999081e-03
869           	OVC	-1.459138e-02	-6.612036e-03	-6.172647e-03
869           	shield_slave	-1.433782e-02	-1.164643e-02	-3.999081e-03
870           	OVC	-1.459138e-02	-6.612036e-03	-6.172647e-03
870           	shield_slave	-1.433782e-02	-1.164643e-02	-3.999081e-03
871           	OVC	-1.459138e-02	-6.612036e-03	-6.172647e-03
871           	shield_slave	-1.433782e-02	-1.164643e-02	-3.999081e-03
872           	OVC	-1.459138e-02	-6.612036e-03	-6.172647e-03
872           	shield_slave	-1.433782e-02	-1.164643e-02	-3.999081e-03
873           	OVC	-1.459138e-02	-6.612036e-03	-6.172647e-03
873           	shield_slave	-1.433782e-02	-1.164643e-02	-3.999081e-03
874           	OVC	-1.459138e-02	-6.612036e-03	-6.172647e-03
874           	shield_slave	-1.433782e-02	-1.164643e-02	-3.999081e-03
875           	OVC	-1.459138e-02	-6.612036e-03	-6.172647e-03
875           	shield_slave	-1.433782e-02	-1.164643e-02	-3.999081e-03
876           	OVC	-1.459138e-02	-6.612036e-03	-6.172647e-03
876           	shield_slave	-1.433782e-02	-1.164643e-02	-3.999081e-03
877           	OVC	-1.459138e-02	-6.612036e-03	-6.172647e-03
877           	shield_slave	-1.433782e-02	-1.164643e-02	-3.999081e-03
878           	OVC	-1.459138e-02	-6.612036e-03	-6.172647e-03
878           	shield_slave	-1.433782e-02	-1.164643e-02	-3.999081e-03
879           	OVC	-1.459138e-02	-6.612036e-03	-6.172647e-03
879           	shield_slave	-1.433782e-02	-1.164643e-02	-3.999081e-03
880           	OVC	-1.459138e-02	-6.612036e-03	-6.172647e-03
880           	shield_slave	-1.433782e-02	-1.164643e-02	-3.999081e-03
881           	OVC	-1.459138e-02	-6.612036e-03	-6.172647e-03
881           	shield_slave	-1.433782e-02	-1.164643e-02	-3.999081e-03
882           	OVC	-1.459138e-02	-6.612036e-03	-6.172647e-03
882           	shield_slave	-1.433782e-02	-1.164643e-02	-3.999081e-03
883           	OVC	-1.459138e-02	-6.612036e-03	-6.172647e-03
883           	shield_slave	-1.433782e-02	-1.164643e-02	-3.999081e-03
884           	OVC	-1.459138e-02	-6.612036e-03	-6.172647e-03
884           	shield_slave	-1.433782e-02	-1.164643e-02	-3.999081e-03
885           	OVC	-1.459138e-02	-6.612036e-03	-6.172647e-03
885           	shield_slave	-1.433782e-02	-1.164643e-02	-3.999081e-03
886           	OVC	-1.459138e-02	-6.612036e-03	-6.172647e-03
886           	shield_slave	-1.433782e-02	-1.164643e-02	-3.999081e-03
887           	OVC	-1.459138e-02	-6.612036e-03	-6.172647e-03
887           	shield_slave	-1.433782e-02	-1.164643e-02	-3.999081e-03
888           	OVC	-1.459138e-02	-6.612036e-03	-6.172647e-03
888           	shield_slave	-1.433782e-02	-1.164643e-02	-3.999081e-03
889           	OVC	-1.459138e-02	-6.612036e-03	-6.172647e-03
889           	shield_slave	-1.433782e-02	-1.164643e-02	-3.999081e-03
890           	OVC	-1.459138e-02	-6.612036e-03	-6.172647e-03
890           	shield_slave	-1.433782e-02	-1.164643e-02	-3.999081e-03
891           	OVC	-1.459138e-02	-6.612036e-03	-6.172647e-03
891           	shield_slave	-1.433782e-02	-1.164643e-02	-3.999081e-03
892           	OVC	-1.459138e-02	-6.612036e-03	-6.172647e-03
892           	shield_slave	-1.433782e-02	-1.164643e-02	-3.999081e-03
893           	OVC	-1.459138e-02	-6.612036e-03	-6.172647e-03
893           	shield_slave	-1.433782e-02	-1.164643e-02	-3.999081e-03
894           	OVC	-1.459138e-02	-6.612036e-03	-6.172647e-03
894           	shield_slave	-1.433782e-02	-1.164643e-02	-3.999081e-03
895           	OVC	-1.459138e-02	-6.612036e-03	-6.172647e-03
895           	shield_slave	-1.433782e-02	-1.164643e-02	-3.999081e-03
896           	OVC	-1.459138e-02	-6.612036e-03	-6.172647e-03
896           	shield_slave	-1.433782e-02	-1.164643e-02	-3.999081e-03
897           	OVC	-1.459138e-02	-6.612036e-03	-6.172647e-03
897           	shield_slave	-1.433782e-02	-1.164643e-02	-3.999081e-03
898           	OVC	-1.459138e-02	-6.612036e-03	-6.172647e-03
898           	shield_slave	-1.433782e-02	-1.164643e-02	-3.999081e-03
899           	OVC	-1.459138e-02	-6.612036e-03	-6.172647e-03
899           	shield_slave	-1.433782e-02	-1.164643e-02	-3.999081e-03
900           	OVC	-1.459138e-02	-6.612036e-03	-6.172647e-03
900           	shield_slave	-1.433782e-02	-1.164643e-02	-3.999081e-03
901           	OVC	-1.459138e-02	-6.612036e-03	-6.172647e-03
901           	shield_slave	-1.433782e-02	-1.164643e-02	-3.999081e-03
902           	OVC	-1.459138e-02	-6.612036e-03	-6.172647e-03
902           	shield_slave	-1.433782e-02	-1.164643e-02	-3.999081e-03
903           	OVC	-1.459138e-02	-6.612036e-03	-6.172647e-03
903           	shield_slave	-1.433782e-02	-1.164643e-02	-3.999081e-03
904           	OVC	-1.459138e-02	-6.612036e-03	-6.172647e-03
904           	shield_slave	-1.433782e-02	-1.164643e-02	-3.999081e-03
905           	OVC	-1.459138e-02	-6.612036e-03	-6.172647e-03
905           	shield_slave	-1.433782e-02	-1.164643e-02	-3.999081e-03
906           	OVC	-1.459138e-02	-6.612036e-03	-6.172647e-03
906           	shield_slave	-1.433782e-02	-1.164643e-02	-3.999081e-03
907           	OVC	-1.459138e-02	-6.612036e-03	-6.172647e-03
907           	shield_slave	-1.433782e-02	-1.164643e-02	-3.999081e-03
908           	OVC	-1.459138e-02	-6.612036e-03	-6.172647e-03
908           	shield_slave	-1.433782e-02	-1.164643e-02	-3.999081e-03
909           	OVC	-1.459138e-02	-6.612036e-03	-6.172647e-03
909           	shield_slave	-1.433782e-02	-1.164643e-02	-3.999081e-03
910           	OVC	-1.459138e-02	-6.612036e-03	-6.172647e-03
910           	shield_slave	-1.433782e-02	-1.164643e-02	-3.999081e-03
911           	OVC	-1.459138e-02	-6.612036e-03	-6.172647e-03
911           	shield_slave	-1.433782e-02	-1.164643e-02	-3.999081e-03
912           	OVC	-1.459138e-02	-6.612036e-03	-6.172647e-03
912           	shield_slave	-1.433782e-02	-1.164643e-02	-3.999081e-03
913           	OVC	-1.459138e-02	-6.612036e-03	-6.172647e-03
913           	shield_slave	-1.433782e-02	-1.164643e-02	-3.999081e-03
914           	OVC	-1.459138e-02	-6.612036e-03	-6.172647e-03
914           	shield_slave	-1.433782e-02	-1.164643e-02	-3.999081e-03
915           	OVC	-1.459138e-02	-6.612036e-03	-6.172647e-03
915           	shield_slave	-1.433782e-02	-1.164643e-02	-3.999081e-03
916           	OVC	-1.459138e-02	-6.612036e-03	-6.172647e-03
916           	shield_slave	-1.433782e-02	-1.164643e-02	-3.999081e-03
917           	OVC	-1.459138e-02	-6.612036e-03	-6.172647e-03
917           	shield_slave	-1.433782e-02	-1.164643e-02	-3.999081e-03
918           	OVC	-1.459138e-02	-6.612036e-03	-6.172647e-03
918           	shield_slave	-1.433782e-02	-1.164643e-02	-3.999081e-03
919           	OVC	-1.459138e-02	-6.612036e-03	-6.172647e-03
919           	shield_slave	-1.433782e-02	-1.164643e-02	-3.999081e-03
920           	OVC	-1.459138e-02	-6.612036e-03	-6.172647e-03
920           	shield_slave	-1.433782e-02	-1.164643e-02	-3.999081e-03
921           	OVC	-1.459138e-02	-6.612036e-03	-6.172647e-03
921           	shield_slave	-1.433782e-02	-1.164643e-02	-3.999081e-03
922           	OVC	-1.459138e-02	-6.612036e-03	-6.172647e-03
922           	shield_slave	-1.433782e-02	-1.164643e-02	-3.999081e-03
923           	OVC	-1.459138e-02	-6.612036e-03	-6.172647e-03
923           	shield_slave	-1.433782e-02	-1.164643e-02	-3.999081e-03
924           	OVC	-1.459138e-02	-6.612036e-03	-6.172647e-03
924           	shield_slave	-1.433782e-02	-1.164643e-02	-3.999081e-03
925           	OVC	-1.459138e-02	-6.612036e-03	-6.172647e-03
925           	shield_slave	-1.433782e-02	-1.164643e-02	-3.999081e-03
926           	OVC	-1.459138e-02	-6.612036e-03	-6.172647e-03
926           	shield_slave	-1.433782e-02	-1.164643e-02	-3.999081e-03
927           	OVC	-1.459138e-02	-6.612036e-03	-6.172647e-03
927           	shield_slave	-1.433782e-02	-1.164643e-02	-3.999081e-03
928           	OVC	-1.459138e-02	-6.612036e-03	-6.172647e-03
928           	shield_slave	-1.433782e-02	-1.164643e-02	-3.999081e-03
929           	OVC	-1.459138e-02	-6.612036e-03	-6.172647e-03
929           	shield_slave	-1.433782e-02	-1.164643e-02	-3.999081e-03
930           	OVC	-1.459138e-02	-6.612036e-03	-6.172647e-03
930           	shield_slave	-1.433782e-02	-1.164643e-02	-3.999081e-03
931           	OVC	-1.459138e-02	-6.612036e-03	-6.172647e-03
931           	shield_slave	-1.433782e-02	-1.164643e-02	-3.999081e-03
932           	OVC	-1.459138e-02	-6.612036e-03	-6.172647e-03
932           	shield_slave	-1.433782e-02	-1.164643e-02	-3.999081e-03
933           	OVC	-1.459138e-02	-6.612036e-03	-6.172647e-03
933           	shield_slave	-1.433782e-02	-1.164643e-02	-3.999081e-03
934           	OVC	-1.459138e-02	-6.612036e-03	-6.172647e-03
934           	shield_slave	-1.433782e-02	-1.164643e-02	-3.999081e-03
935           	OVC	-1.459138e-02	-6.612036e-03	-6.172647e-03
935           	shield_slave	-1.433782e-02	-1.164643e-02	-3.999081e-03
936           	OVC	-1.459138e-02	-6.612036e-03	-6.172647e-03
936           	shield_slave	-1.433782e-02	-1.164643e-02	-3.999081e-03
937           	OVC	-1.459138e-02	-6.612036e-03	-6.172647e-03
937           	shield_slave	-1.433782e-02	-1.164643e-02	-3.999081e-03
938           	OVC	-1.459138e-02	-6.612036e-03	-6.172647e-03
938           	shield_slave	-1.433782e-02	-1.164643e-02	-3.999081e-03
939           	OVC	-1.459138e-02	-6.612036e-03	-6.172647e-03
939           	shield_slave	-1.433782e-02	-1.164643e-02	-3.999081e-03
940           	OVC	-1.459138e-02	-6.612036e-03	-6.172647e-03
940           	shield_slave	-1.433782e-02	-1.164643e-02	-3.999081e-03
941           	OVC	-1.459138e-02	-6.612036e-03	-6.172647e-03
941           	shield_slave	-1.433782e-02	-1.164643e-02	-3.999081e-03
942           	OVC	-1.459138e-02	-6.612036e-03	-6.172647e-03
942           	shield_slave	-1.433782e-02	-1.164643e-02	-3.999081e-03
943           	OVC	-1.459138e-02	-6.612036e-03	-6.172647e-03
943           	shield_slave	-1.433782e-02	-1.164643e-02	-3.999081e-03
944           	OVC	-1.459138e-02	-6.612036e-03	-6.172647e-03
944           	shield_slave	-1.433782e-02	-1.164643e-02	-3.999081e-03
945           	OVC	-1.459138e-02	-6.612036e-03	-6.172647e-03
945           	shield_slave	-1.433782e-02	-1.164643e-02	-3.999081e-03
946           	OVC	-1.459138e-02	-6.612036e-03	-6.172647e-03
946           	shield_slave	-1.433782e-02	-1.164643e-02	-3.999081e-03
947           	OVC	-1.459138e-02	-6.612036e-03	-6.172647e-03
947           	shield_slave	-1.433782e-02	-1.164643e-02	-3.999081e-03
948           	OVC	-1.459138e-02	-6.612036e-03	-6.172647e-03
948           	shield_slave	-1.433782e-02	-1.164643e-02	-3.999081e-03
949           	OVC	-1.459138e-02	-6.612036e-03	-6.172647e-03
949           	shield_slave	-1.433782e-02	-1.164643e-02	-3.999081e-03
950           	OVC	-1.459138e-02	-6.612036e-03	-6.172647e-03
950           	shield_slave	-1.433782e-02	-1.164643e-02	-3.999081e-03
951           	OVC	-1.459138e-02	-6.612036e-03	-6.172647e-03
951           	shield_slave	-1.433782e-02	-1.164643e-02	-3.999081e-03
952           	OVC	-1.459138e-02	-6.612036e-03	-6.172647e-03
952           	shield_slave	-1.433782e-02	-1.164643e-02	-3.999081e-03
953           	OVC	-1.459138e-02	-6.612036e-03	-6.172647e-03
953           	shield_slave	-1.433782e-02	-1.164643e-02	-3.999081e-03
954           	OVC	-1.459138e-02	-6.612036e-03	-6.172647e-03
954           	shield_slave	-1.433782e-02	-1.164643e-02	-3.999081e-03
955           	OVC	-1.459138e-02	-6.612036e-03	-6.172647e-03
955           	shield_slave	-1.433782e-02	-1.164643e-02	-3.999081e-03
956           	OVC	-1.459138e-02	-6.612036e-03	-6.172647e-03
956           	shield_slave	-1.433782e-02	-1.164643e-02	-3.999081e-03
957           	OVC	-1.459138e-02	-6.612036e-03	-6.172647e-03
957           	shield_slave	-1.433782e-02	-1.164643e-02	-3.999081e-03
958           	OVC	-1.459138e-02	-6.612036e-03	-6.172647e-03
958           	shield_slave	-1.433782e-02	-1.164643e-02	-3.999081e-03
959           	OVC	-1.459138e-02	-6.612036e-03	-6.172647e-03
959           	shield_slave	-1.433782e-02	-1.164643e-02	-3.999081e-03
960           	OVC	-1.459138e-02	-6.612036e-03	-6.172647e-03
960           	shield_slave	-1.433782e-02	-1.164643e-02	-3.999081e-03
961           	OVC	-1.459138e-02	-6.612036e-03	-6.172647e-03
961           	shield_slave	-1.433782e-02	-1.164643e-02	-3.999081e-03
962           	OVC	-1.459138e-02	-6.612036e-03	-6.172647e-03
962           	shield_slave	-1.433782e-02	-1.164643e-02	-3.999081e-03
963           	OVC	-1.459138e-02	-6.612036e-03	-6.172647e-03
963           	shield_slave	-1.433782e-02	-1.164643e-02	-3.999081e-03
964           	OVC	-1.459138e-02	-6.612036e-03	-6.172647e-03
964           	shield_slave	-1.433782e-02	-1.164643e-02	-3.999081e-03
965           	OVC	-1.459138e-02	-6.612036e-03	-6.172647e-03
965           	shield_slave	-1.433782e-02	-1.164643e-02	-3.999081e-03
966           	OVC	-1.459138e-02	-6.612036e-03	-6.172647e-03
966           	shield_slave	-1.433782e-02	-1.164643e-02	-3.999081e-03
967           	OVC	-1.459138e-02	-6.612036e-03	-6.172647e-03
967           	shield_slave	-1.433782e-02	-1.164643e-02	-3.999081e-03
968           	OVC	-1.459138e-02	-6.612036e-03	-6.172647e-03
968           	shield_slave	-1.433782e-02	-1.164643e-02	-3.999081e-03
969           	OVC	-1.459138e-02	-6.612036e-03	-6.172647e-03
969           	shield_slave	-1.433782e-02	-1.164643e-02	-3.999081e-03
970           	OVC	-1.459138e-02	-6.612036e-03	-6.172647e-03
970           	shield_slave	-1.433782e-02	-1.164643e-02	-3.999081e-03
971           	OVC	-1.459138e-02	-6.612036e-03	-6.172647e-03
971           	shield_slave	-1.433782e-02	-1.164643e-02	-3.999081e-03
972           	OVC	-1.459138e-02	-6.612036e-03	-6.172647e-03
972           	shield_slave	-1.433782e-02	-1.164643e-02	-3.999081e-03
973           	OVC	-1.459138e-02	-6.612036e-03	-6.172647e-03
973           	shield_slave	-1.433782e-02	-1.164643e-02	-3.999081e-03
974           	OVC	-1.459138e-02	-6.612036e-03	-6.172647e-03
974           	shield_slave	-1.433782e-02	-1.164643e-02	-3.999081e-03
975           	OVC	-1.459138e-02	-6.612036e-03	-6.172647e-03
975           	shield_slave	-1.433782e-02	-1.164643e-02	-3.999081e-03
976           	OVC	-1.459138e-02	-6.612036e-03	-6.172647e-03
976           	shield_slave	-1.433782e-02	-1.164643e-02	-3.999081e-03
977           	OVC	-1.459138e-02	-6.612036e-03	-6.172647e-03
977           	shield_slave	-1.433782e-02	-1.164643e-02	-3.999081e-03
978           	OVC	-1.459138e-02	-6.612036e-03	-6.172647e-03
978           	shield_slave	-1.433782e-02	-1.164643e-02	-3.999081e-03
979           	OVC	-1.459138e-02	-6.612036e-03	-6.172647e-03
979           	shield_slave	-1.433782e-02	-1.164643e-02	-3.999081e-03
980           	OVC	-1.459138e-02	-6.612036e-03	-6.172647e-03
980           	shield_slave	-1.433782e-02	-1.164643e-02	-3.999081e-03
981           	OVC	-1.459138e-02	-6.612036e-03	-6.172647e-03
981           	shield_slave	-1.433782e-02	-1.164643e-02	-3.999081e-03
982           	OVC	-1.459138e-02	-6.612036e-03	-6.172647e-03
982           	shield_slave	-1.433782e-02	-1.164643e-02	-3.999081e-03
983           	OVC	-1.459138e-02	-6.612036e-03	-6.172647e-03
983           	shield_slave	-1.433782e-02	-1.164643e-02	-3.999081e-03
984           	OVC	-1.459138e-02	-6.612036e-03	-6.172647e-03
984           	shield_slave	-1.433782e-02	-1.164643e-02	-3.999081e-03
985           	OVC	-1.459138e-02	-6.612036e-03	-6.172647e-03
985           	shield_slave	-1.433782e-02	-1.164643e-02	-3.999081e-03
986           	OVC	-1.459138e-02	-6.612036e-03	-6.172647e-03
986           	shield_slave	-1.433782e-02	-1.164643e-02	-3.999081e-03
987           	OVC	-1.459138e-02	-6.612036e-03	-6.172647e-03
987           	shield_slave	-1.433782e-02	-1.164643e-02	-3.999081e-03
988           	OVC	-1.459138e-02	-6.612036e-03	-6.172647e-03
988           	shield_slave	-1.433782e-02	-1.164643e-02	-3.999081e-03
989           	OVC	-1.459138e-02	-6.612036e-03	-6.172647e-03
989           	shield_slave	-1.433782e-02	-1.164643e-02	-3.999081e-03
990           	OVC	-1.459138e-02	-6.612036e-03	-6.172647e-03
990           	shield_slave	-1.433782e-02	-1.164643e-02	-3.999081e-03
991           	OVC	-1.459138e-02	-6.612036e-03	-6.172647e-03
991           	shield_slave	-1.433782e-02	-1.164643e-02	-3.999081e-03
992           	OVC	-1.459138e-02	-6.612036e-03	-6.172647e-03
992           	shield_slave	-1.433782e-02	-1.164643e-02	-3.999081e-03
993           	OVC	-1.459138e-02	-6.612036e-03	-6.172647e-03
993           	shield_slave	-1.433782e-02	-1.164643e-02	-3.999081e-03
994           	OVC	-1.459138e-02	-6.612036e-03	-6.172647e-03
994           	shield_slave	-1.433782e-02	-1.164643e-02	-3.999081e-03
995           	OVC	-1.459138e-02	-6.612036e-03	-6.172647e-03
995           	shield_slave	-1.433782e-02	-1.164643e-02	-3.999081e-03
996           	OVC	-1.459138e-02	-6.612036e-03	-6.172647e-03
996           	shield_slave	-1.433782e-02	-1.164643e-02	-3.999081e-03
997           	OVC	-1.459138e-02	-6.612036e-03	-6.172647e-03
997           	shield_slave	-1.433782e-02	-1.164643e-02	-3.999081e-03
998           	OVC	-1.459138e-02	-6.612036e-03	-6.172647e-03
998           	shield_slave	-1.433782e-02	-1.164643e-02	-3.999081e-03
999           	OVC	-1.459138e-02	-6.612036e-03	-6.172647e-03
999           	shield_slave	-1.433782e-02	-1.164643e-02	-3.999081e-03
1000          	OVC	-1.459138e-02	-6.612036e-03	-6.172647e-03
1000          	shield_slave	-1.433782e-02	-1.164643e-02	-3.999081e-03
1001          	OVC	-1.459138e-02	-6.612036e-03	-6.172647e-03
1001          	shield_slave	-1.433782e-02	-1.164643e-02	-3.999081e-03
1002          	OVC	-1.459138e-02	-6.612036e-03	-6.172647e-03
1002          	shield_slave	-1.433782e-02	-1.164643e-02	-3.999081e-03
1003          	OVC	-1.459138e-02	-6.612036e-03	-6.172647e-03
1003          	shield_slave	-1.433782e-02	-1.164643e-02	-3.999081e-03
1004          	OVC	-1.459138e-02	-6.612036e-03	-6.172647e-03
1004          	shield_slave	-1.433782e-02	-1.164643e-02	-3.999081e-03
1005          	OVC	-1.459138e-02	-6.612036e-03	-6.172647e-03
1005          	shield_slave	-1.433782e-02	-1.164643e-02	-3.999081e-03
1006          	OVC	-1.459138e-02	-6.612036e-03	-6.172647e-03
1006          	shield_slave	-1.433782e-02	-1.164643e-02	-3.999081e-03
1007          	OVC	-1.459138e-02	-6.612036e-03	-6.172647e-03
1007          	shield_slave	-1.433782e-02	-1.164643e-02	-3.999081e-03
1008          	OVC	-1.459138e-02	-6.612036e-03	-6.172647e-03
1008          	shield_slave	-1.433782e-02	-1.164643e-02	-3.999081e-03
1009          	OVC	-1.459138e-02	-6.612036e-03	-6.172647e-03
1009          	shield_slave	-1.433782e-02	-1.164643e-02	-3.999081e-03
1010          	OVC	-1.459138e-02	-6.612036e-03	-6.172647e-03
1010          	shield_slave	-1.433782e-02	-1.164643e-02	-3.999081e-03
1011          	OVC	-1.459138e-02	-6.612036e-03	-6.172647e-03
1011          	shield_slave	-1.433782e-02	-1.164643e-02	-3.999081e-03
1012          	OVC	-1.459138e-02	-6.612036e-03	-6.172647e-03
1012          	shield_slave	-1.433782e-02	-1.164643e-02	-3.999081e-03
1013          	OVC	-1.459138e-02	-6.612036e-03	-6.172647e-03
1013          	shield_slave	-1.433782e-02	-1.164643e-02	-3.999081e-03
1014          	OVC	-1.459138e-02	-6.612036e-03	-6.172647e-03
1014          	shield_slave	-1.433782e-02	-1.164643e-02	-3.999081e-03
1015          	OVC	-1.459138e-02	-6.612036e-03	-6.172647e-03
1015          	shield_slave	-1.433782e-02	-1.164643e-02	-3.999081e-03
1016          	OVC	-1.459138e-02	-6.612036e-03	-6.172647e-03
1016          	shield_slave	-1.433782e-02	-1.164643e-02	-3.999081e-03
1017          	OVC	-1.459138e-02	-6.612036e-03	-6.172647e-03
1017          	shield_slave	-1.433782e-02	-1.164643e-02	-3.999081e-03
1018          	OVC	-1.459138e-02	-6.612036e-03	-6.172647e-03
1018          	shield_slave	-1.433782e-02	-1.164643e-02	-3.999081e-03
1019          	OVC	-1.459138e-02	-6.612036e-03	-6.172647e-03
1019          	shield_slave	-1.433782e-02	-1.164643e-02	-3.999081e-03
1020          	OVC	-1.459138e-02	-6.612036e-03	-6.172647e-03
1020          	shield_slave	-1.433782e-02	-1.164643e-02	-3.999081e-03
1021          	OVC	-1.459138e-02	-6.612036e-03	-6.172647e-03
1021          	shield_slave	-1.433782e-02	-1.164643e-02	-3.999081e-03
1022          	OVC	-1.459138e-02	-6.612036e-03	-6.172647e-03
1022          	shield_slave	-1.433782e-02	-1.164643e-02	-3.999081e-03
1023          	OVC	-1.459138e-02	-6.612036e-03	-6.172647e-03
1023          	shield_slave	-1.433782e-02	-1.164643e-02	-3.999081e-03
1024          	OVC	-1.459138e-02	-6.612036e-03	-6.172647e-03
1024          	shield_slave	-1.433782e-02	-1.164643e-02	-3.999081e-03
1025          	OVC	-1.459138e-02	-6.612036e-03	-6.172647e-03
1025          	shield_slave	-1.433782e-02	-1.164643e-02	-3.999081e-03
1026          	OVC	-1.459138e-02	-6.612036e-03	-6.172647e-03
1026          	shield_slave	-1.433782e-02	-1.164643e-02	-3.999081e-03
1027          	OVC	-1.459138e-02	-6.612036e-03	-6.172647e-03
1027          	shield_slave	-1.433782e-02	-1.164643e-02	-3.999081e-03
1028          	OVC	-1.459138e-02	-6.612036e-03	-6.172647e-03
1028          	shield_slave	-1.433782e-02	-1.164643e-02	-3.999081e-03
1029          	OVC	-1.459138e-02	-6.612036e-03	-6.172647e-03
1029          	shield_slave	-1.433782e-02	-1.164643e-02	-3.999081e-03
1030          	OVC	-1.459138e-02	-6.612036e-03	-6.172647e-03
1030          	shield_slave	-1.433782e-02	-1.164643e-02	-3.999081e-03
1031          	OVC	-1.459138e-02	-6.612036e-03	-6.172647e-03
1031          	shield_slave	-1.433782e-02	-1.164643e-02	-3.999081e-03
1032          	OVC	-1.459138e-02	-6.612036e-03	-6.172647e-03
1032          	shield_slave	-1.433782e-02	-1.164643e-02	-3.999081e-03
1033          	OVC	-1.459138e-02	-6.612036e-03	-6.172647e-03
1033          	shield_slave	-1.433782e-02	-1.164643e-02	-3.999081e-03
1034          	OVC	-1.459138e-02	-6.612036e-03	-6.172647e-03
1034          	shield_slave	-1.433782e-02	-1.164643e-02	-3.999081e-03
1035          	OVC	-1.459138e-02	-6.612036e-03	-6.172647e-03
1035          	shield_slave	-1.433782e-02	-1.164643e-02	-3.999081e-03
1036          	OVC	-1.459138e-02	-6.612036e-03	-6.172647e-03
1036          	shield_slave	-1.433782e-02	-1.164643e-02	-3.999081e-03
1037          	OVC	-1.459138e-02	-6.612036e-03	-6.172647e-03
1037          	shield_slave	-1.433782e-02	-1.164643e-02	-3.999081e-03
1038          	OVC	-1.459138e-02	-6.612036e-03	-6.172647e-03
1038          	shield_slave	-1.433782e-02	-1.164643e-02	-3.999081e-03
1039          	OVC	-1.459138e-02	-6.612036e-03	-6.172647e-03
1039          	shield_slave	-1.433782e-02	-1.164643e-02	-3.999081e-03
1040          	OVC	-1.459138e-02	-6.612036e-03	-6.172647e-03
1040          	shield_slave	-1.433782e-02	-1.164643e-02	-3.999081e-03
1041          	OVC	-1.459138e-02	-6.612036e-03	-6.172647e-03
1041          	shield_slave	-1.433782e-02	-1.164643e-02	-3.999081e-03
1042          	OVC	-1.459138e-02	-6.612036e-03	-6.172647e-03
1042          	shield_slave	-1.433782e-02	-1.164643e-02	-3.999081e-03
1043          	OVC	-1.459138e-02	-6.612036e-03	-6.172647e-03
1043          	shield_slave	-1.433782e-02	-1.164643e-02	-3.999081e-03
1044          	OVC	-1.459138e-02	-6.612036e-03	-6.172647e-03
1044          	shield_slave	-1.433782e-02	-1.164643e-02	-3.999081e-03
1045          	OVC	-1.459138e-02	-6.612036e-03	-6.172647e-03
1045          	shield_slave	-1.433782e-02	-1.164643e-02	-3.999081e-03
1046          	OVC	-1.459138e-02	-6.612036e-03	-6.172647e-03
1046          	shield_slave	-1.433782e-02	-1.164643e-02	-3.999081e-03
1047          	OVC	-1.459138e-02	-6.612036e-03	-6.172647e-03
1047          	shield_slave	-1.433782e-02	-1.164643e-02	-3.999081e-03
1048          	OVC	-1.459138e-02	-6.612036e-03	-6.172647e-03
1048          	shield_slave	-1.433782e-02	-1.164643e-02	-3.999081e-03
1049          	OVC	-1.459138e-02	-6.612036e-03	-6.172647e-03
1049          	shield_slave	-1.433782e-02	-1.164643e-02	-3.999081e-03
1050          	OVC	-1.459138e-02	-6.612036e-03	-6.172647e-03
1050          	shield_slave	-1.433782e-02	-1.164643e-02	-3.999081e-03
1051          	OVC	-1.459138e-02	-6.612036e-03	-6.172647e-03
1051          	shield_slave	-1.433782e-02	-1.164643e-02	-3.999081e-03
1052          	OVC	-1.459138e-02	-6.612036e-03	-6.172647e-03
1052          	shield_slave	-1.433782e-02	-1.164643e-02	-3.999081e-03
1053          	OVC	-1.459138e-02	-6.612036e-03	-6.172647e-03
1053          	shield_slave	-1.433782e-02	-1.164643e-02	-3.999081e-03
1054          	OVC	-1.459138e-02	-6.612036e-03	-6.172647e-03
1054          	shield_slave	-1.433782e-02	-1.164643e-02	-3.999081e-03
1055          	OVC	-1.459138e-02	-6.612036e-03	-6.172647e-03
1055          	shield_slave	-1.433782e-02	-1.164643e-02	-3.999081e-03
1056          	OVC	-1.459138e-02	-6.612036e-03	-6.172647e-03
1056          	shield_slave	-1.433782e-02	-1.164643e-02	-3.999081e-03
1057          	OVC	-1.459138e-02	-6.612036e-03	-6.172647e-03
1057          	shield_slave	-1.433782e-02	-1.164643e-02	-3.999081e-03
1058          	OVC	-1.459138e-02	-6.612036e-03	-6.172647e-03
1058          	shield_slave	-1.433782e-02	-1.164643e-02	-3.999081e-03
1059          	OVC	-1.459138e-02	-6.612036e-03	-6.172647e-03
1059          	shield_slave	-1.433782e-02	-1.164643e-02	-3.999081e-03
1060          	OVC	-1.459138e-02	-6.612036e-03	-6.172647e-03
1060          	shield_slave	-1.433782e-02	-1.164643e-02	-3.999081e-03
1061          	OVC	-1.459138e-02	-6.612036e-03	-6.172647e-03
1061          	shield_slave	-1.433782e-02	-1.164643e-02	-3.999081e-03
1062          	OVC	-1.459138e-02	-6.612036e-03	-6.172647e-03
1062          	shield_slave	-1.433782e-02	-1.164643e-02	-3.999081e-03
1063          	OVC	-1.459138e-02	-6.612036e-03	-6.172647e-03
1063          	shield_slave	-1.433782e-02	-1.164643e-02	-3.999081e-03
1064          	OVC	-1.459138e-02	-6.612036e-03	-6.172647e-03
1064          	shield_slave	-1.433782e-02	-1.164643e-02	-3.999081e-03
1065          	OVC	-1.459138e-02	-6.612036e-03	-6.172647e-03
1065          	shield_slave	-1.433782e-02	-1.164643e-02	-3.999081e-03
1066          	OVC	-1.459138e-02	-6.612036e-03	-6.172647e-03
1066          	shield_slave	-1.433782e-02	-1.164643e-02	-3.999081e-03
1067          	OVC	-1.459138e-02	-6.612036e-03	-6.172647e-03
1067          	shield_slave	-1.433782e-02	-1.164643e-02	-3.999081e-03
1068          	OVC	-1.459138e-02	-6.612036e-03	-6.172647e-03
1068          	shield_slave	-1.433782e-02	-1.164643e-02	-3.999081e-03
1069          	OVC	-1.459138e-02	-6.612036e-03	-6.172647e-03
1069          	shield_slave	-1.433782e-02	-1.164643e-02	-3.999081e-03
1070          	OVC	-1.459138e-02	-6.612036e-03	-6.172647e-03
1070          	shield_slave	-1.433782e-02	-1.164643e-02	-3.999081e-03
1071          	OVC	-1.459138e-02	-6.612036e-03	-6.172647e-03
1071          	shield_slave	-1.433782e-02	-1.164643e-02	-3.999081e-03
1072          	OVC	-1.459138e-02	-6.612036e-03	-6.172647e-03
1072          	shield_slave	-1.433782e-02	-1.164643e-02	-3.999081e-03
1073          	OVC	-1.459138e-02	-6.612036e-03	-6.172647e-03
1073          	shield_slave	-1.433782e-02	-1.164643e-02	-3.999081e-03
1074          	OVC	-1.459138e-02	-6.612036e-03	-6.172647e-03
1074          	shield_slave	-1.433782e-02	-1.164643e-02	-3.999081e-03
1075          	OVC	-1.459138e-02	-6.612036e-03	-6.172647e-03
1075          	shield_slave	-1.433782e-02	-1.164643e-02	-3.999081e-03
1076          	OVC	-1.459138e-02	-6.612036e-03	-6.172647e-03
1076          	shield_slave	-1.433782e-02	-1.164643e-02	-3.999081e-03
1077          	OVC	-1.459138e-02	-6.612036e-03	-6.172647e-03
1077          	shield_slave	-1.433782e-02	-1.164643e-02	-3.999081e-03
1078          	OVC	-1.459138e-02	-6.612036e-03	-6.172647e-03
1078          	shield_slave	-1.433782e-02	-1.164643e-02	-3.999081e-03
1079          	OVC	-1.459138e-02	-6.612036e-03	-6.172647e-03
1079          	shield_slave	-1.433782e-02	-1.164643e-02	-3.999081e-03
1080          	OVC	-1.459138e-02	-6.612036e-03	-6.172647e-03
1080          	shield_slave	-1.433782e-02	-1.164643e-02	-3.999081e-03
1081          	OVC	-1.459138e-02	-6.612036e-03	-6.172647e-03
1081          	shield_slave	-1.433782e-02	-1.164643e-02	-3.999081e-03
1082          	OVC	-1.459138e-02	-6.612036e-03	-6.172647e-03
1082          	shield_slave	-1.433782e-02	-1.164643e-02	-3.999081e-03
1083          	OVC	-1.459138e-02	-6.612036e-03	-6.172647e-03
1083          	shield_slave	-1.433782e-02	-1.164643e-02	-3.999081e-03
1084          	OVC	-1.459138e-02	-6.612036e-03	-6.172647e-03
1084          	shield_slave	-1.433782e-02	-1.164643e-02	-3.999081e-03
1085          	OVC	-1.459138e-02	-6.612036e-03	-6.172647e-03
1085          	shield_slave	-1.433782e-02	-1.164643e-02	-3.999081e-03
1086          	OVC	-1.459138e-02	-6.612036e-03	-6.172647e-03
1086          	shield_slave	-1.433782e-02	-1.164643e-02	-3.999081e-03
1087          	OVC	-1.459138e-02	-6.612036e-03	-6.172647e-03
1087          	shield_slave	-1.433782e-02	-1.164643e-02	-3.999081e-03
1088          	OVC	-1.459138e-02	-6.612036e-03	-6.172647e-03
1088          	shield_slave	-1.433782e-02	-1.164643e-02	-3.999081e-03
1089          	OVC	-1.459138e-02	-6.612036e-03	-6.172647e-03
1089          	shield_slave	-1.433782e-02	-1.164643e-02	-3.999081e-03
1090          	OVC	-1.459138e-02	-6.612036e-03	-6.172647e-03
1090          	shield_slave	-1.433782e-02	-1.164643e-02	-3.999081e-03
1091          	OVC	-1.459138e-02	-6.612036e-03	-6.172647e-03
1091          	shield_slave	-1.433782e-02	-1.164643e-02	-3.999081e-03
1092          	OVC	-1.459138e-02	-6.612036e-03	-6.172647e-03
1092          	shield_slave	-1.433782e-02	-1.164643e-02	-3.999081e-03
1093          	OVC	-1.459138e-02	-6.612036e-03	-6.172647e-03
1093          	shield_slave	-1.433782e-02	-1.164643e-02	-3.999081e-03
1094          	OVC	-1.459138e-02	-6.612036e-03	-6.172647e-03
1094          	shield_slave	-1.433782e-02	-1.164643e-02	-3.999081e-03
1095          	OVC	-1.459138e-02	-6.612036e-03	-6.172647e-03
1095          	shield_slave	-1.433782e-02	-1.164643e-02	-3.999081e-03
1096          	OVC	-1.459138e-02	-6.612036e-03	-6.172647e-03
1096          	shield_slave	-1.433782e-02	-1.164643e-02	-3.999081e-03
1097          	OVC	-1.459138e-02	-6.612036e-03	-6.172647e-03
1097          	shield_slave	-1.433782e-02	-1.164643e-02	-3.999081e-03
1098          	OVC	-1.459138e-02	-6.612036e-03	-6.172647e-03
1098          	shield_slave	-1.433782e-02	-1.164643e-02	-3.999081e-03
1099          	OVC	-1.459138e-02	-6.612036e-03	-6.172647e-03
1099          	shield_slave	-1.433782e-02	-1.164643e-02	-3.999081e-03
1100          	OVC	-1.459138e-02	-6.612036e-03	-6.172647e-03
1100          	shield_slave	-1.433782e-02	-1.164643e-02	-3.999081e-03
1101          	OVC	-1.459138e-02	-6.612036e-03	-6.172647e-03
1101          	shield_slave	-1.433782e-02	-1.164643e-02	-3.999081e-03
1102          	OVC	-1.459138e-02	-6.612036e-03	-6.172647e-03
1102          	shield_slave	-1.433782e-02	-1.164643e-02	-3.999081e-03
1103          	OVC	-1.459138e-02	-6.612036e-03	-6.172647e-03
1103          	shield_slave	-1.433782e-02	-1.164643e-02	-3.999081e-03
1104          	OVC	-1.459138e-02	-6.612036e-03	-6.172647e-03
1104          	shield_slave	-1.433782e-02	-1.164643e-02	-3.999081e-03
1105          	OVC	-1.459138e-02	-6.612036e-03	-6.172647e-03
1105          	shield_slave	-1.433782e-02	-1.164643e-02	-3.999081e-03
1106          	OVC	-1.459138e-02	-6.612036e-03	-6.172647e-03
1106          	shield_slave	-1.433782e-02	-1.164643e-02	-3.999081e-03
1107          	OVC	-1.459138e-02	-6.612036e-03	-6.172647e-03
1107          	shield_slave	-1.433782e-02	-1.164643e-02	-3.999081e-03
1108          	OVC	-1.459138e-02	-6.612036e-03	-6.172647e-03
1108          	shield_slave	-1.433782e-02	-1.164643e-02	-3.999081e-03
1109          	OVC	-1.459138e-02	-6.612036e-03	-6.172647e-03
1109          	shield_slave	-1.433782e-02	-1.164643e-02	-3.999081e-03
1110          	OVC	-1.459138e-02	-6.612036e-03	-6.172647e-03
1110          	shield_slave	-1.433782e-02	-1.164643e-02	-3.999081e-03
1111          	OVC	-1.459138e-02	-6.612036e-03	-6.172647e-03
1111          	shield_slave	-1.433782e-02	-1.164643e-02	-3.999081e-03
1112          	OVC	-1.459138e-02	-6.612036e-03	-6.172647e-03
1112          	shield_slave	-1.433782e-02	-1.164643e-02	-3.999081e-03
1113          	OVC	-1.459138e-02	-6.612036e-03	-6.172647e-03
1113          	shield_slave	-1.433782e-02	-1.164643e-02	-3.999081e-03
1114          	OVC	-1.459138e-02	-6.612036e-03	-6.172647e-03
1114          	shield_slave	-1.433782e-02	-1.164643e-02	-3.999081e-03
1115          	OVC	-1.459138e-02	-6.612036e-03	-6.172647e-03
1115          	shield_slave	-1.433782e-02	-1.164643e-02	-3.999081e-03
1116          	OVC	-1.459138e-02	-6.612036e-03	-6.172647e-03
1116          	shield_slave	-1.433782e-02	-1.164643e-02	-3.999081e-03
1117          	OVC	-1.459138e-02	-6.612036e-03	-6.172647e-03
1117          	shield_slave	-1.433782e-02	-1.164643e-02	-3.999081e-03
1118          	OVC	-1.459138e-02	-6.612036e-03	-6.172647e-03
1118          	shield_slave	-1.433782e-02	-1.164643e-02	-3.999081e-03
1119          	OVC	-1.459138e-02	-6.612036e-03	-6.172647e-03
1119          	shield_slave	-1.433782e-02	-1.164643e-02	-3.999081e-03
1120          	OVC	-1.459138e-02	-6.612036e-03	-6.172647e-03
1120          	shield_slave	-1.433782e-02	-1.164643e-02	-3.999081e-03
1121          	OVC	-1.459138e-02	-6.612036e-03	-6.172647e-03
1121          	shield_slave	-1.433782e-02	-1.164643e-02	-3.999081e-03
1122          	OVC	-1.459138e-02	-6.612036e-03	-6.172647e-03
1122          	shield_slave	-1.433782e-02	-1.164643e-02	-3.999081e-03
1123          	OVC	-1.459138e-02	-6.612036e-03	-6.172647e-03
1123          	shield_slave	-1.433782e-02	-1.164643e-02	-3.999081e-03
1124          	OVC	-1.459138e-02	-6.612036e-03	-6.172647e-03
1124          	shield_slave	-1.433782e-02	-1.164643e-02	-3.999081e-03
1125          	OVC	-1.459138e-02	-6.612036e-03	-6.172647e-03
1125          	shield_slave	-1.433782e-02	-1.164643e-02	-3.999081e-03
1126          	OVC	-1.459138e-02	-6.612036e-03	-6.172647e-03
1126          	shield_slave	-1.433782e-02	-1.164643e-02	-3.999081e-03
1127          	OVC	-1.459138e-02	-6.612036e-03	-6.172647e-03
1127          	shield_slave	-1.433782e-02	-1.164643e-02	-3.999081e-03
1128          	OVC	-1.459138e-02	-6.612036e-03	-6.172647e-03
1128          	shield_slave	-1.433782e-02	-1.164643e-02	-3.999081e-03
1129          	OVC	-1.459138e-02	-6.612036e-03	-6.172647e-03
1129          	shield_slave	-1.433782e-02	-1.164643e-02	-3.999081e-03
1130          	OVC	-1.459138e-02	-6.612036e-03	-6.172647e-03
1130          	shield_slave	-1.433782e-02	-1.164643e-02	-3.999081e-03
1131          	OVC	-1.459138e-02	-6.612036e-03	-6.172647e-03
1131          	shield_slave	-1.433782e-02	-1.164643e-02	-3.999081e-03
1132          	OVC	-1.459138e-02	-6.612036e-03	-6.172647e-03
1132          	shield_slave	-1.433782e-02	-1.164643e-02	-3.999081e-03
1133          	OVC	-1.459138e-02	-6.612036e-03	-6.172647e-03
1133          	shield_slave	-1.433782e-02	-1.164643e-02	-3.999081e-03
1134          	OVC	-1.459138e-02	-6.612036e-03	-6.172647e-03
1134          	shield_slave	-1.433782e-02	-1.164643e-02	-3.999081e-03
1135          	OVC	-1.459138e-02	-6.612036e-03	-6.172647e-03
1135          	shield_slave	-1.433782e-02	-1.164643e-02	-3.999081e-03
1136          	OVC	-1.459138e-02	-6.612036e-03	-6.172647e-03
1136          	shield_slave	-1.433782e-02	-1.164643e-02	-3.999081e-03
1137          	OVC	-1.459138e-02	-6.612036e-03	-6.172647e-03
1137          	shield_slave	-1.433782e-02	-1.164643e-02	-3.999081e-03
1138          	OVC	-1.459138e-02	-6.612036e-03	-6.172647e-03
1138          	shield_slave	-1.433782e-02	-1.164643e-02	-3.999081e-03
1139          	OVC	-1.459138e-02	-6.612036e-03	-6.172647e-03
1139          	shield_slave	-1.433782e-02	-1.164643e-02	-3.999081e-03
1140          	OVC	-1.459138e-02	-6.612036e-03	-6.172647e-03
1140          	shield_slave	-1.433782e-02	-1.164643e-02	-3.999081e-03
1141          	OVC	-1.459138e-02	-6.612036e-03	-6.172647e-03
1141          	shield_slave	-1.433782e-02	-1.164643e-02	-3.999081e-03
1142          	OVC	-1.459138e-02	-6.612036e-03	-6.172647e-03
1142          	shield_slave	-1.433782e-02	-1.164643e-02	-3.999081e-03
1143          	OVC	-1.459138e-02	-6.612036e-03	-6.172647e-03
1143          	shield_slave	-1.433782e-02	-1.164643e-02	-3.999081e-03
1144          	OVC	-1.459138e-02	-6.612036e-03	-6.172647e-03
1144          	shield_slave	-1.433782e-02	-1.164643e-02	-3.999081e-03
1145          	OVC	-1.459138e-02	-6.612036e-03	-6.172647e-03
1145          	shield_slave	-1.433782e-02	-1.164643e-02	-3.999081e-03
1146          	OVC	-1.459138e-02	-6.612036e-03	-6.172647e-03
1146          	shield_slave	-1.433782e-02	-1.164643e-02	-3.999081e-03
1147          	OVC	-1.459138e-02	-6.612036e-03	-6.172647e-03
1147          	shield_slave	-1.433782e-02	-1.164643e-02	-3.999081e-03
1148          	OVC	-1.459138e-02	-6.612036e-03	-6.172647e-03
1148          	shield_slave	-1.433782e-02	-1.164643e-02	-3.999081e-03
1149          	OVC	-1.459138e-02	-6.612036e-03	-6.172647e-03
1149          	shield_slave	-1.433782e-02	-1.164643e-02	-3.999081e-03
1150          	OVC	-1.459138e-02	-6.612036e-03	-6.172647e-03
1150          	shield_slave	-1.433782e-02	-1.164643e-02	-3.999081e-03
1151          	OVC	-1.459138e-02	-6.612036e-03	-6.172647e-03
1151          	shield_slave	-1.433782e-02	-1.164643e-02	-3.999081e-03
1152          	OVC	-1.459138e-02	-6.612036e-03	-6.172647e-03
1152          	shield_slave	-1.433782e-02	-1.164643e-02	-3.999081e-03
1153          	OVC	-1.459138e-02	-6.612036e-03	-6.172647e-03
1153          	shield_slave	-1.433782e-02	-1.164643e-02	-3.999081e-03
1154          	OVC	-1.459138e-02	-6.612036e-03	-6.172647e-03
1154          	shield_slave	-1.433782e-02	-1.164643e-02	-3.999081e-03
1155          	OVC	-1.459138e-02	-6.612036e-03	-6.172647e-03
1155          	shield_slave	-1.433782e-02	-1.164643e-02	-3.999081e-03
1156          	OVC	-1.459138e-02	-6.612036e-03	-6.172647e-03
1156          	shield_slave	-1.433782e-02	-1.164643e-02	-3.999081e-03
1157          	OVC	-1.459138e-02	-6.612036e-03	-6.172647e-03
1157          	shield_slave	-1.433782e-02	-1.164643e-02	-3.999081e-03
1158          	OVC	-1.459138e-02	-6.612036e-03	-6.172647e-03
1158          	shield_slave	-1.433782e-02	-1.164643e-02	-3.999081e-03
1159          	OVC	-1.459138e-02	-6.612036e-03	-6.172647e-03
1159          	shield_slave	-1.433782e-02	-1.164643e-02	-3.999081e-03
1160          	OVC	-1.459138e-02	-6.612036e-03	-6.172647e-03
1160          	shield_slave	-1.433782e-02	-1.164643e-02	-3.999081e-03
1161          	OVC	-1.459138e-02	-6.612036e-03	-6.172647e-03
1161          	shield_slave	-1.433782e-02	-1.164643e-02	-3.999081e-03
1162          	OVC	-1.459138e-02	-6.612036e-03	-6.172647e-03
1162          	shield_slave	-1.433782e-02	-1.164643e-02	-3.999081e-03
1163          	OVC	-1.459138e-02	-6.612036e-03	-6.172647e-03
1163          	shield_slave	-1.433782e-02	-1.164643e-02	-3.999081e-03
1164          	OVC	-1.459138e-02	-6.612036e-03	-6.172647e-03
1164          	shield_slave	-1.433782e-02	-1.164643e-02	-3.999081e-03
1165          	OVC	-1.459138e-02	-6.612036e-03	-6.172647e-03
1165          	shield_slave	-1.433782e-02	-1.164643e-02	-3.999081e-03
1166          	OVC	-1.459138e-02	-6.612036e-03	-6.172647e-03
1166          	shield_slave	-1.433782e-02	-1.164643e-02	-3.999081e-03
1167          	OVC	-1.459138e-02	-6.612036e-03	-6.172647e-03
1167          	shield_slave	-1.433782e-02	-1.164643e-02	-3.999081e-03
1168          	OVC	-1.459138e-02	-6.612036e-03	-6.172647e-03
1168          	shield_slave	-1.433782e-02	-1.164643e-02	-3.999081e-03
1169          	OVC	-1.459138e-02	-6.612036e-03	-6.172647e-03
1169          	shield_slave	-1.433782e-02	-1.164643e-02	-3.999081e-03
1170          	OVC	-1.459138e-02	-6.612036e-03	-6.172647e-03
1170          	shield_slave	-1.433782e-02	-1.164643e-02	-3.999081e-03
1171          	OVC	-1.459138e-02	-6.612036e-03	-6.172647e-03
1171          	shield_slave	-1.433782e-02	-1.164643e-02	-3.999081e-03
1172          	OVC	-1.459138e-02	-6.612036e-03	-6.172647e-03
1172          	shield_slave	-1.433782e-02	-1.164643e-02	-3.999081e-03
1173          	OVC	-1.459138e-02	-6.612036e-03	-6.172647e-03
1173          	shield_slave	-1.433782e-02	-1.164643e-02	-3.999081e-03
1174          	OVC	-1.459138e-02	-6.612036e-03	-6.172647e-03
1174          	shield_slave	-1.433782e-02	-1.164643e-02	-3.999081e-03
1175          	OVC	-1.459138e-02	-6.612036e-03	-6.172647e-03
1175          	shield_slave	-1.433782e-02	-1.164643e-02	-3.999081e-03
1176          	OVC	-1.459138e-02	-6.612036e-03	-6.172647e-03
1176          	shield_slave	-1.433782e-02	-1.164643e-02	-3.999081e-03
1177          	OVC	-1.459138e-02	-6.612036e-03	-6.172647e-03
1177          	shield_slave	-1.433782e-02	-1.164643e-02	-3.999081e-03
1178          	OVC	-1.459138e-02	-6.612036e-03	-6.172647e-03
1178          	shield_slave	-1.433782e-02	-1.164643e-02	-3.999081e-03
1179          	OVC	-1.459138e-02	-6.612036e-03	-6.172647e-03
1179          	shield_slave	-1.433782e-02	-1.164643e-02	-3.999081e-03
1180          	OVC	-1.459138e-02	-6.612036e-03	-6.172647e-03
1180          	shield_slave	-1.433782e-02	-1.164643e-02	-3.999081e-03
1181          	OVC	-1.459138e-02	-6.612036e-03	-6.172647e-03
1181          	shield_slave	-1.433782e-02	-1.164643e-02	-3.999081e-03
1182          	OVC	-1.459138e-02	-6.612036e-03	-6.172647e-03
1182          	shield_slave	-1.433782e-02	-1.164643e-02	-3.999081e-03
1183          	OVC	-1.459138e-02	-6.612036e-03	-6.172647e-03
1183          	shield_slave	-1.433782e-02	-1.164643e-02	-3.999081e-03
1184          	OVC	-1.459138e-02	-6.612036e-03	-6.172647e-03
1184          	shield_slave	-1.433782e-02	-1.164643e-02	-3.999081e-03
1185          	OVC	-1.459138e-02	-6.612036e-03	-6.172647e-03
1185          	shield_slave	-1.433782e-02	-1.164643e-02	-3.999081e-03
1186          	OVC	-1.459138e-02	-6.612036e-03	-6.172647e-03
1186          	shield_slave	-1.433782e-02	-1.164643e-02	-3.999081e-03
1187          	OVC	-1.459138e-02	-6.612036e-03	-6.172647e-03
1187          	shield_slave	-1.433782e-02	-1.164643e-02	-3.999081e-03
1188          	OVC	-1.459138e-02	-6.612036e-03	-6.172647e-03
1188          	shield_slave	-1.433782e-02	-1.164643e-02	-3.999081e-03
1189          	OVC	-1.459138e-02	-6.612036e-03	-6.172647e-03
1189          	shield_slave	-1.433782e-02	-1.164643e-02	-3.999081e-03
1190          	OVC	-1.459138e-02	-6.612036e-03	-6.172647e-03
1190          	shield_slave	-1.433782e-02	-1.164643e-02	-3.999081e-03
1191          	OVC	-1.459138e-02	-6.612036e-03	-6.172647e-03
1191          	shield_slave	-1.433782e-02	-1.164643e-02	-3.999081e-03
1192          	OVC	-1.459138e-02	-6.612036e-03	-6.172647e-03
1192          	shield_slave	-1.433782e-02	-1.164643e-02	-3.999081e-03
1193          	OVC	-1.459138e-02	-6.612036e-03	-6.172647e-03
1193          	shield_slave	-1.433782e-02	-1.164643e-02	-3.999081e-03
1194          	OVC	-1.459138e-02	-6.612036e-03	-6.172647e-03
1194          	shield_slave	-1.433782e-02	-1.164643e-02	-3.999081e-03
1195          	OVC	-1.459138e-02	-6.612036e-03	-6.172647e-03
1195          	shield_slave	-1.433782e-02	-1.164643e-02	-3.999081e-03
1196          	OVC	-1.459138e-02	-6.612036e-03	-6.172647e-03
1196          	shield_slave	-1.433782e-02	-1.164643e-02	-3.999081e-03
1197          	OVC	-1.459138e-02	-6.612036e-03	-6.172647e-03
1197          	shield_slave	-1.433782e-02	-1.164643e-02	-3.999081e-03
1198          	OVC	-1.459138e-02	-6.612036e-03	-6.172647e-03
1198          	shield_slave	-1.433782e-02	-1.164643e-02	-3.999081e-03
1199          	OVC	-1.459138e-02	-6.612036e-03	-6.172647e-03
1199          	shield_slave	-1.433782e-02	-1.164643e-02	-3.999081e-03
1200          	OVC	-1.459138e-02	-6.612036e-03	-6.172647e-03
1200          	shield_slave	-1.433782e-02	-1.164643e-02	-3.999081e-03
1201          	OVC	-1.459138e-02	-6.612036e-03	-6.172647e-03
1201          	shield_slave	-1.433782e-02	-1.164643e-02	-3.999081e-03
1202          	OVC	-1.459138e-02	-6.612036e-03	-6.172647e-03
1202          	shield_slave	-1.433782e-02	-1.164643e-02	-3.999081e-03
1203          	OVC	-1.459138e-02	-6.612036e-03	-6.172647e-03
1203          	shield_slave	-1.433782e-02	-1.164643e-02	-3.999081e-03
1204          	OVC	-1.459138e-02	-6.612036e-03	-6.172647e-03
1204          	shield_slave	-1.433782e-02	-1.164643e-02	-3.999081e-03
1205          	OVC	-1.459138e-02	-6.612036e-03	-6.172647e-03
1205          	shield_slave	-1.433782e-02	-1.164643e-02	-3.999081e-03
1206          	OVC	-1.459138e-02	-6.612036e-03	-6.172647e-03
1206          	shield_slave	-1.433782e-02	-1.164643e-02	-3.999081e-03
1207          	OVC	-1.459138e-02	-6.612036e-03	-6.172647e-03
1207          	shield_slave	-1.433782e-02	-1.164643e-02	-3.999081e-03
1208          	OVC	-1.459138e-02	-6.612036e-03	-6.172647e-03
1208          	shield_slave	-1.433782e-02	-1.164643e-02	-3.999081e-03
1209          	OVC	-1.459138e-02	-6.612036e-03	-6.172647e-03
1209          	shield_slave	-1.433782e-02	-1.164643e-02	-3.999081e-03
1210          	OVC	-1.459138e-02	-6.612036e-03	-6.172647e-03
1210          	shield_slave	-1.433782e-02	-1.164643e-02	-3.999081e-03
1211          	OVC	-1.459138e-02	-6.612036e-03	-6.172647e-03
1211          	shield_slave	-1.433782e-02	-1.164643e-02	-3.999081e-03
1212          	OVC	-1.459138e-02	-6.612036e-03	-6.172647e-03
1212          	shield_slave	-1.433782e-02	-1.164643e-02	-3.999081e-03
1213          	OVC	-1.459138e-02	-6.612036e-03	-6.172647e-03
1213          	shield_slave	-1.433782e-02	-1.164643e-02	-3.999081e-03
1214          	OVC	-1.459138e-02	-6.612036e-03	-6.172647e-03
1214          	shield_slave	-1.433782e-02	-1.164643e-02	-3.999081e-03
1215          	OVC	-1.459138e-02	-6.612036e-03	-6.172647e-03
1215          	shield_slave	-1.433782e-02	-1.164643e-02	-3.999081e-03
1216          	OVC	-1.459138e-02	-6.612036e-03	-6.172647e-03
1216          	shield_slave	-1.433782e-02	-1.164643e-02	-3.999081e-03
1217          	OVC	-1.459138e-02	-6.612036e-03	-6.172647e-03
1217          	shield_slave	-1.433782e-02	-1.164643e-02	-3.999081e-03
1218          	OVC	-1.459138e-02	-6.612036e-03	-6.172647e-03
1218          	shield_slave	-1.433782e-02	-1.164643e-02	-3.999081e-03
1219          	OVC	-1.459138e-02	-6.612036e-03	-6.172647e-03
1219          	shield_slave	-1.433782e-02	-1.164643e-02	-3.999081e-03
1220          	OVC	-1.459138e-02	-6.612036e-03	-6.172647e-03
1220          	shield_slave	-1.433782e-02	-1.164643e-02	-3.999081e-03
1221          	OVC	-1.459138e-02	-6.612036e-03	-6.172647e-03
1221          	shield_slave	-1.433782e-02	-1.164643e-02	-3.999081e-03
1222          	OVC	-1.459138e-02	-6.612036e-03	-6.172647e-03
1222          	shield_slave	-1.433782e-02	-1.164643e-02	-3.999081e-03
1223          	OVC	-1.459138e-02	-6.612036e-03	-6.172647e-03
1223          	shield_slave	-1.433782e-02	-1.164643e-02	-3.999081e-03
1224          	OVC	-1.459138e-02	-6.612036e-03	-6.172647e-03
1224          	shield_slave	-1.433782e-02	-1.164643e-02	-3.999081e-03
1225          	OVC	-1.459138e-02	-6.612036e-03	-6.172647e-03
1225          	shield_slave	-1.433782e-02	-1.164643e-02	-3.999081e-03
1226          	OVC	-1.459138e-02	-6.612036e-03	-6.172647e-03
1226          	shield_slave	-1.433782e-02	-1.164643e-02	-3.999081e-03
1227          	OVC	-1.459138e-02	-6.612036e-03	-6.172647e-03
1227          	shield_slave	-1.433782e-02	-1.164643e-02	-3.999081e-03
1228          	OVC	-1.459138e-02	-6.612036e-03	-6.172647e-03
1228          	shield_slave	-1.433782e-02	-1.164643e-02	-3.999081e-03
1229          	OVC	-1.459138e-02	-6.612036e-03	-6.172647e-03
1229          	shield_slave	-1.433782e-02	-1.164643e-02	-3.999081e-03
1230          	OVC	-1.459138e-02	-6.612036e-03	-6.172647e-03
1230          	shield_slave	-1.433782e-02	-1.164643e-02	-3.999081e-03
1231          	OVC	-1.459138e-02	-6.612036e-03	-6.172647e-03
1231          	shield_slave	-1.433782e-02	-1.164643e-02	-3.999081e-03
1232          	OVC	-1.459138e-02	-6.612036e-03	-6.172647e-03
1232          	shield_slave	-1.433782e-02	-1.164643e-02	-3.999081e-03
1233          	OVC	-1.459138e-02	-6.612036e-03	-6.172647e-03
1233          	shield_slave	-1.433782e-02	-1.164643e-02	-3.999081e-03
1234          	OVC	-1.459138e-02	-6.612036e-03	-6.172647e-03
1234          	shield_slave	-1.433782e-02	-1.164643e-02	-3.999081e-03
1235          	OVC	-1.459138e-02	-6.612036e-03	-6.172647e-03
1235          	shield_slave	-1.433782e-02	-1.164643e-02	-3.999081e-03
1236          	OVC	-1.459138e-02	-6.612036e-03	-6.172647e-03
1236          	shield_slave	-1.433782e-02	-1.164643e-02	-3.999081e-03
1237          	OVC	-1.459138e-02	-6.612036e-03	-6.172647e-03
1237          	shield_slave	-1.433782e-02	-1.164643e-02	-3.999081e-03
1238          	OVC	-1.459138e-02	-6.612036e-03	-6.172647e-03
1238          	shield_slave	-1.433782e-02	-1.164643e-02	-3.999081e-03
1239          	OVC	-1.459138e-02	-6.612036e-03	-6.172647e-03
1239          	shield_slave	-1.433782e-02	-1.164643e-02	-3.999081e-03
1240          	OVC	-1.459138e-02	-6.612036e-03	-6.172647e-03
1240          	shield_slave	-1.433782e-02	-1.164643e-02	-3.999081e-03
1241          	OVC	-1.459138e-02	-6.612036e-03	-6.172647e-03
1241          	shield_slave	-1.433782e-02	-1.164643e-02	-3.999081e-03
1242          	OVC	-1.459138e-02	-6.612036e-03	-6.172647e-03
1242          	shield_slave	-1.433782e-02	-1.164643e-02	-3.999081e-03
1243          	OVC	-1.459138e-02	-6.612036e-03	-6.172647e-03
1243          	shield_slave	-1.433782e-02	-1.164643e-02	-3.999081e-03
1244          	OVC	-1.459138e-02	-6.612036e-03	-6.172647e-03
1244          	shield_slave	-1.433782e-02	-1.164643e-02	-3.999081e-03
1245          	OVC	-1.459138e-02	-6.612036e-03	-6.172647e-03
1245          	shield_slave	-1.433782e-02	-1.164643e-02	-3.999081e-03
1246          	OVC	-1.459138e-02	-6.612036e-03	-6.172647e-03
1246          	shield_slave	-1.433782e-02	-1.164643e-02	-3.999081e-03
1247          	OVC	-1.459138e-02	-6.612036e-03	-6.172647e-03
1247          	shield_slave	-1.433782e-02	-1.164643e-02	-3.999081e-03
1248          	OVC	-1.459138e-02	-6.612036e-03	-6.172647e-03
1248          	shield_slave	-1.433782e-02	-1.164643e-02	-3.999081e-03
1249          	OVC	-1.459138e-02	-6.612036e-03	-6.172647e-03
1249          	shield_slave	-1.433782e-02	-1.164643e-02	-3.999081e-03
1250          	OVC	-1.459138e-02	-6.612036e-03	-6.172647e-03
1250          	shield_slave	-1.433782e-02	-1.164643e-02	-3.999081e-03
1251          	OVC	-1.459138e-02	-6.612036e-03	-6.172647e-03
1251          	shield_slave	-1.433782e-02	-1.164643e-02	-3.999081e-03
1252          	OVC	-1.459138e-02	-6.612036e-03	-6.172647e-03
1252          	shield_slave	-1.433782e-02	-1.164643e-02	-3.999081e-03
1253          	OVC	-1.459138e-02	-6.612036e-03	-6.172647e-03
1253          	shield_slave	-1.433782e-02	-1.164643e-02	-3.999081e-03
1254          	OVC	-1.459138e-02	-6.612036e-03	-6.172647e-03
1254          	shield_slave	-1.433782e-02	-1.164643e-02	-3.999081e-03
1255          	OVC	-1.459138e-02	-6.612036e-03	-6.172647e-03
1255          	shield_slave	-1.433782e-02	-1.164643e-02	-3.999081e-03
1256          	OVC	-1.459138e-02	-6.612036e-03	-6.172647e-03
1256          	shield_slave	-1.433782e-02	-1.164643e-02	-3.999081e-03
1257          	OVC	-1.459138e-02	-6.612036e-03	-6.172647e-03
1257          	shield_slave	-1.433782e-02	-1.164643e-02	-3.999081e-03
1258          	OVC	-1.459138e-02	-6.612036e-03	-6.172647e-03
1258          	shield_slave	-1.433782e-02	-1.164643e-02	-3.999081e-03
1259          	OVC	-1.459138e-02	-6.612036e-03	-6.172647e-03
1259          	shield_slave	-1.433782e-02	-1.164643e-02	-3.999081e-03
1260          	OVC	-1.459138e-02	-6.612036e-03	-6.172647e-03
1260          	shield_slave	-1.433782e-02	-1.164643e-02	-3.999081e-03
1261          	OVC	-1.459138e-02	-6.612036e-03	-6.172647e-03
1261          	shield_slave	-1.433782e-02	-1.164643e-02	-3.999081e-03
1262          	OVC	-1.459138e-02	-6.612036e-03	-6.172647e-03
1262          	shield_slave	-1.433782e-02	-1.164643e-02	-3.999081e-03
1263          	OVC	-1.459138e-02	-6.612036e-03	-6.172647e-03
1263          	shield_slave	-1.433782e-02	-1.164643e-02	-3.999081e-03
1264          	OVC	-1.459138e-02	-6.612036e-03	-6.172647e-03
1264          	shield_slave	-1.433782e-02	-1.164643e-02	-3.999081e-03
1265          	OVC	-1.459138e-02	-6.612036e-03	-6.172647e-03
1265          	shield_slave	-1.433782e-02	-1.164643e-02	-3.999081e-03
1266          	OVC	-1.459138e-02	-6.612036e-03	-6.172647e-03
1266          	shield_slave	-1.433782e-02	-1.164643e-02	-3.999081e-03
1267          	OVC	-1.459138e-02	-6.612036e-03	-6.172647e-03
1267          	shield_slave	-1.433782e-02	-1.164643e-02	-3.999081e-03
1268          	OVC	-1.459138e-02	-6.612036e-03	-6.172647e-03
1268          	shield_slave	-1.433782e-02	-1.164643e-02	-3.999081e-03
1269          	OVC	-1.459138e-02	-6.612036e-03	-6.172647e-03
1269          	shield_slave	-1.433782e-02	-1.164643e-02	-3.999081e-03
1270          	OVC	-1.459138e-02	-6.612036e-03	-6.172647e-03
1270          	shield_slave	-1.433782e-02	-1.164643e-02	-3.999081e-03
1271          	OVC	-1.459138e-02	-6.612036e-03	-6.172647e-03
1271          	shield_slave	-1.433782e-02	-1.164643e-02	-3.999081e-03
1272          	OVC	-1.459138e-02	-6.612036e-03	-6.172647e-03
1272          	shield_slave	-1.433782e-02	-1.164643e-02	-3.999081e-03
1273          	OVC	-1.459138e-02	-6.612036e-03	-6.172647e-03
1273          	shield_slave	-1.433782e-02	-1.164643e-02	-3.999081e-03
1274          	OVC	-1.459138e-02	-6.612036e-03	-6.172647e-03
1274          	shield_slave	-1.433782e-02	-1.164643e-02	-3.999081e-03
1275          	OVC	-1.459138e-02	-6.612036e-03	-6.172647e-03
1275          	shield_slave	-1.433782e-02	-1.164643e-02	-3.999081e-03
1276          	OVC	-1.459138e-02	-6.612036e-03	-6.172647e-03
1276          	shield_slave	-1.433782e-02	-1.164643e-02	-3.999081e-03
1277          	OVC	-1.459138e-02	-6.612036e-03	-6.172647e-03
1277          	shield_slave	-1.433782e-02	-1.164643e-02	-3.999081e-03
1278          	OVC	-1.459138e-02	-6.612036e-03	-6.172647e-03
1278          	shield_slave	-1.433782e-02	-1.164643e-02	-3.999081e-03
1279          	OVC	-1.459138e-02	-6.612036e-03	-6.172647e-03
1279          	shield_slave	-1.433782e-02	-1.164643e-02	-3.999081e-03
1280          	OVC	-1.459138e-02	-6.612036e-03	-6.172647e-03
1280          	shield_slave	-1.433782e-02	-1.164643e-02	-3.999081e-03
1281          	OVC	-1.459138e-02	-6.612036e-03	-6.172647e-03
1281          	shield_slave	-1.433782e-02	-1.164643e-02	-3.999081e-03
1282          	OVC	-1.459138e-02	-6.612036e-03	-6.172647e-03
1282          	shield_slave	-1.433782e-02	-1.164643e-02	-3.999081e-03
1283          	OVC	-1.459138e-02	-6.612036e-03	-6.172647e-03
1283          	shield_slave	-1.433782e-02	-1.164643e-02	-3.999081e-03
1284          	OVC	-1.459138e-02	-6.612036e-03	-6.172647e-03
1284          	shield_slave	-1.433782e-02	-1.164643e-02	-3.999081e-03
1285          	OVC	-1.459138e-02	-6.612036e-03	-6.172647e-03
1285          	shield_slave	-1.433782e-02	-1.164643e-02	-3.999081e-03
1286          	OVC	-1.459138e-02	-6.612036e-03	-6.172647e-03
1286          	shield_slave	-1.433782e-02	-1.164643e-02	-3.999081e-03
1287          	OVC	-1.459138e-02	-6.612036e-03	-6.172647e-03
1287          	shield_slave	-1.433782e-02	-1.164643e-02	-3.999081e-03
1288          	OVC	-1.459138e-02	-6.612036e-03	-6.172647e-03
1288          	shield_slave	-1.433782e-02	-1.164643e-02	-3.999081e-03
1289          	OVC	-1.459138e-02	-6.612036e-03	-6.172647e-03
1289          	shield_slave	-1.433782e-02	-1.164643e-02	-3.999081e-03
1290          	OVC	-1.459138e-02	-6.612036e-03	-6.172647e-03
1290          	shield_slave	-1.433782e-02	-1.164643e-02	-3.999081e-03
1291          	OVC	-1.459138e-02	-6.612036e-03	-6.172647e-03
1291          	shield_slave	-1.433782e-02	-1.164643e-02	-3.999081e-03
1292          	OVC	-1.459138e-02	-6.612036e-03	-6.172647e-03
1292          	shield_slave	-1.433782e-02	-1.164643e-02	-3.999081e-03
1293          	OVC	-1.459138e-02	-6.612036e-03	-6.172647e-03
1293          	shield_slave	-1.433782e-02	-1.164643e-02	-3.999081e-03
1294          	OVC	-1.459138e-02	-6.612036e-03	-6.172647e-03
1294          	shield_slave	-1.433782e-02	-1.164643e-02	-3.999081e-03
1295          	OVC	-1.459138e-02	-6.612036e-03	-6.172647e-03
1295          	shield_slave	-1.433782e-02	-1.164643e-02	-3.999081e-03
1296          	OVC	-1.459138e-02	-6.612036e-03	-6.172647e-03
1296          	shield_slave	-1.433782e-02	-1.164643e-02	-3.999081e-03
1297          	OVC	-1.459138e-02	-6.612036e-03	-6.172647e-03
1297          	shield_slave	-1.433782e-02	-1.164643e-02	-3.999081e-03
1298          	OVC	-1.459138e-02	-6.612036e-03	-6.172647e-03
1298          	shield_slave	-1.433782e-02	-1.164643e-02	-3.999081e-03
1299          	OVC	-1.459138e-02	-6.612036e-03	-6.172647e-03
1299          	shield_slave	-1.433782e-02	-1.164643e-02	-3.999081e-03
1300          	OVC	-1.459138e-02	-6.612036e-03	-6.172647e-03
1300          	shield_slave	-1.433782e-02	-1.164643e-02	-3.999081e-03
1301          	OVC	-1.459138e-02	-6.612036e-03	-6.172647e-03
1301          	shield_slave	-1.433782e-02	-1.164643e-02	-3.999081e-03
1302          	OVC	-1.459138e-02	-6.612036e-03	-6.172647e-03
1302          	shield_slave	-1.433782e-02	-1.164643e-02	-3.999081e-03
1303          	OVC	-1.459138e-02	-6.612036e-03	-6.172647e-03
1303          	shield_slave	-1.433782e-02	-1.164643e-02	-3.999081e-03
1304          	OVC	-1.459138e-02	-6.612036e-03	-6.172647e-03
1304          	shield_slave	-1.433782e-02	-1.164643e-02	-3.999081e-03
1305          	OVC	-1.459138e-02	-6.612036e-03	-6.172647e-03
1305          	shield_slave	-1.433782e-02	-1.164643e-02	-3.999081e-03
1306          	OVC	-1.459138e-02	-6.612036e-03	-6.172647e-03
1306          	shield_slave	-1.433782e-02	-1.164643e-02	-3.999081e-03
1307          	OVC	-1.459138e-02	-6.612036e-03	-6.172647e-03
1307          	shield_slave	-1.433782e-02	-1.164643e-02	-3.999081e-03
1308          	OVC	-1.459138e-02	-6.612036e-03	-6.172647e-03
1308          	shield_slave	-1.433782e-02	-1.164643e-02	-3.999081e-03
1309          	OVC	-1.459138e-02	-6.612036e-03	-6.172647e-03
1309          	shield_slave	-1.433782e-02	-1.164643e-02	-3.999081e-03
1310          	OVC	-1.459138e-02	-6.612036e-03	-6.172647e-03
1310          	shield_slave	-1.433782e-02	-1.164643e-02	-3.999081e-03
1311          	OVC	-1.459138e-02	-6.612036e-03	-6.172647e-03
1311          	shield_slave	-1.433782e-02	-1.164643e-02	-3.999081e-03
1312          	OVC	-1.459138e-02	-6.612036e-03	-6.172647e-03
1312          	shield_slave	-1.433782e-02	-1.164643e-02	-3.999081e-03
1313          	OVC	-1.459138e-02	-6.612036e-03	-6.172647e-03
1313          	shield_slave	-1.433782e-02	-1.164643e-02	-3.999081e-03
1314          	OVC	-1.459138e-02	-6.612036e-03	-6.172647e-03
1314          	shield_slave	-1.433782e-02	-1.164643e-02	-3.999081e-03
1315          	OVC	-1.459138e-02	-6.612036e-03	-6.172647e-03
1315          	shield_slave	-1.433782e-02	-1.164643e-02	-3.999081e-03
1316          	OVC	-1.459138e-02	-6.612036e-03	-6.172647e-03
1316          	shield_slave	-1.433782e-02	-1.164643e-02	-3.999081e-03
1317          	OVC	-1.459138e-02	-6.612036e-03	-6.172647e-03
1317          	shield_slave	-1.433782e-02	-1.164643e-02	-3.999081e-03
1318          	OVC	-1.459138e-02	-6.612036e-03	-6.172647e-03
1318          	shield_slave	-1.433782e-02	-1.164643e-02	-3.999081e-03
1319          	OVC	-1.459138e-02	-6.612036e-03	-6.172647e-03
1319          	shield_slave	-1.433782e-02	-1.164643e-02	-3.999081e-03
1320          	OVC	-1.459138e-02	-6.612036e-03	-6.172647e-03
1320          	shield_slave	-1.433782e-02	-1.164643e-02	-3.999081e-03
1321          	OVC	-1.459138e-02	-6.612036e-03	-6.172647e-03
1321          	shield_slave	-1.433782e-02	-1.164643e-02	-3.999081e-03
1322          	OVC	-1.459138e-02	-6.612036e-03	-6.172647e-03
1322          	shield_slave	-1.433782e-02	-1.164643e-02	-3.999081e-03
1323          	OVC	-1.459138e-02	-6.612036e-03	-6.172647e-03
1323          	shield_slave	-1.433782e-02	-1.164643e-02	-3.999081e-03
1324          	OVC	-1.459138e-02	-6.612036e-03	-6.172647e-03
1324          	shield_slave	-1.433782e-02	-1.164643e-02	-3.999081e-03
1325          	OVC	-1.459138e-02	-6.612036e-03	-6.172647e-03
1325          	shield_slave	-1.433782e-02	-1.164643e-02	-3.999081e-03
1326          	OVC	-1.459138e-02	-6.612036e-03	-6.172647e-03
1326          	shield_slave	-1.433782e-02	-1.164643e-02	-3.999081e-03
1327          	OVC	-1.459138e-02	-6.612036e-03	-6.172647e-03
1327          	shield_slave	-1.433782e-02	-1.164643e-02	-3.999081e-03
1328          	OVC	-1.459138e-02	-6.612036e-03	-6.172647e-03
1328          	shield_slave	-1.433782e-02	-1.164643e-02	-3.999081e-03
1329          	OVC	-1.459138e-02	-6.612036e-03	-6.172647e-03
1329          	shield_slave	-1.433782e-02	-1.164643e-02	-3.999081e-03
1330          	OVC	-1.459138e-02	-6.612036e-03	-6.172647e-03
1330          	shield_slave	-1.433782e-02	-1.164643e-02	-3.999081e-03
1331          	OVC	-1.459138e-02	-6.612036e-03	-6.172647e-03
1331          	shield_slave	-1.433782e-02	-1.164643e-02	-3.999081e-03
1332          	OVC	-1.459138e-02	-6.612036e-03	-6.172647e-03
1332          	shield_slave	-1.433782e-02	-1.164643e-02	-3.999081e-03
1333          	OVC	-1.459138e-02	-6.612036e-03	-6.172647e-03
1333          	shield_slave	-1.433782e-02	-1.164643e-02	-3.999081e-03
1334          	OVC	-1.459138e-02	-6.612036e-03	-6.172647e-03
1334          	shield_slave	-1.433782e-02	-1.164643e-02	-3.999081e-03
1335          	OVC	-1.459138e-02	-6.612036e-03	-6.172647e-03
1335          	shield_slave	-1.433782e-02	-1.164643e-02	-3.999081e-03
1336          	OVC	-1.459138e-02	-6.612036e-03	-6.172647e-03
1336          	shield_slave	-1.433782e-02	-1.164643e-02	-3.999081e-03
1337          	OVC	-1.459138e-02	-6.612036e-03	-6.172647e-03
1337          	shield_slave	-1.433782e-02	-1.164643e-02	-3.999081e-03
1338          	OVC	-1.459138e-02	-6.612036e-03	-6.172647e-03
1338          	shield_slave	-1.433782e-02	-1.164643e-02	-3.999081e-03
1339          	OVC	-1.459138e-02	-6.612036e-03	-6.172647e-03
1339          	shield_slave	-1.433782e-02	-1.164643e-02	-3.999081e-03
1340          	OVC	-1.459138e-02	-6.612036e-03	-6.172647e-03
1340          	shield_slave	-1.433782e-02	-1.164643e-02	-3.999081e-03
1341          	OVC	-1.459138e-02	-6.612036e-03	-6.172647e-03
1341          	shield_slave	-1.433782e-02	-1.164643e-02	-3.999081e-03
1342          	OVC	-1.459138e-02	-6.612036e-03	-6.172647e-03
1342          	shield_slave	-1.433782e-02	-1.164643e-02	-3.999081e-03
1343          	OVC	-1.459138e-02	-6.612036e-03	-6.172647e-03
1343          	shield_slave	-1.433782e-02	-1.164643e-02	-3.999081e-03
1344          	OVC	-1.459138e-02	-6.612036e-03	-6.172647e-03
1344          	shield_slave	-1.433782e-02	-1.164643e-02	-3.999081e-03
1345          	OVC	-1.459138e-02	-6.612036e-03	-6.172647e-03
1345          	shield_slave	-1.433782e-02	-1.164643e-02	-3.999081e-03
1346          	OVC	-1.459138e-02	-6.612036e-03	-6.172647e-03
1346          	shield_slave	-1.433782e-02	-1.164643e-02	-3.999081e-03
1347          	OVC	-1.459138e-02	-6.612036e-03	-6.172647e-03
1347          	shield_slave	-1.433782e-02	-1.164643e-02	-3.999081e-03
1348          	OVC	-1.459138e-02	-6.612036e-03	-6.172647e-03
1348          	shield_slave	-1.433782e-02	-1.164643e-02	-3.999081e-03
1349          	OVC	-1.459138e-02	-6.612036e-03	-6.172647e-03
1349          	shield_slave	-1.433782e-02	-1.164643e-02	-3.999081e-03
1350          	OVC	-1.459138e-02	-6.612036e-03	-6.172647e-03
1350          	shield_slave	-1.433782e-02	-1.164643e-02	-3.999081e-03
1351          	OVC	-1.459138e-02	-6.612036e-03	-6.172647e-03
1351          	shield_slave	-1.433782e-02	-1.164643e-02	-3.999081e-03
1352          	OVC	-1.459138e-02	-6.612036e-03	-6.172647e-03
1352          	shield_slave	-1.433782e-02	-1.164643e-02	-3.999081e-03
1353          	OVC	-1.459138e-02	-6.612036e-03	-6.172647e-03
1353          	shield_slave	-1.433782e-02	-1.164643e-02	-3.999081e-03
1354          	OVC	-1.459138e-02	-6.612036e-03	-6.172647e-03
1354          	shield_slave	-1.433782e-02	-1.164643e-02	-3.999081e-03
1355          	OVC	-1.459138e-02	-6.612036e-03	-6.172647e-03
1355          	shield_slave	-1.433782e-02	-1.164643e-02	-3.999081e-03
1356          	OVC	-1.459138e-02	-6.612036e-03	-6.172647e-03
1356          	shield_slave	-1.433782e-02	-1.164643e-02	-3.999081e-03
1357          	OVC	-1.459138e-02	-6.612036e-03	-6.172647e-03
1357          	shield_slave	-1.433782e-02	-1.164643e-02	-3.999081e-03
1358          	OVC	-1.459138e-02	-6.612036e-03	-6.172647e-03
1358          	shield_slave	-1.433782e-02	-1.164643e-02	-3.999081e-03
1359          	OVC	-1.459138e-02	-6.612036e-03	-6.172647e-03
1359          	shield_slave	-1.433782e-02	-1.164643e-02	-3.999081e-03
1360          	OVC	-1.459138e-02	-6.612036e-03	-6.172647e-03
1360          	shield_slave	-1.433782e-02	-1.164643e-02	-3.999081e-03
1361          	OVC	-1.459138e-02	-6.612036e-03	-6.172647e-03
1361          	shield_slave	-1.433782e-02	-1.164643e-02	-3.999081e-03
1362          	OVC	-1.459138e-02	-6.612036e-03	-6.172647e-03
1362          	shield_slave	-1.433782e-02	-1.164643e-02	-3.999081e-03
1363          	OVC	-1.459138e-02	-6.612036e-03	-6.172647e-03
1363          	shield_slave	-1.433782e-02	-1.164643e-02	-3.999081e-03
1364          	OVC	-1.459138e-02	-6.612036e-03	-6.172647e-03
1364          	shield_slave	-1.433782e-02	-1.164643e-02	-3.999081e-03
1365          	OVC	-1.459138e-02	-6.612036e-03	-6.172647e-03
1365          	shield_slave	-1.433782e-02	-1.164643e-02	-3.999081e-03
1366          	OVC	-1.459138e-02	-6.612036e-03	-6.172647e-03
1366          	shield_slave	-1.433782e-02	-1.164643e-02	-3.999081e-03
1367          	OVC	-1.459138e-02	-6.612036e-03	-6.172647e-03
1367          	shield_slave	-1.433782e-02	-1.164643e-02	-3.999081e-03
1368          	OVC	-1.459138e-02	-6.612036e-03	-6.172647e-03
1368          	shield_slave	-1.433782e-02	-1.164643e-02	-3.999081e-03
1369          	OVC	-1.459138e-02	-6.612036e-03	-6.172647e-03
1369          	shield_slave	-1.433782e-02	-1.164643e-02	-3.999081e-03
1370          	OVC	-1.459138e-02	-6.612036e-03	-6.172647e-03
1370          	shield_slave	-1.433782e-02	-1.164643e-02	-3.999081e-03
1371          	OVC	-1.459138e-02	-6.612036e-03	-6.172647e-03
1371          	shield_slave	-1.433782e-02	-1.164643e-02	-3.999081e-03
1372          	OVC	-1.459138e-02	-6.612036e-03	-6.172647e-03
1372          	shield_slave	-1.433782e-02	-1.164643e-02	-3.999081e-03
1373          	OVC	-1.459138e-02	-6.612036e-03	-6.172647e-03
1373          	shield_slave	-1.433782e-02	-1.164643e-02	-3.999081e-03
1374          	OVC	-1.459138e-02	-6.612036e-03	-6.172647e-03
1374          	shield_slave	-1.433782e-02	-1.164643e-02	-3.999081e-03
1375          	OVC	-1.459138e-02	-6.612036e-03	-6.172647e-03
1375          	shield_slave	-1.433782e-02	-1.164643e-02	-3.999081e-03
1376          	OVC	-1.459138e-02	-6.612036e-03	-6.172647e-03
1376          	shield_slave	-1.433782e-02	-1.164643e-02	-3.999081e-03
1377          	OVC	-1.459138e-02	-6.612036e-03	-6.172647e-03
1377          	shield_slave	-1.433782e-02	-1.164643e-02	-3.999081e-03
1378          	OVC	-1.459138e-02	-6.612036e-03	-6.172647e-03
1378          	shield_slave	-1.433782e-02	-1.164643e-02	-3.999081e-03
1379          	OVC	-1.459138e-02	-6.612036e-03	-6.172647e-03
1379          	shield_slave	-1.433782e-02	-1.164643e-02	-3.999081e-03
1380          	OVC	-1.459138e-02	-6.612036e-03	-6.172647e-03
1380          	shield_slave	-1.433782e-02	-1.164643e-02	-3.999081e-03
1381          	OVC	-1.459138e-02	-6.612036e-03	-6.172647e-03
1381          	shield_slave	-1.433782e-02	-1.164643e-02	-3.999081e-03
1382          	OVC	-1.459138e-02	-6.612036e-03	-6.172647e-03
1382          	shield_slave	-1.433782e-02	-1.164643e-02	-3.999081e-03
1383          	OVC	-1.459138e-02	-6.612036e-03	-6.172647e-03
1383          	shield_slave	-1.433782e-02	-1.164643e-02	-3.999081e-03
1384          	OVC	-1.459138e-02	-6.612036e-03	-6.172647e-03
1384          	shield_slave	-1.433782e-02	-1.164643e-02	-3.999081e-03
1385          	OVC	-1.459138e-02	-6.612036e-03	-6.172647e-03
1385          	shield_slave	-1.433782e-02	-1.164643e-02	-3.999081e-03
1386          	OVC	-1.459138e-02	-6.612036e-03	-6.172647e-03
1386          	shield_slave	-1.433782e-02	-1.164643e-02	-3.999081e-03
1387          	OVC	-1.459138e-02	-6.612036e-03	-6.172647e-03
1387          	shield_slave	-1.433782e-02	-1.164643e-02	-3.999081e-03
1388          	OVC	-1.459138e-02	-6.612036e-03	-6.172647e-03
1388          	shield_slave	-1.433782e-02	-1.164643e-02	-3.999081e-03
1389          	OVC	-1.459138e-02	-6.612036e-03	-6.172647e-03
1389          	shield_slave	-1.433782e-02	-1.164643e-02	-3.999081e-03
1390          	OVC	-1.459138e-02	-6.612036e-03	-6.172647e-03
1390          	shield_slave	-1.433782e-02	-1.164643e-02	-3.999081e-03
1391          	OVC	-1.459138e-02	-6.612036e-03	-6.172647e-03
1391          	shield_slave	-1.433782e-02	-1.164643e-02	-3.999081e-03
1392          	OVC	-1.459138e-02	-6.612036e-03	-6.172647e-03
1392          	shield_slave	-1.433782e-02	-1.164643e-02	-3.999081e-03
1393          	OVC	-1.459138e-02	-6.612036e-03	-6.172647e-03
1393          	shield_slave	-1.433782e-02	-1.164643e-02	-3.999081e-03
1394          	OVC	-1.459138e-02	-6.612036e-03	-6.172647e-03
1394          	shield_slave	-1.433782e-02	-1.164643e-02	-3.999081e-03
1395          	OVC	-1.459138e-02	-6.612036e-03	-6.172647e-03
1395          	shield_slave	-1.433782e-02	-1.164643e-02	-3.999081e-03
1396          	OVC	-1.459138e-02	-6.612036e-03	-6.172647e-03
1396          	shield_slave	-1.433782e-02	-1.164643e-02	-3.999081e-03
1397          	OVC	-1.459138e-02	-6.612036e-03	-6.172647e-03
1397          	shield_slave	-1.433782e-02	-1.164643e-02	-3.999081e-03
1398          	OVC	-1.459138e-02	-6.612036e-03	-6.172647e-03
1398          	shield_slave	-1.433782e-02	-1.164643e-02	-3.999081e-03
1399          	OVC	-1.459138e-02	-6.612036e-03	-6.172647e-03
1399          	shield_slave	-1.433782e-02	-1.164643e-02	-3.999081e-03
1400          	OVC	-1.459138e-02	-6.612036e-03	-6.172647e-03
1400          	shield_slave	-1.433782e-02	-1.164643e-02	-3.999081e-03
1401          	OVC	-1.459138e-02	-6.612036e-03	-6.172647e-03
1401          	shield_slave	-1.433782e-02	-1.164643e-02	-3.999081e-03
1402          	OVC	-1.459138e-02	-6.612036e-03	-6.172647e-03
1402          	shield_slave	-1.433782e-02	-1.164643e-02	-3.999081e-03
1403          	OVC	-1.459138e-02	-6.612036e-03	-6.172647e-03
1403          	shield_slave	-1.433782e-02	-1.164643e-02	-3.999081e-03
1404          	OVC	-1.459138e-02	-6.612036e-03	-6.172647e-03
1404          	shield_slave	-1.433782e-02	-1.164643e-02	-3.999081e-03
1405          	OVC	-1.459138e-02	-6.612036e-03	-6.172647e-03
1405          	shield_slave	-1.433782e-02	-1.164643e-02	-3.999081e-03
1406          	OVC	-1.459138e-02	-6.612036e-03	-6.172647e-03
1406          	shield_slave	-1.433782e-02	-1.164643e-02	-3.999081e-03
1407          	OVC	-1.459138e-02	-6.612036e-03	-6.172647e-03
1407          	shield_slave	-1.433782e-02	-1.164643e-02	-3.999081e-03
1408          	OVC	-1.459138e-02	-6.612036e-03	-6.172647e-03
1408          	shield_slave	-1.433782e-02	-1.164643e-02	-3.999081e-03
1409          	OVC	-1.459138e-02	-6.612036e-03	-6.172647e-03
1409          	shield_slave	-1.433782e-02	-1.164643e-02	-3.999081e-03
1410          	OVC	-1.459138e-02	-6.612036e-03	-6.172647e-03
1410          	shield_slave	-1.433782e-02	-1.164643e-02	-3.999081e-03
1411          	OVC	-1.459138e-02	-6.612036e-03	-6.172647e-03
1411          	shield_slave	-1.433782e-02	-1.164643e-02	-3.999081e-03
1412          	OVC	-1.459138e-02	-6.612036e-03	-6.172647e-03
1412          	shield_slave	-1.433782e-02	-1.164643e-02	-3.999081e-03
1413          	OVC	-1.459138e-02	-6.612036e-03	-6.172647e-03
1413          	shield_slave	-1.433782e-02	-1.164643e-02	-3.999081e-03
1414          	OVC	-1.459138e-02	-6.612036e-03	-6.172647e-03
1414          	shield_slave	-1.433782e-02	-1.164643e-02	-3.999081e-03
1415          	OVC	-1.459138e-02	-6.612036e-03	-6.172647e-03
1415          	shield_slave	-1.433782e-02	-1.164643e-02	-3.999081e-03
1416          	OVC	-1.459138e-02	-6.612036e-03	-6.172647e-03
1416          	shield_slave	-1.433782e-02	-1.164643e-02	-3.999081e-03
1417          	OVC	-1.459138e-02	-6.612036e-03	-6.172647e-03
1417          	shield_slave	-1.433782e-02	-1.164643e-02	-3.999081e-03
1418          	OVC	-1.459138e-02	-6.612036e-03	-6.172647e-03
1418          	shield_slave	-1.433782e-02	-1.164643e-02	-3.999081e-03
1419          	OVC	-1.459138e-02	-6.612036e-03	-6.172647e-03
1419          	shield_slave	-1.433782e-02	-1.164643e-02	-3.999081e-03
1420          	OVC	-1.459138e-02	-6.612036e-03	-6.172647e-03
1420          	shield_slave	-1.433782e-02	-1.164643e-02	-3.999081e-03
1421          	OVC	-1.459138e-02	-6.612036e-03	-6.172647e-03
1421          	shield_slave	-1.433782e-02	-1.164643e-02	-3.999081e-03
1422          	OVC	-1.459138e-02	-6.612036e-03	-6.172647e-03
1422          	shield_slave	-1.433782e-02	-1.164643e-02	-3.999081e-03
1423          	OVC	-1.459138e-02	-6.612036e-03	-6.172647e-03
1423          	shield_slave	-1.433782e-02	-1.164643e-02	-3.999081e-03
1424          	OVC	-1.459138e-02	-6.612036e-03	-6.172647e-03
1424          	shield_slave	-1.433782e-02	-1.164643e-02	-3.999081e-03
1425          	OVC	-1.459138e-02	-6.612036e-03	-6.172647e-03
1425          	shield_slave	-1.433782e-02	-1.164643e-02	-3.999081e-03
1426          	OVC	-1.459138e-02	-6.612036e-03	-6.172647e-03
1426          	shield_slave	-1.433782e-02	-1.164643e-02	-3.999081e-03
1427          	OVC	-1.459138e-02	-6.612036e-03	-6.172647e-03
1427          	shield_slave	-1.433782e-02	-1.164643e-02	-3.999081e-03
1428          	OVC	-1.459138e-02	-6.612036e-03	-6.172647e-03
1428          	shield_slave	-1.433782e-02	-1.164643e-02	-3.999081e-03
1429          	OVC	-1.459138e-02	-6.612036e-03	-6.172647e-03
1429          	shield_slave	-1.433782e-02	-1.164643e-02	-3.999081e-03
1430          	OVC	-1.459138e-02	-6.612036e-03	-6.172647e-03
1430          	shield_slave	-1.433782e-02	-1.164643e-02	-3.999081e-03
1431          	OVC	-1.459138e-02	-6.612036e-03	-6.172647e-03
1431          	shield_slave	-1.433782e-02	-1.164643e-02	-3.999081e-03
1432          	OVC	-1.459138e-02	-6.612036e-03	-6.172647e-03
1432          	shield_slave	-1.433782e-02	-1.164643e-02	-3.999081e-03
1433          	OVC	-1.459138e-02	-6.612036e-03	-6.172647e-03
1433          	shield_slave	-1.433782e-02	-1.164643e-02	-3.999081e-03
1434          	OVC	-1.459138e-02	-6.612036e-03	-6.172647e-03
1434          	shield_slave	-1.433782e-02	-1.164643e-02	-3.999081e-03
1435          	OVC	-1.459138e-02	-6.612036e-03	-6.172647e-03
1435          	shield_slave	-1.433782e-02	-1.164643e-02	-3.999081e-03
1436          	OVC	-1.459138e-02	-6.612036e-03	-6.172647e-03
1436          	shield_slave	-1.433782e-02	-1.164643e-02	-3.999081e-03
1437          	OVC	-1.459138e-02	-6.612036e-03	-6.172647e-03
1437          	shield_slave	-1.433782e-02	-1.164643e-02	-3.999081e-03
1438          	OVC	-1.459138e-02	-6.612036e-03	-6.172647e-03
1438          	shield_slave	-1.433782e-02	-1.164643e-02	-3.999081e-03
1439          	OVC	-1.459138e-02	-6.612036e-03	-6.172647e-03
1439          	shield_slave	-1.433782e-02	-1.164643e-02	-3.999081e-03
1440          	OVC	-1.459138e-02	-6.612036e-03	-6.172647e-03
1440          	shield_slave	-1.433782e-02	-1.164643e-02	-3.999081e-03
1441          	OVC	-1.459138e-02	-6.612036e-03	-6.172647e-03
1441          	shield_slave	-1.433782e-02	-1.164643e-02	-3.999081e-03
1442          	OVC	-1.459138e-02	-6.612036e-03	-6.172647e-03
1442          	shield_slave	-1.433782e-02	-1.164643e-02	-3.999081e-03
1443          	OVC	-1.459138e-02	-6.612036e-03	-6.172647e-03
1443          	shield_slave	-1.433782e-02	-1.164643e-02	-3.999081e-03
1444          	OVC	-1.459138e-02	-6.612036e-03	-6.172647e-03
1444          	shield_slave	-1.433782e-02	-1.164643e-02	-3.999081e-03
1445          	OVC	-1.459138e-02	-6.612036e-03	-6.172647e-03
1445          	shield_slave	-1.433782e-02	-1.164643e-02	-3.999081e-03
1446          	OVC	-1.459138e-02	-6.612036e-03	-6.172647e-03
1446          	shield_slave	-1.433782e-02	-1.164643e-02	-3.999081e-03
1447          	OVC	-1.459138e-02	-6.612036e-03	-6.172647e-03
1447          	shield_slave	-1.433782e-02	-1.164643e-02	-3.999081e-03
1448          	OVC	-1.459138e-02	-6.612036e-03	-6.172647e-03
1448          	shield_slave	-1.433782e-02	-1.164643e-02	-3.999081e-03
1449          	OVC	-1.459138e-02	-6.612036e-03	-6.172647e-03
1449          	shield_slave	-1.433782e-02	-1.164643e-02	-3.999081e-03
1450          	OVC	-1.459138e-02	-6.612036e-03	-6.172647e-03
1450          	shield_slave	-1.433782e-02	-1.164643e-02	-3.999081e-03
1451          	OVC	-1.459138e-02	-6.612036e-03	-6.172647e-03
1451          	shield_slave	-1.433782e-02	-1.164643e-02	-3.999081e-03
1452          	OVC	-1.459138e-02	-6.612036e-03	-6.172647e-03
1452          	shield_slave	-1.433782e-02	-1.164643e-02	-3.999081e-03
1453          	OVC	-1.459138e-02	-6.612036e-03	-6.172647e-03
1453          	shield_slave	-1.433782e-02	-1.164643e-02	-3.999081e-03
1454          	OVC	-1.459138e-02	-6.612036e-03	-6.172647e-03
1454          	shield_slave	-1.433782e-02	-1.164643e-02	-3.999081e-03
1455          	OVC	-1.459138e-02	-6.612036e-03	-6.172647e-03
1455          	shield_slave	-1.433782e-02	-1.164643e-02	-3.999081e-03
1456          	OVC	-1.459138e-02	-6.612036e-03	-6.172647e-03
1456          	shield_slave	-1.433782e-02	-1.164643e-02	-3.999081e-03
1457          	OVC	-1.459138e-02	-6.612036e-03	-6.172647e-03
1457          	shield_slave	-1.433782e-02	-1.164643e-02	-3.999081e-03
1458          	OVC	-1.459138e-02	-6.612036e-03	-6.172647e-03
1458          	shield_slave	-1.433782e-02	-1.164643e-02	-3.999081e-03
1459          	OVC	-1.459138e-02	-6.612036e-03	-6.172647e-03
1459          	shield_slave	-1.433782e-02	-1.164643e-02	-3.999081e-03
1460          	OVC	-1.459138e-02	-6.612036e-03	-6.172647e-03
1460          	shield_slave	-1.433782e-02	-1.164643e-02	-3.999081e-03
1461          	OVC	-1.459138e-02	-6.612036e-03	-6.172647e-03
1461          	shield_slave	-1.433782e-02	-1.164643e-02	-3.999081e-03
1462          	OVC	-1.459138e-02	-6.612036e-03	-6.172647e-03
1462          	shield_slave	-1.433782e-02	-1.164643e-02	-3.999081e-03
1463          	OVC	-1.459138e-02	-6.612036e-03	-6.172647e-03
1463          	shield_slave	-1.433782e-02	-1.164643e-02	-3.999081e-03
1464          	OVC	-1.459138e-02	-6.612036e-03	-6.172647e-03
1464          	shield_slave	-1.433782e-02	-1.164643e-02	-3.999081e-03
1465          	OVC	-1.459138e-02	-6.612036e-03	-6.172647e-03
1465          	shield_slave	-1.433782e-02	-1.164643e-02	-3.999081e-03
1466          	OVC	-1.459138e-02	-6.612036e-03	-6.172647e-03
1466          	shield_slave	-1.433782e-02	-1.164643e-02	-3.999081e-03
1467          	OVC	-1.459138e-02	-6.612036e-03	-6.172647e-03
1467          	shield_slave	-1.433782e-02	-1.164643e-02	-3.999081e-03
1468          	OVC	-1.459138e-02	-6.612036e-03	-6.172647e-03
1468          	shield_slave	-1.433782e-02	-1.164643e-02	-3.999081e-03
1469          	OVC	-1.459138e-02	-6.612036e-03	-6.172647e-03
1469          	shield_slave	-1.433782e-02	-1.164643e-02	-3.999081e-03
1470          	OVC	-1.459138e-02	-6.612036e-03	-6.172647e-03
1470          	shield_slave	-1.433782e-02	-1.164643e-02	-3.999081e-03
1471          	OVC	-1.459138e-02	-6.612036e-03	-6.172647e-03
1471          	shield_slave	-1.433782e-02	-1.164643e-02	-3.999081e-03
1472          	OVC	-1.459138e-02	-6.612036e-03	-6.172647e-03
1472          	shield_slave	-1.433782e-02	-1.164643e-02	-3.999081e-03
1473          	OVC	-1.459138e-02	-6.612036e-03	-6.172647e-03
1473          	shield_slave	-1.433782e-02	-1.164643e-02	-3.999081e-03
1474          	OVC	-1.459138e-02	-6.612036e-03	-6.172647e-03
1474          	shield_slave	-1.433782e-02	-1.164643e-02	-3.999081e-03
1475          	OVC	-1.459138e-02	-6.612036e-03	-6.172647e-03
1475          	shield_slave	-1.433782e-02	-1.164643e-02	-3.999081e-03
1476          	OVC	-1.459138e-02	-6.612036e-03	-6.172647e-03
1476          	shield_slave	-1.433782e-02	-1.164643e-02	-3.999081e-03
1477          	OVC	-1.459138e-02	-6.612036e-03	-6.172647e-03
1477          	shield_slave	-1.433782e-02	-1.164643e-02	-3.999081e-03
1478          	OVC	-1.459138e-02	-6.612036e-03	-6.172647e-03
1478          	shield_slave	-1.433782e-02	-1.164643e-02	-3.999081e-03
1479          	OVC	-1.459138e-02	-6.612036e-03	-6.172647e-03
1479          	shield_slave	-1.433782e-02	-1.164643e-02	-3.999081e-03
1480          	OVC	-1.459138e-02	-6.612036e-03	-6.172647e-03
1480          	shield_slave	-1.433782e-02	-1.164643e-02	-3.999081e-03
1481          	OVC	-1.459138e-02	-6.612036e-03	-6.172647e-03
1481          	shield_slave	-1.433782e-02	-1.164643e-02	-3.999081e-03
1482          	OVC	-1.459138e-02	-6.612036e-03	-6.172647e-03
1482          	shield_slave	-1.433782e-02	-1.164643e-02	-3.999081e-03
1483          	OVC	-1.459138e-02	-6.612036e-03	-6.172647e-03
1483          	shield_slave	-1.433782e-02	-1.164643e-02	-3.999081e-03
1484          	OVC	-1.459138e-02	-6.612036e-03	-6.172647e-03
1484          	shield_slave	-1.433782e-02	-1.164643e-02	-3.999081e-03
1485          	OVC	-1.459138e-02	-6.612036e-03	-6.172647e-03
1485          	shield_slave	-1.433782e-02	-1.164643e-02	-3.999081e-03
1486          	OVC	-1.459138e-02	-6.612036e-03	-6.172647e-03
1486          	shield_slave	-1.433782e-02	-1.164643e-02	-3.999081e-03
1487          	OVC	-1.459138e-02	-6.612036e-03	-6.172647e-03
1487          	shield_slave	-1.433782e-02	-1.164643e-02	-3.999081e-03
1488          	OVC	-1.459138e-02	-6.612036e-03	-6.172647e-03
1488          	shield_slave	-1.433782e-02	-1.164643e-02	-3.999081e-03
1489          	OVC	-1.459138e-02	-6.612036e-03	-6.172647e-03
1489          	shield_slave	-1.433782e-02	-1.164643e-02	-3.999081e-03
1490          	OVC	-1.459138e-02	-6.612036e-03	-6.172647e-03
1490          	shield_slave	-1.433782e-02	-1.164643e-02	-3.999081e-03
1491          	OVC	-1.459138e-02	-6.612036e-03	-6.172647e-03
1491          	shield_slave	-1.433782e-02	-1.164643e-02	-3.999081e-03
1492          	OVC	-1.459138e-02	-6.612036e-03	-6.172647e-03
1492          	shield_slave	-1.433782e-02	-1.164643e-02	-3.999081e-03
1493          	OVC	-1.459138e-02	-6.612036e-03	-6.172647e-03
1493          	shield_slave	-1.433782e-02	-1.164643e-02	-3.999081e-03
1494          	OVC	-1.459138e-02	-6.612036e-03	-6.172647e-03
1494          	shield_slave	-1.433782e-02	-1.164643e-02	-3.999081e-03
1495          	OVC	-1.459138e-02	-6.612036e-03	-6.172647e-03
1495          	shield_slave	-1.433782e-02	-1.164643e-02	-3.999081e-03
1496          	OVC	-1.459138e-02	-6.612036e-03	-6.172647e-03
1496          	shield_slave	-1.433782e-02	-1.164643e-02	-3.999081e-03
1497          	OVC	-1.459138e-02	-6.612036e-03	-6.172647e-03
1497          	shield_slave	-1.433782e-02	-1.164643e-02	-3.999081e-03
1498          	OVC	-1.459138e-02	-6.612036e-03	-6.172647e-03
1498          	shield_slave	-1.433782e-02	-1.164643e-02	-3.999081e-03
1499          	OVC	-1.459138e-02	-6.612036e-03	-6.172647e-03
1499          	shield_slave	-1.433782e-02	-1.164643e-02	-3.999081e-03
1500          	OVC	-1.459138e-02	-6.612036e-03	-6.172647e-03
1500          	shield_slave	-1.433782e-02	-1.164643e-02	-3.999081e-03
1501          	OVC	-1.459138e-02	-6.612036e-03	-6.172647e-03
1501          	shield_slave	-1.433782e-02	-1.164643e-02	-3.999081e-03
1502          	OVC	-1.459138e-02	-6.612036e-03	-6.172647e-03
1502          	shield_slave	-1.433782e-02	-1.164643e-02	-3.999081e-03
1503          	OVC	-1.459138e-02	-6.612036e-03	-6.172647e-03
1503          	shield_slave	-1.433782e-02	-1.164643e-02	-3.999081e-03
1504          	OVC	-1.459138e-02	-6.612036e-03	-6.172647e-03
1504          	shield_slave	-1.433782e-02	-1.164643e-02	-3.999081e-03
1505          	OVC	-1.459138e-02	-6.612036e-03	-6.172647e-03
1505          	shield_slave	-1.433782e-02	-1.164643e-02	-3.999081e-03
1506          	OVC	-1.459138e-02	-6.612036e-03	-6.172647e-03
1506          	shield_slave	-1.433782e-02	-1.164643e-02	-3.999081e-03
1507          	OVC	-1.459138e-02	-6.612036e-03	-6.172647e-03
1507          	shield_slave	-1.433782e-02	-1.164643e-02	-3.999081e-03
1508          	OVC	-1.459138e-02	-6.612036e-03	-6.172647e-03
1508          	shield_slave	-1.433782e-02	-1.164643e-02	-3.999081e-03
1509          	OVC	-1.459138e-02	-6.612036e-03	-6.172647e-03
1509          	shield_slave	-1.433782e-02	-1.164643e-02	-3.999081e-03
1510          	OVC	-1.459138e-02	-6.612036e-03	-6.172647e-03
1510          	shield_slave	-1.433782e-02	-1.164643e-02	-3.999081e-03
1511          	OVC	-1.459138e-02	-6.612036e-03	-6.172647e-03
1511          	shield_slave	-1.433782e-02	-1.164643e-02	-3.999081e-03
1512          	OVC	-1.459138e-02	-6.612036e-03	-6.172647e-03
1512          	shield_slave	-1.433782e-02	-1.164643e-02	-3.999081e-03
1513          	OVC	-1.459138e-02	-6.612036e-03	-6.172647e-03
1513          	shield_slave	-1.433782e-02	-1.164643e-02	-3.999081e-03
1514          	OVC	-1.459138e-02	-6.612036e-03	-6.172647e-03
1514          	shield_slave	-1.433782e-02	-1.164643e-02	-3.999081e-03
1515          	OVC	-1.459138e-02	-6.612036e-03	-6.172647e-03
1515          	shield_slave	-1.433782e-02	-1.164643e-02	-3.999081e-03
1516          	OVC	-1.459138e-02	-6.612036e-03	-6.172647e-03
1516          	shield_slave	-1.433782e-02	-1.164643e-02	-3.999081e-03
1517          	OVC	-1.459138e-02	-6.612036e-03	-6.172647e-03
1517          	shield_slave	-1.433782e-02	-1.164643e-02	-3.999081e-03
1518          	OVC	-1.459138e-02	-6.612036e-03	-6.172647e-03
1518          	shield_slave	-1.433782e-02	-1.164643e-02	-3.999081e-03
1519          	OVC	-1.459138e-02	-6.612036e-03	-6.172647e-03
1519          	shield_slave	-1.433782e-02	-1.164643e-02	-3.999081e-03
1520          	OVC	-1.459138e-02	-6.612036e-03	-6.172647e-03
1520          	shield_slave	-1.433782e-02	-1.164643e-02	-3.999081e-03
1521          	OVC	-1.459138e-02	-6.612036e-03	-6.172647e-03
1521          	shield_slave	-1.433782e-02	-1.164643e-02	-3.999081e-03
1522          	OVC	-1.459138e-02	-6.612036e-03	-6.172647e-03
1522          	shield_slave	-1.433782e-02	-1.164643e-02	-3.999081e-03
1523          	OVC	-1.459138e-02	-6.612036e-03	-6.172647e-03
1523          	shield_slave	-1.433782e-02	-1.164643e-02	-3.999081e-03
1524          	OVC	-1.459138e-02	-6.612036e-03	-6.172647e-03
1524          	shield_slave	-1.433782e-02	-1.164643e-02	-3.999081e-03
1525          	OVC	-1.459138e-02	-6.612036e-03	-6.172647e-03
1525          	shield_slave	-1.433782e-02	-1.164643e-02	-3.999081e-03
1526          	OVC	-1.459138e-02	-6.612036e-03	-6.172647e-03
1526          	shield_slave	-1.433782e-02	-1.164643e-02	-3.999081e-03
1527          	OVC	-1.459138e-02	-6.612036e-03	-6.172647e-03
1527          	shield_slave	-1.433782e-02	-1.164643e-02	-3.999081e-03
1528          	OVC	-1.459138e-02	-6.612036e-03	-6.172647e-03
1528          	shield_slave	-1.433782e-02	-1.164643e-02	-3.999081e-03
1529          	OVC	-1.459138e-02	-6.612036e-03	-6.172647e-03
1529          	shield_slave	-1.433782e-02	-1.164643e-02	-3.999081e-03
1530          	OVC	-1.459138e-02	-6.612036e-03	-6.172647e-03
1530          	shield_slave	-1.433782e-02	-1.164643e-02	-3.999081e-03
1531          	OVC	-1.459138e-02	-6.612036e-03	-6.172647e-03
1531          	shield_slave	-1.433782e-02	-1.164643e-02	-3.999081e-03
1532          	OVC	-1.459138e-02	-6.612036e-03	-6.172647e-03
1532          	shield_slave	-1.433782e-02	-1.164643e-02	-3.999081e-03
1533          	OVC	-1.459138e-02	-6.612036e-03	-6.172647e-03
1533          	shield_slave	-1.433782e-02	-1.164643e-02	-3.999081e-03
1534          	OVC	-1.459138e-02	-6.612036e-03	-6.172647e-03
1534          	shield_slave	-1.433782e-02	-1.164643e-02	-3.999081e-03
1535          	OVC	-1.459138e-02	-6.612036e-03	-6.172647e-03
1535          	shield_slave	-1.433782e-02	-1.164643e-02	-3.999081e-03
1536          	OVC	-1.459138e-02	-6.612036e-03	-6.172647e-03
1536          	shield_slave	-1.433782e-02	-1.164643e-02	-3.999081e-03
1537          	OVC	-1.459138e-02	-6.612036e-03	-6.172647e-03
1537          	shield_slave	-1.433782e-02	-1.164643e-02	-3.999081e-03
1538          	OVC	-1.459138e-02	-6.612036e-03	-6.172647e-03
1538          	shield_slave	-1.433782e-02	-1.164643e-02	-3.999081e-03
1539          	OVC	-1.459138e-02	-6.612036e-03	-6.172647e-03
1539          	shield_slave	-1.433782e-02	-1.164643e-02	-3.999081e-03
1540          	OVC	-1.459138e-02	-6.612036e-03	-6.172647e-03
1540          	shield_slave	-1.433782e-02	-1.164643e-02	-3.999081e-03
1541          	OVC	-1.459138e-02	-6.612036e-03	-6.172647e-03
1541          	shield_slave	-1.433782e-02	-1.164643e-02	-3.999081e-03
1542          	OVC	-1.459138e-02	-6.612036e-03	-6.172647e-03
1542          	shield_slave	-1.433782e-02	-1.164643e-02	-3.999081e-03
1543          	OVC	-1.459138e-02	-6.612036e-03	-6.172647e-03
1543          	shield_slave	-1.433782e-02	-1.164643e-02	-3.999081e-03
1544          	OVC	-1.459138e-02	-6.612036e-03	-6.172647e-03
1544          	shield_slave	-1.433782e-02	-1.164643e-02	-3.999081e-03
1545          	OVC	-1.459138e-02	-6.612036e-03	-6.172647e-03
1545          	shield_slave	-1.433782e-02	-1.164643e-02	-3.999081e-03
1546          	OVC	-1.459138e-02	-6.612036e-03	-6.172647e-03
1546          	shield_slave	-1.433782e-02	-1.164643e-02	-3.999081e-03
1547          	OVC	-1.459138e-02	-6.612036e-03	-6.172647e-03
1547          	shield_slave	-1.433782e-02	-1.164643e-02	-3.999081e-03
1548          	OVC	-1.459138e-02	-6.612036e-03	-6.172647e-03
1548          	shield_slave	-1.433782e-02	-1.164643e-02	-3.999081e-03
1549          	OVC	-1.459138e-02	-6.612036e-03	-6.172647e-03
1549          	shield_slave	-1.433782e-02	-1.164643e-02	-3.999081e-03
1550          	OVC	-1.459138e-02	-6.612036e-03	-6.172647e-03
1550          	shield_slave	-1.433782e-02	-1.164643e-02	-3.999081e-03
1551          	OVC	-1.459138e-02	-6.612036e-03	-6.172647e-03
1551          	shield_slave	-1.433782e-02	-1.164643e-02	-3.999081e-03
1552          	OVC	-1.459138e-02	-6.612036e-03	-6.172647e-03
1552          	shield_slave	-1.433782e-02	-1.164643e-02	-3.999081e-03
1553          	OVC	-1.459138e-02	-6.612036e-03	-6.172647e-03
1553          	shield_slave	-1.433782e-02	-1.164643e-02	-3.999081e-03
1554          	OVC	-1.459138e-02	-6.612036e-03	-6.172647e-03
1554          	shield_slave	-1.433782e-02	-1.164643e-02	-3.999081e-03
1555          	OVC	-1.459138e-02	-6.612036e-03	-6.172647e-03
1555          	shield_slave	-1.433782e-02	-1.164643e-02	-3.999081e-03
1556          	OVC	-1.459138e-02	-6.612036e-03	-6.172647e-03
1556          	shield_slave	-1.433782e-02	-1.164643e-02	-3.999081e-03
1557          	OVC	-1.459138e-02	-6.612036e-03	-6.172647e-03
1557          	shield_slave	-1.433782e-02	-1.164643e-02	-3.999081e-03
1558          	OVC	-1.459138e-02	-6.612036e-03	-6.172647e-03
1558          	shield_slave	-1.433782e-02	-1.164643e-02	-3.999081e-03
1559          	OVC	-1.459138e-02	-6.612036e-03	-6.172647e-03
1559          	shield_slave	-1.433782e-02	-1.164643e-02	-3.999081e-03
1560          	OVC	-1.459138e-02	-6.612036e-03	-6.172647e-03
1560          	shield_slave	-1.433782e-02	-1.164643e-02	-3.999081e-03
1561          	OVC	-1.459138e-02	-6.612036e-03	-6.172647e-03
1561          	shield_slave	-1.433782e-02	-1.164643e-02	-3.999081e-03
1562          	OVC	-1.459138e-02	-6.612036e-03	-6.172647e-03
1562          	shield_slave	-1.433782e-02	-1.164643e-02	-3.999081e-03
1563          	OVC	-1.459138e-02	-6.612036e-03	-6.172647e-03
1563          	shield_slave	-1.433782e-02	-1.164643e-02	-3.999081e-03
1564          	OVC	-1.459138e-02	-6.612036e-03	-6.172647e-03
1564          	shield_slave	-1.433782e-02	-1.164643e-02	-3.999081e-03
1565          	OVC	-1.459138e-02	-6.612036e-03	-6.172647e-03
1565          	shield_slave	-1.433782e-02	-1.164643e-02	-3.999081e-03
1566          	OVC	-1.459138e-02	-6.612036e-03	-6.172647e-03
1566          	shield_slave	-1.433782e-02	-1.164643e-02	-3.999081e-03
1567          	OVC	-1.459138e-02	-6.612036e-03	-6.172647e-03
1567          	shield_slave	-1.433782e-02	-1.164643e-02	-3.999081e-03
1568          	OVC	-1.459138e-02	-6.612036e-03	-6.172647e-03
1568          	shield_slave	-1.433782e-02	-1.164643e-02	-3.999081e-03
1569          	OVC	-1.459138e-02	-6.612036e-03	-6.172647e-03
1569          	shield_slave	-1.433782e-02	-1.164643e-02	-3.999081e-03
1570          	OVC	-1.459138e-02	-6.612036e-03	-6.172647e-03
1570          	shield_slave	-1.433782e-02	-1.164643e-02	-3.999081e-03
1571          	OVC	-1.459138e-02	-6.612036e-03	-6.172647e-03
1571          	shield_slave	-1.433782e-02	-1.164643e-02	-3.999081e-03
1572          	OVC	-1.459138e-02	-6.612036e-03	-6.172647e-03
1572          	shield_slave	-1.433782e-02	-1.164643e-02	-3.999081e-03
1573          	OVC	-1.459138e-02	-6.612036e-03	-6.172647e-03
1573          	shield_slave	-1.433782e-02	-1.164643e-02	-3.999081e-03
1574          	OVC	-1.459138e-02	-6.612036e-03	-6.172647e-03
1574          	shield_slave	-1.433782e-02	-1.164643e-02	-3.999081e-03
1575          	OVC	-1.459138e-02	-6.612036e-03	-6.172647e-03
1575          	shield_slave	-1.433782e-02	-1.164643e-02	-3.999081e-03
1576          	OVC	-1.459138e-02	-6.612036e-03	-6.172647e-03
1576          	shield_slave	-1.433782e-02	-1.164643e-02	-3.999081e-03
1577          	OVC	-1.459138e-02	-6.612036e-03	-6.172647e-03
1577          	shield_slave	-1.433782e-02	-1.164643e-02	-3.999081e-03
1578          	OVC	-1.459138e-02	-6.612036e-03	-6.172647e-03
1578          	shield_slave	-1.433782e-02	-1.164643e-02	-3.999081e-03
1579          	OVC	-1.459138e-02	-6.612036e-03	-6.172647e-03
1579          	shield_slave	-1.433782e-02	-1.164643e-02	-3.999081e-03
1580          	OVC	-1.459138e-02	-6.612036e-03	-6.172647e-03
1580          	shield_slave	-1.433782e-02	-1.164643e-02	-3.999081e-03
1581          	OVC	-1.459138e-02	-6.612036e-03	-6.172647e-03
1581          	shield_slave	-1.433782e-02	-1.164643e-02	-3.999081e-03
1582          	OVC	-1.459138e-02	-6.612036e-03	-6.172647e-03
1582          	shield_slave	-1.433782e-02	-1.164643e-02	-3.999081e-03
1583          	OVC	-1.459138e-02	-6.612036e-03	-6.172647e-03
1583          	shield_slave	-1.433782e-02	-1.164643e-02	-3.999081e-03
1584          	OVC	-1.459138e-02	-6.612036e-03	-6.172647e-03
1584          	shield_slave	-1.433782e-02	-1.164643e-02	-3.999081e-03
1585          	OVC	-1.459138e-02	-6.612036e-03	-6.172647e-03
1585          	shield_slave	-1.433782e-02	-1.164643e-02	-3.999081e-03
1586          	OVC	-1.459138e-02	-6.612036e-03	-6.172647e-03
1586          	shield_slave	-1.433782e-02	-1.164643e-02	-3.999081e-03
1587          	OVC	-1.459138e-02	-6.612036e-03	-6.172647e-03
1587          	shield_slave	-1.433782e-02	-1.164643e-02	-3.999081e-03
1588          	OVC	-1.459138e-02	-6.612036e-03	-6.172647e-03
1588          	shield_slave	-1.433782e-02	-1.164643e-02	-3.999081e-03
1589          	OVC	-1.459138e-02	-6.612036e-03	-6.172647e-03
1589          	shield_slave	-1.433782e-02	-1.164643e-02	-3.999081e-03
1590          	OVC	-1.459138e-02	-6.612036e-03	-6.172647e-03
1590          	shield_slave	-1.433782e-02	-1.164643e-02	-3.999081e-03
1591          	OVC	-1.459138e-02	-6.612036e-03	-6.172647e-03
1591          	shield_slave	-1.433782e-02	-1.164643e-02	-3.999081e-03
1592          	OVC	-1.459138e-02	-6.612036e-03	-6.172647e-03
1592          	shield_slave	-1.433782e-02	-1.164643e-02	-3.999081e-03
1593          	OVC	-1.459138e-02	-6.612036e-03	-6.172647e-03
1593          	shield_slave	-1.433782e-02	-1.164643e-02	-3.999081e-03
1594          	OVC	-1.459138e-02	-6.612036e-03	-6.172647e-03
1594          	shield_slave	-1.433782e-02	-1.164643e-02	-3.999081e-03
1595          	OVC	-1.459138e-02	-6.612036e-03	-6.172647e-03
1595          	shield_slave	-1.433782e-02	-1.164643e-02	-3.999081e-03
1596          	OVC	-1.459138e-02	-6.612036e-03	-6.172647e-03
1596          	shield_slave	-1.433782e-02	-1.164643e-02	-3.999081e-03
1597          	OVC	-1.459138e-02	-6.612036e-03	-6.172647e-03
1597          	shield_slave	-1.433782e-02	-1.164643e-02	-3.999081e-03
1598          	OVC	-1.459138e-02	-6.612036e-03	-6.172647e-03
1598          	shield_slave	-1.433782e-02	-1.164643e-02	-3.999081e-03
1599          	OVC	-1.459138e-02	-6.612036e-03	-6.172647e-03
1599          	shield_slave	-1.433782e-02	-1.164643e-02	-3.999081e-03
1600          	OVC	-1.459138e-02	-6.612036e-03	-6.172647e-03
1600          	shield_slave	-1.433782e-02	-1.164643e-02	-3.999081e-03
1601          	OVC	-1.459138e-02	-6.612036e-03	-6.172647e-03
1601          	shield_slave	-1.433782e-02	-1.164643e-02	-3.999081e-03
1602          	OVC	-1.459138e-02	-6.612036e-03	-6.172647e-03
1602          	shield_slave	-1.433782e-02	-1.164643e-02	-3.999081e-03
1603          	OVC	-1.459138e-02	-6.612036e-03	-6.172647e-03
1603          	shield_slave	-1.433782e-02	-1.164643e-02	-3.999081e-03
1604          	OVC	-1.459138e-02	-6.612036e-03	-6.172647e-03
1604          	shield_slave	-1.433782e-02	-1.164643e-02	-3.999081e-03
1605          	OVC	-1.459138e-02	-6.612036e-03	-6.172647e-03
1605          	shield_slave	-1.433782e-02	-1.164643e-02	-3.999081e-03
1606          	OVC	-1.459138e-02	-6.612036e-03	-6.172647e-03
1606          	shield_slave	-1.433782e-02	-1.164643e-02	-3.999081e-03
1607          	OVC	-1.459138e-02	-6.612036e-03	-6.172647e-03
1607          	shield_slave	-1.433782e-02	-1.164643e-02	-3.999081e-03
1608          	OVC	-1.459138e-02	-6.612036e-03	-6.172647e-03
1608          	shield_slave	-1.433782e-02	-1.164643e-02	-3.999081e-03
1609          	OVC	-1.459138e-02	-6.612036e-03	-6.172647e-03
1609          	shield_slave	-1.433782e-02	-1.164643e-02	-3.999081e-03
1610          	OVC	-1.459138e-02	-6.612036e-03	-6.172647e-03
1610          	shield_slave	-1.433782e-02	-1.164643e-02	-3.999081e-03
1611          	OVC	-1.459138e-02	-6.612036e-03	-6.172647e-03
1611          	shield_slave	-1.433782e-02	-1.164643e-02	-3.999081e-03
1612          	OVC	-1.459138e-02	-6.612036e-03	-6.172647e-03
1612          	shield_slave	-1.433782e-02	-1.164643e-02	-3.999081e-03
1613          	OVC	-1.459138e-02	-6.612036e-03	-6.172647e-03
1613          	shield_slave	-1.433782e-02	-1.164643e-02	-3.999081e-03
1614          	OVC	-1.459138e-02	-6.612036e-03	-6.172647e-03
1614          	shield_slave	-1.433782e-02	-1.164643e-02	-3.999081e-03
1615          	OVC	-1.459138e-02	-6.612036e-03	-6.172647e-03
1615          	shield_slave	-1.433782e-02	-1.164643e-02	-3.999081e-03
1616          	OVC	-1.459138e-02	-6.612036e-03	-6.172647e-03
1616          	shield_slave	-1.433782e-02	-1.164643e-02	-3.999081e-03
1617          	OVC	-1.459138e-02	-6.612036e-03	-6.172647e-03
1617          	shield_slave	-1.433782e-02	-1.164643e-02	-3.999081e-03
1618          	OVC	-1.459138e-02	-6.612036e-03	-6.172647e-03
1618          	shield_slave	-1.433782e-02	-1.164643e-02	-3.999081e-03
1619          	OVC	-1.459138e-02	-6.612036e-03	-6.172647e-03
1619          	shield_slave	-1.433782e-02	-1.164643e-02	-3.999081e-03
1620          	OVC	-1.459138e-02	-6.612036e-03	-6.172647e-03
1620          	shield_slave	-1.433782e-02	-1.164643e-02	-3.999081e-03
1621          	OVC	-1.459138e-02	-6.612036e-03	-6.172647e-03
1621          	shield_slave	-1.433782e-02	-1.164643e-02	-3.999081e-03
1622          	OVC	-1.459138e-02	-6.612036e-03	-6.172647e-03
1622          	shield_slave	-1.433782e-02	-1.164643e-02	-3.999081e-03
1623          	OVC	-1.459138e-02	-6.612036e-03	-6.172647e-03
1623          	shield_slave	-1.433782e-02	-1.164643e-02	-3.999081e-03
1624          	OVC	-1.459138e-02	-6.612036e-03	-6.172647e-03
1624          	shield_slave	-1.433782e-02	-1.164643e-02	-3.999081e-03
1625          	OVC	-1.459138e-02	-6.612036e-03	-6.172647e-03
1625          	shield_slave	-1.433782e-02	-1.164643e-02	-3.999081e-03
1626          	OVC	-1.459138e-02	-6.612036e-03	-6.172647e-03
1626          	shield_slave	-1.433782e-02	-1.164643e-02	-3.999081e-03
1627          	OVC	-1.459138e-02	-6.612036e-03	-6.172647e-03
1627          	shield_slave	-1.433782e-02	-1.164643e-02	-3.999081e-03
1628          	OVC	-1.459138e-02	-6.612036e-03	-6.172647e-03
1628          	shield_slave	-1.433782e-02	-1.164643e-02	-3.999081e-03
1629          	OVC	-1.459138e-02	-6.612036e-03	-6.172647e-03
1629          	shield_slave	-1.433782e-02	-1.164643e-02	-3.999081e-03
1630          	OVC	-1.459138e-02	-6.612036e-03	-6.172647e-03
1630          	shield_slave	-1.433782e-02	-1.164643e-02	-3.999081e-03
1631          	OVC	-1.459138e-02	-6.612036e-03	-6.172647e-03
1631          	shield_slave	-1.433782e-02	-1.164643e-02	-3.999081e-03
1632          	OVC	-1.459138e-02	-6.612036e-03	-6.172647e-03
1632          	shield_slave	-1.433782e-02	-1.164643e-02	-3.999081e-03
1633          	OVC	-1.459138e-02	-6.612036e-03	-6.172647e-03
1633          	shield_slave	-1.433782e-02	-1.164643e-02	-3.999081e-03
1634          	OVC	-1.459138e-02	-6.612036e-03	-6.172647e-03
1634          	shield_slave	-1.433782e-02	-1.164643e-02	-3.999081e-03
1635          	OVC	-1.459138e-02	-6.612036e-03	-6.172647e-03
1635          	shield_slave	-1.433782e-02	-1.164643e-02	-3.999081e-03
1636          	OVC	-1.459138e-02	-6.612036e-03	-6.172647e-03
1636          	shield_slave	-1.433782e-02	-1.164643e-02	-3.999081e-03
1637          	OVC	-1.459138e-02	-6.612036e-03	-6.172647e-03
1637          	shield_slave	-1.433782e-02	-1.164643e-02	-3.999081e-03
1638          	OVC	-1.459138e-02	-6.612036e-03	-6.172647e-03
1638          	shield_slave	-1.433782e-02	-1.164643e-02	-3.999081e-03
1639          	OVC	-1.459138e-02	-6.612036e-03	-6.172647e-03
1639          	shield_slave	-1.433782e-02	-1.164643e-02	-3.999081e-03
1640          	OVC	-1.459138e-02	-6.612036e-03	-6.172647e-03
1640          	shield_slave	-1.433782e-02	-1.164643e-02	-3.999081e-03
1641          	OVC	-1.459138e-02	-6.612036e-03	-6.172647e-03
1641          	shield_slave	-1.433782e-02	-1.164643e-02	-3.999081e-03
1642          	OVC	-1.459138e-02	-6.612036e-03	-6.172647e-03
1642          	shield_slave	-1.433782e-02	-1.164643e-02	-3.999081e-03
1643          	OVC	-1.459138e-02	-6.612036e-03	-6.172647e-03
1643          	shield_slave	-1.433782e-02	-1.164643e-02	-3.999081e-03
1644          	OVC	-1.459138e-02	-6.612036e-03	-6.172647e-03
1644          	shield_slave	-1.433782e-02	-1.164643e-02	-3.999081e-03
1645          	OVC	-1.459138e-02	-6.612036e-03	-6.172647e-03
1645          	shield_slave	-1.433782e-02	-1.164643e-02	-3.999081e-03
1646          	OVC	-1.459138e-02	-6.612036e-03	-6.172647e-03
1646          	shield_slave	-1.433782e-02	-1.164643e-02	-3.999081e-03
1647          	OVC	-1.459138e-02	-6.612036e-03	-6.172647e-03
1647          	shield_slave	-1.433782e-02	-1.164643e-02	-3.999081e-03
1648          	OVC	-1.459138e-02	-6.612036e-03	-6.172647e-03
1648          	shield_slave	-1.433782e-02	-1.164643e-02	-3.999081e-03
1649          	OVC	-1.459138e-02	-6.612036e-03	-6.172647e-03
1649          	shield_slave	-1.433782e-02	-1.164643e-02	-3.999081e-03
1650          	OVC	-1.459138e-02	-6.612036e-03	-6.172647e-03
1650          	shield_slave	-1.433782e-02	-1.164643e-02	-3.999081e-03
1651          	OVC	-1.459138e-02	-6.612036e-03	-6.172647e-03
1651          	shield_slave	-1.433782e-02	-1.164643e-02	-3.999081e-03
1652          	OVC	-1.459138e-02	-6.612036e-03	-6.172647e-03
1652          	shield_slave	-1.433782e-02	-1.164643e-02	-3.999081e-03
1653          	OVC	-1.459138e-02	-6.612036e-03	-6.172647e-03
1653          	shield_slave	-1.433782e-02	-1.164643e-02	-3.999081e-03
1654          	OVC	-1.459138e-02	-6.612036e-03	-6.172647e-03
1654          	shield_slave	-1.433782e-02	-1.164643e-02	-3.999081e-03
1655          	OVC	-1.459138e-02	-6.612036e-03	-6.172647e-03
1655          	shield_slave	-1.433782e-02	-1.164643e-02	-3.999081e-03
1656          	OVC	-1.459138e-02	-6.612036e-03	-6.172647e-03
1656          	shield_slave	-1.433782e-02	-1.164643e-02	-3.999081e-03
1657          	OVC	-1.459138e-02	-6.612036e-03	-6.172647e-03
1657          	shield_slave	-1.433782e-02	-1.164643e-02	-3.999081e-03
1658          	OVC	-1.459138e-02	-6.612036e-03	-6.172647e-03
1658          	shield_slave	-1.433782e-02	-1.164643e-02	-3.999081e-03
1659          	OVC	-1.459138e-02	-6.612036e-03	-6.172647e-03
1659          	shield_slave	-1.433782e-02	-1.164643e-02	-3.999081e-03
1660          	OVC	-1.459138e-02	-6.612036e-03	-6.172647e-03
1660          	shield_slave	-1.433782e-02	-1.164643e-02	-3.999081e-03
1661          	OVC	-1.459138e-02	-6.612036e-03	-6.172647e-03
1661          	shield_slave	-1.433782e-02	-1.164643e-02	-3.999081e-03
1662          	OVC	-1.459138e-02	-6.612036e-03	-6.172647e-03
1662          	shield_slave	-1.433782e-02	-1.164643e-02	-3.999081e-03
1663          	OVC	-1.459138e-02	-6.612036e-03	-6.172647e-03
1663          	shield_slave	-1.433782e-02	-1.164643e-02	-3.999081e-03
1664          	OVC	-1.459138e-02	-6.612036e-03	-6.172647e-03
1664          	shield_slave	-1.433782e-02	-1.164643e-02	-3.999081e-03
1665          	OVC	-1.459138e-02	-6.612036e-03	-6.172647e-03
1665          	shield_slave	-1.433782e-02	-1.164643e-02	-3.999081e-03
1666          	OVC	-1.459138e-02	-6.612036e-03	-6.172647e-03
1666          	shield_slave	-1.433782e-02	-1.164643e-02	-3.999081e-03
1667          	OVC	-1.459138e-02	-6.612036e-03	-6.172647e-03
1667          	shield_slave	-1.433782e-02	-1.164643e-02	-3.999081e-03
1668          	OVC	-1.459138e-02	-6.612036e-03	-6.172647e-03
1668          	shield_slave	-1.433782e-02	-1.164643e-02	-3.999081e-03
1669          	OVC	-1.459138e-02	-6.612036e-03	-6.172647e-03
1669          	shield_slave	-1.433782e-02	-1.164643e-02	-3.999081e-03
1670          	OVC	-1.459138e-02	-6.612036e-03	-6.172647e-03
1670          	shield_slave	-1.433782e-02	-1.164643e-02	-3.999081e-03
1671          	OVC	-1.459138e-02	-6.612036e-03	-6.172647e-03
1671          	shield_slave	-1.433782e-02	-1.164643e-02	-3.999081e-03
1672          	OVC	-1.459138e-02	-6.612036e-03	-6.172647e-03
1672          	shield_slave	-1.433782e-02	-1.164643e-02	-3.999081e-03
1673          	OVC	-1.459138e-02	-6.612036e-03	-6.172647e-03
1673          	shield_slave	-1.433782e-02	-1.164643e-02	-3.999081e-03
1674          	OVC	-1.459138e-02	-6.612036e-03	-6.172647e-03
1674          	shield_slave	-1.433782e-02	-1.164643e-02	-3.999081e-03
1675          	OVC	-1.459138e-02	-6.612036e-03	-6.172647e-03
1675          	shield_slave	-1.433782e-02	-1.164643e-02	-3.999081e-03
1676          	OVC	-1.459138e-02	-6.612036e-03	-6.172647e-03
1676          	shield_slave	-1.433782e-02	-1.164643e-02	-3.999081e-03
1677          	OVC	-1.459138e-02	-6.612036e-03	-6.172647e-03
1677          	shield_slave	-1.433782e-02	-1.164643e-02	-3.999081e-03
1678          	OVC	-1.459138e-02	-6.612036e-03	-6.172647e-03
1678          	shield_slave	-1.433782e-02	-1.164643e-02	-3.999081e-03
1679          	OVC	-1.459138e-02	-6.612036e-03	-6.172647e-03
1679          	shield_slave	-1.433782e-02	-1.164643e-02	-3.999081e-03
1680          	OVC	-1.459138e-02	-6.612036e-03	-6.172647e-03
1680          	shield_slave	-1.433782e-02	-1.164643e-02	-3.999081e-03
1681          	OVC	-1.459138e-02	-6.612036e-03	-6.172647e-03
1681          	shield_slave	-1.433782e-02	-1.164643e-02	-3.999081e-03
1682          	OVC	-1.459138e-02	-6.612036e-03	-6.172647e-03
1682          	shield_slave	-1.433782e-02	-1.164643e-02	-3.999081e-03
1683          	OVC	-1.459138e-02	-6.612036e-03	-6.172647e-03
1683          	shield_slave	-1.433782e-02	-1.164643e-02	-3.999081e-03
1684          	OVC	-1.459138e-02	-6.612036e-03	-6.172647e-03
1684          	shield_slave	-1.433782e-02	-1.164643e-02	-3.999081e-03
1685          	OVC	-1.459138e-02	-6.612036e-03	-6.172647e-03
1685          	shield_slave	-1.433782e-02	-1.164643e-02	-3.999081e-03
1686          	OVC	-1.459138e-02	-6.612036e-03	-6.172647e-03
1686          	shield_slave	-1.433782e-02	-1.164643e-02	-3.999081e-03
1687          	OVC	-1.459138e-02	-6.612036e-03	-6.172647e-03
1687          	shield_slave	-1.433782e-02	-1.164643e-02	-3.999081e-03
1688          	OVC	-1.459138e-02	-6.612036e-03	-6.172647e-03
1688          	shield_slave	-1.433782e-02	-1.164643e-02	-3.999081e-03
1689          	OVC	-1.459138e-02	-6.612036e-03	-6.172647e-03
1689          	shield_slave	-1.433782e-02	-1.164643e-02	-3.999081e-03
1690          	OVC	-1.459138e-02	-6.612036e-03	-6.172647e-03
1690          	shield_slave	-1.433782e-02	-1.164643e-02	-3.999081e-03
1691          	OVC	-1.459138e-02	-6.612036e-03	-6.172647e-03
1691          	shield_slave	-1.433782e-02	-1.164643e-02	-3.999081e-03
1692          	OVC	-1.459138e-02	-6.612036e-03	-6.172647e-03
1692          	shield_slave	-1.433782e-02	-1.164643e-02	-3.999081e-03
1693          	OVC	-1.459138e-02	-6.612036e-03	-6.172647e-03
1693          	shield_slave	-1.433782e-02	-1.164643e-02	-3.999081e-03
1694          	OVC	-1.459138e-02	-6.612036e-03	-6.172647e-03
1694          	shield_slave	-1.433782e-02	-1.164643e-02	-3.999081e-03
1695          	OVC	-1.459138e-02	-6.612036e-03	-6.172647e-03
1695          	shield_slave	-1.433782e-02	-1.164643e-02	-3.999081e-03
1696          	OVC	-1.459138e-02	-6.612036e-03	-6.172647e-03
1696          	shield_slave	-1.433782e-02	-1.164643e-02	-3.999081e-03
1697          	OVC	-1.459138e-02	-6.612036e-03	-6.172647e-03
1697          	shield_slave	-1.433782e-02	-1.164643e-02	-3.999081e-03
1698          	OVC	-1.459138e-02	-6.612036e-03	-6.172647e-03
1698          	shield_slave	-1.433782e-02	-1.164643e-02	-3.999081e-03
1699          	OVC	-1.459138e-02	-6.612036e-03	-6.172647e-03
1699          	shield_slave	-1.433782e-02	-1.164643e-02	-3.999081e-03
1700          	OVC	-1.459138e-02	-6.612036e-03	-6.172647e-03
1700          	shield_slave	-1.433782e-02	-1.164643e-02	-3.999081e-03
1701          	OVC	-1.459138e-02	-6.612036e-03	-6.172647e-03
1701          	shield_slave	-1.433782e-02	-1.164643e-02	-3.999081e-03
1702          	OVC	-1.459138e-02	-6.612036e-03	-6.172647e-03
1702          	shield_slave	-1.433782e-02	-1.164643e-02	-3.999081e-03
1703          	OVC	-1.459138e-02	-6.612036e-03	-6.172647e-03
1703          	shield_slave	-1.433782e-02	-1.164643e-02	-3.999081e-03
1704          	OVC	-1.459138e-02	-6.612036e-03	-6.172647e-03
1704          	shield_slave	-1.433782e-02	-1.164643e-02	-3.999081e-03
1705          	OVC	-1.459138e-02	-6.612036e-03	-6.172647e-03
1705          	shield_slave	-1.433782e-02	-1.164643e-02	-3.999081e-03
1706          	OVC	-1.459138e-02	-6.612036e-03	-6.172647e-03
1706          	shield_slave	-1.433782e-02	-1.164643e-02	-3.999081e-03
1707          	OVC	-1.459138e-02	-6.612036e-03	-6.172647e-03
1707          	shield_slave	-1.433782e-02	-1.164643e-02	-3.999081e-03
1708          	OVC	-1.459138e-02	-6.612036e-03	-6.172647e-03
1708          	shield_slave	-1.433782e-02	-1.164643e-02	-3.999081e-03
1709          	OVC	-1.459138e-02	-6.612036e-03	-6.172647e-03
1709          	shield_slave	-1.433782e-02	-1.164643e-02	-3.999081e-03
1710          	OVC	-1.459138e-02	-6.612036e-03	-6.172647e-03
1710          	shield_slave	-1.433782e-02	-1.164643e-02	-3.999081e-03
1711          	OVC	-1.459138e-02	-6.612036e-03	-6.172647e-03
1711          	shield_slave	-1.433782e-02	-1.164643e-02	-3.999081e-03
1712          	OVC	-1.459138e-02	-6.612036e-03	-6.172647e-03
1712          	shield_slave	-1.433782e-02	-1.164643e-02	-3.999081e-03
1713          	OVC	-1.459138e-02	-6.612036e-03	-6.172647e-03
1713          	shield_slave	-1.433782e-02	-1.164643e-02	-3.999081e-03
1714          	OVC	-1.459138e-02	-6.612036e-03	-6.172647e-03
1714          	shield_slave	-1.433782e-02	-1.164643e-02	-3.999081e-03
1715          	OVC	-1.459138e-02	-6.612036e-03	-6.172647e-03
1715          	shield_slave	-1.433782e-02	-1.164643e-02	-3.999081e-03
1716          	OVC	-1.459138e-02	-6.612036e-03	-6.172647e-03
1716          	shield_slave	-1.433782e-02	-1.164643e-02	-3.999081e-03
1717          	OVC	-1.459138e-02	-6.612036e-03	-6.172647e-03
1717          	shield_slave	-1.433782e-02	-1.164643e-02	-3.999081e-03
1718          	OVC	-1.459138e-02	-6.612036e-03	-6.172647e-03
1718          	shield_slave	-1.433782e-02	-1.164643e-02	-3.999081e-03
1719          	OVC	-1.459138e-02	-6.612036e-03	-6.172647e-03
1719          	shield_slave	-1.433782e-02	-1.164643e-02	-3.999081e-03
1720          	OVC	-1.459138e-02	-6.612036e-03	-6.172647e-03
1720          	shield_slave	-1.433782e-02	-1.164643e-02	-3.999081e-03
1721          	OVC	-1.459138e-02	-6.612036e-03	-6.172647e-03
1721          	shield_slave	-1.433782e-02	-1.164643e-02	-3.999081e-03
1722          	OVC	-1.459138e-02	-6.612036e-03	-6.172647e-03
1722          	shield_slave	-1.433782e-02	-1.164643e-02	-3.999081e-03
1723          	OVC	-1.459138e-02	-6.612036e-03	-6.172647e-03
1723          	shield_slave	-1.433782e-02	-1.164643e-02	-3.999081e-03
1724          	OVC	-1.459138e-02	-6.612036e-03	-6.172647e-03
1724          	shield_slave	-1.433782e-02	-1.164643e-02	-3.999081e-03
1725          	OVC	-1.459138e-02	-6.612036e-03	-6.172647e-03
1725          	shield_slave	-1.433782e-02	-1.164643e-02	-3.999081e-03
1726          	OVC	-1.459138e-02	-6.612036e-03	-6.172647e-03
1726          	shield_slave	-1.433782e-02	-1.164643e-02	-3.999081e-03
1727          	OVC	-1.459138e-02	-6.612036e-03	-6.172647e-03
1727          	shield_slave	-1.433782e-02	-1.164643e-02	-3.999081e-03
1728          	OVC	-1.459138e-02	-6.612036e-03	-6.172647e-03
1728          	shield_slave	-1.433782e-02	-1.164643e-02	-3.999081e-03
1729          	OVC	-1.459138e-02	-6.612036e-03	-6.172647e-03
1729          	shield_slave	-1.433782e-02	-1.164643e-02	-3.999081e-03
1730          	OVC	-1.459138e-02	-6.612036e-03	-6.172647e-03
1730          	shield_slave	-1.433782e-02	-1.164643e-02	-3.999081e-03
1731          	OVC	-1.459138e-02	-6.612036e-03	-6.172647e-03
1731          	shield_slave	-1.433782e-02	-1.164643e-02	-3.999081e-03
1732          	OVC	-1.459138e-02	-6.612036e-03	-6.172647e-03
1732          	shield_slave	-1.433782e-02	-1.164643e-02	-3.999081e-03
1733          	OVC	-1.459138e-02	-6.612036e-03	-6.172647e-03
1733          	shield_slave	-1.433782e-02	-1.164643e-02	-3.999081e-03
1734          	OVC	-1.459138e-02	-6.612036e-03	-6.172647e-03
1734          	shield_slave	-1.433782e-02	-1.164643e-02	-3.999081e-03
1735          	OVC	-1.459138e-02	-6.612036e-03	-6.172647e-03
1735          	shield_slave	-1.433782e-02	-1.164643e-02	-3.999081e-03
1736          	OVC	-1.459138e-02	-6.612036e-03	-6.172647e-03
1736          	shield_slave	-1.433782e-02	-1.164643e-02	-3.999081e-03
1737          	OVC	-1.459138e-02	-6.612036e-03	-6.172647e-03
1737          	shield_slave	-1.433782e-02	-1.164643e-02	-3.999081e-03
1738          	OVC	-1.459138e-02	-6.612036e-03	-6.172647e-03
1738          	shield_slave	-1.433782e-02	-1.164643e-02	-3.999081e-03
1739          	OVC	-1.459138e-02	-6.612036e-03	-6.172647e-03
1739          	shield_slave	-1.433782e-02	-1.164643e-02	-3.999081e-03
1740          	OVC	-1.459138e-02	-6.612036e-03	-6.172647e-03
1740          	shield_slave	-1.433782e-02	-1.164643e-02	-3.999081e-03
1741          	OVC	-1.459138e-02	-6.612036e-03	-6.172647e-03
1741          	shield_slave	-1.433782e-02	-1.164643e-02	-3.999081e-03
1742          	OVC	-1.459138e-02	-6.612036e-03	-6.172647e-03
1742          	shield_slave	-1.433782e-02	-1.164643e-02	-3.999081e-03
1743          	OVC	-1.459138e-02	-6.612036e-03	-6.172647e-03
1743          	shield_slave	-1.433782e-02	-1.164643e-02	-3.999081e-03
1744          	OVC	-1.459138e-02	-6.612036e-03	-6.172647e-03
1744          	shield_slave	-1.433782e-02	-1.164643e-02	-3.999081e-03
1745          	OVC	-1.459138e-02	-6.612036e-03	-6.172647e-03
1745          	shield_slave	-1.433782e-02	-1.164643e-02	-3.999081e-03
1746          	OVC	-1.459138e-02	-6.612036e-03	-6.172647e-03
1746          	shield_slave	-1.433782e-02	-1.164643e-02	-3.999081e-03
1747          	OVC	-1.459138e-02	-6.612036e-03	-6.172647e-03
1747          	shield_slave	-1.433782e-02	-1.164643e-02	-3.999081e-03
1748          	OVC	-1.459138e-02	-6.612036e-03	-6.172647e-03
1748          	shield_slave	-1.433782e-02	-1.164643e-02	-3.999081e-03
1749          	OVC	-1.459138e-02	-6.612036e-03	-6.172647e-03
1749          	shield_slave	-1.433782e-02	-1.164643e-02	-3.999081e-03
1750          	OVC	-1.459138e-02	-6.612036e-03	-6.172647e-03
1750          	shield_slave	-1.433782e-02	-1.164643e-02	-3.999081e-03
1751          	OVC	-1.459138e-02	-6.612036e-03	-6.172647e-03
1751          	shield_slave	-1.433782e-02	-1.164643e-02	-3.999081e-03
1752          	OVC	-1.459138e-02	-6.612036e-03	-6.172647e-03
1752          	shield_slave	-1.433782e-02	-1.164643e-02	-3.999081e-03
1753          	OVC	-1.459138e-02	-6.612036e-03	-6.172647e-03
1753          	shield_slave	-1.433782e-02	-1.164643e-02	-3.999081e-03
1754          	OVC	-1.459138e-02	-6.612036e-03	-6.172647e-03
1754          	shield_slave	-1.433782e-02	-1.164643e-02	-3.999081e-03
1755          	OVC	-1.459138e-02	-6.612036e-03	-6.172647e-03
1755          	shield_slave	-1.433782e-02	-1.164643e-02	-3.999081e-03
1756          	OVC	-1.459138e-02	-6.612036e-03	-6.172647e-03
1756          	shield_slave	-1.433782e-02	-1.164643e-02	-3.999081e-03
1757          	OVC	-1.459138e-02	-6.612036e-03	-6.172647e-03
1757          	shield_slave	-1.433782e-02	-1.164643e-02	-3.999081e-03
1758          	OVC	-1.459138e-02	-6.612036e-03	-6.172647e-03
1758          	shield_slave	-1.433782e-02	-1.164643e-02	-3.999081e-03
1759          	OVC	-1.459138e-02	-6.612036e-03	-6.172647e-03
1759          	shield_slave	-1.433782e-02	-1.164643e-02	-3.999081e-03
1760          	OVC	-1.459138e-02	-6.612036e-03	-6.172647e-03
1760          	shield_slave	-1.433782e-02	-1.164643e-02	-3.999081e-03
1761          	OVC	-1.459138e-02	-6.612036e-03	-6.172647e-03
1761          	shield_slave	-1.433782e-02	-1.164643e-02	-3.999081e-03
1762          	OVC	-1.459138e-02	-6.612036e-03	-6.172647e-03
1762          	shield_slave	-1.433782e-02	-1.164643e-02	-3.999081e-03
1763          	OVC	-1.459138e-02	-6.612036e-03	-6.172647e-03
1763          	shield_slave	-1.433782e-02	-1.164643e-02	-3.999081e-03
1764          	OVC	-1.459138e-02	-6.612036e-03	-6.172647e-03
1764          	shield_slave	-1.433782e-02	-1.164643e-02	-3.999081e-03
1765          	OVC	-1.459138e-02	-6.612036e-03	-6.172647e-03
1765          	shield_slave	-1.433782e-02	-1.164643e-02	-3.999081e-03
1766          	OVC	-1.459138e-02	-6.612036e-03	-6.172647e-03
1766          	shield_slave	-1.433782e-02	-1.164643e-02	-3.999081e-03
1767          	OVC	-1.459138e-02	-6.612036e-03	-6.172647e-03
1767          	shield_slave	-1.433782e-02	-1.164643e-02	-3.999081e-03
1768          	OVC	-1.459138e-02	-6.612036e-03	-6.172647e-03
1768          	shield_slave	-1.433782e-02	-1.164643e-02	-3.999081e-03
1769          	OVC	-1.459138e-02	-6.612036e-03	-6.172647e-03
1769          	shield_slave	-1.433782e-02	-1.164643e-02	-3.999081e-03
1770          	OVC	-1.459138e-02	-6.612036e-03	-6.172647e-03
1770          	shield_slave	-1.433782e-02	-1.164643e-02	-3.999081e-03
1771          	OVC	-1.459138e-02	-6.612036e-03	-6.172647e-03
1771          	shield_slave	-1.433782e-02	-1.164643e-02	-3.999081e-03
1772          	OVC	-1.459138e-02	-6.612036e-03	-6.172647e-03
1772          	shield_slave	-1.433782e-02	-1.164643e-02	-3.999081e-03
1773          	OVC	-1.459138e-02	-6.612036e-03	-6.172647e-03
1773          	shield_slave	-1.433782e-02	-1.164643e-02	-3.999081e-03
1774          	OVC	-1.459138e-02	-6.612036e-03	-6.172647e-03
1774          	shield_slave	-1.433782e-02	-1.164643e-02	-3.999081e-03
1775          	OVC	-1.459138e-02	-6.612036e-03	-6.172647e-03
1775          	shield_slave	-1.433782e-02	-1.164643e-02	-3.999081e-03
1776          	OVC	-1.459138e-02	-6.612036e-03	-6.172647e-03
1776          	shield_slave	-1.433782e-02	-1.164643e-02	-3.999081e-03
1777          	OVC	-1.459138e-02	-6.612036e-03	-6.172647e-03
1777          	shield_slave	-1.433782e-02	-1.164643e-02	-3.999081e-03
1778          	OVC	-1.459138e-02	-6.612036e-03	-6.172647e-03
1778          	shield_slave	-1.433782e-02	-1.164643e-02	-3.999081e-03
1779          	OVC	-1.459138e-02	-6.612036e-03	-6.172647e-03
1779          	shield_slave	-1.433782e-02	-1.164643e-02	-3.999081e-03
1780          	OVC	-1.459138e-02	-6.612036e-03	-6.172647e-03
1780          	shield_slave	-1.433782e-02	-1.164643e-02	-3.999081e-03
1781          	OVC	-1.459138e-02	-6.612036e-03	-6.172647e-03
1781          	shield_slave	-1.433782e-02	-1.164643e-02	-3.999081e-03
1782          	OVC	-1.459138e-02	-6.612036e-03	-6.172647e-03
1782          	shield_slave	-1.433782e-02	-1.164643e-02	-3.999081e-03
1783          	OVC	-1.459138e-02	-6.612036e-03	-6.172647e-03
1783          	shield_slave	-1.433782e-02	-1.164643e-02	-3.999081e-03
1784          	OVC	-1.459138e-02	-6.612036e-03	-6.172647e-03
1784          	shield_slave	-1.433782e-02	-1.164643e-02	-3.999081e-03
1785          	OVC	-1.459138e-02	-6.612036e-03	-6.172647e-03
1785          	shield_slave	-1.433782e-02	-1.164643e-02	-3.999081e-03
1786          	OVC	-1.459138e-02	-6.612036e-03	-6.172647e-03
1786          	shield_slave	-1.433782e-02	-1.164643e-02	-3.999081e-03
1787          	OVC	-1.459138e-02	-6.612036e-03	-6.172647e-03
1787          	shield_slave	-1.433782e-02	-1.164643e-02	-3.999081e-03
1788          	OVC	-1.459138e-02	-6.612036e-03	-6.172647e-03
1788          	shield_slave	-1.433782e-02	-1.164643e-02	-3.999081e-03
1789          	OVC	-1.459138e-02	-6.612036e-03	-6.172647e-03
1789          	shield_slave	-1.433782e-02	-1.164643e-02	-3.999081e-03
1790          	OVC	-1.459138e-02	-6.612036e-03	-6.172647e-03
1790          	shield_slave	-1.433782e-02	-1.164643e-02	-3.999081e-03
1791          	OVC	-1.459138e-02	-6.612036e-03	-6.172647e-03
1791          	shield_slave	-1.433782e-02	-1.164643e-02	-3.999081e-03
1792          	OVC	-1.459138e-02	-6.612036e-03	-6.172647e-03
1792          	shield_slave	-1.433782e-02	-1.164643e-02	-3.999081e-03
1793          	OVC	-1.459138e-02	-6.612036e-03	-6.172647e-03
1793          	shield_slave	-1.433782e-02	-1.164643e-02	-3.999081e-03
1794          	OVC	-1.459138e-02	-6.612036e-03	-6.172647e-03
1794          	shield_slave	-1.433782e-02	-1.164643e-02	-3.999081e-03
1795          	OVC	-1.459138e-02	-6.612036e-03	-6.172647e-03
1795          	shield_slave	-1.433782e-02	-1.164643e-02	-3.999081e-03
1796          	OVC	-1.459138e-02	-6.612036e-03	-6.172647e-03
1796          	shield_slave	-1.433782e-02	-1.164643e-02	-3.999081e-03
1797          	OVC	-1.459138e-02	-6.612036e-03	-6.172647e-03
1797          	shield_slave	-1.433782e-02	-1.164643e-02	-3.999081e-03
1798          	OVC	-1.459138e-02	-6.612036e-03	-6.172647e-03
1798          	shield_slave	-1.433782e-02	-1.164643e-02	-3.999081e-03
1799          	OVC	-1.459138e-02	-6.612036e-03	-6.172647e-03
1799          	shield_slave	-1.433782e-02	-1.164643e-02	-3.999081e-03
1800          	OVC	-1.459138e-02	-6.612036e-03	-6.172647e-03
1800          	shield_slave	-1.433782e-02	-1.164643e-02	-3.999081e-03
1801          	OVC	-1.459138e-02	-6.612036e-03	-6.172647e-03
1801          	shield_slave	-1.433782e-02	-1.164643e-02	-3.999081e-03
1802          	OVC	-1.459138e-02	-6.612036e-03	-6.172647e-03
1802          	shield_slave	-1.433782e-02	-1.164643e-02	-3.999081e-03
1803          	OVC	-1.459138e-02	-6.612036e-03	-6.172647e-03
1803          	shield_slave	-1.433782e-02	-1.164643e-02	-3.999081e-03
1804          	OVC	-1.459138e-02	-6.612036e-03	-6.172647e-03
1804          	shield_slave	-1.433782e-02	-1.164643e-02	-3.999081e-03
1805          	OVC	-1.459138e-02	-6.612036e-03	-6.172647e-03
1805          	shield_slave	-1.433782e-02	-1.164643e-02	-3.999081e-03
1806          	OVC	-1.459138e-02	-6.612036e-03	-6.172647e-03
1806          	shield_slave	-1.433782e-02	-1.164643e-02	-3.999081e-03
1807          	OVC	-1.459138e-02	-6.612036e-03	-6.172647e-03
1807          	shield_slave	-1.433782e-02	-1.164643e-02	-3.999081e-03
1808          	OVC	-1.459138e-02	-6.612036e-03	-6.172647e-03
1808          	shield_slave	-1.433782e-02	-1.164643e-02	-3.999081e-03
1809          	OVC	-1.459138e-02	-6.612036e-03	-6.172647e-03
1809          	shield_slave	-1.433782e-02	-1.164643e-02	-3.999081e-03
1810          	OVC	-1.459138e-02	-6.612036e-03	-6.172647e-03
1810          	shield_slave	-1.433782e-02	-1.164643e-02	-3.999081e-03
1811          	OVC	-1.459138e-02	-6.612036e-03	-6.172647e-03
1811          	shield_slave	-1.433782e-02	-1.164643e-02	-3.999081e-03
1812          	OVC	-1.459138e-02	-6.612036e-03	-6.172647e-03
1812          	shield_slave	-1.433782e-02	-1.164643e-02	-3.999081e-03
1813          	OVC	-1.459138e-02	-6.612036e-03	-6.172647e-03
1813          	shield_slave	-1.433782e-02	-1.164643e-02	-3.999081e-03
1814          	OVC	-1.459138e-02	-6.612036e-03	-6.172647e-03
1814          	shield_slave	-1.433782e-02	-1.164643e-02	-3.999081e-03
1815          	OVC	-1.459138e-02	-6.612036e-03	-6.172647e-03
1815          	shield_slave	-1.433782e-02	-1.164643e-02	-3.999081e-03
1816          	OVC	-1.459138e-02	-6.612036e-03	-6.172647e-03
1816          	shield_slave	-1.433782e-02	-1.164643e-02	-3.999081e-03
1817          	OVC	-1.459138e-02	-6.612036e-03	-6.172647e-03
1817          	shield_slave	-1.433782e-02	-1.164643e-02	-3.999081e-03
1818          	OVC	-1.459138e-02	-6.612036e-03	-6.172647e-03
1818          	shield_slave	-1.433782e-02	-1.164643e-02	-3.999081e-03
1819          	OVC	-1.459138e-02	-6.612036e-03	-6.172647e-03
1819          	shield_slave	-1.433782e-02	-1.164643e-02	-3.999081e-03
1820          	OVC	-1.459138e-02	-6.612036e-03	-6.172647e-03
1820          	shield_slave	-1.433782e-02	-1.164643e-02	-3.999081e-03
1821          	OVC	-1.459138e-02	-6.612036e-03	-6.172647e-03
1821          	shield_slave	-1.433782e-02	-1.164643e-02	-3.999081e-03
1822          	OVC	-1.459138e-02	-6.612036e-03	-6.172647e-03
1822          	shield_slave	-1.433782e-02	-1.164643e-02	-3.999081e-03
1823          	OVC	-1.459138e-02	-6.612036e-03	-6.172647e-03
1823          	shield_slave	-1.433782e-02	-1.164643e-02	-3.999081e-03
1824          	OVC	-1.459138e-02	-6.612036e-03	-6.172647e-03
1824          	shield_slave	-1.433782e-02	-1.164643e-02	-3.999081e-03
1825          	OVC	-1.459138e-02	-6.612036e-03	-6.172647e-03
1825          	shield_slave	-1.433782e-02	-1.164643e-02	-3.999081e-03
1826          	OVC	-1.459138e-02	-6.612036e-03	-6.172647e-03
1826          	shield_slave	-1.433782e-02	-1.164643e-02	-3.999081e-03
1827          	OVC	-1.459138e-02	-6.612036e-03	-6.172647e-03
1827          	shield_slave	-1.433782e-02	-1.164643e-02	-3.999081e-03
1828          	OVC	-1.459138e-02	-6.612036e-03	-6.172647e-03
1828          	shield_slave	-1.433782e-02	-1.164643e-02	-3.999081e-03
1829          	OVC	-1.459138e-02	-6.612036e-03	-6.172647e-03
1829          	shield_slave	-1.433782e-02	-1.164643e-02	-3.999081e-03
1830          	OVC	-1.459138e-02	-6.612036e-03	-6.172647e-03
1830          	shield_slave	-1.433782e-02	-1.164643e-02	-3.999081e-03
1831          	OVC	-1.459138e-02	-6.612036e-03	-6.172647e-03
1831          	shield_slave	-1.433782e-02	-1.164643e-02	-3.999081e-03
1832          	OVC	-1.459138e-02	-6.612036e-03	-6.172647e-03
1832          	shield_slave	-1.433782e-02	-1.164643e-02	-3.999081e-03
1833          	OVC	-1.459138e-02	-6.612036e-03	-6.172647e-03
1833          	shield_slave	-1.433782e-02	-1.164643e-02	-3.999081e-03
1834          	OVC	-1.459138e-02	-6.612036e-03	-6.172647e-03
1834          	shield_slave	-1.433782e-02	-1.164643e-02	-3.999081e-03
1835          	OVC	-1.459138e-02	-6.612036e-03	-6.172647e-03
1835          	shield_slave	-1.433782e-02	-1.164643e-02	-3.999081e-03
1836          	OVC	-1.459138e-02	-6.612036e-03	-6.172647e-03
1836          	shield_slave	-1.433782e-02	-1.164643e-02	-3.999081e-03
1837          	OVC	-1.459138e-02	-6.612036e-03	-6.172647e-03
1837          	shield_slave	-1.433782e-02	-1.164643e-02	-3.999081e-03
1838          	OVC	-1.459138e-02	-6.612036e-03	-6.172647e-03
1838          	shield_slave	-1.433782e-02	-1.164643e-02	-3.999081e-03
1839          	OVC	-1.459138e-02	-6.612036e-03	-6.172647e-03
1839          	shield_slave	-1.433782e-02	-1.164643e-02	-3.999081e-03
1840          	OVC	-1.459138e-02	-6.612036e-03	-6.172647e-03
1840          	shield_slave	-1.433782e-02	-1.164643e-02	-3.999081e-03
1841          	OVC	-1.459138e-02	-6.612036e-03	-6.172647e-03
1841          	shield_slave	-1.433782e-02	-1.164643e-02	-3.999081e-03
1842          	OVC	-1.459138e-02	-6.612036e-03	-6.172647e-03
1842          	shield_slave	-1.433782e-02	-1.164643e-02	-3.999081e-03
1843          	OVC	-1.459138e-02	-6.612036e-03	-6.172647e-03
1843          	shield_slave	-1.433782e-02	-1.164643e-02	-3.999081e-03
1844          	OVC	-1.459138e-02	-6.612036e-03	-6.172647e-03
1844          	shield_slave	-1.433782e-02	-1.164643e-02	-3.999081e-03
1845          	OVC	-1.459138e-02	-6.612036e-03	-6.172647e-03
1845          	shield_slave	-1.433782e-02	-1.164643e-02	-3.999081e-03
1846          	OVC	-1.459138e-02	-6.612036e-03	-6.172647e-03
1846          	shield_slave	-1.433782e-02	-1.164643e-02	-3.999081e-03
1847          	OVC	-1.459138e-02	-6.612036e-03	-6.172647e-03
1847          	shield_slave	-1.433782e-02	-1.164643e-02	-3.999081e-03
1848          	OVC	-1.459138e-02	-6.612036e-03	-6.172647e-03
1848          	shield_slave	-1.433782e-02	-1.164643e-02	-3.999081e-03
1849          	OVC	-1.459138e-02	-6.612036e-03	-6.172647e-03
1849          	shield_slave	-1.433782e-02	-1.164643e-02	-3.999081e-03
1850          	OVC	-1.459138e-02	-6.612036e-03	-6.172647e-03
1850          	shield_slave	-1.433782e-02	-1.164643e-02	-3.999081e-03
1851          	OVC	-1.459138e-02	-6.612036e-03	-6.172647e-03
1851          	shield_slave	-1.433782e-02	-1.164643e-02	-3.999081e-03
1852          	OVC	-1.459138e-02	-6.612036e-03	-6.172647e-03
1852          	shield_slave	-1.433782e-02	-1.164643e-02	-3.999081e-03
1853          	OVC	-1.459138e-02	-6.612036e-03	-6.172647e-03
1853          	shield_slave	-1.433782e-02	-1.164643e-02	-3.999081e-03
1854          	OVC	-1.459138e-02	-6.612036e-03	-6.172647e-03
1854          	shield_slave	-1.433782e-02	-1.164643e-02	-3.999081e-03
1855          	OVC	-1.459138e-02	-6.612036e-03	-6.172647e-03
1855          	shield_slave	-1.433782e-02	-1.164643e-02	-3.999081e-03
1856          	OVC	-1.459138e-02	-6.612036e-03	-6.172647e-03
1856          	shield_slave	-1.433782e-02	-1.164643e-02	-3.999081e-03
1857          	OVC	-1.459138e-02	-6.612036e-03	-6.172647e-03
1857          	shield_slave	-1.433782e-02	-1.164643e-02	-3.999081e-03
1858          	OVC	-1.459138e-02	-6.612036e-03	-6.172647e-03
1858          	shield_slave	-1.433782e-02	-1.164643e-02	-3.999081e-03
1859          	OVC	-1.459138e-02	-6.612036e-03	-6.172647e-03
1859          	shield_slave	-1.433782e-02	-1.164643e-02	-3.999081e-03
1860          	OVC	-1.459138e-02	-6.612036e-03	-6.172647e-03
1860          	shield_slave	-1.433782e-02	-1.164643e-02	-3.999081e-03
1861          	OVC	-1.459138e-02	-6.612036e-03	-6.172647e-03
1861          	shield_slave	-1.433782e-02	-1.164643e-02	-3.999081e-03
1862          	OVC	-1.459138e-02	-6.612036e-03	-6.172647e-03
1862          	shield_slave	-1.433782e-02	-1.164643e-02	-3.999081e-03
1863          	OVC	-1.459138e-02	-6.612036e-03	-6.172647e-03
1863          	shield_slave	-1.433782e-02	-1.164643e-02	-3.999081e-03
1864          	OVC	-1.459138e-02	-6.612036e-03	-6.172647e-03
1864          	shield_slave	-1.433782e-02	-1.164643e-02	-3.999081e-03
1865          	OVC	-1.459138e-02	-6.612036e-03	-6.172647e-03
1865          	shield_slave	-1.433782e-02	-1.164643e-02	-3.999081e-03
1866          	OVC	-1.459138e-02	-6.612036e-03	-6.172647e-03
1866          	shield_slave	-1.433782e-02	-1.164643e-02	-3.999081e-03
1867          	OVC	-1.459138e-02	-6.612036e-03	-6.172647e-03
1867          	shield_slave	-1.433782e-02	-1.164643e-02	-3.999081e-03
1868          	OVC	-1.459138e-02	-6.612036e-03	-6.172647e-03
1868          	shield_slave	-1.433782e-02	-1.164643e-02	-3.999081e-03
1869          	OVC	-1.459138e-02	-6.612036e-03	-6.172647e-03
1869          	shield_slave	-1.433782e-02	-1.164643e-02	-3.999081e-03
1870          	OVC	-1.459138e-02	-6.612036e-03	-6.172647e-03
1870          	shield_slave	-1.433782e-02	-1.164643e-02	-3.999081e-03
1871          	OVC	-1.459138e-02	-6.612036e-03	-6.172647e-03
1871          	shield_slave	-1.433782e-02	-1.164643e-02	-3.999081e-03
1872          	OVC	-1.459138e-02	-6.612036e-03	-6.172647e-03
1872          	shield_slave	-1.433782e-02	-1.164643e-02	-3.999081e-03
1873          	OVC	-1.459138e-02	-6.612036e-03	-6.172647e-03
1873          	shield_slave	-1.433782e-02	-1.164643e-02	-3.999081e-03
1874          	OVC	-1.459138e-02	-6.612036e-03	-6.172647e-03
1874          	shield_slave	-1.433782e-02	-1.164643e-02	-3.999081e-03
1875          	OVC	-1.459138e-02	-6.612036e-03	-6.172647e-03
1875          	shield_slave	-1.433782e-02	-1.164643e-02	-3.999081e-03
1876          	OVC	-1.459138e-02	-6.612036e-03	-6.172647e-03
1876          	shield_slave	-1.433782e-02	-1.164643e-02	-3.999081e-03
1877          	OVC	-1.459138e-02	-6.612036e-03	-6.172647e-03
1877          	shield_slave	-1.433782e-02	-1.164643e-02	-3.999081e-03
1878          	OVC	-1.459138e-02	-6.612036e-03	-6.172647e-03
1878          	shield_slave	-1.433782e-02	-1.164643e-02	-3.999081e-03
1879          	OVC	-1.459138e-02	-6.612036e-03	-6.172647e-03
1879          	shield_slave	-1.433782e-02	-1.164643e-02	-3.999081e-03
1880          	OVC	-1.459138e-02	-6.612036e-03	-6.172647e-03
1880          	shield_slave	-1.433782e-02	-1.164643e-02	-3.999081e-03
1881          	OVC	-1.459138e-02	-6.612036e-03	-6.172647e-03
1881          	shield_slave	-1.433782e-02	-1.164643e-02	-3.999081e-03
1882          	OVC	-1.459138e-02	-6.612036e-03	-6.172647e-03
1882          	shield_slave	-1.433782e-02	-1.164643e-02	-3.999081e-03
1883          	OVC	-1.459138e-02	-6.612036e-03	-6.172647e-03
1883          	shield_slave	-1.433782e-02	-1.164643e-02	-3.999081e-03
1884          	OVC	-1.459138e-02	-6.612036e-03	-6.172647e-03
1884          	shield_slave	-1.433782e-02	-1.164643e-02	-3.999081e-03
1885          	OVC	-1.459138e-02	-6.612036e-03	-6.172647e-03
1885          	shield_slave	-1.433782e-02	-1.164643e-02	-3.999081e-03
1886          	OVC	-1.459138e-02	-6.612036e-03	-6.172647e-03
1886          	shield_slave	-1.433782e-02	-1.164643e-02	-3.999081e-03
1887          	OVC	-1.459138e-02	-6.612036e-03	-6.172647e-03
1887          	shield_slave	-1.433782e-02	-1.164643e-02	-3.999081e-03
1888          	OVC	-1.459138e-02	-6.612036e-03	-6.172647e-03
1888          	shield_slave	-1.433782e-02	-1.164643e-02	-3.999081e-03
1889          	OVC	-1.459138e-02	-6.612036e-03	-6.172647e-03
1889          	shield_slave	-1.433782e-02	-1.164643e-02	-3.999081e-03
1890          	OVC	-1.459138e-02	-6.612036e-03	-6.172647e-03
1890          	shield_slave	-1.433782e-02	-1.164643e-02	-3.999081e-03
1891          	OVC	-1.459138e-02	-6.612036e-03	-6.172647e-03
1891          	shield_slave	-1.433782e-02	-1.164643e-02	-3.999081e-03
1892          	OVC	-1.459138e-02	-6.612036e-03	-6.172647e-03
1892          	shield_slave	-1.433782e-02	-1.164643e-02	-3.999081e-03
1893          	OVC	-1.459138e-02	-6.612036e-03	-6.172647e-03
1893          	shield_slave	-1.433782e-02	-1.164643e-02	-3.999081e-03
1894          	OVC	-1.459138e-02	-6.612036e-03	-6.172647e-03
1894          	shield_slave	-1.433782e-02	-1.164643e-02	-3.999081e-03
1895          	OVC	-1.459138e-02	-6.612036e-03	-6.172647e-03
1895          	shield_slave	-1.433782e-02	-1.164643e-02	-3.999081e-03
1896          	OVC	-1.459138e-02	-6.612036e-03	-6.172647e-03
1896          	shield_slave	-1.433782e-02	-1.164643e-02	-3.999081e-03
1897          	OVC	-1.459138e-02	-6.612036e-03	-6.172647e-03
1897          	shield_slave	-1.433782e-02	-1.164643e-02	-3.999081e-03
1898          	OVC	-1.459138e-02	-6.612036e-03	-6.172647e-03
1898          	shield_slave	-1.433782e-02	-1.164643e-02	-3.999081e-03
1899          	OVC	-1.459138e-02	-6.612036e-03	-6.172647e-03
1899          	shield_slave	-1.433782e-02	-1.164643e-02	-3.999081e-03
1900          	OVC	-1.459138e-02	-6.612036e-03	-6.172647e-03
1900          	shield_slave	-1.433782e-02	-1.164643e-02	-3.999081e-03
1901          	OVC	-1.459138e-02	-6.612036e-03	-6.172647e-03
1901          	shield_slave	-1.433782e-02	-1.164643e-02	-3.999081e-03
1902          	OVC	-1.459138e-02	-6.612036e-03	-6.172647e-03
1902          	shield_slave	-1.433782e-02	-1.164643e-02	-3.999081e-03
1903          	OVC	-1.459138e-02	-6.612036e-03	-6.172647e-03
1903          	shield_slave	-1.433782e-02	-1.164643e-02	-3.999081e-03
1904          	OVC	-1.459138e-02	-6.612036e-03	-6.172647e-03
1904          	shield_slave	-1.433782e-02	-1.164643e-02	-3.999081e-03
1905          	OVC	-1.459138e-02	-6.612036e-03	-6.172647e-03
1905          	shield_slave	-1.433782e-02	-1.164643e-02	-3.999081e-03
1906          	OVC	-1.459138e-02	-6.612036e-03	-6.172647e-03
1906          	shield_slave	-1.433782e-02	-1.164643e-02	-3.999081e-03
1907          	OVC	-1.459138e-02	-6.612036e-03	-6.172647e-03
1907          	shield_slave	-1.433782e-02	-1.164643e-02	-3.999081e-03
1908          	OVC	-1.459138e-02	-6.612036e-03	-6.172647e-03
1908          	shield_slave	-1.433782e-02	-1.164643e-02	-3.999081e-03
1909          	OVC	-1.459138e-02	-6.612036e-03	-6.172647e-03
1909          	shield_slave	-1.433782e-02	-1.164643e-02	-3.999081e-03
1910          	OVC	-1.459138e-02	-6.612036e-03	-6.172647e-03
1910          	shield_slave	-1.433782e-02	-1.164643e-02	-3.999081e-03
1911          	OVC	-1.459138e-02	-6.612036e-03	-6.172647e-03
1911          	shield_slave	-1.433782e-02	-1.164643e-02	-3.999081e-03
1912          	OVC	-1.459138e-02	-6.612036e-03	-6.172647e-03
1912          	shield_slave	-1.433782e-02	-1.164643e-02	-3.999081e-03
1913          	OVC	-1.459138e-02	-6.612036e-03	-6.172647e-03
1913          	shield_slave	-1.433782e-02	-1.164643e-02	-3.999081e-03
1914          	OVC	-1.459138e-02	-6.612036e-03	-6.172647e-03
1914          	shield_slave	-1.433782e-02	-1.164643e-02	-3.999081e-03
1915          	OVC	-1.459138e-02	-6.612036e-03	-6.172647e-03
1915          	shield_slave	-1.433782e-02	-1.164643e-02	-3.999081e-03
1916          	OVC	-1.459138e-02	-6.612036e-03	-6.172647e-03
1916          	shield_slave	-1.433782e-02	-1.164643e-02	-3.999081e-03
1917          	OVC	-1.459138e-02	-6.612036e-03	-6.172647e-03
1917          	shield_slave	-1.433782e-02	-1.164643e-02	-3.999081e-03
1918          	OVC	-1.459138e-02	-6.612036e-03	-6.172647e-03
1918          	shield_slave	-1.433782e-02	-1.164643e-02	-3.999081e-03
1919          	OVC	-1.459138e-02	-6.612036e-03	-6.172647e-03
1919          	shield_slave	-1.433782e-02	-1.164643e-02	-3.999081e-03
1920          	OVC	-1.459138e-02	-6.612036e-03	-6.172647e-03
1920          	shield_slave	-1.433782e-02	-1.164643e-02	-3.999081e-03
1921          	OVC	-1.459138e-02	-6.612036e-03	-6.172647e-03
1921          	shield_slave	-1.433782e-02	-1.164643e-02	-3.999081e-03
1922          	OVC	-1.459138e-02	-6.612036e-03	-6.172647e-03
1922          	shield_slave	-1.433782e-02	-1.164643e-02	-3.999081e-03
1923          	OVC	-1.459138e-02	-6.612036e-03	-6.172647e-03
1923          	shield_slave	-1.433782e-02	-1.164643e-02	-3.999081e-03
1924          	OVC	-1.459138e-02	-6.612036e-03	-6.172647e-03
1924          	shield_slave	-1.433782e-02	-1.164643e-02	-3.999081e-03
1925          	OVC	-1.459138e-02	-6.612036e-03	-6.172647e-03
1925          	shield_slave	-1.433782e-02	-1.164643e-02	-3.999081e-03
1926          	OVC	-1.459138e-02	-6.612036e-03	-6.172647e-03
1926          	shield_slave	-1.433782e-02	-1.164643e-02	-3.999081e-03
1927          	OVC	-1.459138e-02	-6.612036e-03	-6.172647e-03
1927          	shield_slave	-1.433782e-02	-1.164643e-02	-3.999081e-03
1928          	OVC	-1.459138e-02	-6.612036e-03	-6.172647e-03
1928          	shield_slave	-1.433782e-02	-1.164643e-02	-3.999081e-03
1929          	OVC	-1.459138e-02	-6.612036e-03	-6.172647e-03
1929          	shield_slave	-1.433782e-02	-1.164643e-02	-3.999081e-03
1930          	OVC	-1.459138e-02	-6.612036e-03	-6.172647e-03
1930          	shield_slave	-1.433782e-02	-1.164643e-02	-3.999081e-03
1931          	OVC	-1.459138e-02	-6.612036e-03	-6.172647e-03
1931          	shield_slave	-1.433782e-02	-1.164643e-02	-3.999081e-03
1932          	OVC	-1.459138e-02	-6.612036e-03	-6.172647e-03
1932          	shield_slave	-1.433782e-02	-1.164643e-02	-3.999081e-03
1933          	OVC	-1.459138e-02	-6.612036e-03	-6.172647e-03
1933          	shield_slave	-1.433782e-02	-1.164643e-02	-3.999081e-03
1934          	OVC	-1.459138e-02	-6.612036e-03	-6.172647e-03
1934          	shield_slave	-1.433782e-02	-1.164643e-02	-3.999081e-03
1935          	OVC	-1.459138e-02	-6.612036e-03	-6.172647e-03
1935          	shield_slave	-1.433782e-02	-1.164643e-02	-3.999081e-03
1936          	OVC	-1.459138e-02	-6.612036e-03	-6.172647e-03
1936          	shield_slave	-1.433782e-02	-1.164643e-02	-3.999081e-03
1937          	OVC	-1.459138e-02	-6.612036e-03	-6.172647e-03
1937          	shield_slave	-1.433782e-02	-1.164643e-02	-3.999081e-03
1938          	OVC	-1.459138e-02	-6.612036e-03	-6.172647e-03
1938          	shield_slave	-1.433782e-02	-1.164643e-02	-3.999081e-03
1939          	OVC	-1.459138e-02	-6.612036e-03	-6.172647e-03
1939          	shield_slave	-1.433782e-02	-1.164643e-02	-3.999081e-03
1940          	OVC	-1.459138e-02	-6.612036e-03	-6.172647e-03
1940          	shield_slave	-1.433782e-02	-1.164643e-02	-3.999081e-03
1941          	OVC	-1.459138e-02	-6.612036e-03	-6.172647e-03
1941          	shield_slave	-1.433782e-02	-1.164643e-02	-3.999081e-03
1942          	OVC	-1.459138e-02	-6.612036e-03	-6.172647e-03
1942          	shield_slave	-1.433782e-02	-1.164643e-02	-3.999081e-03
1943          	OVC	-1.459138e-02	-6.612036e-03	-6.172647e-03
1943          	shield_slave	-1.433782e-02	-1.164643e-02	-3.999081e-03
1944          	OVC	-1.459138e-02	-6.612036e-03	-6.172647e-03
1944          	shield_slave	-1.433782e-02	-1.164643e-02	-3.999081e-03
1945          	OVC	-1.459138e-02	-6.612036e-03	-6.172647e-03
1945          	shield_slave	-1.433782e-02	-1.164643e-02	-3.999081e-03
1946          	OVC	-1.459138e-02	-6.612036e-03	-6.172647e-03
1946          	shield_slave	-1.433782e-02	-1.164643e-02	-3.999081e-03
1947          	OVC	-1.459138e-02	-6.612036e-03	-6.172647e-03
1947          	shield_slave	-1.433782e-02	-1.164643e-02	-3.999081e-03
1948          	OVC	-1.459138e-02	-6.612036e-03	-6.172647e-03
1948          	shield_slave	-1.433782e-02	-1.164643e-02	-3.999081e-03
1949          	OVC	-1.459138e-02	-6.612036e-03	-6.172647e-03
1949          	shield_slave	-1.433782e-02	-1.164643e-02	-3.999081e-03
1950          	OVC	-1.459138e-02	-6.612036e-03	-6.172647e-03
1950          	shield_slave	-1.433782e-02	-1.164643e-02	-3.999081e-03
1951          	OVC	-1.459138e-02	-6.612036e-03	-6.172647e-03
1951          	shield_slave	-1.433782e-02	-1.164643e-02	-3.999081e-03
1952          	OVC	-1.459138e-02	-6.612036e-03	-6.172647e-03
1952          	shield_slave	-1.433782e-02	-1.164643e-02	-3.999081e-03
1953          	OVC	-1.459138e-02	-6.612036e-03	-6.172647e-03
1953          	shield_slave	-1.433782e-02	-1.164643e-02	-3.999081e-03
1954          	OVC	-1.459138e-02	-6.612036e-03	-6.172647e-03
1954          	shield_slave	-1.433782e-02	-1.164643e-02	-3.999081e-03
1955          	OVC	-1.459138e-02	-6.612036e-03	-6.172647e-03
1955          	shield_slave	-1.433782e-02	-1.164643e-02	-3.999081e-03
1956          	OVC	-1.459138e-02	-6.612036e-03	-6.172647e-03
1956          	shield_slave	-1.433782e-02	-1.164643e-02	-3.999081e-03
1957          	OVC	-1.459138e-02	-6.612036e-03	-6.172647e-03
1957          	shield_slave	-1.433782e-02	-1.164643e-02	-3.999081e-03
1958          	OVC	-1.459138e-02	-6.612036e-03	-6.172647e-03
1958          	shield_slave	-1.433782e-02	-1.164643e-02	-3.999081e-03
1959          	OVC	-1.459138e-02	-6.612036e-03	-6.172647e-03
1959          	shield_slave	-1.433782e-02	-1.164643e-02	-3.999081e-03
1960          	OVC	-1.459138e-02	-6.612036e-03	-6.172647e-03
1960          	shield_slave	-1.433782e-02	-1.164643e-02	-3.999081e-03
1961          	OVC	-1.459138e-02	-6.612036e-03	-6.172647e-03
1961          	shield_slave	-1.433782e-02	-1.164643e-02	-3.999081e-03
1962          	OVC	-1.459138e-02	-6.612036e-03	-6.172647e-03
1962          	shield_slave	-1.433782e-02	-1.164643e-02	-3.999081e-03
1963          	OVC	-1.459138e-02	-6.612036e-03	-6.172647e-03
1963          	shield_slave	-1.433782e-02	-1.164643e-02	-3.999081e-03
1964          	OVC	-1.459138e-02	-6.612036e-03	-6.172647e-03
1964          	shield_slave	-1.433782e-02	-1.164643e-02	-3.999081e-03
1965          	OVC	-1.459138e-02	-6.612036e-03	-6.172647e-03
1965          	shield_slave	-1.433782e-02	-1.164643e-02	-3.999081e-03
1966          	OVC	-1.459138e-02	-6.612036e-03	-6.172647e-03
1966          	shield_slave	-1.433782e-02	-1.164643e-02	-3.999081e-03
1967          	OVC	-1.459138e-02	-6.612036e-03	-6.172647e-03
1967          	shield_slave	-1.433782e-02	-1.164643e-02	-3.999081e-03
1968          	OVC	-1.459138e-02	-6.612036e-03	-6.172647e-03
1968          	shield_slave	-1.433782e-02	-1.164643e-02	-3.999081e-03
1969          	OVC	-1.459138e-02	-6.612036e-03	-6.172647e-03
1969          	shield_slave	-1.433782e-02	-1.164643e-02	-3.999081e-03
1970          	OVC	-1.459138e-02	-6.612036e-03	-6.172647e-03
1970          	shield_slave	-1.433782e-02	-1.164643e-02	-3.999081e-03
1971          	OVC	-1.459138e-02	-6.612036e-03	-6.172647e-03
1971          	shield_slave	-1.433782e-02	-1.164643e-02	-3.999081e-03
1972          	OVC	-1.459138e-02	-6.612036e-03	-6.172647e-03
1972          	shield_slave	-1.433782e-02	-1.164643e-02	-3.999081e-03
1973          	OVC	-1.459138e-02	-6.612036e-03	-6.172647e-03
1973          	shield_slave	-1.433782e-02	-1.164643e-02	-3.999081e-03
1974          	OVC	-1.459138e-02	-6.612036e-03	-6.172647e-03
1974          	shield_slave	-1.433782e-02	-1.164643e-02	-3.999081e-03
1975          	OVC	-1.459138e-02	-6.612036e-03	-6.172647e-03
1975          	shield_slave	-1.433782e-02	-1.164643e-02	-3.999081e-03
1976          	OVC	-1.459138e-02	-6.612036e-03	-6.172647e-03
1976          	shield_slave	-1.433782e-02	-1.164643e-02	-3.999081e-03
1977          	OVC	-1.459138e-02	-6.612036e-03	-6.172647e-03
1977          	shield_slave	-1.433782e-02	-1.164643e-02	-3.999081e-03
1978          	OVC	-1.459138e-02	-6.612036e-03	-6.172647e-03
1978          	shield_slave	-1.433782e-02	-1.164643e-02	-3.999081e-03
1979          	OVC	-1.459138e-02	-6.612036e-03	-6.172647e-03
1979          	shield_slave	-1.433782e-02	-1.164643e-02	-3.999081e-03
1980          	OVC	-1.459138e-02	-6.612036e-03	-6.172647e-03
1980          	shield_slave	-1.433782e-02	-1.164643e-02	-3.999081e-03
1981          	OVC	-1.459138e-02	-6.612036e-03	-6.172647e-03
1981          	shield_slave	-1.433782e-02	-1.164643e-02	-3.999081e-03
1982          	OVC	-1.459138e-02	-6.612036e-03	-6.172647e-03
1982          	shield_slave	-1.433782e-02	-1.164643e-02	-3.999081e-03
1983          	OVC	-1.459138e-02	-6.612036e-03	-6.172647e-03
1983          	shield_slave	-1.433782e-02	-1.164643e-02	-3.999081e-03
1984          	OVC	-1.459138e-02	-6.612036e-03	-6.172647e-03
1984          	shield_slave	-1.433782e-02	-1.164643e-02	-3.999081e-03
1985          	OVC	-1.459138e-02	-6.612036e-03	-6.172647e-03
1985          	shield_slave	-1.433782e-02	-1.164643e-02	-3.999081e-03
1986          	OVC	-1.459138e-02	-6.612036e-03	-6.172647e-03
1986          	shield_slave	-1.433782e-02	-1.164643e-02	-3.999081e-03
1987          	OVC	-1.459138e-02	-6.612036e-03	-6.172647e-03
1987          	shield_slave	-1.433782e-02	-1.164643e-02	-3.999081e-03
1988          	OVC	-1.459138e-02	-6.612036e-03	-6.172647e-03
1988          	shield_slave	-1.433782e-02	-1.164643e-02	-3.999081e-03
1989          	OVC	-1.459138e-02	-6.612036e-03	-6.172647e-03
1989          	shield_slave	-1.433782e-02	-1.164643e-02	-3.999081e-03
1990          	OVC	-1.459138e-02	-6.612036e-03	-6.172647e-03
1990          	shield_slave	-1.433782e-02	-1.164643e-02	-3.999081e-03
1991          	OVC	-1.459138e-02	-6.612036e-03	-6.172647e-03
1991          	shield_slave	-1.433782e-02	-1.164643e-02	-3.999081e-03
1992          	OVC	-1.459138e-02	-6.612036e-03	-6.172647e-03
1992          	shield_slave	-1.433782e-02	-1.164643e-02	-3.999081e-03
1993          	OVC	-1.459138e-02	-6.612036e-03	-6.172647e-03
1993          	shield_slave	-1.433782e-02	-1.164643e-02	-3.999081e-03
1994          	OVC	-1.459138e-02	-6.612036e-03	-6.172647e-03
1994          	shield_slave	-1.433782e-02	-1.164643e-02	-3.999081e-03
1995          	OVC	-1.459138e-02	-6.612036e-03	-6.172647e-03
1995          	shield_slave	-1.433782e-02	-1.164643e-02	-3.999081e-03
1996          	OVC	-1.459138e-02	-6.612036e-03	-6.172647e-03
1996          	shield_slave	-1.433782e-02	-1.164643e-02	-3.999081e-03
1997          	OVC	-1.459138e-02	-6.612036e-03	-6.172647e-03
1997          	shield_slave	-1.433782e-02	-1.164643e-02	-3.999081e-03
1998          	OVC	-1.459138e-02	-6.612036e-03	-6.172647e-03
1998          	shield_slave	-1.433782e-02	-1.164643e-02	-3.999081e-03
1999          	OVC	-1.459138e-02	-6.612036e-03	-6.172647e-03
1999          	shield_slave	-1.433782e-02	-1.164643e-02	-3.999081e-03
2000          	OVC	-1.459138e-02	-6.612036e-03	-6.172647e-03
2000          	shield_slave	-1.433782e-02	-1.164643e-02	-3.999081e-03
2001          	OVC	-1.459138e-02	-6.612036e-03	-6.172647e-03
2001          	shield_slave	-1.433782e-02	-1.164643e-02	-3.999081e-03
2002          	OVC	-1.459138e-02	-6.612036e-03	-6.172647e-03
2002          	shield_slave	-1.433782e-02	-1.164643e-02	-3.999081e-03
2003          	OVC	-1.459138e-02	-6.612036e-03	-6.172647e-03
2003          	shield_slave	-1.433782e-02	-1.164643e-02	-3.999081e-03
2004          	OVC	-1.459138e-02	-6.612036e-03	-6.172647e-03
2004          	shield_slave	-1.433782e-02	-1.164643e-02	-3.999081e-03
2005          	OVC	-1.459138e-02	-6.612036e-03	-6.172647e-03
2005          	shield_slave	-1.433782e-02	-1.164643e-02	-3.999081e-03
2006          	OVC	-1.459138e-02	-6.612036e-03	-6.172647e-03
2006          	shield_slave	-1.433782e-02	-1.164643e-02	-3.999081e-03
2007          	OVC	-1.459138e-02	-6.612036e-03	-6.172647e-03
2007          	shield_slave	-1.433782e-02	-1.164643e-02	-3.999081e-03
2008          	OVC	-1.459138e-02	-6.612036e-03	-6.172647e-03
2008          	shield_slave	-1.433782e-02	-1.164643e-02	-3.999081e-03
2009          	OVC	-1.459138e-02	-6.612036e-03	-6.172647e-03
2009          	shield_slave	-1.433782e-02	-1.164643e-02	-3.999081e-03
2010          	OVC	-1.459138e-02	-6.612036e-03	-6.172647e-03
2010          	shield_slave	-1.433782e-02	-1.164643e-02	-3.999081e-03
2011          	OVC	-1.459138e-02	-6.612036e-03	-6.172647e-03
2011          	shield_slave	-1.433782e-02	-1.164643e-02	-3.999081e-03
2012          	OVC	-1.459138e-02	-6.612036e-03	-6.172647e-03
2012          	shield_slave	-1.433782e-02	-1.164643e-02	-3.999081e-03
2013          	OVC	-1.459138e-02	-6.612036e-03	-6.172647e-03
2013          	shield_slave	-1.433782e-02	-1.164643e-02	-3.999081e-03
2014          	OVC	-1.459138e-02	-6.612036e-03	-6.172647e-03
2014          	shield_slave	-1.433782e-02	-1.164643e-02	-3.999081e-03
2015          	OVC	-1.459138e-02	-6.612036e-03	-6.172647e-03
2015          	shield_slave	-1.433782e-02	-1.164643e-02	-3.999081e-03
2016          	OVC	-1.459138e-02	-6.612036e-03	-6.172647e-03
2016          	shield_slave	-1.433782e-02	-1.164643e-02	-3.999081e-03
2017          	OVC	-1.459138e-02	-6.612036e-03	-6.172647e-03
2017          	shield_slave	-1.433782e-02	-1.164643e-02	-3.999081e-03
2018          	OVC	-1.459138e-02	-6.612036e-03	-6.172647e-03
2018          	shield_slave	-1.433782e-02	-1.164643e-02	-3.999081e-03
2019          	OVC	-1.459138e-02	-6.612036e-03	-6.172647e-03
2019          	shield_slave	-1.433782e-02	-1.164643e-02	-3.999081e-03
2020          	OVC	-1.459138e-02	-6.612036e-03	-6.172647e-03
2020          	shield_slave	-1.433782e-02	-1.164643e-02	-3.999081e-03
2021          	OVC	-1.459138e-02	-6.612036e-03	-6.172647e-03
2021          	shield_slave	-1.433782e-02	-1.164643e-02	-3.999081e-03
2022          	OVC	-1.459138e-02	-6.612036e-03	-6.172647e-03
2022          	shield_slave	-1.433782e-02	-1.164643e-02	-3.999081e-03
2023          	OVC	-1.459138e-02	-6.612036e-03	-6.172647e-03
2023          	shield_slave	-1.433782e-02	-1.164643e-02	-3.999081e-03
2024          	OVC	-1.459138e-02	-6.612036e-03	-6.172647e-03
2024          	shield_slave	-1.433782e-02	-1.164643e-02	-3.999081e-03
2025          	OVC	-1.459138e-02	-6.612036e-03	-6.172647e-03
2025          	shield_slave	-1.433782e-02	-1.164643e-02	-3.999081e-03
2026          	OVC	-1.459138e-02	-6.612036e-03	-6.172647e-03
2026          	shield_slave	-1.433782e-02	-1.164643e-02	-3.999081e-03
2027          	OVC	-1.459138e-02	-6.612036e-03	-6.172647e-03
2027          	shield_slave	-1.433782e-02	-1.164643e-02	-3.999081e-03
2028          	OVC	-1.459138e-02	-6.612036e-03	-6.172647e-03
2028          	shield_slave	-1.433782e-02	-1.164643e-02	-3.999081e-03
2029          	OVC	-1.459138e-02	-6.612036e-03	-6.172647e-03
2029          	shield_slave	-1.433782e-02	-1.164643e-02	-3.999081e-03
2030          	OVC	-1.459138e-02	-6.612036e-03	-6.172647e-03
2030          	shield_slave	-1.433782e-02	-1.164643e-02	-3.999081e-03
2031          	OVC	-1.459138e-02	-6.612036e-03	-6.172647e-03
2031          	shield_slave	-1.433782e-02	-1.164643e-02	-3.999081e-03
2032          	OVC	-1.459138e-02	-6.612036e-03	-6.172647e-03
2032          	shield_slave	-1.433782e-02	-1.164643e-02	-3.999081e-03
2033          	OVC	-1.459138e-02	-6.612036e-03	-6.172647e-03
2033          	shield_slave	-1.433782e-02	-1.164643e-02	-3.999081e-03
2034          	OVC	-1.459138e-02	-6.612036e-03	-6.172647e-03
2034          	shield_slave	-1.433782e-02	-1.164643e-02	-3.999081e-03
2035          	OVC	-1.459138e-02	-6.612036e-03	-6.172647e-03
2035          	shield_slave	-1.433782e-02	-1.164643e-02	-3.999081e-03
2036          	OVC	-1.459138e-02	-6.612036e-03	-6.172647e-03
2036          	shield_slave	-1.433782e-02	-1.164643e-02	-3.999081e-03
2037          	OVC	-1.459138e-02	-6.612036e-03	-6.172647e-03
2037          	shield_slave	-1.433782e-02	-1.164643e-02	-3.999081e-03
2038          	OVC	-1.459138e-02	-6.612036e-03	-6.172647e-03
2038          	shield_slave	-1.433782e-02	-1.164643e-02	-3.999081e-03
2039          	OVC	-1.459138e-02	-6.612036e-03	-6.172647e-03
2039          	shield_slave	-1.433782e-02	-1.164643e-02	-3.999081e-03
2040          	OVC	-1.459138e-02	-6.612036e-03	-6.172647e-03
2040          	shield_slave	-1.433782e-02	-1.164643e-02	-3.999081e-03
2041          	OVC	-1.459138e-02	-6.612036e-03	-6.172647e-03
2041          	shield_slave	-1.433782e-02	-1.164643e-02	-3.999081e-03
2042          	OVC	-1.459138e-02	-6.612036e-03	-6.172647e-03
2042          	shield_slave	-1.433782e-02	-1.164643e-02	-3.999081e-03
2043          	OVC	-1.459138e-02	-6.612036e-03	-6.172647e-03
2043          	shield_slave	-1.433782e-02	-1.164643e-02	-3.999081e-03
2044          	OVC	-1.459138e-02	-6.612036e-03	-6.172647e-03
2044          	shield_slave	-1.433782e-02	-1.164643e-02	-3.999081e-03
2045          	OVC	-1.459138e-02	-6.612036e-03	-6.172647e-03
2045          	shield_slave	-1.433782e-02	-1.164643e-02	-3.999081e-03
2046          	OVC	-1.459138e-02	-6.612036e-03	-6.172647e-03
2046          	shield_slave	-1.433782e-02	-1.164643e-02	-3.999081e-03
2047          	OVC	-1.459138e-02	-6.612036e-03	-6.172647e-03
2047          	shield_slave	-1.433782e-02	-1.164643e-02	-3.999081e-03
2048          	OVC	-1.459138e-02	-6.612036e-03	-6.172647e-03
2048          	shield_slave	-1.433782e-02	-1.164643e-02	-3.999081e-03
2049          	OVC	-1.459138e-02	-6.612036e-03	-6.172647e-03
2049          	shield_slave	-1.433782e-02	-1.164643e-02	-3.999081e-03
2050          	OVC	-1.459138e-02	-6.612036e-03	-6.172647e-03
2050          	shield_slave	-1.433782e-02	-1.164643e-02	-3.999081e-03
2051          	OVC	-1.459138e-02	-6.612036e-03	-6.172647e-03
2051          	shield_slave	-1.433782e-02	-1.164643e-02	-3.999081e-03
2052          	OVC	-1.459138e-02	-6.612036e-03	-6.172647e-03
2052          	shield_slave	-1.433782e-02	-1.164643e-02	-3.999081e-03
2053          	OVC	-1.459138e-02	-6.612036e-03	-6.172647e-03
2053          	shield_slave	-1.433782e-02	-1.164643e-02	-3.999081e-03
2054          	OVC	-1.459138e-02	-6.612036e-03	-6.172647e-03
2054          	shield_slave	-1.433782e-02	-1.164643e-02	-3.999081e-03
2055          	OVC	-1.459138e-02	-6.612036e-03	-6.172647e-03
2055          	shield_slave	-1.433782e-02	-1.164643e-02	-3.999081e-03
2056          	OVC	-1.459138e-02	-6.612036e-03	-6.172647e-03
2056          	shield_slave	-1.433782e-02	-1.164643e-02	-3.999081e-03
2057          	OVC	-1.459138e-02	-6.612036e-03	-6.172647e-03
2057          	shield_slave	-1.433782e-02	-1.164643e-02	-3.999081e-03
2058          	OVC	-1.459138e-02	-6.612036e-03	-6.172647e-03
2058          	shield_slave	-1.433782e-02	-1.164643e-02	-3.999081e-03
2059          	OVC	-1.459138e-02	-6.612036e-03	-6.172647e-03
2059          	shield_slave	-1.433782e-02	-1.164643e-02	-3.999081e-03
2060          	OVC	-1.459138e-02	-6.612036e-03	-6.172647e-03
2060          	shield_slave	-1.433782e-02	-1.164643e-02	-3.999081e-03
2061          	OVC	-1.459138e-02	-6.612036e-03	-6.172647e-03
2061          	shield_slave	-1.433782e-02	-1.164643e-02	-3.999081e-03
2062          	OVC	-1.459138e-02	-6.612036e-03	-6.172647e-03
2062          	shield_slave	-1.433782e-02	-1.164643e-02	-3.999081e-03
2063          	OVC	-1.459138e-02	-6.612036e-03	-6.172647e-03
2063          	shield_slave	-1.433782e-02	-1.164643e-02	-3.999081e-03
2064          	OVC	-1.459138e-02	-6.612036e-03	-6.172647e-03
2064          	shield_slave	-1.433782e-02	-1.164643e-02	-3.999081e-03
2065          	OVC	-1.459138e-02	-6.612036e-03	-6.172647e-03
2065          	shield_slave	-1.433782e-02	-1.164643e-02	-3.999081e-03
2066          	OVC	-1.459138e-02	-6.612036e-03	-6.172647e-03
2066          	shield_slave	-1.433782e-02	-1.164643e-02	-3.999081e-03
2067          	OVC	-1.459138e-02	-6.612036e-03	-6.172647e-03
2067          	shield_slave	-1.433782e-02	-1.164643e-02	-3.999081e-03
2068          	OVC	-1.459138e-02	-6.612036e-03	-6.172647e-03
2068          	shield_slave	-1.433782e-02	-1.164643e-02	-3.999081e-03
2069          	OVC	-1.459138e-02	-6.612036e-03	-6.172647e-03
2069          	shield_slave	-1.433782e-02	-1.164643e-02	-3.999081e-03
2070          	OVC	-1.459138e-02	-6.612036e-03	-6.172647e-03
2070          	shield_slave	-1.433782e-02	-1.164643e-02	-3.999081e-03
2071          	OVC	-1.459138e-02	-6.612036e-03	-6.172647e-03
2071          	shield_slave	-1.433782e-02	-1.164643e-02	-3.999081e-03
2072          	OVC	-1.459138e-02	-6.612036e-03	-6.172647e-03
2072          	shield_slave	-1.433782e-02	-1.164643e-02	-3.999081e-03
2073          	OVC	-1.459138e-02	-6.612036e-03	-6.172647e-03
2073          	shield_slave	-1.433782e-02	-1.164643e-02	-3.999081e-03
2074          	OVC	-1.459138e-02	-6.612036e-03	-6.172647e-03
2074          	shield_slave	-1.433782e-02	-1.164643e-02	-3.999081e-03
2075          	OVC	-1.459138e-02	-6.612036e-03	-6.172647e-03
2075          	shield_slave	-1.433782e-02	-1.164643e-02	-3.999081e-03
2076          	OVC	-1.459138e-02	-6.612036e-03	-6.172647e-03
2076          	shield_slave	-1.433782e-02	-1.164643e-02	-3.999081e-03
2077          	OVC	-1.459138e-02	-6.612036e-03	-6.172647e-03
2077          	shield_slave	-1.433782e-02	-1.164643e-02	-3.999081e-03
2078          	OVC	-1.459138e-02	-6.612036e-03	-6.172647e-03
2078          	shield_slave	-1.433782e-02	-1.164643e-02	-3.999081e-03
2079          	OVC	-1.459138e-02	-6.612036e-03	-6.172647e-03
2079          	shield_slave	-1.433782e-02	-1.164643e-02	-3.999081e-03
2080          	OVC	-1.459138e-02	-6.612036e-03	-6.172647e-03
2080          	shield_slave	-1.433782e-02	-1.164643e-02	-3.999081e-03
2081          	OVC	-1.459138e-02	-6.612036e-03	-6.172647e-03
2081          	shield_slave	-1.433782e-02	-1.164643e-02	-3.999081e-03
2082          	OVC	-1.459138e-02	-6.612036e-03	-6.172647e-03
2082          	shield_slave	-1.433782e-02	-1.164643e-02	-3.999081e-03
2083          	OVC	-1.459138e-02	-6.612036e-03	-6.172647e-03
2083          	shield_slave	-1.433782e-02	-1.164643e-02	-3.999081e-03
2084          	OVC	-1.459138e-02	-6.612036e-03	-6.172647e-03
2084          	shield_slave	-1.433782e-02	-1.164643e-02	-3.999081e-03
2085          	OVC	-1.459138e-02	-6.612036e-03	-6.172647e-03
2085          	shield_slave	-1.433782e-02	-1.164643e-02	-3.999081e-03
2086          	OVC	-1.459138e-02	-6.612036e-03	-6.172647e-03
2086          	shield_slave	-1.433782e-02	-1.164643e-02	-3.999081e-03
2087          	OVC	-1.459138e-02	-6.612036e-03	-6.172647e-03
2087          	shield_slave	-1.433782e-02	-1.164643e-02	-3.999081e-03
2088          	OVC	-1.459138e-02	-6.612036e-03	-6.172647e-03
2088          	shield_slave	-1.433782e-02	-1.164643e-02	-3.999081e-03
2089          	OVC	-1.459138e-02	-6.612036e-03	-6.172647e-03
2089          	shield_slave	-1.433782e-02	-1.164643e-02	-3.999081e-03
2090          	OVC	-1.459138e-02	-6.612036e-03	-6.172647e-03
2090          	shield_slave	-1.433782e-02	-1.164643e-02	-3.999081e-03
2091          	OVC	-1.459138e-02	-6.612036e-03	-6.172647e-03
2091          	shield_slave	-1.433782e-02	-1.164643e-02	-3.999081e-03
2092          	OVC	-1.459138e-02	-6.612036e-03	-6.172647e-03
2092          	shield_slave	-1.433782e-02	-1.164643e-02	-3.999081e-03
2093          	OVC	-1.459138e-02	-6.612036e-03	-6.172647e-03
2093          	shield_slave	-1.433782e-02	-1.164643e-02	-3.999081e-03
2094          	OVC	-1.459138e-02	-6.612036e-03	-6.172647e-03
2094          	shield_slave	-1.433782e-02	-1.164643e-02	-3.999081e-03
2095          	OVC	-1.459138e-02	-6.612036e-03	-6.172647e-03
2095          	shield_slave	-1.433782e-02	-1.164643e-02	-3.999081e-03
2096          	OVC	-1.459138e-02	-6.612036e-03	-6.172647e-03
2096          	shield_slave	-1.433782e-02	-1.164643e-02	-3.999081e-03
2097          	OVC	-1.459138e-02	-6.612036e-03	-6.172647e-03
2097          	shield_slave	-1.433782e-02	-1.164643e-02	-3.999081e-03
2098          	OVC	-1.459138e-02	-6.612036e-03	-6.172647e-03
2098          	shield_slave	-1.433782e-02	-1.164643e-02	-3.999081e-03
2099          	OVC	-1.459138e-02	-6.612036e-03	-6.172647e-03
2099          	shield_slave	-1.433782e-02	-1.164643e-02	-3.999081e-03
2100          	OVC	-1.459138e-02	-6.612036e-03	-6.172647e-03
2100          	shield_slave	-1.433782e-02	-1.164643e-02	-3.999081e-03
2101          	OVC	-1.459138e-02	-6.612036e-03	-6.172647e-03
2101          	shield_slave	-1.433782e-02	-1.164643e-02	-3.999081e-03
2102          	OVC	-1.459138e-02	-6.612036e-03	-6.172647e-03
2102          	shield_slave	-1.433782e-02	-1.164643e-02	-3.999081e-03
2103          	OVC	-1.459138e-02	-6.612036e-03	-6.172647e-03
2103          	shield_slave	-1.433782e-02	-1.164643e-02	-3.999081e-03
2104          	OVC	-1.459138e-02	-6.612036e-03	-6.172647e-03
2104          	shield_slave	-1.433782e-02	-1.164643e-02	-3.999081e-03
2105          	OVC	-1.459138e-02	-6.612036e-03	-6.172647e-03
2105          	shield_slave	-1.433782e-02	-1.164643e-02	-3.999081e-03
2106          	OVC	-1.459138e-02	-6.612036e-03	-6.172647e-03
2106          	shield_slave	-1.433782e-02	-1.164643e-02	-3.999081e-03
2107          	OVC	-1.459138e-02	-6.612036e-03	-6.172647e-03
2107          	shield_slave	-1.433782e-02	-1.164643e-02	-3.999081e-03
2108          	OVC	-1.459138e-02	-6.612036e-03	-6.172647e-03
2108          	shield_slave	-1.433782e-02	-1.164643e-02	-3.999081e-03
2109          	OVC	-1.459138e-02	-6.612036e-03	-6.172647e-03
2109          	shield_slave	-1.433782e-02	-1.164643e-02	-3.999081e-03
2110          	OVC	-1.459138e-02	-6.612036e-03	-6.172647e-03
2110          	shield_slave	-1.433782e-02	-1.164643e-02	-3.999081e-03
2111          	OVC	-1.459138e-02	-6.612036e-03	-6.172647e-03
2111          	shield_slave	-1.433782e-02	-1.164643e-02	-3.999081e-03
2112          	OVC	-1.459138e-02	-6.612036e-03	-6.172647e-03
2112          	shield_slave	-1.433782e-02	-1.164643e-02	-3.999081e-03
2113          	OVC	-1.459138e-02	-6.612036e-03	-6.172647e-03
2113          	shield_slave	-1.433782e-02	-1.164643e-02	-3.999081e-03
2114          	OVC	-1.459138e-02	-6.612036e-03	-6.172647e-03
2114          	shield_slave	-1.433782e-02	-1.164643e-02	-3.999081e-03
2115          	OVC	-1.459138e-02	-6.612036e-03	-6.172647e-03
2115          	shield_slave	-1.433782e-02	-1.164643e-02	-3.999081e-03
2116          	OVC	-1.459138e-02	-6.612036e-03	-6.172647e-03
2116          	shield_slave	-1.433782e-02	-1.164643e-02	-3.999081e-03
2117          	OVC	-1.459138e-02	-6.612036e-03	-6.172647e-03
2117          	shield_slave	-1.433782e-02	-1.164643e-02	-3.999081e-03
2118          	OVC	-1.459138e-02	-6.612036e-03	-6.172647e-03
2118          	shield_slave	-1.433782e-02	-1.164643e-02	-3.999081e-03
2119          	OVC	-1.459138e-02	-6.612036e-03	-6.172647e-03
2119          	shield_slave	-1.433782e-02	-1.164643e-02	-3.999081e-03
2120          	OVC	-1.459138e-02	-6.612036e-03	-6.172647e-03
2120          	shield_slave	-1.433782e-02	-1.164643e-02	-3.999081e-03
2121          	OVC	-1.459138e-02	-6.612036e-03	-6.172647e-03
2121          	shield_slave	-1.433782e-02	-1.164643e-02	-3.999081e-03
2122          	OVC	-1.459138e-02	-6.612036e-03	-6.172647e-03
2122          	shield_slave	-1.433782e-02	-1.164643e-02	-3.999081e-03
2123          	OVC	-1.459138e-02	-6.612036e-03	-6.172647e-03
2123          	shield_slave	-1.433782e-02	-1.164643e-02	-3.999081e-03
2124          	OVC	-1.459138e-02	-6.612036e-03	-6.172647e-03
2124          	shield_slave	-1.433782e-02	-1.164643e-02	-3.999081e-03
2125          	OVC	-1.459138e-02	-6.612036e-03	-6.172647e-03
2125          	shield_slave	-1.433782e-02	-1.164643e-02	-3.999081e-03
2126          	OVC	-1.459138e-02	-6.612036e-03	-6.172647e-03
2126          	shield_slave	-1.433782e-02	-1.164643e-02	-3.999081e-03
2127          	OVC	-1.459138e-02	-6.612036e-03	-6.172647e-03
2127          	shield_slave	-1.433782e-02	-1.164643e-02	-3.999081e-03
2128          	OVC	-1.459138e-02	-6.612036e-03	-6.172647e-03
2128          	shield_slave	-1.433782e-02	-1.164643e-02	-3.999081e-03
2129          	OVC	-1.459138e-02	-6.612036e-03	-6.172647e-03
2129          	shield_slave	-1.433782e-02	-1.164643e-02	-3.999081e-03
2130          	OVC	-1.459138e-02	-6.612036e-03	-6.172647e-03
2130          	shield_slave	-1.433782e-02	-1.164643e-02	-3.999081e-03
2131          	OVC	-1.459138e-02	-6.612036e-03	-6.172647e-03
2131          	shield_slave	-1.433782e-02	-1.164643e-02	-3.999081e-03
2132          	OVC	-1.459138e-02	-6.612036e-03	-6.172647e-03
2132          	shield_slave	-1.433782e-02	-1.164643e-02	-3.999081e-03
2133          	OVC	-1.459138e-02	-6.612036e-03	-6.172647e-03
2133          	shield_slave	-1.433782e-02	-1.164643e-02	-3.999081e-03
2134          	OVC	-1.459138e-02	-6.612036e-03	-6.172647e-03
2134          	shield_slave	-1.433782e-02	-1.164643e-02	-3.999081e-03
2135          	OVC	-1.459138e-02	-6.612036e-03	-6.172647e-03
2135          	shield_slave	-1.433782e-02	-1.164643e-02	-3.999081e-03
2136          	OVC	-1.459138e-02	-6.612036e-03	-6.172647e-03
2136          	shield_slave	-1.433782e-02	-1.164643e-02	-3.999081e-03
2137          	OVC	-1.459138e-02	-6.612036e-03	-6.172647e-03
2137          	shield_slave	-1.433782e-02	-1.164643e-02	-3.999081e-03
2138          	OVC	-1.459138e-02	-6.612036e-03	-6.172647e-03
2138          	shield_slave	-1.433782e-02	-1.164643e-02	-3.999081e-03
2139          	OVC	-1.459138e-02	-6.612036e-03	-6.172647e-03
2139          	shield_slave	-1.433782e-02	-1.164643e-02	-3.999081e-03
2140          	OVC	-1.459138e-02	-6.612036e-03	-6.172647e-03
2140          	shield_slave	-1.433782e-02	-1.164643e-02	-3.999081e-03
2141          	OVC	-1.459138e-02	-6.612036e-03	-6.172647e-03
2141          	shield_slave	-1.433782e-02	-1.164643e-02	-3.999081e-03
2142          	OVC	-1.459138e-02	-6.612036e-03	-6.172647e-03
2142          	shield_slave	-1.433782e-02	-1.164643e-02	-3.999081e-03
2143          	OVC	-1.459138e-02	-6.612036e-03	-6.172647e-03
2143          	shield_slave	-1.433782e-02	-1.164643e-02	-3.999081e-03
2144          	OVC	-1.459138e-02	-6.612036e-03	-6.172647e-03
2144          	shield_slave	-1.433782e-02	-1.164643e-02	-3.999081e-03
2145          	OVC	-1.459138e-02	-6.612036e-03	-6.172647e-03
2145          	shield_slave	-1.433782e-02	-1.164643e-02	-3.999081e-03
2146          	OVC	-1.459138e-02	-6.612036e-03	-6.172647e-03
2146          	shield_slave	-1.433782e-02	-1.164643e-02	-3.999081e-03
2147          	OVC	-1.459138e-02	-6.612036e-03	-6.172647e-03
2147          	shield_slave	-1.433782e-02	-1.164643e-02	-3.999081e-03
2148          	OVC	-1.459138e-02	-6.612036e-03	-6.172647e-03
2148          	shield_slave	-1.433782e-02	-1.164643e-02	-3.999081e-03
2149          	OVC	-1.459138e-02	-6.612036e-03	-6.172647e-03
2149          	shield_slave	-1.433782e-02	-1.164643e-02	-3.999081e-03
2150          	OVC	-1.459138e-02	-6.612036e-03	-6.172647e-03
2150          	shield_slave	-1.433782e-02	-1.164643e-02	-3.999081e-03
2151          	OVC	-1.459138e-02	-6.612036e-03	-6.172647e-03
2151          	shield_slave	-1.433782e-02	-1.164643e-02	-3.999081e-03
2152          	OVC	-1.459138e-02	-6.612036e-03	-6.172647e-03
2152          	shield_slave	-1.433782e-02	-1.164643e-02	-3.999081e-03
2153          	OVC	-1.459138e-02	-6.612036e-03	-6.172647e-03
2153          	shield_slave	-1.433782e-02	-1.164643e-02	-3.999081e-03
2154          	OVC	-1.459138e-02	-6.612036e-03	-6.172647e-03
2154          	shield_slave	-1.433782e-02	-1.164643e-02	-3.999081e-03
2155          	OVC	-1.459138e-02	-6.612036e-03	-6.172647e-03
2155          	shield_slave	-1.433782e-02	-1.164643e-02	-3.999081e-03
2156          	OVC	-1.459138e-02	-6.612036e-03	-6.172647e-03
2156          	shield_slave	-1.433782e-02	-1.164643e-02	-3.999081e-03
2157          	OVC	-1.459138e-02	-6.612036e-03	-6.172647e-03
2157          	shield_slave	-1.433782e-02	-1.164643e-02	-3.999081e-03
2158          	OVC	-1.459138e-02	-6.612036e-03	-6.172647e-03
2158          	shield_slave	-1.433782e-02	-1.164643e-02	-3.999081e-03
2159          	OVC	-1.459138e-02	-6.612036e-03	-6.172647e-03
2159          	shield_slave	-1.433782e-02	-1.164643e-02	-3.999081e-03
2160          	OVC	-1.459138e-02	-6.612036e-03	-6.172647e-03
2160          	shield_slave	-1.433782e-02	-1.164643e-02	-3.999081e-03
2161          	OVC	-1.459138e-02	-6.612036e-03	-6.172647e-03
2161          	shield_slave	-1.433782e-02	-1.164643e-02	-3.999081e-03
2162          	OVC	-1.459138e-02	-6.612036e-03	-6.172647e-03
2162          	shield_slave	-1.433782e-02	-1.164643e-02	-3.999081e-03
2163          	OVC	-1.459138e-02	-6.612036e-03	-6.172647e-03
2163          	shield_slave	-1.433782e-02	-1.164643e-02	-3.999081e-03
2164          	OVC	-1.459138e-02	-6.612036e-03	-6.172647e-03
2164          	shield_slave	-1.433782e-02	-1.164643e-02	-3.999081e-03
2165          	OVC	-1.459138e-02	-6.612036e-03	-6.172647e-03
2165          	shield_slave	-1.433782e-02	-1.164643e-02	-3.999081e-03
2166          	OVC	-1.459138e-02	-6.612036e-03	-6.172647e-03
2166          	shield_slave	-1.433782e-02	-1.164643e-02	-3.999081e-03
2167          	OVC	-1.459138e-02	-6.612036e-03	-6.172647e-03
2167          	shield_slave	-1.433782e-02	-1.164643e-02	-3.999081e-03
2168          	OVC	-1.459138e-02	-6.612036e-03	-6.172647e-03
2168          	shield_slave	-1.433782e-02	-1.164643e-02	-3.999081e-03
2169          	OVC	-1.459138e-02	-6.612036e-03	-6.172647e-03
2169          	shield_slave	-1.433782e-02	-1.164643e-02	-3.999081e-03
2170          	OVC	-1.459138e-02	-6.612036e-03	-6.172647e-03
2170          	shield_slave	-1.433782e-02	-1.164643e-02	-3.999081e-03
2171          	OVC	-1.459138e-02	-6.612036e-03	-6.172647e-03
2171          	shield_slave	-1.433782e-02	-1.164643e-02	-3.999081e-03
2172          	OVC	-1.459138e-02	-6.612036e-03	-6.172647e-03
2172          	shield_slave	-1.433782e-02	-1.164643e-02	-3.999081e-03
2173          	OVC	-1.459138e-02	-6.612036e-03	-6.172647e-03
2173          	shield_slave	-1.433782e-02	-1.164643e-02	-3.999081e-03
2174          	OVC	-1.459138e-02	-6.612036e-03	-6.172647e-03
2174          	shield_slave	-1.433782e-02	-1.164643e-02	-3.999081e-03
2175          	OVC	-1.459138e-02	-6.612036e-03	-6.172647e-03
2175          	shield_slave	-1.433782e-02	-1.164643e-02	-3.999081e-03
2176          	OVC	-1.459138e-02	-6.612036e-03	-6.172647e-03
2176          	shield_slave	-1.433782e-02	-1.164643e-02	-3.999081e-03
2177          	OVC	-1.459138e-02	-6.612036e-03	-6.172647e-03
2177          	shield_slave	-1.433782e-02	-1.164643e-02	-3.999081e-03
2178          	OVC	-1.459138e-02	-6.612036e-03	-6.172647e-03
2178          	shield_slave	-1.433782e-02	-1.164643e-02	-3.999081e-03
2179          	OVC	-1.459138e-02	-6.612036e-03	-6.172647e-03
2179          	shield_slave	-1.433782e-02	-1.164643e-02	-3.999081e-03
2180          	OVC	-1.459138e-02	-6.612036e-03	-6.172647e-03
2180          	shield_slave	-1.433782e-02	-1.164643e-02	-3.999081e-03
2181          	OVC	-1.459138e-02	-6.612036e-03	-6.172647e-03
2181          	shield_slave	-1.433782e-02	-1.164643e-02	-3.999081e-03
2182          	OVC	-1.459138e-02	-6.612036e-03	-6.172647e-03
2182          	shield_slave	-1.433782e-02	-1.164643e-02	-3.999081e-03
2183          	OVC	-1.459138e-02	-6.612036e-03	-6.172647e-03
2183          	shield_slave	-1.433782e-02	-1.164643e-02	-3.999081e-03
2184          	OVC	-1.459138e-02	-6.612036e-03	-6.172647e-03
2184          	shield_slave	-1.433782e-02	-1.164643e-02	-3.999081e-03
2185          	OVC	-1.459138e-02	-6.612036e-03	-6.172647e-03
2185          	shield_slave	-1.433782e-02	-1.164643e-02	-3.999081e-03
2186          	OVC	-1.459138e-02	-6.612036e-03	-6.172647e-03
2186          	shield_slave	-1.433782e-02	-1.164643e-02	-3.999081e-03
2187          	OVC	-1.459138e-02	-6.612036e-03	-6.172647e-03
2187          	shield_slave	-1.433782e-02	-1.164643e-02	-3.999081e-03
2188          	OVC	-1.459138e-02	-6.612036e-03	-6.172647e-03
2188          	shield_slave	-1.433782e-02	-1.164643e-02	-3.999081e-03
2189          	OVC	-1.459138e-02	-6.612036e-03	-6.172647e-03
2189          	shield_slave	-1.433782e-02	-1.164643e-02	-3.999081e-03
2190          	OVC	-1.459138e-02	-6.612036e-03	-6.172647e-03
2190          	shield_slave	-1.433782e-02	-1.164643e-02	-3.999081e-03
2191          	OVC	-1.459138e-02	-6.612036e-03	-6.172647e-03
2191          	shield_slave	-1.433782e-02	-1.164643e-02	-3.999081e-03
2192          	OVC	-1.459138e-02	-6.612036e-03	-6.172647e-03
2192          	shield_slave	-1.433782e-02	-1.164643e-02	-3.999081e-03
2193          	OVC	-1.459138e-02	-6.612036e-03	-6.172647e-03
2193          	shield_slave	-1.433782e-02	-1.164643e-02	-3.999081e-03
2194          	OVC	-1.459138e-02	-6.612036e-03	-6.172647e-03
2194          	shield_slave	-1.433782e-02	-1.164643e-02	-3.999081e-03
2195          	OVC	-1.459138e-02	-6.612036e-03	-6.172647e-03
2195          	shield_slave	-1.433782e-02	-1.164643e-02	-3.999081e-03
2196          	OVC	-1.459138e-02	-6.612036e-03	-6.172647e-03
2196          	shield_slave	-1.433782e-02	-1.164643e-02	-3.999081e-03
2197          	OVC	-1.459138e-02	-6.612036e-03	-6.172647e-03
2197          	shield_slave	-1.433782e-02	-1.164643e-02	-3.999081e-03
2198          	OVC	-1.459138e-02	-6.612036e-03	-6.172647e-03
2198          	shield_slave	-1.433782e-02	-1.164643e-02	-3.999081e-03
2199          	OVC	-1.459138e-02	-6.612036e-03	-6.172647e-03
2199          	shield_slave	-1.433782e-02	-1.164643e-02	-3.999081e-03
2200          	OVC	-1.459138e-02	-6.612036e-03	-6.172647e-03
2200          	shield_slave	-1.433782e-02	-1.164643e-02	-3.999081e-03
2201          	OVC	-1.459138e-02	-6.612036e-03	-6.172647e-03
2201          	shield_slave	-1.433782e-02	-1.164643e-02	-3.999081e-03
2202          	OVC	-1.459138e-02	-6.612036e-03	-6.172647e-03
2202          	shield_slave	-1.433782e-02	-1.164643e-02	-3.999081e-03
2203          	OVC	-1.459138e-02	-6.612036e-03	-6.172647e-03
2203          	shield_slave	-1.433782e-02	-1.164643e-02	-3.999081e-03
2204          	OVC	-1.459138e-02	-6.612036e-03	-6.172647e-03
2204          	shield_slave	-1.433782e-02	-1.164643e-02	-3.999081e-03
2205          	OVC	-1.459138e-02	-6.612036e-03	-6.172647e-03
2205          	shield_slave	-1.433782e-02	-1.164643e-02	-3.999081e-03
2206          	OVC	-1.459138e-02	-6.612036e-03	-6.172647e-03
2206          	shield_slave	-1.433782e-02	-1.164643e-02	-3.999081e-03
2207          	OVC	-1.459138e-02	-6.612036e-03	-6.172647e-03
2207          	shield_slave	-1.433782e-02	-1.164643e-02	-3.999081e-03
2208          	OVC	-1.459138e-02	-6.612036e-03	-6.172647e-03
2208          	shield_slave	-1.433782e-02	-1.164643e-02	-3.999081e-03
2209          	OVC	-1.459138e-02	-6.612036e-03	-6.172647e-03
2209          	shield_slave	-1.433782e-02	-1.164643e-02	-3.999081e-03
2210          	OVC	-1.459138e-02	-6.612036e-03	-6.172647e-03
2210          	shield_slave	-1.433782e-02	-1.164643e-02	-3.999081e-03
2211          	OVC	-1.459138e-02	-6.612036e-03	-6.172647e-03
2211          	shield_slave	-1.433782e-02	-1.164643e-02	-3.999081e-03
2212          	OVC	-1.459138e-02	-6.612036e-03	-6.172647e-03
2212          	shield_slave	-1.433782e-02	-1.164643e-02	-3.999081e-03
2213          	OVC	-1.459138e-02	-6.612036e-03	-6.172647e-03
2213          	shield_slave	-1.433782e-02	-1.164643e-02	-3.999081e-03
2214          	OVC	-1.459138e-02	-6.612036e-03	-6.172647e-03
2214          	shield_slave	-1.433782e-02	-1.164643e-02	-3.999081e-03
2215          	OVC	-1.459138e-02	-6.612036e-03	-6.172647e-03
2215          	shield_slave	-1.433782e-02	-1.164643e-02	-3.999081e-03
2216          	OVC	-1.459138e-02	-6.612036e-03	-6.172647e-03
2216          	shield_slave	-1.433782e-02	-1.164643e-02	-3.999081e-03
2217          	OVC	-1.459138e-02	-6.612036e-03	-6.172647e-03
2217          	shield_slave	-1.433782e-02	-1.164643e-02	-3.999081e-03
2218          	OVC	-1.459138e-02	-6.612036e-03	-6.172647e-03
2218          	shield_slave	-1.433782e-02	-1.164643e-02	-3.999081e-03
2219          	OVC	-1.459138e-02	-6.612036e-03	-6.172647e-03
2219          	shield_slave	-1.433782e-02	-1.164643e-02	-3.999081e-03
2220          	OVC	-1.459138e-02	-6.612036e-03	-6.172647e-03
2220          	shield_slave	-1.433782e-02	-1.164643e-02	-3.999081e-03
2221          	OVC	-1.459138e-02	-6.612036e-03	-6.172647e-03
2221          	shield_slave	-1.433782e-02	-1.164643e-02	-3.999081e-03
2222          	OVC	-1.459138e-02	-6.612036e-03	-6.172647e-03
2222          	shield_slave	-1.433782e-02	-1.164643e-02	-3.999081e-03
2223          	OVC	-1.459138e-02	-6.612036e-03	-6.172647e-03
2223          	shield_slave	-1.433782e-02	-1.164643e-02	-3.999081e-03
2224          	OVC	-1.459138e-02	-6.612036e-03	-6.172647e-03
2224          	shield_slave	-1.433782e-02	-1.164643e-02	-3.999081e-03
2225          	OVC	-1.459138e-02	-6.612036e-03	-6.172647e-03
2225          	shield_slave	-1.433782e-02	-1.164643e-02	-3.999081e-03
2226          	OVC	-1.459138e-02	-6.612036e-03	-6.172647e-03
2226          	shield_slave	-1.433782e-02	-1.164643e-02	-3.999081e-03
2227          	OVC	-1.459138e-02	-6.612036e-03	-6.172647e-03
2227          	shield_slave	-1.433782e-02	-1.164643e-02	-3.999081e-03
2228          	OVC	-1.459138e-02	-6.612036e-03	-6.172647e-03
2228          	shield_slave	-1.433782e-02	-1.164643e-02	-3.999081e-03
2229          	OVC	-1.459138e-02	-6.612036e-03	-6.172647e-03
2229          	shield_slave	-1.433782e-02	-1.164643e-02	-3.999081e-03
2230          	OVC	-1.459138e-02	-6.612036e-03	-6.172647e-03
2230          	shield_slave	-1.433782e-02	-1.164643e-02	-3.999081e-03
2231          	OVC	-1.459138e-02	-6.612036e-03	-6.172647e-03
2231          	shield_slave	-1.433782e-02	-1.164643e-02	-3.999081e-03
2232          	OVC	-1.459138e-02	-6.612036e-03	-6.172647e-03
2232          	shield_slave	-1.433782e-02	-1.164643e-02	-3.999081e-03
2233          	OVC	-1.459138e-02	-6.612036e-03	-6.172647e-03
2233          	shield_slave	-1.433782e-02	-1.164643e-02	-3.999081e-03
2234          	OVC	-1.459138e-02	-6.612036e-03	-6.172647e-03
2234          	shield_slave	-1.433782e-02	-1.164643e-02	-3.999081e-03
2235          	OVC	-1.459138e-02	-6.612036e-03	-6.172647e-03
2235          	shield_slave	-1.433782e-02	-1.164643e-02	-3.999081e-03
2236          	OVC	-1.459138e-02	-6.612036e-03	-6.172647e-03
2236          	shield_slave	-1.433782e-02	-1.164643e-02	-3.999081e-03
2237          	OVC	-1.459138e-02	-6.612036e-03	-6.172647e-03
2237          	shield_slave	-1.433782e-02	-1.164643e-02	-3.999081e-03
2238          	OVC	-1.459138e-02	-6.612036e-03	-6.172647e-03
2238          	shield_slave	-1.433782e-02	-1.164643e-02	-3.999081e-03
2239          	OVC	-1.459138e-02	-6.612036e-03	-6.172647e-03
2239          	shield_slave	-1.433782e-02	-1.164643e-02	-3.999081e-03
2240          	OVC	-1.459138e-02	-6.612036e-03	-6.172647e-03
2240          	shield_slave	-1.433782e-02	-1.164643e-02	-3.999081e-03
2241          	OVC	-1.459138e-02	-6.612036e-03	-6.172647e-03
2241          	shield_slave	-1.433782e-02	-1.164643e-02	-3.999081e-03
2242          	OVC	-1.459138e-02	-6.612036e-03	-6.172647e-03
2242          	shield_slave	-1.433782e-02	-1.164643e-02	-3.999081e-03
2243          	OVC	-1.459138e-02	-6.612036e-03	-6.172647e-03
2243          	shield_slave	-1.433782e-02	-1.164643e-02	-3.999081e-03
2244          	OVC	-1.459138e-02	-6.612036e-03	-6.172647e-03
2244          	shield_slave	-1.433782e-02	-1.164643e-02	-3.999081e-03
2245          	OVC	-1.459138e-02	-6.612036e-03	-6.172647e-03
2245          	shield_slave	-1.433782e-02	-1.164643e-02	-3.999081e-03
2246          	OVC	-1.459138e-02	-6.612036e-03	-6.172647e-03
2246          	shield_slave	-1.433782e-02	-1.164643e-02	-3.999081e-03
2247          	OVC	-1.459138e-02	-6.612036e-03	-6.172647e-03
2247          	shield_slave	-1.433782e-02	-1.164643e-02	-3.999081e-03
2248          	OVC	-1.459138e-02	-6.612036e-03	-6.172647e-03
2248          	shield_slave	-1.433782e-02	-1.164643e-02	-3.999081e-03
2249          	OVC	-1.459138e-02	-6.612036e-03	-6.172647e-03
2249          	shield_slave	-1.433782e-02	-1.164643e-02	-3.999081e-03
2250          	OVC	-1.459138e-02	-6.612036e-03	-6.172647e-03
2250          	shield_slave	-1.433782e-02	-1.164643e-02	-3.999081e-03
2251          	OVC	-1.459138e-02	-6.612036e-03	-6.172647e-03
2251          	shield_slave	-1.433782e-02	-1.164643e-02	-3.999081e-03
2252          	OVC	-1.459138e-02	-6.612036e-03	-6.172647e-03
2252          	shield_slave	-1.433782e-02	-1.164643e-02	-3.999081e-03
2253          	OVC	-1.459138e-02	-6.612036e-03	-6.172647e-03
2253          	shield_slave	-1.433782e-02	-1.164643e-02	-3.999081e-03
2254          	OVC	-1.459138e-02	-6.612036e-03	-6.172647e-03
2254          	shield_slave	-1.433782e-02	-1.164643e-02	-3.999081e-03
2255          	OVC	-1.459138e-02	-6.612036e-03	-6.172647e-03
2255          	shield_slave	-1.433782e-02	-1.164643e-02	-3.999081e-03
2256          	OVC	-1.459138e-02	-6.612036e-03	-6.172647e-03
2256          	shield_slave	-1.433782e-02	-1.164643e-02	-3.999081e-03
2257          	OVC	-1.459138e-02	-6.612036e-03	-6.172647e-03
2257          	shield_slave	-1.433782e-02	-1.164643e-02	-3.999081e-03
2258          	OVC	-1.459138e-02	-6.612036e-03	-6.172647e-03
2258          	shield_slave	-1.433782e-02	-1.164643e-02	-3.999081e-03
2259          	OVC	-1.459138e-02	-6.612036e-03	-6.172647e-03
2259          	shield_slave	-1.433782e-02	-1.164643e-02	-3.999081e-03
2260          	OVC	-1.459138e-02	-6.612036e-03	-6.172647e-03
2260          	shield_slave	-1.433782e-02	-1.164643e-02	-3.999081e-03
2261          	OVC	-1.459138e-02	-6.612036e-03	-6.172647e-03
2261          	shield_slave	-1.433782e-02	-1.164643e-02	-3.999081e-03
2262          	OVC	-1.459138e-02	-6.612036e-03	-6.172647e-03
2262          	shield_slave	-1.433782e-02	-1.164643e-02	-3.999081e-03
2263          	OVC	-1.459138e-02	-6.612036e-03	-6.172647e-03
2263          	shield_slave	-1.433782e-02	-1.164643e-02	-3.999081e-03
2264          	OVC	-1.459138e-02	-6.612036e-03	-6.172647e-03
2264          	shield_slave	-1.433782e-02	-1.164643e-02	-3.999081e-03
2265          	OVC	-1.459138e-02	-6.612036e-03	-6.172647e-03
2265          	shield_slave	-1.433782e-02	-1.164643e-02	-3.999081e-03
2266          	OVC	-1.459138e-02	-6.612036e-03	-6.172647e-03
2266          	shield_slave	-1.433782e-02	-1.164643e-02	-3.999081e-03
2267          	OVC	-1.459138e-02	-6.612036e-03	-6.172647e-03
2267          	shield_slave	-1.433782e-02	-1.164643e-02	-3.999081e-03
2268          	OVC	-1.459138e-02	-6.612036e-03	-6.172647e-03
2268          	shield_slave	-1.433782e-02	-1.164643e-02	-3.999081e-03
2269          	OVC	-1.459138e-02	-6.612036e-03	-6.172647e-03
2269          	shield_slave	-1.433782e-02	-1.164643e-02	-3.999081e-03
2270          	OVC	-1.459138e-02	-6.612036e-03	-6.172647e-03
2270          	shield_slave	-1.433782e-02	-1.164643e-02	-3.999081e-03
2271          	OVC	-1.459138e-02	-6.612036e-03	-6.172647e-03
2271          	shield_slave	-1.433782e-02	-1.164643e-02	-3.999081e-03
2272          	OVC	-1.459138e-02	-6.612036e-03	-6.172647e-03
2272          	shield_slave	-1.433782e-02	-1.164643e-02	-3.999081e-03
2273          	OVC	-1.459138e-02	-6.612036e-03	-6.172647e-03
2273          	shield_slave	-1.433782e-02	-1.164643e-02	-3.999081e-03
2274          	OVC	-1.459138e-02	-6.612036e-03	-6.172647e-03
2274          	shield_slave	-1.433782e-02	-1.164643e-02	-3.999081e-03
2275          	OVC	-1.459138e-02	-6.612036e-03	-6.172647e-03
2275          	shield_slave	-1.433782e-02	-1.164643e-02	-3.999081e-03
2276          	OVC	-1.459138e-02	-6.612036e-03	-6.172647e-03
2276          	shield_slave	-1.433782e-02	-1.164643e-02	-3.999081e-03
2277          	OVC	-1.459138e-02	-6.612036e-03	-6.172647e-03
2277          	shield_slave	-1.433782e-02	-1.164643e-02	-3.999081e-03
2278          	OVC	-1.459138e-02	-6.612036e-03	-6.172647e-03
2278          	shield_slave	-1.433782e-02	-1.164643e-02	-3.999081e-03
2279          	OVC	-1.459138e-02	-6.612036e-03	-6.172647e-03
2279          	shield_slave	-1.433782e-02	-1.164643e-02	-3.999081e-03
2280          	OVC	-1.459138e-02	-6.612036e-03	-6.172647e-03
2280          	shield_slave	-1.433782e-02	-1.164643e-02	-3.999081e-03
2281          	OVC	-1.459138e-02	-6.612036e-03	-6.172647e-03
2281          	shield_slave	-1.433782e-02	-1.164643e-02	-3.999081e-03
2282          	OVC	-1.459138e-02	-6.612036e-03	-6.172647e-03
2282          	shield_slave	-1.433782e-02	-1.164643e-02	-3.999081e-03
2283          	OVC	-1.459138e-02	-6.612036e-03	-6.172647e-03
2283          	shield_slave	-1.433782e-02	-1.164643e-02	-3.999081e-03
2284          	OVC	-1.459138e-02	-6.612036e-03	-6.172647e-03
2284          	shield_slave	-1.433782e-02	-1.164643e-02	-3.999081e-03
2285          	OVC	-1.459138e-02	-6.612036e-03	-6.172647e-03
2285          	shield_slave	-1.433782e-02	-1.164643e-02	-3.999081e-03
2286          	OVC	-1.459138e-02	-6.612036e-03	-6.172647e-03
2286          	shield_slave	-1.433782e-02	-1.164643e-02	-3.999081e-03
2287          	OVC	-1.459138e-02	-6.612036e-03	-6.172647e-03
2287          	shield_slave	-1.433782e-02	-1.164643e-02	-3.999081e-03
2288          	OVC	-1.459138e-02	-6.612036e-03	-6.172647e-03
2288          	shield_slave	-1.433782e-02	-1.164643e-02	-3.999081e-03
2289          	OVC	-1.459138e-02	-6.612036e-03	-6.172647e-03
2289          	shield_slave	-1.433782e-02	-1.164643e-02	-3.999081e-03
2290          	OVC	-1.459138e-02	-6.612036e-03	-6.172647e-03
2290          	shield_slave	-1.433782e-02	-1.164643e-02	-3.999081e-03
2291          	OVC	-1.459138e-02	-6.612036e-03	-6.172647e-03
2291          	shield_slave	-1.433782e-02	-1.164643e-02	-3.999081e-03
2292          	OVC	-1.459138e-02	-6.612036e-03	-6.172647e-03
2292          	shield_slave	-1.433782e-02	-1.164643e-02	-3.999081e-03
2293          	OVC	-1.459138e-02	-6.612036e-03	-6.172647e-03
2293          	shield_slave	-1.433782e-02	-1.164643e-02	-3.999081e-03
2294          	OVC	-1.459138e-02	-6.612036e-03	-6.172647e-03
2294          	shield_slave	-1.433782e-02	-1.164643e-02	-3.999081e-03
2295          	OVC	-1.459138e-02	-6.612036e-03	-6.172647e-03
2295          	shield_slave	-1.433782e-02	-1.164643e-02	-3.999081e-03
2296          	OVC	-1.459138e-02	-6.612036e-03	-6.172647e-03
2296          	shield_slave	-1.433782e-02	-1.164643e-02	-3.999081e-03
2297          	OVC	-1.459138e-02	-6.612036e-03	-6.172647e-03
2297          	shield_slave	-1.433782e-02	-1.164643e-02	-3.999081e-03
2298          	OVC	-1.459138e-02	-6.612036e-03	-6.172647e-03
2298          	shield_slave	-1.433782e-02	-1.164643e-02	-3.999081e-03
2299          	OVC	-1.459138e-02	-6.612036e-03	-6.172647e-03
2299          	shield_slave	-1.433782e-02	-1.164643e-02	-3.999081e-03
2300          	OVC	-1.459138e-02	-6.612036e-03	-6.172647e-03
2300          	shield_slave	-1.433782e-02	-1.164643e-02	-3.999081e-03
2301          	OVC	-1.459138e-02	-6.612036e-03	-6.172647e-03
2301          	shield_slave	-1.433782e-02	-1.164643e-02	-3.999081e-03
2302          	OVC	-1.459138e-02	-6.612036e-03	-6.172647e-03
2302          	shield_slave	-1.433782e-02	-1.164643e-02	-3.999081e-03
2303          	OVC	-1.459138e-02	-6.612036e-03	-6.172647e-03
2303          	shield_slave	-1.433782e-02	-1.164643e-02	-3.999081e-03
2304          	OVC	-1.459138e-02	-6.612036e-03	-6.172647e-03
2304          	shield_slave	-1.433782e-02	-1.164643e-02	-3.999081e-03
2305          	OVC	-1.459138e-02	-6.612036e-03	-6.172647e-03
2305          	shield_slave	-1.433782e-02	-1.164643e-02	-3.999081e-03
2306          	OVC	-1.459138e-02	-6.612036e-03	-6.172647e-03
2306          	shield_slave	-1.433782e-02	-1.164643e-02	-3.999081e-03
2307          	OVC	-1.459138e-02	-6.612036e-03	-6.172647e-03
2307          	shield_slave	-1.433782e-02	-1.164643e-02	-3.999081e-03
2308          	OVC	-1.459138e-02	-6.612036e-03	-6.172647e-03
2308          	shield_slave	-1.433782e-02	-1.164643e-02	-3.999081e-03
2309          	OVC	-1.459138e-02	-6.612036e-03	-6.172647e-03
2309          	shield_slave	-1.433782e-02	-1.164643e-02	-3.999081e-03
2310          	OVC	-1.459138e-02	-6.612036e-03	-6.172647e-03
2310          	shield_slave	-1.433782e-02	-1.164643e-02	-3.999081e-03
2311          	OVC	-1.459138e-02	-6.612036e-03	-6.172647e-03
2311          	shield_slave	-1.433782e-02	-1.164643e-02	-3.999081e-03
2312          	OVC	-1.459138e-02	-6.612036e-03	-6.172647e-03
2312          	shield_slave	-1.433782e-02	-1.164643e-02	-3.999081e-03
2313          	OVC	-1.459138e-02	-6.612036e-03	-6.172647e-03
2313          	shield_slave	-1.433782e-02	-1.164643e-02	-3.999081e-03
2314          	OVC	-1.459138e-02	-6.612036e-03	-6.172647e-03
2314          	shield_slave	-1.433782e-02	-1.164643e-02	-3.999081e-03
2315          	OVC	-1.459138e-02	-6.612036e-03	-6.172647e-03
2315          	shield_slave	-1.433782e-02	-1.164643e-02	-3.999081e-03
2316          	OVC	-1.459138e-02	-6.612036e-03	-6.172647e-03
2316          	shield_slave	-1.433782e-02	-1.164643e-02	-3.999081e-03
2317          	OVC	-1.459138e-02	-6.612036e-03	-6.172647e-03
2317          	shield_slave	-1.433782e-02	-1.164643e-02	-3.999081e-03
2318          	OVC	-1.459138e-02	-6.612036e-03	-6.172647e-03
2318          	shield_slave	-1.433782e-02	-1.164643e-02	-3.999081e-03
2319          	OVC	-1.459138e-02	-6.612036e-03	-6.172647e-03
2319          	shield_slave	-1.433782e-02	-1.164643e-02	-3.999081e-03
2320          	OVC	-1.459138e-02	-6.612036e-03	-6.172647e-03
2320          	shield_slave	-1.433782e-02	-1.164643e-02	-3.999081e-03
2321          	OVC	-1.459138e-02	-6.612036e-03	-6.172647e-03
2321          	shield_slave	-1.433782e-02	-1.164643e-02	-3.999081e-03
2322          	OVC	-1.459138e-02	-6.612036e-03	-6.172647e-03
2322          	shield_slave	-1.433782e-02	-1.164643e-02	-3.999081e-03
2323          	OVC	-1.459138e-02	-6.612036e-03	-6.172647e-03
2323          	shield_slave	-1.433782e-02	-1.164643e-02	-3.999081e-03
2324          	OVC	-1.459138e-02	-6.612036e-03	-6.172647e-03
2324          	shield_slave	-1.433782e-02	-1.164643e-02	-3.999081e-03
2325          	OVC	-1.459138e-02	-6.612036e-03	-6.172647e-03
2325          	shield_slave	-1.433782e-02	-1.164643e-02	-3.999081e-03
2326          	OVC	-1.459138e-02	-6.612036e-03	-6.172647e-03
2326          	shield_slave	-1.433782e-02	-1.164643e-02	-3.999081e-03
2327          	OVC	-1.459138e-02	-6.612036e-03	-6.172647e-03
2327          	shield_slave	-1.433782e-02	-1.164643e-02	-3.999081e-03
2328          	OVC	-1.459138e-02	-6.612036e-03	-6.172647e-03
2328          	shield_slave	-1.433782e-02	-1.164643e-02	-3.999081e-03
2329          	OVC	-1.459138e-02	-6.612036e-03	-6.172647e-03
2329          	shield_slave	-1.433782e-02	-1.164643e-02	-3.999081e-03
2330          	OVC	-1.459138e-02	-6.612036e-03	-6.172647e-03
2330          	shield_slave	-1.433782e-02	-1.164643e-02	-3.999081e-03
2331          	OVC	-1.459138e-02	-6.612036e-03	-6.172647e-03
2331          	shield_slave	-1.433782e-02	-1.164643e-02	-3.999081e-03
2332          	OVC	-1.459138e-02	-6.612036e-03	-6.172647e-03
2332          	shield_slave	-1.433782e-02	-1.164643e-02	-3.999081e-03
2333          	OVC	-1.459138e-02	-6.612036e-03	-6.172647e-03
2333          	shield_slave	-1.433782e-02	-1.164643e-02	-3.999081e-03
2334          	OVC	-1.459138e-02	-6.612036e-03	-6.172647e-03
2334          	shield_slave	-1.433782e-02	-1.164643e-02	-3.999081e-03
2335          	OVC	-1.459138e-02	-6.612036e-03	-6.172647e-03
2335          	shield_slave	-1.433782e-02	-1.164643e-02	-3.999081e-03
2336          	OVC	-1.459138e-02	-6.612036e-03	-6.172647e-03
2336          	shield_slave	-1.433782e-02	-1.164643e-02	-3.999081e-03
2337          	OVC	-1.459138e-02	-6.612036e-03	-6.172647e-03
2337          	shield_slave	-1.433782e-02	-1.164643e-02	-3.999081e-03
2338          	OVC	-1.459138e-02	-6.612036e-03	-6.172647e-03
2338          	shield_slave	-1.433782e-02	-1.164643e-02	-3.999081e-03
2339          	OVC	-1.459138e-02	-6.612036e-03	-6.172647e-03
2339          	shield_slave	-1.433782e-02	-1.164643e-02	-3.999081e-03
2340          	OVC	-1.459138e-02	-6.612036e-03	-6.172647e-03
2340          	shield_slave	-1.433782e-02	-1.164643e-02	-3.999081e-03
2341          	OVC	-1.459138e-02	-6.612036e-03	-6.172647e-03
2341          	shield_slave	-1.433782e-02	-1.164643e-02	-3.999081e-03
2342          	OVC	-1.459138e-02	-6.612036e-03	-6.172647e-03
2342          	shield_slave	-1.433782e-02	-1.164643e-02	-3.999081e-03
2343          	OVC	-1.459138e-02	-6.612036e-03	-6.172647e-03
2343          	shield_slave	-1.433782e-02	-1.164643e-02	-3.999081e-03
2344          	OVC	-1.459138e-02	-6.612036e-03	-6.172647e-03
2344          	shield_slave	-1.433782e-02	-1.164643e-02	-3.999081e-03
2345          	OVC	-1.459138e-02	-6.612036e-03	-6.172647e-03
2345          	shield_slave	-1.433782e-02	-1.164643e-02	-3.999081e-03
2346          	OVC	-1.459138e-02	-6.612036e-03	-6.172647e-03
2346          	shield_slave	-1.433782e-02	-1.164643e-02	-3.999081e-03
2347          	OVC	-1.459138e-02	-6.612036e-03	-6.172647e-03
2347          	shield_slave	-1.433782e-02	-1.164643e-02	-3.999081e-03
2348          	OVC	-1.459138e-02	-6.612036e-03	-6.172647e-03
2348          	shield_slave	-1.433782e-02	-1.164643e-02	-3.999081e-03
2349          	OVC	-1.459138e-02	-6.612036e-03	-6.172647e-03
2349          	shield_slave	-1.433782e-02	-1.164643e-02	-3.999081e-03
2350          	OVC	-1.459138e-02	-6.612036e-03	-6.172647e-03
2350          	shield_slave	-1.433782e-02	-1.164643e-02	-3.999081e-03
2351          	OVC	-1.459138e-02	-6.612036e-03	-6.172647e-03
2351          	shield_slave	-1.433782e-02	-1.164643e-02	-3.999081e-03
2352          	OVC	-1.459138e-02	-6.612036e-03	-6.172647e-03
2352          	shield_slave	-1.433782e-02	-1.164643e-02	-3.999081e-03
2353          	OVC	-1.459138e-02	-6.612036e-03	-6.172647e-03
2353          	shield_slave	-1.433782e-02	-1.164643e-02	-3.999081e-03
2354          	OVC	-1.459138e-02	-6.612036e-03	-6.172647e-03
2354          	shield_slave	-1.433782e-02	-1.164643e-02	-3.999081e-03
2355          	OVC	-1.459138e-02	-6.612036e-03	-6.172647e-03
2355          	shield_slave	-1.433782e-02	-1.164643e-02	-3.999081e-03
2356          	OVC	-1.459138e-02	-6.612036e-03	-6.172647e-03
2356          	shield_slave	-1.433782e-02	-1.164643e-02	-3.999081e-03
2357          	OVC	-1.459138e-02	-6.612036e-03	-6.172647e-03
2357          	shield_slave	-1.433782e-02	-1.164643e-02	-3.999081e-03
2358          	OVC	-1.459138e-02	-6.612036e-03	-6.172647e-03
2358          	shield_slave	-1.433782e-02	-1.164643e-02	-3.999081e-03
2359          	OVC	-1.459138e-02	-6.612036e-03	-6.172647e-03
2359          	shield_slave	-1.433782e-02	-1.164643e-02	-3.999081e-03
2360          	OVC	-1.459138e-02	-6.612036e-03	-6.172647e-03
2360          	shield_slave	-1.433782e-02	-1.164643e-02	-3.999081e-03
2361          	OVC	-1.459138e-02	-6.612036e-03	-6.172647e-03
2361          	shield_slave	-1.433782e-02	-1.164643e-02	-3.999081e-03
2362          	OVC	-1.459138e-02	-6.612036e-03	-6.172647e-03
2362          	shield_slave	-1.433782e-02	-1.164643e-02	-3.999081e-03
2363          	OVC	-1.459138e-02	-6.612036e-03	-6.172647e-03
2363          	shield_slave	-1.433782e-02	-1.164643e-02	-3.999081e-03
2364          	OVC	-1.459138e-02	-6.612036e-03	-6.172647e-03
2364          	shield_slave	-1.433782e-02	-1.164643e-02	-3.999081e-03
2365          	OVC	-1.459138e-02	-6.612036e-03	-6.172647e-03
2365          	shield_slave	-1.433782e-02	-1.164643e-02	-3.999081e-03
2366          	OVC	-1.459138e-02	-6.612036e-03	-6.172647e-03
2366          	shield_slave	-1.433782e-02	-1.164643e-02	-3.999081e-03
2367          	OVC	-1.459138e-02	-6.612036e-03	-6.172647e-03
2367          	shield_slave	-1.433782e-02	-1.164643e-02	-3.999081e-03
2368          	OVC	-1.459138e-02	-6.612036e-03	-6.172647e-03
2368          	shield_slave	-1.433782e-02	-1.164643e-02	-3.999081e-03
2369          	OVC	-1.459138e-02	-6.612036e-03	-6.172647e-03
2369          	shield_slave	-1.433782e-02	-1.164643e-02	-3.999081e-03
2370          	OVC	-1.459138e-02	-6.612036e-03	-6.172647e-03
2370          	shield_slave	-1.433782e-02	-1.164643e-02	-3.999081e-03
2371          	OVC	-1.459138e-02	-6.612036e-03	-6.172647e-03
2371          	shield_slave	-1.433782e-02	-1.164643e-02	-3.999081e-03
2372          	OVC	-1.459138e-02	-6.612036e-03	-6.172647e-03
2372          	shield_slave	-1.433782e-02	-1.164643e-02	-3.999081e-03
2373          	OVC	-1.459138e-02	-6.612036e-03	-6.172647e-03
2373          	shield_slave	-1.433782e-02	-1.164643e-02	-3.999081e-03
2374          	OVC	-1.459138e-02	-6.612036e-03	-6.172647e-03
2374          	shield_slave	-1.433782e-02	-1.164643e-02	-3.999081e-03
2375          	OVC	-1.459138e-02	-6.612036e-03	-6.172647e-03
2375          	shield_slave	-1.433782e-02	-1.164643e-02	-3.999081e-03
2376          	OVC	-1.459138e-02	-6.612036e-03	-6.172647e-03
2376          	shield_slave	-1.433782e-02	-1.164643e-02	-3.999081e-03
2377          	OVC	-1.459138e-02	-6.612036e-03	-6.172647e-03
2377          	shield_slave	-1.433782e-02	-1.164643e-02	-3.999081e-03
2378          	OVC	-1.459138e-02	-6.612036e-03	-6.172647e-03
2378          	shield_slave	-1.433782e-02	-1.164643e-02	-3.999081e-03
2379          	OVC	-1.459138e-02	-6.612036e-03	-6.172647e-03
2379          	shield_slave	-1.433782e-02	-1.164643e-02	-3.999081e-03
2380          	OVC	-1.459138e-02	-6.612036e-03	-6.172647e-03
2380          	shield_slave	-1.433782e-02	-1.164643e-02	-3.999081e-03
2381          	OVC	-1.459138e-02	-6.612036e-03	-6.172647e-03
2381          	shield_slave	-1.433782e-02	-1.164643e-02	-3.999081e-03
2382          	OVC	-1.459138e-02	-6.612036e-03	-6.172647e-03
2382          	shield_slave	-1.433782e-02	-1.164643e-02	-3.999081e-03
2383          	OVC	-1.459138e-02	-6.612036e-03	-6.172647e-03
2383          	shield_slave	-1.433782e-02	-1.164643e-02	-3.999081e-03
2384          	OVC	-1.459138e-02	-6.612036e-03	-6.172647e-03
2384          	shield_slave	-1.433782e-02	-1.164643e-02	-3.999081e-03
2385          	OVC	-1.459138e-02	-6.612036e-03	-6.172647e-03
2385          	shield_slave	-1.433782e-02	-1.164643e-02	-3.999081e-03
2386          	OVC	-1.459138e-02	-6.612036e-03	-6.172647e-03
2386          	shield_slave	-1.433782e-02	-1.164643e-02	-3.999081e-03
2387          	OVC	-1.459138e-02	-6.612036e-03	-6.172647e-03
2387          	shield_slave	-1.433782e-02	-1.164643e-02	-3.999081e-03
2388          	OVC	-1.459138e-02	-6.612036e-03	-6.172647e-03
2388          	shield_slave	-1.433782e-02	-1.164643e-02	-3.999081e-03
2389          	OVC	-1.459138e-02	-6.612036e-03	-6.172647e-03
2389          	shield_slave	-1.433782e-02	-1.164643e-02	-3.999081e-03
2390          	OVC	-1.459138e-02	-6.612036e-03	-6.172647e-03
2390          	shield_slave	-1.433782e-02	-1.164643e-02	-3.999081e-03
2391          	OVC	-1.459138e-02	-6.612036e-03	-6.172647e-03
2391          	shield_slave	-1.433782e-02	-1.164643e-02	-3.999081e-03
2392          	OVC	-1.459138e-02	-6.612036e-03	-6.172647e-03
2392          	shield_slave	-1.433782e-02	-1.164643e-02	-3.999081e-03
2393          	OVC	-1.459138e-02	-6.612036e-03	-6.172647e-03
2393          	shield_slave	-1.433782e-02	-1.164643e-02	-3.999081e-03
2394          	OVC	-1.459138e-02	-6.612036e-03	-6.172647e-03
2394          	shield_slave	-1.433782e-02	-1.164643e-02	-3.999081e-03
2395          	OVC	-1.459138e-02	-6.612036e-03	-6.172647e-03
2395          	shield_slave	-1.433782e-02	-1.164643e-02	-3.999081e-03
2396          	OVC	-1.459138e-02	-6.612036e-03	-6.172647e-03
2396          	shield_slave	-1.433782e-02	-1.164643e-02	-3.999081e-03
2397          	OVC	-1.459138e-02	-6.612036e-03	-6.172647e-03
2397          	shield_slave	-1.433782e-02	-1.164643e-02	-3.999081e-03
2398          	OVC	-1.459138e-02	-6.612036e-03	-6.172647e-03
2398          	shield_slave	-1.433782e-02	-1.164643e-02	-3.999081e-03
2399          	OVC	-1.459138e-02	-6.612036e-03	-6.172647e-03
2399          	shield_slave	-1.433782e-02	-1.164643e-02	-3.999081e-03
2400          	OVC	-1.459138e-02	-6.612036e-03	-6.172647e-03
2400          	shield_slave	-1.433782e-02	-1.164643e-02	-3.999081e-03
2401          	OVC	-1.459138e-02	-6.612036e-03	-6.172647e-03
2401          	shield_slave	-1.433782e-02	-1.164643e-02	-3.999081e-03
2402          	OVC	-1.459138e-02	-6.612036e-03	-6.172647e-03
2402          	shield_slave	-1.433782e-02	-1.164643e-02	-3.999081e-03
2403          	OVC	-1.459138e-02	-6.612036e-03	-6.172647e-03
2403          	shield_slave	-1.433782e-02	-1.164643e-02	-3.999081e-03
2404          	OVC	-1.459138e-02	-6.612036e-03	-6.172647e-03
2404          	shield_slave	-1.433782e-02	-1.164643e-02	-3.999081e-03
2405          	OVC	-1.459138e-02	-6.612036e-03	-6.172647e-03
2405          	shield_slave	-1.433782e-02	-1.164643e-02	-3.999081e-03
2406          	OVC	-1.459138e-02	-6.612036e-03	-6.172647e-03
2406          	shield_slave	-1.433782e-02	-1.164643e-02	-3.999081e-03
2407          	OVC	-1.459138e-02	-6.612036e-03	-6.172647e-03
2407          	shield_slave	-1.433782e-02	-1.164643e-02	-3.999081e-03
2408          	OVC	-1.459138e-02	-6.612036e-03	-6.172647e-03
2408          	shield_slave	-1.433782e-02	-1.164643e-02	-3.999081e-03
2409          	OVC	-1.459138e-02	-6.612036e-03	-6.172647e-03
2409          	shield_slave	-1.433782e-02	-1.164643e-02	-3.999081e-03
2410          	OVC	-1.459138e-02	-6.612036e-03	-6.172647e-03
2410          	shield_slave	-1.433782e-02	-1.164643e-02	-3.999081e-03
2411          	OVC	-1.459138e-02	-6.612036e-03	-6.172647e-03
2411          	shield_slave	-1.433782e-02	-1.164643e-02	-3.999081e-03
2412          	OVC	-1.459138e-02	-6.612036e-03	-6.172647e-03
2412          	shield_slave	-1.433782e-02	-1.164643e-02	-3.999081e-03
2413          	OVC	-1.459138e-02	-6.612036e-03	-6.172647e-03
2413          	shield_slave	-1.433782e-02	-1.164643e-02	-3.999081e-03
2414          	OVC	-1.459138e-02	-6.612036e-03	-6.172647e-03
2414          	shield_slave	-1.433782e-02	-1.164643e-02	-3.999081e-03
2415          	OVC	-1.459138e-02	-6.612036e-03	-6.172647e-03
2415          	shield_slave	-1.433782e-02	-1.164643e-02	-3.999081e-03
2416          	OVC	-1.459138e-02	-6.612036e-03	-6.172647e-03
2416          	shield_slave	-1.433782e-02	-1.164643e-02	-3.999081e-03
2417          	OVC	-1.459138e-02	-6.612036e-03	-6.172647e-03
2417          	shield_slave	-1.433782e-02	-1.164643e-02	-3.999081e-03
2418          	OVC	-1.459138e-02	-6.612036e-03	-6.172647e-03
2418          	shield_slave	-1.433782e-02	-1.164643e-02	-3.999081e-03
2419          	OVC	-1.459138e-02	-6.612036e-03	-6.172647e-03
2419          	shield_slave	-1.433782e-02	-1.164643e-02	-3.999081e-03
2420          	OVC	-1.459138e-02	-6.612036e-03	-6.172647e-03
2420          	shield_slave	-1.433782e-02	-1.164643e-02	-3.999081e-03
2421          	OVC	-1.459138e-02	-6.612036e-03	-6.172647e-03
2421          	shield_slave	-1.433782e-02	-1.164643e-02	-3.999081e-03
2422          	OVC	-1.459138e-02	-6.612036e-03	-6.172647e-03
2422          	shield_slave	-1.433782e-02	-1.164643e-02	-3.999081e-03
2423          	OVC	-1.459138e-02	-6.612036e-03	-6.172647e-03
2423          	shield_slave	-1.433782e-02	-1.164643e-02	-3.999081e-03
2424          	OVC	-1.459138e-02	-6.612036e-03	-6.172647e-03
2424          	shield_slave	-1.433782e-02	-1.164643e-02	-3.999081e-03
2425          	OVC	-1.459138e-02	-6.612036e-03	-6.172647e-03
2425          	shield_slave	-1.433782e-02	-1.164643e-02	-3.999081e-03
2426          	OVC	-1.459138e-02	-6.612036e-03	-6.172647e-03
2426          	shield_slave	-1.433782e-02	-1.164643e-02	-3.999081e-03
2427          	OVC	-1.459138e-02	-6.612036e-03	-6.172647e-03
2427          	shield_slave	-1.433782e-02	-1.164643e-02	-3.999081e-03
2428          	OVC	-1.459138e-02	-6.612036e-03	-6.172647e-03
2428          	shield_slave	-1.433782e-02	-1.164643e-02	-3.999081e-03
2429          	OVC	-1.459138e-02	-6.612036e-03	-6.172647e-03
2429          	shield_slave	-1.433782e-02	-1.164643e-02	-3.999081e-03
2430          	OVC	-1.459138e-02	-6.612036e-03	-6.172647e-03
2430          	shield_slave	-1.433782e-02	-1.164643e-02	-3.999081e-03
2431          	OVC	-1.459138e-02	-6.612036e-03	-6.172647e-03
2431          	shield_slave	-1.433782e-02	-1.164643e-02	-3.999081e-03
2432          	OVC	-1.459138e-02	-6.612036e-03	-6.172647e-03
2432          	shield_slave	-1.433782e-02	-1.164643e-02	-3.999081e-03
2433          	OVC	-1.459138e-02	-6.612036e-03	-6.172647e-03
2433          	shield_slave	-1.433782e-02	-1.164643e-02	-3.999081e-03
2434          	OVC	-1.459138e-02	-6.612036e-03	-6.172647e-03
2434          	shield_slave	-1.433782e-02	-1.164643e-02	-3.999081e-03
2435          	OVC	-1.459138e-02	-6.612036e-03	-6.172647e-03
2435          	shield_slave	-1.433782e-02	-1.164643e-02	-3.999081e-03
2436          	OVC	-1.459138e-02	-6.612036e-03	-6.172647e-03
2436          	shield_slave	-1.433782e-02	-1.164643e-02	-3.999081e-03
2437          	OVC	-1.459138e-02	-6.612036e-03	-6.172647e-03
2437          	shield_slave	-1.433782e-02	-1.164643e-02	-3.999081e-03
2438          	OVC	-1.459138e-02	-6.612036e-03	-6.172647e-03
2438          	shield_slave	-1.433782e-02	-1.164643e-02	-3.999081e-03
2439          	OVC	-1.459138e-02	-6.612036e-03	-6.172647e-03
2439          	shield_slave	-1.433782e-02	-1.164643e-02	-3.999081e-03
2440          	OVC	-1.459138e-02	-6.612036e-03	-6.172647e-03
2440          	shield_slave	-1.433782e-02	-1.164643e-02	-3.999081e-03
2441          	OVC	-1.459138e-02	-6.612036e-03	-6.172647e-03
2441          	shield_slave	-1.433782e-02	-1.164643e-02	-3.999081e-03
2442          	OVC	-1.459138e-02	-6.612036e-03	-6.172647e-03
2442          	shield_slave	-1.433782e-02	-1.164643e-02	-3.999081e-03
2443          	OVC	-1.459138e-02	-6.612036e-03	-6.172647e-03
2443          	shield_slave	-1.433782e-02	-1.164643e-02	-3.999081e-03
2444          	OVC	-1.459138e-02	-6.612036e-03	-6.172647e-03
2444          	shield_slave	-1.433782e-02	-1.164643e-02	-3.999081e-03
2445          	OVC	-1.459138e-02	-6.612036e-03	-6.172647e-03
2445          	shield_slave	-1.433782e-02	-1.164643e-02	-3.999081e-03
2446          	OVC	-1.459138e-02	-6.612036e-03	-6.172647e-03
2446          	shield_slave	-1.433782e-02	-1.164643e-02	-3.999081e-03
2447          	OVC	-1.459138e-02	-6.612036e-03	-6.172647e-03
2447          	shield_slave	-1.433782e-02	-1.164643e-02	-3.999081e-03
2448          	OVC	-1.459138e-02	-6.612036e-03	-6.172647e-03
2448          	shield_slave	-1.433782e-02	-1.164643e-02	-3.999081e-03
2449          	OVC	-1.459138e-02	-6.612036e-03	-6.172647e-03
2449          	shield_slave	-1.433782e-02	-1.164643e-02	-3.999081e-03
2450          	OVC	-1.459138e-02	-6.612036e-03	-6.172647e-03
2450          	shield_slave	-1.433782e-02	-1.164643e-02	-3.999081e-03
2451          	OVC	-1.459138e-02	-6.612036e-03	-6.172647e-03
2451          	shield_slave	-1.433782e-02	-1.164643e-02	-3.999081e-03
2452          	OVC	-1.459138e-02	-6.612036e-03	-6.172647e-03
2452          	shield_slave	-1.433782e-02	-1.164643e-02	-3.999081e-03
2453          	OVC	-1.459138e-02	-6.612036e-03	-6.172647e-03
2453          	shield_slave	-1.433782e-02	-1.164643e-02	-3.999081e-03
2454          	OVC	-1.459138e-02	-6.612036e-03	-6.172647e-03
2454          	shield_slave	-1.433782e-02	-1.164643e-02	-3.999081e-03
2455          	OVC	-1.459138e-02	-6.612036e-03	-6.172647e-03
2455          	shield_slave	-1.433782e-02	-1.164643e-02	-3.999081e-03
2456          	OVC	-1.459138e-02	-6.612036e-03	-6.172647e-03
2456          	shield_slave	-1.433782e-02	-1.164643e-02	-3.999081e-03
2457          	OVC	-1.459138e-02	-6.612036e-03	-6.172647e-03
2457          	shield_slave	-1.433782e-02	-1.164643e-02	-3.999081e-03
2458          	OVC	-1.459138e-02	-6.612036e-03	-6.172647e-03
2458          	shield_slave	-1.433782e-02	-1.164643e-02	-3.999081e-03
2459          	OVC	-1.459138e-02	-6.612036e-03	-6.172647e-03
2459          	shield_slave	-1.433782e-02	-1.164643e-02	-3.999081e-03
2460          	OVC	-1.459138e-02	-6.612036e-03	-6.172647e-03
2460          	shield_slave	-1.433782e-02	-1.164643e-02	-3.999081e-03
2461          	OVC	-1.459138e-02	-6.612036e-03	-6.172647e-03
2461          	shield_slave	-1.433782e-02	-1.164643e-02	-3.999081e-03
2462          	OVC	-1.459138e-02	-6.612036e-03	-6.172647e-03
2462          	shield_slave	-1.433782e-02	-1.164643e-02	-3.999081e-03
2463          	OVC	-1.459138e-02	-6.612036e-03	-6.172647e-03
2463          	shield_slave	-1.433782e-02	-1.164643e-02	-3.999081e-03
2464          	OVC	-1.459138e-02	-6.612036e-03	-6.172647e-03
2464          	shield_slave	-1.433782e-02	-1.164643e-02	-3.999081e-03
2465          	OVC	-1.459138e-02	-6.612036e-03	-6.172647e-03
2465          	shield_slave	-1.433782e-02	-1.164643e-02	-3.999081e-03
2466          	OVC	-1.459138e-02	-6.612036e-03	-6.172647e-03
2466          	shield_slave	-1.433782e-02	-1.164643e-02	-3.999081e-03
2467          	OVC	-1.459138e-02	-6.612036e-03	-6.172647e-03
2467          	shield_slave	-1.433782e-02	-1.164643e-02	-3.999081e-03
2468          	OVC	-1.459138e-02	-6.612036e-03	-6.172647e-03
2468          	shield_slave	-1.433782e-02	-1.164643e-02	-3.999081e-03
2469          	OVC	-1.459138e-02	-6.612036e-03	-6.172647e-03
2469          	shield_slave	-1.433782e-02	-1.164643e-02	-3.999081e-03
2470          	OVC	-1.459138e-02	-6.612036e-03	-6.172647e-03
2470          	shield_slave	-1.433782e-02	-1.164643e-02	-3.999081e-03
2471          	OVC	-1.459138e-02	-6.612036e-03	-6.172647e-03
2471          	shield_slave	-1.433782e-02	-1.164643e-02	-3.999081e-03
2472          	OVC	-1.459138e-02	-6.612036e-03	-6.172647e-03
2472          	shield_slave	-1.433782e-02	-1.164643e-02	-3.999081e-03
2473          	OVC	-1.459138e-02	-6.612036e-03	-6.172647e-03
2473          	shield_slave	-1.433782e-02	-1.164643e-02	-3.999081e-03
2474          	OVC	-1.459138e-02	-6.612036e-03	-6.172647e-03
2474          	shield_slave	-1.433782e-02	-1.164643e-02	-3.999081e-03
2475          	OVC	-1.459138e-02	-6.612036e-03	-6.172647e-03
2475          	shield_slave	-1.433782e-02	-1.164643e-02	-3.999081e-03
2476          	OVC	-1.459138e-02	-6.612036e-03	-6.172647e-03
2476          	shield_slave	-1.433782e-02	-1.164643e-02	-3.999081e-03
2477          	OVC	-1.459138e-02	-6.612036e-03	-6.172647e-03
2477          	shield_slave	-1.433782e-02	-1.164643e-02	-3.999081e-03
2478          	OVC	-1.459138e-02	-6.612036e-03	-6.172647e-03
2478          	shield_slave	-1.433782e-02	-1.164643e-02	-3.999081e-03
2479          	OVC	-1.459138e-02	-6.612036e-03	-6.172647e-03
2479          	shield_slave	-1.433782e-02	-1.164643e-02	-3.999081e-03
2480          	OVC	-1.459138e-02	-6.612036e-03	-6.172647e-03
2480          	shield_slave	-1.433782e-02	-1.164643e-02	-3.999081e-03
2481          	OVC	-1.459138e-02	-6.612036e-03	-6.172647e-03
2481          	shield_slave	-1.433782e-02	-1.164643e-02	-3.999081e-03
2482          	OVC	-1.459138e-02	-6.612036e-03	-6.172647e-03
2482          	shield_slave	-1.433782e-02	-1.164643e-02	-3.999081e-03
2483          	OVC	-1.459138e-02	-6.612036e-03	-6.172647e-03
2483          	shield_slave	-1.433782e-02	-1.164643e-02	-3.999081e-03
2484          	OVC	-1.459138e-02	-6.612036e-03	-6.172647e-03
2484          	shield_slave	-1.433782e-02	-1.164643e-02	-3.999081e-03
2485          	OVC	-1.459138e-02	-6.612036e-03	-6.172647e-03
2485          	shield_slave	-1.433782e-02	-1.164643e-02	-3.999081e-03
2486          	OVC	-1.459138e-02	-6.612036e-03	-6.172647e-03
2486          	shield_slave	-1.433782e-02	-1.164643e-02	-3.999081e-03
2487          	OVC	-1.459138e-02	-6.612036e-03	-6.172647e-03
2487          	shield_slave	-1.433782e-02	-1.164643e-02	-3.999081e-03
2488          	OVC	-1.459138e-02	-6.612036e-03	-6.172647e-03
2488          	shield_slave	-1.433782e-02	-1.164643e-02	-3.999081e-03
2489          	OVC	-1.459138e-02	-6.612036e-03	-6.172647e-03
2489          	shield_slave	-1.433782e-02	-1.164643e-02	-3.999081e-03
2490          	OVC	-1.459138e-02	-6.612036e-03	-6.172647e-03
2490          	shield_slave	-1.433782e-02	-1.164643e-02	-3.999081e-03
2491          	OVC	-1.459138e-02	-6.612036e-03	-6.172647e-03
2491          	shield_slave	-1.433782e-02	-1.164643e-02	-3.999081e-03
2492          	OVC	-1.459138e-02	-6.612036e-03	-6.172647e-03
2492          	shield_slave	-1.433782e-02	-1.164643e-02	-3.999081e-03
2493          	OVC	-1.459138e-02	-6.612036e-03	-6.172647e-03
2493          	shield_slave	-1.433782e-02	-1.164643e-02	-3.999081e-03
2494          	OVC	-1.459138e-02	-6.612036e-03	-6.172647e-03
2494          	shield_slave	-1.433782e-02	-1.164643e-02	-3.999081e-03
2495          	OVC	-1.459138e-02	-6.612036e-03	-6.172647e-03
2495          	shield_slave	-1.433782e-02	-1.164643e-02	-3.999081e-03
2496          	OVC	-1.459138e-02	-6.612036e-03	-6.172647e-03
2496          	shield_slave	-1.433782e-02	-1.164643e-02	-3.999081e-03
2497          	OVC	-1.459138e-02	-6.612036e-03	-6.172647e-03
2497          	shield_slave	-1.433782e-02	-1.164643e-02	-3.999081e-03
2498          	OVC	-1.459138e-02	-6.612036e-03	-6.172647e-03
2498          	shield_slave	-1.433782e-02	-1.164643e-02	-3.999081e-03
2499          	OVC	-1.459138e-02	-6.612036e-03	-6.172647e-03
2499          	shield_slave	-1.433782e-02	-1.164643e-02	-3.999081e-03
2500          	OVC	-1.459138e-02	-6.612036e-03	-6.172647e-03
2500          	shield_slave	-1.433782e-02	-1.164643e-02	-3.999081e-03
2501          	OVC	-1.459138e-02	-6.612036e-03	-6.172647e-03
2501          	shield_slave	-1.433782e-02	-1.164643e-02	-3.999081e-03
2502          	OVC	-1.459138e-02	-6.612036e-03	-6.172647e-03
2502          	shield_slave	-1.433782e-02	-1.164643e-02	-3.999081e-03
2503          	OVC	-1.459138e-02	-6.612036e-03	-6.172647e-03
2503          	shield_slave	-1.433782e-02	-1.164643e-02	-3.999081e-03
2504          	OVC	-1.459138e-02	-6.612036e-03	-6.172647e-03
2504          	shield_slave	-1.433782e-02	-1.164643e-02	-3.999081e-03
2505          	OVC	-1.459138e-02	-6.612036e-03	-6.172647e-03
2505          	shield_slave	-1.433782e-02	-1.164643e-02	-3.999081e-03
2506          	OVC	-1.459138e-02	-6.612036e-03	-6.172647e-03
2506          	shield_slave	-1.433782e-02	-1.164643e-02	-3.999081e-03
2507          	OVC	-1.459138e-02	-6.612036e-03	-6.172647e-03
2507          	shield_slave	-1.433782e-02	-1.164643e-02	-3.999081e-03
2508          	OVC	-1.459138e-02	-6.612036e-03	-6.172647e-03
2508          	shield_slave	-1.433782e-02	-1.164643e-02	-3.999081e-03
2509          	OVC	-1.459138e-02	-6.612036e-03	-6.172647e-03
2509          	shield_slave	-1.433782e-02	-1.164643e-02	-3.999081e-03
2510          	OVC	-1.459138e-02	-6.612036e-03	-6.172647e-03
2510          	shield_slave	-1.433782e-02	-1.164643e-02	-3.999081e-03
2511          	OVC	-1.459138e-02	-6.612036e-03	-6.172647e-03
2511          	shield_slave	-1.433782e-02	-1.164643e-02	-3.999081e-03
2512          	OVC	-1.459138e-02	-6.612036e-03	-6.172647e-03
2512          	shield_slave	-1.433782e-02	-1.164643e-02	-3.999081e-03
2513          	OVC	-1.459138e-02	-6.612036e-03	-6.172647e-03
2513          	shield_slave	-1.433782e-02	-1.164643e-02	-3.999081e-03
2514          	OVC	-1.459138e-02	-6.612036e-03	-6.172647e-03
2514          	shield_slave	-1.433782e-02	-1.164643e-02	-3.999081e-03
2515          	OVC	-1.459138e-02	-6.612036e-03	-6.172647e-03
2515          	shield_slave	-1.433782e-02	-1.164643e-02	-3.999081e-03
2516          	OVC	-1.459138e-02	-6.612036e-03	-6.172647e-03
2516          	shield_slave	-1.433782e-02	-1.164643e-02	-3.999081e-03
2517          	OVC	-1.459138e-02	-6.612036e-03	-6.172647e-03
2517          	shield_slave	-1.433782e-02	-1.164643e-02	-3.999081e-03
2518          	OVC	-1.459138e-02	-6.612036e-03	-6.172647e-03
2518          	shield_slave	-1.433782e-02	-1.164643e-02	-3.999081e-03
2519          	OVC	-1.459138e-02	-6.612036e-03	-6.172647e-03
2519          	shield_slave	-1.433782e-02	-1.164643e-02	-3.999081e-03
2520          	OVC	-1.459138e-02	-6.612036e-03	-6.172647e-03
2520          	shield_slave	-1.433782e-02	-1.164643e-02	-3.999081e-03
2521          	OVC	-1.459138e-02	-6.612036e-03	-6.172647e-03
2521          	shield_slave	-1.433782e-02	-1.164643e-02	-3.999081e-03
2522          	OVC	-1.459138e-02	-6.612036e-03	-6.172647e-03
2522          	shield_slave	-1.433782e-02	-1.164643e-02	-3.999081e-03
2523          	OVC	-1.459138e-02	-6.612036e-03	-6.172647e-03
2523          	shield_slave	-1.433782e-02	-1.164643e-02	-3.999081e-03
2524          	OVC	-1.459138e-02	-6.612036e-03	-6.172647e-03
2524          	shield_slave	-1.433782e-02	-1.164643e-02	-3.999081e-03
2525          	OVC	-1.459138e-02	-6.612036e-03	-6.172647e-03
2525          	shield_slave	-1.433782e-02	-1.164643e-02	-3.999081e-03
2526          	OVC	-1.459138e-02	-6.612036e-03	-6.172647e-03
2526          	shield_slave	-1.433782e-02	-1.164643e-02	-3.999081e-03
2527          	OVC	-1.459138e-02	-6.612036e-03	-6.172647e-03
2527          	shield_slave	-1.433782e-02	-1.164643e-02	-3.999081e-03
2528          	OVC	-1.459138e-02	-6.612036e-03	-6.172647e-03
2528          	shield_slave	-1.433782e-02	-1.164643e-02	-3.999081e-03
2529          	OVC	-1.459138e-02	-6.612036e-03	-6.172647e-03
2529          	shield_slave	-1.433782e-02	-1.164643e-02	-3.999081e-03
2530          	OVC	-1.459138e-02	-6.612036e-03	-6.172647e-03
2530          	shield_slave	-1.433782e-02	-1.164643e-02	-3.999081e-03
2531          	OVC	-1.459138e-02	-6.612036e-03	-6.172647e-03
2531          	shield_slave	-1.433782e-02	-1.164643e-02	-3.999081e-03
2532          	OVC	-1.459138e-02	-6.612036e-03	-6.172647e-03
2532          	shield_slave	-1.433782e-02	-1.164643e-02	-3.999081e-03
2533          	OVC	-1.459138e-02	-6.612036e-03	-6.172647e-03
2533          	shield_slave	-1.433782e-02	-1.164643e-02	-3.999081e-03
2534          	OVC	-1.459138e-02	-6.612036e-03	-6.172647e-03
2534          	shield_slave	-1.433782e-02	-1.164643e-02	-3.999081e-03
2535          	OVC	-1.459138e-02	-6.612036e-03	-6.172647e-03
2535          	shield_slave	-1.433782e-02	-1.164643e-02	-3.999081e-03
2536          	OVC	-1.459138e-02	-6.612036e-03	-6.172647e-03
2536          	shield_slave	-1.433782e-02	-1.164643e-02	-3.999081e-03
2537          	OVC	-1.459138e-02	-6.612036e-03	-6.172647e-03
2537          	shield_slave	-1.433782e-02	-1.164643e-02	-3.999081e-03
2538          	OVC	-1.459138e-02	-6.612036e-03	-6.172647e-03
2538          	shield_slave	-1.433782e-02	-1.164643e-02	-3.999081e-03
2539          	OVC	-1.459138e-02	-6.612036e-03	-6.172647e-03
2539          	shield_slave	-1.433782e-02	-1.164643e-02	-3.999081e-03
2540          	OVC	-1.459138e-02	-6.612036e-03	-6.172647e-03
2540          	shield_slave	-1.433782e-02	-1.164643e-02	-3.999081e-03
2541          	OVC	-1.459138e-02	-6.612036e-03	-6.172647e-03
2541          	shield_slave	-1.433782e-02	-1.164643e-02	-3.999081e-03
2542          	OVC	-1.459138e-02	-6.612036e-03	-6.172647e-03
2542          	shield_slave	-1.433782e-02	-1.164643e-02	-3.999081e-03
2543          	OVC	-1.459138e-02	-6.612036e-03	-6.172647e-03
2543          	shield_slave	-1.433782e-02	-1.164643e-02	-3.999081e-03
2544          	OVC	-1.459138e-02	-6.612036e-03	-6.172647e-03
2544          	shield_slave	-1.433782e-02	-1.164643e-02	-3.999081e-03
2545          	OVC	-1.459138e-02	-6.612036e-03	-6.172647e-03
2545          	shield_slave	-1.433782e-02	-1.164643e-02	-3.999081e-03
2546          	OVC	-1.459138e-02	-6.612036e-03	-6.172647e-03
2546          	shield_slave	-1.433782e-02	-1.164643e-02	-3.999081e-03
2547          	OVC	-1.459138e-02	-6.612036e-03	-6.172647e-03
2547          	shield_slave	-1.433782e-02	-1.164643e-02	-3.999081e-03
2548          	OVC	-1.459138e-02	-6.612036e-03	-6.172647e-03
2548          	shield_slave	-1.433782e-02	-1.164643e-02	-3.999081e-03
2549          	OVC	-1.459138e-02	-6.612036e-03	-6.172647e-03
2549          	shield_slave	-1.433782e-02	-1.164643e-02	-3.999081e-03
2550          	OVC	-1.459138e-02	-6.612036e-03	-6.172647e-03
2550          	shield_slave	-1.433782e-02	-1.164643e-02	-3.999081e-03
2551          	OVC	-1.459138e-02	-6.612036e-03	-6.172647e-03
2551          	shield_slave	-1.433782e-02	-1.164643e-02	-3.999081e-03
2552          	OVC	-1.459138e-02	-6.612036e-03	-6.172647e-03
2552          	shield_slave	-1.433782e-02	-1.164643e-02	-3.999081e-03
2553          	OVC	-1.459138e-02	-6.612036e-03	-6.172647e-03
2553          	shield_slave	-1.433782e-02	-1.164643e-02	-3.999081e-03
2554          	OVC	-1.459138e-02	-6.612036e-03	-6.172647e-03
2554          	shield_slave	-1.433782e-02	-1.164643e-02	-3.999081e-03
2555          	OVC	-1.459138e-02	-6.612036e-03	-6.172647e-03
2555          	shield_slave	-1.433782e-02	-1.164643e-02	-3.999081e-03
2556          	OVC	-1.459138e-02	-6.612036e-03	-6.172647e-03
2556          	shield_slave	-1.433782e-02	-1.164643e-02	-3.999081e-03
2557          	OVC	-1.459138e-02	-6.612036e-03	-6.172647e-03
2557          	shield_slave	-1.433782e-02	-1.164643e-02	-3.999081e-03
2558          	OVC	-1.459138e-02	-6.612036e-03	-6.172647e-03
2558          	shield_slave	-1.433782e-02	-1.164643e-02	-3.999081e-03
2559          	OVC	-1.459138e-02	-6.612036e-03	-6.172647e-03
2559          	shield_slave	-1.433782e-02	-1.164643e-02	-3.999081e-03
2560          	OVC	-1.459138e-02	-6.612036e-03	-6.172647e-03
2560          	shield_slave	-1.433782e-02	-1.164643e-02	-3.999081e-03
2561          	OVC	-1.459138e-02	-6.612036e-03	-6.172647e-03
2561          	shield_slave	-1.433782e-02	-1.164643e-02	-3.999081e-03
2562          	OVC	-1.459138e-02	-6.612036e-03	-6.172647e-03
2562          	shield_slave	-1.433782e-02	-1.164643e-02	-3.999081e-03
2563          	OVC	-1.459138e-02	-6.612036e-03	-6.172647e-03
2563          	shield_slave	-1.433782e-02	-1.164643e-02	-3.999081e-03
2564          	OVC	-1.459138e-02	-6.612036e-03	-6.172647e-03
2564          	shield_slave	-1.433782e-02	-1.164643e-02	-3.999081e-03
2565          	OVC	-1.459138e-02	-6.612036e-03	-6.172647e-03
2565          	shield_slave	-1.433782e-02	-1.164643e-02	-3.999081e-03
2566          	OVC	-1.459138e-02	-6.612036e-03	-6.172647e-03
2566          	shield_slave	-1.433782e-02	-1.164643e-02	-3.999081e-03
2567          	OVC	-1.459138e-02	-6.612036e-03	-6.172647e-03
2567          	shield_slave	-1.433782e-02	-1.164643e-02	-3.999081e-03
2568          	OVC	-1.459138e-02	-6.612036e-03	-6.172647e-03
2568          	shield_slave	-1.433782e-02	-1.164643e-02	-3.999081e-03
2569          	OVC	-1.459138e-02	-6.612036e-03	-6.172647e-03
2569          	shield_slave	-1.433782e-02	-1.164643e-02	-3.999081e-03
2570          	OVC	-1.459138e-02	-6.612036e-03	-6.172647e-03
2570          	shield_slave	-1.433782e-02	-1.164643e-02	-3.999081e-03
2571          	OVC	-1.459138e-02	-6.612036e-03	-6.172647e-03
2571          	shield_slave	-1.433782e-02	-1.164643e-02	-3.999081e-03
2572          	OVC	-1.459138e-02	-6.612036e-03	-6.172647e-03
2572          	shield_slave	-1.433782e-02	-1.164643e-02	-3.999081e-03
2573          	OVC	-1.459138e-02	-6.612036e-03	-6.172647e-03
2573          	shield_slave	-1.433782e-02	-1.164643e-02	-3.999081e-03
2574          	OVC	-1.459138e-02	-6.612036e-03	-6.172647e-03
2574          	shield_slave	-1.433782e-02	-1.164643e-02	-3.999081e-03
2575          	OVC	-1.459138e-02	-6.612036e-03	-6.172647e-03
2575          	shield_slave	-1.433782e-02	-1.164643e-02	-3.999081e-03
2576          	OVC	-1.459138e-02	-6.612036e-03	-6.172647e-03
2576          	shield_slave	-1.433782e-02	-1.164643e-02	-3.999081e-03
2577          	OVC	-1.459138e-02	-6.612036e-03	-6.172647e-03
2577          	shield_slave	-1.433782e-02	-1.164643e-02	-3.999081e-03
2578          	OVC	-1.459138e-02	-6.612036e-03	-6.172647e-03
2578          	shield_slave	-1.433782e-02	-1.164643e-02	-3.999081e-03
2579          	OVC	-1.459138e-02	-6.612036e-03	-6.172647e-03
2579          	shield_slave	-1.433782e-02	-1.164643e-02	-3.999081e-03
2580          	OVC	-1.459138e-02	-6.612036e-03	-6.172647e-03
2580          	shield_slave	-1.433782e-02	-1.164643e-02	-3.999081e-03
2581          	OVC	-1.459138e-02	-6.612036e-03	-6.172647e-03
2581          	shield_slave	-1.433782e-02	-1.164643e-02	-3.999081e-03
2582          	OVC	-1.459138e-02	-6.612036e-03	-6.172647e-03
2582          	shield_slave	-1.433782e-02	-1.164643e-02	-3.999081e-03
2583          	OVC	-1.459138e-02	-6.612036e-03	-6.172647e-03
2583          	shield_slave	-1.433782e-02	-1.164643e-02	-3.999081e-03
2584          	OVC	-1.459138e-02	-6.612036e-03	-6.172647e-03
2584          	shield_slave	-1.433782e-02	-1.164643e-02	-3.999081e-03
2585          	OVC	-1.459138e-02	-6.612036e-03	-6.172647e-03
2585          	shield_slave	-1.433782e-02	-1.164643e-02	-3.999081e-03
2586          	OVC	-1.459138e-02	-6.612036e-03	-6.172647e-03
2586          	shield_slave	-1.433782e-02	-1.164643e-02	-3.999081e-03
2587          	OVC	-1.459138e-02	-6.612036e-03	-6.172647e-03
2587          	shield_slave	-1.433782e-02	-1.164643e-02	-3.999081e-03
2588          	OVC	-1.459138e-02	-6.612036e-03	-6.172647e-03
2588          	shield_slave	-1.433782e-02	-1.164643e-02	-3.999081e-03
2589          	OVC	-1.459138e-02	-6.612036e-03	-6.172647e-03
2589          	shield_slave	-1.433782e-02	-1.164643e-02	-3.999081e-03
2590          	OVC	-1.459138e-02	-6.612036e-03	-6.172647e-03
2590          	shield_slave	-1.433782e-02	-1.164643e-02	-3.999081e-03
2591          	OVC	-1.459138e-02	-6.612036e-03	-6.172647e-03
2591          	shield_slave	-1.433782e-02	-1.164643e-02	-3.999081e-03
2592          	OVC	-1.459138e-02	-6.612036e-03	-6.172647e-03
2592          	shield_slave	-1.433782e-02	-1.164643e-02	-3.999081e-03
2593          	OVC	-1.459138e-02	-6.612036e-03	-6.172647e-03
2593          	shield_slave	-1.433782e-02	-1.164643e-02	-3.999081e-03
2594          	OVC	-1.459138e-02	-6.612036e-03	-6.172647e-03
2594          	shield_slave	-1.433782e-02	-1.164643e-02	-3.999081e-03
2595          	OVC	-1.459138e-02	-6.612036e-03	-6.172647e-03
2595          	shield_slave	-1.433782e-02	-1.164643e-02	-3.999081e-03
2596          	OVC	-1.459138e-02	-6.612036e-03	-6.172647e-03
2596          	shield_slave	-1.433782e-02	-1.164643e-02	-3.999081e-03
2597          	OVC	-1.459138e-02	-6.612036e-03	-6.172647e-03
2597          	shield_slave	-1.433782e-02	-1.164643e-02	-3.999081e-03
2598          	OVC	-1.459138e-02	-6.612036e-03	-6.172647e-03
2598          	shield_slave	-1.433782e-02	-1.164643e-02	-3.999081e-03
2599          	OVC	-1.459138e-02	-6.612036e-03	-6.172647e-03
2599          	shield_slave	-1.433782e-02	-1.164643e-02	-3.999081e-03
2600          	OVC	-1.459138e-02	-6.612036e-03	-6.172647e-03
2600          	shield_slave	-1.433782e-02	-1.164643e-02	-3.999081e-03
2601          	OVC	-1.459138e-02	-6.612036e-03	-6.172647e-03
2601          	shield_slave	-1.433782e-02	-1.164643e-02	-3.999081e-03
2602          	OVC	-1.459138e-02	-6.612036e-03	-6.172647e-03
2602          	shield_slave	-1.433782e-02	-1.164643e-02	-3.999081e-03
2603          	OVC	-1.459138e-02	-6.612036e-03	-6.172647e-03
2603          	shield_slave	-1.433782e-02	-1.164643e-02	-3.999081e-03
2604          	OVC	-1.459138e-02	-6.612036e-03	-6.172647e-03
2604          	shield_slave	-1.433782e-02	-1.164643e-02	-3.999081e-03
2605          	OVC	-1.459138e-02	-6.612036e-03	-6.172647e-03
2605          	shield_slave	-1.433782e-02	-1.164643e-02	-3.999081e-03
2606          	OVC	-1.459138e-02	-6.612036e-03	-6.172647e-03
2606          	shield_slave	-1.433782e-02	-1.164643e-02	-3.999081e-03
2607          	OVC	-1.459138e-02	-6.612036e-03	-6.172647e-03
2607          	shield_slave	-1.433782e-02	-1.164643e-02	-3.999081e-03
2608          	OVC	-1.459138e-02	-6.612036e-03	-6.172647e-03
2608          	shield_slave	-1.433782e-02	-1.164643e-02	-3.999081e-03
2609          	OVC	-1.459138e-02	-6.612036e-03	-6.172647e-03
2609          	shield_slave	-1.433782e-02	-1.164643e-02	-3.999081e-03
2610          	OVC	-1.459138e-02	-6.612036e-03	-6.172647e-03
2610          	shield_slave	-1.433782e-02	-1.164643e-02	-3.999081e-03
2611          	OVC	-1.459138e-02	-6.612036e-03	-6.172647e-03
2611          	shield_slave	-1.433782e-02	-1.164643e-02	-3.999081e-03
2612          	OVC	-1.459138e-02	-6.612036e-03	-6.172647e-03
2612          	shield_slave	-1.433782e-02	-1.164643e-02	-3.999081e-03
2613          	OVC	-1.459138e-02	-6.612036e-03	-6.172647e-03
2613          	shield_slave	-1.433782e-02	-1.164643e-02	-3.999081e-03
2614          	OVC	-1.459138e-02	-6.612036e-03	-6.172647e-03
2614          	shield_slave	-1.433782e-02	-1.164643e-02	-3.999081e-03
2615          	OVC	-1.459138e-02	-6.612036e-03	-6.172647e-03
2615          	shield_slave	-1.433782e-02	-1.164643e-02	-3.999081e-03
2616          	OVC	-1.459138e-02	-6.612036e-03	-6.172647e-03
2616          	shield_slave	-1.433782e-02	-1.164643e-02	-3.999081e-03
2617          	OVC	-1.459138e-02	-6.612036e-03	-6.172647e-03
2617          	shield_slave	-1.433782e-02	-1.164643e-02	-3.999081e-03
2618          	OVC	-1.459138e-02	-6.612036e-03	-6.172647e-03
2618          	shield_slave	-1.433782e-02	-1.164643e-02	-3.999081e-03
2619          	OVC	-1.459138e-02	-6.612036e-03	-6.172647e-03
2619          	shield_slave	-1.433782e-02	-1.164643e-02	-3.999081e-03
2620          	OVC	-1.459138e-02	-6.612036e-03	-6.172647e-03
2620          	shield_slave	-1.433782e-02	-1.164643e-02	-3.999081e-03
2621          	OVC	-1.459138e-02	-6.612036e-03	-6.172647e-03
2621          	shield_slave	-1.433782e-02	-1.164643e-02	-3.999081e-03
2622          	OVC	-1.459138e-02	-6.612036e-03	-6.172647e-03
2622          	shield_slave	-1.433782e-02	-1.164643e-02	-3.999081e-03
2623          	OVC	-1.459138e-02	-6.612036e-03	-6.172647e-03
2623          	shield_slave	-1.433782e-02	-1.164643e-02	-3.999081e-03
2624          	OVC	-1.459138e-02	-6.612036e-03	-6.172647e-03
2624          	shield_slave	-1.433782e-02	-1.164643e-02	-3.999081e-03
2625          	OVC	-1.459138e-02	-6.612036e-03	-6.172647e-03
2625          	shield_slave	-1.433782e-02	-1.164643e-02	-3.999081e-03
2626          	OVC	-1.459138e-02	-6.612036e-03	-6.172647e-03
2626          	shield_slave	-1.433782e-02	-1.164643e-02	-3.999081e-03
2627          	OVC	-1.459138e-02	-6.612036e-03	-6.172647e-03
2627          	shield_slave	-1.433782e-02	-1.164643e-02	-3.999081e-03
2628          	OVC	-1.459138e-02	-6.612036e-03	-6.172647e-03
2628          	shield_slave	-1.433782e-02	-1.164643e-02	-3.999081e-03
2629          	OVC	-1.459138e-02	-6.612036e-03	-6.172647e-03
2629          	shield_slave	-1.433782e-02	-1.164643e-02	-3.999081e-03
2630          	OVC	-1.459138e-02	-6.612036e-03	-6.172647e-03
2630          	shield_slave	-1.433782e-02	-1.164643e-02	-3.999081e-03
2631          	OVC	-1.459138e-02	-6.612036e-03	-6.172647e-03
2631          	shield_slave	-1.433782e-02	-1.164643e-02	-3.999081e-03
2632          	OVC	-1.459138e-02	-6.612036e-03	-6.172647e-03
2632          	shield_slave	-1.433782e-02	-1.164643e-02	-3.999081e-03
2633          	OVC	-1.459138e-02	-6.612036e-03	-6.172647e-03
2633          	shield_slave	-1.433782e-02	-1.164643e-02	-3.999081e-03
2634          	OVC	-1.459138e-02	-6.612036e-03	-6.172647e-03
2634          	shield_slave	-1.433782e-02	-1.164643e-02	-3.999081e-03
2635          	OVC	-1.459138e-02	-6.612036e-03	-6.172647e-03
2635          	shield_slave	-1.433782e-02	-1.164643e-02	-3.999081e-03
2636          	OVC	-1.459138e-02	-6.612036e-03	-6.172647e-03
2636          	shield_slave	-1.433782e-02	-1.164643e-02	-3.999081e-03
2637          	OVC	-1.459138e-02	-6.612036e-03	-6.172647e-03
2637          	shield_slave	-1.433782e-02	-1.164643e-02	-3.999081e-03
2638          	OVC	-1.459138e-02	-6.612036e-03	-6.172647e-03
2638          	shield_slave	-1.433782e-02	-1.164643e-02	-3.999081e-03
2639          	OVC	-1.459138e-02	-6.612036e-03	-6.172647e-03
2639          	shield_slave	-1.433782e-02	-1.164643e-02	-3.999081e-03
2640          	OVC	-1.459138e-02	-6.612036e-03	-6.172647e-03
2640          	shield_slave	-1.433782e-02	-1.164643e-02	-3.999081e-03
2641          	OVC	-1.459138e-02	-6.612036e-03	-6.172647e-03
2641          	shield_slave	-1.433782e-02	-1.164643e-02	-3.999081e-03
2642          	OVC	-1.459138e-02	-6.612036e-03	-6.172647e-03
2642          	shield_slave	-1.433782e-02	-1.164643e-02	-3.999081e-03
2643          	OVC	-1.459138e-02	-6.612036e-03	-6.172647e-03
2643          	shield_slave	-1.433782e-02	-1.164643e-02	-3.999081e-03
2644          	OVC	-1.459138e-02	-6.612036e-03	-6.172647e-03
2644          	shield_slave	-1.433782e-02	-1.164643e-02	-3.999081e-03
2645          	OVC	-1.459138e-02	-6.612036e-03	-6.172647e-03
2645          	shield_slave	-1.433782e-02	-1.164643e-02	-3.999081e-03
2646          	OVC	-1.459138e-02	-6.612036e-03	-6.172647e-03
2646          	shield_slave	-1.433782e-02	-1.164643e-02	-3.999081e-03
2647          	OVC	-1.459138e-02	-6.612036e-03	-6.172647e-03
2647          	shield_slave	-1.433782e-02	-1.164643e-02	-3.999081e-03
2648          	OVC	-1.459138e-02	-6.612036e-03	-6.172647e-03
2648          	shield_slave	-1.433782e-02	-1.164643e-02	-3.999081e-03
2649          	OVC	-1.459138e-02	-6.612036e-03	-6.172647e-03
2649          	shield_slave	-1.433782e-02	-1.164643e-02	-3.999081e-03
2650          	OVC	-1.459138e-02	-6.612036e-03	-6.172647e-03
2650          	shield_slave	-1.433782e-02	-1.164643e-02	-3.999081e-03
2651          	OVC	-1.459138e-02	-6.612036e-03	-6.172647e-03
2651          	shield_slave	-1.433782e-02	-1.164643e-02	-3.999081e-03
2652          	OVC	-1.459138e-02	-6.612036e-03	-6.172647e-03
2652          	shield_slave	-1.433782e-02	-1.164643e-02	-3.999081e-03
2653          	OVC	-1.459138e-02	-6.612036e-03	-6.172647e-03
2653          	shield_slave	-1.433782e-02	-1.164643e-02	-3.999081e-03
2654          	OVC	-1.459138e-02	-6.612036e-03	-6.172647e-03
2654          	shield_slave	-1.433782e-02	-1.164643e-02	-3.999081e-03
2655          	OVC	-1.459138e-02	-6.612036e-03	-6.172647e-03
2655          	shield_slave	-1.433782e-02	-1.164643e-02	-3.999081e-03
2656          	OVC	-1.459138e-02	-6.612036e-03	-6.172647e-03
2656          	shield_slave	-1.433782e-02	-1.164643e-02	-3.999081e-03
2657          	OVC	-1.459138e-02	-6.612036e-03	-6.172647e-03
2657          	shield_slave	-1.433782e-02	-1.164643e-02	-3.999081e-03
2658          	OVC	-1.459138e-02	-6.612036e-03	-6.172647e-03
2658          	shield_slave	-1.433782e-02	-1.164643e-02	-3.999081e-03
2659          	OVC	-1.459138e-02	-6.612036e-03	-6.172647e-03
2659          	shield_slave	-1.433782e-02	-1.164643e-02	-3.999081e-03
2660          	OVC	-1.459138e-02	-6.612036e-03	-6.172647e-03
2660          	shield_slave	-1.433782e-02	-1.164643e-02	-3.999081e-03
2661          	OVC	-1.459138e-02	-6.612036e-03	-6.172647e-03
2661          	shield_slave	-1.433782e-02	-1.164643e-02	-3.999081e-03
2662          	OVC	-1.459138e-02	-6.612036e-03	-6.172647e-03
2662          	shield_slave	-1.433782e-02	-1.164643e-02	-3.999081e-03
2663          	OVC	-1.459138e-02	-6.612036e-03	-6.172647e-03
2663          	shield_slave	-1.433782e-02	-1.164643e-02	-3.999081e-03
2664          	OVC	-1.459138e-02	-6.612036e-03	-6.172647e-03
2664          	shield_slave	-1.433782e-02	-1.164643e-02	-3.999081e-03
2665          	OVC	-1.459138e-02	-6.612036e-03	-6.172647e-03
2665          	shield_slave	-1.433782e-02	-1.164643e-02	-3.999081e-03
2666          	OVC	-1.459138e-02	-6.612036e-03	-6.172647e-03
2666          	shield_slave	-1.433782e-02	-1.164643e-02	-3.999081e-03
2667          	OVC	-1.459138e-02	-6.612036e-03	-6.172647e-03
2667          	shield_slave	-1.433782e-02	-1.164643e-02	-3.999081e-03
2668          	OVC	-1.459138e-02	-6.612036e-03	-6.172647e-03
2668          	shield_slave	-1.433782e-02	-1.164643e-02	-3.999081e-03
2669          	OVC	-1.459138e-02	-6.612036e-03	-6.172647e-03
2669          	shield_slave	-1.433782e-02	-1.164643e-02	-3.999081e-03
2670          	OVC	-1.459138e-02	-6.612036e-03	-6.172647e-03
2670          	shield_slave	-1.433782e-02	-1.164643e-02	-3.999081e-03
2671          	OVC	-1.459138e-02	-6.612036e-03	-6.172647e-03
2671          	shield_slave	-1.433782e-02	-1.164643e-02	-3.999081e-03
2672          	OVC	-1.459138e-02	-6.612036e-03	-6.172647e-03
2672          	shield_slave	-1.433782e-02	-1.164643e-02	-3.999081e-03
2673          	OVC	-1.459138e-02	-6.612036e-03	-6.172647e-03
2673          	shield_slave	-1.433782e-02	-1.164643e-02	-3.999081e-03
2674          	OVC	-1.459138e-02	-6.612036e-03	-6.172647e-03
2674          	shield_slave	-1.433782e-02	-1.164643e-02	-3.999081e-03
2675          	OVC	-1.459138e-02	-6.612036e-03	-6.172647e-03
2675          	shield_slave	-1.433782e-02	-1.164643e-02	-3.999081e-03
2676          	OVC	-1.459138e-02	-6.612036e-03	-6.172647e-03
2676          	shield_slave	-1.433782e-02	-1.164643e-02	-3.999081e-03
2677          	OVC	-1.459138e-02	-6.612036e-03	-6.172647e-03
2677          	shield_slave	-1.433782e-02	-1.164643e-02	-3.999081e-03
2678          	OVC	-1.459138e-02	-6.612036e-03	-6.172647e-03
2678          	shield_slave	-1.433782e-02	-1.164643e-02	-3.999081e-03
2679          	OVC	-1.459138e-02	-6.612036e-03	-6.172647e-03
2679          	shield_slave	-1.433782e-02	-1.164643e-02	-3.999081e-03
2680          	OVC	-1.459138e-02	-6.612036e-03	-6.172647e-03
2680          	shield_slave	-1.433782e-02	-1.164643e-02	-3.999081e-03
2681          	OVC	-1.459138e-02	-6.612036e-03	-6.172647e-03
2681          	shield_slave	-1.433782e-02	-1.164643e-02	-3.999081e-03
2682          	OVC	-1.459138e-02	-6.612036e-03	-6.172647e-03
2682          	shield_slave	-1.433782e-02	-1.164643e-02	-3.999081e-03
2683          	OVC	-1.459138e-02	-6.612036e-03	-6.172647e-03
2683          	shield_slave	-1.433782e-02	-1.164643e-02	-3.999081e-03
2684          	OVC	-1.459138e-02	-6.612036e-03	-6.172647e-03
2684          	shield_slave	-1.433782e-02	-1.164643e-02	-3.999081e-03
2685          	OVC	-1.459138e-02	-6.612036e-03	-6.172647e-03
2685          	shield_slave	-1.433782e-02	-1.164643e-02	-3.999081e-03
2686          	OVC	-1.459138e-02	-6.612036e-03	-6.172647e-03
2686          	shield_slave	-1.433782e-02	-1.164643e-02	-3.999081e-03
2687          	OVC	-1.459138e-02	-6.612036e-03	-6.172647e-03
2687          	shield_slave	-1.433782e-02	-1.164643e-02	-3.999081e-03
2688          	OVC	-1.459138e-02	-6.612036e-03	-6.172647e-03
2688          	shield_slave	-1.433782e-02	-1.164643e-02	-3.999081e-03
2689          	OVC	-1.459138e-02	-6.612036e-03	-6.172647e-03
2689          	shield_slave	-1.433782e-02	-1.164643e-02	-3.999081e-03
2690          	OVC	-1.459138e-02	-6.612036e-03	-6.172647e-03
2690          	shield_slave	-1.433782e-02	-1.164643e-02	-3.999081e-03
2691          	OVC	-1.459138e-02	-6.612036e-03	-6.172647e-03
2691          	shield_slave	-1.433782e-02	-1.164643e-02	-3.999081e-03
2692          	OVC	-1.459138e-02	-6.612036e-03	-6.172647e-03
2692          	shield_slave	-1.433782e-02	-1.164643e-02	-3.999081e-03
2693          	OVC	-1.459138e-02	-6.612036e-03	-6.172647e-03
2693          	shield_slave	-1.433782e-02	-1.164643e-02	-3.999081e-03
2694          	OVC	-1.459138e-02	-6.612036e-03	-6.172647e-03
2694          	shield_slave	-1.433782e-02	-1.164643e-02	-3.999081e-03
2695          	OVC	-1.459138e-02	-6.612036e-03	-6.172647e-03
2695          	shield_slave	-1.433782e-02	-1.164643e-02	-3.999081e-03
2696          	OVC	-1.459138e-02	-6.612036e-03	-6.172647e-03
2696          	shield_slave	-1.433782e-02	-1.164643e-02	-3.999081e-03
2697          	OVC	-1.459138e-02	-6.612036e-03	-6.172647e-03
2697          	shield_slave	-1.433782e-02	-1.164643e-02	-3.999081e-03
2698          	OVC	-1.459138e-02	-6.612036e-03	-6.172647e-03
2698          	shield_slave	-1.433782e-02	-1.164643e-02	-3.999081e-03
2699          	OVC	-1.459138e-02	-6.612036e-03	-6.172647e-03
2699          	shield_slave	-1.433782e-02	-1.164643e-02	-3.999081e-03
2700          	OVC	-1.459138e-02	-6.612036e-03	-6.172647e-03
2700          	shield_slave	-1.433782e-02	-1.164643e-02	-3.999081e-03
2701          	OVC	-1.459138e-02	-6.612036e-03	-6.172647e-03
2701          	shield_slave	-1.433782e-02	-1.164643e-02	-3.999081e-03
2702          	OVC	-1.459138e-02	-6.612036e-03	-6.172647e-03
2702          	shield_slave	-1.433782e-02	-1.164643e-02	-3.999081e-03
2703          	OVC	-1.459138e-02	-6.612036e-03	-6.172647e-03
2703          	shield_slave	-1.433782e-02	-1.164643e-02	-3.999081e-03
2704          	OVC	-1.459138e-02	-6.612036e-03	-6.172647e-03
2704          	shield_slave	-1.433782e-02	-1.164643e-02	-3.999081e-03
2705          	OVC	-1.459138e-02	-6.612036e-03	-6.172647e-03
2705          	shield_slave	-1.433782e-02	-1.164643e-02	-3.999081e-03
2706          	OVC	-1.459138e-02	-6.612036e-03	-6.172647e-03
2706          	shield_slave	-1.433782e-02	-1.164643e-02	-3.999081e-03
2707          	OVC	-1.459138e-02	-6.612036e-03	-6.172647e-03
2707          	shield_slave	-1.433782e-02	-1.164643e-02	-3.999081e-03
2708          	OVC	-1.459138e-02	-6.612036e-03	-6.172647e-03
2708          	shield_slave	-1.433782e-02	-1.164643e-02	-3.999081e-03
2709          	OVC	-1.459138e-02	-6.612036e-03	-6.172647e-03
2709          	shield_slave	-1.433782e-02	-1.164643e-02	-3.999081e-03
2710          	OVC	-1.459138e-02	-6.612036e-03	-6.172647e-03
2710          	shield_slave	-1.433782e-02	-1.164643e-02	-3.999081e-03
2711          	OVC	-1.459138e-02	-6.612036e-03	-6.172647e-03
2711          	shield_slave	-1.433782e-02	-1.164643e-02	-3.999081e-03
2712          	OVC	-1.459138e-02	-6.612036e-03	-6.172647e-03
2712          	shield_slave	-1.433782e-02	-1.164643e-02	-3.999081e-03
2713          	OVC	-1.459138e-02	-6.612036e-03	-6.172647e-03
2713          	shield_slave	-1.433782e-02	-1.164643e-02	-3.999081e-03
2714          	OVC	-1.459138e-02	-6.612036e-03	-6.172647e-03
2714          	shield_slave	-1.433782e-02	-1.164643e-02	-3.999081e-03
2715          	OVC	-1.459138e-02	-6.612036e-03	-6.172647e-03
2715          	shield_slave	-1.433782e-02	-1.164643e-02	-3.999081e-03
2716          	OVC	-1.459138e-02	-6.612036e-03	-6.172647e-03
2716          	shield_slave	-1.433782e-02	-1.164643e-02	-3.999081e-03
2717          	OVC	-1.459138e-02	-6.612036e-03	-6.172647e-03
2717          	shield_slave	-1.433782e-02	-1.164643e-02	-3.999081e-03
2718          	OVC	-1.459138e-02	-6.612036e-03	-6.172647e-03
2718          	shield_slave	-1.433782e-02	-1.164643e-02	-3.999081e-03
2719          	OVC	-1.459138e-02	-6.612036e-03	-6.172647e-03
2719          	shield_slave	-1.433782e-02	-1.164643e-02	-3.999081e-03
2720          	OVC	-1.459138e-02	-6.612036e-03	-6.172647e-03
2720          	shield_slave	-1.433782e-02	-1.164643e-02	-3.999081e-03
2721          	OVC	-1.459138e-02	-6.612036e-03	-6.172647e-03
2721          	shield_slave	-1.433782e-02	-1.164643e-02	-3.999081e-03
2722          	OVC	-1.459138e-02	-6.612036e-03	-6.172647e-03
2722          	shield_slave	-1.433782e-02	-1.164643e-02	-3.999081e-03
2723          	OVC	-1.459138e-02	-6.612036e-03	-6.172647e-03
2723          	shield_slave	-1.433782e-02	-1.164643e-02	-3.999081e-03
2724          	OVC	-1.459138e-02	-6.612036e-03	-6.172647e-03
2724          	shield_slave	-1.433782e-02	-1.164643e-02	-3.999081e-03
2725          	OVC	-1.459138e-02	-6.612036e-03	-6.172647e-03
2725          	shield_slave	-1.433782e-02	-1.164643e-02	-3.999081e-03
2726          	OVC	-1.459138e-02	-6.612036e-03	-6.172647e-03
2726          	shield_slave	-1.433782e-02	-1.164643e-02	-3.999081e-03
2727          	OVC	-1.459138e-02	-6.612036e-03	-6.172647e-03
2727          	shield_slave	-1.433782e-02	-1.164643e-02	-3.999081e-03
2728          	OVC	-1.459138e-02	-6.612036e-03	-6.172647e-03
2728          	shield_slave	-1.433782e-02	-1.164643e-02	-3.999081e-03
2729          	OVC	-1.459138e-02	-6.612036e-03	-6.172647e-03
2729          	shield_slave	-1.433782e-02	-1.164643e-02	-3.999081e-03
2730          	OVC	-1.459138e-02	-6.612036e-03	-6.172647e-03
2730          	shield_slave	-1.433782e-02	-1.164643e-02	-3.999081e-03
2731          	OVC	-1.459138e-02	-6.612036e-03	-6.172647e-03
2731          	shield_slave	-1.433782e-02	-1.164643e-02	-3.999081e-03
2732          	OVC	-1.459138e-02	-6.612036e-03	-6.172647e-03
2732          	shield_slave	-1.433782e-02	-1.164643e-02	-3.999081e-03
2733          	OVC	-1.459138e-02	-6.612036e-03	-6.172647e-03
2733          	shield_slave	-1.433782e-02	-1.164643e-02	-3.999081e-03
2734          	OVC	-1.459138e-02	-6.612036e-03	-6.172647e-03
2734          	shield_slave	-1.433782e-02	-1.164643e-02	-3.999081e-03
2735          	OVC	-1.459138e-02	-6.612036e-03	-6.172647e-03
2735          	shield_slave	-1.433782e-02	-1.164643e-02	-3.999081e-03
2736          	OVC	-1.459138e-02	-6.612036e-03	-6.172647e-03
2736          	shield_slave	-1.433782e-02	-1.164643e-02	-3.999081e-03
2737          	OVC	-1.459138e-02	-6.612036e-03	-6.172647e-03
2737          	shield_slave	-1.433782e-02	-1.164643e-02	-3.999081e-03
2738          	OVC	-1.459138e-02	-6.612036e-03	-6.172647e-03
2738          	shield_slave	-1.433782e-02	-1.164643e-02	-3.999081e-03
2739          	OVC	-1.459138e-02	-6.612036e-03	-6.172647e-03
2739          	shield_slave	-1.433782e-02	-1.164643e-02	-3.999081e-03
2740          	OVC	-1.459138e-02	-6.612036e-03	-6.172647e-03
2740          	shield_slave	-1.433782e-02	-1.164643e-02	-3.999081e-03
2741          	OVC	-1.459138e-02	-6.612036e-03	-6.172647e-03
2741          	shield_slave	-1.433782e-02	-1.164643e-02	-3.999081e-03
2742          	OVC	-1.459138e-02	-6.612036e-03	-6.172647e-03
2742          	shield_slave	-1.433782e-02	-1.164643e-02	-3.999081e-03
2743          	OVC	-1.459138e-02	-6.612036e-03	-6.172647e-03
2743          	shield_slave	-1.433782e-02	-1.164643e-02	-3.999081e-03
2744          	OVC	-1.459138e-02	-6.612036e-03	-6.172647e-03
2744          	shield_slave	-1.433782e-02	-1.164643e-02	-3.999081e-03
2745          	OVC	-1.459138e-02	-6.612036e-03	-6.172647e-03
2745          	shield_slave	-1.433782e-02	-1.164643e-02	-3.999081e-03
2746          	OVC	-1.459138e-02	-6.612036e-03	-6.172647e-03
2746          	shield_slave	-1.433782e-02	-1.164643e-02	-3.999081e-03
2747          	OVC	-1.459138e-02	-6.612036e-03	-6.172647e-03
2747          	shield_slave	-1.433782e-02	-1.164643e-02	-3.999081e-03
2748          	OVC	-1.459138e-02	-6.612036e-03	-6.172647e-03
2748          	shield_slave	-1.433782e-02	-1.164643e-02	-3.999081e-03
2749          	OVC	-1.459138e-02	-6.612036e-03	-6.172647e-03
2749          	shield_slave	-1.433782e-02	-1.164643e-02	-3.999081e-03
2750          	OVC	-1.459138e-02	-6.612036e-03	-6.172647e-03
2750          	shield_slave	-1.433782e-02	-1.164643e-02	-3.999081e-03
2751          	OVC	-1.459138e-02	-6.612036e-03	-6.172647e-03
2751          	shield_slave	-1.433782e-02	-1.164643e-02	-3.999081e-03
2752          	OVC	-1.459138e-02	-6.612036e-03	-6.172647e-03
2752          	shield_slave	-1.433782e-02	-1.164643e-02	-3.999081e-03
2753          	OVC	-1.459138e-02	-6.612036e-03	-6.172647e-03
2753          	shield_slave	-1.433782e-02	-1.164643e-02	-3.999081e-03
2754          	OVC	-1.459138e-02	-6.612036e-03	-6.172647e-03
2754          	shield_slave	-1.433782e-02	-1.164643e-02	-3.999081e-03
2755          	OVC	-1.459138e-02	-6.612036e-03	-6.172647e-03
2755          	shield_slave	-1.433782e-02	-1.164643e-02	-3.999081e-03
2756          	OVC	-1.459138e-02	-6.612036e-03	-6.172647e-03
2756          	shield_slave	-1.433782e-02	-1.164643e-02	-3.999081e-03
2757          	OVC	-1.459138e-02	-6.612036e-03	-6.172647e-03
2757          	shield_slave	-1.433782e-02	-1.164643e-02	-3.999081e-03
2758          	OVC	-1.459138e-02	-6.612036e-03	-6.172647e-03
2758          	shield_slave	-1.433782e-02	-1.164643e-02	-3.999081e-03
2759          	OVC	-1.459138e-02	-6.612036e-03	-6.172647e-03
2759          	shield_slave	-1.433782e-02	-1.164643e-02	-3.999081e-03
2760          	OVC	-1.459138e-02	-6.612036e-03	-6.172647e-03
2760          	shield_slave	-1.433782e-02	-1.164643e-02	-3.999081e-03
2761          	OVC	-1.459138e-02	-6.612036e-03	-6.172647e-03
2761          	shield_slave	-1.433782e-02	-1.164643e-02	-3.999081e-03
2762          	OVC	-1.459138e-02	-6.612036e-03	-6.172647e-03
2762          	shield_slave	-1.433782e-02	-1.164643e-02	-3.999081e-03
2763          	OVC	-1.459138e-02	-6.612036e-03	-6.172647e-03
2763          	shield_slave	-1.433782e-02	-1.164643e-02	-3.999081e-03
2764          	OVC	-1.459138e-02	-6.612036e-03	-6.172647e-03
2764          	shield_slave	-1.433782e-02	-1.164643e-02	-3.999081e-03
2765          	OVC	-1.459138e-02	-6.612036e-03	-6.172647e-03
2765          	shield_slave	-1.433782e-02	-1.164643e-02	-3.999081e-03
2766          	OVC	-1.459138e-02	-6.612036e-03	-6.172647e-03
2766          	shield_slave	-1.433782e-02	-1.164643e-02	-3.999081e-03
2767          	OVC	-1.459138e-02	-6.612036e-03	-6.172647e-03
2767          	shield_slave	-1.433782e-02	-1.164643e-02	-3.999081e-03
2768          	OVC	-1.459138e-02	-6.612036e-03	-6.172647e-03
2768          	shield_slave	-1.433782e-02	-1.164643e-02	-3.999081e-03
2769          	OVC	-1.459138e-02	-6.612036e-03	-6.172647e-03
2769          	shield_slave	-1.433782e-02	-1.164643e-02	-3.999081e-03
2770          	OVC	-1.459138e-02	-6.612036e-03	-6.172647e-03
2770          	shield_slave	-1.433782e-02	-1.164643e-02	-3.999081e-03
2771          	OVC	-1.459138e-02	-6.612036e-03	-6.172647e-03
2771          	shield_slave	-1.433782e-02	-1.164643e-02	-3.999081e-03
2772          	OVC	-1.459138e-02	-6.612036e-03	-6.172647e-03
2772          	shield_slave	-1.433782e-02	-1.164643e-02	-3.999081e-03
2773          	OVC	-1.459138e-02	-6.612036e-03	-6.172647e-03
2773          	shield_slave	-1.433782e-02	-1.164643e-02	-3.999081e-03
2774          	OVC	-1.459138e-02	-6.612036e-03	-6.172647e-03
2774          	shield_slave	-1.433782e-02	-1.164643e-02	-3.999081e-03
2775          	OVC	-1.459138e-02	-6.612036e-03	-6.172647e-03
2775          	shield_slave	-1.433782e-02	-1.164643e-02	-3.999081e-03
2776          	OVC	-1.459138e-02	-6.612036e-03	-6.172647e-03
2776          	shield_slave	-1.433782e-02	-1.164643e-02	-3.999081e-03
2777          	OVC	-1.459138e-02	-6.612036e-03	-6.172647e-03
2777          	shield_slave	-1.433782e-02	-1.164643e-02	-3.999081e-03
2778          	OVC	-1.459138e-02	-6.612036e-03	-6.172647e-03
2778          	shield_slave	-1.433782e-02	-1.164643e-02	-3.999081e-03
2779          	OVC	-1.459138e-02	-6.612036e-03	-6.172647e-03
2779          	shield_slave	-1.433782e-02	-1.164643e-02	-3.999081e-03
2780          	OVC	-1.459138e-02	-6.612036e-03	-6.172647e-03
2780          	shield_slave	-1.433782e-02	-1.164643e-02	-3.999081e-03
2781          	OVC	-1.459138e-02	-6.612036e-03	-6.172647e-03
2781          	shield_slave	-1.433782e-02	-1.164643e-02	-3.999081e-03
2782          	OVC	-1.459138e-02	-6.612036e-03	-6.172647e-03
2782          	shield_slave	-1.433782e-02	-1.164643e-02	-3.999081e-03
2783          	OVC	-1.459138e-02	-6.612036e-03	-6.172647e-03
2783          	shield_slave	-1.433782e-02	-1.164643e-02	-3.999081e-03
2784          	OVC	-1.459138e-02	-6.612036e-03	-6.172647e-03
2784          	shield_slave	-1.433782e-02	-1.164643e-02	-3.999081e-03
2785          	OVC	-1.459138e-02	-6.612036e-03	-6.172647e-03
2785          	shield_slave	-1.433782e-02	-1.164643e-02	-3.999081e-03
2786          	OVC	-1.459138e-02	-6.612036e-03	-6.172647e-03
2786          	shield_slave	-1.433782e-02	-1.164643e-02	-3.999081e-03
2787          	OVC	-1.459138e-02	-6.612036e-03	-6.172647e-03
2787          	shield_slave	-1.433782e-02	-1.164643e-02	-3.999081e-03
2788          	OVC	-1.459138e-02	-6.612036e-03	-6.172647e-03
2788          	shield_slave	-1.433782e-02	-1.164643e-02	-3.999081e-03
2789          	OVC	-1.459138e-02	-6.612036e-03	-6.172647e-03
2789          	shield_slave	-1.433782e-02	-1.164643e-02	-3.999081e-03
2790          	OVC	-1.459138e-02	-6.612036e-03	-6.172647e-03
2790          	shield_slave	-1.433782e-02	-1.164643e-02	-3.999081e-03
2791          	OVC	-1.459138e-02	-6.612036e-03	-6.172647e-03
2791          	shield_slave	-1.433782e-02	-1.164643e-02	-3.999081e-03
2792          	OVC	-1.459138e-02	-6.612036e-03	-6.172647e-03
2792          	shield_slave	-1.433782e-02	-1.164643e-02	-3.999081e-03
2793          	OVC	-1.459138e-02	-6.612036e-03	-6.172647e-03
2793          	shield_slave	-1.433782e-02	-1.164643e-02	-3.999081e-03
2794          	OVC	-1.459138e-02	-6.612036e-03	-6.172647e-03
2794          	shield_slave	-1.433782e-02	-1.164643e-02	-3.999081e-03
2795          	OVC	-1.459138e-02	-6.612036e-03	-6.172647e-03
2795          	shield_slave	-1.433782e-02	-1.164643e-02	-3.999081e-03
2796          	OVC	-1.459138e-02	-6.612036e-03	-6.172647e-03
2796          	shield_slave	-1.433782e-02	-1.164643e-02	-3.999081e-03
2797          	OVC	-1.459138e-02	-6.612036e-03	-6.172647e-03
2797          	shield_slave	-1.433782e-02	-1.164643e-02	-3.999081e-03
2798          	OVC	-1.459138e-02	-6.612036e-03	-6.172647e-03
2798          	shield_slave	-1.433782e-02	-1.164643e-02	-3.999081e-03
2799          	OVC	-1.459138e-02	-6.612036e-03	-6.172647e-03
2799          	shield_slave	-1.433782e-02	-1.164643e-02	-3.999081e-03
2800          	OVC	-1.459138e-02	-6.612036e-03	-6.172647e-03
2800          	shield_slave	-1.433782e-02	-1.164643e-02	-3.999081e-03
2801          	OVC	-1.459138e-02	-6.612036e-03	-6.172647e-03
2801          	shield_slave	-1.433782e-02	-1.164643e-02	-3.999081e-03
2802          	OVC	-1.459138e-02	-6.612036e-03	-6.172647e-03
2802          	shield_slave	-1.433782e-02	-1.164643e-02	-3.999081e-03
2803          	OVC	-1.459138e-02	-6.612036e-03	-6.172647e-03
2803          	shield_slave	-1.433782e-02	-1.164643e-02	-3.999081e-03
2804          	OVC	-1.459138e-02	-6.612036e-03	-6.172647e-03
2804          	shield_slave	-1.433782e-02	-1.164643e-02	-3.999081e-03
2805          	OVC	-1.459138e-02	-6.612036e-03	-6.172647e-03
2805          	shield_slave	-1.433782e-02	-1.164643e-02	-3.999081e-03
2806          	OVC	-1.459138e-02	-6.612036e-03	-6.172647e-03
2806          	shield_slave	-1.433782e-02	-1.164643e-02	-3.999081e-03
2807          	OVC	-1.459138e-02	-6.612036e-03	-6.172647e-03
2807          	shield_slave	-1.433782e-02	-1.164643e-02	-3.999081e-03
2808          	OVC	-1.459138e-02	-6.612036e-03	-6.172647e-03
2808          	shield_slave	-1.433782e-02	-1.164643e-02	-3.999081e-03
2809          	OVC	-1.459138e-02	-6.612036e-03	-6.172647e-03
2809          	shield_slave	-1.433782e-02	-1.164643e-02	-3.999081e-03
2810          	OVC	-1.459138e-02	-6.612036e-03	-6.172647e-03
2810          	shield_slave	-1.433782e-02	-1.164643e-02	-3.999081e-03
2811          	OVC	-1.459138e-02	-6.612036e-03	-6.172647e-03
2811          	shield_slave	-1.433782e-02	-1.164643e-02	-3.999081e-03
2812          	OVC	-1.459138e-02	-6.612036e-03	-6.172647e-03
2812          	shield_slave	-1.433782e-02	-1.164643e-02	-3.999081e-03
2813          	OVC	-1.459138e-02	-6.612036e-03	-6.172647e-03
2813          	shield_slave	-1.433782e-02	-1.164643e-02	-3.999081e-03
2814          	OVC	-1.459138e-02	-6.612036e-03	-6.172647e-03
2814          	shield_slave	-1.433782e-02	-1.164643e-02	-3.999081e-03
2815          	OVC	-1.459138e-02	-6.612036e-03	-6.172647e-03
2815          	shield_slave	-1.433782e-02	-1.164643e-02	-3.999081e-03
2816          	OVC	-1.459138e-02	-6.612036e-03	-6.172647e-03
2816          	shield_slave	-1.433782e-02	-1.164643e-02	-3.999081e-03
2817          	OVC	-1.459138e-02	-6.612036e-03	-6.172647e-03
2817          	shield_slave	-1.433782e-02	-1.164643e-02	-3.999081e-03
2818          	OVC	-1.459138e-02	-6.612036e-03	-6.172647e-03
2818          	shield_slave	-1.433782e-02	-1.164643e-02	-3.999081e-03
2819          	OVC	-1.459138e-02	-6.612036e-03	-6.172647e-03
2819          	shield_slave	-1.433782e-02	-1.164643e-02	-3.999081e-03
2820          	OVC	-1.459138e-02	-6.612036e-03	-6.172647e-03
2820          	shield_slave	-1.433782e-02	-1.164643e-02	-3.999081e-03
2821          	OVC	-1.459138e-02	-6.612036e-03	-6.172647e-03
2821          	shield_slave	-1.433782e-02	-1.164643e-02	-3.999081e-03
2822          	OVC	-1.459138e-02	-6.612036e-03	-6.172647e-03
2822          	shield_slave	-1.433782e-02	-1.164643e-02	-3.999081e-03
2823          	OVC	-1.459138e-02	-6.612036e-03	-6.172647e-03
2823          	shield_slave	-1.433782e-02	-1.164643e-02	-3.999081e-03
2824          	OVC	-1.459138e-02	-6.612036e-03	-6.172647e-03
2824          	shield_slave	-1.433782e-02	-1.164643e-02	-3.999081e-03
2825          	OVC	-1.459138e-02	-6.612036e-03	-6.172647e-03
2825          	shield_slave	-1.433782e-02	-1.164643e-02	-3.999081e-03
2826          	OVC	-1.459138e-02	-6.612036e-03	-6.172647e-03
2826          	shield_slave	-1.433782e-02	-1.164643e-02	-3.999081e-03
2827          	OVC	-1.459138e-02	-6.612036e-03	-6.172647e-03
2827          	shield_slave	-1.433782e-02	-1.164643e-02	-3.999081e-03
2828          	OVC	-1.459138e-02	-6.612036e-03	-6.172647e-03
2828          	shield_slave	-1.433782e-02	-1.164643e-02	-3.999081e-03
2829          	OVC	-1.459138e-02	-6.612036e-03	-6.172647e-03
2829          	shield_slave	-1.433782e-02	-1.164643e-02	-3.999081e-03
2830          	OVC	-1.459138e-02	-6.612036e-03	-6.172647e-03
2830          	shield_slave	-1.433782e-02	-1.164643e-02	-3.999081e-03
2831          	OVC	-1.459138e-02	-6.612036e-03	-6.172647e-03
2831          	shield_slave	-1.433782e-02	-1.164643e-02	-3.999081e-03
2832          	OVC	-1.459138e-02	-6.612036e-03	-6.172647e-03
2832          	shield_slave	-1.433782e-02	-1.164643e-02	-3.999081e-03
2833          	OVC	-1.459138e-02	-6.612036e-03	-6.172647e-03
2833          	shield_slave	-1.433782e-02	-1.164643e-02	-3.999081e-03
2834          	OVC	-1.459138e-02	-6.612036e-03	-6.172647e-03
2834          	shield_slave	-1.433782e-02	-1.164643e-02	-3.999081e-03
2835          	OVC	-1.459138e-02	-6.612036e-03	-6.172647e-03
2835          	shield_slave	-1.433782e-02	-1.164643e-02	-3.999081e-03
2836          	OVC	-1.459138e-02	-6.612036e-03	-6.172647e-03
2836          	shield_slave	-1.433782e-02	-1.164643e-02	-3.999081e-03
2837          	OVC	-1.459138e-02	-6.612036e-03	-6.172647e-03
2837          	shield_slave	-1.433782e-02	-1.164643e-02	-3.999081e-03
2838          	OVC	-1.459138e-02	-6.612036e-03	-6.172647e-03
2838          	shield_slave	-1.433782e-02	-1.164643e-02	-3.999081e-03
2839          	OVC	-1.459138e-02	-6.612036e-03	-6.172647e-03
2839          	shield_slave	-1.433782e-02	-1.164643e-02	-3.999081e-03
2840          	OVC	-1.459138e-02	-6.612036e-03	-6.172647e-03
2840          	shield_slave	-1.433782e-02	-1.164643e-02	-3.999081e-03
2841          	OVC	-1.459138e-02	-6.612036e-03	-6.172647e-03
2841          	shield_slave	-1.433782e-02	-1.164643e-02	-3.999081e-03
2842          	OVC	-1.459138e-02	-6.612036e-03	-6.172647e-03
2842          	shield_slave	-1.433782e-02	-1.164643e-02	-3.999081e-03
2843          	OVC	-1.459138e-02	-6.612036e-03	-6.172647e-03
2843          	shield_slave	-1.433782e-02	-1.164643e-02	-3.999081e-03
2844          	OVC	-1.459138e-02	-6.612036e-03	-6.172647e-03
2844          	shield_slave	-1.433782e-02	-1.164643e-02	-3.999081e-03
2845          	OVC	-1.459138e-02	-6.612036e-03	-6.172647e-03
2845          	shield_slave	-1.433782e-02	-1.164643e-02	-3.999081e-03
2846          	OVC	-1.459138e-02	-6.612036e-03	-6.172647e-03
2846          	shield_slave	-1.433782e-02	-1.164643e-02	-3.999081e-03
2847          	OVC	-1.459138e-02	-6.612036e-03	-6.172647e-03
2847          	shield_slave	-1.433782e-02	-1.164643e-02	-3.999081e-03
2848          	OVC	-1.459138e-02	-6.612036e-03	-6.172647e-03
2848          	shield_slave	-1.433782e-02	-1.164643e-02	-3.999081e-03
2849          	OVC	-1.459138e-02	-6.612036e-03	-6.172647e-03
2849          	shield_slave	-1.433782e-02	-1.164643e-02	-3.999081e-03
2850          	OVC	-1.459138e-02	-6.612036e-03	-6.172647e-03
2850          	shield_slave	-1.433782e-02	-1.164643e-02	-3.999081e-03
2851          	OVC	-1.459138e-02	-6.612036e-03	-6.172647e-03
2851          	shield_slave	-1.433782e-02	-1.164643e-02	-3.999081e-03
2852          	OVC	-1.459138e-02	-6.612036e-03	-6.172647e-03
2852          	shield_slave	-1.433782e-02	-1.164643e-02	-3.999081e-03
2853          	OVC	-1.459138e-02	-6.612036e-03	-6.172647e-03
2853          	shield_slave	-1.433782e-02	-1.164643e-02	-3.999081e-03
2854          	OVC	-1.459138e-02	-6.612036e-03	-6.172647e-03
2854          	shield_slave	-1.433782e-02	-1.164643e-02	-3.999081e-03
2855          	OVC	-1.459138e-02	-6.612036e-03	-6.172647e-03
2855          	shield_slave	-1.433782e-02	-1.164643e-02	-3.999081e-03
2856          	OVC	-1.459138e-02	-6.612036e-03	-6.172647e-03
2856          	shield_slave	-1.433782e-02	-1.164643e-02	-3.999081e-03
2857          	OVC	-1.459138e-02	-6.612036e-03	-6.172647e-03
2857          	shield_slave	-1.433782e-02	-1.164643e-02	-3.999081e-03
2858          	OVC	-1.459138e-02	-6.612036e-03	-6.172647e-03
2858          	shield_slave	-1.433782e-02	-1.164643e-02	-3.999081e-03
2859          	OVC	-1.459138e-02	-6.612036e-03	-6.172647e-03
2859          	shield_slave	-1.433782e-02	-1.164643e-02	-3.999081e-03
2860          	OVC	-1.459138e-02	-6.612036e-03	-6.172647e-03
2860          	shield_slave	-1.433782e-02	-1.164643e-02	-3.999081e-03
2861          	OVC	-1.459138e-02	-6.612036e-03	-6.172647e-03
2861          	shield_slave	-1.433782e-02	-1.164643e-02	-3.999081e-03
2862          	OVC	-1.459138e-02	-6.612036e-03	-6.172647e-03
2862          	shield_slave	-1.433782e-02	-1.164643e-02	-3.999081e-03
2863          	OVC	-1.459138e-02	-6.612036e-03	-6.172647e-03
2863          	shield_slave	-1.433782e-02	-1.164643e-02	-3.999081e-03
2864          	OVC	-1.459138e-02	-6.612036e-03	-6.172647e-03
2864          	shield_slave	-1.433782e-02	-1.164643e-02	-3.999081e-03
2865          	OVC	-1.459138e-02	-6.612036e-03	-6.172647e-03
2865          	shield_slave	-1.433782e-02	-1.164643e-02	-3.999081e-03
2866          	OVC	-1.459138e-02	-6.612036e-03	-6.172647e-03
2866          	shield_slave	-1.433782e-02	-1.164643e-02	-3.999081e-03
2867          	OVC	-1.459138e-02	-6.612036e-03	-6.172647e-03
2867          	shield_slave	-1.433782e-02	-1.164643e-02	-3.999081e-03
2868          	OVC	-1.459138e-02	-6.612036e-03	-6.172647e-03
2868          	shield_slave	-1.433782e-02	-1.164643e-02	-3.999081e-03
2869          	OVC	-1.459138e-02	-6.612036e-03	-6.172647e-03
2869          	shield_slave	-1.433782e-02	-1.164643e-02	-3.999081e-03
2870          	OVC	-1.459138e-02	-6.612036e-03	-6.172647e-03
2870          	shield_slave	-1.433782e-02	-1.164643e-02	-3.999081e-03
2871          	OVC	-1.459138e-02	-6.612036e-03	-6.172647e-03
2871          	shield_slave	-1.433782e-02	-1.164643e-02	-3.999081e-03
2872          	OVC	-1.459138e-02	-6.612036e-03	-6.172647e-03
2872          	shield_slave	-1.433782e-02	-1.164643e-02	-3.999081e-03
2873          	OVC	-1.459138e-02	-6.612036e-03	-6.172647e-03
2873          	shield_slave	-1.433782e-02	-1.164643e-02	-3.999081e-03
2874          	OVC	-1.459138e-02	-6.612036e-03	-6.172647e-03
2874          	shield_slave	-1.433782e-02	-1.164643e-02	-3.999081e-03
2875          	OVC	-1.459138e-02	-6.612036e-03	-6.172647e-03
2875          	shield_slave	-1.433782e-02	-1.164643e-02	-3.999081e-03
2876          	OVC	-1.459138e-02	-6.612036e-03	-6.172647e-03
2876          	shield_slave	-1.433782e-02	-1.164643e-02	-3.999081e-03
2877          	OVC	-1.459138e-02	-6.612036e-03	-6.172647e-03
2877          	shield_slave	-1.433782e-02	-1.164643e-02	-3.999081e-03
2878          	OVC	-1.459138e-02	-6.612036e-03	-6.172647e-03
2878          	shield_slave	-1.433782e-02	-1.164643e-02	-3.999081e-03
2879          	OVC	-1.459138e-02	-6.612036e-03	-6.172647e-03
2879          	shield_slave	-1.433782e-02	-1.164643e-02	-3.999081e-03
2880          	OVC	-1.459138e-02	-6.612036e-03	-6.172647e-03
2880          	shield_slave	-1.433782e-02	-1.164643e-02	-3.999081e-03
2881          	OVC	-1.459138e-02	-6.612036e-03	-6.172647e-03
2881          	shield_slave	-1.433782e-02	-1.164643e-02	-3.999081e-03
2882          	OVC	-1.459138e-02	-6.612036e-03	-6.172647e-03
2882          	shield_slave	-1.433782e-02	-1.164643e-02	-3.999081e-03
2883          	OVC	-1.459138e-02	-6.612036e-03	-6.172647e-03
2883          	shield_slave	-1.433782e-02	-1.164643e-02	-3.999081e-03
2884          	OVC	-1.459138e-02	-6.612036e-03	-6.172647e-03
2884          	shield_slave	-1.433782e-02	-1.164643e-02	-3.999081e-03
2885          	OVC	-1.459138e-02	-6.612036e-03	-6.172647e-03
2885          	shield_slave	-1.433782e-02	-1.164643e-02	-3.999081e-03
2886          	OVC	-1.459138e-02	-6.612036e-03	-6.172647e-03
2886          	shield_slave	-1.433782e-02	-1.164643e-02	-3.999081e-03
2887          	OVC	-1.459138e-02	-6.612036e-03	-6.172647e-03
2887          	shield_slave	-1.433782e-02	-1.164643e-02	-3.999081e-03
2888          	OVC	-1.459138e-02	-6.612036e-03	-6.172647e-03
2888          	shield_slave	-1.433782e-02	-1.164643e-02	-3.999081e-03
2889          	OVC	-1.459138e-02	-6.612036e-03	-6.172647e-03
2889          	shield_slave	-1.433782e-02	-1.164643e-02	-3.999081e-03
2890          	OVC	-1.459138e-02	-6.612036e-03	-6.172647e-03
2890          	shield_slave	-1.433782e-02	-1.164643e-02	-3.999081e-03
2891          	OVC	-1.459138e-02	-6.612036e-03	-6.172647e-03
2891          	shield_slave	-1.433782e-02	-1.164643e-02	-3.999081e-03
2892          	OVC	-1.459138e-02	-6.612036e-03	-6.172647e-03
2892          	shield_slave	-1.433782e-02	-1.164643e-02	-3.999081e-03
2893          	OVC	-1.459138e-02	-6.612036e-03	-6.172647e-03
2893          	shield_slave	-1.433782e-02	-1.164643e-02	-3.999081e-03
2894          	OVC	-1.459138e-02	-6.612036e-03	-6.172647e-03
2894          	shield_slave	-1.433782e-02	-1.164643e-02	-3.999081e-03
2895          	OVC	-1.459138e-02	-6.612036e-03	-6.172647e-03
2895          	shield_slave	-1.433782e-02	-1.164643e-02	-3.999081e-03
2896          	OVC	-1.459138e-02	-6.612036e-03	-6.172647e-03
2896          	shield_slave	-1.433782e-02	-1.164643e-02	-3.999081e-03
2897          	OVC	-1.459138e-02	-6.612036e-03	-6.172647e-03
2897          	shield_slave	-1.433782e-02	-1.164643e-02	-3.999081e-03
2898          	OVC	-1.459138e-02	-6.612036e-03	-6.172647e-03
2898          	shield_slave	-1.433782e-02	-1.164643e-02	-3.999081e-03
2899          	OVC	-1.459138e-02	-6.612036e-03	-6.172647e-03
2899          	shield_slave	-1.433782e-02	-1.164643e-02	-3.999081e-03
2900          	OVC	-1.459138e-02	-6.612036e-03	-6.172647e-03
2900          	shield_slave	-1.433782e-02	-1.164643e-02	-3.999081e-03
2901          	OVC	-1.459138e-02	-6.612036e-03	-6.172647e-03
2901          	shield_slave	-1.433782e-02	-1.164643e-02	-3.999081e-03
2902          	OVC	-1.459138e-02	-6.612036e-03	-6.172647e-03
2902          	shield_slave	-1.433782e-02	-1.164643e-02	-3.999081e-03
2903          	OVC	-1.459138e-02	-6.612036e-03	-6.172647e-03
2903          	shield_slave	-1.433782e-02	-1.164643e-02	-3.999081e-03
2904          	OVC	-1.459138e-02	-6.612036e-03	-6.172647e-03
2904          	shield_slave	-1.433782e-02	-1.164643e-02	-3.999081e-03
2905          	OVC	-1.459138e-02	-6.612036e-03	-6.172647e-03
2905          	shield_slave	-1.433782e-02	-1.164643e-02	-3.999081e-03
2906          	OVC	-1.459138e-02	-6.612036e-03	-6.172647e-03
2906          	shield_slave	-1.433782e-02	-1.164643e-02	-3.999081e-03
2907          	OVC	-1.459138e-02	-6.612036e-03	-6.172647e-03
2907          	shield_slave	-1.433782e-02	-1.164643e-02	-3.999081e-03
2908          	OVC	-1.459138e-02	-6.612036e-03	-6.172647e-03
2908          	shield_slave	-1.433782e-02	-1.164643e-02	-3.999081e-03
2909          	OVC	-1.459138e-02	-6.612036e-03	-6.172647e-03
2909          	shield_slave	-1.433782e-02	-1.164643e-02	-3.999081e-03
2910          	OVC	-1.459138e-02	-6.612036e-03	-6.172647e-03
2910          	shield_slave	-1.433782e-02	-1.164643e-02	-3.999081e-03
2911          	OVC	-1.459138e-02	-6.612036e-03	-6.172647e-03
2911          	shield_slave	-1.433782e-02	-1.164643e-02	-3.999081e-03
2912          	OVC	-1.459138e-02	-6.612036e-03	-6.172647e-03
2912          	shield_slave	-1.433782e-02	-1.164643e-02	-3.999081e-03
2913          	OVC	-1.459138e-02	-6.612036e-03	-6.172647e-03
2913          	shield_slave	-1.433782e-02	-1.164643e-02	-3.999081e-03
2914          	OVC	-1.459138e-02	-6.612036e-03	-6.172647e-03
2914          	shield_slave	-1.433782e-02	-1.164643e-02	-3.999081e-03
2915          	OVC	-1.459138e-02	-6.612036e-03	-6.172647e-03
2915          	shield_slave	-1.433782e-02	-1.164643e-02	-3.999081e-03
2916          	OVC	-1.459138e-02	-6.612036e-03	-6.172647e-03
2916          	shield_slave	-1.433782e-02	-1.164643e-02	-3.999081e-03
2917          	OVC	-1.459138e-02	-6.612036e-03	-6.172647e-03
2917          	shield_slave	-1.433782e-02	-1.164643e-02	-3.999081e-03
2918          	OVC	-1.459138e-02	-6.612036e-03	-6.172647e-03
2918          	shield_slave	-1.433782e-02	-1.164643e-02	-3.999081e-03
2919          	OVC	-1.459138e-02	-6.612036e-03	-6.172647e-03
2919          	shield_slave	-1.433782e-02	-1.164643e-02	-3.999081e-03
2920          	OVC	-1.459138e-02	-6.612036e-03	-6.172647e-03
2920          	shield_slave	-1.433782e-02	-1.164643e-02	-3.999081e-03
2921          	OVC	-1.459138e-02	-6.612036e-03	-6.172647e-03
2921          	shield_slave	-1.433782e-02	-1.164643e-02	-3.999081e-03
2922          	OVC	-1.459138e-02	-6.612036e-03	-6.172647e-03
2922          	shield_slave	-1.433782e-02	-1.164643e-02	-3.999081e-03
2923          	OVC	-1.459138e-02	-6.612036e-03	-6.172647e-03
2923          	shield_slave	-1.433782e-02	-1.164643e-02	-3.999081e-03
2924          	OVC	-1.459138e-02	-6.612036e-03	-6.172647e-03
2924          	shield_slave	-1.433782e-02	-1.164643e-02	-3.999081e-03
2925          	OVC	-1.459138e-02	-6.612036e-03	-6.172647e-03
2925          	shield_slave	-1.433782e-02	-1.164643e-02	-3.999081e-03
2926          	OVC	-1.459138e-02	-6.612036e-03	-6.172647e-03
2926          	shield_slave	-1.433782e-02	-1.164643e-02	-3.999081e-03
2927          	OVC	-1.459138e-02	-6.612036e-03	-6.172647e-03
2927          	shield_slave	-1.433782e-02	-1.164643e-02	-3.999081e-03
2928          	OVC	-1.459138e-02	-6.612036e-03	-6.172647e-03
2928          	shield_slave	-1.433782e-02	-1.164643e-02	-3.999081e-03
2929          	OVC	-1.459138e-02	-6.612036e-03	-6.172647e-03
2929          	shield_slave	-1.433782e-02	-1.164643e-02	-3.999081e-03
2930          	OVC	-1.459138e-02	-6.612036e-03	-6.172647e-03
2930          	shield_slave	-1.433782e-02	-1.164643e-02	-3.999081e-03
2931          	OVC	-1.459138e-02	-6.612036e-03	-6.172647e-03
2931          	shield_slave	-1.433782e-02	-1.164643e-02	-3.999081e-03
2932          	OVC	-1.459138e-02	-6.612036e-03	-6.172647e-03
2932          	shield_slave	-1.433782e-02	-1.164643e-02	-3.999081e-03
2933          	OVC	-1.459138e-02	-6.612036e-03	-6.172647e-03
2933          	shield_slave	-1.433782e-02	-1.164643e-02	-3.999081e-03
2934          	OVC	-1.459138e-02	-6.612036e-03	-6.172647e-03
2934          	shield_slave	-1.433782e-02	-1.164643e-02	-3.999081e-03
2935          	OVC	-1.459138e-02	-6.612036e-03	-6.172647e-03
2935          	shield_slave	-1.433782e-02	-1.164643e-02	-3.999081e-03
2936          	OVC	-1.459138e-02	-6.612036e-03	-6.172647e-03
2936          	shield_slave	-1.433782e-02	-1.164643e-02	-3.999081e-03
2937          	OVC	-1.459138e-02	-6.612036e-03	-6.172647e-03
2937          	shield_slave	-1.433782e-02	-1.164643e-02	-3.999081e-03
2938          	OVC	-1.459138e-02	-6.612036e-03	-6.172647e-03
2938          	shield_slave	-1.433782e-02	-1.164643e-02	-3.999081e-03
2939          	OVC	-1.459138e-02	-6.612036e-03	-6.172647e-03
2939          	shield_slave	-1.433782e-02	-1.164643e-02	-3.999081e-03
2940          	OVC	-1.459138e-02	-6.612036e-03	-6.172647e-03
2940          	shield_slave	-1.433782e-02	-1.164643e-02	-3.999081e-03
2941          	OVC	-1.459138e-02	-6.612036e-03	-6.172647e-03
2941          	shield_slave	-1.433782e-02	-1.164643e-02	-3.999081e-03
2942          	OVC	-1.459138e-02	-6.612036e-03	-6.172647e-03
2942          	shield_slave	-1.433782e-02	-1.164643e-02	-3.999081e-03
2943          	OVC	-1.459138e-02	-6.612036e-03	-6.172647e-03
2943          	shield_slave	-1.433782e-02	-1.164643e-02	-3.999081e-03
2944          	OVC	-1.459138e-02	-6.612036e-03	-6.172647e-03
2944          	shield_slave	-1.433782e-02	-1.164643e-02	-3.999081e-03
2945          	OVC	-1.459138e-02	-6.612036e-03	-6.172647e-03
2945          	shield_slave	-1.433782e-02	-1.164643e-02	-3.999081e-03
2946          	OVC	-1.459138e-02	-6.612036e-03	-6.172647e-03
2946          	shield_slave	-1.433782e-02	-1.164643e-02	-3.999081e-03
2947          	OVC	-1.459138e-02	-6.612036e-03	-6.172647e-03
2947          	shield_slave	-1.433782e-02	-1.164643e-02	-3.999081e-03
2948          	OVC	-1.459138e-02	-6.612036e-03	-6.172647e-03
2948          	shield_slave	-1.433782e-02	-1.164643e-02	-3.999081e-03
2949          	OVC	-1.459138e-02	-6.612036e-03	-6.172647e-03
2949          	shield_slave	-1.433782e-02	-1.164643e-02	-3.999081e-03
2950          	OVC	-1.459138e-02	-6.612036e-03	-6.172647e-03
2950          	shield_slave	-1.433782e-02	-1.164643e-02	-3.999081e-03
2951          	OVC	-1.459138e-02	-6.612036e-03	-6.172647e-03
2951          	shield_slave	-1.433782e-02	-1.164643e-02	-3.999081e-03
2952          	OVC	-1.459138e-02	-6.612036e-03	-6.172647e-03
2952          	shield_slave	-1.433782e-02	-1.164643e-02	-3.999081e-03
2953          	OVC	-1.459138e-02	-6.612036e-03	-6.172647e-03
2953          	shield_slave	-1.433782e-02	-1.164643e-02	-3.999081e-03
2954          	OVC	-1.459138e-02	-6.612036e-03	-6.172647e-03
2954          	shield_slave	-1.433782e-02	-1.164643e-02	-3.999081e-03
2955          	OVC	-1.459138e-02	-6.612036e-03	-6.172647e-03
2955          	shield_slave	-1.433782e-02	-1.164643e-02	-3.999081e-03
2956          	OVC	-1.459138e-02	-6.612036e-03	-6.172647e-03
2956          	shield_slave	-1.433782e-02	-1.164643e-02	-3.999081e-03
2957          	OVC	-1.459138e-02	-6.612036e-03	-6.172647e-03
2957          	shield_slave	-1.433782e-02	-1.164643e-02	-3.999081e-03
2958          	OVC	-1.459138e-02	-6.612036e-03	-6.172647e-03
2958          	shield_slave	-1.433782e-02	-1.164643e-02	-3.999081e-03
2959          	OVC	-1.459138e-02	-6.612036e-03	-6.172647e-03
2959          	shield_slave	-1.433782e-02	-1.164643e-02	-3.999081e-03
2960          	OVC	-1.459138e-02	-6.612036e-03	-6.172647e-03
2960          	shield_slave	-1.433782e-02	-1.164643e-02	-3.999081e-03
2961          	OVC	-1.459138e-02	-6.612036e-03	-6.172647e-03
2961          	shield_slave	-1.433782e-02	-1.164643e-02	-3.999081e-03
2962          	OVC	-1.459138e-02	-6.612036e-03	-6.172647e-03
2962          	shield_slave	-1.433782e-02	-1.164643e-02	-3.999081e-03
2963          	OVC	-1.459138e-02	-6.612036e-03	-6.172647e-03
2963          	shield_slave	-1.433782e-02	-1.164643e-02	-3.999081e-03
2964          	OVC	-1.459138e-02	-6.612036e-03	-6.172647e-03
2964          	shield_slave	-1.433782e-02	-1.164643e-02	-3.999081e-03
2965          	OVC	-1.459138e-02	-6.612036e-03	-6.172647e-03
2965          	shield_slave	-1.433782e-02	-1.164643e-02	-3.999081e-03
2966          	OVC	-1.459138e-02	-6.612036e-03	-6.172647e-03
2966          	shield_slave	-1.433782e-02	-1.164643e-02	-3.999081e-03
2967          	OVC	-1.459138e-02	-6.612036e-03	-6.172647e-03
2967          	shield_slave	-1.433782e-02	-1.164643e-02	-3.999081e-03
2968          	OVC	-1.459138e-02	-6.612036e-03	-6.172647e-03
2968          	shield_slave	-1.433782e-02	-1.164643e-02	-3.999081e-03
2969          	OVC	-1.459138e-02	-6.612036e-03	-6.172647e-03
2969          	shield_slave	-1.433782e-02	-1.164643e-02	-3.999081e-03
2970          	OVC	-1.459138e-02	-6.612036e-03	-6.172647e-03
2970          	shield_slave	-1.433782e-02	-1.164643e-02	-3.999081e-03
2971          	OVC	-1.459138e-02	-6.612036e-03	-6.172647e-03
2971          	shield_slave	-1.433782e-02	-1.164643e-02	-3.999081e-03
2972          	OVC	-1.459138e-02	-6.612036e-03	-6.172647e-03
2972          	shield_slave	-1.433782e-02	-1.164643e-02	-3.999081e-03
2973          	OVC	-1.459138e-02	-6.612036e-03	-6.172647e-03
2973          	shield_slave	-1.433782e-02	-1.164643e-02	-3.999081e-03
2974          	OVC	-1.459138e-02	-6.612036e-03	-6.172647e-03
2974          	shield_slave	-1.433782e-02	-1.164643e-02	-3.999081e-03
2975          	OVC	-1.459138e-02	-6.612036e-03	-6.172647e-03
2975          	shield_slave	-1.433782e-02	-1.164643e-02	-3.999081e-03
2976          	OVC	-1.459138e-02	-6.612036e-03	-6.172647e-03
2976          	shield_slave	-1.433782e-02	-1.164643e-02	-3.999081e-03
2977          	OVC	-1.459138e-02	-6.612036e-03	-6.172647e-03
2977          	shield_slave	-1.433782e-02	-1.164643e-02	-3.999081e-03
2978          	OVC	-1.459138e-02	-6.612036e-03	-6.172647e-03
2978          	shield_slave	-1.433782e-02	-1.164643e-02	-3.999081e-03
2979          	OVC	-1.459138e-02	-6.612036e-03	-6.172647e-03
2979          	shield_slave	-1.433782e-02	-1.164643e-02	-3.999081e-03
2980          	OVC	-1.459138e-02	-6.612036e-03	-6.172647e-03
2980          	shield_slave	-1.433782e-02	-1.164643e-02	-3.999081e-03
2981          	OVC	-1.459138e-02	-6.612036e-03	-6.172647e-03
2981          	shield_slave	-1.433782e-02	-1.164643e-02	-3.999081e-03
2982          	OVC	-1.459138e-02	-6.612036e-03	-6.172647e-03
2982          	shield_slave	-1.433782e-02	-1.164643e-02	-3.999081e-03
2983          	OVC	-1.459138e-02	-6.612036e-03	-6.172647e-03
2983          	shield_slave	-1.433782e-02	-1.164643e-02	-3.999081e-03
2984          	OVC	-1.459138e-02	-6.612036e-03	-6.172647e-03
2984          	shield_slave	-1.433782e-02	-1.164643e-02	-3.999081e-03
2985          	OVC	-1.459138e-02	-6.612036e-03	-6.172647e-03
2985          	shield_slave	-1.433782e-02	-1.164643e-02	-3.999081e-03
2986          	OVC	-1.459138e-02	-6.612036e-03	-6.172647e-03
2986          	shield_slave	-1.433782e-02	-1.164643e-02	-3.999081e-03
2987          	OVC	-1.459138e-02	-6.612036e-03	-6.172647e-03
2987          	shield_slave	-1.433782e-02	-1.164643e-02	-3.999081e-03
2988          	OVC	-1.459138e-02	-6.612036e-03	-6.172647e-03
2988          	shield_slave	-1.433782e-02	-1.164643e-02	-3.999081e-03
2989          	OVC	-1.459138e-02	-6.612036e-03	-6.172647e-03
2989          	shield_slave	-1.433782e-02	-1.164643e-02	-3.999081e-03
2990          	OVC	-1.459138e-02	-6.612036e-03	-6.172647e-03
2990          	shield_slave	-1.433782e-02	-1.164643e-02	-3.999081e-03
2991          	OVC	-1.459138e-02	-6.612036e-03	-6.172647e-03
2991          	shield_slave	-1.433782e-02	-1.164643e-02	-3.999081e-03
2992          	OVC	-1.459138e-02	-6.612036e-03	-6.172647e-03
2992          	shield_slave	-1.433782e-02	-1.164643e-02	-3.999081e-03
2993          	OVC	-1.459138e-02	-6.612036e-03	-6.172647e-03
2993          	shield_slave	-1.433782e-02	-1.164643e-02	-3.999081e-03
2994          	OVC	-1.459138e-02	-6.612036e-03	-6.172647e-03
2994          	shield_slave	-1.433782e-02	-1.164643e-02	-3.999081e-03
2995          	OVC	-1.459138e-02	-6.612036e-03	-6.172647e-03
2995          	shield_slave	-1.433782e-02	-1.164643e-02	-3.999081e-03
2996          	OVC	-1.459138e-02	-6.612036e-03	-6.172647e-03
2996          	shield_slave	-1.433782e-02	-1.164643e-02	-3.999081e-03
2997          	OVC	-1.459138e-02	-6.612036e-03	-6.172647e-03
2997          	shield_slave	-1.433782e-02	-1.164643e-02	-3.999081e-03
2998          	OVC	-1.459138e-02	-6.612036e-03	-6.172647e-03
2998          	shield_slave	-1.433782e-02	-1.164643e-02	-3.999081e-03
2999          	OVC	-1.459138e-02	-6.612036e-03	-6.172647e-03
2999          	shield_slave	-1.433782e-02	-1.164643e-02	-3.999081e-03
3000          	OVC	-1.459138e-02	-6.612036e-03	-6.172647e-03
3000          	shield_slave	-1.433782e-02	-1.164643e-02	-3.999081e-03
3001          	OVC	-1.459138e-02	-6.612036e-03	-6.172647e-03
3001          	shield_slave	-1.433782e-02	-1.164643e-02	-3.999081e-03
3002          	OVC	-1.459138e-02	-6.612036e-03	-6.172647e-03
3002          	shield_slave	-1.433782e-02	-1.164643e-02	-3.999081e-03
3003          	OVC	-1.459138e-02	-6.612036e-03	-6.172647e-03
3003          	shield_slave	-1.433782e-02	-1.164643e-02	-3.999081e-03
3004          	OVC	-1.459138e-02	-6.612036e-03	-6.172647e-03
3004          	shield_slave	-1.433782e-02	-1.164643e-02	-3.999081e-03
3005          	OVC	-1.459138e-02	-6.612036e-03	-6.172647e-03
3005          	shield_slave	-1.433782e-02	-1.164643e-02	-3.999081e-03
3006          	OVC	-1.459138e-02	-6.612036e-03	-6.172647e-03
3006          	shield_slave	-1.433782e-02	-1.164643e-02	-3.999081e-03
3007          	OVC	-1.459138e-02	-6.612036e-03	-6.172647e-03
3007          	shield_slave	-1.433782e-02	-1.164643e-02	-3.999081e-03
3008          	OVC	-1.459138e-02	-6.612036e-03	-6.172647e-03
3008          	shield_slave	-1.433782e-02	-1.164643e-02	-3.999081e-03
3009          	OVC	-1.459138e-02	-6.612036e-03	-6.172647e-03
3009          	shield_slave	-1.433782e-02	-1.164643e-02	-3.999081e-03
3010          	OVC	-1.459138e-02	-6.612036e-03	-6.172647e-03
3010          	shield_slave	-1.433782e-02	-1.164643e-02	-3.999081e-03
3011          	OVC	-1.459138e-02	-6.612036e-03	-6.172647e-03
3011          	shield_slave	-1.433782e-02	-1.164643e-02	-3.999081e-03
3012          	OVC	-1.459138e-02	-6.612036e-03	-6.172647e-03
3012          	shield_slave	-1.433782e-02	-1.164643e-02	-3.999081e-03
3013          	OVC	-1.459138e-02	-6.612036e-03	-6.172647e-03
3013          	shield_slave	-1.433782e-02	-1.164643e-02	-3.999081e-03
3014          	OVC	-1.459138e-02	-6.612036e-03	-6.172647e-03
3014          	shield_slave	-1.433782e-02	-1.164643e-02	-3.999081e-03
3015          	OVC	-1.459138e-02	-6.612036e-03	-6.172647e-03
3015          	shield_slave	-1.433782e-02	-1.164643e-02	-3.999081e-03
3016          	OVC	-1.459138e-02	-6.612036e-03	-6.172647e-03
3016          	shield_slave	-1.433782e-02	-1.164643e-02	-3.999081e-03
3017          	OVC	-1.459138e-02	-6.612036e-03	-6.172647e-03
3017          	shield_slave	-1.433782e-02	-1.164643e-02	-3.999081e-03
3018          	OVC	-1.459138e-02	-6.612036e-03	-6.172647e-03
3018          	shield_slave	-1.433782e-02	-1.164643e-02	-3.999081e-03
3019          	OVC	-1.459138e-02	-6.612036e-03	-6.172647e-03
3019          	shield_slave	-1.433782e-02	-1.164643e-02	-3.999081e-03
3020          	OVC	-1.459138e-02	-6.612036e-03	-6.172647e-03
3020          	shield_slave	-1.433782e-02	-1.164643e-02	-3.999081e-03
3021          	OVC	-1.459138e-02	-6.612036e-03	-6.172647e-03
3021          	shield_slave	-1.433782e-02	-1.164643e-02	-3.999081e-03
3022          	OVC	-1.459138e-02	-6.612036e-03	-6.172647e-03
3022          	shield_slave	-1.433782e-02	-1.164643e-02	-3.999081e-03
3023          	OVC	-1.459138e-02	-6.612036e-03	-6.172647e-03
3023          	shield_slave	-1.433782e-02	-1.164643e-02	-3.999081e-03
3024          	OVC	-1.459138e-02	-6.612036e-03	-6.172647e-03
3024          	shield_slave	-1.433782e-02	-1.164643e-02	-3.999081e-03
3025          	OVC	-1.459138e-02	-6.612036e-03	-6.172647e-03
3025          	shield_slave	-1.433782e-02	-1.164643e-02	-3.999081e-03
3026          	OVC	-1.459138e-02	-6.612036e-03	-6.172647e-03
3026          	shield_slave	-1.433782e-02	-1.164643e-02	-3.999081e-03
3027          	OVC	-1.459138e-02	-6.612036e-03	-6.172647e-03
3027          	shield_slave	-1.433782e-02	-1.164643e-02	-3.999081e-03
3028          	OVC	-1.459138e-02	-6.612036e-03	-6.172647e-03
3028          	shield_slave	-1.433782e-02	-1.164643e-02	-3.999081e-03
3029          	OVC	-1.459138e-02	-6.612036e-03	-6.172647e-03
3029          	shield_slave	-1.433782e-02	-1.164643e-02	-3.999081e-03
3030          	OVC	-1.459138e-02	-6.612036e-03	-6.172647e-03
3030          	shield_slave	-1.433782e-02	-1.164643e-02	-3.999081e-03
3031          	OVC	-1.459138e-02	-6.612036e-03	-6.172647e-03
3031          	shield_slave	-1.433782e-02	-1.164643e-02	-3.999081e-03
3032          	OVC	-1.459138e-02	-6.612036e-03	-6.172647e-03
3032          	shield_slave	-1.433782e-02	-1.164643e-02	-3.999081e-03
3033          	OVC	-1.459138e-02	-6.612036e-03	-6.172647e-03
3033          	shield_slave	-1.433782e-02	-1.164643e-02	-3.999081e-03
3034          	OVC	-1.459138e-02	-6.612036e-03	-6.172647e-03
3034          	shield_slave	-1.433782e-02	-1.164643e-02	-3.999081e-03
3035          	OVC	-1.459138e-02	-6.612036e-03	-6.172647e-03
3035          	shield_slave	-1.433782e-02	-1.164643e-02	-3.999081e-03
3036          	OVC	-1.459138e-02	-6.612036e-03	-6.172647e-03
3036          	shield_slave	-1.433782e-02	-1.164643e-02	-3.999081e-03
3037          	OVC	-1.459138e-02	-6.612036e-03	-6.172647e-03
3037          	shield_slave	-1.433782e-02	-1.164643e-02	-3.999081e-03
3038          	OVC	-1.459138e-02	-6.612036e-03	-6.172647e-03
3038          	shield_slave	-1.433782e-02	-1.164643e-02	-3.999081e-03
3039          	OVC	-1.459138e-02	-6.612036e-03	-6.172647e-03
3039          	shield_slave	-1.433782e-02	-1.164643e-02	-3.999081e-03
3040          	OVC	-1.459138e-02	-6.612036e-03	-6.172647e-03
3040          	shield_slave	-1.433782e-02	-1.164643e-02	-3.999081e-03
3041          	OVC	-1.459138e-02	-6.612036e-03	-6.172647e-03
3041          	shield_slave	-1.433782e-02	-1.164643e-02	-3.999081e-03
3042          	OVC	-1.459138e-02	-6.612036e-03	-6.172647e-03
3042          	shield_slave	-1.433782e-02	-1.164643e-02	-3.999081e-03
3043          	OVC	-1.459138e-02	-6.612036e-03	-6.172647e-03
3043          	shield_slave	-1.433782e-02	-1.164643e-02	-3.999081e-03
3044          	OVC	-1.459138e-02	-6.612036e-03	-6.172647e-03
3044          	shield_slave	-1.433782e-02	-1.164643e-02	-3.999081e-03
3045          	OVC	-1.459138e-02	-6.612036e-03	-6.172647e-03
3045          	shield_slave	-1.433782e-02	-1.164643e-02	-3.999081e-03
3046          	OVC	-1.459138e-02	-6.612036e-03	-6.172647e-03
3046          	shield_slave	-1.433782e-02	-1.164643e-02	-3.999081e-03
3047          	OVC	-1.459138e-02	-6.612036e-03	-6.172647e-03
3047          	shield_slave	-1.433782e-02	-1.164643e-02	-3.999081e-03
3048          	OVC	-1.459138e-02	-6.612036e-03	-6.172647e-03
3048          	shield_slave	-1.433782e-02	-1.164643e-02	-3.999081e-03
3049          	OVC	-1.459138e-02	-6.612036e-03	-6.172647e-03
3049          	shield_slave	-1.433782e-02	-1.164643e-02	-3.999081e-03
3050          	OVC	-1.459138e-02	-6.612036e-03	-6.172647e-03
3050          	shield_slave	-1.433782e-02	-1.164643e-02	-3.999081e-03
3051          	OVC	-1.459138e-02	-6.612036e-03	-6.172647e-03
3051          	shield_slave	-1.433782e-02	-1.164643e-02	-3.999081e-03
3052          	OVC	-1.459138e-02	-6.612036e-03	-6.172647e-03
3052          	shield_slave	-1.433782e-02	-1.164643e-02	-3.999081e-03
3053          	OVC	-1.459138e-02	-6.612036e-03	-6.172647e-03
3053          	shield_slave	-1.433782e-02	-1.164643e-02	-3.999081e-03
3054          	OVC	-1.459138e-02	-6.612036e-03	-6.172647e-03
3054          	shield_slave	-1.433782e-02	-1.164643e-02	-3.999081e-03
3055          	OVC	-1.459138e-02	-6.612036e-03	-6.172647e-03
3055          	shield_slave	-1.433782e-02	-1.164643e-02	-3.999081e-03
3056          	OVC	-1.459138e-02	-6.612036e-03	-6.172647e-03
3056          	shield_slave	-1.433782e-02	-1.164643e-02	-3.999081e-03
3057          	OVC	-1.459138e-02	-6.612036e-03	-6.172647e-03
3057          	shield_slave	-1.433782e-02	-1.164643e-02	-3.999081e-03
3058          	OVC	-1.459138e-02	-6.612036e-03	-6.172647e-03
3058          	shield_slave	-1.433782e-02	-1.164643e-02	-3.999081e-03
3059          	OVC	-1.459138e-02	-6.612036e-03	-6.172647e-03
3059          	shield_slave	-1.433782e-02	-1.164643e-02	-3.999081e-03
3060          	OVC	-1.459138e-02	-6.612036e-03	-6.172647e-03
3060          	shield_slave	-1.433782e-02	-1.164643e-02	-3.999081e-03
3061          	OVC	-1.459138e-02	-6.612036e-03	-6.172647e-03
3061          	shield_slave	-1.433782e-02	-1.164643e-02	-3.999081e-03
3062          	OVC	-1.459138e-02	-6.612036e-03	-6.172647e-03
3062          	shield_slave	-1.433782e-02	-1.164643e-02	-3.999081e-03
3063          	OVC	-1.459138e-02	-6.612036e-03	-6.172647e-03
3063          	shield_slave	-1.433782e-02	-1.164643e-02	-3.999081e-03
3064          	OVC	-1.459138e-02	-6.612036e-03	-6.172647e-03
3064          	shield_slave	-1.433782e-02	-1.164643e-02	-3.999081e-03
3065          	OVC	-1.459138e-02	-6.612036e-03	-6.172647e-03
3065          	shield_slave	-1.433782e-02	-1.164643e-02	-3.999081e-03
3066          	OVC	-1.459138e-02	-6.612036e-03	-6.172647e-03
3066          	shield_slave	-1.433782e-02	-1.164643e-02	-3.999081e-03
3067          	OVC	-1.459138e-02	-6.612036e-03	-6.172647e-03
3067          	shield_slave	-1.433782e-02	-1.164643e-02	-3.999081e-03
3068          	OVC	-1.459138e-02	-6.612036e-03	-6.172647e-03
3068          	shield_slave	-1.433782e-02	-1.164643e-02	-3.999081e-03
3069          	OVC	-1.459138e-02	-6.612036e-03	-6.172647e-03
3069          	shield_slave	-1.433782e-02	-1.164643e-02	-3.999081e-03
3070          	OVC	-1.459138e-02	-6.612036e-03	-6.172647e-03
3070          	shield_slave	-1.433782e-02	-1.164643e-02	-3.999081e-03
3071          	OVC	-1.459138e-02	-6.612036e-03	-6.172647e-03
3071          	shield_slave	-1.433782e-02	-1.164643e-02	-3.999081e-03
3072          	OVC	-1.459138e-02	-6.612036e-03	-6.172647e-03
3072          	shield_slave	-1.433782e-02	-1.164643e-02	-3.999081e-03
3073          	OVC	-1.459138e-02	-6.612036e-03	-6.172647e-03
3073          	shield_slave	-1.433782e-02	-1.164643e-02	-3.999081e-03
3074          	OVC	-1.459138e-02	-6.612036e-03	-6.172647e-03
3074          	shield_slave	-1.433782e-02	-1.164643e-02	-3.999081e-03
3075          	OVC	-1.459138e-02	-6.612036e-03	-6.172647e-03
3075          	shield_slave	-1.433782e-02	-1.164643e-02	-3.999081e-03
3076          	OVC	-1.459138e-02	-6.612036e-03	-6.172647e-03
3076          	shield_slave	-1.433782e-02	-1.164643e-02	-3.999081e-03
3077          	OVC	-1.459138e-02	-6.612036e-03	-6.172647e-03
3077          	shield_slave	-1.433782e-02	-1.164643e-02	-3.999081e-03
3078          	OVC	-1.459138e-02	-6.612036e-03	-6.172647e-03
3078          	shield_slave	-1.433782e-02	-1.164643e-02	-3.999081e-03
3079          	OVC	-1.459138e-02	-6.612036e-03	-6.172647e-03
3079          	shield_slave	-1.433782e-02	-1.164643e-02	-3.999081e-03
3080          	OVC	-1.459138e-02	-6.612036e-03	-6.172647e-03
3080          	shield_slave	-1.433782e-02	-1.164643e-02	-3.999081e-03
3081          	OVC	-1.459138e-02	-6.612036e-03	-6.172647e-03
3081          	shield_slave	-1.433782e-02	-1.164643e-02	-3.999081e-03
3082          	OVC	-1.459138e-02	-6.612036e-03	-6.172647e-03
3082          	shield_slave	-1.433782e-02	-1.164643e-02	-3.999081e-03
3083          	OVC	-1.459138e-02	-6.612036e-03	-6.172647e-03
3083          	shield_slave	-1.433782e-02	-1.164643e-02	-3.999081e-03
3084          	OVC	-1.459138e-02	-6.612036e-03	-6.172647e-03
3084          	shield_slave	-1.433782e-02	-1.164643e-02	-3.999081e-03
3085          	OVC	-1.459138e-02	-6.612036e-03	-6.172647e-03
3085          	shield_slave	-1.433782e-02	-1.164643e-02	-3.999081e-03
3086          	OVC	-1.459138e-02	-6.612036e-03	-6.172647e-03
3086          	shield_slave	-1.433782e-02	-1.164643e-02	-3.999081e-03
3087          	OVC	-1.459138e-02	-6.612036e-03	-6.172647e-03
3087          	shield_slave	-1.433782e-02	-1.164643e-02	-3.999081e-03
3088          	OVC	-1.459138e-02	-6.612036e-03	-6.172647e-03
3088          	shield_slave	-1.433782e-02	-1.164643e-02	-3.999081e-03
3089          	OVC	-1.459138e-02	-6.612036e-03	-6.172647e-03
3089          	shield_slave	-1.433782e-02	-1.164643e-02	-3.999081e-03
3090          	OVC	-1.459138e-02	-6.612036e-03	-6.172647e-03
3090          	shield_slave	-1.433782e-02	-1.164643e-02	-3.999081e-03
3091          	OVC	-1.459138e-02	-6.612036e-03	-6.172647e-03
3091          	shield_slave	-1.433782e-02	-1.164643e-02	-3.999081e-03
3092          	OVC	-1.459138e-02	-6.612036e-03	-6.172647e-03
3092          	shield_slave	-1.433782e-02	-1.164643e-02	-3.999081e-03
3093          	OVC	-1.459138e-02	-6.612036e-03	-6.172647e-03
3093          	shield_slave	-1.433782e-02	-1.164643e-02	-3.999081e-03
3094          	OVC	-1.459138e-02	-6.612036e-03	-6.172647e-03
3094          	shield_slave	-1.433782e-02	-1.164643e-02	-3.999081e-03
3095          	OVC	-1.459138e-02	-6.612036e-03	-6.172647e-03
3095          	shield_slave	-1.433782e-02	-1.164643e-02	-3.999081e-03
3096          	OVC	-1.459138e-02	-6.612036e-03	-6.172647e-03
3096          	shield_slave	-1.433782e-02	-1.164643e-02	-3.999081e-03
3097          	OVC	-1.459138e-02	-6.612036e-03	-6.172647e-03
3097          	shield_slave	-1.433782e-02	-1.164643e-02	-3.999081e-03
3098          	OVC	-1.459138e-02	-6.612036e-03	-6.172647e-03
3098          	shield_slave	-1.433782e-02	-1.164643e-02	-3.999081e-03
3099          	OVC	-1.459138e-02	-6.612036e-03	-6.172647e-03
3099          	shield_slave	-1.433782e-02	-1.164643e-02	-3.999081e-03
3100          	OVC	-1.459138e-02	-6.612036e-03	-6.172647e-03
3100          	shield_slave	-1.433782e-02	-1.164643e-02	-3.999081e-03
3101          	OVC	-1.459138e-02	-6.612036e-03	-6.172647e-03
3101          	shield_slave	-1.433782e-02	-1.164643e-02	-3.999081e-03
3102          	OVC	-1.459138e-02	-6.612036e-03	-6.172647e-03
3102          	shield_slave	-1.433782e-02	-1.164643e-02	-3.999081e-03
3103          	OVC	-1.459138e-02	-6.612036e-03	-6.172647e-03
3103          	shield_slave	-1.433782e-02	-1.164643e-02	-3.999081e-03
3104          	OVC	-1.459138e-02	-6.612036e-03	-6.172647e-03
3104          	shield_slave	-1.433782e-02	-1.164643e-02	-3.999081e-03
3105          	OVC	-1.459138e-02	-6.612036e-03	-6.172647e-03
3105          	shield_slave	-1.433782e-02	-1.164643e-02	-3.999081e-03
3106          	OVC	-1.459138e-02	-6.612036e-03	-6.172647e-03
3106          	shield_slave	-1.433782e-02	-1.164643e-02	-3.999081e-03
3107          	OVC	-1.459138e-02	-6.612036e-03	-6.172647e-03
3107          	shield_slave	-1.433782e-02	-1.164643e-02	-3.999081e-03
3108          	OVC	-1.459138e-02	-6.612036e-03	-6.172647e-03
3108          	shield_slave	-1.433782e-02	-1.164643e-02	-3.999081e-03
3109          	OVC	-1.459138e-02	-6.612036e-03	-6.172647e-03
3109          	shield_slave	-1.433782e-02	-1.164643e-02	-3.999081e-03
3110          	OVC	-1.459138e-02	-6.612036e-03	-6.172647e-03
3110          	shield_slave	-1.433782e-02	-1.164643e-02	-3.999081e-03
3111          	OVC	-1.459138e-02	-6.612036e-03	-6.172647e-03
3111          	shield_slave	-1.433782e-02	-1.164643e-02	-3.999081e-03
3112          	OVC	-1.459138e-02	-6.612036e-03	-6.172647e-03
3112          	shield_slave	-1.433782e-02	-1.164643e-02	-3.999081e-03
3113          	OVC	-1.459138e-02	-6.612036e-03	-6.172647e-03
3113          	shield_slave	-1.433782e-02	-1.164643e-02	-3.999081e-03
3114          	OVC	-1.459138e-02	-6.612036e-03	-6.172647e-03
3114          	shield_slave	-1.433782e-02	-1.164643e-02	-3.999081e-03
3115          	OVC	-1.459138e-02	-6.612036e-03	-6.172647e-03
3115          	shield_slave	-1.433782e-02	-1.164643e-02	-3.999081e-03
3116          	OVC	-1.459138e-02	-6.612036e-03	-6.172647e-03
3116          	shield_slave	-1.433782e-02	-1.164643e-02	-3.999081e-03
3117          	OVC	-1.459138e-02	-6.612036e-03	-6.172647e-03
3117          	shield_slave	-1.433782e-02	-1.164643e-02	-3.999081e-03
3118          	OVC	-1.459138e-02	-6.612036e-03	-6.172647e-03
3118          	shield_slave	-1.433782e-02	-1.164643e-02	-3.999081e-03
3119          	OVC	-1.459138e-02	-6.612036e-03	-6.172647e-03
3119          	shield_slave	-1.433782e-02	-1.164643e-02	-3.999081e-03
3120          	OVC	-1.459138e-02	-6.612036e-03	-6.172647e-03
3120          	shield_slave	-1.433782e-02	-1.164643e-02	-3.999081e-03
3121          	OVC	-1.459138e-02	-6.612036e-03	-6.172647e-03
3121          	shield_slave	-1.433782e-02	-1.164643e-02	-3.999081e-03
3122          	OVC	-1.459138e-02	-6.612036e-03	-6.172647e-03
3122          	shield_slave	-1.433782e-02	-1.164643e-02	-3.999081e-03
3123          	OVC	-1.459138e-02	-6.612036e-03	-6.172647e-03
3123          	shield_slave	-1.433782e-02	-1.164643e-02	-3.999081e-03
3124          	OVC	-1.459138e-02	-6.612036e-03	-6.172647e-03
3124          	shield_slave	-1.433782e-02	-1.164643e-02	-3.999081e-03
3125          	OVC	-1.459138e-02	-6.612036e-03	-6.172647e-03
3125          	shield_slave	-1.433782e-02	-1.164643e-02	-3.999081e-03
3126          	OVC	-1.459138e-02	-6.612036e-03	-6.172647e-03
3126          	shield_slave	-1.433782e-02	-1.164643e-02	-3.999081e-03
3127          	OVC	-1.459138e-02	-6.612036e-03	-6.172647e-03
3127          	shield_slave	-1.433782e-02	-1.164643e-02	-3.999081e-03
3128          	OVC	-1.459138e-02	-6.612036e-03	-6.172647e-03
3128          	shield_slave	-1.433782e-02	-1.164643e-02	-3.999081e-03
3129          	OVC	-1.459138e-02	-6.612036e-03	-6.172647e-03
3129          	shield_slave	-1.433782e-02	-1.164643e-02	-3.999081e-03
3130          	OVC	-1.459138e-02	-6.612036e-03	-6.172647e-03
3130          	shield_slave	-1.433782e-02	-1.164643e-02	-3.999081e-03
3131          	OVC	-1.459138e-02	-6.612036e-03	-6.172647e-03
3131          	shield_slave	-1.433782e-02	-1.164643e-02	-3.999081e-03
3132          	OVC	-1.459138e-02	-6.612036e-03	-6.172647e-03
3132          	shield_slave	-1.433782e-02	-1.164643e-02	-3.999081e-03
3133          	OVC	-1.459138e-02	-6.612036e-03	-6.172647e-03
3133          	shield_slave	-1.433782e-02	-1.164643e-02	-3.999081e-03
3134          	OVC	-1.459138e-02	-6.612036e-03	-6.172647e-03
3134          	shield_slave	-1.433782e-02	-1.164643e-02	-3.999081e-03
3135          	OVC	-1.459138e-02	-6.612036e-03	-6.172647e-03
3135          	shield_slave	-1.433782e-02	-1.164643e-02	-3.999081e-03
3136          	OVC	-1.459138e-02	-6.612036e-03	-6.172647e-03
3136          	shield_slave	-1.433782e-02	-1.164643e-02	-3.999081e-03
3137          	OVC	-1.459138e-02	-6.612036e-03	-6.172647e-03
3137          	shield_slave	-1.433782e-02	-1.164643e-02	-3.999081e-03
3138          	OVC	-1.459138e-02	-6.612036e-03	-6.172647e-03
3138          	shield_slave	-1.433782e-02	-1.164643e-02	-3.999081e-03
3139          	OVC	-1.459138e-02	-6.612036e-03	-6.172647e-03
3139          	shield_slave	-1.433782e-02	-1.164643e-02	-3.999081e-03
3140          	OVC	-1.459138e-02	-6.612036e-03	-6.172647e-03
3140          	shield_slave	-1.433782e-02	-1.164643e-02	-3.999081e-03
3141          	OVC	-1.459138e-02	-6.612036e-03	-6.172647e-03
3141          	shield_slave	-1.433782e-02	-1.164643e-02	-3.999081e-03
3142          	OVC	-1.459138e-02	-6.612036e-03	-6.172647e-03
3142          	shield_slave	-1.433782e-02	-1.164643e-02	-3.999081e-03
3143          	OVC	-1.459138e-02	-6.612036e-03	-6.172647e-03
3143          	shield_slave	-1.433782e-02	-1.164643e-02	-3.999081e-03
3144          	OVC	-1.459138e-02	-6.612036e-03	-6.172647e-03
3144          	shield_slave	-1.433782e-02	-1.164643e-02	-3.999081e-03
3145          	OVC	-1.459138e-02	-6.612036e-03	-6.172647e-03
3145          	shield_slave	-1.433782e-02	-1.164643e-02	-3.999081e-03
3146          	OVC	-1.459138e-02	-6.612036e-03	-6.172647e-03
3146          	shield_slave	-1.433782e-02	-1.164643e-02	-3.999081e-03
3147          	OVC	-1.459138e-02	-6.612036e-03	-6.172647e-03
3147          	shield_slave	-1.433782e-02	-1.164643e-02	-3.999081e-03
3148          	OVC	-1.459138e-02	-6.612036e-03	-6.172647e-03
3148          	shield_slave	-1.433782e-02	-1.164643e-02	-3.999081e-03
3149          	OVC	-1.459138e-02	-6.612036e-03	-6.172647e-03
3149          	shield_slave	-1.433782e-02	-1.164643e-02	-3.999081e-03
3150          	OVC	-1.459138e-02	-6.612036e-03	-6.172647e-03
3150          	shield_slave	-1.433782e-02	-1.164643e-02	-3.999081e-03
3151          	OVC	-1.459138e-02	-6.612036e-03	-6.172647e-03
3151          	shield_slave	-1.433782e-02	-1.164643e-02	-3.999081e-03
3152          	OVC	-1.459138e-02	-6.612036e-03	-6.172647e-03
3152          	shield_slave	-1.433782e-02	-1.164643e-02	-3.999081e-03
3153          	OVC	-1.459138e-02	-6.612036e-03	-6.172647e-03
3153          	shield_slave	-1.433782e-02	-1.164643e-02	-3.999081e-03
3154          	OVC	-1.459138e-02	-6.612036e-03	-6.172647e-03
3154          	shield_slave	-1.433782e-02	-1.164643e-02	-3.999081e-03
3155          	OVC	-1.459138e-02	-6.612036e-03	-6.172647e-03
3155          	shield_slave	-1.433782e-02	-1.164643e-02	-3.999081e-03
3156          	OVC	-1.459138e-02	-6.612036e-03	-6.172647e-03
3156          	shield_slave	-1.433782e-02	-1.164643e-02	-3.999081e-03
3157          	OVC	-1.459138e-02	-6.612036e-03	-6.172647e-03
3157          	shield_slave	-1.433782e-02	-1.164643e-02	-3.999081e-03
3158          	OVC	-1.459138e-02	-6.612036e-03	-6.172647e-03
3158          	shield_slave	-1.433782e-02	-1.164643e-02	-3.999081e-03
3159          	OVC	-1.459138e-02	-6.612036e-03	-6.172647e-03
3159          	shield_slave	-1.433782e-02	-1.164643e-02	-3.999081e-03
3160          	OVC	-1.459138e-02	-6.612036e-03	-6.172647e-03
3160          	shield_slave	-1.433782e-02	-1.164643e-02	-3.999081e-03
3161          	OVC	-1.459138e-02	-6.612036e-03	-6.172647e-03
3161          	shield_slave	-1.433782e-02	-1.164643e-02	-3.999081e-03
3162          	OVC	-1.459138e-02	-6.612036e-03	-6.172647e-03
3162          	shield_slave	-1.433782e-02	-1.164643e-02	-3.999081e-03
3163          	OVC	-1.459138e-02	-6.612036e-03	-6.172647e-03
3163          	shield_slave	-1.433782e-02	-1.164643e-02	-3.999081e-03
3164          	OVC	-1.459138e-02	-6.612036e-03	-6.172647e-03
3164          	shield_slave	-1.433782e-02	-1.164643e-02	-3.999081e-03
3165          	OVC	-1.459138e-02	-6.612036e-03	-6.172647e-03
3165          	shield_slave	-1.433782e-02	-1.164643e-02	-3.999081e-03
3166          	OVC	-1.459138e-02	-6.612036e-03	-6.172647e-03
3166          	shield_slave	-1.433782e-02	-1.164643e-02	-3.999081e-03
3167          	OVC	-1.459138e-02	-6.612036e-03	-6.172647e-03
3167          	shield_slave	-1.433782e-02	-1.164643e-02	-3.999081e-03
3168          	OVC	-1.459138e-02	-6.612036e-03	-6.172647e-03
3168          	shield_slave	-1.433782e-02	-1.164643e-02	-3.999081e-03
3169          	OVC	-1.459138e-02	-6.612036e-03	-6.172647e-03
3169          	shield_slave	-1.433782e-02	-1.164643e-02	-3.999081e-03
3170          	OVC	-1.459138e-02	-6.612036e-03	-6.172647e-03
3170          	shield_slave	-1.433782e-02	-1.164643e-02	-3.999081e-03
3171          	OVC	-1.459138e-02	-6.612036e-03	-6.172647e-03
3171          	shield_slave	-1.433782e-02	-1.164643e-02	-3.999081e-03
3172          	OVC	-1.459138e-02	-6.612036e-03	-6.172647e-03
3172          	shield_slave	-1.433782e-02	-1.164643e-02	-3.999081e-03
3173          	OVC	-1.459138e-02	-6.612036e-03	-6.172647e-03
3173          	shield_slave	-1.433782e-02	-1.164643e-02	-3.999081e-03
3174          	OVC	-1.459138e-02	-6.612036e-03	-6.172647e-03
3174          	shield_slave	-1.433782e-02	-1.164643e-02	-3.999081e-03
3175          	OVC	-1.459138e-02	-6.612036e-03	-6.172647e-03
3175          	shield_slave	-1.433782e-02	-1.164643e-02	-3.999081e-03
3176          	OVC	-1.459138e-02	-6.612036e-03	-6.172647e-03
3176          	shield_slave	-1.433782e-02	-1.164643e-02	-3.999081e-03
3177          	OVC	-1.459138e-02	-6.612036e-03	-6.172647e-03
3177          	shield_slave	-1.433782e-02	-1.164643e-02	-3.999081e-03
3178          	OVC	-1.459138e-02	-6.612036e-03	-6.172647e-03
3178          	shield_slave	-1.433782e-02	-1.164643e-02	-3.999081e-03
3179          	OVC	-1.459138e-02	-6.612036e-03	-6.172647e-03
3179          	shield_slave	-1.433782e-02	-1.164643e-02	-3.999081e-03
3180          	OVC	-1.459138e-02	-6.612036e-03	-6.172647e-03
3180          	shield_slave	-1.433782e-02	-1.164643e-02	-3.999081e-03
3181          	OVC	-1.459138e-02	-6.612036e-03	-6.172647e-03
3181          	shield_slave	-1.433782e-02	-1.164643e-02	-3.999081e-03
3182          	OVC	-1.459138e-02	-6.612036e-03	-6.172647e-03
3182          	shield_slave	-1.433782e-02	-1.164643e-02	-3.999081e-03
3183          	OVC	-1.459138e-02	-6.612036e-03	-6.172647e-03
3183          	shield_slave	-1.433782e-02	-1.164643e-02	-3.999081e-03
3184          	OVC	-1.459138e-02	-6.612036e-03	-6.172647e-03
3184          	shield_slave	-1.433782e-02	-1.164643e-02	-3.999081e-03
3185          	OVC	-1.459138e-02	-6.612036e-03	-6.172647e-03
3185          	shield_slave	-1.433782e-02	-1.164643e-02	-3.999081e-03
3186          	OVC	-1.459138e-02	-6.612036e-03	-6.172647e-03
3186          	shield_slave	-1.433782e-02	-1.164643e-02	-3.999081e-03
3187          	OVC	-1.459138e-02	-6.612036e-03	-6.172647e-03
3187          	shield_slave	-1.433782e-02	-1.164643e-02	-3.999081e-03
3188          	OVC	-1.459138e-02	-6.612036e-03	-6.172647e-03
3188          	shield_slave	-1.433782e-02	-1.164643e-02	-3.999081e-03
3189          	OVC	-1.459138e-02	-6.612036e-03	-6.172647e-03
3189          	shield_slave	-1.433782e-02	-1.164643e-02	-3.999081e-03
3190          	OVC	-1.459138e-02	-6.612036e-03	-6.172647e-03
3190          	shield_slave	-1.433782e-02	-1.164643e-02	-3.999081e-03
3191          	OVC	-1.459138e-02	-6.612036e-03	-6.172647e-03
3191          	shield_slave	-1.433782e-02	-1.164643e-02	-3.999081e-03
3192          	OVC	-1.459138e-02	-6.612036e-03	-6.172647e-03
3192          	shield_slave	-1.433782e-02	-1.164643e-02	-3.999081e-03
3193          	OVC	-1.459138e-02	-6.612036e-03	-6.172647e-03
3193          	shield_slave	-1.433782e-02	-1.164643e-02	-3.999081e-03
3194          	OVC	-1.459138e-02	-6.612036e-03	-6.172647e-03
3194          	shield_slave	-1.433782e-02	-1.164643e-02	-3.999081e-03
3195          	OVC	-1.459138e-02	-6.612036e-03	-6.172647e-03
3195          	shield_slave	-1.433782e-02	-1.164643e-02	-3.999081e-03
3196          	OVC	-1.459138e-02	-6.612036e-03	-6.172647e-03
3196          	shield_slave	-1.433782e-02	-1.164643e-02	-3.999081e-03
3197          	OVC	-1.459138e-02	-6.612036e-03	-6.172647e-03
3197          	shield_slave	-1.433782e-02	-1.164643e-02	-3.999081e-03
3198          	OVC	-1.459138e-02	-6.612036e-03	-6.172647e-03
3198          	shield_slave	-1.433782e-02	-1.164643e-02	-3.999081e-03
3199          	OVC	-1.459138e-02	-6.612036e-03	-6.172647e-03
3199          	shield_slave	-1.433782e-02	-1.164643e-02	-3.999081e-03
3200          	OVC	-1.459138e-02	-6.612036e-03	-6.172647e-03
3200          	shield_slave	-1.433782e-02	-1.164643e-02	-3.999081e-03
3201          	OVC	-1.459138e-02	-6.612036e-03	-6.172647e-03
3201          	shield_slave	-1.433782e-02	-1.164643e-02	-3.999081e-03
3202          	OVC	-1.459138e-02	-6.612036e-03	-6.172647e-03
3202          	shield_slave	-1.433782e-02	-1.164643e-02	-3.999081e-03
3203          	OVC	-1.459138e-02	-6.612036e-03	-6.172647e-03
3203          	shield_slave	-1.433782e-02	-1.164643e-02	-3.999081e-03
3204          	OVC	-1.459138e-02	-6.612036e-03	-6.172647e-03
3204          	shield_slave	-1.433782e-02	-1.164643e-02	-3.999081e-03
3205          	OVC	-1.459138e-02	-6.612036e-03	-6.172647e-03
3205          	shield_slave	-1.433782e-02	-1.164643e-02	-3.999081e-03
3206          	OVC	-1.459138e-02	-6.612036e-03	-6.172647e-03
3206          	shield_slave	-1.433782e-02	-1.164643e-02	-3.999081e-03
3207          	OVC	-1.459138e-02	-6.612036e-03	-6.172647e-03
3207          	shield_slave	-1.433782e-02	-1.164643e-02	-3.999081e-03
3208          	OVC	-1.459138e-02	-6.612036e-03	-6.172647e-03
3208          	shield_slave	-1.433782e-02	-1.164643e-02	-3.999081e-03
3209          	OVC	-1.459138e-02	-6.612036e-03	-6.172647e-03
3209          	shield_slave	-1.433782e-02	-1.164643e-02	-3.999081e-03
3210          	OVC	-1.459138e-02	-6.612036e-03	-6.172647e-03
3210          	shield_slave	-1.433782e-02	-1.164643e-02	-3.999081e-03
3211          	OVC	-1.459138e-02	-6.612036e-03	-6.172647e-03
3211          	shield_slave	-1.433782e-02	-1.164643e-02	-3.999081e-03
3212          	OVC	-1.459138e-02	-6.612036e-03	-6.172647e-03
3212          	shield_slave	-1.433782e-02	-1.164643e-02	-3.999081e-03
3213          	OVC	-1.459138e-02	-6.612036e-03	-6.172647e-03
3213          	shield_slave	-1.433782e-02	-1.164643e-02	-3.999081e-03
3214          	OVC	-1.459138e-02	-6.612036e-03	-6.172647e-03
3214          	shield_slave	-1.433782e-02	-1.164643e-02	-3.999081e-03
3215          	OVC	-1.459138e-02	-6.612036e-03	-6.172647e-03
3215          	shield_slave	-1.433782e-02	-1.164643e-02	-3.999081e-03
3216          	OVC	-1.459138e-02	-6.612036e-03	-6.172647e-03
3216          	shield_slave	-1.433782e-02	-1.164643e-02	-3.999081e-03
3217          	OVC	-1.459138e-02	-6.612036e-03	-6.172647e-03
3217          	shield_slave	-1.433782e-02	-1.164643e-02	-3.999081e-03
3218          	OVC	-1.459138e-02	-6.612036e-03	-6.172647e-03
3218          	shield_slave	-1.433782e-02	-1.164643e-02	-3.999081e-03
3219          	OVC	-1.459138e-02	-6.612036e-03	-6.172647e-03
3219          	shield_slave	-1.433782e-02	-1.164643e-02	-3.999081e-03
3220          	OVC	-1.459138e-02	-6.612036e-03	-6.172647e-03
3220          	shield_slave	-1.433782e-02	-1.164643e-02	-3.999081e-03
3221          	OVC	-1.459138e-02	-6.612036e-03	-6.172647e-03
3221          	shield_slave	-1.433782e-02	-1.164643e-02	-3.999081e-03
3222          	OVC	-1.459138e-02	-6.612036e-03	-6.172647e-03
3222          	shield_slave	-1.433782e-02	-1.164643e-02	-3.999081e-03
3223          	OVC	-1.459138e-02	-6.612036e-03	-6.172647e-03
3223          	shield_slave	-1.433782e-02	-1.164643e-02	-3.999081e-03
3224          	OVC	-1.459138e-02	-6.612036e-03	-6.172647e-03
3224          	shield_slave	-1.433782e-02	-1.164643e-02	-3.999081e-03
3225          	OVC	-1.459138e-02	-6.612036e-03	-6.172647e-03
3225          	shield_slave	-1.433782e-02	-1.164643e-02	-3.999081e-03
3226          	OVC	-1.459138e-02	-6.612036e-03	-6.172647e-03
3226          	shield_slave	-1.433782e-02	-1.164643e-02	-3.999081e-03
3227          	OVC	-1.459138e-02	-6.612036e-03	-6.172647e-03
3227          	shield_slave	-1.433782e-02	-1.164643e-02	-3.999081e-03
3228          	OVC	-1.459138e-02	-6.612036e-03	-6.172647e-03
3228          	shield_slave	-1.433782e-02	-1.164643e-02	-3.999081e-03
3229          	OVC	-1.459138e-02	-6.612036e-03	-6.172647e-03
3229          	shield_slave	-1.433782e-02	-1.164643e-02	-3.999081e-03
3230          	OVC	-1.459138e-02	-6.612036e-03	-6.172647e-03
3230          	shield_slave	-1.433782e-02	-1.164643e-02	-3.999081e-03
3231          	OVC	-1.459138e-02	-6.612036e-03	-6.172647e-03
3231          	shield_slave	-1.433782e-02	-1.164643e-02	-3.999081e-03
3232          	OVC	-1.459138e-02	-6.612036e-03	-6.172647e-03
3232          	shield_slave	-1.433782e-02	-1.164643e-02	-3.999081e-03
3233          	OVC	-1.459138e-02	-6.612036e-03	-6.172647e-03
3233          	shield_slave	-1.433782e-02	-1.164643e-02	-3.999081e-03
3234          	OVC	-1.459138e-02	-6.612036e-03	-6.172647e-03
3234          	shield_slave	-1.433782e-02	-1.164643e-02	-3.999081e-03
3235          	OVC	-1.459138e-02	-6.612036e-03	-6.172647e-03
3235          	shield_slave	-1.433782e-02	-1.164643e-02	-3.999081e-03
3236          	OVC	-1.459138e-02	-6.612036e-03	-6.172647e-03
3236          	shield_slave	-1.433782e-02	-1.164643e-02	-3.999081e-03
3237          	OVC	-1.459138e-02	-6.612036e-03	-6.172647e-03
3237          	shield_slave	-1.433782e-02	-1.164643e-02	-3.999081e-03
3238          	OVC	-1.459138e-02	-6.612036e-03	-6.172647e-03
3238          	shield_slave	-1.433782e-02	-1.164643e-02	-3.999081e-03
3239          	OVC	-1.459138e-02	-6.612036e-03	-6.172647e-03
3239          	shield_slave	-1.433782e-02	-1.164643e-02	-3.999081e-03
3240          	OVC	-1.459138e-02	-6.612036e-03	-6.172647e-03
3240          	shield_slave	-1.433782e-02	-1.164643e-02	-3.999081e-03
3241          	OVC	-1.459138e-02	-6.612036e-03	-6.172647e-03
3241          	shield_slave	-1.433782e-02	-1.164643e-02	-3.999081e-03
3242          	OVC	-1.459138e-02	-6.612036e-03	-6.172647e-03
3242          	shield_slave	-1.433782e-02	-1.164643e-02	-3.999081e-03
3243          	OVC	-1.459138e-02	-6.612036e-03	-6.172647e-03
3243          	shield_slave	-1.433782e-02	-1.164643e-02	-3.999081e-03
3244          	OVC	-1.459138e-02	-6.612036e-03	-6.172647e-03
3244          	shield_slave	-1.433782e-02	-1.164643e-02	-3.999081e-03
3245          	OVC	-1.459138e-02	-6.612036e-03	-6.172647e-03
3245          	shield_slave	-1.433782e-02	-1.164643e-02	-3.999081e-03
3246          	OVC	-1.459138e-02	-6.612036e-03	-6.172647e-03
3246          	shield_slave	-1.433782e-02	-1.164643e-02	-3.999081e-03
3247          	OVC	-1.459138e-02	-6.612036e-03	-6.172647e-03
3247          	shield_slave	-1.433782e-02	-1.164643e-02	-3.999081e-03
3248          	OVC	-1.459138e-02	-6.612036e-03	-6.172647e-03
3248          	shield_slave	-1.433782e-02	-1.164643e-02	-3.999081e-03
3249          	OVC	-1.459138e-02	-6.612036e-03	-6.172647e-03
3249          	shield_slave	-1.433782e-02	-1.164643e-02	-3.999081e-03
3250          	OVC	-1.459138e-02	-6.612036e-03	-6.172647e-03
3250          	shield_slave	-1.433782e-02	-1.164643e-02	-3.999081e-03
3251          	OVC	-1.459138e-02	-6.612036e-03	-6.172647e-03
3251          	shield_slave	-1.433782e-02	-1.164643e-02	-3.999081e-03
3252          	OVC	-1.459138e-02	-6.612036e-03	-6.172647e-03
3252          	shield_slave	-1.433782e-02	-1.164643e-02	-3.999081e-03
3253          	OVC	-1.459138e-02	-6.612036e-03	-6.172647e-03
3253          	shield_slave	-1.433782e-02	-1.164643e-02	-3.999081e-03
3254          	OVC	-1.459138e-02	-6.612036e-03	-6.172647e-03
3254          	shield_slave	-1.433782e-02	-1.164643e-02	-3.999081e-03
3255          	OVC	-1.459138e-02	-6.612036e-03	-6.172647e-03
3255          	shield_slave	-1.433782e-02	-1.164643e-02	-3.999081e-03
3256          	OVC	-1.459138e-02	-6.612036e-03	-6.172647e-03
3256          	shield_slave	-1.433782e-02	-1.164643e-02	-3.999081e-03
3257          	OVC	-1.459138e-02	-6.612036e-03	-6.172647e-03
3257          	shield_slave	-1.433782e-02	-1.164643e-02	-3.999081e-03
3258          	OVC	-1.459138e-02	-6.612036e-03	-6.172647e-03
3258          	shield_slave	-1.433782e-02	-1.164643e-02	-3.999081e-03
3259          	OVC	-1.459138e-02	-6.612036e-03	-6.172647e-03
3259          	shield_slave	-1.433782e-02	-1.164643e-02	-3.999081e-03
3260          	OVC	-1.459138e-02	-6.612036e-03	-6.172647e-03
3260          	shield_slave	-1.433782e-02	-1.164643e-02	-3.999081e-03
3261          	OVC	-1.459138e-02	-6.612036e-03	-6.172647e-03
3261          	shield_slave	-1.433782e-02	-1.164643e-02	-3.999081e-03
3262          	OVC	-1.459138e-02	-6.612036e-03	-6.172647e-03
3262          	shield_slave	-1.433782e-02	-1.164643e-02	-3.999081e-03
3263          	OVC	-1.459138e-02	-6.612036e-03	-6.172647e-03
3263          	shield_slave	-1.433782e-02	-1.164643e-02	-3.999081e-03
3264          	OVC	-1.459138e-02	-6.612036e-03	-6.172647e-03
3264          	shield_slave	-1.433782e-02	-1.164643e-02	-3.999081e-03
3265          	OVC	-1.459138e-02	-6.612036e-03	-6.172647e-03
3265          	shield_slave	-1.433782e-02	-1.164643e-02	-3.999081e-03
3266          	OVC	-1.459138e-02	-6.612036e-03	-6.172647e-03
3266          	shield_slave	-1.433782e-02	-1.164643e-02	-3.999081e-03
3267          	OVC	-1.459138e-02	-6.612036e-03	-6.172647e-03
3267          	shield_slave	-1.433782e-02	-1.164643e-02	-3.999081e-03
3268          	OVC	-1.459138e-02	-6.612036e-03	-6.172647e-03
3268          	shield_slave	-1.433782e-02	-1.164643e-02	-3.999081e-03
3269          	OVC	-1.459138e-02	-6.612036e-03	-6.172647e-03
3269          	shield_slave	-1.433782e-02	-1.164643e-02	-3.999081e-03
3270          	OVC	-1.459138e-02	-6.612036e-03	-6.172647e-03
3270          	shield_slave	-1.433782e-02	-1.164643e-02	-3.999081e-03
3271          	OVC	-1.459138e-02	-6.612036e-03	-6.172647e-03
3271          	shield_slave	-1.433782e-02	-1.164643e-02	-3.999081e-03
3272          	OVC	-1.459138e-02	-6.612036e-03	-6.172647e-03
3272          	shield_slave	-1.433782e-02	-1.164643e-02	-3.999081e-03
3273          	OVC	-1.459138e-02	-6.612036e-03	-6.172647e-03
3273          	shield_slave	-1.433782e-02	-1.164643e-02	-3.999081e-03
3274          	OVC	-1.459138e-02	-6.612036e-03	-6.172647e-03
3274          	shield_slave	-1.433782e-02	-1.164643e-02	-3.999081e-03
3275          	OVC	-1.459138e-02	-6.612036e-03	-6.172647e-03
3275          	shield_slave	-1.433782e-02	-1.164643e-02	-3.999081e-03
3276          	OVC	-1.459138e-02	-6.612036e-03	-6.172647e-03
3276          	shield_slave	-1.433782e-02	-1.164643e-02	-3.999081e-03
3277          	OVC	-1.459138e-02	-6.612036e-03	-6.172647e-03
3277          	shield_slave	-1.433782e-02	-1.164643e-02	-3.999081e-03
3278          	OVC	-1.459138e-02	-6.612036e-03	-6.172647e-03
3278          	shield_slave	-1.433782e-02	-1.164643e-02	-3.999081e-03
3279          	OVC	-1.459138e-02	-6.612036e-03	-6.172647e-03
3279          	shield_slave	-1.433782e-02	-1.164643e-02	-3.999081e-03
3280          	OVC	-1.459138e-02	-6.612036e-03	-6.172647e-03
3280          	shield_slave	-1.433782e-02	-1.164643e-02	-3.999081e-03
3281          	OVC	-1.459138e-02	-6.612036e-03	-6.172647e-03
3281          	shield_slave	-1.433782e-02	-1.164643e-02	-3.999081e-03
3282          	OVC	-1.459138e-02	-6.612036e-03	-6.172647e-03
3282          	shield_slave	-1.433782e-02	-1.164643e-02	-3.999081e-03
3283          	OVC	-1.459138e-02	-6.612036e-03	-6.172647e-03
3283          	shield_slave	-1.433782e-02	-1.164643e-02	-3.999081e-03
3284          	OVC	-1.459138e-02	-6.612036e-03	-6.172647e-03
3284          	shield_slave	-1.433782e-02	-1.164643e-02	-3.999081e-03
3285          	OVC	-1.459138e-02	-6.612036e-03	-6.172647e-03
3285          	shield_slave	-1.433782e-02	-1.164643e-02	-3.999081e-03
3286          	OVC	-1.459138e-02	-6.612036e-03	-6.172647e-03
3286          	shield_slave	-1.433782e-02	-1.164643e-02	-3.999081e-03
3287          	OVC	-1.459138e-02	-6.612036e-03	-6.172647e-03
3287          	shield_slave	-1.433782e-02	-1.164643e-02	-3.999081e-03
3288          	OVC	-1.459138e-02	-6.612036e-03	-6.172647e-03
3288          	shield_slave	-1.433782e-02	-1.164643e-02	-3.999081e-03
3289          	OVC	-1.459138e-02	-6.612036e-03	-6.172647e-03
3289          	shield_slave	-1.433782e-02	-1.164643e-02	-3.999081e-03
3290          	OVC	-1.459138e-02	-6.612036e-03	-6.172647e-03
3290          	shield_slave	-1.433782e-02	-1.164643e-02	-3.999081e-03
3291          	OVC	-1.459138e-02	-6.612036e-03	-6.172647e-03
3291          	shield_slave	-1.433782e-02	-1.164643e-02	-3.999081e-03
3292          	OVC	-1.459138e-02	-6.612036e-03	-6.172647e-03
3292          	shield_slave	-1.433782e-02	-1.164643e-02	-3.999081e-03
3293          	OVC	-1.459138e-02	-6.612036e-03	-6.172647e-03
3293          	shield_slave	-1.433782e-02	-1.164643e-02	-3.999081e-03
3294          	OVC	-1.459138e-02	-6.612036e-03	-6.172647e-03
3294          	shield_slave	-1.433782e-02	-1.164643e-02	-3.999081e-03
3295          	OVC	-1.459138e-02	-6.612036e-03	-6.172647e-03
3295          	shield_slave	-1.433782e-02	-1.164643e-02	-3.999081e-03
3296          	OVC	-1.459138e-02	-6.612036e-03	-6.172647e-03
3296          	shield_slave	-1.433782e-02	-1.164643e-02	-3.999081e-03
3297          	OVC	-1.459138e-02	-6.612036e-03	-6.172647e-03
3297          	shield_slave	-1.433782e-02	-1.164643e-02	-3.999081e-03
3298          	OVC	-1.459138e-02	-6.612036e-03	-6.172647e-03
3298          	shield_slave	-1.433782e-02	-1.164643e-02	-3.999081e-03
3299          	OVC	-1.459138e-02	-6.612036e-03	-6.172647e-03
3299          	shield_slave	-1.433782e-02	-1.164643e-02	-3.999081e-03
3300          	OVC	-1.459138e-02	-6.612036e-03	-6.172647e-03
3300          	shield_slave	-1.433782e-02	-1.164643e-02	-3.999081e-03
3301          	OVC	-1.459138e-02	-6.612036e-03	-6.172647e-03
3301          	shield_slave	-1.433782e-02	-1.164643e-02	-3.999081e-03
3302          	OVC	-1.459138e-02	-6.612036e-03	-6.172647e-03
3302          	shield_slave	-1.433782e-02	-1.164643e-02	-3.999081e-03
3303          	OVC	-1.459138e-02	-6.612036e-03	-6.172647e-03
3303          	shield_slave	-1.433782e-02	-1.164643e-02	-3.999081e-03
3304          	OVC	-1.459138e-02	-6.612036e-03	-6.172647e-03
3304          	shield_slave	-1.433782e-02	-1.164643e-02	-3.999081e-03
3305          	OVC	-1.459138e-02	-6.612036e-03	-6.172647e-03
3305          	shield_slave	-1.433782e-02	-1.164643e-02	-3.999081e-03
3306          	OVC	-1.459138e-02	-6.612036e-03	-6.172647e-03
3306          	shield_slave	-1.433782e-02	-1.164643e-02	-3.999081e-03
3307          	OVC	-1.459138e-02	-6.612036e-03	-6.172647e-03
3307          	shield_slave	-1.433782e-02	-1.164643e-02	-3.999081e-03
3308          	OVC	-1.459138e-02	-6.612036e-03	-6.172647e-03
3308          	shield_slave	-1.433782e-02	-1.164643e-02	-3.999081e-03
3309          	OVC	-1.459138e-02	-6.612036e-03	-6.172647e-03
3309          	shield_slave	-1.433782e-02	-1.164643e-02	-3.999081e-03
3310          	OVC	-1.459138e-02	-6.612036e-03	-6.172647e-03
3310          	shield_slave	-1.433782e-02	-1.164643e-02	-3.999081e-03
3311          	OVC	-1.459138e-02	-6.612036e-03	-6.172647e-03
3311          	shield_slave	-1.433782e-02	-1.164643e-02	-3.999081e-03
3312          	OVC	-1.459138e-02	-6.612036e-03	-6.172647e-03
3312          	shield_slave	-1.433782e-02	-1.164643e-02	-3.999081e-03
3313          	OVC	-1.459138e-02	-6.612036e-03	-6.172647e-03
3313          	shield_slave	-1.433782e-02	-1.164643e-02	-3.999081e-03
3314          	OVC	-1.459138e-02	-6.612036e-03	-6.172647e-03
3314          	shield_slave	-1.433782e-02	-1.164643e-02	-3.999081e-03
3315          	OVC	-1.459138e-02	-6.612036e-03	-6.172647e-03
3315          	shield_slave	-1.433782e-02	-1.164643e-02	-3.999081e-03
3316          	OVC	-1.459138e-02	-6.612036e-03	-6.172647e-03
3316          	shield_slave	-1.433782e-02	-1.164643e-02	-3.999081e-03
3317          	OVC	-1.459138e-02	-6.612036e-03	-6.172647e-03
3317          	shield_slave	-1.433782e-02	-1.164643e-02	-3.999081e-03
3318          	OVC	-1.459138e-02	-6.612036e-03	-6.172647e-03
3318          	shield_slave	-1.433782e-02	-1.164643e-02	-3.999081e-03
3319          	OVC	-1.459138e-02	-6.612036e-03	-6.172647e-03
3319          	shield_slave	-1.433782e-02	-1.164643e-02	-3.999081e-03
3320          	OVC	-1.459138e-02	-6.612036e-03	-6.172647e-03
3320          	shield_slave	-1.433782e-02	-1.164643e-02	-3.999081e-03
3321          	OVC	-1.459138e-02	-6.612036e-03	-6.172647e-03
3321          	shield_slave	-1.433782e-02	-1.164643e-02	-3.999081e-03
3322          	OVC	-1.459138e-02	-6.612036e-03	-6.172647e-03
3322          	shield_slave	-1.433782e-02	-1.164643e-02	-3.999081e-03
3323          	OVC	-1.459138e-02	-6.612036e-03	-6.172647e-03
3323          	shield_slave	-1.433782e-02	-1.164643e-02	-3.999081e-03
3324          	OVC	-1.459138e-02	-6.612036e-03	-6.172647e-03
3324          	shield_slave	-1.433782e-02	-1.164643e-02	-3.999081e-03
3325          	OVC	-1.459138e-02	-6.612036e-03	-6.172647e-03
3325          	shield_slave	-1.433782e-02	-1.164643e-02	-3.999081e-03
3326          	OVC	-1.459138e-02	-6.612036e-03	-6.172647e-03
3326          	shield_slave	-1.433782e-02	-1.164643e-02	-3.999081e-03
3327          	OVC	-1.459138e-02	-6.612036e-03	-6.172647e-03
3327          	shield_slave	-1.433782e-02	-1.164643e-02	-3.999081e-03
3328          	OVC	-1.459138e-02	-6.612036e-03	-6.172647e-03
3328          	shield_slave	-1.433782e-02	-1.164643e-02	-3.999081e-03
3329          	OVC	-1.459138e-02	-6.612036e-03	-6.172647e-03
3329          	shield_slave	-1.433782e-02	-1.164643e-02	-3.999081e-03
3330          	OVC	-1.459138e-02	-6.612036e-03	-6.172647e-03
3330          	shield_slave	-1.433782e-02	-1.164643e-02	-3.999081e-03
3331          	OVC	-1.459138e-02	-6.612036e-03	-6.172647e-03
3331          	shield_slave	-1.433782e-02	-1.164643e-02	-3.999081e-03
3332          	OVC	-1.459138e-02	-6.612036e-03	-6.172647e-03
3332          	shield_slave	-1.433782e-02	-1.164643e-02	-3.999081e-03
3333          	OVC	-1.459138e-02	-6.612036e-03	-6.172647e-03
3333          	shield_slave	-1.433782e-02	-1.164643e-02	-3.999081e-03
3334          	OVC	-1.459138e-02	-6.612036e-03	-6.172647e-03
3334          	shield_slave	-1.433782e-02	-1.164643e-02	-3.999081e-03
3335          	OVC	-1.459138e-02	-6.612036e-03	-6.172647e-03
3335          	shield_slave	-1.433782e-02	-1.164643e-02	-3.999081e-03
3336          	OVC	-1.459138e-02	-6.612036e-03	-6.172647e-03
3336          	shield_slave	-1.433782e-02	-1.164643e-02	-3.999081e-03
3337          	OVC	-1.459138e-02	-6.612036e-03	-6.172647e-03
3337          	shield_slave	-1.433782e-02	-1.164643e-02	-3.999081e-03
3338          	OVC	-1.459138e-02	-6.612036e-03	-6.172647e-03
3338          	shield_slave	-1.433782e-02	-1.164643e-02	-3.999081e-03
3339          	OVC	-1.459138e-02	-6.612036e-03	-6.172647e-03
3339          	shield_slave	-1.433782e-02	-1.164643e-02	-3.999081e-03
3340          	OVC	-1.459138e-02	-6.612036e-03	-6.172647e-03
3340          	shield_slave	-1.433782e-02	-1.164643e-02	-3.999081e-03
3341          	OVC	-1.459138e-02	-6.612036e-03	-6.172647e-03
3341          	shield_slave	-1.433782e-02	-1.164643e-02	-3.999081e-03
3342          	OVC	-1.459138e-02	-6.612036e-03	-6.172647e-03
3342          	shield_slave	-1.433782e-02	-1.164643e-02	-3.999081e-03
3343          	OVC	-1.459138e-02	-6.612036e-03	-6.172647e-03
3343          	shield_slave	-1.433782e-02	-1.164643e-02	-3.999081e-03
3344          	OVC	-1.459138e-02	-6.612036e-03	-6.172647e-03
3344          	shield_slave	-1.433782e-02	-1.164643e-02	-3.999081e-03
3345          	OVC	-1.459138e-02	-6.612036e-03	-6.172647e-03
3345          	shield_slave	-1.433782e-02	-1.164643e-02	-3.999081e-03
3346          	OVC	-1.459138e-02	-6.612036e-03	-6.172647e-03
3346          	shield_slave	-1.433782e-02	-1.164643e-02	-3.999081e-03
3347          	OVC	-1.459138e-02	-6.612036e-03	-6.172647e-03
3347          	shield_slave	-1.433782e-02	-1.164643e-02	-3.999081e-03
3348          	OVC	-1.459138e-02	-6.612036e-03	-6.172647e-03
3348          	shield_slave	-1.433782e-02	-1.164643e-02	-3.999081e-03
3349          	OVC	-1.459138e-02	-6.612036e-03	-6.172647e-03
3349          	shield_slave	-1.433782e-02	-1.164643e-02	-3.999081e-03
3350          	OVC	-1.459138e-02	-6.612036e-03	-6.172647e-03
3350          	shield_slave	-1.433782e-02	-1.164643e-02	-3.999081e-03
3351          	OVC	-1.459138e-02	-6.612036e-03	-6.172647e-03
3351          	shield_slave	-1.433782e-02	-1.164643e-02	-3.999081e-03
3352          	OVC	-1.459138e-02	-6.612036e-03	-6.172647e-03
3352          	shield_slave	-1.433782e-02	-1.164643e-02	-3.999081e-03
3353          	OVC	-1.459138e-02	-6.612036e-03	-6.172647e-03
3353          	shield_slave	-1.433782e-02	-1.164643e-02	-3.999081e-03
3354          	OVC	-1.459138e-02	-6.612036e-03	-6.172647e-03
3354          	shield_slave	-1.433782e-02	-1.164643e-02	-3.999081e-03
3355          	OVC	-1.459138e-02	-6.612036e-03	-6.172647e-03
3355          	shield_slave	-1.433782e-02	-1.164643e-02	-3.999081e-03
3356          	OVC	-1.459138e-02	-6.612036e-03	-6.172647e-03
3356          	shield_slave	-1.433782e-02	-1.164643e-02	-3.999081e-03
3357          	OVC	-1.459138e-02	-6.612036e-03	-6.172647e-03
3357          	shield_slave	-1.433782e-02	-1.164643e-02	-3.999081e-03
3358          	OVC	-1.459138e-02	-6.612036e-03	-6.172647e-03
3358          	shield_slave	-1.433782e-02	-1.164643e-02	-3.999081e-03
3359          	OVC	-1.459138e-02	-6.612036e-03	-6.172647e-03
3359          	shield_slave	-1.433782e-02	-1.164643e-02	-3.999081e-03
3360          	OVC	-1.459138e-02	-6.612036e-03	-6.172647e-03
3360          	shield_slave	-1.433782e-02	-1.164643e-02	-3.999081e-03
3361          	OVC	-1.459138e-02	-6.612036e-03	-6.172647e-03
3361          	shield_slave	-1.433782e-02	-1.164643e-02	-3.999081e-03
3362          	OVC	-1.459138e-02	-6.612036e-03	-6.172647e-03
3362          	shield_slave	-1.433782e-02	-1.164643e-02	-3.999081e-03
3363          	OVC	-1.459138e-02	-6.612036e-03	-6.172647e-03
3363          	shield_slave	-1.433782e-02	-1.164643e-02	-3.999081e-03
3364          	OVC	-1.459138e-02	-6.612036e-03	-6.172647e-03
3364          	shield_slave	-1.433782e-02	-1.164643e-02	-3.999081e-03
3365          	OVC	-1.459138e-02	-6.612036e-03	-6.172647e-03
3365          	shield_slave	-1.433782e-02	-1.164643e-02	-3.999081e-03
3366          	OVC	-1.459138e-02	-6.612036e-03	-6.172647e-03
3366          	shield_slave	-1.433782e-02	-1.164643e-02	-3.999081e-03
3367          	OVC	-1.459138e-02	-6.612036e-03	-6.172647e-03
3367          	shield_slave	-1.433782e-02	-1.164643e-02	-3.999081e-03
3368          	OVC	-1.459138e-02	-6.612036e-03	-6.172647e-03
3368          	shield_slave	-1.433782e-02	-1.164643e-02	-3.999081e-03
3369          	OVC	-1.459138e-02	-6.612036e-03	-6.172647e-03
3369          	shield_slave	-1.433782e-02	-1.164643e-02	-3.999081e-03
3370          	OVC	-1.459138e-02	-6.612036e-03	-6.172647e-03
3370          	shield_slave	-1.433782e-02	-1.164643e-02	-3.999081e-03
3371          	OVC	-1.459138e-02	-6.612036e-03	-6.172647e-03
3371          	shield_slave	-1.433782e-02	-1.164643e-02	-3.999081e-03
3372          	OVC	-1.459138e-02	-6.612036e-03	-6.172647e-03
3372          	shield_slave	-1.433782e-02	-1.164643e-02	-3.999081e-03
3373          	OVC	-1.459138e-02	-6.612036e-03	-6.172647e-03
3373          	shield_slave	-1.433782e-02	-1.164643e-02	-3.999081e-03
3374          	OVC	-1.459138e-02	-6.612036e-03	-6.172647e-03
3374          	shield_slave	-1.433782e-02	-1.164643e-02	-3.999081e-03
3375          	OVC	-1.459138e-02	-6.612036e-03	-6.172647e-03
3375          	shield_slave	-1.433782e-02	-1.164643e-02	-3.999081e-03
3376          	OVC	-1.459138e-02	-6.612036e-03	-6.172647e-03
3376          	shield_slave	-1.433782e-02	-1.164643e-02	-3.999081e-03
3377          	OVC	-1.459138e-02	-6.612036e-03	-6.172647e-03
3377          	shield_slave	-1.433782e-02	-1.164643e-02	-3.999081e-03
3378          	OVC	-1.459138e-02	-6.612036e-03	-6.172647e-03
3378          	shield_slave	-1.433782e-02	-1.164643e-02	-3.999081e-03
3379          	OVC	-1.459138e-02	-6.612036e-03	-6.172647e-03
3379          	shield_slave	-1.433782e-02	-1.164643e-02	-3.999081e-03
3380          	OVC	-1.459138e-02	-6.612036e-03	-6.172647e-03
3380          	shield_slave	-1.433782e-02	-1.164643e-02	-3.999081e-03
3381          	OVC	-1.459138e-02	-6.612036e-03	-6.172647e-03
3381          	shield_slave	-1.433782e-02	-1.164643e-02	-3.999081e-03
3382          	OVC	-1.459138e-02	-6.612036e-03	-6.172647e-03
3382          	shield_slave	-1.433782e-02	-1.164643e-02	-3.999081e-03
3383          	OVC	-1.459138e-02	-6.612036e-03	-6.172647e-03
3383          	shield_slave	-1.433782e-02	-1.164643e-02	-3.999081e-03
3384          	OVC	-1.459138e-02	-6.612036e-03	-6.172647e-03
3384          	shield_slave	-1.433782e-02	-1.164643e-02	-3.999081e-03
3385          	OVC	-1.459138e-02	-6.612036e-03	-6.172647e-03
3385          	shield_slave	-1.433782e-02	-1.164643e-02	-3.999081e-03
3386          	OVC	-1.459138e-02	-6.612036e-03	-6.172647e-03
3386          	shield_slave	-1.433782e-02	-1.164643e-02	-3.999081e-03
3387          	OVC	-1.459138e-02	-6.612036e-03	-6.172647e-03
3387          	shield_slave	-1.433782e-02	-1.164643e-02	-3.999081e-03
3388          	OVC	-1.459138e-02	-6.612036e-03	-6.172647e-03
3388          	shield_slave	-1.433782e-02	-1.164643e-02	-3.999081e-03
3389          	OVC	-1.459138e-02	-6.612036e-03	-6.172647e-03
3389          	shield_slave	-1.433782e-02	-1.164643e-02	-3.999081e-03
3390          	OVC	-1.459138e-02	-6.612036e-03	-6.172647e-03
3390          	shield_slave	-1.433782e-02	-1.164643e-02	-3.999081e-03
3391          	OVC	-1.459138e-02	-6.612036e-03	-6.172647e-03
3391          	shield_slave	-1.433782e-02	-1.164643e-02	-3.999081e-03
3392          	OVC	-1.459138e-02	-6.612036e-03	-6.172647e-03
3392          	shield_slave	-1.433782e-02	-1.164643e-02	-3.999081e-03
3393          	OVC	-1.459138e-02	-6.612036e-03	-6.172647e-03
3393          	shield_slave	-1.433782e-02	-1.164643e-02	-3.999081e-03
3394          	OVC	-1.459138e-02	-6.612036e-03	-6.172647e-03
3394          	shield_slave	-1.433782e-02	-1.164643e-02	-3.999081e-03
3395          	OVC	-1.459138e-02	-6.612036e-03	-6.172647e-03
3395          	shield_slave	-1.433782e-02	-1.164643e-02	-3.999081e-03
3396          	OVC	-1.459138e-02	-6.612036e-03	-6.172647e-03
3396          	shield_slave	-1.433782e-02	-1.164643e-02	-3.999081e-03
3397          	OVC	-1.459138e-02	-6.612036e-03	-6.172647e-03
3397          	shield_slave	-1.433782e-02	-1.164643e-02	-3.999081e-03
3398          	OVC	-1.459138e-02	-6.612036e-03	-6.172647e-03
3398          	shield_slave	-1.433782e-02	-1.164643e-02	-3.999081e-03
3399          	OVC	-1.459138e-02	-6.612036e-03	-6.172647e-03
3399          	shield_slave	-1.433782e-02	-1.164643e-02	-3.999081e-03
3400          	OVC	-1.459138e-02	-6.612036e-03	-6.172647e-03
3400          	shield_slave	-1.433782e-02	-1.164643e-02	-3.999081e-03
3401          	OVC	-1.459138e-02	-6.612036e-03	-6.172647e-03
3401          	shield_slave	-1.433782e-02	-1.164643e-02	-3.999081e-03
3402          	OVC	-1.459138e-02	-6.612036e-03	-6.172647e-03
3402          	shield_slave	-1.433782e-02	-1.164643e-02	-3.999081e-03
3403          	OVC	-1.459138e-02	-6.612036e-03	-6.172647e-03
3403          	shield_slave	-1.433782e-02	-1.164643e-02	-3.999081e-03
3404          	OVC	-1.459138e-02	-6.612036e-03	-6.172647e-03
3404          	shield_slave	-1.433782e-02	-1.164643e-02	-3.999081e-03
3405          	OVC	-1.459138e-02	-6.612036e-03	-6.172647e-03
3405          	shield_slave	-1.433782e-02	-1.164643e-02	-3.999081e-03
3406          	OVC	-1.459138e-02	-6.612036e-03	-6.172647e-03
3406          	shield_slave	-1.433782e-02	-1.164643e-02	-3.999081e-03
3407          	OVC	-1.459138e-02	-6.612036e-03	-6.172647e-03
3407          	shield_slave	-1.433782e-02	-1.164643e-02	-3.999081e-03
3408          	OVC	-1.459138e-02	-6.612036e-03	-6.172647e-03
3408          	shield_slave	-1.433782e-02	-1.164643e-02	-3.999081e-03
3409          	OVC	-1.459138e-02	-6.612036e-03	-6.172647e-03
3409          	shield_slave	-1.433782e-02	-1.164643e-02	-3.999081e-03
3410          	OVC	-1.459138e-02	-6.612036e-03	-6.172647e-03
3410          	shield_slave	-1.433782e-02	-1.164643e-02	-3.999081e-03
3411          	OVC	-1.459138e-02	-6.612036e-03	-6.172647e-03
3411          	shield_slave	-1.433782e-02	-1.164643e-02	-3.999081e-03
3412          	OVC	-1.459138e-02	-6.612036e-03	-6.172647e-03
3412          	shield_slave	-1.433782e-02	-1.164643e-02	-3.999081e-03
3413          	OVC	-1.459138e-02	-6.612036e-03	-6.172647e-03
3413          	shield_slave	-1.433782e-02	-1.164643e-02	-3.999081e-03
3414          	OVC	-1.459138e-02	-6.612036e-03	-6.172647e-03
3414          	shield_slave	-1.433782e-02	-1.164643e-02	-3.999081e-03
3415          	OVC	-1.459138e-02	-6.612036e-03	-6.172647e-03
3415          	shield_slave	-1.433782e-02	-1.164643e-02	-3.999081e-03
3416          	OVC	-1.459138e-02	-6.612036e-03	-6.172647e-03
3416          	shield_slave	-1.433782e-02	-1.164643e-02	-3.999081e-03
3417          	OVC	-1.459138e-02	-6.612036e-03	-6.172647e-03
3417          	shield_slave	-1.433782e-02	-1.164643e-02	-3.999081e-03
3418          	OVC	-1.459138e-02	-6.612036e-03	-6.172647e-03
3418          	shield_slave	-1.433782e-02	-1.164643e-02	-3.999081e-03
3419          	OVC	-1.459138e-02	-6.612036e-03	-6.172647e-03
3419          	shield_slave	-1.433782e-02	-1.164643e-02	-3.999081e-03
3420          	OVC	-1.459138e-02	-6.612036e-03	-6.172647e-03
3420          	shield_slave	-1.433782e-02	-1.164643e-02	-3.999081e-03
3421          	OVC	-1.459138e-02	-6.612036e-03	-6.172647e-03
3421          	shield_slave	-1.433782e-02	-1.164643e-02	-3.999081e-03
3422          	OVC	-1.459138e-02	-6.612036e-03	-6.172647e-03
3422          	shield_slave	-1.433782e-02	-1.164643e-02	-3.999081e-03
3423          	OVC	-1.459138e-02	-6.612036e-03	-6.172647e-03
3423          	shield_slave	-1.433782e-02	-1.164643e-02	-3.999081e-03
3424          	OVC	-1.459138e-02	-6.612036e-03	-6.172647e-03
3424          	shield_slave	-1.433782e-02	-1.164643e-02	-3.999081e-03
3425          	OVC	-1.459138e-02	-6.612036e-03	-6.172647e-03
3425          	shield_slave	-1.433782e-02	-1.164643e-02	-3.999081e-03
3426          	OVC	-1.459138e-02	-6.612036e-03	-6.172647e-03
3426          	shield_slave	-1.433782e-02	-1.164643e-02	-3.999081e-03
3427          	OVC	-1.459138e-02	-6.612036e-03	-6.172647e-03
3427          	shield_slave	-1.433782e-02	-1.164643e-02	-3.999081e-03
3428          	OVC	-1.459138e-02	-6.612036e-03	-6.172647e-03
3428          	shield_slave	-1.433782e-02	-1.164643e-02	-3.999081e-03
3429          	OVC	-1.459138e-02	-6.612036e-03	-6.172647e-03
3429          	shield_slave	-1.433782e-02	-1.164643e-02	-3.999081e-03
3430          	OVC	-1.459138e-02	-6.612036e-03	-6.172647e-03
3430          	shield_slave	-1.433782e-02	-1.164643e-02	-3.999081e-03
3431          	OVC	-1.459138e-02	-6.612036e-03	-6.172647e-03
3431          	shield_slave	-1.433782e-02	-1.164643e-02	-3.999081e-03
3432          	OVC	-1.459138e-02	-6.612036e-03	-6.172647e-03
3432          	shield_slave	-1.433782e-02	-1.164643e-02	-3.999081e-03
3433          	OVC	-1.459138e-02	-6.612036e-03	-6.172647e-03
3433          	shield_slave	-1.433782e-02	-1.164643e-02	-3.999081e-03
3434          	OVC	-1.459138e-02	-6.612036e-03	-6.172647e-03
3434          	shield_slave	-1.433782e-02	-1.164643e-02	-3.999081e-03
3435          	OVC	-1.459138e-02	-6.612036e-03	-6.172647e-03
3435          	shield_slave	-1.433782e-02	-1.164643e-02	-3.999081e-03
3436          	OVC	-1.459138e-02	-6.612036e-03	-6.172647e-03
3436          	shield_slave	-1.433782e-02	-1.164643e-02	-3.999081e-03
3437          	OVC	-1.459138e-02	-6.612036e-03	-6.172647e-03
3437          	shield_slave	-1.433782e-02	-1.164643e-02	-3.999081e-03
3438          	OVC	-1.459138e-02	-6.612036e-03	-6.172647e-03
3438          	shield_slave	-1.433782e-02	-1.164643e-02	-3.999081e-03
3439          	OVC	-1.459138e-02	-6.612036e-03	-6.172647e-03
3439          	shield_slave	-1.433782e-02	-1.164643e-02	-3.999081e-03
3440          	OVC	-1.459138e-02	-6.612036e-03	-6.172647e-03
3440          	shield_slave	-1.433782e-02	-1.164643e-02	-3.999081e-03
3441          	OVC	-1.459138e-02	-6.612036e-03	-6.172647e-03
3441          	shield_slave	-1.433782e-02	-1.164643e-02	-3.999081e-03
3442          	OVC	-1.459138e-02	-6.612036e-03	-6.172647e-03
3442          	shield_slave	-1.433782e-02	-1.164643e-02	-3.999081e-03
3443          	OVC	-1.459138e-02	-6.612036e-03	-6.172647e-03
3443          	shield_slave	-1.433782e-02	-1.164643e-02	-3.999081e-03
3444          	OVC	-1.459138e-02	-6.612036e-03	-6.172647e-03
3444          	shield_slave	-1.433782e-02	-1.164643e-02	-3.999081e-03
3445          	OVC	-1.459138e-02	-6.612036e-03	-6.172647e-03
3445          	shield_slave	-1.433782e-02	-1.164643e-02	-3.999081e-03
3446          	OVC	-1.459138e-02	-6.612036e-03	-6.172647e-03
3446          	shield_slave	-1.433782e-02	-1.164643e-02	-3.999081e-03
3447          	OVC	-1.459138e-02	-6.612036e-03	-6.172647e-03
3447          	shield_slave	-1.433782e-02	-1.164643e-02	-3.999081e-03
3448          	OVC	-1.459138e-02	-6.612036e-03	-6.172647e-03
3448          	shield_slave	-1.433782e-02	-1.164643e-02	-3.999081e-03
3449          	OVC	-1.459138e-02	-6.612036e-03	-6.172647e-03
3449          	shield_slave	-1.433782e-02	-1.164643e-02	-3.999081e-03
3450          	OVC	-1.459138e-02	-6.612036e-03	-6.172647e-03
3450          	shield_slave	-1.433782e-02	-1.164643e-02	-3.999081e-03
3451          	OVC	-1.459138e-02	-6.612036e-03	-6.172647e-03
3451          	shield_slave	-1.433782e-02	-1.164643e-02	-3.999081e-03
3452          	OVC	-1.459138e-02	-6.612036e-03	-6.172647e-03
3452          	shield_slave	-1.433782e-02	-1.164643e-02	-3.999081e-03
3453          	OVC	-1.459138e-02	-6.612036e-03	-6.172647e-03
3453          	shield_slave	-1.433782e-02	-1.164643e-02	-3.999081e-03
3454          	OVC	-1.459138e-02	-6.612036e-03	-6.172647e-03
3454          	shield_slave	-1.433782e-02	-1.164643e-02	-3.999081e-03
3455          	OVC	-1.459138e-02	-6.612036e-03	-6.172647e-03
3455          	shield_slave	-1.433782e-02	-1.164643e-02	-3.999081e-03
3456          	OVC	-1.459138e-02	-6.612036e-03	-6.172647e-03
3456          	shield_slave	-1.433782e-02	-1.164643e-02	-3.999081e-03
3457          	OVC	-1.459138e-02	-6.612036e-03	-6.172647e-03
3457          	shield_slave	-1.433782e-02	-1.164643e-02	-3.999081e-03
3458          	OVC	-1.459138e-02	-6.612036e-03	-6.172647e-03
3458          	shield_slave	-1.433782e-02	-1.164643e-02	-3.999081e-03
3459          	OVC	-1.459138e-02	-6.612036e-03	-6.172647e-03
3459          	shield_slave	-1.433782e-02	-1.164643e-02	-3.999081e-03
3460          	OVC	-1.459138e-02	-6.612036e-03	-6.172647e-03
3460          	shield_slave	-1.433782e-02	-1.164643e-02	-3.999081e-03
3461          	OVC	-1.459138e-02	-6.612036e-03	-6.172647e-03
3461          	shield_slave	-1.433782e-02	-1.164643e-02	-3.999081e-03
3462          	OVC	-1.459138e-02	-6.612036e-03	-6.172647e-03
3462          	shield_slave	-1.433782e-02	-1.164643e-02	-3.999081e-03
3463          	OVC	-1.459138e-02	-6.612036e-03	-6.172647e-03
3463          	shield_slave	-1.433782e-02	-1.164643e-02	-3.999081e-03
3464          	OVC	-1.459138e-02	-6.612036e-03	-6.172647e-03
3464          	shield_slave	-1.433782e-02	-1.164643e-02	-3.999081e-03
3465          	OVC	-1.459138e-02	-6.612036e-03	-6.172647e-03
3465          	shield_slave	-1.433782e-02	-1.164643e-02	-3.999081e-03
3466          	OVC	-1.459138e-02	-6.612036e-03	-6.172647e-03
3466          	shield_slave	-1.433782e-02	-1.164643e-02	-3.999081e-03
3467          	OVC	-1.459138e-02	-6.612036e-03	-6.172647e-03
3467          	shield_slave	-1.433782e-02	-1.164643e-02	-3.999081e-03
3468          	OVC	-1.459138e-02	-6.612036e-03	-6.172647e-03
3468          	shield_slave	-1.433782e-02	-1.164643e-02	-3.999081e-03
3469          	OVC	-1.459138e-02	-6.612036e-03	-6.172647e-03
3469          	shield_slave	-1.433782e-02	-1.164643e-02	-3.999081e-03
3470          	OVC	-1.459138e-02	-6.612036e-03	-6.172647e-03
3470          	shield_slave	-1.433782e-02	-1.164643e-02	-3.999081e-03
3471          	OVC	-1.459138e-02	-6.612036e-03	-6.172647e-03
3471          	shield_slave	-1.433782e-02	-1.164643e-02	-3.999081e-03
3472          	OVC	-1.459138e-02	-6.612036e-03	-6.172647e-03
3472          	shield_slave	-1.433782e-02	-1.164643e-02	-3.999081e-03
3473          	OVC	-1.459138e-02	-6.612036e-03	-6.172647e-03
3473          	shield_slave	-1.433782e-02	-1.164643e-02	-3.999081e-03
3474          	OVC	-1.459138e-02	-6.612036e-03	-6.172647e-03
3474          	shield_slave	-1.433782e-02	-1.164643e-02	-3.999081e-03
3475          	OVC	-1.459138e-02	-6.612036e-03	-6.172647e-03
3475          	shield_slave	-1.433782e-02	-1.164643e-02	-3.999081e-03
3476          	OVC	-1.459138e-02	-6.612036e-03	-6.172647e-03
3476          	shield_slave	-1.433782e-02	-1.164643e-02	-3.999081e-03
3477          	OVC	-1.459138e-02	-6.612036e-03	-6.172647e-03
3477          	shield_slave	-1.433782e-02	-1.164643e-02	-3.999081e-03
3478          	OVC	-1.459138e-02	-6.612036e-03	-6.172647e-03
3478          	shield_slave	-1.433782e-02	-1.164643e-02	-3.999081e-03
3479          	OVC	-1.459138e-02	-6.612036e-03	-6.172647e-03
3479          	shield_slave	-1.433782e-02	-1.164643e-02	-3.999081e-03
3480          	OVC	-1.459138e-02	-6.612036e-03	-6.172647e-03
3480          	shield_slave	-1.433782e-02	-1.164643e-02	-3.999081e-03
3481          	OVC	-1.459138e-02	-6.612036e-03	-6.172647e-03
3481          	shield_slave	-1.433782e-02	-1.164643e-02	-3.999081e-03
3482          	OVC	-1.459138e-02	-6.612036e-03	-6.172647e-03
3482          	shield_slave	-1.433782e-02	-1.164643e-02	-3.999081e-03
3483          	OVC	-1.459138e-02	-6.612036e-03	-6.172647e-03
3483          	shield_slave	-1.433782e-02	-1.164643e-02	-3.999081e-03
3484          	OVC	-1.459138e-02	-6.612036e-03	-6.172647e-03
3484          	shield_slave	-1.433782e-02	-1.164643e-02	-3.999081e-03
3485          	OVC	-1.459138e-02	-6.612036e-03	-6.172647e-03
3485          	shield_slave	-1.433782e-02	-1.164643e-02	-3.999081e-03
3486          	OVC	-1.459138e-02	-6.612036e-03	-6.172647e-03
3486          	shield_slave	-1.433782e-02	-1.164643e-02	-3.999081e-03
3487          	OVC	-1.459138e-02	-6.612036e-03	-6.172647e-03
3487          	shield_slave	-1.433782e-02	-1.164643e-02	-3.999081e-03
3488          	OVC	-1.459138e-02	-6.612036e-03	-6.172647e-03
3488          	shield_slave	-1.433782e-02	-1.164643e-02	-3.999081e-03
3489          	OVC	-1.459138e-02	-6.612036e-03	-6.172647e-03
3489          	shield_slave	-1.433782e-02	-1.164643e-02	-3.999081e-03
3490          	OVC	-1.459138e-02	-6.612036e-03	-6.172647e-03
3490          	shield_slave	-1.433782e-02	-1.164643e-02	-3.999081e-03
3491          	OVC	-1.459138e-02	-6.612036e-03	-6.172647e-03
3491          	shield_slave	-1.433782e-02	-1.164643e-02	-3.999081e-03
3492          	OVC	-1.459138e-02	-6.612036e-03	-6.172647e-03
3492          	shield_slave	-1.433782e-02	-1.164643e-02	-3.999081e-03
3493          	OVC	-1.459138e-02	-6.612036e-03	-6.172647e-03
3493          	shield_slave	-1.433782e-02	-1.164643e-02	-3.999081e-03
3494          	OVC	-1.459138e-02	-6.612036e-03	-6.172647e-03
3494          	shield_slave	-1.433782e-02	-1.164643e-02	-3.999081e-03
3495          	OVC	-1.459138e-02	-6.612036e-03	-6.172647e-03
3495          	shield_slave	-1.433782e-02	-1.164643e-02	-3.999081e-03
3496          	OVC	-1.459138e-02	-6.612036e-03	-6.172647e-03
3496          	shield_slave	-1.433782e-02	-1.164643e-02	-3.999081e-03
3497          	OVC	-1.459138e-02	-6.612036e-03	-6.172647e-03
3497          	shield_slave	-1.433782e-02	-1.164643e-02	-3.999081e-03
3498          	OVC	-1.459138e-02	-6.612036e-03	-6.172647e-03
3498          	shield_slave	-1.433782e-02	-1.164643e-02	-3.999081e-03
3499          	OVC	-1.459138e-02	-6.612036e-03	-6.172647e-03
3499          	shield_slave	-1.433782e-02	-1.164643e-02	-3.999081e-03
3500          	OVC	-1.459138e-02	-6.612036e-03	-6.172647e-03
3500          	shield_slave	-1.433782e-02	-1.164643e-02	-3.999081e-03
3501          	OVC	-1.459138e-02	-6.612036e-03	-6.172647e-03
3501          	shield_slave	-1.433782e-02	-1.164643e-02	-3.999081e-03
3502          	OVC	-1.459138e-02	-6.612036e-03	-6.172647e-03
3502          	shield_slave	-1.433782e-02	-1.164643e-02	-3.999081e-03
3503          	OVC	-1.459138e-02	-6.612036e-03	-6.172647e-03
3503          	shield_slave	-1.433782e-02	-1.164643e-02	-3.999081e-03
3504          	OVC	-1.459138e-02	-6.612036e-03	-6.172647e-03
3504          	shield_slave	-1.433782e-02	-1.164643e-02	-3.999081e-03
3505          	OVC	-1.459138e-02	-6.612036e-03	-6.172647e-03
3505          	shield_slave	-1.433782e-02	-1.164643e-02	-3.999081e-03
3506          	OVC	-1.459138e-02	-6.612036e-03	-6.172647e-03
3506          	shield_slave	-1.433782e-02	-1.164643e-02	-3.999081e-03
3507          	OVC	-1.459138e-02	-6.612036e-03	-6.172647e-03
3507          	shield_slave	-1.433782e-02	-1.164643e-02	-3.999081e-03
3508          	OVC	-1.459138e-02	-6.612036e-03	-6.172647e-03
3508          	shield_slave	-1.433782e-02	-1.164643e-02	-3.999081e-03
3509          	OVC	-1.459138e-02	-6.612036e-03	-6.172647e-03
3509          	shield_slave	-1.433782e-02	-1.164643e-02	-3.999081e-03
3510          	OVC	-1.459138e-02	-6.612036e-03	-6.172647e-03
3510          	shield_slave	-1.433782e-02	-1.164643e-02	-3.999081e-03
3511          	OVC	-1.459138e-02	-6.612036e-03	-6.172647e-03
3511          	shield_slave	-1.433782e-02	-1.164643e-02	-3.999081e-03
3512          	OVC	-1.459138e-02	-6.612036e-03	-6.172647e-03
3512          	shield_slave	-1.433782e-02	-1.164643e-02	-3.999081e-03
3513          	OVC	-1.459138e-02	-6.612036e-03	-6.172647e-03
3513          	shield_slave	-1.433782e-02	-1.164643e-02	-3.999081e-03
3514          	OVC	-1.459138e-02	-6.612036e-03	-6.172647e-03
3514          	shield_slave	-1.433782e-02	-1.164643e-02	-3.999081e-03
3515          	OVC	-1.459138e-02	-6.612036e-03	-6.172647e-03
3515          	shield_slave	-1.433782e-02	-1.164643e-02	-3.999081e-03
3516          	OVC	-1.459138e-02	-6.612036e-03	-6.172647e-03
3516          	shield_slave	-1.433782e-02	-1.164643e-02	-3.999081e-03
3517          	OVC	-1.459138e-02	-6.612036e-03	-6.172647e-03
3517          	shield_slave	-1.433782e-02	-1.164643e-02	-3.999081e-03
3518          	OVC	-1.459138e-02	-6.612036e-03	-6.172647e-03
3518          	shield_slave	-1.433782e-02	-1.164643e-02	-3.999081e-03
3519          	OVC	-1.459138e-02	-6.612036e-03	-6.172647e-03
3519          	shield_slave	-1.433782e-02	-1.164643e-02	-3.999081e-03
3520          	OVC	-1.459138e-02	-6.612036e-03	-6.172647e-03
3520          	shield_slave	-1.433782e-02	-1.164643e-02	-3.999081e-03
3521          	OVC	-1.459138e-02	-6.612036e-03	-6.172647e-03
3521          	shield_slave	-1.433782e-02	-1.164643e-02	-3.999081e-03
3522          	OVC	-1.459138e-02	-6.612036e-03	-6.172647e-03
3522          	shield_slave	-1.433782e-02	-1.164643e-02	-3.999081e-03
3523          	OVC	-1.459138e-02	-6.612036e-03	-6.172647e-03
3523          	shield_slave	-1.433782e-02	-1.164643e-02	-3.999081e-03
3524          	OVC	-1.459138e-02	-6.612036e-03	-6.172647e-03
3524          	shield_slave	-1.433782e-02	-1.164643e-02	-3.999081e-03
3525          	OVC	-1.459138e-02	-6.612036e-03	-6.172647e-03
3525          	shield_slave	-1.433782e-02	-1.164643e-02	-3.999081e-03
3526          	OVC	-1.459138e-02	-6.612036e-03	-6.172647e-03
3526          	shield_slave	-1.433782e-02	-1.164643e-02	-3.999081e-03
3527          	OVC	-1.459138e-02	-6.612036e-03	-6.172647e-03
3527          	shield_slave	-1.433782e-02	-1.164643e-02	-3.999081e-03
3528          	OVC	-1.459138e-02	-6.612036e-03	-6.172647e-03
3528          	shield_slave	-1.433782e-02	-1.164643e-02	-3.999081e-03
3529          	OVC	-1.459138e-02	-6.612036e-03	-6.172647e-03
3529          	shield_slave	-1.433782e-02	-1.164643e-02	-3.999081e-03
3530          	OVC	-1.459138e-02	-6.612036e-03	-6.172647e-03
3530          	shield_slave	-1.433782e-02	-1.164643e-02	-3.999081e-03
3531          	OVC	-1.459138e-02	-6.612036e-03	-6.172647e-03
3531          	shield_slave	-1.433782e-02	-1.164643e-02	-3.999081e-03
3532          	OVC	-1.459138e-02	-6.612036e-03	-6.172647e-03
3532          	shield_slave	-1.433782e-02	-1.164643e-02	-3.999081e-03
3533          	OVC	-1.459138e-02	-6.612036e-03	-6.172647e-03
3533          	shield_slave	-1.433782e-02	-1.164643e-02	-3.999081e-03
3534          	OVC	-1.459138e-02	-6.612036e-03	-6.172647e-03
3534          	shield_slave	-1.433782e-02	-1.164643e-02	-3.999081e-03
3535          	OVC	-1.459138e-02	-6.612036e-03	-6.172647e-03
3535          	shield_slave	-1.433782e-02	-1.164643e-02	-3.999081e-03
3536          	OVC	-1.459138e-02	-6.612036e-03	-6.172647e-03
3536          	shield_slave	-1.433782e-02	-1.164643e-02	-3.999081e-03
3537          	OVC	-1.459138e-02	-6.612036e-03	-6.172647e-03
3537          	shield_slave	-1.433782e-02	-1.164643e-02	-3.999081e-03
3538          	OVC	-1.459138e-02	-6.612036e-03	-6.172647e-03
3538          	shield_slave	-1.433782e-02	-1.164643e-02	-3.999081e-03
3539          	OVC	-1.459138e-02	-6.612036e-03	-6.172647e-03
3539          	shield_slave	-1.433782e-02	-1.164643e-02	-3.999081e-03
3540          	OVC	-1.459138e-02	-6.612036e-03	-6.172647e-03
3540          	shield_slave	-1.433782e-02	-1.164643e-02	-3.999081e-03
3541          	OVC	-1.459138e-02	-6.612036e-03	-6.172647e-03
3541          	shield_slave	-1.433782e-02	-1.164643e-02	-3.999081e-03
3542          	OVC	-1.459138e-02	-6.612036e-03	-6.172647e-03
3542          	shield_slave	-1.433782e-02	-1.164643e-02	-3.999081e-03
3543          	OVC	-1.459138e-02	-6.612036e-03	-6.172647e-03
3543          	shield_slave	-1.433782e-02	-1.164643e-02	-3.999081e-03
3544          	OVC	-1.459138e-02	-6.612036e-03	-6.172647e-03
3544          	shield_slave	-1.433782e-02	-1.164643e-02	-3.999081e-03
3545          	OVC	-1.459138e-02	-6.612036e-03	-6.172647e-03
3545          	shield_slave	-1.433782e-02	-1.164643e-02	-3.999081e-03
3546          	OVC	-1.459138e-02	-6.612036e-03	-6.172647e-03
3546          	shield_slave	-1.433782e-02	-1.164643e-02	-3.999081e-03
3547          	OVC	-1.459138e-02	-6.612036e-03	-6.172647e-03
3547          	shield_slave	-1.433782e-02	-1.164643e-02	-3.999081e-03
3548          	OVC	-1.459138e-02	-6.612036e-03	-6.172647e-03
3548          	shield_slave	-1.433782e-02	-1.164643e-02	-3.999081e-03
3549          	OVC	-1.459138e-02	-6.612036e-03	-6.172647e-03
3549          	shield_slave	-1.433782e-02	-1.164643e-02	-3.999081e-03
3550          	OVC	-1.459138e-02	-6.612036e-03	-6.172647e-03
3550          	shield_slave	-1.433782e-02	-1.164643e-02	-3.999081e-03
3551          	OVC	-1.459138e-02	-6.612036e-03	-6.172647e-03
3551          	shield_slave	-1.433782e-02	-1.164643e-02	-3.999081e-03
3552          	OVC	-1.459138e-02	-6.612036e-03	-6.172647e-03
3552          	shield_slave	-1.433782e-02	-1.164643e-02	-3.999081e-03
3553          	OVC	-1.459138e-02	-6.612036e-03	-6.172647e-03
3553          	shield_slave	-1.433782e-02	-1.164643e-02	-3.999081e-03
3554          	OVC	-1.459138e-02	-6.612036e-03	-6.172647e-03
3554          	shield_slave	-1.433782e-02	-1.164643e-02	-3.999081e-03
3555          	OVC	-1.459138e-02	-6.612036e-03	-6.172647e-03
3555          	shield_slave	-1.433782e-02	-1.164643e-02	-3.999081e-03
3556          	OVC	-1.459138e-02	-6.612036e-03	-6.172647e-03
3556          	shield_slave	-1.433782e-02	-1.164643e-02	-3.999081e-03
3557          	OVC	-1.459138e-02	-6.612036e-03	-6.172647e-03
3557          	shield_slave	-1.433782e-02	-1.164643e-02	-3.999081e-03
3558          	OVC	-1.459138e-02	-6.612036e-03	-6.172647e-03
3558          	shield_slave	-1.433782e-02	-1.164643e-02	-3.999081e-03
3559          	OVC	-1.459138e-02	-6.612036e-03	-6.172647e-03
3559          	shield_slave	-1.433782e-02	-1.164643e-02	-3.999081e-03
3560          	OVC	-1.459138e-02	-6.612036e-03	-6.172647e-03
3560          	shield_slave	-1.433782e-02	-1.164643e-02	-3.999081e-03
3561          	OVC	-1.459138e-02	-6.612036e-03	-6.172647e-03
3561          	shield_slave	-1.433782e-02	-1.164643e-02	-3.999081e-03
3562          	OVC	-1.459138e-02	-6.612036e-03	-6.172647e-03
3562          	shield_slave	-1.433782e-02	-1.164643e-02	-3.999081e-03
3563          	OVC	-1.459138e-02	-6.612036e-03	-6.172647e-03
3563          	shield_slave	-1.433782e-02	-1.164643e-02	-3.999081e-03
3564          	OVC	-1.459138e-02	-6.612036e-03	-6.172647e-03
3564          	shield_slave	-1.433782e-02	-1.164643e-02	-3.999081e-03
3565          	OVC	-1.459138e-02	-6.612036e-03	-6.172647e-03
3565          	shield_slave	-1.433782e-02	-1.164643e-02	-3.999081e-03
3566          	OVC	-1.459138e-02	-6.612036e-03	-6.172647e-03
3566          	shield_slave	-1.433782e-02	-1.164643e-02	-3.999081e-03
3567          	OVC	-1.459138e-02	-6.612036e-03	-6.172647e-03
3567          	shield_slave	-1.433782e-02	-1.164643e-02	-3.999081e-03
3568          	OVC	-1.459138e-02	-6.612036e-03	-6.172647e-03
3568          	shield_slave	-1.433782e-02	-1.164643e-02	-3.999081e-03
3569          	OVC	-1.459138e-02	-6.612036e-03	-6.172647e-03
3569          	shield_slave	-1.433782e-02	-1.164643e-02	-3.999081e-03
3570          	OVC	-1.459138e-02	-6.612036e-03	-6.172647e-03
3570          	shield_slave	-1.433782e-02	-1.164643e-02	-3.999081e-03
3571          	OVC	-1.459138e-02	-6.612036e-03	-6.172647e-03
3571          	shield_slave	-1.433782e-02	-1.164643e-02	-3.999081e-03
3572          	OVC	-1.459138e-02	-6.612036e-03	-6.172647e-03
3572          	shield_slave	-1.433782e-02	-1.164643e-02	-3.999081e-03
3573          	OVC	-1.459138e-02	-6.612036e-03	-6.172647e-03
3573          	shield_slave	-1.433782e-02	-1.164643e-02	-3.999081e-03
3574          	OVC	-1.459138e-02	-6.612036e-03	-6.172647e-03
3574          	shield_slave	-1.433782e-02	-1.164643e-02	-3.999081e-03
3575          	OVC	-1.459138e-02	-6.612036e-03	-6.172647e-03
3575          	shield_slave	-1.433782e-02	-1.164643e-02	-3.999081e-03
3576          	OVC	-1.459138e-02	-6.612036e-03	-6.172647e-03
3576          	shield_slave	-1.433782e-02	-1.164643e-02	-3.999081e-03
3577          	OVC	-1.459138e-02	-6.612036e-03	-6.172647e-03
3577          	shield_slave	-1.433782e-02	-1.164643e-02	-3.999081e-03
3578          	OVC	-1.459138e-02	-6.612036e-03	-6.172647e-03
3578          	shield_slave	-1.433782e-02	-1.164643e-02	-3.999081e-03
3579          	OVC	-1.459138e-02	-6.612036e-03	-6.172647e-03
3579          	shield_slave	-1.433782e-02	-1.164643e-02	-3.999081e-03
3580          	OVC	-1.459138e-02	-6.612036e-03	-6.172647e-03
3580          	shield_slave	-1.433782e-02	-1.164643e-02	-3.999081e-03
3581          	OVC	-1.459138e-02	-6.612036e-03	-6.172647e-03
3581          	shield_slave	-1.433782e-02	-1.164643e-02	-3.999081e-03
3582          	OVC	-1.459138e-02	-6.612036e-03	-6.172647e-03
3582          	shield_slave	-1.433782e-02	-1.164643e-02	-3.999081e-03
3583          	OVC	-1.459138e-02	-6.612036e-03	-6.172647e-03
3583          	shield_slave	-1.433782e-02	-1.164643e-02	-3.999081e-03
3584          	OVC	-1.459138e-02	-6.612036e-03	-6.172647e-03
3584          	shield_slave	-1.433782e-02	-1.164643e-02	-3.999081e-03
3585          	OVC	-1.459138e-02	-6.612036e-03	-6.172647e-03
3585          	shield_slave	-1.433782e-02	-1.164643e-02	-3.999081e-03
3586          	OVC	-1.459138e-02	-6.612036e-03	-6.172647e-03
3586          	shield_slave	-1.433782e-02	-1.164643e-02	-3.999081e-03
3587          	OVC	-1.459138e-02	-6.612036e-03	-6.172647e-03
3587          	shield_slave	-1.433782e-02	-1.164643e-02	-3.999081e-03
3588          	OVC	-1.459138e-02	-6.612036e-03	-6.172647e-03
3588          	shield_slave	-1.433782e-02	-1.164643e-02	-3.999081e-03
3589          	OVC	-1.459138e-02	-6.612036e-03	-6.172647e-03
3589          	shield_slave	-1.433782e-02	-1.164643e-02	-3.999081e-03
3590          	OVC	-1.459138e-02	-6.612036e-03	-6.172647e-03
3590          	shield_slave	-1.433782e-02	-1.164643e-02	-3.999081e-03
3591          	OVC	-1.459138e-02	-6.612036e-03	-6.172647e-03
3591          	shield_slave	-1.433782e-02	-1.164643e-02	-3.999081e-03
3592          	OVC	-1.459138e-02	-6.612036e-03	-6.172647e-03
3592          	shield_slave	-1.433782e-02	-1.164643e-02	-3.999081e-03
3593          	OVC	-1.459138e-02	-6.612036e-03	-6.172647e-03
3593          	shield_slave	-1.433782e-02	-1.164643e-02	-3.999081e-03
3594          	OVC	-1.459138e-02	-6.612036e-03	-6.172647e-03
3594          	shield_slave	-1.433782e-02	-1.164643e-02	-3.999081e-03
3595          	OVC	-1.459138e-02	-6.612036e-03	-6.172647e-03
3595          	shield_slave	-1.433782e-02	-1.164643e-02	-3.999081e-03
3596          	OVC	-1.459138e-02	-6.612036e-03	-6.172647e-03
3596          	shield_slave	-1.433782e-02	-1.164643e-02	-3.999081e-03
3597          	OVC	-1.459138e-02	-6.612036e-03	-6.172647e-03
3597          	shield_slave	-1.433782e-02	-1.164643e-02	-3.999081e-03
3598          	OVC	-1.459138e-02	-6.612036e-03	-6.172647e-03
3598          	shield_slave	-1.433782e-02	-1.164643e-02	-3.999081e-03
3599          	OVC	-1.459138e-02	-6.612036e-03	-6.172647e-03
3599          	shield_slave	-1.433782e-02	-1.164643e-02	-3.999081e-03
3600          	OVC	-1.459138e-02	-6.612036e-03	-6.172647e-03
3600          	shield_slave	-1.433782e-02	-1.164643e-02	-3.999081e-03
3601          	OVC	-1.459138e-02	-6.612036e-03	-6.172647e-03
3601          	shield_slave	-1.433782e-02	-1.164643e-02	-3.999081e-03
3602          	OVC	-1.459138e-02	-6.612036e-03	-6.172647e-03
3602          	shield_slave	-1.433782e-02	-1.164643e-02	-3.999081e-03
3603          	OVC	-1.459138e-02	-6.612036e-03	-6.172647e-03
3603          	shield_slave	-1.433782e-02	-1.164643e-02	-3.999081e-03
3604          	OVC	-1.459138e-02	-6.612036e-03	-6.172647e-03
3604          	shield_slave	-1.433782e-02	-1.164643e-02	-3.999081e-03
3605          	OVC	-1.459138e-02	-6.612036e-03	-6.172647e-03
3605          	shield_slave	-1.433782e-02	-1.164643e-02	-3.999081e-03
3606          	OVC	-1.459138e-02	-6.612036e-03	-6.172647e-03
3606          	shield_slave	-1.433782e-02	-1.164643e-02	-3.999081e-03
3607          	OVC	-1.459138e-02	-6.612036e-03	-6.172647e-03
3607          	shield_slave	-1.433782e-02	-1.164643e-02	-3.999081e-03
3608          	OVC	-1.459138e-02	-6.612036e-03	-6.172647e-03
3608          	shield_slave	-1.433782e-02	-1.164643e-02	-3.999081e-03
3609          	OVC	-1.459138e-02	-6.612036e-03	-6.172647e-03
3609          	shield_slave	-1.433782e-02	-1.164643e-02	-3.999081e-03
3610          	OVC	-1.459138e-02	-6.612036e-03	-6.172647e-03
3610          	shield_slave	-1.433782e-02	-1.164643e-02	-3.999081e-03
3611          	OVC	-1.459138e-02	-6.612036e-03	-6.172647e-03
3611          	shield_slave	-1.433782e-02	-1.164643e-02	-3.999081e-03
3612          	OVC	-1.459138e-02	-6.612036e-03	-6.172647e-03
3612          	shield_slave	-1.433782e-02	-1.164643e-02	-3.999081e-03
3613          	OVC	-1.459138e-02	-6.612036e-03	-6.172647e-03
3613          	shield_slave	-1.433782e-02	-1.164643e-02	-3.999081e-03
3614          	OVC	-1.459138e-02	-6.612036e-03	-6.172647e-03
3614          	shield_slave	-1.433782e-02	-1.164643e-02	-3.999081e-03
3615          	OVC	-1.459138e-02	-6.612036e-03	-6.172647e-03
3615          	shield_slave	-1.433782e-02	-1.164643e-02	-3.999081e-03
3616          	OVC	-1.459138e-02	-6.612036e-03	-6.172647e-03
3616          	shield_slave	-1.433782e-02	-1.164643e-02	-3.999081e-03
3617          	OVC	-1.459138e-02	-6.612036e-03	-6.172647e-03
3617          	shield_slave	-1.433782e-02	-1.164643e-02	-3.999081e-03
3618          	OVC	-1.459138e-02	-6.612036e-03	-6.172647e-03
3618          	shield_slave	-1.433782e-02	-1.164643e-02	-3.999081e-03
3619          	OVC	-1.459138e-02	-6.612036e-03	-6.172647e-03
3619          	shield_slave	-1.433782e-02	-1.164643e-02	-3.999081e-03
3620          	OVC	-1.459138e-02	-6.612036e-03	-6.172647e-03
3620          	shield_slave	-1.433782e-02	-1.164643e-02	-3.999081e-03
3621          	OVC	-1.459138e-02	-6.612036e-03	-6.172647e-03
3621          	shield_slave	-1.433782e-02	-1.164643e-02	-3.999081e-03
3622          	OVC	-1.459138e-02	-6.612036e-03	-6.172647e-03
3622          	shield_slave	-1.433782e-02	-1.164643e-02	-3.999081e-03
3623          	OVC	-1.459138e-02	-6.612036e-03	-6.172647e-03
3623          	shield_slave	-1.433782e-02	-1.164643e-02	-3.999081e-03
3624          	OVC	-1.459138e-02	-6.612036e-03	-6.172647e-03
3624          	shield_slave	-1.433782e-02	-1.164643e-02	-3.999081e-03
3625          	OVC	-1.459138e-02	-6.612036e-03	-6.172647e-03
3625          	shield_slave	-1.433782e-02	-1.164643e-02	-3.999081e-03
3626          	OVC	-1.459138e-02	-6.612036e-03	-6.172647e-03
3626          	shield_slave	-1.433782e-02	-1.164643e-02	-3.999081e-03
3627          	OVC	-1.459138e-02	-6.612036e-03	-6.172647e-03
3627          	shield_slave	-1.433782e-02	-1.164643e-02	-3.999081e-03
3628          	OVC	-1.459138e-02	-6.612036e-03	-6.172647e-03
3628          	shield_slave	-1.433782e-02	-1.164643e-02	-3.999081e-03
3629          	OVC	-1.459138e-02	-6.612036e-03	-6.172647e-03
3629          	shield_slave	-1.433782e-02	-1.164643e-02	-3.999081e-03
3630          	OVC	-1.459138e-02	-6.612036e-03	-6.172647e-03
3630          	shield_slave	-1.433782e-02	-1.164643e-02	-3.999081e-03
3631          	OVC	-1.459138e-02	-6.612036e-03	-6.172647e-03
3631          	shield_slave	-1.433782e-02	-1.164643e-02	-3.999081e-03
3632          	OVC	-1.459138e-02	-6.612036e-03	-6.172647e-03
3632          	shield_slave	-1.433782e-02	-1.164643e-02	-3.999081e-03
3633          	OVC	-1.459138e-02	-6.612036e-03	-6.172647e-03
3633          	shield_slave	-1.433782e-02	-1.164643e-02	-3.999081e-03
3634          	OVC	-1.459138e-02	-6.612036e-03	-6.172647e-03
3634          	shield_slave	-1.433782e-02	-1.164643e-02	-3.999081e-03
3635          	OVC	-1.459138e-02	-6.612036e-03	-6.172647e-03
3635          	shield_slave	-1.433782e-02	-1.164643e-02	-3.999081e-03
3636          	OVC	-1.459138e-02	-6.612036e-03	-6.172647e-03
3636          	shield_slave	-1.433782e-02	-1.164643e-02	-3.999081e-03
3637          	OVC	-1.459138e-02	-6.612036e-03	-6.172647e-03
3637          	shield_slave	-1.433782e-02	-1.164643e-02	-3.999081e-03
3638          	OVC	-1.459138e-02	-6.612036e-03	-6.172647e-03
3638          	shield_slave	-1.433782e-02	-1.164643e-02	-3.999081e-03
3639          	OVC	-1.459138e-02	-6.612036e-03	-6.172647e-03
3639          	shield_slave	-1.433782e-02	-1.164643e-02	-3.999081e-03
3640          	OVC	-1.459138e-02	-6.612036e-03	-6.172647e-03
3640          	shield_slave	-1.433782e-02	-1.164643e-02	-3.999081e-03
3641          	OVC	-1.459138e-02	-6.612036e-03	-6.172647e-03
3641          	shield_slave	-1.433782e-02	-1.164643e-02	-3.999081e-03
3642          	OVC	-1.459138e-02	-6.612036e-03	-6.172647e-03
3642          	shield_slave	-1.433782e-02	-1.164643e-02	-3.999081e-03
3643          	OVC	-1.459138e-02	-6.612036e-03	-6.172647e-03
3643          	shield_slave	-1.433782e-02	-1.164643e-02	-3.999081e-03
3644          	OVC	-1.459138e-02	-6.612036e-03	-6.172647e-03
3644          	shield_slave	-1.433782e-02	-1.164643e-02	-3.999081e-03
3645          	OVC	-1.459138e-02	-6.612036e-03	-6.172647e-03
3645          	shield_slave	-1.433782e-02	-1.164643e-02	-3.999081e-03
3646          	OVC	-1.459138e-02	-6.612036e-03	-6.172647e-03
3646          	shield_slave	-1.433782e-02	-1.164643e-02	-3.999081e-03
3647          	OVC	-1.459138e-02	-6.612036e-03	-6.172647e-03
3647          	shield_slave	-1.433782e-02	-1.164643e-02	-3.999081e-03
3648          	OVC	-1.459138e-02	-6.612036e-03	-6.172647e-03
3648          	shield_slave	-1.433782e-02	-1.164643e-02	-3.999081e-03
3649          	OVC	-1.459138e-02	-6.612036e-03	-6.172647e-03
3649          	shield_slave	-1.433782e-02	-1.164643e-02	-3.999081e-03
3650          	OVC	-1.459138e-02	-6.612036e-03	-6.172647e-03
3650          	shield_slave	-1.433782e-02	-1.164643e-02	-3.999081e-03
3651          	OVC	-1.459138e-02	-6.612036e-03	-6.172647e-03
3651          	shield_slave	-1.433782e-02	-1.164643e-02	-3.999081e-03
3652          	OVC	-1.459138e-02	-6.612036e-03	-6.172647e-03
3652          	shield_slave	-1.433782e-02	-1.164643e-02	-3.999081e-03
3653          	OVC	-1.459138e-02	-6.612036e-03	-6.172647e-03
3653          	shield_slave	-1.433782e-02	-1.164643e-02	-3.999081e-03
3654          	OVC	-1.459138e-02	-6.612036e-03	-6.172647e-03
3654          	shield_slave	-1.433782e-02	-1.164643e-02	-3.999081e-03
3655          	OVC	-1.459138e-02	-6.612036e-03	-6.172647e-03
3655          	shield_slave	-1.433782e-02	-1.164643e-02	-3.999081e-03
3656          	OVC	-1.459138e-02	-6.612036e-03	-6.172647e-03
3656          	shield_slave	-1.433782e-02	-1.164643e-02	-3.999081e-03
3657          	OVC	-1.459138e-02	-6.612036e-03	-6.172647e-03
3657          	shield_slave	-1.433782e-02	-1.164643e-02	-3.999081e-03
3658          	OVC	-1.459138e-02	-6.612036e-03	-6.172647e-03
3658          	shield_slave	-1.433782e-02	-1.164643e-02	-3.999081e-03
3659          	OVC	-1.459138e-02	-6.612036e-03	-6.172647e-03
3659          	shield_slave	-1.433782e-02	-1.164643e-02	-3.999081e-03
3660          	OVC	-1.459138e-02	-6.612036e-03	-6.172647e-03
3660          	shield_slave	-1.433782e-02	-1.164643e-02	-3.999081e-03
3661          	OVC	-1.459138e-02	-6.612036e-03	-6.172647e-03
3661          	shield_slave	-1.433782e-02	-1.164643e-02	-3.999081e-03
3662          	OVC	-1.459138e-02	-6.612036e-03	-6.172647e-03
3662          	shield_slave	-1.433782e-02	-1.164643e-02	-3.999081e-03
3663          	OVC	-1.459138e-02	-6.612036e-03	-6.172647e-03
3663          	shield_slave	-1.433782e-02	-1.164643e-02	-3.999081e-03
3664          	OVC	-1.459138e-02	-6.612036e-03	-6.172647e-03
3664          	shield_slave	-1.433782e-02	-1.164643e-02	-3.999081e-03
3665          	OVC	-1.459138e-02	-6.612036e-03	-6.172647e-03
3665          	shield_slave	-1.433782e-02	-1.164643e-02	-3.999081e-03
3666          	OVC	-1.459138e-02	-6.612036e-03	-6.172647e-03
3666          	shield_slave	-1.433782e-02	-1.164643e-02	-3.999081e-03
3667          	OVC	-1.459138e-02	-6.612036e-03	-6.172647e-03
3667          	shield_slave	-1.433782e-02	-1.164643e-02	-3.999081e-03
3668          	OVC	-1.459138e-02	-6.612036e-03	-6.172647e-03
3668          	shield_slave	-1.433782e-02	-1.164643e-02	-3.999081e-03
3669          	OVC	-1.459138e-02	-6.612036e-03	-6.172647e-03
3669          	shield_slave	-1.433782e-02	-1.164643e-02	-3.999081e-03
3670          	OVC	-1.459138e-02	-6.612036e-03	-6.172647e-03
3670          	shield_slave	-1.433782e-02	-1.164643e-02	-3.999081e-03
3671          	OVC	-1.459138e-02	-6.612036e-03	-6.172647e-03
3671          	shield_slave	-1.433782e-02	-1.164643e-02	-3.999081e-03
3672          	OVC	-1.459138e-02	-6.612036e-03	-6.172647e-03
3672          	shield_slave	-1.433782e-02	-1.164643e-02	-3.999081e-03
3673          	OVC	-1.459138e-02	-6.612036e-03	-6.172647e-03
3673          	shield_slave	-1.433782e-02	-1.164643e-02	-3.999081e-03
3674          	OVC	-1.459138e-02	-6.612036e-03	-6.172647e-03
3674          	shield_slave	-1.433782e-02	-1.164643e-02	-3.999081e-03
3675          	OVC	-1.459138e-02	-6.612036e-03	-6.172647e-03
3675          	shield_slave	-1.433782e-02	-1.164643e-02	-3.999081e-03
3676          	OVC	-1.459138e-02	-6.612036e-03	-6.172647e-03
3676          	shield_slave	-1.433782e-02	-1.164643e-02	-3.999081e-03
3677          	OVC	-1.459138e-02	-6.612036e-03	-6.172647e-03
3677          	shield_slave	-1.433782e-02	-1.164643e-02	-3.999081e-03
3678          	OVC	-1.459138e-02	-6.612036e-03	-6.172647e-03
3678          	shield_slave	-1.433782e-02	-1.164643e-02	-3.999081e-03
3679          	OVC	-1.459138e-02	-6.612036e-03	-6.172647e-03
3679          	shield_slave	-1.433782e-02	-1.164643e-02	-3.999081e-03
3680          	OVC	-1.459138e-02	-6.612036e-03	-6.172647e-03
3680          	shield_slave	-1.433782e-02	-1.164643e-02	-3.999081e-03
3681          	OVC	-1.459138e-02	-6.612036e-03	-6.172647e-03
3681          	shield_slave	-1.433782e-02	-1.164643e-02	-3.999081e-03
3682          	OVC	-1.459138e-02	-6.612036e-03	-6.172647e-03
3682          	shield_slave	-1.433782e-02	-1.164643e-02	-3.999081e-03
3683          	OVC	-1.459138e-02	-6.612036e-03	-6.172647e-03
3683          	shield_slave	-1.433782e-02	-1.164643e-02	-3.999081e-03
3684          	OVC	-1.459138e-02	-6.612036e-03	-6.172647e-03
3684          	shield_slave	-1.433782e-02	-1.164643e-02	-3.999081e-03
3685          	OVC	-1.459138e-02	-6.612036e-03	-6.172647e-03
3685          	shield_slave	-1.433782e-02	-1.164643e-02	-3.999081e-03
3686          	OVC	-1.459138e-02	-6.612036e-03	-6.172647e-03
3686          	shield_slave	-1.433782e-02	-1.164643e-02	-3.999081e-03
3687          	OVC	-1.459138e-02	-6.612036e-03	-6.172647e-03
3687          	shield_slave	-1.433782e-02	-1.164643e-02	-3.999081e-03
3688          	OVC	-1.459138e-02	-6.612036e-03	-6.172647e-03
3688          	shield_slave	-1.433782e-02	-1.164643e-02	-3.999081e-03
3689          	OVC	-1.459138e-02	-6.612036e-03	-6.172647e-03
3689          	shield_slave	-1.433782e-02	-1.164643e-02	-3.999081e-03
3690          	OVC	-1.459138e-02	-6.612036e-03	-6.172647e-03
3690          	shield_slave	-1.433782e-02	-1.164643e-02	-3.999081e-03
3691          	OVC	-1.459138e-02	-6.612036e-03	-6.172647e-03
3691          	shield_slave	-1.433782e-02	-1.164643e-02	-3.999081e-03
3692          	OVC	-1.459138e-02	-6.612036e-03	-6.172647e-03
3692          	shield_slave	-1.433782e-02	-1.164643e-02	-3.999081e-03
3693          	OVC	-1.459138e-02	-6.612036e-03	-6.172647e-03
3693          	shield_slave	-1.433782e-02	-1.164643e-02	-3.999081e-03
3694          	OVC	-1.459138e-02	-6.612036e-03	-6.172647e-03
3694          	shield_slave	-1.433782e-02	-1.164643e-02	-3.999081e-03
3695          	OVC	-1.459138e-02	-6.612036e-03	-6.172647e-03
3695          	shield_slave	-1.433782e-02	-1.164643e-02	-3.999081e-03
3696          	OVC	-1.459138e-02	-6.612036e-03	-6.172647e-03
3696          	shield_slave	-1.433782e-02	-1.164643e-02	-3.999081e-03
3697          	OVC	-1.459138e-02	-6.612036e-03	-6.172647e-03
3697          	shield_slave	-1.433782e-02	-1.164643e-02	-3.999081e-03
3698          	OVC	-1.459138e-02	-6.612036e-03	-6.172647e-03
3698          	shield_slave	-1.433782e-02	-1.164643e-02	-3.999081e-03
3699          	OVC	-1.459138e-02	-6.612036e-03	-6.172647e-03
3699          	shield_slave	-1.433782e-02	-1.164643e-02	-3.999081e-03
3700          	OVC	-1.459138e-02	-6.612036e-03	-6.172647e-03
3700          	shield_slave	-1.433782e-02	-1.164643e-02	-3.999081e-03
3701          	OVC	-1.459138e-02	-6.612036e-03	-6.172647e-03
3701          	shield_slave	-1.433782e-02	-1.164643e-02	-3.999081e-03
3702          	OVC	-1.459138e-02	-6.612036e-03	-6.172647e-03
3702          	shield_slave	-1.433782e-02	-1.164643e-02	-3.999081e-03
3703          	OVC	-1.459138e-02	-6.612036e-03	-6.172647e-03
3703          	shield_slave	-1.433782e-02	-1.164643e-02	-3.999081e-03
3704          	OVC	-1.459138e-02	-6.612036e-03	-6.172647e-03
3704          	shield_slave	-1.433782e-02	-1.164643e-02	-3.999081e-03
3705          	OVC	-1.459138e-02	-6.612036e-03	-6.172647e-03
3705          	shield_slave	-1.433782e-02	-1.164643e-02	-3.999081e-03
3706          	OVC	-1.459138e-02	-6.612036e-03	-6.172647e-03
3706          	shield_slave	-1.433782e-02	-1.164643e-02	-3.999081e-03
3707          	OVC	-1.459138e-02	-6.612036e-03	-6.172647e-03
3707          	shield_slave	-1.433782e-02	-1.164643e-02	-3.999081e-03
3708          	OVC	-1.459138e-02	-6.612036e-03	-6.172647e-03
3708          	shield_slave	-1.433782e-02	-1.164643e-02	-3.999081e-03
3709          	OVC	-1.459138e-02	-6.612036e-03	-6.172647e-03
3709          	shield_slave	-1.433782e-02	-1.164643e-02	-3.999081e-03
3710          	OVC	-1.459138e-02	-6.612036e-03	-6.172647e-03
3710          	shield_slave	-1.433782e-02	-1.164643e-02	-3.999081e-03
3711          	OVC	-1.459138e-02	-6.612036e-03	-6.172647e-03
3711          	shield_slave	-1.433782e-02	-1.164643e-02	-3.999081e-03
3712          	OVC	-1.459138e-02	-6.612036e-03	-6.172647e-03
3712          	shield_slave	-1.433782e-02	-1.164643e-02	-3.999081e-03
3713          	OVC	-1.459138e-02	-6.612036e-03	-6.172647e-03
3713          	shield_slave	-1.433782e-02	-1.164643e-02	-3.999081e-03
3714          	OVC	-1.459138e-02	-6.612036e-03	-6.172647e-03
3714          	shield_slave	-1.433782e-02	-1.164643e-02	-3.999081e-03
3715          	OVC	-1.459138e-02	-6.612036e-03	-6.172647e-03
3715          	shield_slave	-1.433782e-02	-1.164643e-02	-3.999081e-03
3716          	OVC	-1.459138e-02	-6.612036e-03	-6.172647e-03
3716          	shield_slave	-1.433782e-02	-1.164643e-02	-3.999081e-03
3717          	OVC	-1.459138e-02	-6.612036e-03	-6.172647e-03
3717          	shield_slave	-1.433782e-02	-1.164643e-02	-3.999081e-03
3718          	OVC	-1.459138e-02	-6.612036e-03	-6.172647e-03
3718          	shield_slave	-1.433782e-02	-1.164643e-02	-3.999081e-03
3719          	OVC	-1.459138e-02	-6.612036e-03	-6.172647e-03
3719          	shield_slave	-1.433782e-02	-1.164643e-02	-3.999081e-03
3720          	OVC	-1.459138e-02	-6.612036e-03	-6.172647e-03
3720          	shield_slave	-1.433782e-02	-1.164643e-02	-3.999081e-03
3721          	OVC	-1.459138e-02	-6.612036e-03	-6.172647e-03
3721          	shield_slave	-1.433782e-02	-1.164643e-02	-3.999081e-03
3722          	OVC	-1.459138e-02	-6.612036e-03	-6.172647e-03
3722          	shield_slave	-1.433782e-02	-1.164643e-02	-3.999081e-03
3723          	OVC	-1.459138e-02	-6.612036e-03	-6.172647e-03
3723          	shield_slave	-1.433782e-02	-1.164643e-02	-3.999081e-03
3724          	OVC	-1.459138e-02	-6.612036e-03	-6.172647e-03
3724          	shield_slave	-1.433782e-02	-1.164643e-02	-3.999081e-03
3725          	OVC	-1.459138e-02	-6.612036e-03	-6.172647e-03
3725          	shield_slave	-1.433782e-02	-1.164643e-02	-3.999081e-03
3726          	OVC	-1.459138e-02	-6.612036e-03	-6.172647e-03
3726          	shield_slave	-1.433782e-02	-1.164643e-02	-3.999081e-03
3727          	OVC	-1.459138e-02	-6.612036e-03	-6.172647e-03
3727          	shield_slave	-1.433782e-02	-1.164643e-02	-3.999081e-03
3728          	OVC	-1.459138e-02	-6.612036e-03	-6.172647e-03
3728          	shield_slave	-1.433782e-02	-1.164643e-02	-3.999081e-03
3729          	OVC	-1.459138e-02	-6.612036e-03	-6.172647e-03
3729          	shield_slave	-1.433782e-02	-1.164643e-02	-3.999081e-03
3730          	OVC	-1.459138e-02	-6.612036e-03	-6.172647e-03
3730          	shield_slave	-1.433782e-02	-1.164643e-02	-3.999081e-03
3731          	OVC	-1.459138e-02	-6.612036e-03	-6.172647e-03
3731          	shield_slave	-1.433782e-02	-1.164643e-02	-3.999081e-03
3732          	OVC	-1.459138e-02	-6.612036e-03	-6.172647e-03
3732          	shield_slave	-1.433782e-02	-1.164643e-02	-3.999081e-03
3733          	OVC	-1.459138e-02	-6.612036e-03	-6.172647e-03
3733          	shield_slave	-1.433782e-02	-1.164643e-02	-3.999081e-03
3734          	OVC	-1.459138e-02	-6.612036e-03	-6.172647e-03
3734          	shield_slave	-1.433782e-02	-1.164643e-02	-3.999081e-03
3735          	OVC	-1.459138e-02	-6.612036e-03	-6.172647e-03
3735          	shield_slave	-1.433782e-02	-1.164643e-02	-3.999081e-03
3736          	OVC	-1.459138e-02	-6.612036e-03	-6.172647e-03
3736          	shield_slave	-1.433782e-02	-1.164643e-02	-3.999081e-03
3737          	OVC	-1.459138e-02	-6.612036e-03	-6.172647e-03
3737          	shield_slave	-1.433782e-02	-1.164643e-02	-3.999081e-03
3738          	OVC	-1.459138e-02	-6.612036e-03	-6.172647e-03
3738          	shield_slave	-1.433782e-02	-1.164643e-02	-3.999081e-03
3739          	OVC	-1.459138e-02	-6.612036e-03	-6.172647e-03
3739          	shield_slave	-1.433782e-02	-1.164643e-02	-3.999081e-03
3740          	OVC	-1.459138e-02	-6.612036e-03	-6.172647e-03
3740          	shield_slave	-1.433782e-02	-1.164643e-02	-3.999081e-03
3741          	OVC	-1.459138e-02	-6.612036e-03	-6.172647e-03
3741          	shield_slave	-1.433782e-02	-1.164643e-02	-3.999081e-03
3742          	OVC	-1.459138e-02	-6.612036e-03	-6.172647e-03
3742          	shield_slave	-1.433782e-02	-1.164643e-02	-3.999081e-03
3743          	OVC	-1.459138e-02	-6.612036e-03	-6.172647e-03
3743          	shield_slave	-1.433782e-02	-1.164643e-02	-3.999081e-03
3744          	OVC	-1.459138e-02	-6.612036e-03	-6.172647e-03
3744          	shield_slave	-1.433782e-02	-1.164643e-02	-3.999081e-03
3745          	OVC	-1.459138e-02	-6.612036e-03	-6.172647e-03
3745          	shield_slave	-1.433782e-02	-1.164643e-02	-3.999081e-03
3746          	OVC	-1.459138e-02	-6.612036e-03	-6.172647e-03
3746          	shield_slave	-1.433782e-02	-1.164643e-02	-3.999081e-03
3747          	OVC	-1.459138e-02	-6.612036e-03	-6.172647e-03
3747          	shield_slave	-1.433782e-02	-1.164643e-02	-3.999081e-03
3748          	OVC	-1.459138e-02	-6.612036e-03	-6.172647e-03
3748          	shield_slave	-1.433782e-02	-1.164643e-02	-3.999081e-03
3749          	OVC	-1.459138e-02	-6.612036e-03	-6.172647e-03
3749          	shield_slave	-1.433782e-02	-1.164643e-02	-3.999081e-03
3750          	OVC	-1.459138e-02	-6.612036e-03	-6.172647e-03
3750          	shield_slave	-1.433782e-02	-1.164643e-02	-3.999081e-03
3751          	OVC	-1.459138e-02	-6.612036e-03	-6.172647e-03
3751          	shield_slave	-1.433782e-02	-1.164643e-02	-3.999081e-03
3752          	OVC	-1.459138e-02	-6.612036e-03	-6.172647e-03
3752          	shield_slave	-1.433782e-02	-1.164643e-02	-3.999081e-03
3753          	OVC	-1.459138e-02	-6.612036e-03	-6.172647e-03
3753          	shield_slave	-1.433782e-02	-1.164643e-02	-3.999081e-03
3754          	OVC	-1.459138e-02	-6.612036e-03	-6.172647e-03
3754          	shield_slave	-1.433782e-02	-1.164643e-02	-3.999081e-03
3755          	OVC	-1.459138e-02	-6.612036e-03	-6.172647e-03
3755          	shield_slave	-1.433782e-02	-1.164643e-02	-3.999081e-03
3756          	OVC	-1.459138e-02	-6.612036e-03	-6.172647e-03
3756          	shield_slave	-1.433782e-02	-1.164643e-02	-3.999081e-03
3757          	OVC	-1.459138e-02	-6.612036e-03	-6.172647e-03
3757          	shield_slave	-1.433782e-02	-1.164643e-02	-3.999081e-03
3758          	OVC	-1.459138e-02	-6.612036e-03	-6.172647e-03
3758          	shield_slave	-1.433782e-02	-1.164643e-02	-3.999081e-03
3759          	OVC	-1.459138e-02	-6.612036e-03	-6.172647e-03
3759          	shield_slave	-1.433782e-02	-1.164643e-02	-3.999081e-03
3760          	OVC	-1.459138e-02	-6.612036e-03	-6.172647e-03
3760          	shield_slave	-1.433782e-02	-1.164643e-02	-3.999081e-03
3761          	OVC	-1.459138e-02	-6.612036e-03	-6.172647e-03
3761          	shield_slave	-1.433782e-02	-1.164643e-02	-3.999081e-03
3762          	OVC	-1.459138e-02	-6.612036e-03	-6.172647e-03
3762          	shield_slave	-1.433782e-02	-1.164643e-02	-3.999081e-03
3763          	OVC	-1.459138e-02	-6.612036e-03	-6.172647e-03
3763          	shield_slave	-1.433782e-02	-1.164643e-02	-3.999081e-03
3764          	OVC	-1.459138e-02	-6.612036e-03	-6.172647e-03
3764          	shield_slave	-1.433782e-02	-1.164643e-02	-3.999081e-03
3765          	OVC	-1.459138e-02	-6.612036e-03	-6.172647e-03
3765          	shield_slave	-1.433782e-02	-1.164643e-02	-3.999081e-03
3766          	OVC	-1.459138e-02	-6.612036e-03	-6.172647e-03
3766          	shield_slave	-1.433782e-02	-1.164643e-02	-3.999081e-03
3767          	OVC	-1.459138e-02	-6.612036e-03	-6.172647e-03
3767          	shield_slave	-1.433782e-02	-1.164643e-02	-3.999081e-03
3768          	OVC	-1.459138e-02	-6.612036e-03	-6.172647e-03
3768          	shield_slave	-1.433782e-02	-1.164643e-02	-3.999081e-03
3769          	OVC	-1.459138e-02	-6.612036e-03	-6.172647e-03
3769          	shield_slave	-1.433782e-02	-1.164643e-02	-3.999081e-03
3770          	OVC	-1.459138e-02	-6.612036e-03	-6.172647e-03
3770          	shield_slave	-1.433782e-02	-1.164643e-02	-3.999081e-03
3771          	OVC	-1.459138e-02	-6.612036e-03	-6.172647e-03
3771          	shield_slave	-1.433782e-02	-1.164643e-02	-3.999081e-03
3772          	OVC	-1.459138e-02	-6.612036e-03	-6.172647e-03
3772          	shield_slave	-1.433782e-02	-1.164643e-02	-3.999081e-03
3773          	OVC	-1.459138e-02	-6.612036e-03	-6.172647e-03
3773          	shield_slave	-1.433782e-02	-1.164643e-02	-3.999081e-03
3774          	OVC	-1.459138e-02	-6.612036e-03	-6.172647e-03
3774          	shield_slave	-1.433782e-02	-1.164643e-02	-3.999081e-03
3775          	OVC	-1.459138e-02	-6.612036e-03	-6.172647e-03
3775          	shield_slave	-1.433782e-02	-1.164643e-02	-3.999081e-03
3776          	OVC	-1.459138e-02	-6.612036e-03	-6.172647e-03
3776          	shield_slave	-1.433782e-02	-1.164643e-02	-3.999081e-03
3777          	OVC	-1.459138e-02	-6.612036e-03	-6.172647e-03
3777          	shield_slave	-1.433782e-02	-1.164643e-02	-3.999081e-03
3778          	OVC	-1.459138e-02	-6.612036e-03	-6.172647e-03
3778          	shield_slave	-1.433782e-02	-1.164643e-02	-3.999081e-03
3779          	OVC	-1.459138e-02	-6.612036e-03	-6.172647e-03
3779          	shield_slave	-1.433782e-02	-1.164643e-02	-3.999081e-03
3780          	OVC	-1.459138e-02	-6.612036e-03	-6.172647e-03
3780          	shield_slave	-1.433782e-02	-1.164643e-02	-3.999081e-03
3781          	OVC	-1.459138e-02	-6.612036e-03	-6.172647e-03
3781          	shield_slave	-1.433782e-02	-1.164643e-02	-3.999081e-03
3782          	OVC	-1.459138e-02	-6.612036e-03	-6.172647e-03
3782          	shield_slave	-1.433782e-02	-1.164643e-02	-3.999081e-03
3783          	OVC	-1.459138e-02	-6.612036e-03	-6.172647e-03
3783          	shield_slave	-1.433782e-02	-1.164643e-02	-3.999081e-03
3784          	OVC	-1.459138e-02	-6.612036e-03	-6.172647e-03
3784          	shield_slave	-1.433782e-02	-1.164643e-02	-3.999081e-03
3785          	OVC	-1.459138e-02	-6.612036e-03	-6.172647e-03
3785          	shield_slave	-1.433782e-02	-1.164643e-02	-3.999081e-03
3786          	OVC	-1.459138e-02	-6.612036e-03	-6.172647e-03
3786          	shield_slave	-1.433782e-02	-1.164643e-02	-3.999081e-03
3787          	OVC	-1.459138e-02	-6.612036e-03	-6.172647e-03
3787          	shield_slave	-1.433782e-02	-1.164643e-02	-3.999081e-03
3788          	OVC	-1.459138e-02	-6.612036e-03	-6.172647e-03
3788          	shield_slave	-1.433782e-02	-1.164643e-02	-3.999081e-03
3789          	OVC	-1.459138e-02	-6.612036e-03	-6.172647e-03
3789          	shield_slave	-1.433782e-02	-1.164643e-02	-3.999081e-03
3790          	OVC	-1.459138e-02	-6.612036e-03	-6.172647e-03
3790          	shield_slave	-1.433782e-02	-1.164643e-02	-3.999081e-03
3791          	OVC	-1.459138e-02	-6.612036e-03	-6.172647e-03
3791          	shield_slave	-1.433782e-02	-1.164643e-02	-3.999081e-03
3792          	OVC	-1.459138e-02	-6.612036e-03	-6.172647e-03
3792          	shield_slave	-1.433782e-02	-1.164643e-02	-3.999081e-03
3793          	OVC	-1.459138e-02	-6.612036e-03	-6.172647e-03
3793          	shield_slave	-1.433782e-02	-1.164643e-02	-3.999081e-03
3794          	OVC	-1.459138e-02	-6.612036e-03	-6.172647e-03
3794          	shield_slave	-1.433782e-02	-1.164643e-02	-3.999081e-03
3795          	OVC	-1.459138e-02	-6.612036e-03	-6.172647e-03
3795          	shield_slave	-1.433782e-02	-1.164643e-02	-3.999081e-03
3796          	OVC	-1.459138e-02	-6.612036e-03	-6.172647e-03
3796          	shield_slave	-1.433782e-02	-1.164643e-02	-3.999081e-03
3797          	OVC	-1.459138e-02	-6.612036e-03	-6.172647e-03
3797          	shield_slave	-1.433782e-02	-1.164643e-02	-3.999081e-03
3798          	OVC	-1.459138e-02	-6.612036e-03	-6.172647e-03
3798          	shield_slave	-1.433782e-02	-1.164643e-02	-3.999081e-03
3799          	OVC	-1.459138e-02	-6.612036e-03	-6.172647e-03
3799          	shield_slave	-1.433782e-02	-1.164643e-02	-3.999081e-03
3800          	OVC	-1.459138e-02	-6.612036e-03	-6.172647e-03
3800          	shield_slave	-1.433782e-02	-1.164643e-02	-3.999081e-03
3801          	OVC	-1.459138e-02	-6.612036e-03	-6.172647e-03
3801          	shield_slave	-1.433782e-02	-1.164643e-02	-3.999081e-03
3802          	OVC	-1.459138e-02	-6.612036e-03	-6.172647e-03
3802          	shield_slave	-1.433782e-02	-1.164643e-02	-3.999081e-03
3803          	OVC	-1.459138e-02	-6.612036e-03	-6.172647e-03
3803          	shield_slave	-1.433782e-02	-1.164643e-02	-3.999081e-03
3804          	OVC	-1.459138e-02	-6.612036e-03	-6.172647e-03
3804          	shield_slave	-1.433782e-02	-1.164643e-02	-3.999081e-03
3805          	OVC	-1.459138e-02	-6.612036e-03	-6.172647e-03
3805          	shield_slave	-1.433782e-02	-1.164643e-02	-3.999081e-03
3806          	OVC	-1.459138e-02	-6.612036e-03	-6.172647e-03
3806          	shield_slave	-1.433782e-02	-1.164643e-02	-3.999081e-03
3807          	OVC	-1.459138e-02	-6.612036e-03	-6.172647e-03
3807          	shield_slave	-1.433782e-02	-1.164643e-02	-3.999081e-03
3808          	OVC	-1.459138e-02	-6.612036e-03	-6.172647e-03
3808          	shield_slave	-1.433782e-02	-1.164643e-02	-3.999081e-03
3809          	OVC	-1.459138e-02	-6.612036e-03	-6.172647e-03
3809          	shield_slave	-1.433782e-02	-1.164643e-02	-3.999081e-03
3810          	OVC	-1.459138e-02	-6.612036e-03	-6.172647e-03
3810          	shield_slave	-1.433782e-02	-1.164643e-02	-3.999081e-03
3811          	OVC	-1.459138e-02	-6.612036e-03	-6.172647e-03
3811          	shield_slave	-1.433782e-02	-1.164643e-02	-3.999081e-03
                                                                                                                                                                                                                                                                                                                                                                                           