# Wall heat-flux
# Time        	patch         	min           	max           	integral      
1             	OVC	-1.459138e-02	-6.612036e-03	-6.172647e-03
1             	shield_slave	-1.433782e-02	-1.164643e-02	-3.999081e-03
2             	OVC	-1.527455e-02	-6.282188e-03	-6.179778e-03
2             	shield_slave	-1.750265e-02	-1.135686e-02	-4.207170e-03
3             	OVC	-1.519477e-02	-6.325085e-03	-6.171359e-03
3             	shield_slave	-1.717698e-02	-1.140068e-02	-4.203422e-03
4             	OVC	-1.513737e-02	-6.349892e-03	-6.164880e-03
4             	shield_slave	-1.686383e-02	-1.144858e-02	-4.201687e-03
5             	OVC	-1.502491e-02	-6.378450e-03	-6.157092e-03
5             	shield_slave	-1.642581e-02	-1.149629e-02	-4.195408e-03
6             	OVC	-1.490893e-02	-6.433634e-03	-6.153203e-03
6             	shield_slave	-1.634296e-02	-1.157682e-02	-4.193735e-03
7             	OVC	-1.481210e-02	-6.468724e-03	-6.149934e-03
7             	shield_slave	-1.623675e-02	-1.170668e-02	-4.194328e-03
8             	OVC	-1.476235e-02	-6.502545e-03	-6.146868e-03
8             	shield_slave	-1.613795e-02	-1.181242e-02	-4.195942e-03
9             	OVC	-1.470893e-02	-6.536173e-03	-6.144180e-03
9             	shield_slave	-1.604884e-02	-1.185450e-02	-4.198084e-03
10            	OVC	-1.465942e-02	-6.567915e-03	-6.141833e-03
10            	shield_slave	-1.595142e-02	-1.189778e-02	-4.200604e-03
11            	OVC	-1.461445e-02	-6.597526e-03	-6.139744e-03
11            	shield_slave	-1.585132e-02	-1.193375e-02	-4.203191e-03
12            	OVC	-1.457773e-02	-6.623949e-03	-6.137773e-03
12            	shield_slave	-1.581975e-02	-1.196776e-02	-4.205771e-03
13            	OVC	-1.454716e-02	-6.646993e-03	-6.135924e-03
13            	shield_slave	-1.580782e-02	-1.199994e-02	-4.208345e-03
14            	OVC	-1.453945e-02	-6.666879e-03	-6.134222e-03
14            	shield_slave	-1.579588e-02	-1.203033e-02	-4.210894e-03
15            	OVC	-1.453392e-02	-6.683824e-03	-6.132645e-03
15            	shield_slave	-1.578425e-02	-1.205922e-02	-4.213414e-03
16            	OVC	-1.452973e-02	-6.697843e-03	-6.131163e-03
16            	shield_slave	-1.576919e-02	-1.206881e-02	-4.215877e-03
17            	OVC	-1.453064e-02	-6.708445e-03	-6.129768e-03
17            	shield_slave	-1.575311e-02	-1.207385e-02	-4.218320e-03
18            	OVC	-1.453074e-02	-6.717658e-03	-6.128450e-03
18            	shield_slave	-1.573662e-02	-1.208061e-02	-4.220751e-03
19            	OVC	-1.452995e-02	-6.730015e-03	-6.127176e-03
19            	shield_slave	-1.573865e-02	-1.208948e-02	-4.223167e-03
20            	OVC	-1.452844e-02	-6.746560e-03	-6.125950e-03
20            	shield_slave	-1.574559e-02	-1.209383e-02	-4.225544e-03
21            	OVC	-1.452582e-02	-6.768128e-03	-6.124760e-03
21            	shield_slave	-1.574563e-02	-1.209952e-02	-4.227900e-03
22            	OVC	-1.452262e-02	-6.794701e-03	-6.123597e-03
22            	shield_slave	-1.576108e-02	-1.210623e-02	-4.230245e-03
23            	OVC	-1.451912e-02	-6.809787e-03	-6.122455e-03
23            	shield_slave	-1.587752e-02	-1.211338e-02	-4.232571e-03
24            	OVC	-1.451553e-02	-6.818663e-03	-6.121341e-03
24            	shield_slave	-1.575447e-02	-1.212053e-02	-4.234861e-03
25            	OVC	-1.451173e-02	-6.831310e-03	-6.120250e-03
25            	shield_slave	-1.572256e-02	-1.212737e-02	-4.237122e-03
26            	OVC	-1.451144e-02	-6.848239e-03	-6.119168e-03
26            	shield_slave	-1.569420e-02	-1.213363e-02	-4.239350e-03
27            	OVC	-1.451695e-02	-6.853470e-03	-6.118101e-03
27            	shield_slave	-1.566574e-02	-1.213917e-02	-4.241543e-03
28            	OVC	-1.452104e-02	-6.860075e-03	-6.117047e-03
28            	shield_slave	-1.564365e-02	-1.214389e-02	-4.243658e-03
29            	OVC	-1.452353e-02	-6.869051e-03	-6.116007e-03
29            	shield_slave	-1.566415e-02	-1.214775e-02	-4.245710e-03
30            	OVC	-1.452490e-02	-6.879956e-03	-6.114992e-03
30            	shield_slave	-1.568157e-02	-1.215074e-02	-4.247694e-03
31            	OVC	-1.452555e-02	-6.890663e-03	-6.114022e-03
31            	shield_slave	-1.569360e-02	-1.215292e-02	-4.249592e-03
32            	OVC	-1.452539e-02	-6.896713e-03	-6.113107e-03
32            	shield_slave	-1.570088e-02	-1.215433e-02	-4.251411e-03
33            	OVC	-1.452481e-02	-6.904155e-03	-6.112243e-03
33            	shield_slave	-1.570397e-02	-1.215507e-02	-4.253179e-03
34            	OVC	-1.452369e-02	-6.912577e-03	-6.111416e-03
34            	shield_slave	-1.570389e-02	-1.215520e-02	-4.254870e-03
35            	OVC	-1.452223e-02	-6.921397e-03	-6.110612e-03
35            	shield_slave	-1.570586e-02	-1.215483e-02	-4.256501e-03
36            	OVC	-1.452060e-02	-6.924901e-03	-6.109826e-03
36            	shield_slave	-1.571640e-02	-1.215407e-02	-4.258071e-03
37            	OVC	-1.451886e-02	-6.924847e-03	-6.109058e-03
37            	shield_slave	-1.572560e-02	-1.215298e-02	-4.259593e-03
38            	OVC	-1.451701e-02	-6.925963e-03	-6.108313e-03
38            	shield_slave	-1.573359e-02	-1.215166e-02	-4.261051e-03
39            	OVC	-1.451510e-02	-6.928197e-03	-6.107585e-03
39            	shield_slave	-1.573976e-02	-1.215017e-02	-4.262460e-03
40            	OVC	-1.451330e-02	-6.931372e-03	-6.106871e-03
40            	shield_slave	-1.574492e-02	-1.214860e-02	-4.263822e-03
41            	OVC	-1.451139e-02	-6.935302e-03	-6.106177e-03
41            	shield_slave	-1.574895e-02	-1.214697e-02	-4.265142e-03
42            	OVC	-1.450947e-02	-6.939778e-03	-6.105503e-03
42            	shield_slave	-1.575237e-02	-1.214535e-02	-4.266402e-03
43            	OVC	-1.450752e-02	-6.944699e-03	-6.104846e-03
43            	shield_slave	-1.576435e-02	-1.214377e-02	-4.267629e-03
44            	OVC	-1.450577e-02	-6.947818e-03	-6.104206e-03
44            	shield_slave	-1.579945e-02	-1.214227e-02	-4.268805e-03
45            	OVC	-1.450393e-02	-6.950619e-03	-6.103582e-03
45            	shield_slave	-1.583740e-02	-1.214086e-02	-4.269959e-03
46            	OVC	-1.450269e-02	-6.953818e-03	-6.102971e-03
46            	shield_slave	-1.587402e-02	-1.213955e-02	-4.271052e-03
47            	OVC	-1.450159e-02	-6.955372e-03	-6.102375e-03
47            	shield_slave	-1.591012e-02	-1.213837e-02	-4.272137e-03
48            	OVC	-1.450032e-02	-6.956013e-03	-6.101795e-03
48            	shield_slave	-1.593085e-02	-1.213731e-02	-4.273178e-03
49            	OVC	-1.449893e-02	-6.957159e-03	-6.101217e-03
49            	shield_slave	-1.593820e-02	-1.213638e-02	-4.274199e-03
50            	OVC	-1.449737e-02	-6.958727e-03	-6.100653e-03
50            	shield_slave	-1.594106e-02	-1.213557e-02	-4.275213e-03
51            	OVC	-1.449653e-02	-6.960568e-03	-6.100104e-03
51            	shield_slave	-1.593769e-02	-1.213486e-02	-4.276213e-03
52            	OVC	-1.449628e-02	-6.962621e-03	-6.099568e-03
52            	shield_slave	-1.593444e-02	-1.213425e-02	-4.277182e-03
53            	OVC	-1.449577e-02	-6.960351e-03	-6.099037e-03
53            	shield_slave	-1.592716e-02	-1.213372e-02	-4.278142e-03
54            	OVC	-1.449520e-02	-6.951342e-03	-6.098523e-03
54            	shield_slave	-1.591844e-02	-1.213327e-02	-4.279078e-03
55            	OVC	-1.449448e-02	-6.942555e-03	-6.098021e-03
55            	shield_slave	-1.590960e-02	-1.213289e-02	-4.279987e-03
56            	OVC	-1.449356e-02	-6.934058e-03	-6.097533e-03
56            	shield_slave	-1.590024e-02	-1.213256e-02	-4.280886e-03
57            	OVC	-1.449239e-02	-6.925807e-03	-6.097054e-03
57            	shield_slave	-1.589083e-02	-1.213225e-02	-4.281770e-03
58            	OVC	-1.449110e-02	-6.917904e-03	-6.096596e-03
58            	shield_slave	-1.588123e-02	-1.213195e-02	-4.282646e-03
59            	OVC	-1.448968e-02	-6.910362e-03	-6.096144e-03
59            	shield_slave	-1.587223e-02	-1.213164e-02	-4.283487e-03
60            	OVC	-1.448809e-02	-6.903260e-03	-6.095708e-03
60            	shield_slave	-1.586238e-02	-1.213130e-02	-4.284318e-03
61            	OVC	-1.448625e-02	-6.896521e-03	-6.095281e-03
61            	shield_slave	-1.585171e-02	-1.213093e-02	-4.285121e-03
62            	OVC	-1.448429e-02	-6.890193e-03	-6.094864e-03
62            	shield_slave	-1.584015e-02	-1.213052e-02	-4.285902e-03
63            	OVC	-1.448206e-02	-6.884281e-03	-6.094454e-03
63            	shield_slave	-1.582716e-02	-1.213002e-02	-4.286656e-03
64            	OVC	-1.447976e-02	-6.878755e-03	-6.094075e-03
64            	shield_slave	-1.581329e-02	-1.212944e-02	-4.287394e-03
65            	OVC	-1.447734e-02	-6.873670e-03	-6.093701e-03
65            	shield_slave	-1.579884e-02	-1.212876e-02	-4.288110e-03
66            	OVC	-1.447477e-02	-6.868899e-03	-6.093333e-03
66            	shield_slave	-1.578404e-02	-1.212797e-02	-4.288813e-03
67            	OVC	-1.447214e-02	-6.864431e-03	-6.092973e-03
67            	shield_slave	-1.576882e-02	-1.212705e-02	-4.289475e-03
68            	OVC	-1.446953e-02	-6.860340e-03	-6.092628e-03
68            	shield_slave	-1.575286e-02	-1.212602e-02	-4.290127e-03
69            	OVC	-1.446672e-02	-6.856528e-03	-6.092291e-03
69            	shield_slave	-1.573624e-02	-1.212486e-02	-4.290744e-03
70            	OVC	-1.446386e-02	-6.853025e-03	-6.091957e-03
70            	shield_slave	-1.571936e-02	-1.212358e-02	-4.291356e-03
71            	OVC	-1.446096e-02	-6.849781e-03	-6.091635e-03
71            	shield_slave	-1.570858e-02	-1.212216e-02	-4.291975e-03
72            	OVC	-1.445810e-02	-6.846786e-03	-6.091317e-03
72            	shield_slave	-1.571305e-02	-1.212062e-02	-4.292577e-03
73            	OVC	-1.445534e-02	-6.844043e-03	-6.091015e-03
73            	shield_slave	-1.571688e-02	-1.211897e-02	-4.293127e-03
74            	OVC	-1.445257e-02	-6.841497e-03	-6.090701e-03
74            	shield_slave	-1.571998e-02	-1.211722e-02	-4.293688e-03
75            	OVC	-1.445141e-02	-6.839184e-03	-6.090396e-03
75            	shield_slave	-1.572203e-02	-1.211535e-02	-4.294226e-03
76            	OVC	-1.445623e-02	-6.837000e-03	-6.090098e-03
76            	shield_slave	-1.572379e-02	-1.211339e-02	-4.294740e-03
77            	OVC	-1.446102e-02	-6.835088e-03	-6.089788e-03
77            	shield_slave	-1.572387e-02	-1.211134e-02	-4.295252e-03
78            	OVC	-1.446524e-02	-6.833359e-03	-6.089489e-03
78            	shield_slave	-1.572337e-02	-1.210921e-02	-4.295765e-03
79            	OVC	-1.446873e-02	-6.831764e-03	-6.089197e-03
79            	shield_slave	-1.572203e-02	-1.210703e-02	-4.296242e-03
80            	OVC	-1.447152e-02	-6.830379e-03	-6.088898e-03
80            	shield_slave	-1.571989e-02	-1.210480e-02	-4.296709e-03
81            	OVC	-1.447389e-02	-6.829184e-03	-6.088602e-03
81            	shield_slave	-1.571698e-02	-1.210252e-02	-4.297116e-03
82            	OVC	-1.447597e-02	-6.828045e-03	-6.088309e-03
82            	shield_slave	-1.571381e-02	-1.210019e-02	-4.297543e-03
83            	OVC	-1.447769e-02	-6.827127e-03	-6.088031e-03
83            	shield_slave	-1.571050e-02	-1.209786e-02	-4.297997e-03
84            	OVC	-1.447874e-02	-6.826400e-03	-6.087761e-03
84            	shield_slave	-1.570619e-02	-1.209554e-02	-4.298432e-03
85            	OVC	-1.448014e-02	-6.825790e-03	-6.087490e-03
85            	shield_slave	-1.570118e-02	-1.209319e-02	-4.298850e-03
86            	OVC	-1.448092e-02	-6.825396e-03	-6.087208e-03
86            	shield_slave	-1.569635e-02	-1.209084e-02	-4.299236e-03
87            	OVC	-1.448179e-02	-6.825193e-03	-6.086934e-03
87            	shield_slave	-1.569212e-02	-1.208853e-02	-4.299581e-03
88            	OVC	-1.448243e-02	-6.825099e-03	-6.086656e-03
88            	shield_slave	-1.568719e-02	-1.208623e-02	-4.300018e-03
89            	OVC	-1.448271e-02	-6.825146e-03	-6.086400e-03
89            	shield_slave	-1.568111e-02	-1.208395e-02	-4.300392e-03
90            	OVC	-1.448290e-02	-6.825411e-03	-6.086136e-03
90            	shield_slave	-1.567457e-02	-1.208169e-02	-4.300741e-03
91            	OVC	-1.448255e-02	-6.825753e-03	-6.085875e-03
91            	shield_slave	-1.566723e-02	-1.207945e-02	-4.301117e-03
92            	OVC	-1.448231e-02	-6.825454e-03	-6.085617e-03
92            	shield_slave	-1.565883e-02	-1.207723e-02	-4.301459e-03
93            	OVC	-1.448182e-02	-6.825159e-03	-6.085386e-03
93            	shield_slave	-1.565049e-02	-1.207505e-02	-4.301745e-03
94            	OVC	-1.448154e-02	-6.824983e-03	-6.085157e-03
94            	shield_slave	-1.564146e-02	-1.207289e-02	-4.302094e-03
95            	OVC	-1.448040e-02	-6.824983e-03	-6.084920e-03
95            	shield_slave	-1.563141e-02	-1.207077e-02	-4.302429e-03
96            	OVC	-1.447939e-02	-6.825094e-03	-6.084697e-03
96            	shield_slave	-1.562154e-02	-1.206867e-02	-4.302721e-03
97            	OVC	-1.447860e-02	-6.825352e-03	-6.084486e-03
97            	shield_slave	-1.561140e-02	-1.206658e-02	-4.303040e-03
98            	OVC	-1.447775e-02	-6.825775e-03	-6.084270e-03
98            	shield_slave	-1.560100e-02	-1.206453e-02	-4.303334e-03
99            	OVC	-1.447715e-02	-6.826265e-03	-6.084063e-03
99            	shield_slave	-1.559054e-02	-1.206249e-02	-4.303646e-03
100           	OVC	-1.447624e-02	-6.826930e-03	-6.083872e-03
100           	shield_slave	-1.557926e-02	-1.206046e-02	-4.303942e-03
101           	OVC	-1.447477e-02	-6.827676e-03	-6.083684e-03
101           	shield_slave	-1.557668e-02	-1.205845e-02	-4.304218e-03
102           	OVC	-1.447364e-02	-6.828532e-03	-6.083497e-03
102           	shield_slave	-1.559275e-02	-1.205646e-02	-4.304474e-03
103           	OVC	-1.447294e-02	-6.829502e-03	-6.083323e-03
103           	shield_slave	-1.560410e-02	-1.205445e-02	-4.304743e-03
104           	OVC	-1.447182e-02	-6.830574e-03	-6.083147e-03
104           	shield_slave	-1.561519e-02	-1.205246e-02	-4.305012e-03
105           	OVC	-1.447054e-02	-6.831734e-03	-6.082952e-03
105           	shield_slave	-1.562242e-02	-1.205047e-02	-4.305282e-03
106           	OVC	-1.446914e-02	-6.833010e-03	-6.082777e-03
106           	shield_slave	-1.563000e-02	-1.204848e-02	-4.305544e-03
107           	OVC	-1.446779e-02	-6.834337e-03	-6.082607e-03
107           	shield_slave	-1.564071e-02	-1.204649e-02	-4.305799e-03
108           	OVC	-1.446689e-02	-6.835131e-03	-6.082437e-03
108           	shield_slave	-1.565431e-02	-1.204448e-02	-4.306035e-03
109           	OVC	-1.446605e-02	-6.835318e-03	-6.082260e-03
109           	shield_slave	-1.566462e-02	-1.204246e-02	-4.306279e-03
110           	OVC	-1.446521e-02	-6.835626e-03	-6.082095e-03
110           	shield_slave	-1.567264e-02	-1.204044e-02	-4.306512e-03
111           	OVC	-1.446427e-02	-6.836036e-03	-6.081933e-03
111           	shield_slave	-1.568172e-02	-1.203839e-02	-4.306752e-03
112           	OVC	-1.446326e-02	-6.836541e-03	-6.081761e-03
112           	shield_slave	-1.568989e-02	-1.203632e-02	-4.307005e-03
113           	OVC	-1.446244e-02	-6.836384e-03	-6.081599e-03
113           	shield_slave	-1.569502e-02	-1.203426e-02	-4.307203e-03
114           	OVC	-1.446134e-02	-6.836212e-03	-6.081451e-03
114           	shield_slave	-1.570209e-02	-1.203218e-02	-4.307461e-03
115           	OVC	-1.446068e-02	-6.836101e-03	-6.081302e-03
115           	shield_slave	-1.570539e-02	-1.203005e-02	-4.307678e-03
116           	OVC	-1.445994e-02	-6.836099e-03	-6.081155e-03
116           	shield_slave	-1.570889e-02	-1.202792e-02	-4.307867e-03
117           	OVC	-1.445929e-02	-6.836232e-03	-6.081013e-03
117           	shield_slave	-1.571038e-02	-1.202578e-02	-4.308059e-03
118           	OVC	-1.445874e-02	-6.836503e-03	-6.080868e-03
118           	shield_slave	-1.570902e-02	-1.202360e-02	-4.308244e-03
119           	OVC	-1.445818e-02	-6.836835e-03	-6.080722e-03
119           	shield_slave	-1.570384e-02	-1.202142e-02	-4.308427e-03
120           	OVC	-1.445769e-02	-6.837304e-03	-6.080593e-03
120           	shield_slave	-1.570318e-02	-1.201923e-02	-4.308593e-03
121           	OVC	-1.445691e-02	-6.837874e-03	-6.080459e-03
121           	shield_slave	-1.568684e-02	-1.201703e-02	-4.308759e-03
122           	OVC	-1.445644e-02	-6.838578e-03	-6.080325e-03
122           	shield_slave	-1.568151e-02	-1.201484e-02	-4.308910e-03
123           	OVC	-1.445583e-02	-6.839281e-03	-6.080191e-03
123           	shield_slave	-1.568215e-02	-1.201263e-02	-4.309055e-03
124           	OVC	-1.445552e-02	-6.840131e-03	-6.080078e-03
124           	shield_slave	-1.568206e-02	-1.201041e-02	-4.309193e-03
125           	OVC	-1.445486e-02	-6.840415e-03	-6.079954e-03
125           	shield_slave	-1.567334e-02	-1.200819e-02	-4.309338e-03
126           	OVC	-1.445472e-02	-6.840645e-03	-6.079829e-03
126           	shield_slave	-1.567033e-02	-1.200598e-02	-4.309470e-03
127           	OVC	-1.445447e-02	-6.841001e-03	-6.079713e-03
127           	shield_slave	-1.565791e-02	-1.200380e-02	-4.309615e-03
128           	OVC	-1.445429e-02	-6.841422e-03	-6.079597e-03
128           	shield_slave	-1.565681e-02	-1.200163e-02	-4.309769e-03
129           	OVC	-1.445394e-02	-6.841915e-03	-6.079483e-03
129           	shield_slave	-1.564824e-02	-1.199945e-02	-4.309894e-03
130           	OVC	-1.445364e-02	-6.842526e-03	-6.079356e-03
130           	shield_slave	-1.563706e-02	-1.199728e-02	-4.310028e-03
131           	OVC	-1.445330e-02	-6.843253e-03	-6.079238e-03
131           	shield_slave	-1.562576e-02	-1.199515e-02	-4.310146e-03
132           	OVC	-1.445294e-02	-6.844034e-03	-6.079127e-03
132           	shield_slave	-1.561151e-02	-1.199305e-02	-4.310292e-03
133           	OVC	-1.445269e-02	-6.844932e-03	-6.079026e-03
133           	shield_slave	-1.562285e-02	-1.199098e-02	-4.310397e-03
134           	OVC	-1.445250e-02	-6.845915e-03	-6.078964e-03
134           	shield_slave	-1.562149e-02	-1.198894e-02	-4.310549e-03
135           	OVC	-1.445223e-02	-6.846988e-03	-6.078823e-03
135           	shield_slave	-1.562662e-02	-1.198696e-02	-4.310657e-03
136           	OVC	-1.445201e-02	-6.848090e-03	-6.078718e-03
136           	shield_slave	-1.563176e-02	-1.198500e-02	-4.310746e-03
137           	OVC	-1.445162e-02	-6.848974e-03	-6.078619e-03
137           	shield_slave	-1.563856e-02	-1.198312e-02	-4.310859e-03
138           	OVC	-1.445130e-02	-6.849561e-03	-6.078559e-03
138           	shield_slave	-1.564468e-02	-1.198125e-02	-4.311012e-03
139           	OVC	-1.445108e-02	-6.850243e-03	-6.078475e-03
139           	shield_slave	-1.565067e-02	-1.197944e-02	-4.311116e-03
140           	OVC	-1.445066e-02	-6.851067e-03	-6.078404e-03
140           	shield_slave	-1.565578e-02	-1.197768e-02	-4.311178e-03
141           	OVC	-1.445027e-02	-6.851909e-03	-6.078300e-03
141           	shield_slave	-1.566003e-02	-1.197599e-02	-4.311270e-03
142           	OVC	-1.444989e-02	-6.851964e-03	-6.078211e-03
142           	shield_slave	-1.566388e-02	-1.197435e-02	-4.311384e-03
143           	OVC	-1.444971e-02	-6.851836e-03	-6.078107e-03
143           	shield_slave	-1.566870e-02	-1.197277e-02	-4.311465e-03
144           	OVC	-1.444932e-02	-6.851827e-03	-6.078005e-03
144           	shield_slave	-1.567303e-02	-1.197128e-02	-4.311543e-03
145           	OVC	-1.444897e-02	-6.851918e-03	-6.077917e-03
145           	shield_slave	-1.567655e-02	-1.196986e-02	-4.311627e-03
146           	OVC	-1.444873e-02	-6.852112e-03	-6.077851e-03
146           	shield_slave	-1.568052e-02	-1.196851e-02	-4.311680e-03
147           	OVC	-1.444828e-02	-6.852407e-03	-6.077757e-03
147           	shield_slave	-1.568404e-02	-1.196722e-02	-4.311722e-03
148           	OVC	-1.444791e-02	-6.852804e-03	-6.077680e-03
148           	shield_slave	-1.568769e-02	-1.196601e-02	-4.311808e-03
149           	OVC	-1.444750e-02	-6.853327e-03	-6.077587e-03
149           	shield_slave	-1.569147e-02	-1.196488e-02	-4.311860e-03
150           	OVC	-1.444701e-02	-6.853908e-03	-6.077509e-03
150           	shield_slave	-1.569408e-02	-1.196383e-02	-4.311981e-03
151           	OVC	-1.444650e-02	-6.854557e-03	-6.077415e-03
151           	shield_slave	-1.569740e-02	-1.196286e-02	-4.312078e-03
152           	OVC	-1.444593e-02	-6.855311e-03	-6.077302e-03
152           	shield_slave	-1.570004e-02	-1.196198e-02	-4.312158e-03
153           	OVC	-1.444548e-02	-6.856125e-03	-6.077210e-03
153           	shield_slave	-1.570255e-02	-1.196117e-02	-4.312203e-03
154           	OVC	-1.444499e-02	-6.857000e-03	-6.077139e-03
154           	shield_slave	-1.570480e-02	-1.196048e-02	-4.312259e-03
155           	OVC	-1.444454e-02	-6.857734e-03	-6.077056e-03
155           	shield_slave	-1.570743e-02	-1.195984e-02	-4.312331e-03
156           	OVC	-1.444392e-02	-6.858123e-03	-6.076979e-03
156           	shield_slave	-1.571007e-02	-1.195928e-02	-4.312428e-03
157           	OVC	-1.444321e-02	-6.858634e-03	-6.076852e-03
157           	shield_slave	-1.571241e-02	-1.195883e-02	-4.312504e-03
158           	OVC	-1.444245e-02	-6.859197e-03	-6.076784e-03
158           	shield_slave	-1.571425e-02	-1.195844e-02	-4.312592e-03
159           	OVC	-1.444170e-02	-6.859810e-03	-6.076665e-03
159           	shield_slave	-1.571653e-02	-1.195811e-02	-4.312668e-03
160           	OVC	-1.444105e-02	-6.860531e-03	-6.076574e-03
160           	shield_slave	-1.571822e-02	-1.195788e-02	-4.312749e-03
161           	OVC	-1.444052e-02	-6.861303e-03	-6.076479e-03
161           	shield_slave	-1.571925e-02	-1.195775e-02	-4.312843e-03
162           	OVC	-1.443979e-02	-6.862158e-03	-6.076401e-03
162           	shield_slave	-1.572036e-02	-1.195767e-02	-4.312902e-03
163           	OVC	-1.443893e-02	-6.863034e-03	-6.076346e-03
163           	shield_slave	-1.572218e-02	-1.195765e-02	-4.312988e-03
164           	OVC	-1.443829e-02	-6.863949e-03	-6.076262e-03
164           	shield_slave	-1.572287e-02	-1.195771e-02	-4.313091e-03
165           	OVC	-1.443750e-02	-6.864840e-03	-6.076209e-03
165           	shield_slave	-1.572408e-02	-1.195784e-02	-4.313183e-03
166           	OVC	-1.443675e-02	-6.865760e-03	-6.076128e-03
166           	shield_slave	-1.572471e-02	-1.195803e-02	-4.313238e-03
167           	OVC	-1.443595e-02	-6.866368e-03	-6.076075e-03
167           	shield_slave	-1.572680e-02	-1.195825e-02	-4.313314e-03
168           	OVC	-1.443505e-02	-6.860239e-03	-6.076018e-03
168           	shield_slave	-1.572817e-02	-1.195856e-02	-4.313396e-03
169           	OVC	-1.443423e-02	-6.861539e-03	-6.075931e-03
169           	shield_slave	-1.572898e-02	-1.195891e-02	-4.313480e-03
170           	OVC	-1.443337e-02	-6.860035e-03	-6.075844e-03
170           	shield_slave	-1.572974e-02	-1.195928e-02	-4.313578e-03
171           	OVC	-1.443275e-02	-6.857903e-03	-6.075763e-03
171           	shield_slave	-1.573008e-02	-1.195970e-02	-4.313691e-03
172           	OVC	-1.443195e-02	-6.857446e-03	-6.075654e-03
172           	shield_slave	-1.573083e-02	-1.196015e-02	-4.313778e-03
173           	OVC	-1.443132e-02	-6.857856e-03	-6.075596e-03
173           	shield_slave	-1.573039e-02	-1.196061e-02	-4.313835e-03
174           	OVC	-1.443055e-02	-6.855016e-03	-6.075507e-03
174           	shield_slave	-1.573102e-02	-1.196110e-02	-4.313946e-03
175           	OVC	-1.442972e-02	-6.853876e-03	-6.075423e-03
175           	shield_slave	-1.573157e-02	-1.196161e-02	-4.314036e-03
176           	OVC	-1.442919e-02	-6.852905e-03	-6.075342e-03
176           	shield_slave	-1.573188e-02	-1.196217e-02	-4.314099e-03
177           	OVC	-1.442896e-02	-6.853109e-03	-6.075232e-03
177           	shield_slave	-1.573162e-02	-1.196267e-02	-4.314232e-03
178           	OVC	-1.442920e-02	-6.850957e-03	-6.075179e-03
178           	shield_slave	-1.573212e-02	-1.196322e-02	-4.314297e-03
179           	OVC	-1.442957e-02	-6.848642e-03	-6.075144e-03
179           	shield_slave	-1.573113e-02	-1.196368e-02	-4.314366e-03
180           	OVC	-1.442993e-02	-6.848717e-03	-6.075117e-03
180           	shield_slave	-1.573101e-02	-1.196417e-02	-4.314362e-03
181           	OVC	-1.443028e-02	-6.849017e-03	-6.075028e-03
181           	shield_slave	-1.573082e-02	-1.196472e-02	-4.314493e-03
182           	OVC	-1.443061e-02	-6.846894e-03	-6.074978e-03
182           	shield_slave	-1.573120e-02	-1.196524e-02	-4.314589e-03
183           	OVC	-1.443102e-02	-6.846510e-03	-6.074918e-03
183           	shield_slave	-1.573105e-02	-1.196572e-02	-4.314753e-03
184           	OVC	-1.443141e-02	-6.847297e-03	-6.074848e-03
184           	shield_slave	-1.572908e-02	-1.196619e-02	-4.314854e-03
185           	OVC	-1.443178e-02	-6.848127e-03	-6.074780e-03
185           	shield_slave	-1.572770e-02	-1.196667e-02	-4.314888e-03
186           	OVC	-1.443215e-02	-6.847472e-03	-6.074708e-03
186           	shield_slave	-1.572718e-02	-1.196714e-02	-4.314936e-03
187           	OVC	-1.443257e-02	-6.847848e-03	-6.074673e-03
187           	shield_slave	-1.572695e-02	-1.196760e-02	-4.314979e-03
188           	OVC	-1.443295e-02	-6.848187e-03	-6.074666e-03
188           	shield_slave	-1.572462e-02	-1.196802e-02	-4.315006e-03
189           	OVC	-1.443339e-02	-6.846578e-03	-6.074606e-03
189           	shield_slave	-1.572323e-02	-1.196835e-02	-4.315058e-03
190           	OVC	-1.443380e-02	-6.845929e-03	-6.074587e-03
190           	shield_slave	-1.572132e-02	-1.196865e-02	-4.315096e-03
191           	OVC	-1.443420e-02	-6.845178e-03	-6.074524e-03
191           	shield_slave	-1.572009e-02	-1.196893e-02	-4.315139e-03
192           	OVC	-1.443461e-02	-6.847367e-03	-6.074470e-03
192           	shield_slave	-1.571889e-02	-1.196922e-02	-4.315208e-03
193           	OVC	-1.443500e-02	-6.847233e-03	-6.074426e-03
193           	shield_slave	-1.571644e-02	-1.196954e-02	-4.315276e-03
194           	OVC	-1.443538e-02	-6.848079e-03	-6.074401e-03
194           	shield_slave	-1.571548e-02	-1.196974e-02	-4.315362e-03
195           	OVC	-1.443576e-02	-6.848598e-03	-6.074375e-03
195           	shield_slave	-1.571376e-02	-1.196994e-02	-4.315394e-03
196           	OVC	-1.443614e-02	-6.849299e-03	-6.074373e-03
196           	shield_slave	-1.571146e-02	-1.197015e-02	-4.315407e-03
197           	OVC	-1.443648e-02	-6.850861e-03	-6.074330e-03
197           	shield_slave	-1.570953e-02	-1.197035e-02	-4.315441e-03
198           	OVC	-1.443681e-02	-6.851942e-03	-6.074270e-03
198           	shield_slave	-1.570750e-02	-1.197048e-02	-4.315512e-03
199           	OVC	-1.443714e-02	-6.853084e-03	-6.074238e-03
199           	shield_slave	-1.570244e-02	-1.197056e-02	-4.315561e-03
200           	OVC	-1.443747e-02	-6.854521e-03	-6.074222e-03
200           	shield_slave	-1.570282e-02	-1.197064e-02	-4.315720e-03
201           	OVC	-1.443779e-02	-6.854781e-03	-6.074197e-03
201           	shield_slave	-1.570143e-02	-1.197082e-02	-4.315832e-03
202           	OVC	-1.443804e-02	-6.854233e-03	-6.074184e-03
202           	shield_slave	-1.569860e-02	-1.197101e-02	-4.315943e-03
203           	OVC	-1.443832e-02	-6.856109e-03	-6.074191e-03
203           	shield_slave	-1.569532e-02	-1.197105e-02	-4.316007e-03
204           	OVC	-1.443855e-02	-6.858703e-03	-6.074173e-03
204           	shield_slave	-1.569204e-02	-1.197104e-02	-4.315971e-03
205           	OVC	-1.443876e-02	-6.861844e-03	-6.074176e-03
205           	shield_slave	-1.568983e-02	-1.197116e-02	-4.316096e-03
206           	OVC	-1.443901e-02	-6.863233e-03	-6.074170e-03
206           	shield_slave	-1.568442e-02	-1.197122e-02	-4.316177e-03
207           	OVC	-1.443918e-02	-6.865662e-03	-6.074121e-03
207           	shield_slave	-1.568175e-02	-1.197138e-02	-4.316235e-03
208           	OVC	-1.443936e-02	-6.866526e-03	-6.074119e-03
208           	shield_slave	-1.568414e-02	-1.197148e-02	-4.316353e-03
209           	OVC	-1.443949e-02	-6.868179e-03	-6.074111e-03
209           	shield_slave	-1.568131e-02	-1.197149e-02	-4.316378e-03
210           	OVC	-1.443957e-02	-6.869152e-03	-6.074102e-03
210           	shield_slave	-1.567854e-02	-1.197165e-02	-4.316453e-03
211           	OVC	-1.443967e-02	-6.863871e-03	-6.074089e-03
211           	shield_slave	-1.567644e-02	-1.197170e-02	-4.316517e-03
212           	OVC	-1.443975e-02	-6.864180e-03	-6.074085e-03
212           	shield_slave	-1.567420e-02	-1.197189e-02	-4.316702e-03
213           	OVC	-1.443980e-02	-6.872595e-03	-6.074096e-03
213           	shield_slave	-1.567274e-02	-1.197199e-02	-4.316731e-03
214           	OVC	-1.443984e-02	-6.875310e-03	-6.074106e-03
214           	shield_slave	-1.567016e-02	-1.197210e-02	-4.316779e-03
215           	OVC	-1.443980e-02	-6.876357e-03	-6.074126e-03
215           	shield_slave	-1.566908e-02	-1.197229e-02	-4.316922e-03
216           	OVC	-1.443977e-02	-6.875885e-03	-6.074114e-03
216           	shield_slave	-1.566643e-02	-1.197245e-02	-4.316927e-03
217           	OVC	-1.443973e-02	-6.876633e-03	-6.074129e-03
217           	shield_slave	-1.566521e-02	-1.197274e-02	-4.317071e-03
218           	OVC	-1.443965e-02	-6.876039e-03	-6.074123e-03
218           	shield_slave	-1.565932e-02	-1.197295e-02	-4.317170e-03
219           	OVC	-1.443954e-02	-6.874368e-03	-6.074171e-03
219           	shield_slave	-1.565627e-02	-1.197334e-02	-4.317246e-03
220           	OVC	-1.443944e-02	-6.880597e-03	-6.074194e-03
220           	shield_slave	-1.565075e-02	-1.197368e-02	-4.317285e-03
221           	OVC	-1.443932e-02	-6.881715e-03	-6.074229e-03
221           	shield_slave	-1.565188e-02	-1.197411e-02	-4.317314e-03
222           	OVC	-1.443917e-02	-6.882391e-03	-6.074239e-03
222           	shield_slave	-1.565231e-02	-1.197445e-02	-4.317329e-03
223           	OVC	-1.443899e-02	-6.884183e-03	-6.074256e-03
223           	shield_slave	-1.565001e-02	-1.197476e-02	-4.317435e-03
224           	OVC	-1.443880e-02	-6.885344e-03	-6.074266e-03
224           	shield_slave	-1.564699e-02	-1.197501e-02	-4.317505e-03
225           	OVC	-1.443861e-02	-6.886670e-03	-6.074287e-03
225           	shield_slave	-1.564804e-02	-1.197554e-02	-4.317584e-03
226           	OVC	-1.443837e-02	-6.887939e-03	-6.074318e-03
226           	shield_slave	-1.564950e-02	-1.197595e-02	-4.317667e-03
227           	OVC	-1.443814e-02	-6.889263e-03	-6.074339e-03
227           	shield_slave	-1.565034e-02	-1.197688e-02	-4.317736e-03
228           	OVC	-1.443787e-02	-6.890191e-03	-6.074351e-03
228           	shield_slave	-1.564768e-02	-1.197708e-02	-4.317763e-03
229           	OVC	-1.443762e-02	-6.891883e-03	-6.074390e-03
229           	shield_slave	-1.564852e-02	-1.197761e-02	-4.317820e-03
230           	OVC	-1.443735e-02	-6.892480e-03	-6.074454e-03
230           	shield_slave	-1.564980e-02	-1.197850e-02	-4.317872e-03
231           	OVC	-1.443708e-02	-6.863645e-03	-6.074485e-03
231           	shield_slave	-1.564955e-02	-1.197933e-02	-4.317939e-03
232           	OVC	-1.443679e-02	-6.855867e-03	-6.074540e-03
232           	shield_slave	-1.565056e-02	-1.197987e-02	-4.318012e-03
233           	OVC	-1.443648e-02	-6.860023e-03	-6.074565e-03
233           	shield_slave	-1.565127e-02	-1.198045e-02	-4.318092e-03
234           	OVC	-1.443616e-02	-6.883960e-03	-6.074600e-03
234           	shield_slave	-1.565213e-02	-1.198128e-02	-4.318112e-03
235           	OVC	-1.443584e-02	-6.897310e-03	-6.074591e-03
235           	shield_slave	-1.565324e-02	-1.198175e-02	-4.318178e-03
236           	OVC	-1.443550e-02	-6.901954e-03	-6.074628e-03
236           	shield_slave	-1.565347e-02	-1.198249e-02	-4.318261e-03
237           	OVC	-1.443518e-02	-6.903495e-03	-6.074624e-03
237           	shield_slave	-1.565337e-02	-1.198348e-02	-4.318303e-03
238           	OVC	-1.443482e-02	-6.905624e-03	-6.074650e-03
238           	shield_slave	-1.565281e-02	-1.198426e-02	-4.318375e-03
239           	OVC	-1.443446e-02	-6.907059e-03	-6.074673e-03
239           	shield_slave	-1.565231e-02	-1.198540e-02	-4.318520e-03
240           	OVC	-1.443411e-02	-6.908382e-03	-6.074728e-03
240           	shield_slave	-1.565162e-02	-1.198669e-02	-4.318567e-03
241           	OVC	-1.443376e-02	-6.911162e-03	-6.074755e-03
241           	shield_slave	-1.565225e-02	-1.198773e-02	-4.318625e-03
242           	OVC	-1.443341e-02	-6.913531e-03	-6.074785e-03
242           	shield_slave	-1.565278e-02	-1.198863e-02	-4.318674e-03
243           	OVC	-1.443304e-02	-6.915006e-03	-6.074805e-03
243           	shield_slave	-1.565325e-02	-1.199003e-02	-4.318726e-03
244           	OVC	-1.443284e-02	-6.916213e-03	-6.074776e-03
244           	shield_slave	-1.565338e-02	-1.199141e-02	-4.318778e-03
245           	OVC	-1.443271e-02	-6.919634e-03	-6.074848e-03
245           	shield_slave	-1.565359e-02	-1.199286e-02	-4.318793e-03
246           	OVC	-1.443261e-02	-6.921154e-03	-6.074921e-03
246           	shield_slave	-1.565407e-02	-1.199434e-02	-4.318771e-03
247           	OVC	-1.443247e-02	-6.924109e-03	-6.074950e-03
247           	shield_slave	-1.565499e-02	-1.199577e-02	-4.318722e-03
248           	OVC	-1.443235e-02	-6.927402e-03	-6.075043e-03
248           	shield_slave	-1.565582e-02	-1.199681e-02	-4.318809e-03
249           	OVC	-1.443215e-02	-6.928927e-03	-6.075073e-03
249           	shield_slave	-1.565650e-02	-1.199817e-02	-4.318923e-03
250           	OVC	-1.443194e-02	-6.930989e-03	-6.075115e-03
250           	shield_slave	-1.569689e-02	-1.199938e-02	-4.318978e-03
251           	OVC	-1.443175e-02	-6.931852e-03	-6.075199e-03
251           	shield_slave	-1.565625e-02	-1.200057e-02	-4.318957e-03
252           	OVC	-1.443157e-02	-6.932589e-03	-6.075354e-03
252           	shield_slave	-1.565713e-02	-1.200269e-02	-4.319049e-03
253           	OVC	-1.443133e-02	-6.934110e-03	-6.075337e-03
253           	shield_slave	-1.565656e-02	-1.200401e-02	-4.319097e-03
254           	OVC	-1.443110e-02	-6.935307e-03	-6.075381e-03
254           	shield_slave	-1.565653e-02	-1.200501e-02	-4.319127e-03
255           	OVC	-1.443086e-02	-6.938914e-03	-6.075469e-03
255           	shield_slave	-1.565726e-02	-1.200666e-02	-4.319160e-03
256           	OVC	-1.443057e-02	-6.936280e-03	-6.075360e-03
256           	shield_slave	-1.568668e-02	-1.200856e-02	-4.319268e-03
257           	OVC	-1.443029e-02	-6.939234e-03	-6.075379e-03
257           	shield_slave	-1.565558e-02	-1.201027e-02	-4.319338e-03
258           	OVC	-1.442999e-02	-6.943892e-03	-6.075436e-03
258           	shield_slave	-1.565975e-02	-1.201128e-02	-4.319469e-03
259           	OVC	-1.442970e-02	-6.939457e-03	-6.075489e-03
259           	shield_slave	-1.565466e-02	-1.201159e-02	-4.319421e-03
260           	OVC	-1.442942e-02	-6.947780e-03	-6.075471e-03
260           	shield_slave	-1.565487e-02	-1.201301e-02	-4.319342e-03
261           	OVC	-1.442913e-02	-6.926086e-03	-6.075451e-03
261           	shield_slave	-1.565471e-02	-1.201442e-02	-4.319415e-03
262           	OVC	-1.442884e-02	-6.924772e-03	-6.075408e-03
262           	shield_slave	-1.565372e-02	-1.201598e-02	-4.319344e-03
263           	OVC	-1.442851e-02	-6.884014e-03	-6.075416e-03
263           	shield_slave	-1.565311e-02	-1.201775e-02	-4.319481e-03
264           	OVC	-1.442819e-02	-6.861539e-03	-6.075483e-03
264           	shield_slave	-1.565133e-02	-1.201853e-02	-4.319295e-03
265           	OVC	-1.442786e-02	-6.839945e-03	-6.075512e-03
265           	shield_slave	-1.566123e-02	-1.201956e-02	-4.319486e-03
266           	OVC	-1.442750e-02	-6.826021e-03	-6.075600e-03
266           	shield_slave	-1.564823e-02	-1.202064e-02	-4.319456e-03
267           	OVC	-1.442716e-02	-6.845162e-03	-6.075666e-03
267           	shield_slave	-1.567937e-02	-1.202264e-02	-4.319530e-03
268           	OVC	-1.442682e-02	-6.873530e-03	-6.075681e-03
268           	shield_slave	-1.585522e-02	-1.202451e-02	-4.319675e-03
269           	OVC	-1.442648e-02	-6.918666e-03	-6.075755e-03
269           	shield_slave	-1.573165e-02	-1.202631e-02	-4.319807e-03
270           	OVC	-1.442614e-02	-6.940014e-03	-6.075807e-03
270           	shield_slave	-1.574032e-02	-1.202628e-02	-4.319747e-03
271           	OVC	-1.442580e-02	-6.923905e-03	-6.075854e-03
271           	shield_slave	-1.613583e-02	-1.202806e-02	-4.319990e-03
272           	OVC	-1.442543e-02	-6.908538e-03	-6.075847e-03
272           	shield_slave	-1.622087e-02	-1.202919e-02	-4.320015e-03
273           	OVC	-1.442511e-02	-6.937570e-03	-6.075959e-03
273           	shield_slave	-1.579744e-02	-1.203219e-02	-4.319935e-03
274           	OVC	-1.442478e-02	-6.928875e-03	-6.075977e-03
274           	shield_slave	-1.573625e-02	-1.203439e-02	-4.320042e-03
275           	OVC	-1.442443e-02	-6.927046e-03	-6.076008e-03
275           	shield_slave	-1.571057e-02	-1.203646e-02	-4.319964e-03
276           	OVC	-1.442407e-02	-6.881874e-03	-6.076053e-03
276           	shield_slave	-1.563308e-02	-1.203815e-02	-4.319938e-03
277           	OVC	-1.442372e-02	-6.856571e-03	-6.076078e-03
277           	shield_slave	-1.568385e-02	-1.204145e-02	-4.319975e-03
278           	OVC	-1.442345e-02	-6.907400e-03	-6.076052e-03
278           	shield_slave	-1.562905e-02	-1.204225e-02	-4.319807e-03
279           	OVC	-1.442337e-02	-6.948940e-03	-6.076128e-03
279           	shield_slave	-1.562692e-02	-1.204577e-02	-4.319841e-03
280           	OVC	-1.442326e-02	-6.959020e-03	-6.076284e-03
280           	shield_slave	-1.562490e-02	-1.204698e-02	-4.319827e-03
281           	OVC	-1.442313e-02	-6.855941e-03	-6.076414e-03
281           	shield_slave	-1.562330e-02	-1.204671e-02	-4.319813e-03
282           	OVC	-1.442307e-02	-6.858578e-03	-6.076520e-03
282           	shield_slave	-1.562117e-02	-1.204314e-02	-4.319605e-03
283           	OVC	-1.442297e-02	-6.859251e-03	-6.076639e-03
283           	shield_slave	-1.561889e-02	-1.204756e-02	-4.319715e-03
284           	OVC	-1.442288e-02	-6.930339e-03	-6.076697e-03
284           	shield_slave	-1.561662e-02	-1.204234e-02	-4.319706e-03
285           	OVC	-1.442281e-02	-6.971889e-03	-6.076648e-03
285           	shield_slave	-1.561482e-02	-1.204851e-02	-4.319552e-03
286           	OVC	-1.442272e-02	-6.927339e-03	-6.076730e-03
286           	shield_slave	-1.561295e-02	-1.205235e-02	-4.319454e-03
287           	OVC	-1.442264e-02	-6.834121e-03	-6.076723e-03
287           	shield_slave	-1.561112e-02	-1.205573e-02	-4.319454e-03
288           	OVC	-1.442268e-02	-6.846492e-03	-6.076720e-03
288           	shield_slave	-1.560961e-02	-1.205398e-02	-4.319524e-03
289           	OVC	-1.442268e-02	-6.879397e-03	-6.076681e-03
289           	shield_slave	-1.560849e-02	-1.205644e-02	-4.319624e-03
290           	OVC	-1.442261e-02	-6.861015e-03	-6.076681e-03
290           	shield_slave	-1.560689e-02	-1.204400e-02	-4.319682e-03
291           	OVC	-1.442269e-02	-6.812717e-03	-6.076728e-03
291           	shield_slave	-1.560549e-02	-1.203306e-02	-4.319718e-03
292           	OVC	-1.442270e-02	-6.831185e-03	-6.076850e-03
292           	shield_slave	-1.560430e-02	-1.191041e-02	-4.319740e-03
293           	OVC	-1.442266e-02	-6.884084e-03	-6.076997e-03
293           	shield_slave	-1.560334e-02	-1.203938e-02	-4.319717e-03
294           	OVC	-1.442271e-02	-6.855602e-03	-6.077030e-03
294           	shield_slave	-1.560154e-02	-1.203096e-02	-4.319568e-03
295           	OVC	-1.442279e-02	-6.939367e-03	-6.077044e-03
295           	shield_slave	-1.565046e-02	-1.203740e-02	-4.319740e-03
296           	OVC	-1.442287e-02	-6.940621e-03	-6.077033e-03
296           	shield_slave	-1.620873e-02	-1.204571e-02	-4.320002e-03
297           	OVC	-1.442291e-02	-6.903515e-03	-6.077158e-03
297           	shield_slave	-1.748669e-02	-1.205687e-02	-4.320101e-03
298           	OVC	-1.442301e-02	-6.973461e-03	-6.077123e-03
298           	shield_slave	-1.670723e-02	-1.204965e-02	-4.320010e-03
299           	OVC	-1.442311e-02	-6.935809e-03	-6.077001e-03
299           	shield_slave	-1.646799e-02	-1.204086e-02	-4.320052e-03
300           	OVC	-1.442310e-02	-6.940110e-03	-6.077096e-03
300           	shield_slave	-1.653658e-02	-1.202284e-02	-4.319951e-03
301           	OVC	-1.442324e-02	-6.952474e-03	-6.077067e-03
301           	shield_slave	-1.634868e-02	-1.206446e-02	-4.319909e-03
302           	OVC	-1.442337e-02	-6.954414e-03	-6.077072e-03
302           	shield_slave	-1.596817e-02	-1.205773e-02	-4.319701e-03
303           	OVC	-1.442348e-02	-6.983536e-03	-6.077102e-03
303           	shield_slave	-1.559349e-02	-1.210724e-02	-4.319658e-03
304           	OVC	-1.442362e-02	-6.968109e-03	-6.077392e-03
304           	shield_slave	-1.559280e-02	-1.207817e-02	-4.319671e-03
305           	OVC	-1.442385e-02	-6.964857e-03	-6.077288e-03
305           	shield_slave	-1.559188e-02	-1.207364e-02	-4.319570e-03
306           	OVC	-1.442397e-02	-6.960120e-03	-6.077299e-03
306           	shield_slave	-1.559133e-02	-1.203918e-02	-4.319606e-03
307           	OVC	-1.442423e-02	-6.944426e-03	-6.077339e-03
307           	shield_slave	-1.559058e-02	-1.202417e-02	-4.319683e-03
308           	OVC	-1.442424e-02	-6.946307e-03	-6.077380e-03
308           	shield_slave	-1.559049e-02	-1.207349e-02	-4.319652e-03
309           	OVC	-1.442431e-02	-6.935947e-03	-6.077350e-03
309           	shield_slave	-1.559034e-02	-1.194340e-02	-4.319563e-03
310           	OVC	-1.442438e-02	-6.935247e-03	-6.077321e-03
310           	shield_slave	-1.558979e-02	-1.182864e-02	-4.319542e-03
311           	OVC	-1.442446e-02	-6.951043e-03	-6.077157e-03
311           	shield_slave	-1.558987e-02	-1.191110e-02	-4.319607e-03
312           	OVC	-1.442459e-02	-6.950697e-03	-6.077198e-03
312           	shield_slave	-1.558954e-02	-1.183213e-02	-4.319729e-03
313           	OVC	-1.442490e-02	-6.970709e-03	-6.077384e-03
313           	shield_slave	-1.558880e-02	-1.178914e-02	-4.319594e-03
314           	OVC	-1.442505e-02	-6.948861e-03	-6.077466e-03
314           	shield_slave	-1.558870e-02	-1.189520e-02	-4.319725e-03
315           	OVC	-1.442542e-02	-6.947624e-03	-6.077547e-03
315           	shield_slave	-1.558867e-02	-1.184861e-02	-4.319644e-03
316           	OVC	-1.442556e-02	-6.943941e-03	-6.077524e-03
316           	shield_slave	-1.558815e-02	-1.200131e-02	-4.319705e-03
317           	OVC	-1.442569e-02	-6.940676e-03	-6.077417e-03
317           	shield_slave	-1.558820e-02	-1.168021e-02	-4.319526e-03
318           	OVC	-1.442566e-02	-6.957738e-03	-6.077431e-03
318           	shield_slave	-1.558809e-02	-1.188250e-02	-4.319440e-03
319           	OVC	-1.442579e-02	-6.948504e-03	-6.077574e-03
319           	shield_slave	-1.558837e-02	-1.183785e-02	-4.319459e-03
320           	OVC	-1.442606e-02	-6.966359e-03	-6.077554e-03
320           	shield_slave	-1.558835e-02	-1.170517e-02	-4.319590e-03
321           	OVC	-1.442616e-02	-6.947053e-03	-6.077693e-03
321           	shield_slave	-1.558926e-02	-1.174585e-02	-4.319735e-03
322           	OVC	-1.442629e-02	-6.960720e-03	-6.077653e-03
322           	shield_slave	-1.558961e-02	-1.162568e-02	-4.319911e-03
323           	OVC	-1.442639e-02	-6.942089e-03	-6.077719e-03
323           	shield_slave	-1.559026e-02	-1.161259e-02	-4.319939e-03
324           	OVC	-1.442660e-02	-6.959462e-03	-6.077643e-03
324           	shield_slave	-1.559028e-02	-1.169666e-02	-4.319779e-03
325           	OVC	-1.442677e-02	-6.954618e-03	-6.077594e-03
325           	shield_slave	-1.559135e-02	-1.175848e-02	-4.319954e-03
326           	OVC	-1.442688e-02	-6.939031e-03	-6.077556e-03
326           	shield_slave	-1.659924e-02	-1.140420e-02	-4.320091e-03
327           	OVC	-1.442711e-02	-6.946652e-03	-6.077643e-03
327           	shield_slave	-1.559179e-02	-1.182264e-02	-4.320058e-03
328           	OVC	-1.442760e-02	-6.969293e-03	-6.077710e-03
328           	shield_slave	-1.578490e-02	-1.206690e-02	-4.320234e-03
329           	OVC	-1.442789e-02	-6.953566e-03	-6.077665e-03
329           	shield_slave	-1.570621e-02	-1.210813e-02	-4.320096e-03
330           	OVC	-1.442821e-02	-6.954790e-03	-6.077723e-03
330           	shield_slave	-1.590459e-02	-1.209059e-02	-4.320130e-03
331           	OVC	-1.442809e-02	-6.962110e-03	-6.077793e-03
331           	shield_slave	-1.563806e-02	-1.211458e-02	-4.320337e-03
332           	OVC	-1.442822e-02	-6.952196e-03	-6.077852e-03
332           	shield_slave	-1.559459e-02	-1.215704e-02	-4.320290e-03
333           	OVC	-1.442888e-02	-6.956859e-03	-6.077816e-03
333           	shield_slave	-1.559482e-02	-1.219208e-02	-4.320145e-03
334           	OVC	-1.442873e-02	-6.947176e-03	-6.077763e-03
334           	shield_slave	-1.559544e-02	-1.161947e-02	-4.320174e-03
335           	OVC	-1.442836e-02	-6.954916e-03	-6.077791e-03
335           	shield_slave	-1.559498e-02	-1.171557e-02	-4.320193e-03
336           	OVC	-1.442889e-02	-6.944713e-03	-6.077919e-03
336           	shield_slave	-1.559540e-02	-1.202222e-02	-4.320042e-03
337           	OVC	-1.442891e-02	-6.942986e-03	-6.077862e-03
337           	shield_slave	-1.559572e-02	-1.188115e-02	-4.320082e-03
338           	OVC	-1.442918e-02	-6.941838e-03	-6.077809e-03
338           	shield_slave	-1.559560e-02	-1.183624e-02	-4.319522e-03
339           	OVC	-1.442989e-02	-6.943430e-03	-6.077791e-03
339           	shield_slave	-1.559658e-02	-1.201833e-02	-4.319597e-03
340           	OVC	-1.442994e-02	-6.954733e-03	-6.077857e-03
340           	shield_slave	-1.559643e-02	-1.205149e-02	-4.319821e-03
341           	OVC	-1.442966e-02	-6.949210e-03	-6.077874e-03
341           	shield_slave	-1.559748e-02	-1.206011e-02	-4.319787e-03
342           	OVC	-1.442913e-02	-6.958476e-03	-6.077887e-03
342           	shield_slave	-1.570256e-02	-1.203125e-02	-4.320050e-03
343           	OVC	-1.442939e-02	-6.963615e-03	-6.077843e-03
343           	shield_slave	-1.564222e-02	-1.197446e-02	-4.320102e-03
344           	OVC	-1.442940e-02	-6.928522e-03	-6.077891e-03
344           	shield_slave	-1.559888e-02	-1.202508e-02	-4.320172e-03
345           	OVC	-1.442928e-02	-6.958900e-03	-6.077905e-03
345           	shield_slave	-1.569997e-02	-1.202004e-02	-4.319900e-03
346           	OVC	-1.442879e-02	-6.961775e-03	-6.077881e-03
346           	shield_slave	-1.560033e-02	-1.202987e-02	-4.320036e-03
347           	OVC	-1.442927e-02	-6.958642e-03	-6.077793e-03
347           	shield_slave	-1.560165e-02	-1.206345e-02	-4.320252e-03
348           	OVC	-1.442925e-02	-6.955208e-03	-6.077806e-03
348           	shield_slave	-1.560108e-02	-1.206855e-02	-4.320384e-03
349           	OVC	-1.442964e-02	-6.943554e-03	-6.077526e-03
349           	shield_slave	-1.560189e-02	-1.206149e-02	-4.320139e-03
350           	OVC	-1.443053e-02	-6.951719e-03	-6.077559e-03
350           	shield_slave	-1.560121e-02	-1.202032e-02	-4.320508e-03
351           	OVC	-1.442978e-02	-6.952565e-03	-6.077681e-03
351           	shield_slave	-1.560081e-02	-1.199162e-02	-4.320318e-03
352           	OVC	-1.442938e-02	-6.954080e-03	-6.077625e-03
352           	shield_slave	-1.563532e-02	-1.199515e-02	-4.320378e-03
353           	OVC	-1.442907e-02	-6.951038e-03	-6.077670e-03
353           	shield_slave	-1.563412e-02	-1.196350e-02	-4.320313e-03
354           	OVC	-1.442933e-02	-6.949376e-03	-6.077697e-03
354           	shield_slave	-1.569818e-02	-1.192801e-02	-4.320436e-03
355           	OVC	-1.442912e-02	-6.950838e-03	-6.077714e-03
355           	shield_slave	-1.592121e-02	-1.195326e-02	-4.320787e-03
356           	OVC	-1.442923e-02	-6.956131e-03	-6.077822e-03
356           	shield_slave	-1.655444e-02	-1.199357e-02	-4.320820e-03
357           	OVC	-1.443050e-02	-6.957765e-03	-6.077888e-03
357           	shield_slave	-1.621037e-02	-1.203564e-02	-4.321011e-03
358           	OVC	-1.443062e-02	-6.953753e-03	-6.077825e-03
358           	shield_slave	-1.633076e-02	-1.210196e-02	-4.320761e-03
359           	OVC	-1.442960e-02	-6.957621e-03	-6.077849e-03
359           	shield_slave	-1.648520e-02	-1.209049e-02	-4.320750e-03
360           	OVC	-1.442944e-02	-6.959468e-03	-6.077728e-03
360           	shield_slave	-1.631131e-02	-1.207052e-02	-4.320975e-03
361           	OVC	-1.442849e-02	-6.961328e-03	-6.077832e-03
361           	shield_slave	-1.625480e-02	-1.201262e-02	-4.321056e-03
362           	OVC	-1.442826e-02	-6.961793e-03	-6.077811e-03
362           	shield_slave	-1.608773e-02	-1.201650e-02	-4.321013e-03
363           	OVC	-1.442906e-02	-6.963655e-03	-6.077833e-03
363           	shield_slave	-1.616657e-02	-1.199268e-02	-4.321153e-03
364           	OVC	-1.443455e-02	-6.963982e-03	-6.077856e-03
364           	shield_slave	-1.680984e-02	-1.205311e-02	-4.321232e-03
365           	OVC	-1.443431e-02	-6.966918e-03	-6.077874e-03
365           	shield_slave	-1.630183e-02	-1.206932e-02	-4.321141e-03
366           	OVC	-1.443510e-02	-6.968579e-03	-6.077835e-03
366           	shield_slave	-1.601109e-02	-1.205178e-02	-4.320831e-03
367           	OVC	-1.443810e-02	-6.967314e-03	-6.077980e-03
367           	shield_slave	-1.604057e-02	-1.204721e-02	-4.320745e-03
368           	OVC	-1.443591e-02	-6.965632e-03	-6.077916e-03
368           	shield_slave	-1.600082e-02	-1.201971e-02	-4.320819e-03
369           	OVC	-1.443773e-02	-6.967442e-03	-6.077930e-03
369           	shield_slave	-1.597336e-02	-1.199501e-02	-4.320790e-03
370           	OVC	-1.444077e-02	-6.968404e-03	-6.077968e-03
370           	shield_slave	-1.597120e-02	-1.199886e-02	-4.320734e-03
371           	OVC	-1.444477e-02	-6.968711e-03	-6.077975e-03
371           	shield_slave	-1.632966e-02	-1.201299e-02	-4.321150e-03
372           	OVC	-1.443598e-02	-6.968838e-03	-6.077918e-03
372           	shield_slave	-1.576277e-02	-1.204495e-02	-4.321345e-03
373           	OVC	-1.442935e-02	-6.968547e-03	-6.077922e-03
373           	shield_slave	-1.585297e-02	-1.206345e-02	-4.321394e-03
374           	OVC	-1.442395e-02	-6.969691e-03	-6.077924e-03
374           	shield_slave	-1.583221e-02	-1.206103e-02	-4.321788e-03
375           	OVC	-1.442744e-02	-6.971057e-03	-6.077869e-03
375           	shield_slave	-1.584592e-02	-1.204311e-02	-4.321505e-03
376           	OVC	-1.443172e-02	-6.971703e-03	-6.077889e-03
376           	shield_slave	-1.560364e-02	-1.204372e-02	-4.321140e-03
377           	OVC	-1.443351e-02	-6.971982e-03	-6.077839e-03
377           	shield_slave	-1.560400e-02	-1.205414e-02	-4.321061e-03
378           	OVC	-1.443859e-02	-6.972785e-03	-6.077817e-03
378           	shield_slave	-1.560567e-02	-1.206291e-02	-4.321028e-03
379           	OVC	-1.443373e-02	-6.972637e-03	-6.077802e-03
379           	shield_slave	-1.571911e-02	-1.206945e-02	-4.320906e-03
380           	OVC	-1.443921e-02	-6.971969e-03	-6.077780e-03
380           	shield_slave	-1.598555e-02	-1.207208e-02	-4.321219e-03
381           	OVC	-1.444791e-02	-6.971868e-03	-6.077778e-03
381           	shield_slave	-1.560579e-02	-1.205765e-02	-4.321047e-03
382           	OVC	-1.443716e-02	-6.971744e-03	-6.077800e-03
382           	shield_slave	-1.572371e-02	-1.206202e-02	-4.321101e-03
383           	OVC	-1.444174e-02	-6.971768e-03	-6.077796e-03
383           	shield_slave	-1.560520e-02	-1.205984e-02	-4.321214e-03
384           	OVC	-1.442546e-02	-6.972058e-03	-6.077777e-03
384           	shield_slave	-1.578146e-02	-1.206266e-02	-4.321207e-03
385           	OVC	-1.442889e-02	-6.972695e-03	-6.077798e-03
385           	shield_slave	-1.589414e-02	-1.205551e-02	-4.321231e-03
386           	OVC	-1.442804e-02	-6.972702e-03	-6.077707e-03
386           	shield_slave	-1.567769e-02	-1.205943e-02	-4.321183e-03
387           	OVC	-1.442427e-02	-6.972334e-03	-6.077700e-03
387           	shield_slave	-1.572106e-02	-1.206038e-02	-4.321205e-03
388           	OVC	-1.442756e-02	-6.972357e-03	-6.077807e-03
388           	shield_slave	-1.587552e-02	-1.205766e-02	-4.321174e-03
389           	OVC	-1.442838e-02	-6.972616e-03	-6.077839e-03
389           	shield_slave	-1.594082e-02	-1.205717e-02	-4.321212e-03
390           	OVC	-1.442577e-02	-6.973265e-03	-6.077772e-03
390           	shield_slave	-1.561110e-02	-1.205880e-02	-4.321231e-03
391           	OVC	-1.443460e-02	-6.973500e-03	-6.077840e-03
391           	shield_slave	-1.560499e-02	-1.206022e-02	-4.321235e-03
392           	OVC	-1.442676e-02	-6.973592e-03	-6.077894e-03
392           	shield_slave	-1.580564e-02	-1.206075e-02	-4.321248e-03
393           	OVC	-1.443610e-02	-6.974422e-03	-6.077879e-03
393           	shield_slave	-1.621366e-02	-1.206448e-02	-4.321402e-03
394           	OVC	-1.442788e-02	-6.975276e-03	-6.077835e-03
394           	shield_slave	-1.577158e-02	-1.206491e-02	-4.321372e-03
395           	OVC	-1.442825e-02	-6.975007e-03	-6.077762e-03
395           	shield_slave	-1.588293e-02	-1.206806e-02	-4.321148e-03
396           	OVC	-1.443765e-02	-6.975253e-03	-6.077682e-03
396           	shield_slave	-1.590976e-02	-1.206240e-02	-4.321023e-03
397           	OVC	-1.443579e-02	-6.975952e-03	-6.077605e-03
397           	shield_slave	-1.581673e-02	-1.205872e-02	-4.321300e-03
398           	OVC	-1.443621e-02	-6.976304e-03	-6.077630e-03
398           	shield_slave	-1.592611e-02	-1.205907e-02	-4.321555e-03
399           	OVC	-1.444617e-02	-6.976535e-03	-6.077662e-03
399           	shield_slave	-1.600994e-02	-1.205417e-02	-4.321724e-03
400           	OVC	-1.444499e-02	-6.976820e-03	-6.077748e-03
400           	shield_slave	-1.569577e-02	-1.205191e-02	-4.321608e-03
401           	OVC	-1.444264e-02	-6.976422e-03	-6.077759e-03
401           	shield_slave	-1.581097e-02	-1.205270e-02	-4.321588e-03
402           	OVC	-1.443743e-02	-6.976514e-03	-6.077601e-03
402           	shield_slave	-1.602941e-02	-1.204912e-02	-4.321790e-03
403           	OVC	-1.443377e-02	-6.977621e-03	-6.077461e-03
403           	shield_slave	-1.559921e-02	-1.205092e-02	-4.321543e-03
404           	OVC	-1.443525e-02	-6.977393e-03	-6.077547e-03
404           	shield_slave	-1.567135e-02	-1.205057e-02	-4.321464e-03
405           	OVC	-1.443556e-02	-6.977743e-03	-6.077503e-03
405           	shield_slave	-1.573355e-02	-1.204641e-02	-4.321328e-03
406           	OVC	-1.443605e-02	-6.977914e-03	-6.077566e-03
406           	shield_slave	-1.562071e-02	-1.204684e-02	-4.321319e-03
407           	OVC	-1.443378e-02	-6.978663e-03	-6.077541e-03
407           	shield_slave	-1.560247e-02	-1.204545e-02	-4.321469e-03
408           	OVC	-1.443520e-02	-6.979418e-03	-6.077457e-03
408           	shield_slave	-1.559857e-02	-1.204405e-02	-4.321493e-03
409           	OVC	-1.443516e-02	-6.979303e-03	-6.077515e-03
409           	shield_slave	-1.559581e-02	-1.204367e-02	-4.321506e-03
410           	OVC	-1.443670e-02	-6.980132e-03	-6.077591e-03
410           	shield_slave	-1.559728e-02	-1.204169e-02	-4.321100e-03
411           	OVC	-1.443814e-02	-6.979454e-03	-6.077613e-03
411           	shield_slave	-1.559412e-02	-1.204176e-02	-4.321298e-03
412           	OVC	-1.443817e-02	-6.978554e-03	-6.077659e-03
412           	shield_slave	-1.559515e-02	-1.204290e-02	-4.321564e-03
413           	OVC	-1.443279e-02	-6.979148e-03	-6.077846e-03
413           	shield_slave	-1.559420e-02	-1.204188e-02	-4.321627e-03
414           	OVC	-1.443210e-02	-6.977901e-03	-6.077685e-03
414           	shield_slave	-1.563535e-02	-1.204244e-02	-4.321839e-03
415           	OVC	-1.458104e-02	-6.976142e-03	-6.077648e-03
415           	shield_slave	-1.567303e-02	-1.204209e-02	-4.322026e-03
416           	OVC	-1.452370e-02	-6.975406e-03	-6.077737e-03
416           	shield_slave	-1.579185e-02	-1.204264e-02	-4.322072e-03
417           	OVC	-1.443864e-02	-6.974629e-03	-6.077735e-03
417           	shield_slave	-1.571120e-02	-1.204182e-02	-4.321830e-03
418           	OVC	-1.443055e-02	-6.973317e-03	-6.077709e-03
418           	shield_slave	-1.566482e-02	-1.204096e-02	-4.321749e-03
419           	OVC	-1.443015e-02	-6.972761e-03	-6.077711e-03
419           	shield_slave	-1.563145e-02	-1.204136e-02	-4.321829e-03
420           	OVC	-1.442961e-02	-6.972099e-03	-6.077599e-03
420           	shield_slave	-1.560505e-02	-1.204067e-02	-4.321924e-03
421           	OVC	-1.442909e-02	-6.972671e-03	-6.077574e-03
421           	shield_slave	-1.565232e-02	-1.204044e-02	-4.321884e-03
422           	OVC	-1.442962e-02	-6.973179e-03	-6.077688e-03
422           	shield_slave	-1.571926e-02	-1.204218e-02	-4.321899e-03
423           	OVC	-1.442805e-02	-6.972692e-03	-6.077734e-03
423           	shield_slave	-1.565918e-02	-1.204345e-02	-4.322102e-03
424           	OVC	-1.442843e-02	-6.971974e-03	-6.077766e-03
424           	shield_slave	-1.564771e-02	-1.204257e-02	-4.322013e-03
425           	OVC	-1.442778e-02	-6.971519e-03	-6.077806e-03
425           	shield_slave	-1.561966e-02	-1.204340e-02	-4.322037e-03
426           	OVC	-1.442722e-02	-6.972632e-03	-6.077897e-03
426           	shield_slave	-1.558894e-02	-1.204374e-02	-4.322022e-03
427           	OVC	-1.442780e-02	-6.970707e-03	-6.077964e-03
427           	shield_slave	-1.557640e-02	-1.204361e-02	-4.321978e-03
428           	OVC	-1.442738e-02	-6.969670e-03	-6.077992e-03
428           	shield_slave	-1.564778e-02	-1.204349e-02	-4.322129e-03
429           	OVC	-1.442744e-02	-6.970275e-03	-6.077725e-03
429           	shield_slave	-1.575123e-02	-1.204352e-02	-4.322172e-03
430           	OVC	-1.442636e-02	-6.971219e-03	-6.077538e-03
430           	shield_slave	-1.589977e-02	-1.204368e-02	-4.322374e-03
431           	OVC	-1.442613e-02	-6.971067e-03	-6.077386e-03
431           	shield_slave	-1.598401e-02	-1.204310e-02	-4.322328e-03
432           	OVC	-1.442407e-02	-6.970839e-03	-6.077275e-03
432           	shield_slave	-1.614539e-02	-1.204396e-02	-4.322073e-03
433           	OVC	-1.442434e-02	-6.970586e-03	-6.077199e-03
433           	shield_slave	-1.622812e-02	-1.204415e-02	-4.321802e-03
434           	OVC	-1.442500e-02	-6.970229e-03	-6.077240e-03
434           	shield_slave	-1.574758e-02	-1.204435e-02	-4.321800e-03
435           	OVC	-1.442397e-02	-6.969905e-03	-6.077160e-03
435           	shield_slave	-1.574244e-02	-1.204479e-02	-4.321815e-03
436           	OVC	-1.442494e-02	-6.969709e-03	-6.077215e-03
436           	shield_slave	-1.571671e-02	-1.204511e-02	-4.321869e-03
437           	OVC	-1.442480e-02	-6.970106e-03	-6.077228e-03
437           	shield_slave	-1.563265e-02	-1.204644e-02	-4.321760e-03
438           	OVC	-1.442566e-02	-6.970429e-03	-6.077125e-03
438           	shield_slave	-1.576724e-02	-1.204528e-02	-4.321934e-03
439           	OVC	-1.442544e-02	-6.970552e-03	-6.077196e-03
439           	shield_slave	-1.559833e-02	-1.204622e-02	-4.321860e-03
440           	OVC	-1.442585e-02	-6.969555e-03	-6.077134e-03
440           	shield_slave	-1.563496e-02	-1.204720e-02	-4.321807e-03
441           	OVC	-1.442525e-02	-6.969075e-03	-6.077140e-03
441           	shield_slave	-1.561739e-02	-1.204702e-02	-4.321665e-03
442           	OVC	-1.442489e-02	-6.970292e-03	-6.077360e-03
442           	shield_slave	-1.562353e-02	-1.204781e-02	-4.321651e-03
443           	OVC	-1.442562e-02	-6.970061e-03	-6.077347e-03
443           	shield_slave	-1.574016e-02	-1.204757e-02	-4.322320e-03
444           	OVC	-1.442722e-02	-6.969717e-03	-6.077066e-03
444           	shield_slave	-1.579918e-02	-1.204787e-02	-4.322500e-03
445           	OVC	-1.442643e-02	-6.969522e-03	-6.077162e-03
445           	shield_slave	-1.601751e-02	-1.204811e-02	-4.322986e-03
446           	OVC	-1.442693e-02	-6.969324e-03	-6.077079e-03
446           	shield_slave	-1.583916e-02	-1.204862e-02	-4.322669e-03
447           	OVC	-1.442592e-02	-6.969981e-03	-6.077052e-03
447           	shield_slave	-1.589416e-02	-1.204849e-02	-4.322455e-03
448           	OVC	-1.442554e-02	-6.970511e-03	-6.077077e-03
448           	shield_slave	-1.580194e-02	-1.204833e-02	-4.322636e-03
449           	OVC	-1.442607e-02	-6.970477e-03	-6.077041e-03
449           	shield_slave	-1.577946e-02	-1.204932e-02	-4.322541e-03
450           	OVC	-1.442651e-02	-6.970978e-03	-6.077183e-03
450           	shield_slave	-1.581834e-02	-1.204989e-02	-4.322655e-03
451           	OVC	-1.442734e-02	-6.970107e-03	-6.077163e-03
451           	shield_slave	-1.591146e-02	-1.205056e-02	-4.322591e-03
452           	OVC	-1.442786e-02	-6.970809e-03	-6.077154e-03
452           	shield_slave	-1.587756e-02	-1.205118e-02	-4.322639e-03
453           	OVC	-1.442693e-02	-6.970358e-03	-6.077140e-03
453           	shield_slave	-1.565897e-02	-1.205147e-02	-4.322572e-03
454           	OVC	-1.442731e-02	-6.970490e-03	-6.077116e-03
454           	shield_slave	-1.567746e-02	-1.205187e-02	-4.322541e-03
455           	OVC	-1.442668e-02	-6.971170e-03	-6.077073e-03
455           	shield_slave	-1.582989e-02	-1.205234e-02	-4.322884e-03
456           	OVC	-1.442594e-02	-6.969885e-03	-6.076998e-03
456           	shield_slave	-1.615554e-02	-1.205319e-02	-4.323012e-03
457           	OVC	-1.442636e-02	-6.969065e-03	-6.077080e-03
457           	shield_slave	-1.590772e-02	-1.205341e-02	-4.322805e-03
458           	OVC	-1.442648e-02	-6.969656e-03	-6.076913e-03
458           	shield_slave	-1.602078e-02	-1.205293e-02	-4.322852e-03
459           	OVC	-1.442698e-02	-6.970035e-03	-6.077046e-03
459           	shield_slave	-1.566403e-02	-1.205331e-02	-4.323040e-03
460           	OVC	-1.442928e-02	-6.969734e-03	-6.077084e-03
460           	shield_slave	-1.557377e-02	-1.205265e-02	-4.322866e-03
461           	OVC	-1.442775e-02	-6.969557e-03	-6.077011e-03
461           	shield_slave	-1.581948e-02	-1.205238e-02	-4.322901e-03
462           	OVC	-1.442798e-02	-6.969319e-03	-6.076932e-03
462           	shield_slave	-1.593203e-02	-1.205240e-02	-4.322945e-03
463           	OVC	-1.442644e-02	-6.969741e-03	-6.076890e-03
463           	shield_slave	-1.581156e-02	-1.205248e-02	-4.323135e-03
464           	OVC	-1.442594e-02	-6.970147e-03	-6.077030e-03
464           	shield_slave	-1.626115e-02	-1.205262e-02	-4.322996e-03
465           	OVC	-1.442726e-02	-6.970920e-03	-6.077086e-03
465           	shield_slave	-1.636131e-02	-1.205306e-02	-4.322918e-03
466           	OVC	-1.442840e-02	-6.971548e-03	-6.077008e-03
466           	shield_slave	-1.615484e-02	-1.205289e-02	-4.322719e-03
467           	OVC	-1.442938e-02	-6.970580e-03	-6.076744e-03
467           	shield_slave	-1.575605e-02	-1.205370e-02	-4.322891e-03
468           	OVC	-1.442880e-02	-6.971760e-03	-6.076767e-03
468           	shield_slave	-1.583018e-02	-1.205404e-02	-4.322917e-03
469           	OVC	-1.442961e-02	-6.971795e-03	-6.076787e-03
469           	shield_slave	-1.579343e-02	-1.205472e-02	-4.322823e-03
470           	OVC	-1.442964e-02	-6.972507e-03	-6.076995e-03
470           	shield_slave	-1.569708e-02	-1.205558e-02	-4.322936e-03
471           	OVC	-1.442794e-02	-6.972650e-03	-6.076901e-03
471           	shield_slave	-1.580955e-02	-1.205605e-02	-4.322672e-03
472           	OVC	-1.442713e-02	-6.974025e-03	-6.077002e-03
472           	shield_slave	-1.613763e-02	-1.205526e-02	-4.322750e-03
473           	OVC	-1.442647e-02	-6.974337e-03	-6.077007e-03
473           	shield_slave	-1.603070e-02	-1.205625e-02	-4.323018e-03
474           	OVC	-1.442946e-02	-6.973647e-03	-6.077121e-03
474           	shield_slave	-1.576085e-02	-1.205699e-02	-4.322600e-03
475           	OVC	-1.442946e-02	-6.974505e-03	-6.077451e-03
475           	shield_slave	-1.591431e-02	-1.205729e-02	-4.322767e-03
476           	OVC	-1.442770e-02	-6.974058e-03	-6.077261e-03
476           	shield_slave	-1.599172e-02	-1.205774e-02	-4.322756e-03
477           	OVC	-1.442850e-02	-6.975504e-03	-6.077321e-03
477           	shield_slave	-1.631476e-02	-1.205748e-02	-4.322825e-03
478           	OVC	-1.442863e-02	-6.975594e-03	-6.077416e-03
478           	shield_slave	-1.663905e-02	-1.205784e-02	-4.323092e-03
479           	OVC	-1.442719e-02	-6.974043e-03	-6.077446e-03
479           	shield_slave	-1.643786e-02	-1.205751e-02	-4.323242e-03
480           	OVC	-1.442738e-02	-6.973912e-03	-6.077714e-03
480           	shield_slave	-1.639810e-02	-1.205733e-02	-4.323295e-03
481           	OVC	-1.442856e-02	-6.973664e-03	-6.077785e-03
481           	shield_slave	-1.626267e-02	-1.205682e-02	-4.323384e-03
482           	OVC	-1.442804e-02	-6.971693e-03	-6.077551e-03
482           	shield_slave	-1.597522e-02	-1.205758e-02	-4.323304e-03
483           	OVC	-1.443009e-02	-6.970450e-03	-6.077448e-03
483           	shield_slave	-1.590434e-02	-1.205715e-02	-4.323300e-03
484           	OVC	-1.442858e-02	-6.970709e-03	-6.077422e-03
484           	shield_slave	-1.618462e-02	-1.205717e-02	-4.323393e-03
485           	OVC	-1.442800e-02	-6.970422e-03	-6.077739e-03
485           	shield_slave	-1.584305e-02	-1.205680e-02	-4.323235e-03
486           	OVC	-1.442984e-02	-6.972917e-03	-6.077766e-03
486           	shield_slave	-1.583467e-02	-1.205553e-02	-4.323015e-03
487           	OVC	-1.443121e-02	-6.972399e-03	-6.077563e-03
487           	shield_slave	-1.615725e-02	-1.205588e-02	-4.323445e-03
488           	OVC	-1.443050e-02	-6.972776e-03	-6.077713e-03
488           	shield_slave	-1.613373e-02	-1.205608e-02	-4.323634e-03
489           	OVC	-1.442799e-02	-6.973463e-03	-6.077516e-03
489           	shield_slave	-1.589803e-02	-1.205614e-02	-4.323859e-03
490           	OVC	-1.442955e-02	-6.972719e-03	-6.077524e-03
490           	shield_slave	-1.603437e-02	-1.205696e-02	-4.323792e-03
491           	OVC	-1.442744e-02	-6.974414e-03	-6.077374e-03
491           	shield_slave	-1.572705e-02	-1.205683e-02	-4.323796e-03
492           	OVC	-1.443017e-02	-6.976727e-03	-6.077377e-03
492           	shield_slave	-1.704801e-02	-1.205585e-02	-4.324203e-03
493           	OVC	-1.442862e-02	-6.975844e-03	-6.077338e-03
493           	shield_slave	-1.855997e-02	-1.205492e-02	-4.324611e-03
494           	OVC	-1.442601e-02	-6.975273e-03	-6.077554e-03
494           	shield_slave	-1.855997e-02	-1.205441e-02	-4.324795e-03
495           	OVC	-1.442666e-02	-6.973163e-03	-6.077359e-03
495           	shield_slave	-1.759701e-02	-1.205401e-02	-4.324801e-03
496           	OVC	-1.442654e-02	-6.972005e-03	-6.077503e-03
496           	shield_slave	-1.802323e-02	-1.205473e-02	-4.325147e-03
497           	OVC	-1.442489e-02	-6.969640e-03	-6.077573e-03
497           	shield_slave	-1.644006e-02	-1.205505e-02	-4.324954e-03
498           	OVC	-1.442397e-02	-6.970606e-03	-6.077720e-03
498           	shield_slave	-1.611749e-02	-1.205450e-02	-4.324526e-03
499           	OVC	-1.442465e-02	-6.967716e-03	-6.077453e-03
499           	shield_slave	-1.632573e-02	-1.205316e-02	-4.324401e-03
500           	OVC	-1.442811e-02	-6.967358e-03	-6.077525e-03
500           	shield_slave	-1.646631e-02	-1.205371e-02	-4.324411e-03
501           	OVC	-1.442965e-02	-6.970287e-03	-6.077605e-03
501           	shield_slave	-1.648372e-02	-1.205486e-02	-4.324350e-03
502           	OVC	-1.442584e-02	-6.975833e-03	-6.077558e-03
502           	shield_slave	-1.722686e-02	-1.205547e-02	-4.324593e-03
503           	OVC	-1.442563e-02	-6.970828e-03	-6.077649e-03
503           	shield_slave	-1.729053e-02	-1.205647e-02	-4.324980e-03
504           	OVC	-1.442280e-02	-6.970754e-03	-6.077877e-03
504           	shield_slave	-1.827372e-02	-1.205606e-02	-4.324781e-03
505           	OVC	-1.442586e-02	-6.970868e-03	-6.078106e-03
505           	shield_slave	-1.787819e-02	-1.205730e-02	-4.324537e-03
506           	OVC	-1.442883e-02	-6.980473e-03	-6.078013e-03
506           	shield_slave	-1.616791e-02	-1.205841e-02	-4.324390e-03
507           	OVC	-1.442686e-02	-6.978432e-03	-6.077964e-03
507           	shield_slave	-1.675081e-02	-1.205826e-02	-4.323757e-03
508           	OVC	-1.442978e-02	-6.974575e-03	-6.077545e-03
508           	shield_slave	-1.659251e-02	-1.205853e-02	-4.323767e-03
509           	OVC	-1.442677e-02	-6.974871e-03	-6.077842e-03
509           	shield_slave	-1.817966e-02	-1.205912e-02	-4.324165e-03
510           	OVC	-1.443054e-02	-6.973183e-03	-6.077782e-03
510           	shield_slave	-1.696738e-02	-1.206016e-02	-4.323973e-03
511           	OVC	-1.443409e-02	-6.970608e-03	-6.077728e-03
511           	shield_slave	-1.738305e-02	-1.205960e-02	-4.324508e-03
512           	OVC	-1.443313e-02	-6.968732e-03	-6.077923e-03
512           	shield_slave	-1.832174e-02	-1.205936e-02	-4.324648e-03
513           	OVC	-1.443348e-02	-6.965180e-03	-6.077827e-03
513           	shield_slave	-1.796038e-02	-1.206033e-02	-4.324906e-03
514           	OVC	-1.443430e-02	-6.962219e-03	-6.077785e-03
514           	shield_slave	-1.763100e-02	-1.206055e-02	-4.324720e-03
515           	OVC	-1.443548e-02	-6.957110e-03	-6.077837e-03
515           	shield_slave	-1.668654e-02	-1.206273e-02	-4.324613e-03
516           	OVC	-1.443692e-02	-6.957098e-03	-6.077670e-03
516           	shield_slave	-1.697513e-02	-1.206266e-02	-4.324082e-03
517           	OVC	-1.443367e-02	-6.954576e-03	-6.077595e-03
517           	shield_slave	-1.625042e-02	-1.206140e-02	-4.323719e-03
518           	OVC	-1.443464e-02	-6.949474e-03	-6.077523e-03
518           	shield_slave	-1.601948e-02	-1.205795e-02	-4.323716e-03
519           	OVC	-1.443035e-02	-6.952389e-03	-6.077538e-03
519           	shield_slave	-1.604597e-02	-1.197580e-02	-4.323132e-03
520           	OVC	-1.442777e-02	-6.968473e-03	-6.077439e-03
520           	shield_slave	-1.582695e-02	-1.186076e-02	-4.323418e-03
521           	OVC	-1.442715e-02	-6.963030e-03	-6.077642e-03
521           	shield_slave	-1.586953e-02	-1.187030e-02	-4.323311e-03
522           	OVC	-1.444640e-02	-6.960737e-03	-6.077780e-03
522           	shield_slave	-1.631388e-02	-1.189034e-02	-4.323828e-03
523           	OVC	-1.444785e-02	-6.940414e-03	-6.077892e-03
523           	shield_slave	-1.627191e-02	-1.199642e-02	-4.323658e-03
524           	OVC	-1.444891e-02	-6.937306e-03	-6.077933e-03
524           	shield_slave	-1.678098e-02	-1.205374e-02	-4.323751e-03
525           	OVC	-1.444880e-02	-6.915043e-03	-6.077974e-03
525           	shield_slave	-1.624449e-02	-1.205931e-02	-4.324127e-03
526           	OVC	-1.445606e-02	-6.891684e-03	-6.077930e-03
526           	shield_slave	-1.589138e-02	-1.206059e-02	-4.323930e-03
527           	OVC	-1.445353e-02	-6.884868e-03	-6.078260e-03
527           	shield_slave	-1.595187e-02	-1.206172e-02	-4.324412e-03
528           	OVC	-1.445606e-02	-6.930059e-03	-6.078203e-03
528           	shield_slave	-1.569322e-02	-1.205769e-02	-4.324263e-03
529           	OVC	-1.445615e-02	-6.943863e-03	-6.078139e-03
529           	shield_slave	-1.557117e-02	-1.205804e-02	-4.324514e-03
530           	OVC	-1.445115e-02	-6.963886e-03	-6.078196e-03
530           	shield_slave	-1.573105e-02	-1.205924e-02	-4.324149e-03
531           	OVC	-1.443828e-02	-6.928425e-03	-6.078106e-03
531           	shield_slave	-1.576871e-02	-1.206085e-02	-4.324298e-03
532           	OVC	-1.444622e-02	-6.928153e-03	-6.078134e-03
532           	shield_slave	-1.587165e-02	-1.205980e-02	-4.324831e-03
533           	OVC	-1.446425e-02	-6.939902e-03	-6.078234e-03
533           	shield_slave	-1.588033e-02	-1.205948e-02	-4.324863e-03
534           	OVC	-1.446329e-02	-6.960734e-03	-6.078088e-03
534           	shield_slave	-1.605197e-02	-1.205158e-02	-4.324916e-03
535           	OVC	-1.445905e-02	-6.961261e-03	-6.077855e-03
535           	shield_slave	-1.583590e-02	-1.205684e-02	-4.324497e-03
536           	OVC	-1.444257e-02	-6.947249e-03	-6.077729e-03
536           	shield_slave	-1.617104e-02	-1.192102e-02	-4.324564e-03
537           	OVC	-1.446251e-02	-6.955990e-03	-6.077692e-03
537           	shield_slave	-1.630861e-02	-1.197652e-02	-4.324271e-03
538           	OVC	-1.446549e-02	-6.984062e-03	-6.077494e-03
538           	shield_slave	-1.661324e-02	-1.188037e-02	-4.324425e-03
539           	OVC	-1.444895e-02	-6.967446e-03	-6.077564e-03
539           	shield_slave	-1.664299e-02	-1.205483e-02	-4.324659e-03
540           	OVC	-1.444890e-02	-6.925662e-03	-6.077687e-03
540           	shield_slave	-1.660547e-02	-1.204934e-02	-4.324420e-03
541           	OVC	-1.444700e-02	-6.933560e-03	-6.077829e-03
541           	shield_slave	-1.654617e-02	-1.204906e-02	-4.324571e-03
542           	OVC	-1.444434e-02	-6.946275e-03	-6.077940e-03
542           	shield_slave	-1.633377e-02	-1.205077e-02	-4.324695e-03
543           	OVC	-1.444204e-02	-6.876787e-03	-6.077889e-03
543           	shield_slave	-1.636239e-02	-1.205568e-02	-4.324254e-03
544           	OVC	-1.444144e-02	-6.879860e-03	-6.078000e-03
544           	shield_slave	-1.606706e-02	-1.205309e-02	-4.324195e-03
545           	OVC	-1.444497e-02	-6.936883e-03	-6.077936e-03
545           	shield_slave	-1.613557e-02	-1.205745e-02	-4.324506e-03
546           	OVC	-1.444342e-02	-6.937256e-03	-6.078021e-03
546           	shield_slave	-1.608158e-02	-1.205065e-02	-4.324574e-03
547           	OVC	-1.444780e-02	-6.893079e-03	-6.077981e-03
547           	shield_slave	-1.623965e-02	-1.205052e-02	-4.324506e-03
548           	OVC	-1.444391e-02	-6.839135e-03	-6.078071e-03
548           	shield_slave	-1.598416e-02	-1.205437e-02	-4.324530e-03
549           	OVC	-1.444464e-02	-6.818568e-03	-6.078061e-03
549           	shield_slave	-1.597583e-02	-1.206405e-02	-4.324375e-03
550           	OVC	-1.443949e-02	-6.844460e-03	-6.077787e-03
550           	shield_slave	-1.604595e-02	-1.206509e-02	-4.324546e-03
551           	OVC	-1.443766e-02	-6.878263e-03	-6.077734e-03
551           	shield_slave	-1.611375e-02	-1.205696e-02	-4.324850e-03
552           	OVC	-1.443668e-02	-6.901127e-03	-6.077724e-03
552           	shield_slave	-1.585904e-02	-1.206637e-02	-4.324294e-03
553           	OVC	-1.443792e-02	-6.920275e-03	-6.077797e-03
553           	shield_slave	-1.605796e-02	-1.206390e-02	-4.324613e-03
554           	OVC	-1.444857e-02	-6.936908e-03	-6.077888e-03
554           	shield_slave	-1.602680e-02	-1.204620e-02	-4.324768e-03
555           	OVC	-1.443912e-02	-6.945213e-03	-6.078191e-03
555           	shield_slave	-1.690184e-02	-1.202579e-02	-4.325085e-03
556           	OVC	-1.444410e-02	-6.943131e-03	-6.078228e-03
556           	shield_slave	-1.652333e-02	-1.204315e-02	-4.325411e-03
557           	OVC	-1.444223e-02	-6.897560e-03	-6.078265e-03
557           	shield_slave	-1.637169e-02	-1.203609e-02	-4.325187e-03
558           	OVC	-1.444401e-02	-6.911839e-03	-6.078018e-03
558           	shield_slave	-1.599926e-02	-1.203289e-02	-4.324269e-03
559           	OVC	-1.444213e-02	-6.874948e-03	-6.078142e-03
559           	shield_slave	-1.604843e-02	-1.202201e-02	-4.324629e-03
560           	OVC	-1.444299e-02	-6.893601e-03	-6.078288e-03
560           	shield_slave	-1.587078e-02	-1.204238e-02	-4.324882e-03
561           	OVC	-1.444248e-02	-6.833155e-03	-6.078311e-03
561           	shield_slave	-1.587078e-02	-1.203750e-02	-4.325084e-03
562           	OVC	-1.444371e-02	-6.938088e-03	-6.078545e-03
562           	shield_slave	-1.582925e-02	-1.208328e-02	-4.324874e-03
563           	OVC	-1.444327e-02	-6.958840e-03	-6.078808e-03
563           	shield_slave	-1.581786e-02	-1.200707e-02	-4.324951e-03
564           	OVC	-1.444152e-02	-6.953081e-03	-6.078788e-03
564           	shield_slave	-1.581090e-02	-1.198914e-02	-4.324765e-03
565           	OVC	-1.444364e-02	-6.963497e-03	-6.078667e-03
565           	shield_slave	-1.581254e-02	-1.192785e-02	-4.325172e-03
566           	OVC	-1.444339e-02	-6.952775e-03	-6.078417e-03
566           	shield_slave	-1.580264e-02	-1.194351e-02	-4.325087e-03
567           	OVC	-1.444556e-02	-6.959844e-03	-6.078740e-03
567           	shield_slave	-1.581296e-02	-1.199774e-02	-4.325021e-03
568           	OVC	-1.444572e-02	-6.958624e-03	-6.078913e-03
568           	shield_slave	-1.594582e-02	-1.203389e-02	-4.325032e-03
569           	OVC	-1.444454e-02	-6.968072e-03	-6.079135e-03
569           	shield_slave	-1.594848e-02	-1.192772e-02	-4.324558e-03
570           	OVC	-1.444384e-02	-6.976539e-03	-6.079069e-03
570           	shield_slave	-1.724473e-02	-1.198703e-02	-4.324818e-03
571           	OVC	-1.444226e-02	-6.970664e-03	-6.078919e-03
571           	shield_slave	-1.651793e-02	-1.194272e-02	-4.325204e-03
572           	OVC	-1.444199e-02	-6.970442e-03	-6.079093e-03
572           	shield_slave	-1.579984e-02	-1.177185e-02	-4.324983e-03
573           	OVC	-1.444198e-02	-6.968431e-03	-6.078628e-03
573           	shield_slave	-1.577876e-02	-1.158377e-02	-4.324776e-03
574           	OVC	-1.444477e-02	-6.969160e-03	-6.078659e-03
574           	shield_slave	-1.693757e-02	-1.158550e-02	-4.324838e-03
575           	OVC	-1.444389e-02	-6.967620e-03	-6.078384e-03
575           	shield_slave	-1.717419e-02	-1.173584e-02	-4.325338e-03
576           	OVC	-1.444547e-02	-6.969315e-03	-6.078450e-03
576           	shield_slave	-1.640341e-02	-1.158884e-02	-4.325769e-03
577           	OVC	-1.444928e-02	-6.971649e-03	-6.078506e-03
577           	shield_slave	-1.668896e-02	-1.192925e-02	-4.326004e-03
578           	OVC	-1.445205e-02	-6.974732e-03	-6.078356e-03
578           	shield_slave	-1.601481e-02	-1.189017e-02	-4.325890e-03
579           	OVC	-1.444799e-02	-6.978860e-03	-6.078251e-03
579           	shield_slave	-1.586543e-02	-1.203940e-02	-4.325880e-03
580           	OVC	-1.444921e-02	-6.977298e-03	-6.078481e-03
580           	shield_slave	-1.743491e-02	-1.204310e-02	-4.325877e-03
581           	OVC	-1.444957e-02	-6.976141e-03	-6.078742e-03
581           	shield_slave	-1.585326e-02	-1.205093e-02	-4.325511e-03
582           	OVC	-1.444807e-02	-6.977498e-03	-6.079057e-03
582           	shield_slave	-1.585795e-02	-1.205378e-02	-4.325263e-03
583           	OVC	-1.444387e-02	-6.975728e-03	-6.078762e-03
583           	shield_slave	-1.610155e-02	-1.205294e-02	-4.325245e-03
584           	OVC	-1.444215e-02	-6.977302e-03	-6.078749e-03
584           	shield_slave	-1.592748e-02	-1.205323e-02	-4.325566e-03
585           	OVC	-1.444598e-02	-6.976779e-03	-6.078790e-03
585           	shield_slave	-1.602665e-02	-1.205167e-02	-4.325156e-03
586           	OVC	-1.444340e-02	-6.975702e-03	-6.078781e-03
586           	shield_slave	-1.629338e-02	-1.205638e-02	-4.324938e-03
587           	OVC	-1.444398e-02	-6.974773e-03	-6.078944e-03
587           	shield_slave	-1.594830e-02	-1.205680e-02	-4.324748e-03
588           	OVC	-1.444553e-02	-6.975198e-03	-6.079367e-03
588           	shield_slave	-1.594920e-02	-1.205454e-02	-4.324904e-03
589           	OVC	-1.444194e-02	-6.975448e-03	-6.079579e-03
589           	shield_slave	-1.580679e-02	-1.205508e-02	-4.324882e-03
590           	OVC	-1.444198e-02	-6.974970e-03	-6.079357e-03
590           	shield_slave	-1.615240e-02	-1.205533e-02	-4.325220e-03
591           	OVC	-1.444351e-02	-6.974433e-03	-6.079186e-03
591           	shield_slave	-1.582233e-02	-1.205211e-02	-4.325124e-03
592           	OVC	-1.444476e-02	-6.974712e-03	-6.079316e-03
592           	shield_slave	-1.585021e-02	-1.205192e-02	-4.325224e-03
593           	OVC	-1.444518e-02	-6.976969e-03	-6.079333e-03
593           	shield_slave	-1.631598e-02	-1.205031e-02	-4.325463e-03
594           	OVC	-1.444475e-02	-6.980252e-03	-6.079462e-03
594           	shield_slave	-1.638878e-02	-1.205218e-02	-4.325894e-03
595           	OVC	-1.444839e-02	-6.981685e-03	-6.079358e-03
595           	shield_slave	-1.619596e-02	-1.205246e-02	-4.326025e-03
596           	OVC	-1.444909e-02	-6.982299e-03	-6.079407e-03
596           	shield_slave	-1.621744e-02	-1.205153e-02	-4.326230e-03
597           	OVC	-1.445282e-02	-6.981923e-03	-6.079451e-03
597           	shield_slave	-1.608018e-02	-1.205307e-02	-4.326035e-03
598           	OVC	-1.444799e-02	-6.983328e-03	-6.079406e-03
598           	shield_slave	-1.623473e-02	-1.205368e-02	-4.325699e-03
599           	OVC	-1.444639e-02	-6.985181e-03	-6.079547e-03
599           	shield_slave	-1.605404e-02	-1.205112e-02	-4.325553e-03
600           	OVC	-1.444752e-02	-6.985685e-03	-6.079434e-03
600           	shield_slave	-1.610836e-02	-1.205008e-02	-4.326002e-03
601           	OVC	-1.445297e-02	-6.986018e-03	-6.079452e-03
601           	shield_slave	-1.668738e-02	-1.205097e-02	-4.326249e-03
602           	OVC	-1.445067e-02	-6.986103e-03	-6.079466e-03
602           	shield_slave	-1.693139e-02	-1.205174e-02	-4.325816e-03
603           	OVC	-1.445387e-02	-6.985773e-03	-6.079628e-03
603           	shield_slave	-1.681696e-02	-1.205237e-02	-4.326086e-03
604           	OVC	-1.445059e-02	-6.984509e-03	-6.079740e-03
604           	shield_slave	-1.662618e-02	-1.205129e-02	-4.325911e-03
605           	OVC	-1.445350e-02	-6.984795e-03	-6.079743e-03
605           	shield_slave	-1.653473e-02	-1.205030e-02	-4.325643e-03
606           	OVC	-1.444771e-02	-6.985485e-03	-6.079829e-03
606           	shield_slave	-1.613155e-02	-1.205133e-02	-4.325656e-03
607           	OVC	-1.444807e-02	-6.985284e-03	-6.079697e-03
607           	shield_slave	-1.592125e-02	-1.205179e-02	-4.325403e-03
608           	OVC	-1.444917e-02	-6.984693e-03	-6.079384e-03
608           	shield_slave	-1.599689e-02	-1.205173e-02	-4.326059e-03
609           	OVC	-1.445551e-02	-6.985604e-03	-6.079413e-03
609           	shield_slave	-1.650353e-02	-1.205105e-02	-4.326368e-03
610           	OVC	-1.445826e-02	-6.986161e-03	-6.079369e-03
610           	shield_slave	-1.610530e-02	-1.205151e-02	-4.326147e-03
611           	OVC	-1.444814e-02	-6.985453e-03	-6.079470e-03
611           	shield_slave	-1.615787e-02	-1.205269e-02	-4.326191e-03
612           	OVC	-1.444622e-02	-6.985606e-03	-6.079651e-03
612           	shield_slave	-1.627093e-02	-1.205239e-02	-4.326522e-03
613           	OVC	-1.444464e-02	-6.984757e-03	-6.079698e-03
613           	shield_slave	-1.642507e-02	-1.205244e-02	-4.326028e-03
614           	OVC	-1.444722e-02	-6.985605e-03	-6.079357e-03
614           	shield_slave	-1.620618e-02	-1.205265e-02	-4.325620e-03
615           	OVC	-1.444802e-02	-6.985739e-03	-6.079151e-03
615           	shield_slave	-1.630381e-02	-1.205218e-02	-4.326174e-03
616           	OVC	-1.445504e-02	-6.986285e-03	-6.079396e-03
616           	shield_slave	-1.617652e-02	-1.205254e-02	-4.325976e-03
617           	OVC	-1.445240e-02	-6.988061e-03	-6.079346e-03
617           	shield_slave	-1.641367e-02	-1.205279e-02	-4.326276e-03
618           	OVC	-1.445611e-02	-6.988302e-03	-6.079389e-03
618           	shield_slave	-1.614518e-02	-1.205261e-02	-4.326202e-03
619           	OVC	-1.447062e-02	-6.988449e-03	-6.079684e-03
619           	shield_slave	-1.646270e-02	-1.205230e-02	-4.326292e-03
620           	OVC	-1.445370e-02	-6.987791e-03	-6.079620e-03
620           	shield_slave	-1.653593e-02	-1.205344e-02	-4.326400e-03
621           	OVC	-1.446216e-02	-6.986813e-03	-6.079720e-03
621           	shield_slave	-1.681381e-02	-1.205340e-02	-4.326865e-03
622           	OVC	-1.446753e-02	-6.987179e-03	-6.079660e-03
622           	shield_slave	-1.676047e-02	-1.205379e-02	-4.326990e-03
623           	OVC	-1.445664e-02	-6.986788e-03	-6.079795e-03
623           	shield_slave	-1.619944e-02	-1.205319e-02	-4.326602e-03
624           	OVC	-1.443691e-02	-6.988370e-03	-6.079787e-03
624           	shield_slave	-1.609808e-02	-1.205419e-02	-4.326254e-03
625           	OVC	-1.447274e-02	-6.988336e-03	-6.079997e-03
625           	shield_slave	-1.619962e-02	-1.205475e-02	-4.326295e-03
626           	OVC	-1.448757e-02	-6.989901e-03	-6.079752e-03
626           	shield_slave	-1.603210e-02	-1.205474e-02	-4.326194e-03
627           	OVC	-1.448646e-02	-6.988817e-03	-6.079895e-03
627           	shield_slave	-1.604399e-02	-1.205462e-02	-4.325774e-03
628           	OVC	-1.451851e-02	-6.987171e-03	-6.079792e-03
628           	shield_slave	-1.714454e-02	-1.205565e-02	-4.326132e-03
629           	OVC	-1.451935e-02	-6.989015e-03	-6.079737e-03
629           	shield_slave	-1.796095e-02	-1.205492e-02	-4.326484e-03
630           	OVC	-1.452102e-02	-6.990748e-03	-6.079797e-03
630           	shield_slave	-1.867136e-02	-1.205550e-02	-4.326300e-03
631           	OVC	-1.453620e-02	-6.990066e-03	-6.079623e-03
631           	shield_slave	-1.711003e-02	-1.205536e-02	-4.326082e-03
632           	OVC	-1.454737e-02	-6.990841e-03	-6.079589e-03
632           	shield_slave	-1.657788e-02	-1.205547e-02	-4.326206e-03
633           	OVC	-1.462222e-02	-6.990301e-03	-6.079508e-03
633           	shield_slave	-1.592277e-02	-1.205533e-02	-4.326611e-03
634           	OVC	-1.462850e-02	-6.991488e-03	-6.079352e-03
634           	shield_slave	-1.645775e-02	-1.205695e-02	-4.326294e-03
635           	OVC	-1.461679e-02	-6.993241e-03	-6.079332e-03
635           	shield_slave	-1.630871e-02	-1.205694e-02	-4.326482e-03
636           	OVC	-1.456438e-02	-6.993299e-03	-6.079419e-03
636           	shield_slave	-1.597530e-02	-1.205697e-02	-4.326259e-03
637           	OVC	-1.460210e-02	-6.993656e-03	-6.079343e-03
637           	shield_slave	-1.655519e-02	-1.205728e-02	-4.326519e-03
638           	OVC	-1.450194e-02	-6.992162e-03	-6.079530e-03
638           	shield_slave	-1.707628e-02	-1.205658e-02	-4.326563e-03
639           	OVC	-1.447279e-02	-6.992038e-03	-6.079711e-03
639           	shield_slave	-1.707083e-02	-1.205694e-02	-4.325903e-03
640           	OVC	-1.454790e-02	-6.992087e-03	-6.079731e-03
640           	shield_slave	-1.645685e-02	-1.205619e-02	-4.325802e-03
641           	OVC	-1.459783e-02	-6.992085e-03	-6.079794e-03
641           	shield_slave	-1.617739e-02	-1.205661e-02	-4.325327e-03
642           	OVC	-1.473809e-02	-6.993302e-03	-6.079728e-03
642           	shield_slave	-1.647312e-02	-1.205750e-02	-4.324983e-03
643           	OVC	-1.456843e-02	-6.994340e-03	-6.079943e-03
643           	shield_slave	-1.639186e-02	-1.205756e-02	-4.325361e-03
644           	OVC	-1.472847e-02	-6.994245e-03	-6.079851e-03
644           	shield_slave	-1.625658e-02	-1.205741e-02	-4.324935e-03
645           	OVC	-1.458105e-02	-6.993825e-03	-6.079652e-03
645           	shield_slave	-1.709996e-02	-1.205721e-02	-4.324923e-03
646           	OVC	-1.458775e-02	-6.994540e-03	-6.079688e-03
646           	shield_slave	-1.690163e-02	-1.205813e-02	-4.325072e-03
647           	OVC	-1.484378e-02	-6.994513e-03	-6.079540e-03
647           	shield_slave	-1.695959e-02	-1.205880e-02	-4.325391e-03
648           	OVC	-1.491198e-02	-6.995475e-03	-6.079508e-03
648           	shield_slave	-1.643227e-02	-1.205803e-02	-4.325109e-03
649           	OVC	-1.495520e-02	-6.997137e-03	-6.079908e-03
649           	shield_slave	-1.654191e-02	-1.205869e-02	-4.324881e-03
650           	OVC	-1.485301e-02	-6.997207e-03	-6.080043e-03
650           	shield_slave	-1.702519e-02	-1.205901e-02	-4.325103e-03
651           	OVC	-1.492916e-02	-6.997941e-03	-6.080174e-03
651           	shield_slave	-1.650795e-02	-1.205945e-02	-4.325263e-03
652           	OVC	-1.468510e-02	-6.997783e-03	-6.080135e-03
652           	shield_slave	-1.602367e-02	-1.206015e-02	-4.325069e-03
653           	OVC	-1.474962e-02	-6.996755e-03	-6.080367e-03
653           	shield_slave	-1.696911e-02	-1.206066e-02	-4.325351e-03
654           	OVC	-1.468758e-02	-6.997010e-03	-6.080753e-03
654           	shield_slave	-1.742749e-02	-1.206135e-02	-4.325835e-03
655           	OVC	-1.462219e-02	-6.996685e-03	-6.080929e-03
655           	shield_slave	-1.738847e-02	-1.206113e-02	-4.325752e-03
656           	OVC	-1.454535e-02	-6.996421e-03	-6.080530e-03
656           	shield_slave	-1.719627e-02	-1.206112e-02	-4.325344e-03
657           	OVC	-1.448688e-02	-6.997677e-03	-6.080627e-03
657           	shield_slave	-1.802115e-02	-1.206132e-02	-4.325793e-03
658           	OVC	-1.445906e-02	-6.997763e-03	-6.080625e-03
658           	shield_slave	-1.667224e-02	-1.206150e-02	-4.325629e-03
659           	OVC	-1.443965e-02	-6.998048e-03	-6.080884e-03
659           	shield_slave	-1.691267e-02	-1.206225e-02	-4.325734e-03
660           	OVC	-1.443968e-02	-6.998014e-03	-6.080534e-03
660           	shield_slave	-1.629012e-02	-1.206242e-02	-4.325900e-03
661           	OVC	-1.444190e-02	-6.998187e-03	-6.080551e-03
661           	shield_slave	-1.641102e-02	-1.206259e-02	-4.326282e-03
662           	OVC	-1.444183e-02	-6.998484e-03	-6.080260e-03
662           	shield_slave	-1.701590e-02	-1.206283e-02	-4.326624e-03
663           	OVC	-1.444216e-02	-6.998830e-03	-6.080263e-03
663           	shield_slave	-1.680238e-02	-1.206291e-02	-4.326472e-03
664           	OVC	-1.443771e-02	-6.998733e-03	-6.079958e-03
664           	shield_slave	-1.683294e-02	-1.206263e-02	-4.326675e-03
665           	OVC	-1.443996e-02	-6.999041e-03	-6.079989e-03
665           	shield_slave	-1.646627e-02	-1.206281e-02	-4.326922e-03
666           	OVC	-1.443961e-02	-6.999989e-03	-6.080136e-03
666           	shield_slave	-1.626187e-02	-1.206318e-02	-4.327001e-03
667           	OVC	-1.444230e-02	-6.999990e-03	-6.080195e-03
667           	shield_slave	-1.640236e-02	-1.206281e-02	-4.326745e-03
668           	OVC	-1.443976e-02	-6.998840e-03	-6.080275e-03
668           	shield_slave	-1.587164e-02	-1.206318e-02	-4.326194e-03
669           	OVC	-1.443850e-02	-6.998467e-03	-6.080277e-03
669           	shield_slave	-1.582000e-02	-1.206280e-02	-4.325817e-03
670           	OVC	-1.443923e-02	-6.997596e-03	-6.080342e-03
670           	shield_slave	-1.566955e-02	-1.206327e-02	-4.325742e-03
671           	OVC	-1.443680e-02	-6.998213e-03	-6.080379e-03
671           	shield_slave	-1.570398e-02	-1.206340e-02	-4.324954e-03
672           	OVC	-1.443698e-02	-6.999003e-03	-6.080504e-03
672           	shield_slave	-1.564853e-02	-1.206350e-02	-4.324644e-03
673           	OVC	-1.443768e-02	-7.000531e-03	-6.080521e-03
673           	shield_slave	-1.561226e-02	-1.206344e-02	-4.324824e-03
674           	OVC	-1.444073e-02	-7.001744e-03	-6.080389e-03
674           	shield_slave	-1.564388e-02	-1.206425e-02	-4.324973e-03
675           	OVC	-1.444050e-02	-7.002070e-03	-6.080279e-03
675           	shield_slave	-1.567873e-02	-1.206471e-02	-4.325004e-03
676           	OVC	-1.443888e-02	-7.002314e-03	-6.080220e-03
676           	shield_slave	-1.564852e-02	-1.206443e-02	-4.324999e-03
677           	OVC	-1.443884e-02	-7.002571e-03	-6.080032e-03
677           	shield_slave	-1.574271e-02	-1.206386e-02	-4.324930e-03
678           	OVC	-1.443971e-02	-7.002492e-03	-6.079787e-03
678           	shield_slave	-1.601857e-02	-1.206338e-02	-4.325051e-03
679           	OVC	-1.443938e-02	-7.003233e-03	-6.079957e-03
679           	shield_slave	-1.627646e-02	-1.206426e-02	-4.325190e-03
680           	OVC	-1.444190e-02	-7.003632e-03	-6.079595e-03
680           	shield_slave	-1.696964e-02	-1.206462e-02	-4.324959e-03
681           	OVC	-1.444295e-02	-7.003822e-03	-6.079697e-03
681           	shield_slave	-1.719798e-02	-1.206521e-02	-4.325336e-03
682           	OVC	-1.444296e-02	-7.003801e-03	-6.079820e-03
682           	shield_slave	-1.735463e-02	-1.206523e-02	-4.325631e-03
683           	OVC	-1.444273e-02	-7.003616e-03	-6.080049e-03
683           	shield_slave	-1.677129e-02	-1.206553e-02	-4.325622e-03
684           	OVC	-1.444411e-02	-7.003555e-03	-6.079889e-03
684           	shield_slave	-1.679488e-02	-1.206590e-02	-4.325610e-03
685           	OVC	-1.444461e-02	-7.004238e-03	-6.079734e-03
685           	shield_slave	-1.702842e-02	-1.206586e-02	-4.325207e-03
686           	OVC	-1.444289e-02	-7.004646e-03	-6.079896e-03
686           	shield_slave	-1.652458e-02	-1.206624e-02	-4.324980e-03
687           	OVC	-1.444346e-02	-7.004766e-03	-6.080076e-03
687           	shield_slave	-1.645180e-02	-1.206646e-02	-4.325229e-03
688           	OVC	-1.444407e-02	-7.005708e-03	-6.080235e-03
688           	shield_slave	-1.637347e-02	-1.206687e-02	-4.324878e-03
689           	OVC	-1.444440e-02	-7.005322e-03	-6.080008e-03
689           	shield_slave	-1.626834e-02	-1.206725e-02	-4.325163e-03
690           	OVC	-1.444503e-02	-7.005603e-03	-6.079801e-03
690           	shield_slave	-1.616066e-02	-1.206713e-02	-4.325310e-03
691           	OVC	-1.444450e-02	-7.005870e-03	-6.079699e-03
691           	shield_slave	-1.615343e-02	-1.206710e-02	-4.325223e-03
692           	OVC	-1.444561e-02	-7.005495e-03	-6.079708e-03
692           	shield_slave	-1.609017e-02	-1.206787e-02	-4.324843e-03
693           	OVC	-1.444639e-02	-7.005404e-03	-6.079497e-03
693           	shield_slave	-1.578247e-02	-1.206791e-02	-4.324553e-03
694           	OVC	-1.444461e-02	-7.005767e-03	-6.079636e-03
694           	shield_slave	-1.617498e-02	-1.206855e-02	-4.324167e-03
695           	OVC	-1.444481e-02	-7.006251e-03	-6.079516e-03
695           	shield_slave	-1.652693e-02	-1.206821e-02	-4.324215e-03
696           	OVC	-1.444385e-02	-7.006526e-03	-6.079702e-03
696           	shield_slave	-1.635161e-02	-1.206801e-02	-4.324256e-03
697           	OVC	-1.444470e-02	-7.006846e-03	-6.079687e-03
697           	shield_slave	-1.617882e-02	-1.206837e-02	-4.324574e-03
698           	OVC	-1.444437e-02	-7.007107e-03	-6.079849e-03
698           	shield_slave	-1.604961e-02	-1.206847e-02	-4.324676e-03
699           	OVC	-1.444455e-02	-7.007382e-03	-6.080237e-03
699           	shield_slave	-1.569446e-02	-1.206858e-02	-4.324552e-03
700           	OVC	-1.444507e-02	-7.007794e-03	-6.080299e-03
700           	shield_slave	-1.573818e-02	-1.206841e-02	-4.324126e-03
701           	OVC	-1.444565e-02	-7.008140e-03	-6.080314e-03
701           	shield_slave	-1.590488e-02	-1.206843e-02	-4.324214e-03
702           	OVC	-1.444598e-02	-7.008099e-03	-6.080425e-03
702           	shield_slave	-1.581262e-02	-1.206861e-02	-4.324527e-03
703           	OVC	-1.444666e-02	-7.008965e-03	-6.080253e-03
703           	shield_slave	-1.589901e-02	-1.206879e-02	-4.324918e-03
704           	OVC	-1.444599e-02	-7.008978e-03	-6.080362e-03
704           	shield_slave	-1.661133e-02	-1.206941e-02	-4.325343e-03
705           	OVC	-1.444553e-02	-7.008909e-03	-6.080553e-03
705           	shield_slave	-1.693706e-02	-1.206943e-02	-4.325868e-03
706           	OVC	-1.444489e-02	-7.008690e-03	-6.080385e-03
706           	shield_slave	-1.692190e-02	-1.206946e-02	-4.325482e-03
707           	OVC	-1.444474e-02	-7.009050e-03	-6.080072e-03
707           	shield_slave	-1.699618e-02	-1.206965e-02	-4.325689e-03
708           	OVC	-1.444475e-02	-7.009264e-03	-6.079878e-03
708           	shield_slave	-1.711704e-02	-1.206953e-02	-4.325695e-03
709           	OVC	-1.444431e-02	-7.009409e-03	-6.079824e-03
709           	shield_slave	-1.683009e-02	-1.207025e-02	-4.325698e-03
710           	OVC	-1.444283e-02	-7.009626e-03	-6.079958e-03
710           	shield_slave	-1.614696e-02	-1.207060e-02	-4.325595e-03
711           	OVC	-1.444288e-02	-7.009555e-03	-6.079789e-03
711           	shield_slave	-1.571991e-02	-1.207077e-02	-4.325601e-03
712           	OVC	-1.444262e-02	-7.009756e-03	-6.080087e-03
712           	shield_slave	-1.568186e-02	-1.207109e-02	-4.325524e-03
713           	OVC	-1.444345e-02	-7.009870e-03	-6.079932e-03
713           	shield_slave	-1.570613e-02	-1.207118e-02	-4.325455e-03
714           	OVC	-1.444375e-02	-7.010026e-03	-6.079733e-03
714           	shield_slave	-1.568442e-02	-1.207129e-02	-4.325223e-03
715           	OVC	-1.444306e-02	-7.010027e-03	-6.079920e-03
715           	shield_slave	-1.661286e-02	-1.207137e-02	-4.325621e-03
716           	OVC	-1.444356e-02	-7.009925e-03	-6.080152e-03
716           	shield_slave	-1.774670e-02	-1.207173e-02	-4.325885e-03
717           	OVC	-1.444336e-02	-7.010061e-03	-6.080079e-03
717           	shield_slave	-1.813637e-02	-1.207192e-02	-4.326197e-03
718           	OVC	-1.444357e-02	-7.010126e-03	-6.079974e-03
718           	shield_slave	-1.714312e-02	-1.207211e-02	-4.325738e-03
719           	OVC	-1.444320e-02	-7.009938e-03	-6.079617e-03
719           	shield_slave	-1.638740e-02	-1.207219e-02	-4.325827e-03
720           	OVC	-1.444280e-02	-7.009799e-03	-6.079568e-03
720           	shield_slave	-1.645533e-02	-1.207244e-02	-4.325728e-03
721           	OVC	-1.444213e-02	-7.009939e-03	-6.079742e-03
721           	shield_slave	-1.582003e-02	-1.207264e-02	-4.326182e-03
722           	OVC	-1.444123e-02	-7.009966e-03	-6.079533e-03
722           	shield_slave	-1.588413e-02	-1.207253e-02	-4.326085e-03
723           	OVC	-1.444108e-02	-7.009692e-03	-6.079739e-03
723           	shield_slave	-1.618005e-02	-1.207253e-02	-4.326173e-03
724           	OVC	-1.444138e-02	-7.009470e-03	-6.079957e-03
724           	shield_slave	-1.597088e-02	-1.207237e-02	-4.325844e-03
725           	OVC	-1.444149e-02	-7.008959e-03	-6.080083e-03
725           	shield_slave	-1.608296e-02	-1.207248e-02	-4.325841e-03
726           	OVC	-1.444148e-02	-7.008603e-03	-6.080151e-03
726           	shield_slave	-1.596849e-02	-1.207276e-02	-4.325685e-03
727           	OVC	-1.444103e-02	-7.008031e-03	-6.080455e-03
727           	shield_slave	-1.585300e-02	-1.194208e-02	-4.326013e-03
728           	OVC	-1.444086e-02	-7.007913e-03	-6.080433e-03
728           	shield_slave	-1.609215e-02	-1.204060e-02	-4.326003e-03
729           	OVC	-1.444015e-02	-7.007566e-03	-6.080460e-03
729           	shield_slave	-1.591081e-02	-1.207316e-02	-4.325702e-03
730           	OVC	-1.444028e-02	-7.007249e-03	-6.080086e-03
730           	shield_slave	-1.582244e-02	-1.207339e-02	-4.325309e-03
731           	OVC	-1.444030e-02	-7.006890e-03	-6.079943e-03
731           	shield_slave	-1.569201e-02	-1.207341e-02	-4.325613e-03
732           	OVC	-1.444018e-02	-7.006700e-03	-6.079739e-03
732           	shield_slave	-1.568973e-02	-1.207347e-02	-4.325240e-03
733           	OVC	-1.443987e-02	-7.006626e-03	-6.080364e-03
733           	shield_slave	-1.690798e-02	-1.207287e-02	-4.325486e-03
734           	OVC	-1.443988e-02	-7.006388e-03	-6.080079e-03
734           	shield_slave	-1.728235e-02	-1.207255e-02	-4.326204e-03
735           	OVC	-1.443933e-02	-7.006054e-03	-6.080142e-03
735           	shield_slave	-1.694814e-02	-1.207266e-02	-4.326157e-03
736           	OVC	-1.443956e-02	-7.005551e-03	-6.080296e-03
736           	shield_slave	-1.745651e-02	-1.207284e-02	-4.326215e-03
737           	OVC	-1.443874e-02	-7.005443e-03	-6.080101e-03
737           	shield_slave	-1.707069e-02	-1.207293e-02	-4.325994e-03
738           	OVC	-1.443918e-02	-7.005310e-03	-6.080214e-03
738           	shield_slave	-1.605137e-02	-1.207299e-02	-4.325706e-03
739           	OVC	-1.443866e-02	-7.004953e-03	-6.080475e-03
739           	shield_slave	-1.649650e-02	-1.207285e-02	-4.325827e-03
740           	OVC	-1.443877e-02	-7.004133e-03	-6.081058e-03
740           	shield_slave	-1.646586e-02	-1.207311e-02	-4.325529e-03
741           	OVC	-1.443769e-02	-7.004605e-03	-6.081007e-03
741           	shield_slave	-1.600071e-02	-1.207314e-02	-4.325682e-03
742           	OVC	-1.443820e-02	-7.004790e-03	-6.080636e-03
742           	shield_slave	-1.583529e-02	-1.207338e-02	-4.325484e-03
743           	OVC	-1.443880e-02	-7.004017e-03	-6.080286e-03
743           	shield_slave	-1.580794e-02	-1.207341e-02	-4.325694e-03
744           	OVC	-1.443853e-02	-7.003798e-03	-6.080134e-03
744           	shield_slave	-1.635069e-02	-1.207359e-02	-4.326107e-03
745           	OVC	-1.443825e-02	-7.003332e-03	-6.080662e-03
745           	shield_slave	-1.668933e-02	-1.207354e-02	-4.326062e-03
746           	OVC	-1.443800e-02	-7.002537e-03	-6.080568e-03
746           	shield_slave	-1.662170e-02	-1.207337e-02	-4.326033e-03
747           	OVC	-1.443787e-02	-7.002392e-03	-6.080520e-03
747           	shield_slave	-1.615159e-02	-1.207329e-02	-4.326091e-03
748           	OVC	-1.443733e-02	-7.001526e-03	-6.080209e-03
748           	shield_slave	-1.606167e-02	-1.207324e-02	-4.326085e-03
749           	OVC	-1.443706e-02	-7.000784e-03	-6.080135e-03
749           	shield_slave	-1.569836e-02	-1.207338e-02	-4.326066e-03
750           	OVC	-1.443717e-02	-7.000822e-03	-6.080278e-03
750           	shield_slave	-1.571650e-02	-1.207359e-02	-4.326063e-03
751           	OVC	-1.443716e-02	-7.000421e-03	-6.080650e-03
751           	shield_slave	-1.580864e-02	-1.207344e-02	-4.325909e-03
752           	OVC	-1.443705e-02	-6.999659e-03	-6.080798e-03
752           	shield_slave	-1.574625e-02	-1.207360e-02	-4.326040e-03
753           	OVC	-1.443677e-02	-6.999341e-03	-6.080480e-03
753           	shield_slave	-1.572007e-02	-1.207385e-02	-4.326093e-03
754           	OVC	-1.443697e-02	-6.998656e-03	-6.080568e-03
754           	shield_slave	-1.628323e-02	-1.207355e-02	-4.326245e-03
755           	OVC	-1.443614e-02	-6.998481e-03	-6.080375e-03
755           	shield_slave	-1.580154e-02	-1.207388e-02	-4.326199e-03
756           	OVC	-1.443620e-02	-6.997961e-03	-6.080181e-03
756           	shield_slave	-1.608429e-02	-1.207366e-02	-4.326231e-03
757           	OVC	-1.443591e-02	-6.997655e-03	-6.080216e-03
757           	shield_slave	-1.627978e-02	-1.207394e-02	-4.326291e-03
758           	OVC	-1.443633e-02	-6.997230e-03	-6.080233e-03
758           	shield_slave	-1.586308e-02	-1.207397e-02	-4.326087e-03
759           	OVC	-1.443671e-02	-6.996780e-03	-6.080246e-03
759           	shield_slave	-1.598043e-02	-1.207406e-02	-4.325971e-03
760           	OVC	-1.443663e-02	-6.996480e-03	-6.080265e-03
760           	shield_slave	-1.590377e-02	-1.207412e-02	-4.325972e-03
761           	OVC	-1.443673e-02	-6.997071e-03	-6.080481e-03
761           	shield_slave	-1.581054e-02	-1.207407e-02	-4.325920e-03
762           	OVC	-1.443673e-02	-6.997187e-03	-6.080379e-03
762           	shield_slave	-1.569333e-02	-1.207417e-02	-4.326129e-03
763           	OVC	-1.443662e-02	-6.995508e-03	-6.080269e-03
763           	shield_slave	-1.572021e-02	-1.207405e-02	-4.326169e-03
764           	OVC	-1.443640e-02	-6.995602e-03	-6.080526e-03
764           	shield_slave	-1.570454e-02	-1.207430e-02	-4.326206e-03
765           	OVC	-1.443648e-02	-6.994650e-03	-6.080099e-03
765           	shield_slave	-1.569835e-02	-1.207435e-02	-4.326209e-03
766           	OVC	-1.443639e-02	-6.994698e-03	-6.080170e-03
766           	shield_slave	-1.569044e-02	-1.207385e-02	-4.326339e-03
767           	OVC	-1.443656e-02	-6.993659e-03	-6.079595e-03
767           	shield_slave	-1.585546e-02	-1.207389e-02	-4.326504e-03
768           	OVC	-1.443585e-02	-6.993364e-03	-6.079720e-03
768           	shield_slave	-1.585548e-02	-1.207377e-02	-4.326607e-03
769           	OVC	-1.443625e-02	-6.992731e-03	-6.079404e-03
769           	shield_slave	-1.602156e-02	-1.207393e-02	-4.326651e-03
770           	OVC	-1.443577e-02	-6.992474e-03	-6.079699e-03
770           	shield_slave	-1.605812e-02	-1.207415e-02	-4.326389e-03
771           	OVC	-1.443586e-02	-6.992289e-03	-6.079781e-03
771           	shield_slave	-1.613067e-02	-1.207390e-02	-4.326483e-03
772           	OVC	-1.443605e-02	-6.992609e-03	-6.079644e-03
772           	shield_slave	-1.591885e-02	-1.207378e-02	-4.326504e-03
773           	OVC	-1.443610e-02	-6.991971e-03	-6.079811e-03
773           	shield_slave	-1.603661e-02	-1.207364e-02	-4.326560e-03
774           	OVC	-1.443610e-02	-6.990645e-03	-6.079777e-03
774           	shield_slave	-1.581034e-02	-1.207361e-02	-4.326447e-03
775           	OVC	-1.443588e-02	-6.991355e-03	-6.079939e-03
775           	shield_slave	-1.570679e-02	-1.207359e-02	-4.326664e-03
776           	OVC	-1.443565e-02	-6.991668e-03	-6.079698e-03
776           	shield_slave	-1.579979e-02	-1.207360e-02	-4.326546e-03
777           	OVC	-1.443563e-02	-6.990783e-03	-6.079724e-03
777           	shield_slave	-1.578012e-02	-1.207350e-02	-4.326450e-03
778           	OVC	-1.443581e-02	-6.990651e-03	-6.079688e-03
778           	shield_slave	-1.578359e-02	-1.207378e-02	-4.326857e-03
779           	OVC	-1.443566e-02	-6.990889e-03	-6.079681e-03
779           	shield_slave	-1.613869e-02	-1.207379e-02	-4.326692e-03
780           	OVC	-1.443576e-02	-6.990245e-03	-6.079373e-03
780           	shield_slave	-1.579641e-02	-1.207332e-02	-4.326523e-03
781           	OVC	-1.443581e-02	-6.989905e-03	-6.079539e-03
781           	shield_slave	-1.593501e-02	-1.207322e-02	-4.326555e-03
782           	OVC	-1.443595e-02	-6.989305e-03	-6.079550e-03
782           	shield_slave	-1.599589e-02	-1.207346e-02	-4.326526e-03
783           	OVC	-1.443590e-02	-6.988682e-03	-6.079605e-03
783           	shield_slave	-1.604548e-02	-1.207344e-02	-4.326640e-03
784           	OVC	-1.443577e-02	-6.988280e-03	-6.079704e-03
784           	shield_slave	-1.581814e-02	-1.207347e-02	-4.326284e-03
785           	OVC	-1.443612e-02	-6.987394e-03	-6.079658e-03
785           	shield_slave	-1.589840e-02	-1.207344e-02	-4.326157e-03
786           	OVC	-1.443606e-02	-6.987277e-03	-6.079617e-03
786           	shield_slave	-1.670982e-02	-1.207313e-02	-4.325978e-03
787           	OVC	-1.443634e-02	-6.987150e-03	-6.079421e-03
787           	shield_slave	-1.595502e-02	-1.207278e-02	-4.325642e-03
788           	OVC	-1.443637e-02	-6.986792e-03	-6.079273e-03
788           	shield_slave	-1.580184e-02	-1.207281e-02	-4.325351e-03
789           	OVC	-1.443649e-02	-6.987026e-03	-6.079299e-03
789           	shield_slave	-1.633072e-02	-1.207273e-02	-4.325313e-03
790           	OVC	-1.443625e-02	-6.985857e-03	-6.079209e-03
790           	shield_slave	-1.701996e-02	-1.207251e-02	-4.325827e-03
791           	OVC	-1.443625e-02	-6.985778e-03	-6.079431e-03
791           	shield_slave	-1.637680e-02	-1.207209e-02	-4.326230e-03
792           	OVC	-1.443658e-02	-6.986170e-03	-6.079458e-03
792           	shield_slave	-1.642767e-02	-1.207201e-02	-4.326411e-03
793           	OVC	-1.443672e-02	-6.986988e-03	-6.079306e-03
793           	shield_slave	-1.663841e-02	-1.207206e-02	-4.326505e-03
794           	OVC	-1.443674e-02	-6.986197e-03	-6.079171e-03
794           	shield_slave	-1.714395e-02	-1.207218e-02	-4.326500e-03
795           	OVC	-1.443626e-02	-6.984921e-03	-6.079177e-03
795           	shield_slave	-1.671309e-02	-1.207208e-02	-4.326577e-03
796           	OVC	-1.443601e-02	-6.983545e-03	-6.079249e-03
796           	shield_slave	-1.712065e-02	-1.207177e-02	-4.326581e-03
797           	OVC	-1.443603e-02	-6.982846e-03	-6.079199e-03
797           	shield_slave	-1.687946e-02	-1.207160e-02	-4.326792e-03
798           	OVC	-1.443594e-02	-6.982532e-03	-6.079195e-03
798           	shield_slave	-1.645374e-02	-1.207221e-02	-4.326650e-03
799           	OVC	-1.443631e-02	-6.983175e-03	-6.079317e-03
799           	shield_slave	-1.694280e-02	-1.207177e-02	-4.326807e-03
800           	OVC	-1.443657e-02	-6.981281e-03	-6.079154e-03
800           	shield_slave	-1.652913e-02	-1.207124e-02	-4.326538e-03
801           	OVC	-1.443672e-02	-6.980545e-03	-6.079366e-03
801           	shield_slave	-1.642310e-02	-1.207049e-02	-4.325767e-03
802           	OVC	-1.443684e-02	-6.979158e-03	-6.079373e-03
802           	shield_slave	-1.632797e-02	-1.207073e-02	-4.325872e-03
803           	OVC	-1.443717e-02	-6.978979e-03	-6.079503e-03
803           	shield_slave	-1.632880e-02	-1.207036e-02	-4.325424e-03
804           	OVC	-1.443715e-02	-6.979459e-03	-6.079624e-03
804           	shield_slave	-1.659345e-02	-1.207123e-02	-4.324645e-03
805           	OVC	-1.443704e-02	-6.980040e-03	-6.079607e-03
805           	shield_slave	-1.583032e-02	-1.207138e-02	-4.324801e-03
806           	OVC	-1.443688e-02	-6.977413e-03	-6.079388e-03
806           	shield_slave	-1.668486e-02	-1.207044e-02	-4.324534e-03
807           	OVC	-1.443689e-02	-6.978237e-03	-6.079107e-03
807           	shield_slave	-1.693827e-02	-1.207000e-02	-4.324848e-03
808           	OVC	-1.443710e-02	-6.977431e-03	-6.079093e-03
808           	shield_slave	-1.654793e-02	-1.206965e-02	-4.324942e-03
809           	OVC	-1.443713e-02	-6.976483e-03	-6.079138e-03
809           	shield_slave	-1.657083e-02	-1.206973e-02	-4.325027e-03
810           	OVC	-1.443705e-02	-6.977960e-03	-6.079174e-03
810           	shield_slave	-1.603593e-02	-1.206887e-02	-4.325030e-03
811           	OVC	-1.443685e-02	-6.977188e-03	-6.079124e-03
811           	shield_slave	-1.589394e-02	-1.206945e-02	-4.324679e-03
812           	OVC	-1.443667e-02	-6.976078e-03	-6.079178e-03
812           	shield_slave	-1.583947e-02	-1.206960e-02	-4.324060e-03
813           	OVC	-1.443668e-02	-6.976825e-03	-6.079643e-03
813           	shield_slave	-1.587718e-02	-1.206898e-02	-4.324278e-03
814           	OVC	-1.443681e-02	-6.976674e-03	-6.079414e-03
814           	shield_slave	-1.675343e-02	-1.206819e-02	-4.324371e-03
815           	OVC	-1.443699e-02	-6.977268e-03	-6.079573e-03
815           	shield_slave	-1.670255e-02	-1.206757e-02	-4.324678e-03
816           	OVC	-1.443713e-02	-6.976772e-03	-6.079881e-03
816           	shield_slave	-1.743625e-02	-1.206752e-02	-4.324579e-03
817           	OVC	-1.443732e-02	-6.976366e-03	-6.079770e-03
817           	shield_slave	-1.699091e-02	-1.206677e-02	-4.324596e-03
818           	OVC	-1.443732e-02	-6.976783e-03	-6.080150e-03
818           	shield_slave	-1.691321e-02	-1.206686e-02	-4.324337e-03
819           	OVC	-1.443747e-02	-6.976651e-03	-6.079951e-03
819           	shield_slave	-1.716837e-02	-1.206672e-02	-4.324593e-03
820           	OVC	-1.443756e-02	-6.975970e-03	-6.079740e-03
820           	shield_slave	-1.683414e-02	-1.206689e-02	-4.324444e-03
821           	OVC	-1.443773e-02	-6.975961e-03	-6.079827e-03
821           	shield_slave	-1.665717e-02	-1.206734e-02	-4.324509e-03
822           	OVC	-1.443811e-02	-6.976327e-03	-6.079701e-03
822           	shield_slave	-1.702344e-02	-1.206639e-02	-4.324691e-03
823           	OVC	-1.443831e-02	-6.977463e-03	-6.079865e-03
823           	shield_slave	-1.634465e-02	-1.206563e-02	-4.324792e-03
824           	OVC	-1.443840e-02	-6.977950e-03	-6.079966e-03
824           	shield_slave	-1.686236e-02	-1.206521e-02	-4.325100e-03
825           	OVC	-1.443839e-02	-6.976092e-03	-6.079469e-03
825           	shield_slave	-1.646091e-02	-1.206487e-02	-4.325253e-03
826           	OVC	-1.443848e-02	-6.973969e-03	-6.079304e-03
826           	shield_slave	-1.619058e-02	-1.206482e-02	-4.325339e-03
827           	OVC	-1.443848e-02	-6.976335e-03	-6.079094e-03
827           	shield_slave	-1.610405e-02	-1.206418e-02	-4.325278e-03
828           	OVC	-1.443823e-02	-6.974400e-03	-6.079866e-03
828           	shield_slave	-1.610574e-02	-1.206435e-02	-4.325331e-03
829           	OVC	-1.443833e-02	-6.975406e-03	-6.079789e-03
829           	shield_slave	-1.567858e-02	-1.206416e-02	-4.325038e-03
830           	OVC	-1.443817e-02	-6.975990e-03	-6.079863e-03
830           	shield_slave	-1.568586e-02	-1.206391e-02	-4.324452e-03
831           	OVC	-1.443838e-02	-6.976180e-03	-6.080227e-03
831           	shield_slave	-1.569637e-02	-1.206436e-02	-4.324659e-03
832           	OVC	-1.443855e-02	-6.973032e-03	-6.080323e-03
832           	shield_slave	-1.583257e-02	-1.206478e-02	-4.324597e-03
833           	OVC	-1.443854e-02	-6.971667e-03	-6.079748e-03
833           	shield_slave	-1.600576e-02	-1.206406e-02	-4.324694e-03
834           	OVC	-1.443873e-02	-6.971606e-03	-6.080132e-03
834           	shield_slave	-1.596056e-02	-1.206517e-02	-4.324627e-03
835           	OVC	-1.443883e-02	-6.973101e-03	-6.079949e-03
835           	shield_slave	-1.569308e-02	-1.206476e-02	-4.324808e-03
836           	OVC	-1.443885e-02	-6.976159e-03	-6.079638e-03
836           	shield_slave	-1.569446e-02	-1.206461e-02	-4.324783e-03
837           	OVC	-1.443896e-02	-6.975553e-03	-6.079351e-03
837           	shield_slave	-1.569091e-02	-1.206388e-02	-4.324757e-03
838           	OVC	-1.443885e-02	-6.973376e-03	-6.079254e-03
838           	shield_slave	-1.568680e-02	-1.206353e-02	-4.324650e-03
839           	OVC	-1.443884e-02	-6.969621e-03	-6.079057e-03
839           	shield_slave	-1.632900e-02	-1.206264e-02	-4.324954e-03
840           	OVC	-1.443884e-02	-6.969895e-03	-6.079177e-03
840           	shield_slave	-1.710568e-02	-1.206293e-02	-4.325276e-03
841           	OVC	-1.443927e-02	-6.966756e-03	-6.079190e-03
841           	shield_slave	-1.620516e-02	-1.206118e-02	-4.325114e-03
842           	OVC	-1.443931e-02	-6.967455e-03	-6.079408e-03
842           	shield_slave	-1.694823e-02	-1.206074e-02	-4.324847e-03
843           	OVC	-1.443968e-02	-6.967113e-03	-6.079237e-03
843           	shield_slave	-1.594978e-02	-1.206176e-02	-4.324683e-03
844           	OVC	-1.443950e-02	-6.969761e-03	-6.079005e-03
844           	shield_slave	-1.593701e-02	-1.206097e-02	-4.324755e-03
845           	OVC	-1.443915e-02	-6.969777e-03	-6.079015e-03
845           	shield_slave	-1.597742e-02	-1.206144e-02	-4.324649e-03
846           	OVC	-1.443958e-02	-6.968705e-03	-6.079288e-03
846           	shield_slave	-1.568568e-02	-1.206162e-02	-4.324394e-03
847           	OVC	-1.443965e-02	-6.967356e-03	-6.079302e-03
847           	shield_slave	-1.568486e-02	-1.206020e-02	-4.324686e-03
848           	OVC	-1.443986e-02	-6.967358e-03	-6.078958e-03
848           	shield_slave	-1.568389e-02	-1.206043e-02	-4.324592e-03
849           	OVC	-1.443961e-02	-6.967838e-03	-6.078831e-03
849           	shield_slave	-1.568284e-02	-1.205967e-02	-4.324713e-03
850           	OVC	-1.443971e-02	-6.970475e-03	-6.078971e-03
850           	shield_slave	-1.568217e-02	-1.205977e-02	-4.324900e-03
851           	OVC	-1.443976e-02	-6.968336e-03	-6.079480e-03
851           	shield_slave	-1.568389e-02	-1.205913e-02	-4.324833e-03
852           	OVC	-1.443953e-02	-6.969921e-03	-6.079519e-03
852           	shield_slave	-1.568135e-02	-1.205707e-02	-4.324747e-03
853           	OVC	-1.443934e-02	-6.969199e-03	-6.079512e-03
853           	shield_slave	-1.568010e-02	-1.205805e-02	-4.324710e-03
854           	OVC	-1.443944e-02	-6.966454e-03	-6.079387e-03
854           	shield_slave	-1.568296e-02	-1.205830e-02	-4.324769e-03
855           	OVC	-1.443956e-02	-6.965237e-03	-6.079782e-03
855           	shield_slave	-1.568104e-02	-1.205652e-02	-4.324806e-03
856           	OVC	-1.443901e-02	-6.966361e-03	-6.080081e-03
856           	shield_slave	-1.567971e-02	-1.205694e-02	-4.324727e-03
857           	OVC	-1.443959e-02	-6.967322e-03	-6.080204e-03
857           	shield_slave	-1.567865e-02	-1.205793e-02	-4.324670e-03
858           	OVC	-1.443979e-02	-6.968769e-03	-6.080121e-03
858           	shield_slave	-1.567727e-02	-1.205678e-02	-4.324819e-03
859           	OVC	-1.444006e-02	-6.972886e-03	-6.080001e-03
859           	shield_slave	-1.568497e-02	-1.205614e-02	-4.324811e-03
860           	OVC	-1.444002e-02	-6.971296e-03	-6.079476e-03
860           	shield_slave	-1.568437e-02	-1.205668e-02	-4.325071e-03
861           	OVC	-1.443999e-02	-6.972911e-03	-6.079340e-03
861           	shield_slave	-1.568954e-02	-1.205608e-02	-4.325155e-03
862           	OVC	-1.444005e-02	-6.973888e-03	-6.079485e-03
862           	shield_slave	-1.569228e-02	-1.205556e-02	-4.325246e-03
863           	OVC	-1.444003e-02	-6.967569e-03	-6.079527e-03
863           	shield_slave	-1.569160e-02	-1.205540e-02	-4.325346e-03
864           	OVC	-1.444016e-02	-6.967075e-03	-6.079500e-03
864           	shield_slave	-1.568960e-02	-1.205381e-02	-4.325298e-03
865           	OVC	-1.444025e-02	-6.965567e-03	-6.079504e-03
865           	shield_slave	-1.568892e-02	-1.205419e-02	-4.325284e-03
866           	OVC	-1.443983e-02	-6.964157e-03	-6.079583e-03
866           	shield_slave	-1.568758e-02	-1.205447e-02	-4.325146e-03
867           	OVC	-1.444038e-02	-6.965917e-03	-6.079603e-03
867           	shield_slave	-1.569118e-02	-1.205411e-02	-4.325300e-03
868           	OVC	-1.443984e-02	-6.965396e-03	-6.079660e-03
868           	shield_slave	-1.568919e-02	-1.205295e-02	-4.325360e-03
869           	OVC	-1.444002e-02	-6.966632e-03	-6.079683e-03
869           	shield_slave	-1.642651e-02	-1.205305e-02	-4.325442e-03
870           	OVC	-1.444035e-02	-6.967116e-03	-6.079564e-03
870           	shield_slave	-1.569641e-02	-1.205297e-02	-4.325192e-03
871           	OVC	-1.444039e-02	-6.958736e-03	-6.079680e-03
871           	shield_slave	-1.569628e-02	-1.205256e-02	-4.325049e-03
872           	OVC	-1.444071e-02	-6.968345e-03	-6.079636e-03
872           	shield_slave	-1.569619e-02	-1.205022e-02	-4.324988e-03
873           	OVC	-1.444100e-02	-6.961604e-03	-6.079580e-03
873           	shield_slave	-1.570018e-02	-1.205023e-02	-4.324958e-03
874           	OVC	-1.444055e-02	-6.966107e-03	-6.079584e-03
874           	shield_slave	-1.570088e-02	-1.204899e-02	-4.324981e-03
875           	OVC	-1.444036e-02	-6.969032e-03	-6.079502e-03
875           	shield_slave	-1.570604e-02	-1.205031e-02	-4.324806e-03
876           	OVC	-1.444051e-02	-6.966042e-03	-6.079394e-03
876           	shield_slave	-1.569749e-02	-1.205017e-02	-4.324745e-03
877           	OVC	-1.443956e-02	-6.955340e-03	-6.079444e-03
877           	shield_slave	-1.570071e-02	-1.205076e-02	-4.324757e-03
878           	OVC	-1.443999e-02	-6.954001e-03	-6.079438e-03
878           	shield_slave	-1.569862e-02	-1.204902e-02	-4.324762e-03
879           	OVC	-1.443908e-02	-6.958175e-03	-6.079473e-03
879           	shield_slave	-1.570332e-02	-1.204736e-02	-4.324695e-03
880           	OVC	-1.443867e-02	-6.945352e-03	-6.079510e-03
880           	shield_slave	-1.570125e-02	-1.204614e-02	-4.324722e-03
881           	OVC	-1.443896e-02	-6.966423e-03	-6.079556e-03
881           	shield_slave	-1.570057e-02	-1.204519e-02	-4.324746e-03
882           	OVC	-1.443918e-02	-6.938600e-03	-6.079446e-03
882           	shield_slave	-1.570090e-02	-1.204596e-02	-4.324669e-03
883           	OVC	-1.443915e-02	-6.967383e-03	-6.079594e-03
883           	shield_slave	-1.570032e-02	-1.204146e-02	-4.324762e-03
884           	OVC	-1.443942e-02	-6.949167e-03	-6.079433e-03
884           	shield_slave	-1.569368e-02	-1.204386e-02	-4.324752e-03
885           	OVC	-1.443973e-02	-6.925107e-03	-6.079356e-03
885           	shield_slave	-1.569525e-02	-1.204254e-02	-4.324732e-03
886           	OVC	-1.443836e-02	-6.920620e-03	-6.079353e-03
886           	shield_slave	-1.569865e-02	-1.204531e-02	-4.324869e-03
887           	OVC	-1.443816e-02	-6.885533e-03	-6.079466e-03
887           	shield_slave	-1.569432e-02	-1.204429e-02	-4.324877e-03
888           	OVC	-1.443799e-02	-6.859321e-03	-6.079353e-03
888           	shield_slave	-1.569392e-02	-1.204494e-02	-4.324820e-03
889           	OVC	-1.443760e-02	-6.895270e-03	-6.079422e-03
889           	shield_slave	-1.569770e-02	-1.204565e-02	-4.324872e-03
890           	OVC	-1.443682e-02	-6.923044e-03	-6.079293e-03
890           	shield_slave	-1.569555e-02	-1.204804e-02	-4.324885e-03
891           	OVC	-1.443804e-02	-6.919340e-03	-6.079364e-03
891           	shield_slave	-1.569646e-02	-1.205063e-02	-4.324967e-03
892           	OVC	-1.443721e-02	-6.952837e-03	-6.079226e-03
892           	shield_slave	-1.570052e-02	-1.205463e-02	-4.324909e-03
893           	OVC	-1.443815e-02	-6.949415e-03	-6.079196e-03
893           	shield_slave	-1.570632e-02	-1.205363e-02	-4.324849e-03
894           	OVC	-1.443789e-02	-6.916577e-03	-6.079302e-03
894           	shield_slave	-1.571094e-02	-1.205073e-02	-4.324831e-03
895           	OVC	-1.443887e-02	-6.926242e-03	-6.079199e-03
895           	shield_slave	-1.570794e-02	-1.205019e-02	-4.324949e-03
896           	OVC	-1.443914e-02	-6.932095e-03	-6.079198e-03
896           	shield_slave	-1.571029e-02	-1.205141e-02	-4.324944e-03
897           	OVC	-1.443867e-02	-6.963815e-03	-6.079210e-03
897           	shield_slave	-1.570821e-02	-1.205026e-02	-4.324876e-03
898           	OVC	-1.443796e-02	-6.956607e-03	-6.079228e-03
898           	shield_slave	-1.570869e-02	-1.204659e-02	-4.324920e-03
899           	OVC	-1.443716e-02	-6.963170e-03	-6.079217e-03
899           	shield_slave	-1.570614e-02	-1.205005e-02	-4.324898e-03
900           	OVC	-1.443787e-02	-6.881887e-03	-6.079215e-03
900           	shield_slave	-1.570815e-02	-1.204680e-02	-4.324964e-03
901           	OVC	-1.443916e-02	-6.867053e-03	-6.079214e-03
901           	shield_slave	-1.571310e-02	-1.205017e-02	-4.324968e-03
902           	OVC	-1.443895e-02	-6.901012e-03	-6.079220e-03
902           	shield_slave	-1.570958e-02	-1.204663e-02	-4.325011e-03
903           	OVC	-1.443942e-02	-6.899860e-03	-6.079141e-03
903           	shield_slave	-1.570666e-02	-1.204378e-02	-4.324983e-03
904           	OVC	-1.443997e-02	-6.925598e-03	-6.079073e-03
904           	shield_slave	-1.571547e-02	-1.204766e-02	-4.324896e-03
905           	OVC	-1.444015e-02	-6.901443e-03	-6.079065e-03
905           	shield_slave	-1.570246e-02	-1.204690e-02	-4.324920e-03
906           	OVC	-1.444083e-02	-6.920760e-03	-6.079079e-03
906           	shield_slave	-1.570713e-02	-1.203845e-02	-4.324899e-03
907           	OVC	-1.444089e-02	-6.896843e-03	-6.079051e-03
907           	shield_slave	-1.571159e-02	-1.203902e-02	-4.324951e-03
908           	OVC	-1.443979e-02	-6.919217e-03	-6.079061e-03
908           	shield_slave	-1.570876e-02	-1.203684e-02	-4.325001e-03
909           	OVC	-1.443773e-02	-6.912514e-03	-6.078995e-03
909           	shield_slave	-1.570698e-02	-1.203206e-02	-4.324992e-03
910           	OVC	-1.443971e-02	-6.921441e-03	-6.079008e-03
910           	shield_slave	-1.570026e-02	-1.202844e-02	-4.325035e-03
911           	OVC	-1.444070e-02	-6.920911e-03	-6.078987e-03
911           	shield_slave	-1.570779e-02	-1.202576e-02	-4.325020e-03
912           	OVC	-1.444017e-02	-6.929753e-03	-6.078929e-03
912           	shield_slave	-1.569937e-02	-1.202775e-02	-4.325051e-03
913           	OVC	-1.444118e-02	-6.917269e-03	-6.078860e-03
913           	shield_slave	-1.570222e-02	-1.203898e-02	-4.325079e-03
914           	OVC	-1.444109e-02	-6.900018e-03	-6.078873e-03
914           	shield_slave	-1.569949e-02	-1.204315e-02	-4.325088e-03
915           	OVC	-1.443874e-02	-6.912691e-03	-6.078870e-03
915           	shield_slave	-1.570253e-02	-1.205298e-02	-4.325117e-03
916           	OVC	-1.443745e-02	-6.913596e-03	-6.078887e-03
916           	shield_slave	-1.569438e-02	-1.205525e-02	-4.325018e-03
917           	OVC	-1.443802e-02	-6.917735e-03	-6.078880e-03
917           	shield_slave	-1.571185e-02	-1.205687e-02	-4.325015e-03
918           	OVC	-1.443596e-02	-6.927109e-03	-6.078899e-03
918           	shield_slave	-1.572143e-02	-1.204894e-02	-4.325002e-03
919           	OVC	-1.443585e-02	-6.908376e-03	-6.078787e-03
919           	shield_slave	-1.573205e-02	-1.204017e-02	-4.324951e-03
920           	OVC	-1.443512e-02	-6.904965e-03	-6.078687e-03
920           	shield_slave	-1.571259e-02	-1.204434e-02	-4.324916e-03
921           	OVC	-1.443594e-02	-6.915069e-03	-6.078726e-03
921           	shield_slave	-1.571577e-02	-1.205301e-02	-4.324804e-03
922           	OVC	-1.443799e-02	-6.920318e-03	-6.078823e-03
922           	shield_slave	-1.571544e-02	-1.203040e-02	-4.324835e-03
923           	OVC	-1.443612e-02	-6.908673e-03	-6.078927e-03
923           	shield_slave	-1.571137e-02	-1.204263e-02	-4.324858e-03
924           	OVC	-1.443729e-02	-6.906090e-03	-6.079078e-03
924           	shield_slave	-1.571155e-02	-1.200346e-02	-4.324869e-03
925           	OVC	-1.443754e-02	-6.915154e-03	-6.079129e-03
925           	shield_slave	-1.572273e-02	-1.201802e-02	-4.324829e-03
926           	OVC	-1.443916e-02	-6.909955e-03	-6.079130e-03
926           	shield_slave	-1.571662e-02	-1.206200e-02	-4.324923e-03
927           	OVC	-1.443969e-02	-6.916678e-03	-6.079133e-03
927           	shield_slave	-1.571138e-02	-1.203887e-02	-4.324947e-03
928           	OVC	-1.443962e-02	-6.889104e-03	-6.079107e-03
928           	shield_slave	-1.571145e-02	-1.203653e-02	-4.324887e-03
929           	OVC	-1.443862e-02	-6.898194e-03	-6.079178e-03
929           	shield_slave	-1.569859e-02	-1.206466e-02	-4.324923e-03
930           	OVC	-1.443858e-02	-6.898577e-03	-6.079099e-03
930           	shield_slave	-1.570286e-02	-1.205946e-02	-4.324936e-03
931           	OVC	-1.443702e-02	-6.926116e-03	-6.079090e-03
931           	shield_slave	-1.571554e-02	-1.205063e-02	-4.324962e-03
932           	OVC	-1.443698e-02	-6.930965e-03	-6.079142e-03
932           	shield_slave	-1.571531e-02	-1.203130e-02	-4.325014e-03
933           	OVC	-1.443759e-02	-6.938804e-03	-6.079073e-03
933           	shield_slave	-1.571821e-02	-1.202022e-02	-4.325037e-03
934           	OVC	-1.443901e-02	-6.940478e-03	-6.079064e-03
934           	shield_slave	-1.571553e-02	-1.200769e-02	-4.325027e-03
935           	OVC	-1.443751e-02	-6.938104e-03	-6.078965e-03
935           	shield_slave	-1.570881e-02	-1.200831e-02	-4.325041e-03
936           	OVC	-1.443686e-02	-6.926237e-03	-6.078838e-03
936           	shield_slave	-1.570625e-02	-1.200980e-02	-4.325014e-03
937           	OVC	-1.443688e-02	-6.934928e-03	-6.078898e-03
937           	shield_slave	-1.570554e-02	-1.202531e-02	-4.325040e-03
938           	OVC	-1.443440e-02	-6.933930e-03	-6.078983e-03
938           	shield_slave	-1.570181e-02	-1.202458e-02	-4.325125e-03
939           	OVC	-1.443512e-02	-6.929319e-03	-6.079025e-03
939           	shield_slave	-1.572464e-02	-1.201954e-02	-4.325109e-03
940           	OVC	-1.443518e-02	-6.935552e-03	-6.078976e-03
940           	shield_slave	-1.572081e-02	-1.202043e-02	-4.325107e-03
941           	OVC	-1.443719e-02	-6.934000e-03	-6.078864e-03
941           	shield_slave	-1.571510e-02	-1.201189e-02	-4.325101e-03
942           	OVC	-1.443665e-02	-6.944355e-03	-6.078727e-03
942           	shield_slave	-1.571420e-02	-1.200965e-02	-4.325141e-03
943           	OVC	-1.443522e-02	-6.933655e-03	-6.078793e-03
943           	shield_slave	-1.570363e-02	-1.202843e-02	-4.325186e-03
944           	OVC	-1.443422e-02	-6.932662e-03	-6.078762e-03
944           	shield_slave	-1.569344e-02	-1.203512e-02	-4.325182e-03
945           	OVC	-1.443511e-02	-6.927087e-03	-6.078676e-03
945           	shield_slave	-1.570051e-02	-1.204237e-02	-4.325176e-03
946           	OVC	-1.443561e-02	-6.930997e-03	-6.078762e-03
946           	shield_slave	-1.569959e-02	-1.203216e-02	-4.325145e-03
947           	OVC	-1.443618e-02	-6.937100e-03	-6.078826e-03
947           	shield_slave	-1.569022e-02	-1.203150e-02	-4.325107e-03
948           	OVC	-1.443595e-02	-6.942293e-03	-6.078754e-03
948           	shield_slave	-1.568073e-02	-1.204117e-02	-4.325105e-03
949           	OVC	-1.443839e-02	-6.946828e-03	-6.078879e-03
949           	shield_slave	-1.569375e-02	-1.204378e-02	-4.325080e-03
950           	OVC	-1.443647e-02	-6.949120e-03	-6.078829e-03
950           	shield_slave	-1.567818e-02	-1.203889e-02	-4.325137e-03
951           	OVC	-1.443591e-02	-6.951656e-03	-6.078976e-03
951           	shield_slave	-1.568143e-02	-1.203922e-02	-4.325073e-03
952           	OVC	-1.443615e-02	-6.953286e-03	-6.079049e-03
952           	shield_slave	-1.569505e-02	-1.204212e-02	-4.325069e-03
953           	OVC	-1.443663e-02	-6.951671e-03	-6.079055e-03
953           	shield_slave	-1.569985e-02	-1.204013e-02	-4.325065e-03
954           	OVC	-1.443589e-02	-6.954959e-03	-6.078921e-03
954           	shield_slave	-1.569772e-02	-1.204032e-02	-4.325099e-03
955           	OVC	-1.443787e-02	-6.949647e-03	-6.078931e-03
955           	shield_slave	-1.570040e-02	-1.203646e-02	-4.325108e-03
956           	OVC	-1.443848e-02	-6.957692e-03	-6.078801e-03
956           	shield_slave	-1.569957e-02	-1.204280e-02	-4.325083e-03
957           	OVC	-1.444313e-02	-6.958686e-03	-6.078870e-03
957           	shield_slave	-1.568173e-02	-1.203524e-02	-4.325079e-03
958           	OVC	-1.444003e-02	-6.963516e-03	-6.078835e-03
958           	shield_slave	-1.567875e-02	-1.202375e-02	-4.325078e-03
959           	OVC	-1.444224e-02	-6.963154e-03	-6.078808e-03
959           	shield_slave	-1.569544e-02	-1.202475e-02	-4.325036e-03
960           	OVC	-1.444217e-02	-6.969708e-03	-6.078953e-03
960           	shield_slave	-1.565961e-02	-1.202880e-02	-4.324996e-03
961           	OVC	-1.444155e-02	-6.965633e-03	-6.079047e-03
961           	shield_slave	-1.567570e-02	-1.203185e-02	-4.324967e-03
962           	OVC	-1.443989e-02	-6.964096e-03	-6.079115e-03
962           	shield_slave	-1.568780e-02	-1.203500e-02	-4.325026e-03
963           	OVC	-1.444289e-02	-6.963206e-03	-6.079131e-03
963           	shield_slave	-1.570715e-02	-1.203632e-02	-4.325020e-03
964           	OVC	-1.444104e-02	-6.962791e-03	-6.079153e-03
964           	shield_slave	-1.569648e-02	-1.203717e-02	-4.325077e-03
965           	OVC	-1.443688e-02	-6.965609e-03	-6.079105e-03
965           	shield_slave	-1.568028e-02	-1.203437e-02	-4.325084e-03
966           	OVC	-1.443956e-02	-6.964652e-03	-6.079107e-03
966           	shield_slave	-1.569025e-02	-1.203240e-02	-4.325078e-03
967           	OVC	-1.443918e-02	-6.970925e-03	-6.079103e-03
967           	shield_slave	-1.567774e-02	-1.203601e-02	-4.325046e-03
968           	OVC	-1.443728e-02	-6.972245e-03	-6.079029e-03
968           	shield_slave	-1.567122e-02	-1.203780e-02	-4.325084e-03
969           	OVC	-1.443658e-02	-6.968760e-03	-6.079041e-03
969           	shield_slave	-1.566581e-02	-1.203830e-02	-4.325091e-03
970           	OVC	-1.443548e-02	-6.974554e-03	-6.078982e-03
970           	shield_slave	-1.566685e-02	-1.203935e-02	-4.325047e-03
971           	OVC	-1.443851e-02	-6.974806e-03	-6.078893e-03
971           	shield_slave	-1.567225e-02	-1.204057e-02	-4.325043e-03
972           	OVC	-1.443811e-02	-6.977579e-03	-6.078824e-03
972           	shield_slave	-1.568653e-02	-1.203962e-02	-4.325056e-03
973           	OVC	-1.443539e-02	-6.976740e-03	-6.078839e-03
973           	shield_slave	-1.569128e-02	-1.204121e-02	-4.325106e-03
974           	OVC	-1.443785e-02	-6.976620e-03	-6.078810e-03
974           	shield_slave	-1.566893e-02	-1.204046e-02	-4.325109e-03
975           	OVC	-1.443630e-02	-6.980852e-03	-6.078934e-03
975           	shield_slave	-1.568756e-02	-1.203869e-02	-4.325106e-03
976           	OVC	-1.444072e-02	-6.981741e-03	-6.078879e-03
976           	shield_slave	-1.572157e-02	-1.204175e-02	-4.325156e-03
977           	OVC	-1.444379e-02	-6.984879e-03	-6.078885e-03
977           	shield_slave	-1.569904e-02	-1.204414e-02	-4.325166e-03
978           	OVC	-1.443893e-02	-6.986698e-03	-6.079008e-03
978           	shield_slave	-1.572725e-02	-1.204814e-02	-4.325109e-03
979           	OVC	-1.444002e-02	-6.984355e-03	-6.078981e-03
979           	shield_slave	-1.572694e-02	-1.204809e-02	-4.325104e-03
980           	OVC	-1.443919e-02	-6.982774e-03	-6.078967e-03
980           	shield_slave	-1.572146e-02	-1.204770e-02	-4.325112e-03
981           	OVC	-1.444178e-02	-6.982350e-03	-6.078972e-03
981           	shield_slave	-1.570836e-02	-1.204742e-02	-4.325042e-03
982           	OVC	-1.443796e-02	-6.980517e-03	-6.079042e-03
982           	shield_slave	-1.568221e-02	-1.204903e-02	-4.325022e-03
983           	OVC	-1.444347e-02	-6.978974e-03	-6.079141e-03
983           	shield_slave	-1.565557e-02	-1.205099e-02	-4.324934e-03
984           	OVC	-1.443760e-02	-6.976014e-03	-6.079135e-03
984           	shield_slave	-1.564174e-02	-1.205303e-02	-4.324862e-03
985           	OVC	-1.443182e-02	-6.976448e-03	-6.079123e-03
985           	shield_slave	-1.565055e-02	-1.205372e-02	-4.324903e-03
986           	OVC	-1.443414e-02	-6.978204e-03	-6.079058e-03
986           	shield_slave	-1.565219e-02	-1.205416e-02	-4.324938e-03
987           	OVC	-1.443932e-02	-6.978133e-03	-6.079093e-03
987           	shield_slave	-1.565355e-02	-1.205649e-02	-4.324942e-03
988           	OVC	-1.443678e-02	-6.975521e-03	-6.079136e-03
988           	shield_slave	-1.565307e-02	-1.205781e-02	-4.324915e-03
989           	OVC	-1.443676e-02	-6.977718e-03	-6.079053e-03
989           	shield_slave	-1.563125e-02	-1.205875e-02	-4.324920e-03
990           	OVC	-1.443840e-02	-6.976773e-03	-6.079165e-03
990           	shield_slave	-1.564828e-02	-1.205990e-02	-4.324911e-03
991           	OVC	-1.443984e-02	-6.975536e-03	-6.079113e-03
991           	shield_slave	-1.562693e-02	-1.206330e-02	-4.324923e-03
992           	OVC	-1.443708e-02	-6.972139e-03	-6.079202e-03
992           	shield_slave	-1.564186e-02	-1.206345e-02	-4.324892e-03
993           	OVC	-1.443932e-02	-6.972426e-03	-6.079214e-03
993           	shield_slave	-1.564588e-02	-1.206392e-02	-4.324897e-03
994           	OVC	-1.444220e-02	-6.968102e-03	-6.079196e-03
994           	shield_slave	-1.564947e-02	-1.206563e-02	-4.324949e-03
995           	OVC	-1.444685e-02	-6.966312e-03	-6.079201e-03
995           	shield_slave	-1.566155e-02	-1.206610e-02	-4.325036e-03
996           	OVC	-1.444386e-02	-6.968509e-03	-6.079284e-03
996           	shield_slave	-1.567056e-02	-1.206503e-02	-4.324967e-03
997           	OVC	-1.444505e-02	-6.968368e-03	-6.079364e-03
997           	shield_slave	-1.570803e-02	-1.206555e-02	-4.324966e-03
998           	OVC	-1.444582e-02	-6.967592e-03	-6.079382e-03
998           	shield_slave	-1.566840e-02	-1.206760e-02	-4.324931e-03
999           	OVC	-1.444141e-02	-6.968898e-03	-6.079371e-03
999           	shield_slave	-1.565866e-02	-1.206891e-02	-4.324919e-03
1000          	OVC	-1.443903e-02	-6.969814e-03	-6.079370e-03
1000          	shield_slave	-1.562977e-02	-1.206951e-02	-4.324900e-03
1001          	OVC	-1.444374e-02	-6.969559e-03	-6.079328e-03
1001          	shield_slave	-1.569299e-02	-1.206791e-02	-4.324968e-03
1002          	OVC	-1.444293e-02	-6.969493e-03	-6.079331e-03
1002          	shield_slave	-1.569788e-02	-1.207028e-02	-4.324927e-03
1003          	OVC	-1.444460e-02	-6.969467e-03	-6.079284e-03
1003          	shield_slave	-1.571320e-02	-1.207129e-02	-4.324913e-03
1004          	OVC	-1.444001e-02	-6.964550e-03	-6.079294e-03
1004          	shield_slave	-1.571556e-02	-1.207234e-02	-4.324915e-03
1005          	OVC	-1.443962e-02	-6.961575e-03	-6.079318e-03
1005          	shield_slave	-1.571566e-02	-1.207089e-02	-4.324975e-03
1006          	OVC	-1.443900e-02	-6.960776e-03	-6.079374e-03
1006          	shield_slave	-1.570227e-02	-1.207099e-02	-4.324953e-03
1007          	OVC	-1.444167e-02	-6.959380e-03	-6.079398e-03
1007          	shield_slave	-1.572997e-02	-1.207046e-02	-4.324980e-03
1008          	OVC	-1.444094e-02	-6.958678e-03	-6.079364e-03
1008          	shield_slave	-1.573229e-02	-1.207117e-02	-4.324936e-03
1009          	OVC	-1.444096e-02	-6.958959e-03	-6.079331e-03
1009          	shield_slave	-1.574834e-02	-1.207153e-02	-4.324910e-03
1010          	OVC	-1.444436e-02	-6.957788e-03	-6.079338e-03
1010          	shield_slave	-1.574320e-02	-1.207091e-02	-4.324930e-03
1011          	OVC	-1.444538e-02	-6.957548e-03	-6.079407e-03
1011          	shield_slave	-1.570224e-02	-1.207042e-02	-4.324827e-03
1012          	OVC	-1.444521e-02	-6.955597e-03	-6.079285e-03
1012          	shield_slave	-1.573485e-02	-1.207444e-02	-4.324848e-03
1013          	OVC	-1.444558e-02	-6.954597e-03	-6.079309e-03
1013          	shield_slave	-1.574909e-02	-1.207804e-02	-4.324808e-03
1014          	OVC	-1.444434e-02	-6.953454e-03	-6.079286e-03
1014          	shield_slave	-1.575128e-02	-1.207952e-02	-4.324797e-03
1015          	OVC	-1.444391e-02	-6.952338e-03	-6.079355e-03
1015          	shield_slave	-1.571993e-02	-1.207704e-02	-4.324767e-03
1016          	OVC	-1.444531e-02	-6.953022e-03	-6.079340e-03
1016          	shield_slave	-1.575964e-02	-1.207959e-02	-4.324753e-03
1017          	OVC	-1.444404e-02	-6.950527e-03	-6.079345e-03
1017          	shield_slave	-1.578118e-02	-1.207886e-02	-4.324749e-03
1018          	OVC	-1.444345e-02	-6.953010e-03	-6.079395e-03
1018          	shield_slave	-1.573830e-02	-1.207954e-02	-4.324697e-03
1019          	OVC	-1.444426e-02	-6.950807e-03	-6.079347e-03
1019          	shield_slave	-1.578021e-02	-1.207960e-02	-4.324738e-03
1020          	OVC	-1.444728e-02	-6.951577e-03	-6.079382e-03
1020          	shield_slave	-1.582474e-02	-1.208076e-02	-4.324817e-03
1021          	OVC	-1.444583e-02	-6.949804e-03	-6.079333e-03
1021          	shield_slave	-1.585066e-02	-1.208117e-02	-4.324830e-03
1022          	OVC	-1.444765e-02	-6.949489e-03	-6.079343e-03
1022          	shield_slave	-1.583974e-02	-1.207800e-02	-4.324816e-03
1023          	OVC	-1.444679e-02	-6.949863e-03	-6.079290e-03
1023          	shield_slave	-1.583272e-02	-1.207794e-02	-4.324758e-03
1024          	OVC	-1.444339e-02	-6.949541e-03	-6.079297e-03
1024          	shield_slave	-1.583109e-02	-1.207635e-02	-4.324697e-03
1025          	OVC	-1.444365e-02	-6.949041e-03	-6.079307e-03
1025          	shield_slave	-1.579315e-02	-1.207358e-02	-4.324714e-03
1026          	OVC	-1.444435e-02	-6.949380e-03	-6.079326e-03
1026          	shield_slave	-1.577332e-02	-1.207331e-02	-4.324725e-03
1027          	OVC	-1.444552e-02	-6.950261e-03	-6.079316e-03
1027          	shield_slave	-1.574900e-02	-1.207529e-02	-4.324749e-03
1028          	OVC	-1.444554e-02	-6.948850e-03	-6.079404e-03
1028          	shield_slave	-1.577879e-02	-1.207368e-02	-4.324731e-03
1029          	OVC	-1.444445e-02	-6.948957e-03	-6.079435e-03
1029          	shield_slave	-1.576280e-02	-1.207237e-02	-4.324691e-03
1030          	OVC	-1.444621e-02	-6.948622e-03	-6.079404e-03
1030          	shield_slave	-1.572411e-02	-1.207314e-02	-4.324751e-03
1031          	OVC	-1.444712e-02	-6.947152e-03	-6.079426e-03
1031          	shield_slave	-1.572117e-02	-1.207205e-02	-4.324701e-03
1032          	OVC	-1.444755e-02	-6.946198e-03	-6.079416e-03
1032          	shield_slave	-1.577758e-02	-1.207272e-02	-4.324669e-03
1033          	OVC	-1.444826e-02	-6.946374e-03	-6.079399e-03
1033          	shield_slave	-1.574019e-02	-1.207164e-02	-4.324671e-03
1034          	OVC	-1.444695e-02	-6.946457e-03	-6.079330e-03
1034          	shield_slave	-1.572364e-02	-1.207203e-02	-4.324674e-03
1035          	OVC	-1.444593e-02	-6.947906e-03	-6.079356e-03
1035          	shield_slave	-1.572959e-02	-1.207022e-02	-4.324654e-03
1036          	OVC	-1.444798e-02	-6.948270e-03	-6.079424e-03
1036          	shield_slave	-1.569925e-02	-1.207007e-02	-4.324622e-03
1037          	OVC	-1.444650e-02	-6.948366e-03	-6.079477e-03
1037          	shield_slave	-1.571830e-02	-1.206879e-02	-4.324608e-03
1038          	OVC	-1.444711e-02	-6.947021e-03	-6.079423e-03
1038          	shield_slave	-1.572472e-02	-1.206936e-02	-4.324671e-03
1039          	OVC	-1.444568e-02	-6.945988e-03	-6.079519e-03
1039          	shield_slave	-1.571292e-02	-1.207043e-02	-4.324699e-03
1040          	OVC	-1.444380e-02	-6.945352e-03	-6.079472e-03
1040          	shield_slave	-1.570487e-02	-1.207020e-02	-4.324712e-03
1041          	OVC	-1.444324e-02	-6.945620e-03	-6.079430e-03
1041          	shield_slave	-1.569691e-02	-1.206884e-02	-4.324759e-03
1042          	OVC	-1.444356e-02	-6.945896e-03	-6.079337e-03
1042          	shield_slave	-1.569517e-02	-1.206775e-02	-4.324740e-03
1043          	OVC	-1.444130e-02	-6.944491e-03	-6.079347e-03
1043          	shield_slave	-1.568759e-02	-1.206653e-02	-4.324706e-03
1044          	OVC	-1.444218e-02	-6.943272e-03	-6.079372e-03
1044          	shield_slave	-1.568549e-02	-1.206667e-02	-4.324647e-03
1045          	OVC	-1.444284e-02	-6.945358e-03	-6.079361e-03
1045          	shield_slave	-1.569833e-02	-1.206465e-02	-4.324632e-03
1046          	OVC	-1.444283e-02	-6.945604e-03	-6.079309e-03
1046          	shield_slave	-1.570689e-02	-1.206090e-02	-4.324607e-03
1047          	OVC	-1.444394e-02	-6.946447e-03	-6.079375e-03
1047          	shield_slave	-1.569206e-02	-1.205975e-02	-4.324620e-03
1048          	OVC	-1.444349e-02	-6.947262e-03	-6.079413e-03
1048          	shield_slave	-1.568406e-02	-1.206043e-02	-4.324635e-03
1049          	OVC	-1.444191e-02	-6.945582e-03	-6.079402e-03
1049          	shield_slave	-1.569206e-02	-1.206204e-02	-4.324629e-03
1050          	OVC	-1.444147e-02	-6.945238e-03	-6.079335e-03
1050          	shield_slave	-1.568988e-02	-1.206168e-02	-4.324615e-03
1051          	OVC	-1.444026e-02	-6.944438e-03	-6.079321e-03
1051          	shield_slave	-1.566940e-02	-1.205917e-02	-4.324587e-03
1052          	OVC	-1.444141e-02	-6.945412e-03	-6.079318e-03
1052          	shield_slave	-1.566106e-02	-1.206113e-02	-4.324554e-03
1053          	OVC	-1.444147e-02	-6.944934e-03	-6.079299e-03
1053          	shield_slave	-1.568749e-02	-1.206014e-02	-4.324620e-03
1054          	OVC	-1.444101e-02	-6.944433e-03	-6.079353e-03
1054          	shield_slave	-1.570598e-02	-1.206006e-02	-4.324566e-03
1055          	OVC	-1.444046e-02	-6.945289e-03	-6.079262e-03
1055          	shield_slave	-1.569610e-02	-1.205853e-02	-4.324555e-03
1056          	OVC	-1.444097e-02	-6.943807e-03	-6.079282e-03
1056          	shield_slave	-1.570209e-02	-1.205612e-02	-4.324573e-03
1057          	OVC	-1.444173e-02	-6.943248e-03	-6.079256e-03
1057          	shield_slave	-1.569980e-02	-1.205511e-02	-4.324567e-03
1058          	OVC	-1.444055e-02	-6.942237e-03	-6.079185e-03
1058          	shield_slave	-1.571451e-02	-1.205493e-02	-4.324600e-03
1059          	OVC	-1.443900e-02	-6.942273e-03	-6.079249e-03
1059          	shield_slave	-1.571516e-02	-1.205265e-02	-4.324601e-03
1060          	OVC	-1.443872e-02	-6.942097e-03	-6.079283e-03
1060          	shield_slave	-1.570243e-02	-1.205115e-02	-4.324594e-03
1061          	OVC	-1.443814e-02	-6.944123e-03	-6.079296e-03
1061          	shield_slave	-1.571010e-02	-1.205019e-02	-4.324594e-03
1062          	OVC	-1.443896e-02	-6.944750e-03	-6.079371e-03
1062          	shield_slave	-1.569967e-02	-1.204764e-02	-4.324615e-03
1063          	OVC	-1.443924e-02	-6.945438e-03	-6.079408e-03
1063          	shield_slave	-1.570816e-02	-1.204672e-02	-4.324590e-03
1064          	OVC	-1.444070e-02	-6.943705e-03	-6.079435e-03
1064          	shield_slave	-1.570284e-02	-1.204666e-02	-4.324595e-03
1065          	OVC	-1.443971e-02	-6.945347e-03	-6.079405e-03
1065          	shield_slave	-1.571613e-02	-1.204498e-02	-4.324581e-03
1066          	OVC	-1.444047e-02	-6.945479e-03	-6.079447e-03
1066          	shield_slave	-1.570156e-02	-1.204641e-02	-4.324639e-03
1067          	OVC	-1.443991e-02	-6.945256e-03	-6.079376e-03
1067          	shield_slave	-1.568985e-02	-1.204556e-02	-4.324659e-03
1068          	OVC	-1.443865e-02	-6.944091e-03	-6.079262e-03
1068          	shield_slave	-1.570529e-02	-1.204441e-02	-4.324635e-03
1069          	OVC	-1.443867e-02	-6.945518e-03	-6.079321e-03
1069          	shield_slave	-1.569502e-02	-1.204402e-02	-4.324665e-03
1070          	OVC	-1.443826e-02	-6.945032e-03	-6.079266e-03
1070          	shield_slave	-1.569587e-02	-1.204367e-02	-4.324714e-03
1071          	OVC	-1.443787e-02	-6.945835e-03	-6.079329e-03
1071          	shield_slave	-1.571270e-02	-1.204322e-02	-4.324677e-03
1072          	OVC	-1.443884e-02	-6.944611e-03	-6.079296e-03
1072          	shield_slave	-1.571593e-02	-1.204096e-02	-4.324661e-03
1073          	OVC	-1.444078e-02	-6.945272e-03	-6.079340e-03
1073          	shield_slave	-1.571290e-02	-1.203875e-02	-4.324614e-03
1074          	OVC	-1.444278e-02	-6.944485e-03	-6.079266e-03
1074          	shield_slave	-1.571899e-02	-1.203870e-02	-4.324600e-03
1075          	OVC	-1.444373e-02	-6.946546e-03	-6.079220e-03
1075          	shield_slave	-1.570523e-02	-1.203657e-02	-4.324655e-03
1076          	OVC	-1.444192e-02	-6.946938e-03	-6.079167e-03
1076          	shield_slave	-1.570229e-02	-1.203663e-02	-4.324656e-03
1077          	OVC	-1.444201e-02	-6.946962e-03	-6.079248e-03
1077          	shield_slave	-1.569272e-02	-1.203556e-02	-4.324669e-03
1078          	OVC	-1.444191e-02	-6.945525e-03	-6.079252e-03
1078          	shield_slave	-1.568646e-02	-1.203520e-02	-4.324674e-03
1079          	OVC	-1.444010e-02	-6.944141e-03	-6.079225e-03
1079          	shield_slave	-1.568993e-02	-1.203483e-02	-4.324633e-03
1080          	OVC	-1.444041e-02	-6.946281e-03	-6.079246e-03
1080          	shield_slave	-1.571829e-02	-1.203542e-02	-4.324554e-03
1081          	OVC	-1.444092e-02	-6.944939e-03	-6.079210e-03
1081          	shield_slave	-1.573923e-02	-1.203426e-02	-4.324575e-03
1082          	OVC	-1.444072e-02	-6.944336e-03	-6.079293e-03
1082          	shield_slave	-1.575540e-02	-1.203461e-02	-4.324594e-03
1083          	OVC	-1.444036e-02	-6.943202e-03	-6.079275e-03
1083          	shield_slave	-1.575296e-02	-1.203390e-02	-4.324649e-03
1084          	OVC	-1.444005e-02	-6.943497e-03	-6.079303e-03
1084          	shield_slave	-1.574873e-02	-1.203525e-02	-4.324677e-03
1085          	OVC	-1.443987e-02	-6.945644e-03	-6.079324e-03
1085          	shield_slave	-1.571343e-02	-1.203394e-02	-4.324646e-03
1086          	OVC	-1.443978e-02	-6.945269e-03	-6.079271e-03
1086          	shield_slave	-1.570123e-02	-1.203394e-02	-4.324641e-03
1087          	OVC	-1.443932e-02	-6.945248e-03	-6.079292e-03
1087          	shield_slave	-1.571262e-02	-1.203356e-02	-4.324680e-03
1088          	OVC	-1.444041e-02	-6.946122e-03	-6.079274e-03
1088          	shield_slave	-1.570339e-02	-1.203242e-02	-4.324630e-03
1089          	OVC	-1.444164e-02	-6.947669e-03	-6.079275e-03
1089          	shield_slave	-1.570445e-02	-1.203195e-02	-4.324644e-03
1090          	OVC	-1.444090e-02	-6.946838e-03	-6.079230e-03
1090          	shield_slave	-1.568972e-02	-1.203367e-02	-4.324674e-03
1091          	OVC	-1.444231e-02	-6.946015e-03	-6.079271e-03
1091          	shield_slave	-1.569345e-02	-1.203270e-02	-4.324626e-03
1092          	OVC	-1.444267e-02	-6.946524e-03	-6.079288e-03
1092          	shield_slave	-1.568274e-02	-1.203356e-02	-4.324634e-03
1093          	OVC	-1.444145e-02	-6.948259e-03	-6.079277e-03
1093          	shield_slave	-1.569273e-02	-1.203308e-02	-4.324618e-03
1094          	OVC	-1.444204e-02	-6.947746e-03	-6.079321e-03
1094          	shield_slave	-1.569187e-02	-1.203201e-02	-4.324559e-03
1095          	OVC	-1.444104e-02	-6.948217e-03	-6.079305e-03
1095          	shield_slave	-1.572793e-02	-1.203327e-02	-4.324517e-03
1096          	OVC	-1.444196e-02	-6.946381e-03	-6.079427e-03
1096          	shield_slave	-1.571693e-02	-1.203124e-02	-4.324502e-03
1097          	OVC	-1.444231e-02	-6.944997e-03	-6.079437e-03
1097          	shield_slave	-1.571879e-02	-1.203100e-02	-4.324422e-03
1098          	OVC	-1.444115e-02	-6.946062e-03	-6.079399e-03
1098          	shield_slave	-1.570913e-02	-1.202940e-02	-4.324430e-03
1099          	OVC	-1.444205e-02	-6.947588e-03	-6.079379e-03
1099          	shield_slave	-1.570441e-02	-1.203020e-02	-4.324397e-03
1100          	OVC	-1.443918e-02	-6.947812e-03	-6.079332e-03
1100          	shield_slave	-1.570505e-02	-1.203096e-02	-4.324447e-03
1101          	OVC	-1.443728e-02	-6.948067e-03	-6.079290e-03
1101          	shield_slave	-1.569075e-02	-1.202938e-02	-4.324404e-03
1102          	OVC	-1.443836e-02	-6.946773e-03	-6.079252e-03
1102          	shield_slave	-1.566827e-02	-1.202914e-02	-4.324425e-03
1103          	OVC	-1.444029e-02	-6.944818e-03	-6.079243e-03
1103          	shield_slave	-1.567019e-02	-1.202721e-02	-4.324448e-03
1104          	OVC	-1.443933e-02	-6.945601e-03	-6.079274e-03
1104          	shield_slave	-1.568607e-02	-1.202666e-02	-4.324447e-03
1105          	OVC	-1.443837e-02	-6.947869e-03	-6.079178e-03
1105          	shield_slave	-1.567139e-02	-1.202600e-02	-4.324434e-03
1106          	OVC	-1.443944e-02	-6.947384e-03	-6.079257e-03
1106          	shield_slave	-1.569058e-02	-1.202614e-02	-4.324454e-03
1107          	OVC	-1.443912e-02	-6.945514e-03	-6.079248e-03
1107          	shield_slave	-1.567526e-02	-1.202655e-02	-4.324409e-03
1108          	OVC	-1.443812e-02	-6.946049e-03	-6.079201e-03
1108          	shield_slave	-1.567436e-02	-1.202662e-02	-4.324364e-03
1109          	OVC	-1.443768e-02	-6.946131e-03	-6.079177e-03
1109          	shield_slave	-1.566970e-02	-1.202761e-02	-4.324407e-03
1110          	OVC	-1.443838e-02	-6.947377e-03	-6.079223e-03
1110          	shield_slave	-1.566125e-02	-1.202696e-02	-4.324367e-03
1111          	OVC	-1.443780e-02	-6.946012e-03	-6.079190e-03
1111          	shield_slave	-1.567715e-02	-1.202715e-02	-4.324389e-03
1112          	OVC	-1.443663e-02	-6.946886e-03	-6.079197e-03
1112          	shield_slave	-1.567897e-02	-1.202711e-02	-4.324392e-03
1113          	OVC	-1.443806e-02	-6.947277e-03	-6.079149e-03
1113          	shield_slave	-1.570013e-02	-1.202727e-02	-4.324425e-03
1114          	OVC	-1.443933e-02	-6.947985e-03	-6.079112e-03
1114          	shield_slave	-1.569646e-02	-1.202783e-02	-4.324422e-03
1115          	OVC	-1.443851e-02	-6.947955e-03	-6.079157e-03
1115          	shield_slave	-1.570686e-02	-1.202811e-02	-4.324429e-03
1116          	OVC	-1.443854e-02	-6.948613e-03	-6.079141e-03
1116          	shield_slave	-1.569850e-02	-1.202782e-02	-4.324412e-03
1117          	OVC	-1.443775e-02	-6.949663e-03	-6.079215e-03
1117          	shield_slave	-1.570481e-02	-1.202715e-02	-4.324389e-03
1118          	OVC	-1.443648e-02	-6.948816e-03	-6.079192e-03
1118          	shield_slave	-1.569174e-02	-1.202586e-02	-4.324439e-03
1119          	OVC	-1.443728e-02	-6.949971e-03	-6.079214e-03
1119          	shield_slave	-1.567901e-02	-1.202581e-02	-4.324410e-03
1120          	OVC	-1.443674e-02	-6.948337e-03	-6.079172e-03
1120          	shield_slave	-1.565624e-02	-1.202560e-02	-4.324383e-03
1121          	OVC	-1.443689e-02	-6.949241e-03	-6.079160e-03
1121          	shield_slave	-1.565005e-02	-1.202504e-02	-4.324378e-03
1122          	OVC	-1.443546e-02	-6.950066e-03	-6.079261e-03
1122          	shield_slave	-1.564091e-02	-1.202471e-02	-4.324387e-03
1123          	OVC	-1.443578e-02	-6.949329e-03	-6.079320e-03
1123          	shield_slave	-1.564648e-02	-1.202547e-02	-4.324346e-03
1124          	OVC	-1.443701e-02	-6.947915e-03	-6.079333e-03
1124          	shield_slave	-1.562679e-02	-1.202653e-02	-4.324258e-03
1125          	OVC	-1.443713e-02	-6.946157e-03	-6.079320e-03
1125          	shield_slave	-1.561951e-02	-1.202554e-02	-4.324243e-03
1126          	OVC	-1.443530e-02	-6.946904e-03	-6.079279e-03
1126          	shield_slave	-1.563571e-02	-1.202575e-02	-4.324219e-03
1127          	OVC	-1.443632e-02	-6.946273e-03	-6.079285e-03
1127          	shield_slave	-1.563698e-02	-1.202628e-02	-4.324269e-03
1128          	OVC	-1.443721e-02	-6.947802e-03	-6.079291e-03
1128          	shield_slave	-1.564240e-02	-1.202627e-02	-4.324313e-03
1129          	OVC	-1.443756e-02	-6.949229e-03	-6.079183e-03
1129          	shield_slave	-1.562591e-02	-1.202604e-02	-4.324359e-03
1130          	OVC	-1.443732e-02	-6.948684e-03	-6.079224e-03
1130          	shield_slave	-1.563622e-02	-1.202674e-02	-4.324333e-03
1131          	OVC	-1.443637e-02	-6.948239e-03	-6.079310e-03
1131          	shield_slave	-1.563542e-02	-1.202605e-02	-4.324306e-03
1132          	OVC	-1.443664e-02	-6.950980e-03	-6.079270e-03
1132          	shield_slave	-1.564036e-02	-1.202622e-02	-4.324388e-03
1133          	OVC	-1.443637e-02	-6.950055e-03	-6.079286e-03
1133          	shield_slave	-1.565350e-02	-1.202640e-02	-4.324365e-03
1134          	OVC	-1.443585e-02	-6.948276e-03	-6.079274e-03
1134          	shield_slave	-1.565858e-02	-1.202727e-02	-4.324340e-03
1135          	OVC	-1.443472e-02	-6.949476e-03	-6.079188e-03
1135          	shield_slave	-1.565402e-02	-1.202790e-02	-4.324386e-03
1136          	OVC	-1.443457e-02	-6.949427e-03	-6.079160e-03
1136          	shield_slave	-1.565747e-02	-1.202757e-02	-4.324365e-03
1137          	OVC	-1.443407e-02	-6.950654e-03	-6.079127e-03
1137          	shield_slave	-1.566524e-02	-1.202707e-02	-4.324353e-03
1138          	OVC	-1.443429e-02	-6.951339e-03	-6.079074e-03
1138          	shield_slave	-1.566017e-02	-1.202780e-02	-4.324380e-03
1139          	OVC	-1.443444e-02	-6.950757e-03	-6.079057e-03
1139          	shield_slave	-1.567389e-02	-1.202679e-02	-4.324389e-03
1140          	OVC	-1.443320e-02	-6.952431e-03	-6.079016e-03
1140          	shield_slave	-1.568495e-02	-1.202661e-02	-4.324466e-03
1141          	OVC	-1.443324e-02	-6.952514e-03	-6.079050e-03
1141          	shield_slave	-1.569738e-02	-1.202589e-02	-4.324449e-03
1142          	OVC	-1.443444e-02	-6.952192e-03	-6.079111e-03
1142          	shield_slave	-1.568461e-02	-1.202503e-02	-4.324510e-03
1143          	OVC	-1.443507e-02	-6.953635e-03	-6.079131e-03
1143          	shield_slave	-1.567246e-02	-1.202504e-02	-4.324505e-03
1144          	OVC	-1.443491e-02	-6.953527e-03	-6.079180e-03
1144          	shield_slave	-1.566351e-02	-1.202475e-02	-4.324441e-03
1145          	OVC	-1.443421e-02	-6.953771e-03	-6.079224e-03
1145          	shield_slave	-1.566258e-02	-1.202454e-02	-4.324448e-03
1146          	OVC	-1.443431e-02	-6.953713e-03	-6.079364e-03
1146          	shield_slave	-1.567272e-02	-1.202571e-02	-4.324394e-03
1147          	OVC	-1.443384e-02	-6.953133e-03	-6.079247e-03
1147          	shield_slave	-1.566032e-02	-1.202582e-02	-4.324482e-03
1148          	OVC	-1.443435e-02	-6.953531e-03	-6.079214e-03
1148          	shield_slave	-1.565998e-02	-1.202641e-02	-4.324422e-03
1149          	OVC	-1.443421e-02	-6.954108e-03	-6.079269e-03
1149          	shield_slave	-1.565110e-02	-1.202647e-02	-4.324425e-03
1150          	OVC	-1.443474e-02	-6.954005e-03	-6.079266e-03
1150          	shield_slave	-1.565312e-02	-1.202561e-02	-4.324438e-03
1151          	OVC	-1.443452e-02	-6.954658e-03	-6.079212e-03
1151          	shield_slave	-1.566302e-02	-1.202577e-02	-4.324463e-03
1152          	OVC	-1.443481e-02	-6.955448e-03	-6.079157e-03
1152          	shield_slave	-1.565859e-02	-1.202583e-02	-4.324432e-03
1153          	OVC	-1.443409e-02	-6.955548e-03	-6.079224e-03
1153          	shield_slave	-1.566194e-02	-1.202534e-02	-4.324458e-03
1154          	OVC	-1.443376e-02	-6.955698e-03	-6.079228e-03
1154          	shield_slave	-1.566017e-02	-1.202541e-02	-4.324462e-03
1155          	OVC	-1.443388e-02	-6.957083e-03	-6.079214e-03
1155          	shield_slave	-1.567985e-02	-1.202629e-02	-4.324480e-03
1156          	OVC	-1.443587e-02	-6.956060e-03	-6.079275e-03
1156          	shield_slave	-1.568009e-02	-1.202735e-02	-4.324497e-03
1157          	OVC	-1.443567e-02	-6.954986e-03	-6.079445e-03
1157          	shield_slave	-1.568623e-02	-1.202811e-02	-4.324524e-03
1158          	OVC	-1.443633e-02	-6.954452e-03	-6.079429e-03
1158          	shield_slave	-1.567373e-02	-1.202803e-02	-4.324457e-03
1159          	OVC	-1.443537e-02	-6.955257e-03	-6.079364e-03
1159          	shield_slave	-1.566552e-02	-1.202861e-02	-4.324468e-03
1160          	OVC	-1.443558e-02	-6.954749e-03	-6.079314e-03
1160          	shield_slave	-1.566404e-02	-1.202697e-02	-4.324471e-03
1161          	OVC	-1.443576e-02	-6.955953e-03	-6.079336e-03
1161          	shield_slave	-1.568606e-02	-1.202766e-02	-4.324361e-03
1162          	OVC	-1.443513e-02	-6.956772e-03	-6.079297e-03
1162          	shield_slave	-1.566893e-02	-1.202791e-02	-4.324345e-03
1163          	OVC	-1.443445e-02	-6.957541e-03	-6.079222e-03
1163          	shield_slave	-1.566645e-02	-1.202746e-02	-4.324396e-03
1164          	OVC	-1.443442e-02	-6.958016e-03	-6.079247e-03
1164          	shield_slave	-1.566538e-02	-1.202799e-02	-4.324364e-03
1165          	OVC	-1.443503e-02	-6.958191e-03	-6.079278e-03
1165          	shield_slave	-1.566645e-02	-1.202850e-02	-4.324333e-03
1166          	OVC	-1.443499e-02	-6.957875e-03	-6.079232e-03
1166          	shield_slave	-1.565733e-02	-1.202817e-02	-4.324308e-03
1167          	OVC	-1.443573e-02	-6.958442e-03	-6.079245e-03
1167          	shield_slave	-1.567669e-02	-1.202864e-02	-4.324334e-03
1168          	OVC	-1.443458e-02	-6.957400e-03	-6.079210e-03
1168          	shield_slave	-1.568674e-02	-1.202890e-02	-4.324276e-03
1169          	OVC	-1.443374e-02	-6.957028e-03	-6.079194e-03
1169          	shield_slave	-1.568140e-02	-1.202990e-02	-4.324291e-03
1170          	OVC	-1.443410e-02	-6.957986e-03	-6.079150e-03
1170          	shield_slave	-1.567752e-02	-1.203023e-02	-4.324309e-03
1171          	OVC	-1.443476e-02	-6.958190e-03	-6.079293e-03
1171          	shield_slave	-1.567905e-02	-1.203177e-02	-4.324329e-03
1172          	OVC	-1.443461e-02	-6.957853e-03	-6.079321e-03
1172          	shield_slave	-1.567519e-02	-1.203284e-02	-4.324361e-03
1173          	OVC	-1.443363e-02	-6.956683e-03	-6.079205e-03
1173          	shield_slave	-1.567703e-02	-1.203338e-02	-4.324369e-03
1174          	OVC	-1.443496e-02	-6.956170e-03	-6.079202e-03
1174          	shield_slave	-1.566463e-02	-1.203306e-02	-4.324375e-03
1175          	OVC	-1.443430e-02	-6.957414e-03	-6.079344e-03
1175          	shield_slave	-1.565757e-02	-1.203348e-02	-4.324389e-03
1176          	OVC	-1.443453e-02	-6.958998e-03	-6.079237e-03
1176          	shield_slave	-1.566578e-02	-1.203267e-02	-4.324428e-03
1177          	OVC	-1.443517e-02	-6.959163e-03	-6.079350e-03
1177          	shield_slave	-1.568756e-02	-1.203208e-02	-4.324396e-03
1178          	OVC	-1.443320e-02	-6.958687e-03	-6.079309e-03
1178          	shield_slave	-1.570009e-02	-1.203228e-02	-4.324291e-03
1179          	OVC	-1.443416e-02	-6.958386e-03	-6.079348e-03
1179          	shield_slave	-1.571202e-02	-1.203175e-02	-4.324250e-03
1180          	OVC	-1.443407e-02	-6.958264e-03	-6.079356e-03
1180          	shield_slave	-1.568484e-02	-1.203199e-02	-4.324227e-03
1181          	OVC	-1.443436e-02	-6.959509e-03	-6.079323e-03
1181          	shield_slave	-1.568336e-02	-1.203264e-02	-4.324240e-03
1182          	OVC	-1.443365e-02	-6.960992e-03	-6.079357e-03
1182          	shield_slave	-1.567768e-02	-1.203281e-02	-4.324249e-03
1183          	OVC	-1.443453e-02	-6.960834e-03	-6.079357e-03
1183          	shield_slave	-1.567359e-02	-1.203181e-02	-4.324236e-03
1184          	OVC	-1.443430e-02	-6.961155e-03	-6.079178e-03
1184          	shield_slave	-1.565498e-02	-1.203138e-02	-4.324293e-03
1185          	OVC	-1.443559e-02	-6.961606e-03	-6.079072e-03
1185          	shield_slave	-1.565796e-02	-1.203186e-02	-4.324346e-03
1186          	OVC	-1.443452e-02	-6.963658e-03	-6.079139e-03
1186          	shield_slave	-1.566578e-02	-1.203186e-02	-4.324359e-03
1187          	OVC	-1.443456e-02	-6.963658e-03	-6.079132e-03
1187          	shield_slave	-1.566088e-02	-1.203228e-02	-4.324370e-03
1188          	OVC	-1.443467e-02	-6.963214e-03	-6.079007e-03
1188          	shield_slave	-1.565362e-02	-1.203181e-02	-4.324418e-03
1189          	OVC	-1.443477e-02	-6.963807e-03	-6.078950e-03
1189          	shield_slave	-1.565489e-02	-1.203297e-02	-4.324373e-03
1190          	OVC	-1.443519e-02	-6.962797e-03	-6.079061e-03
1190          	shield_slave	-1.567404e-02	-1.203366e-02	-4.324395e-03
1191          	OVC	-1.443482e-02	-6.962610e-03	-6.079137e-03
1191          	shield_slave	-1.568716e-02	-1.203270e-02	-4.324365e-03
1192          	OVC	-1.443531e-02	-6.962018e-03	-6.079168e-03
1192          	shield_slave	-1.568268e-02	-1.203359e-02	-4.324341e-03
1193          	OVC	-1.443526e-02	-6.962841e-03	-6.079249e-03
1193          	shield_slave	-1.568242e-02	-1.203407e-02	-4.324341e-03
1194          	OVC	-1.443476e-02	-6.961477e-03	-6.079239e-03
1194          	shield_slave	-1.568588e-02	-1.203491e-02	-4.324346e-03
1195          	OVC	-1.443460e-02	-6.961383e-03	-6.079305e-03
1195          	shield_slave	-1.567693e-02	-1.203536e-02	-4.324326e-03
1196          	OVC	-1.443479e-02	-6.961763e-03	-6.079200e-03
1196          	shield_slave	-1.567793e-02	-1.203565e-02	-4.324344e-03
1197          	OVC	-1.443457e-02	-6.962768e-03	-6.079222e-03
1197          	shield_slave	-1.568468e-02	-1.203543e-02	-4.324387e-03
1198          	OVC	-1.443442e-02	-6.962139e-03	-6.079147e-03
1198          	shield_slave	-1.567383e-02	-1.203602e-02	-4.324417e-03
1199          	OVC	-1.443574e-02	-6.961655e-03	-6.079136e-03
1199          	shield_slave	-1.566535e-02	-1.203516e-02	-4.324448e-03
1200          	OVC	-1.443607e-02	-6.961553e-03	-6.079131e-03
1200          	shield_slave	-1.567631e-02	-1.203622e-02	-4.324467e-03
1201          	OVC	-1.443527e-02	-6.963119e-03	-6.078996e-03
1201          	shield_slave	-1.566275e-02	-1.203661e-02	-4.324422e-03
1202          	OVC	-1.443641e-02	-6.964102e-03	-6.079112e-03
1202          	shield_slave	-1.567007e-02	-1.203602e-02	-4.324435e-03
1203          	OVC	-1.443639e-02	-6.965183e-03	-6.079016e-03
1203          	shield_slave	-1.568198e-02	-1.203679e-02	-4.324432e-03
1204          	OVC	-1.443696e-02	-6.965494e-03	-6.078927e-03
1204          	shield_slave	-1.566809e-02	-1.203685e-02	-4.324418e-03
1205          	OVC	-1.443788e-02	-6.965101e-03	-6.078826e-03
1205          	shield_slave	-1.566900e-02	-1.203674e-02	-4.324416e-03
1206          	OVC	-1.443830e-02	-6.965452e-03	-6.078868e-03
1206          	shield_slave	-1.565933e-02	-1.203684e-02	-4.324420e-03
1207          	OVC	-1.443883e-02	-6.965805e-03	-6.078963e-03
1207          	shield_slave	-1.565536e-02	-1.203645e-02	-4.324414e-03
1208          	OVC	-1.443986e-02	-6.965644e-03	-6.078832e-03
1208          	shield_slave	-1.566241e-02	-1.203595e-02	-4.324436e-03
1209          	OVC	-1.443993e-02	-6.964512e-03	-6.078734e-03
1209          	shield_slave	-1.566280e-02	-1.203709e-02	-4.324494e-03
1210          	OVC	-1.443947e-02	-6.964744e-03	-6.078780e-03
1210          	shield_slave	-1.565504e-02	-1.203882e-02	-4.324454e-03
1211          	OVC	-1.443933e-02	-6.963113e-03	-6.078875e-03
1211          	shield_slave	-1.565382e-02	-1.203973e-02	-4.324432e-03
1212          	OVC	-1.443929e-02	-6.963707e-03	-6.078951e-03
1212          	shield_slave	-1.564817e-02	-1.203910e-02	-4.324425e-03
1213          	OVC	-1.443842e-02	-6.964096e-03	-6.079145e-03
1213          	shield_slave	-1.564988e-02	-1.203996e-02	-4.324396e-03
1214          	OVC	-1.443829e-02	-6.964747e-03	-6.079091e-03
1214          	shield_slave	-1.564529e-02	-1.203951e-02	-4.324380e-03
1215          	OVC	-1.443911e-02	-6.967113e-03	-6.079139e-03
1215          	shield_slave	-1.565642e-02	-1.203900e-02	-4.324437e-03
1216          	OVC	-1.443894e-02	-6.966755e-03	-6.079165e-03
1216          	shield_slave	-1.565969e-02	-1.203927e-02	-4.324388e-03
1217          	OVC	-1.444003e-02	-6.967202e-03	-6.078987e-03
1217          	shield_slave	-1.566194e-02	-1.203830e-02	-4.324356e-03
1218          	OVC	-1.444024e-02	-6.967424e-03	-6.079035e-03
1218          	shield_slave	-1.565390e-02	-1.203779e-02	-4.324430e-03
1219          	OVC	-1.444100e-02	-6.968703e-03	-6.078955e-03
1219          	shield_slave	-1.565532e-02	-1.203917e-02	-4.324392e-03
1220          	OVC	-1.444023e-02	-6.967176e-03	-6.079145e-03
1220          	shield_slave	-1.566084e-02	-1.203954e-02	-4.324422e-03
1221          	OVC	-1.443975e-02	-6.967681e-03	-6.078952e-03
1221          	shield_slave	-1.565476e-02	-1.204021e-02	-4.324444e-03
1222          	OVC	-1.443983e-02	-6.968755e-03	-6.079082e-03
1222          	shield_slave	-1.565008e-02	-1.203985e-02	-4.324399e-03
1223          	OVC	-1.444010e-02	-6.969053e-03	-6.079138e-03
1223          	shield_slave	-1.566539e-02	-1.204099e-02	-4.324426e-03
1224          	OVC	-1.444020e-02	-6.969769e-03	-6.079059e-03
1224          	shield_slave	-1.567436e-02	-1.204155e-02	-4.324414e-03
1225          	OVC	-1.444051e-02	-6.970045e-03	-6.079027e-03
1225          	shield_slave	-1.567799e-02	-1.204134e-02	-4.324471e-03
1226          	OVC	-1.444051e-02	-6.969486e-03	-6.079143e-03
1226          	shield_slave	-1.568182e-02	-1.204287e-02	-4.324439e-03
1227          	OVC	-1.444096e-02	-6.967981e-03	-6.079183e-03
1227          	shield_slave	-1.569004e-02	-1.204155e-02	-4.324381e-03
1228          	OVC	-1.444110e-02	-6.968288e-03	-6.079325e-03
1228          	shield_slave	-1.567915e-02	-1.204182e-02	-4.324433e-03
1229          	OVC	-1.444084e-02	-6.970202e-03	-6.079281e-03
1229          	shield_slave	-1.568508e-02	-1.204259e-02	-4.324459e-03
1230          	OVC	-1.444114e-02	-6.970028e-03	-6.079151e-03
1230          	shield_slave	-1.568569e-02	-1.204328e-02	-4.324440e-03
1231          	OVC	-1.444048e-02	-6.969420e-03	-6.079216e-03
1231          	shield_slave	-1.567655e-02	-1.204381e-02	-4.324413e-03
1232          	OVC	-1.444146e-02	-6.970811e-03	-6.079154e-03
1232          	shield_slave	-1.567256e-02	-1.204274e-02	-4.324348e-03
1233          	OVC	-1.444151e-02	-6.970794e-03	-6.079158e-03
1233          	shield_slave	-1.567646e-02	-1.204269e-02	-4.324353e-03
1234          	OVC	-1.444237e-02	-6.970595e-03	-6.079181e-03
1234          	shield_slave	-1.568989e-02	-1.204302e-02	-4.324334e-03
1235          	OVC	-1.444254e-02	-6.972886e-03	-6.079259e-03
1235          	shield_slave	-1.570165e-02	-1.204020e-02	-4.324375e-03
1236          	OVC	-1.444255e-02	-6.970514e-03	-6.079180e-03
1236          	shield_slave	-1.569448e-02	-1.203958e-02	-4.324368e-03
1237          	OVC	-1.444320e-02	-6.972100e-03	-6.079062e-03
1237          	shield_slave	-1.569310e-02	-1.203974e-02	-4.324325e-03
1238          	OVC	-1.444305e-02	-6.971444e-03	-6.079231e-03
1238          	shield_slave	-1.569584e-02	-1.203901e-02	-4.324298e-03
1239          	OVC	-1.444261e-02	-6.969338e-03	-6.079329e-03
1239          	shield_slave	-1.568307e-02	-1.204086e-02	-4.324258e-03
1240          	OVC	-1.444262e-02	-6.969107e-03	-6.079533e-03
1240          	shield_slave	-1.568906e-02	-1.203936e-02	-4.324253e-03
1241          	OVC	-1.444249e-02	-6.967980e-03	-6.079395e-03
1241          	shield_slave	-1.568770e-02	-1.204077e-02	-4.324240e-03
1242          	OVC	-1.444253e-02	-6.969489e-03	-6.079371e-03
1242          	shield_slave	-1.567211e-02	-1.204060e-02	-4.324228e-03
1243          	OVC	-1.444229e-02	-6.970104e-03	-6.079435e-03
1243          	shield_slave	-1.568414e-02	-1.203986e-02	-4.324259e-03
1244          	OVC	-1.444345e-02	-6.972209e-03	-6.079550e-03
1244          	shield_slave	-1.569216e-02	-1.203975e-02	-4.324204e-03
1245          	OVC	-1.444296e-02	-6.974109e-03	-6.079472e-03
1245          	shield_slave	-1.569266e-02	-1.203867e-02	-4.324195e-03
1246          	OVC	-1.444347e-02	-6.974029e-03	-6.079444e-03
1246          	shield_slave	-1.569255e-02	-1.203837e-02	-4.324223e-03
1247          	OVC	-1.444367e-02	-6.973657e-03	-6.079456e-03
1247          	shield_slave	-1.568859e-02	-1.203887e-02	-4.324246e-03
1248          	OVC	-1.444479e-02	-6.971696e-03	-6.079351e-03
1248          	shield_slave	-1.568676e-02	-1.203901e-02	-4.324299e-03
1249          	OVC	-1.444563e-02	-6.972323e-03	-6.079239e-03
1249          	shield_slave	-1.569260e-02	-1.204077e-02	-4.324315e-03
1250          	OVC	-1.444592e-02	-6.973330e-03	-6.079255e-03
1250          	shield_slave	-1.568961e-02	-1.203912e-02	-4.324296e-03
1251          	OVC	-1.444625e-02	-6.974437e-03	-6.079303e-03
1251          	shield_slave	-1.570077e-02	-1.203832e-02	-4.324282e-03
1252          	OVC	-1.444663e-02	-6.975169e-03	-6.079285e-03
1252          	shield_slave	-1.570589e-02	-1.203890e-02	-4.324275e-03
1253          	OVC	-1.444634e-02	-6.973610e-03	-6.079338e-03
1253          	shield_slave	-1.570537e-02	-1.204006e-02	-4.324250e-03
1254          	OVC	-1.444635e-02	-6.974559e-03	-6.079294e-03
1254          	shield_slave	-1.569291e-02	-1.204274e-02	-4.324251e-03
1255          	OVC	-1.444634e-02	-6.975056e-03	-6.079473e-03
1255          	shield_slave	-1.570205e-02	-1.204411e-02	-4.324201e-03
1256          	OVC	-1.444628e-02	-6.974631e-03	-6.079637e-03
1256          	shield_slave	-1.571077e-02	-1.204463e-02	-4.324203e-03
1257          	OVC	-1.444654e-02	-6.974417e-03	-6.079512e-03
1257          	shield_slave	-1.571094e-02	-1.204236e-02	-4.324242e-03
1258          	OVC	-1.444614e-02	-6.973812e-03	-6.079400e-03
1258          	shield_slave	-1.570877e-02	-1.204238e-02	-4.324298e-03
1259          	OVC	-1.444643e-02	-6.976746e-03	-6.079269e-03
1259          	shield_slave	-1.571150e-02	-1.204327e-02	-4.324314e-03
1260          	OVC	-1.444605e-02	-6.975483e-03	-6.079463e-03
1260          	shield_slave	-1.570500e-02	-1.204548e-02	-4.324324e-03
1261          	OVC	-1.444646e-02	-6.973400e-03	-6.079570e-03
1261          	shield_slave	-1.570547e-02	-1.204558e-02	-4.324275e-03
1262          	OVC	-1.444678e-02	-6.973860e-03	-6.079540e-03
1262          	shield_slave	-1.570761e-02	-1.204553e-02	-4.324274e-03
1263          	OVC	-1.444724e-02	-6.975406e-03	-6.079572e-03
1263          	shield_slave	-1.570559e-02	-1.204557e-02	-4.324285e-03
1264          	OVC	-1.444804e-02	-6.975449e-03	-6.079528e-03
1264          	shield_slave	-1.570734e-02	-1.204607e-02	-4.324270e-03
1265          	OVC	-1.444831e-02	-6.972893e-03	-6.079632e-03
1265          	shield_slave	-1.570108e-02	-1.204804e-02	-4.324275e-03
1266          	OVC	-1.444800e-02	-6.972510e-03	-6.079651e-03
1266          	shield_slave	-1.568966e-02	-1.204837e-02	-4.324307e-03
1267          	OVC	-1.444772e-02	-6.974980e-03	-6.079697e-03
1267          	shield_slave	-1.569870e-02	-1.204970e-02	-4.324289e-03
1268          	OVC	-1.444706e-02	-6.973310e-03	-6.079547e-03
1268          	shield_slave	-1.569493e-02	-1.204935e-02	-4.324243e-03
1269          	OVC	-1.444673e-02	-6.977133e-03	-6.079391e-03
1269          	shield_slave	-1.570408e-02	-1.204939e-02	-4.324322e-03
1270          	OVC	-1.444652e-02	-6.975644e-03	-6.079456e-03
1270          	shield_slave	-1.569412e-02	-1.204946e-02	-4.324344e-03
1271          	OVC	-1.444679e-02	-6.976948e-03	-6.079477e-03
1271          	shield_slave	-1.570964e-02	-1.205028e-02	-4.324342e-03
1272          	OVC	-1.444635e-02	-6.974152e-03	-6.079422e-03
1272          	shield_slave	-1.571621e-02	-1.204820e-02	-4.324321e-03
1273          	OVC	-1.444690e-02	-6.976203e-03	-6.079486e-03
1273          	shield_slave	-1.570988e-02	-1.204775e-02	-4.324307e-03
1274          	OVC	-1.444758e-02	-6.977952e-03	-6.079663e-03
1274          	shield_slave	-1.570749e-02	-1.204634e-02	-4.324296e-03
1275          	OVC	-1.444645e-02	-6.977638e-03	-6.079599e-03
1275          	shield_slave	-1.571624e-02	-1.204589e-02	-4.324234e-03
1276          	OVC	-1.444692e-02	-6.976867e-03	-6.079648e-03
1276          	shield_slave	-1.572591e-02	-1.204537e-02	-4.324207e-03
1277          	OVC	-1.444766e-02	-6.976697e-03	-6.079614e-03
1277          	shield_slave	-1.572403e-02	-1.204694e-02	-4.324164e-03
1278          	OVC	-1.444704e-02	-6.975684e-03	-6.079491e-03
1278          	shield_slave	-1.572086e-02	-1.204592e-02	-4.324181e-03
1279          	OVC	-1.444744e-02	-6.978254e-03	-6.079370e-03
1279          	shield_slave	-1.571856e-02	-1.204557e-02	-4.324155e-03
1280          	OVC	-1.444742e-02	-6.978340e-03	-6.079332e-03
1280          	shield_slave	-1.571456e-02	-1.204502e-02	-4.324165e-03
1281          	OVC	-1.444737e-02	-6.978541e-03	-6.079391e-03
1281          	shield_slave	-1.570775e-02	-1.204333e-02	-4.324195e-03
1282          	OVC	-1.444814e-02	-6.976553e-03	-6.079419e-03
1282          	shield_slave	-1.570789e-02	-1.204211e-02	-4.324148e-03
1283          	OVC	-1.444728e-02	-6.976298e-03	-6.079454e-03
1283          	shield_slave	-1.570384e-02	-1.204109e-02	-4.324159e-03
1284          	OVC	-1.444638e-02	-6.975983e-03	-6.079412e-03
1284          	shield_slave	-1.569572e-02	-1.204176e-02	-4.324202e-03
1285          	OVC	-1.444655e-02	-6.976671e-03	-6.079325e-03
1285          	shield_slave	-1.570057e-02	-1.204162e-02	-4.324229e-03
1286          	OVC	-1.444765e-02	-6.977008e-03	-6.079339e-03
1286          	shield_slave	-1.569710e-02	-1.204348e-02	-4.324225e-03
1287          	OVC	-1.444743e-02	-6.981682e-03	-6.079239e-03
1287          	shield_slave	-1.570561e-02	-1.204468e-02	-4.324271e-03
1288          	OVC	-1.444743e-02	-6.981329e-03	-6.079271e-03
1288          	shield_slave	-1.570572e-02	-1.204476e-02	-4.324213e-03
1289          	OVC	-1.444712e-02	-6.979405e-03	-6.079286e-03
1289          	shield_slave	-1.570951e-02	-1.204375e-02	-4.324143e-03
1290          	OVC	-1.444677e-02	-6.979403e-03	-6.079301e-03
1290          	shield_slave	-1.570896e-02	-1.204460e-02	-4.324089e-03
1291          	OVC	-1.444721e-02	-6.978401e-03	-6.079214e-03
1291          	shield_slave	-1.572469e-02	-1.204317e-02	-4.324124e-03
1292          	OVC	-1.444839e-02	-6.982506e-03	-6.079183e-03
1292          	shield_slave	-1.572961e-02	-1.204357e-02	-4.324169e-03
1293          	OVC	-1.444856e-02	-6.980886e-03	-6.079106e-03
1293          	shield_slave	-1.572797e-02	-1.204653e-02	-4.324187e-03
1294          	OVC	-1.444836e-02	-6.979625e-03	-6.079051e-03
1294          	shield_slave	-1.573216e-02	-1.204855e-02	-4.324189e-03
1295          	OVC	-1.444921e-02	-6.982228e-03	-6.079125e-03
1295          	shield_slave	-1.574482e-02	-1.204900e-02	-4.324144e-03
1296          	OVC	-1.444896e-02	-6.981510e-03	-6.079199e-03
1296          	shield_slave	-1.574605e-02	-1.204777e-02	-4.324104e-03
1297          	OVC	-1.444821e-02	-6.981955e-03	-6.079098e-03
1297          	shield_slave	-1.574407e-02	-1.204704e-02	-4.324122e-03
1298          	OVC	-1.444730e-02	-6.976807e-03	-6.079089e-03
1298          	shield_slave	-1.574442e-02	-1.204935e-02	-4.324205e-03
1299          	OVC	-1.444771e-02	-6.976027e-03	-6.079089e-03
1299          	shield_slave	-1.575008e-02	-1.205183e-02	-4.324219e-03
1300          	OVC	-1.444679e-02	-6.975478e-03	-6.079178e-03
1300          	shield_slave	-1.574805e-02	-1.205387e-02	-4.324200e-03
1301          	OVC	-1.444720e-02	-6.976868e-03	-6.079199e-03
1301          	shield_slave	-1.574007e-02	-1.205405e-02	-4.324139e-03
1302          	OVC	-1.444619e-02	-6.976061e-03	-6.079242e-03
1302          	shield_slave	-1.574084e-02	-1.205575e-02	-4.324151e-03
1303          	OVC	-1.444633e-02	-6.976941e-03	-6.079182e-03
1303          	shield_slave	-1.574165e-02	-1.205164e-02	-4.324126e-03
1304          	OVC	-1.444675e-02	-6.977937e-03	-6.079241e-03
1304          	shield_slave	-1.573362e-02	-1.205140e-02	-4.324104e-03
1305          	OVC	-1.444533e-02	-6.976795e-03	-6.079058e-03
1305          	shield_slave	-1.574074e-02	-1.205022e-02	-4.324172e-03
1306          	OVC	-1.444581e-02	-6.975846e-03	-6.079167e-03
1306          	shield_slave	-1.573257e-02	-1.205049e-02	-4.324209e-03
1307          	OVC	-1.444778e-02	-6.971432e-03	-6.079248e-03
1307          	shield_slave	-1.572882e-02	-1.205094e-02	-4.324260e-03
1308          	OVC	-1.444797e-02	-6.968462e-03	-6.079220e-03
1308          	shield_slave	-1.572306e-02	-1.205102e-02	-4.324271e-03
1309          	OVC	-1.444969e-02	-6.974582e-03	-6.079136e-03
1309          	shield_slave	-1.574946e-02	-1.205469e-02	-4.324241e-03
1310          	OVC	-1.444906e-02	-6.977548e-03	-6.079125e-03
1310          	shield_slave	-1.574165e-02	-1.205519e-02	-4.324240e-03
1311          	OVC	-1.444800e-02	-6.973711e-03	-6.079182e-03
1311          	shield_slave	-1.574799e-02	-1.205282e-02	-4.324239e-03
1312          	OVC	-1.444749e-02	-6.978602e-03	-6.079291e-03
1312          	shield_slave	-1.574941e-02	-1.205225e-02	-4.324228e-03
1313          	OVC	-1.444681e-02	-6.980854e-03	-6.079291e-03
1313          	shield_slave	-1.574297e-02	-1.205421e-02	-4.324234e-03
1314          	OVC	-1.444691e-02	-6.981971e-03	-6.079315e-03
1314          	shield_slave	-1.576321e-02	-1.205300e-02	-4.324265e-03
1315          	OVC	-1.444633e-02	-6.983454e-03	-6.079346e-03
1315          	shield_slave	-1.576412e-02	-1.205686e-02	-4.324252e-03
1316          	OVC	-1.444498e-02	-6.986051e-03	-6.079173e-03
1316          	shield_slave	-1.575572e-02	-1.205389e-02	-4.324219e-03
1317          	OVC	-1.444515e-02	-6.983532e-03	-6.079071e-03
1317          	shield_slave	-1.576232e-02	-1.205347e-02	-4.324234e-03
1318          	OVC	-1.444562e-02	-6.982055e-03	-6.079034e-03
1318          	shield_slave	-1.575374e-02	-1.205279e-02	-4.324254e-03
1319          	OVC	-1.444691e-02	-6.980031e-03	-6.079098e-03
1319          	shield_slave	-1.575923e-02	-1.204659e-02	-4.324260e-03
1320          	OVC	-1.444456e-02	-6.981741e-03	-6.079028e-03
1320          	shield_slave	-1.575960e-02	-1.204975e-02	-4.324278e-03
1321          	OVC	-1.444595e-02	-6.985390e-03	-6.078921e-03
1321          	shield_slave	-1.576999e-02	-1.204810e-02	-4.324297e-03
1322          	OVC	-1.444597e-02	-6.987266e-03	-6.078832e-03
1322          	shield_slave	-1.576350e-02	-1.204492e-02	-4.324271e-03
1323          	OVC	-1.444730e-02	-6.987238e-03	-6.078850e-03
1323          	shield_slave	-1.576426e-02	-1.204980e-02	-4.324269e-03
1324          	OVC	-1.444797e-02	-6.987732e-03	-6.078715e-03
1324          	shield_slave	-1.575086e-02	-1.205258e-02	-4.324281e-03
1325          	OVC	-1.444718e-02	-6.982095e-03	-6.078789e-03
1325          	shield_slave	-1.574883e-02	-1.205159e-02	-4.324284e-03
1326          	OVC	-1.444813e-02	-6.987534e-03	-6.078883e-03
1326          	shield_slave	-1.572342e-02	-1.205321e-02	-4.324305e-03
1327          	OVC	-1.444990e-02	-6.987557e-03	-6.078893e-03
1327          	shield_slave	-1.571870e-02	-1.205059e-02	-4.324372e-03
1328          	OVC	-1.444836e-02	-6.986797e-03	-6.078922e-03
1328          	shield_slave	-1.572309e-02	-1.205381e-02	-4.324377e-03
1329          	OVC	-1.444712e-02	-6.988102e-03	-6.078991e-03
1329          	shield_slave	-1.572358e-02	-1.205206e-02	-4.324363e-03
1330          	OVC	-1.444772e-02	-6.989374e-03	-6.078978e-03
1330          	shield_slave	-1.572678e-02	-1.205291e-02	-4.324426e-03
1331          	OVC	-1.444850e-02	-6.983162e-03	-6.078847e-03
1331          	shield_slave	-1.573133e-02	-1.204910e-02	-4.324454e-03
1332          	OVC	-1.444844e-02	-6.983358e-03	-6.078890e-03
1332          	shield_slave	-1.571988e-02	-1.205040e-02	-4.324498e-03
1333          	OVC	-1.444709e-02	-6.987028e-03	-6.078980e-03
1333          	shield_slave	-1.571617e-02	-1.204495e-02	-4.324541e-03
1334          	OVC	-1.444741e-02	-6.986823e-03	-6.079037e-03
1334          	shield_slave	-1.572573e-02	-1.204704e-02	-4.324477e-03
1335          	OVC	-1.444799e-02	-6.984458e-03	-6.079076e-03
1335          	shield_slave	-1.572137e-02	-1.204875e-02	-4.324433e-03
1336          	OVC	-1.444610e-02	-6.991124e-03	-6.078976e-03
1336          	shield_slave	-1.572863e-02	-1.205151e-02	-4.324450e-03
1337          	OVC	-1.444516e-02	-6.985800e-03	-6.078913e-03
1337          	shield_slave	-1.573624e-02	-1.205343e-02	-4.324434e-03
1338          	OVC	-1.444421e-02	-6.989659e-03	-6.078959e-03
1338          	shield_slave	-1.573364e-02	-1.205692e-02	-4.324438e-03
1339          	OVC	-1.444474e-02	-6.986406e-03	-6.078839e-03
1339          	shield_slave	-1.573461e-02	-1.206382e-02	-4.324473e-03
1340          	OVC	-1.444580e-02	-6.983026e-03	-6.078831e-03
1340          	shield_slave	-1.572281e-02	-1.206241e-02	-4.324426e-03
1341          	OVC	-1.444513e-02	-6.981789e-03	-6.078923e-03
1341          	shield_slave	-1.573245e-02	-1.205495e-02	-4.324353e-03
1342          	OVC	-1.444606e-02	-6.980659e-03	-6.078946e-03
1342          	shield_slave	-1.574242e-02	-1.205100e-02	-4.324266e-03
1343          	OVC	-1.444526e-02	-6.985770e-03	-6.078948e-03
1343          	shield_slave	-1.572889e-02	-1.205088e-02	-4.324271e-03
1344          	OVC	-1.444622e-02	-6.984030e-03	-6.079034e-03
1344          	shield_slave	-1.572005e-02	-1.205481e-02	-4.324257e-03
1345          	OVC	-1.444690e-02	-6.984915e-03	-6.079082e-03
1345          	shield_slave	-1.573018e-02	-1.205968e-02	-4.324250e-03
1346          	OVC	-1.444609e-02	-6.982169e-03	-6.079086e-03
1346          	shield_slave	-1.574985e-02	-1.206314e-02	-4.324264e-03
1347          	OVC	-1.444330e-02	-6.982221e-03	-6.079309e-03
1347          	shield_slave	-1.574952e-02	-1.206332e-02	-4.324179e-03
1348          	OVC	-1.444692e-02	-6.979175e-03	-6.079329e-03
1348          	shield_slave	-1.575607e-02	-1.206056e-02	-4.324255e-03
1349          	OVC	-1.444671e-02	-6.984364e-03	-6.079319e-03
1349          	shield_slave	-1.576632e-02	-1.206126e-02	-4.324176e-03
1350          	OVC	-1.444841e-02	-6.981588e-03	-6.079432e-03
1350          	shield_slave	-1.578700e-02	-1.205513e-02	-4.324248e-03
1351          	OVC	-1.444805e-02	-6.979963e-03	-6.079387e-03
1351          	shield_slave	-1.578146e-02	-1.205570e-02	-4.324253e-03
1352          	OVC	-1.444884e-02	-6.987201e-03	-6.079462e-03
1352          	shield_slave	-1.577749e-02	-1.205986e-02	-4.324275e-03
1353          	OVC	-1.444911e-02	-6.986741e-03	-6.079266e-03
1353          	shield_slave	-1.577985e-02	-1.205520e-02	-4.324215e-03
1354          	OVC	-1.444941e-02	-6.984581e-03	-6.079416e-03
1354          	shield_slave	-1.577918e-02	-1.205900e-02	-4.324201e-03
1355          	OVC	-1.444719e-02	-6.986352e-03	-6.079302e-03
1355          	shield_slave	-1.575288e-02	-1.205323e-02	-4.324208e-03
1356          	OVC	-1.444762e-02	-6.982423e-03	-6.079252e-03
1356          	shield_slave	-1.574583e-02	-1.205221e-02	-4.324166e-03
1357          	OVC	-1.444569e-02	-6.985380e-03	-6.079291e-03
1357          	shield_slave	-1.573678e-02	-1.205437e-02	-4.324137e-03
1358          	OVC	-1.444597e-02	-6.988650e-03	-6.079271e-03
1358          	shield_slave	-1.574895e-02	-1.205556e-02	-4.324181e-03
1359          	OVC	-1.444687e-02	-6.989284e-03	-6.079409e-03
1359          	shield_slave	-1.572232e-02	-1.205751e-02	-4.324182e-03
1360          	OVC	-1.444595e-02	-6.989532e-03	-6.079310e-03
1360          	shield_slave	-1.573184e-02	-1.205732e-02	-4.324139e-03
1361          	OVC	-1.444597e-02	-6.990395e-03	-6.079298e-03
1361          	shield_slave	-1.574998e-02	-1.206010e-02	-4.324157e-03
1362          	OVC	-1.444707e-02	-6.987074e-03	-6.079344e-03
1362          	shield_slave	-1.574340e-02	-1.205582e-02	-4.324230e-03
1363          	OVC	-1.444666e-02	-6.986656e-03	-6.079280e-03
1363          	shield_slave	-1.575335e-02	-1.205356e-02	-4.324239e-03
1364          	OVC	-1.444948e-02	-6.988078e-03	-6.079390e-03
1364          	shield_slave	-1.574420e-02	-1.205809e-02	-4.324252e-03
1365          	OVC	-1.444974e-02	-6.986680e-03	-6.079320e-03
1365          	shield_slave	-1.574373e-02	-1.205963e-02	-4.324307e-03
1366          	OVC	-1.444603e-02	-6.988095e-03	-6.079525e-03
1366          	shield_slave	-1.575591e-02	-1.205273e-02	-4.324297e-03
1367          	OVC	-1.444390e-02	-6.984736e-03	-6.079449e-03
1367          	shield_slave	-1.576500e-02	-1.205452e-02	-4.324331e-03
1368          	OVC	-1.444576e-02	-6.982509e-03	-6.079577e-03
1368          	shield_slave	-1.575786e-02	-1.206175e-02	-4.324323e-03
1369          	OVC	-1.444728e-02	-6.985955e-03	-6.079558e-03
1369          	shield_slave	-1.576228e-02	-1.206405e-02	-4.324338e-03
1370          	OVC	-1.444791e-02	-6.984590e-03	-6.079496e-03
1370          	shield_slave	-1.576813e-02	-1.206490e-02	-4.324334e-03
1371          	OVC	-1.444860e-02	-6.987955e-03	-6.079416e-03
1371          	shield_slave	-1.576002e-02	-1.206359e-02	-4.324304e-03
1372          	OVC	-1.444785e-02	-6.988986e-03	-6.079359e-03
1372          	shield_slave	-1.573549e-02	-1.206487e-02	-4.324310e-03
1373          	OVC	-1.444622e-02	-6.986236e-03	-6.079413e-03
1373          	shield_slave	-1.574739e-02	-1.206261e-02	-4.324320e-03
1374          	OVC	-1.444593e-02	-6.987486e-03	-6.079432e-03
1374          	shield_slave	-1.574996e-02	-1.206051e-02	-4.324333e-03
1375          	OVC	-1.444709e-02	-6.987443e-03	-6.079361e-03
1375          	shield_slave	-1.573152e-02	-1.205594e-02	-4.324311e-03
1376          	OVC	-1.444838e-02	-6.987350e-03	-6.079358e-03
1376          	shield_slave	-1.571246e-02	-1.205699e-02	-4.324290e-03
1377          	OVC	-1.444913e-02	-6.984883e-03	-6.079397e-03
1377          	shield_slave	-1.571929e-02	-1.205937e-02	-4.324286e-03
1378          	OVC	-1.444856e-02	-6.987832e-03	-6.079355e-03
1378          	shield_slave	-1.570386e-02	-1.206078e-02	-4.324298e-03
1379          	OVC	-1.445109e-02	-6.989674e-03	-6.079355e-03
1379          	shield_slave	-1.571676e-02	-1.205914e-02	-4.324387e-03
1380          	OVC	-1.444602e-02	-6.989424e-03	-6.079366e-03
1380          	shield_slave	-1.571779e-02	-1.206020e-02	-4.324409e-03
1381          	OVC	-1.444522e-02	-6.986391e-03	-6.079279e-03
1381          	shield_slave	-1.572455e-02	-1.206399e-02	-4.324404e-03
1382          	OVC	-1.444510e-02	-6.985947e-03	-6.079282e-03
1382          	shield_slave	-1.571442e-02	-1.206411e-02	-4.324461e-03
1383          	OVC	-1.444265e-02	-6.981314e-03	-6.079317e-03
1383          	shield_slave	-1.571986e-02	-1.206056e-02	-4.324370e-03
1384          	OVC	-1.444313e-02	-6.979357e-03	-6.079188e-03
1384          	shield_slave	-1.571865e-02	-1.206277e-02	-4.324345e-03
1385          	OVC	-1.444512e-02	-6.986319e-03	-6.079226e-03
1385          	shield_slave	-1.570467e-02	-1.206389e-02	-4.324397e-03
1386          	OVC	-1.444443e-02	-6.989028e-03	-6.079225e-03
1386          	shield_slave	-1.570406e-02	-1.206390e-02	-4.324427e-03
1387          	OVC	-1.444613e-02	-6.988444e-03	-6.079174e-03
1387          	shield_slave	-1.571231e-02	-1.205789e-02	-4.324344e-03
1388          	OVC	-1.444566e-02	-6.988381e-03	-6.079121e-03
1388          	shield_slave	-1.571232e-02	-1.206045e-02	-4.324363e-03
1389          	OVC	-1.444597e-02	-6.987224e-03	-6.079216e-03
1389          	shield_slave	-1.570624e-02	-1.206068e-02	-4.324284e-03
1390          	OVC	-1.444640e-02	-6.988629e-03	-6.079321e-03
1390          	shield_slave	-1.571107e-02	-1.205684e-02	-4.324276e-03
1391          	OVC	-1.444448e-02	-6.986761e-03	-6.079352e-03
1391          	shield_slave	-1.571680e-02	-1.205726e-02	-4.324386e-03
1392          	OVC	-1.444363e-02	-6.989619e-03	-6.079174e-03
1392          	shield_slave	-1.572715e-02	-1.205544e-02	-4.324393e-03
1393          	OVC	-1.444390e-02	-6.983769e-03	-6.079233e-03
1393          	shield_slave	-1.571724e-02	-1.205585e-02	-4.324284e-03
1394          	OVC	-1.444322e-02	-6.988455e-03	-6.079090e-03
1394          	shield_slave	-1.572546e-02	-1.205538e-02	-4.324280e-03
1395          	OVC	-1.443948e-02	-6.989420e-03	-6.079138e-03
1395          	shield_slave	-1.573278e-02	-1.205837e-02	-4.324259e-03
1396          	OVC	-1.444341e-02	-6.985195e-03	-6.079173e-03
1396          	shield_slave	-1.573589e-02	-1.205444e-02	-4.324299e-03
1397          	OVC	-1.444541e-02	-6.985883e-03	-6.079062e-03
1397          	shield_slave	-1.575018e-02	-1.205376e-02	-4.324262e-03
1398          	OVC	-1.444317e-02	-6.986936e-03	-6.079042e-03
1398          	shield_slave	-1.574804e-02	-1.205338e-02	-4.324295e-03
1399          	OVC	-1.444099e-02	-6.989741e-03	-6.079172e-03
1399          	shield_slave	-1.574333e-02	-1.205452e-02	-4.324344e-03
1400          	OVC	-1.444003e-02	-6.986768e-03	-6.079198e-03
1400          	shield_slave	-1.571613e-02	-1.205299e-02	-4.324385e-03
1401          	OVC	-1.443756e-02	-6.989701e-03	-6.079235e-03
1401          	shield_slave	-1.571694e-02	-1.205682e-02	-4.324302e-03
1402          	OVC	-1.443963e-02	-6.987626e-03	-6.079372e-03
1402          	shield_slave	-1.570947e-02	-1.205562e-02	-4.324268e-03
1403          	OVC	-1.444138e-02	-6.988138e-03	-6.079289e-03
1403          	shield_slave	-1.571500e-02	-1.204999e-02	-4.324268e-03
1404          	OVC	-1.443967e-02	-6.983207e-03	-6.079204e-03
1404          	shield_slave	-1.571458e-02	-1.205401e-02	-4.324267e-03
1405          	OVC	-1.443934e-02	-6.988007e-03	-6.079268e-03
1405          	shield_slave	-1.572486e-02	-1.205402e-02	-4.324291e-03
1406          	OVC	-1.443947e-02	-6.990220e-03	-6.079287e-03
1406          	shield_slave	-1.573969e-02	-1.205345e-02	-4.324286e-03
1407          	OVC	-1.444358e-02	-6.990007e-03	-6.079211e-03
1407          	shield_slave	-1.572820e-02	-1.205454e-02	-4.324243e-03
1408          	OVC	-1.444392e-02	-6.988050e-03	-6.079276e-03
1408          	shield_slave	-1.572989e-02	-1.205174e-02	-4.324211e-03
1409          	OVC	-1.444458e-02	-6.989195e-03	-6.079300e-03
1409          	shield_slave	-1.572284e-02	-1.204985e-02	-4.324207e-03
1410          	OVC	-1.444701e-02	-6.993168e-03	-6.079261e-03
1410          	shield_slave	-1.573624e-02	-1.205098e-02	-4.324252e-03
1411          	OVC	-1.444799e-02	-6.989515e-03	-6.079171e-03
1411          	shield_slave	-1.573760e-02	-1.205275e-02	-4.324157e-03
1412          	OVC	-1.444764e-02	-6.988737e-03	-6.079203e-03
1412          	shield_slave	-1.573630e-02	-1.205229e-02	-4.324184e-03
1413          	OVC	-1.444178e-02	-6.986937e-03	-6.079228e-03
1413          	shield_slave	-1.571601e-02	-1.205107e-02	-4.324141e-03
1414          	OVC	-1.444098e-02	-6.988051e-03	-6.079169e-03
1414          	shield_slave	-1.570985e-02	-1.205853e-02	-4.324171e-03
1415          	OVC	-1.443985e-02	-6.990187e-03	-6.079195e-03
1415          	shield_slave	-1.568934e-02	-1.205493e-02	-4.324182e-03
1416          	OVC	-1.444224e-02	-6.991509e-03	-6.079147e-03
1416          	shield_slave	-1.568203e-02	-1.205460e-02	-4.324262e-03
1417          	OVC	-1.443739e-02	-6.991258e-03	-6.079184e-03
1417          	shield_slave	-1.568284e-02	-1.205285e-02	-4.324253e-03
1418          	OVC	-1.443865e-02	-6.993135e-03	-6.079096e-03
1418          	shield_slave	-1.567578e-02	-1.205244e-02	-4.324327e-03
1419          	OVC	-1.443848e-02	-6.994236e-03	-6.079014e-03
1419          	shield_slave	-1.567874e-02	-1.205162e-02	-4.324340e-03
1420          	OVC	-1.444247e-02	-6.991256e-03	-6.079007e-03
1420          	shield_slave	-1.568554e-02	-1.204990e-02	-4.324259e-03
1421          	OVC	-1.444342e-02	-6.991074e-03	-6.079125e-03
1421          	shield_slave	-1.569189e-02	-1.205313e-02	-4.324200e-03
1422          	OVC	-1.443958e-02	-6.987387e-03	-6.079262e-03
1422          	shield_slave	-1.568571e-02	-1.205323e-02	-4.324214e-03
1423          	OVC	-1.444204e-02	-6.991308e-03	-6.079204e-03
1423          	shield_slave	-1.570900e-02	-1.205288e-02	-4.324246e-03
1424          	OVC	-1.444340e-02	-6.992468e-03	-6.079048e-03
1424          	shield_slave	-1.571103e-02	-1.205310e-02	-4.324263e-03
1425          	OVC	-1.444359e-02	-6.990014e-03	-6.079150e-03
1425          	shield_slave	-1.569897e-02	-1.205499e-02	-4.324245e-03
1426          	OVC	-1.444477e-02	-6.987401e-03	-6.079303e-03
1426          	shield_slave	-1.571503e-02	-1.205773e-02	-4.324210e-03
1427          	OVC	-1.444332e-02	-6.987614e-03	-6.079230e-03
1427          	shield_slave	-1.574107e-02	-1.205885e-02	-4.324180e-03
1428          	OVC	-1.444294e-02	-6.989021e-03	-6.079247e-03
1428          	shield_slave	-1.572903e-02	-1.205925e-02	-4.324208e-03
1429          	OVC	-1.444420e-02	-6.988814e-03	-6.079308e-03
1429          	shield_slave	-1.572617e-02	-1.205825e-02	-4.324260e-03
1430          	OVC	-1.444370e-02	-6.988989e-03	-6.079399e-03
1430          	shield_slave	-1.570961e-02	-1.206114e-02	-4.324247e-03
1431          	OVC	-1.444448e-02	-6.991876e-03	-6.079321e-03
1431          	shield_slave	-1.571923e-02	-1.206218e-02	-4.324187e-03
1432          	OVC	-1.444224e-02	-6.992041e-03	-6.079314e-03
1432          	shield_slave	-1.572050e-02	-1.205941e-02	-4.324206e-03
1433          	OVC	-1.444586e-02	-6.991159e-03	-6.079314e-03
1433          	shield_slave	-1.571472e-02	-1.205766e-02	-4.324229e-03
1434          	OVC	-1.444502e-02	-6.991833e-03	-6.079387e-03
1434          	shield_slave	-1.572788e-02	-1.205847e-02	-4.324208e-03
1435          	OVC	-1.444672e-02	-6.993793e-03	-6.079349e-03
1435          	shield_slave	-1.574036e-02	-1.205657e-02	-4.324111e-03
1436          	OVC	-1.444787e-02	-6.994030e-03	-6.079256e-03
1436          	shield_slave	-1.574491e-02	-1.205826e-02	-4.324162e-03
1437          	OVC	-1.444712e-02	-6.994882e-03	-6.079493e-03
1437          	shield_slave	-1.577251e-02	-1.206020e-02	-4.324169e-03
1438          	OVC	-1.444629e-02	-6.995720e-03	-6.079495e-03
1438          	shield_slave	-1.572987e-02	-1.205744e-02	-4.324088e-03
1439          	OVC	-1.444887e-02	-6.994330e-03	-6.079432e-03
1439          	shield_slave	-1.575571e-02	-1.206109e-02	-4.324030e-03
1440          	OVC	-1.444834e-02	-6.994397e-03	-6.079280e-03
1440          	shield_slave	-1.573676e-02	-1.205929e-02	-4.324058e-03
1441          	OVC	-1.444995e-02	-6.992692e-03	-6.079263e-03
1441          	shield_slave	-1.575873e-02	-1.205695e-02	-4.324079e-03
1442          	OVC	-1.444643e-02	-6.992732e-03	-6.079104e-03
1442          	shield_slave	-1.572568e-02	-1.205723e-02	-4.324134e-03
1443          	OVC	-1.444403e-02	-6.992330e-03	-6.079046e-03
1443          	shield_slave	-1.570402e-02	-1.205744e-02	-4.324210e-03
1444          	OVC	-1.444279e-02	-6.987975e-03	-6.079038e-03
1444          	shield_slave	-1.571409e-02	-1.205898e-02	-4.324269e-03
1445          	OVC	-1.444166e-02	-6.985044e-03	-6.079074e-03
1445          	shield_slave	-1.571870e-02	-1.206027e-02	-4.324260e-03
1446          	OVC	-1.444144e-02	-6.988527e-03	-6.079086e-03
1446          	shield_slave	-1.572922e-02	-1.206320e-02	-4.324238e-03
1447          	OVC	-1.444101e-02	-6.990797e-03	-6.078960e-03
1447          	shield_slave	-1.570490e-02	-1.206251e-02	-4.324264e-03
1448          	OVC	-1.444206e-02	-6.994719e-03	-6.078885e-03
1448          	shield_slave	-1.570571e-02	-1.206834e-02	-4.324276e-03
1449          	OVC	-1.443882e-02	-6.996517e-03	-6.078868e-03
1449          	shield_slave	-1.571463e-02	-1.206734e-02	-4.324278e-03
1450          	OVC	-1.443957e-02	-6.995710e-03	-6.078944e-03
1450          	shield_slave	-1.570740e-02	-1.206678e-02	-4.324146e-03
1451          	OVC	-1.444000e-02	-6.992984e-03	-6.078989e-03
1451          	shield_slave	-1.571698e-02	-1.206826e-02	-4.324177e-03
1452          	OVC	-1.444079e-02	-6.989775e-03	-6.079018e-03
1452          	shield_slave	-1.572058e-02	-1.206808e-02	-4.324262e-03
1453          	OVC	-1.444127e-02	-6.990405e-03	-6.079012e-03
1453          	shield_slave	-1.571017e-02	-1.206858e-02	-4.324204e-03
1454          	OVC	-1.444234e-02	-6.992819e-03	-6.079036e-03
1454          	shield_slave	-1.570923e-02	-1.206691e-02	-4.324191e-03
1455          	OVC	-1.444129e-02	-6.994496e-03	-6.079096e-03
1455          	shield_slave	-1.570232e-02	-1.206585e-02	-4.324245e-03
1456          	OVC	-1.444277e-02	-6.991844e-03	-6.079150e-03
1456          	shield_slave	-1.573324e-02	-1.206433e-02	-4.324250e-03
1457          	OVC	-1.444131e-02	-6.991722e-03	-6.079095e-03
1457          	shield_slave	-1.574004e-02	-1.206380e-02	-4.324345e-03
1458          	OVC	-1.444106e-02	-6.995149e-03	-6.079241e-03
1458          	shield_slave	-1.575863e-02	-1.206517e-02	-4.324357e-03
1459          	OVC	-1.444024e-02	-6.999723e-03	-6.079231e-03
1459          	shield_slave	-1.573147e-02	-1.206635e-02	-4.324280e-03
1460          	OVC	-1.443992e-02	-6.998727e-03	-6.079157e-03
1460          	shield_slave	-1.570094e-02	-1.206568e-02	-4.324215e-03
1461          	OVC	-1.443843e-02	-6.997683e-03	-6.079210e-03
1461          	shield_slave	-1.567689e-02	-1.206464e-02	-4.324208e-03
1462          	OVC	-1.443859e-02	-6.997502e-03	-6.079247e-03
1462          	shield_slave	-1.568034e-02	-1.206895e-02	-4.324244e-03
1463          	OVC	-1.443952e-02	-6.997516e-03	-6.079125e-03
1463          	shield_slave	-1.567509e-02	-1.206816e-02	-4.324275e-03
1464          	OVC	-1.443972e-02	-6.994766e-03	-6.079082e-03
1464          	shield_slave	-1.567485e-02	-1.206856e-02	-4.324262e-03
1465          	OVC	-1.443810e-02	-6.996121e-03	-6.079089e-03
1465          	shield_slave	-1.568478e-02	-1.206959e-02	-4.324309e-03
1466          	OVC	-1.443910e-02	-6.995137e-03	-6.079052e-03
1466          	shield_slave	-1.570266e-02	-1.206680e-02	-4.324239e-03
1467          	OVC	-1.443927e-02	-6.994307e-03	-6.079115e-03
1467          	shield_slave	-1.572717e-02	-1.206873e-02	-4.324238e-03
1468          	OVC	-1.444009e-02	-6.990226e-03	-6.079162e-03
1468          	shield_slave	-1.570105e-02	-1.206795e-02	-4.324263e-03
1469          	OVC	-1.443861e-02	-6.988880e-03	-6.079063e-03
1469          	shield_slave	-1.570948e-02	-1.206990e-02	-4.324320e-03
1470          	OVC	-1.443819e-02	-6.990827e-03	-6.079092e-03
1470          	shield_slave	-1.570760e-02	-1.206893e-02	-4.324339e-03
1471          	OVC	-1.443795e-02	-6.993168e-03	-6.078982e-03
1471          	shield_slave	-1.570953e-02	-1.206519e-02	-4.324263e-03
1472          	OVC	-1.443880e-02	-6.995591e-03	-6.078931e-03
1472          	shield_slave	-1.572484e-02	-1.206569e-02	-4.324263e-03
1473          	OVC	-1.443916e-02	-6.994133e-03	-6.079016e-03
1473          	shield_slave	-1.571899e-02	-1.206670e-02	-4.324276e-03
1474          	OVC	-1.443842e-02	-6.992271e-03	-6.078987e-03
1474          	shield_slave	-1.572383e-02	-1.206713e-02	-4.324253e-03
1475          	OVC	-1.443991e-02	-6.989877e-03	-6.078906e-03
1475          	shield_slave	-1.574410e-02	-1.206927e-02	-4.324301e-03
1476          	OVC	-1.443932e-02	-6.991952e-03	-6.079006e-03
1476          	shield_slave	-1.575390e-02	-1.206854e-02	-4.324344e-03
1477          	OVC	-1.443984e-02	-6.993732e-03	-6.078985e-03
1477          	shield_slave	-1.574308e-02	-1.207148e-02	-4.324433e-03
1478          	OVC	-1.444172e-02	-6.994735e-03	-6.078931e-03
1478          	shield_slave	-1.573185e-02	-1.207170e-02	-4.324419e-03
1479          	OVC	-1.444127e-02	-6.997866e-03	-6.078973e-03
1479          	shield_slave	-1.574056e-02	-1.207186e-02	-4.324473e-03
1480          	OVC	-1.444121e-02	-6.996242e-03	-6.078834e-03
1480          	shield_slave	-1.572488e-02	-1.207022e-02	-4.324482e-03
1481          	OVC	-1.444078e-02	-6.995893e-03	-6.078925e-03
1481          	shield_slave	-1.572939e-02	-1.206707e-02	-4.324500e-03
1482          	OVC	-1.444316e-02	-6.994174e-03	-6.078966e-03
1482          	shield_slave	-1.570867e-02	-1.206721e-02	-4.324496e-03
1483          	OVC	-1.444298e-02	-6.994023e-03	-6.078951e-03
1483          	shield_slave	-1.569611e-02	-1.207024e-02	-4.324377e-03
1484          	OVC	-1.444482e-02	-6.994876e-03	-6.078983e-03
1484          	shield_slave	-1.571686e-02	-1.207131e-02	-4.324381e-03
1485          	OVC	-1.444468e-02	-6.993489e-03	-6.078928e-03
1485          	shield_slave	-1.572511e-02	-1.207033e-02	-4.324373e-03
1486          	OVC	-1.444292e-02	-6.995695e-03	-6.078986e-03
1486          	shield_slave	-1.572868e-02	-1.207306e-02	-4.324288e-03
1487          	OVC	-1.444228e-02	-6.995429e-03	-6.079013e-03
1487          	shield_slave	-1.573023e-02	-1.207262e-02	-4.324306e-03
1488          	OVC	-1.444077e-02	-6.995868e-03	-6.079041e-03
1488          	shield_slave	-1.569476e-02	-1.207205e-02	-4.324339e-03
1489          	OVC	-1.444102e-02	-6.996305e-03	-6.079124e-03
1489          	shield_slave	-1.569380e-02	-1.207175e-02	-4.324304e-03
1490          	OVC	-1.444367e-02	-6.997976e-03	-6.079040e-03
1490          	shield_slave	-1.569470e-02	-1.207056e-02	-4.324317e-03
1491          	OVC	-1.444380e-02	-6.995283e-03	-6.079168e-03
1491          	shield_slave	-1.568706e-02	-1.206905e-02	-4.324284e-03
1492          	OVC	-1.444267e-02	-6.994570e-03	-6.079210e-03
1492          	shield_slave	-1.568056e-02	-1.206702e-02	-4.324284e-03
1493          	OVC	-1.444142e-02	-6.994028e-03	-6.079281e-03
1493          	shield_slave	-1.569406e-02	-1.206513e-02	-4.324236e-03
1494          	OVC	-1.444052e-02	-6.991924e-03	-6.079177e-03
1494          	shield_slave	-1.570176e-02	-1.206400e-02	-4.324266e-03
1495          	OVC	-1.444002e-02	-6.990995e-03	-6.079087e-03
1495          	shield_slave	-1.568863e-02	-1.206534e-02	-4.324254e-03
1496          	OVC	-1.443957e-02	-6.993541e-03	-6.079174e-03
1496          	shield_slave	-1.569290e-02	-1.206419e-02	-4.324170e-03
1497          	OVC	-1.444021e-02	-6.996514e-03	-6.079121e-03
1497          	shield_slave	-1.567663e-02	-1.206286e-02	-4.324267e-03
1498          	OVC	-1.444016e-02	-6.998637e-03	-6.079232e-03
1498          	shield_slave	-1.567413e-02	-1.206097e-02	-4.324314e-03
1499          	OVC	-1.444023e-02	-6.998849e-03	-6.079255e-03
1499          	shield_slave	-1.566937e-02	-1.206441e-02	-4.324318e-03
1500          	OVC	-1.443972e-02	-6.998133e-03	-6.079156e-03
1500          	shield_slave	-1.566206e-02	-1.206543e-02	-4.324334e-03
1501          	OVC	-1.443974e-02	-6.998658e-03	-6.079035e-03
1501          	shield_slave	-1.567510e-02	-1.206630e-02	-4.324246e-03
1502          	OVC	-1.444097e-02	-6.994904e-03	-6.079091e-03
1502          	shield_slave	-1.569502e-02	-1.206537e-02	-4.324288e-03
1503          	OVC	-1.444199e-02	-6.998647e-03	-6.079137e-03
1503          	shield_slave	-1.570499e-02	-1.206585e-02	-4.324299e-03
1504          	OVC	-1.443961e-02	-6.998086e-03	-6.079206e-03
1504          	shield_slave	-1.568799e-02	-1.206679e-02	-4.324257e-03
1505          	OVC	-1.444000e-02	-6.996738e-03	-6.079230e-03
1505          	shield_slave	-1.570298e-02	-1.206712e-02	-4.324233e-03
1506          	OVC	-1.444138e-02	-6.995368e-03	-6.079379e-03
1506          	shield_slave	-1.571206e-02	-1.206580e-02	-4.324255e-03
1507          	OVC	-1.444295e-02	-6.995041e-03	-6.079250e-03
1507          	shield_slave	-1.570286e-02	-1.206568e-02	-4.324250e-03
1508          	OVC	-1.444587e-02	-6.997083e-03	-6.079219e-03
1508          	shield_slave	-1.568038e-02	-1.206581e-02	-4.324222e-03
1509          	OVC	-1.444626e-02	-6.995662e-03	-6.079198e-03
1509          	shield_slave	-1.568252e-02	-1.206439e-02	-4.324252e-03
1510          	OVC	-1.444530e-02	-6.995226e-03	-6.079281e-03
1510          	shield_slave	-1.568346e-02	-1.206623e-02	-4.324242e-03
1511          	OVC	-1.444465e-02	-6.994883e-03	-6.079340e-03
1511          	shield_slave	-1.568463e-02	-1.206310e-02	-4.324264e-03
1512          	OVC	-1.444521e-02	-6.991537e-03	-6.079245e-03
1512          	shield_slave	-1.568399e-02	-1.206452e-02	-4.324275e-03
1513          	OVC	-1.444520e-02	-6.994112e-03	-6.079244e-03
1513          	shield_slave	-1.568429e-02	-1.206182e-02	-4.324326e-03
1514          	OVC	-1.444195e-02	-6.995998e-03	-6.079077e-03
1514          	shield_slave	-1.567452e-02	-1.206251e-02	-4.324357e-03
1515          	OVC	-1.444382e-02	-6.995784e-03	-6.079058e-03
1515          	shield_slave	-1.568807e-02	-1.206022e-02	-4.324278e-03
1516          	OVC	-1.444370e-02	-6.993861e-03	-6.079126e-03
1516          	shield_slave	-1.569368e-02	-1.206135e-02	-4.324281e-03
1517          	OVC	-1.444354e-02	-6.994528e-03	-6.079047e-03
1517          	shield_slave	-1.570061e-02	-1.206075e-02	-4.324280e-03
1518          	OVC	-1.444454e-02	-6.997993e-03	-6.079053e-03
1518          	shield_slave	-1.569280e-02	-1.205987e-02	-4.324330e-03
1519          	OVC	-1.444402e-02	-6.996526e-03	-6.078963e-03
1519          	shield_slave	-1.569724e-02	-1.205887e-02	-4.324343e-03
1520          	OVC	-1.444409e-02	-6.995121e-03	-6.078844e-03
1520          	shield_slave	-1.571086e-02	-1.206012e-02	-4.324484e-03
1521          	OVC	-1.444272e-02	-6.995154e-03	-6.078833e-03
1521          	shield_slave	-1.571983e-02	-1.206135e-02	-4.324406e-03
1522          	OVC	-1.444173e-02	-6.995179e-03	-6.078809e-03
1522          	shield_slave	-1.570482e-02	-1.206458e-02	-4.324432e-03
1523          	OVC	-1.444295e-02	-6.995263e-03	-6.078816e-03
1523          	shield_slave	-1.568416e-02	-1.206533e-02	-4.324417e-03
1524          	OVC	-1.444441e-02	-6.996136e-03	-6.078826e-03
1524          	shield_slave	-1.566646e-02	-1.206467e-02	-4.324359e-03
1525          	OVC	-1.444529e-02	-6.994036e-03	-6.078913e-03
1525          	shield_slave	-1.567729e-02	-1.206358e-02	-4.324327e-03
1526          	OVC	-1.444499e-02	-6.992613e-03	-6.078998e-03
1526          	shield_slave	-1.568723e-02	-1.206472e-02	-4.324343e-03
1527          	OVC	-1.444316e-02	-6.991544e-03	-6.078987e-03
1527          	shield_slave	-1.568934e-02	-1.206541e-02	-4.324361e-03
1528          	OVC	-1.444400e-02	-6.989964e-03	-6.078874e-03
1528          	shield_slave	-1.568676e-02	-1.206480e-02	-4.324352e-03
1529          	OVC	-1.444419e-02	-6.993540e-03	-6.078962e-03
1529          	shield_slave	-1.570404e-02	-1.206413e-02	-4.324375e-03
1530          	OVC	-1.444560e-02	-6.991514e-03	-6.078916e-03
1530          	shield_slave	-1.571186e-02	-1.206309e-02	-4.324380e-03
1531          	OVC	-1.444542e-02	-6.991670e-03	-6.078831e-03
1531          	shield_slave	-1.572484e-02	-1.206141e-02	-4.324420e-03
1532          	OVC	-1.444510e-02	-6.988181e-03	-6.078924e-03
1532          	shield_slave	-1.571869e-02	-1.206193e-02	-4.324390e-03
1533          	OVC	-1.444404e-02	-6.988697e-03	-6.078922e-03
1533          	shield_slave	-1.569620e-02	-1.206391e-02	-4.324409e-03
1534          	OVC	-1.444310e-02	-6.987649e-03	-6.079020e-03
1534          	shield_slave	-1.570228e-02	-1.206597e-02	-4.324359e-03
1535          	OVC	-1.444280e-02	-6.988818e-03	-6.079037e-03
1535          	shield_slave	-1.570548e-02	-1.206538e-02	-4.324393e-03
1536          	OVC	-1.444060e-02	-6.987016e-03	-6.078854e-03
1536          	shield_slave	-1.570672e-02	-1.206324e-02	-4.324409e-03
1537          	OVC	-1.444037e-02	-6.988883e-03	-6.078819e-03
1537          	shield_slave	-1.570143e-02	-1.206317e-02	-4.324353e-03
1538          	OVC	-1.444225e-02	-6.988412e-03	-6.078932e-03
1538          	shield_slave	-1.572368e-02	-1.206375e-02	-4.324380e-03
1539          	OVC	-1.444466e-02	-6.989074e-03	-6.078834e-03
1539          	shield_slave	-1.571479e-02	-1.206395e-02	-4.324445e-03
1540          	OVC	-1.444456e-02	-6.989293e-03	-6.078923e-03
1540          	shield_slave	-1.569153e-02	-1.206341e-02	-4.324451e-03
1541          	OVC	-1.444398e-02	-6.990454e-03	-6.079031e-03
1541          	shield_slave	-1.569921e-02	-1.206045e-02	-4.324456e-03
1542          	OVC	-1.444534e-02	-6.989039e-03	-6.079072e-03
1542          	shield_slave	-1.569794e-02	-1.206016e-02	-4.324434e-03
1543          	OVC	-1.444756e-02	-6.990682e-03	-6.079080e-03
1543          	shield_slave	-1.568550e-02	-1.206379e-02	-4.324444e-03
1544          	OVC	-1.445005e-02	-6.988191e-03	-6.079040e-03
1544          	shield_slave	-1.568996e-02	-1.206452e-02	-4.324441e-03
1545          	OVC	-1.444990e-02	-6.989961e-03	-6.078902e-03
1545          	shield_slave	-1.568154e-02	-1.206219e-02	-4.324454e-03
1546          	OVC	-1.444966e-02	-6.990626e-03	-6.078869e-03
1546          	shield_slave	-1.569028e-02	-1.206560e-02	-4.324381e-03
1547          	OVC	-1.444761e-02	-6.987826e-03	-6.078906e-03
1547          	shield_slave	-1.568407e-02	-1.206687e-02	-4.324401e-03
1548          	OVC	-1.444597e-02	-6.985686e-03	-6.078869e-03
1548          	shield_slave	-1.567022e-02	-1.206834e-02	-4.324407e-03
1549          	OVC	-1.444793e-02	-6.988595e-03	-6.078925e-03
1549          	shield_slave	-1.570122e-02	-1.206763e-02	-4.324492e-03
1550          	OVC	-1.444761e-02	-6.990436e-03	-6.079019e-03
1550          	shield_slave	-1.568934e-02	-1.206672e-02	-4.324536e-03
1551          	OVC	-1.444812e-02	-6.992027e-03	-6.078974e-03
1551          	shield_slave	-1.569218e-02	-1.206967e-02	-4.324490e-03
1552          	OVC	-1.444824e-02	-6.989984e-03	-6.079064e-03
1552          	shield_slave	-1.569869e-02	-1.206897e-02	-4.324408e-03
1553          	OVC	-1.444879e-02	-6.990428e-03	-6.079136e-03
1553          	shield_slave	-1.569214e-02	-1.206718e-02	-4.324432e-03
1554          	OVC	-1.444760e-02	-6.988554e-03	-6.079025e-03
1554          	shield_slave	-1.568495e-02	-1.206496e-02	-4.324452e-03
1555          	OVC	-1.444552e-02	-6.988053e-03	-6.079004e-03
1555          	shield_slave	-1.569485e-02	-1.206153e-02	-4.324520e-03
1556          	OVC	-1.444575e-02	-6.988263e-03	-6.078998e-03
1556          	shield_slave	-1.570452e-02	-1.206015e-02	-4.324532e-03
1557          	OVC	-1.444342e-02	-6.987907e-03	-6.079175e-03
1557          	shield_slave	-1.570210e-02	-1.205882e-02	-4.324558e-03
1558          	OVC	-1.444252e-02	-6.987009e-03	-6.079212e-03
1558          	shield_slave	-1.569923e-02	-1.205983e-02	-4.324552e-03
1559          	OVC	-1.444121e-02	-6.987442e-03	-6.079261e-03
1559          	shield_slave	-1.570499e-02	-1.205932e-02	-4.324489e-03
1560          	OVC	-1.443975e-02	-6.988212e-03	-6.079190e-03
1560          	shield_slave	-1.570349e-02	-1.206100e-02	-4.324477e-03
1561          	OVC	-1.443951e-02	-6.990223e-03	-6.079206e-03
1561          	shield_slave	-1.569602e-02	-1.206162e-02	-4.324485e-03
1562          	OVC	-1.444003e-02	-6.990206e-03	-6.079235e-03
1562          	shield_slave	-1.570522e-02	-1.206465e-02	-4.324472e-03
1563          	OVC	-1.444126e-02	-6.988914e-03	-6.079353e-03
1563          	shield_slave	-1.572095e-02	-1.206679e-02	-4.324564e-03
1564          	OVC	-1.444068e-02	-6.986113e-03	-6.079205e-03
1564          	shield_slave	-1.573859e-02	-1.206413e-02	-4.324581e-03
1565          	OVC	-1.443957e-02	-6.986400e-03	-6.079215e-03
1565          	shield_slave	-1.571985e-02	-1.206250e-02	-4.324493e-03
1566          	OVC	-1.443968e-02	-6.986668e-03	-6.079298e-03
1566          	shield_slave	-1.573394e-02	-1.206202e-02	-4.324513e-03
1567          	OVC	-1.443998e-02	-6.989176e-03	-6.079449e-03
1567          	shield_slave	-1.571560e-02	-1.206273e-02	-4.324435e-03
1568          	OVC	-1.444045e-02	-6.988178e-03	-6.079252e-03
1568          	shield_slave	-1.570908e-02	-1.206094e-02	-4.324525e-03
1569          	OVC	-1.444134e-02	-6.988925e-03	-6.079161e-03
1569          	shield_slave	-1.570581e-02	-1.206045e-02	-4.324408e-03
1570          	OVC	-1.444201e-02	-6.987956e-03	-6.079004e-03
1570          	shield_slave	-1.571165e-02	-1.206071e-02	-4.324385e-03
1571          	OVC	-1.444112e-02	-6.989322e-03	-6.079105e-03
1571          	shield_slave	-1.570649e-02	-1.206104e-02	-4.324282e-03
1572          	OVC	-1.444027e-02	-6.987948e-03	-6.079126e-03
1572          	shield_slave	-1.570762e-02	-1.206341e-02	-4.324342e-03
1573          	OVC	-1.444124e-02	-6.986840e-03	-6.079112e-03
1573          	shield_slave	-1.569576e-02	-1.206453e-02	-4.324381e-03
1574          	OVC	-1.444146e-02	-6.988728e-03	-6.079173e-03
1574          	shield_slave	-1.569695e-02	-1.206416e-02	-4.324471e-03
1575          	OVC	-1.444049e-02	-6.988910e-03	-6.079032e-03
1575          	shield_slave	-1.568907e-02	-1.206321e-02	-4.324464e-03
1576          	OVC	-1.443968e-02	-6.990729e-03	-6.078968e-03
1576          	shield_slave	-1.570301e-02	-1.206210e-02	-4.324430e-03
1577          	OVC	-1.443795e-02	-6.989514e-03	-6.078968e-03
1577          	shield_slave	-1.569706e-02	-1.206404e-02	-4.324460e-03
1578          	OVC	-1.443797e-02	-6.991033e-03	-6.078987e-03
1578          	shield_slave	-1.569962e-02	-1.206350e-02	-4.324523e-03
1579          	OVC	-1.443705e-02	-6.989729e-03	-6.079139e-03
1579          	shield_slave	-1.568052e-02	-1.206531e-02	-4.324525e-03
1580          	OVC	-1.443768e-02	-6.990907e-03	-6.078984e-03
1580          	shield_slave	-1.569465e-02	-1.206558e-02	-4.324588e-03
1581          	OVC	-1.443639e-02	-6.989835e-03	-6.078963e-03
1581          	shield_slave	-1.568777e-02	-1.206518e-02	-4.324622e-03
1582          	OVC	-1.443634e-02	-6.987881e-03	-6.079004e-03
1582          	shield_slave	-1.569034e-02	-1.206365e-02	-4.324653e-03
1583          	OVC	-1.443606e-02	-6.987498e-03	-6.079055e-03
1583          	shield_slave	-1.569435e-02	-1.206340e-02	-4.324747e-03
1584          	OVC	-1.443627e-02	-6.986340e-03	-6.079047e-03
1584          	shield_slave	-1.569881e-02	-1.206241e-02	-4.324775e-03
1585          	OVC	-1.443708e-02	-6.986632e-03	-6.079200e-03
1585          	shield_slave	-1.568340e-02	-1.206355e-02	-4.324666e-03
1586          	OVC	-1.443868e-02	-6.985550e-03	-6.079169e-03
1586          	shield_slave	-1.568795e-02	-1.206066e-02	-4.324669e-03
1587          	OVC	-1.443957e-02	-6.986441e-03	-6.079356e-03
1587          	shield_slave	-1.569116e-02	-1.206093e-02	-4.324605e-03
1588          	OVC	-1.443902e-02	-6.987198e-03	-6.079306e-03
1588          	shield_slave	-1.570240e-02	-1.205936e-02	-4.324608e-03
1589          	OVC	-1.444019e-02	-6.988084e-03	-6.079172e-03
1589          	shield_slave	-1.570352e-02	-1.205917e-02	-4.324561e-03
1590          	OVC	-1.443923e-02	-6.986833e-03	-6.079098e-03
1590          	shield_slave	-1.570475e-02	-1.205619e-02	-4.324448e-03
1591          	OVC	-1.443899e-02	-6.987675e-03	-6.079001e-03
1591          	shield_slave	-1.571320e-02	-1.205528e-02	-4.324522e-03
1592          	OVC	-1.444063e-02	-6.987698e-03	-6.078925e-03
1592          	shield_slave	-1.571458e-02	-1.205337e-02	-4.324381e-03
1593          	OVC	-1.444185e-02	-6.986958e-03	-6.079093e-03
1593          	shield_slave	-1.572836e-02	-1.205392e-02	-4.324291e-03
1594          	OVC	-1.444248e-02	-6.986806e-03	-6.079186e-03
1594          	shield_slave	-1.571688e-02	-1.205576e-02	-4.324264e-03
1595          	OVC	-1.443998e-02	-6.985245e-03	-6.079271e-03
1595          	shield_slave	-1.570407e-02	-1.205715e-02	-4.324267e-03
1596          	OVC	-1.443737e-02	-6.986894e-03	-6.079214e-03
1596          	shield_slave	-1.569463e-02	-1.205853e-02	-4.324246e-03
1597          	OVC	-1.443691e-02	-6.984162e-03	-6.079005e-03
1597          	shield_slave	-1.569149e-02	-1.206102e-02	-4.324250e-03
1598          	OVC	-1.443781e-02	-6.983769e-03	-6.079057e-03
1598          	shield_slave	-1.568943e-02	-1.205931e-02	-4.324274e-03
1599          	OVC	-1.443894e-02	-6.983223e-03	-6.079065e-03
1599          	shield_slave	-1.567877e-02	-1.205971e-02	-4.324321e-03
1600          	OVC	-1.444066e-02	-6.982813e-03	-6.079035e-03
1600          	shield_slave	-1.568446e-02	-1.205995e-02	-4.324271e-03
1601          	OVC	-1.443959e-02	-6.984266e-03	-6.079072e-03
1601          	shield_slave	-1.569632e-02	-1.205979e-02	-4.324238e-03
1602          	OVC	-1.444056e-02	-6.984758e-03	-6.079015e-03
1602          	shield_slave	-1.569282e-02	-1.206053e-02	-4.324214e-03
1603          	OVC	-1.443933e-02	-6.985937e-03	-6.078956e-03
1603          	shield_slave	-1.571116e-02	-1.205899e-02	-4.324209e-03
1604          	OVC	-1.443867e-02	-6.984965e-03	-6.078883e-03
1604          	shield_slave	-1.569515e-02	-1.206077e-02	-4.324207e-03
1605          	OVC	-1.443919e-02	-6.984168e-03	-6.078913e-03
1605          	shield_slave	-1.568034e-02	-1.205922e-02	-4.324268e-03
1606          	OVC	-1.443913e-02	-6.986283e-03	-6.078960e-03
1606          	shield_slave	-1.567998e-02	-1.205645e-02	-4.324149e-03
1607          	OVC	-1.444030e-02	-6.987451e-03	-6.079071e-03
1607          	shield_slave	-1.567913e-02	-1.205670e-02	-4.324240e-03
1608          	OVC	-1.443951e-02	-6.983918e-03	-6.079094e-03
1608          	shield_slave	-1.568245e-02	-1.206052e-02	-4.324178e-03
1609          	OVC	-1.444044e-02	-6.984562e-03	-6.079238e-03
1609          	shield_slave	-1.567140e-02	-1.205837e-02	-4.324240e-03
1610          	OVC	-1.443871e-02	-6.983127e-03	-6.079095e-03
1610          	shield_slave	-1.568940e-02	-1.206006e-02	-4.324286e-03
1611          	OVC	-1.443936e-02	-6.984910e-03	-6.079075e-03
1611          	shield_slave	-1.567859e-02	-1.205984e-02	-4.324329e-03
1612          	OVC	-1.443877e-02	-6.983817e-03	-6.078908e-03
1612          	shield_slave	-1.569744e-02	-1.206085e-02	-4.324358e-03
1613          	OVC	-1.443923e-02	-6.981136e-03	-6.078939e-03
1613          	shield_slave	-1.569911e-02	-1.206189e-02	-4.324330e-03
1614          	OVC	-1.444018e-02	-6.981736e-03	-6.079047e-03
1614          	shield_slave	-1.570095e-02	-1.205989e-02	-4.324354e-03
1615          	OVC	-1.443907e-02	-6.979839e-03	-6.079187e-03
1615          	shield_slave	-1.571171e-02	-1.206227e-02	-4.324318e-03
1616          	OVC	-1.443796e-02	-6.981669e-03	-6.079029e-03
1616          	shield_slave	-1.571195e-02	-1.206101e-02	-4.324261e-03
1617          	OVC	-1.443864e-02	-6.983395e-03	-6.079168e-03
1617          	shield_slave	-1.572869e-02	-1.206303e-02	-4.324253e-03
1618          	OVC	-1.443788e-02	-6.982146e-03	-6.079060e-03
1618          	shield_slave	-1.570868e-02	-1.206050e-02	-4.324265e-03
1619          	OVC	-1.443755e-02	-6.982643e-03	-6.079018e-03
1619          	shield_slave	-1.571759e-02	-1.206061e-02	-4.324273e-03
1620          	OVC	-1.443775e-02	-6.984031e-03	-6.079220e-03
1620          	shield_slave	-1.571192e-02	-1.205955e-02	-4.324306e-03
1621          	OVC	-1.443921e-02	-6.982698e-03	-6.079210e-03
1621          	shield_slave	-1.570037e-02	-1.206129e-02	-4.324378e-03
1622          	OVC	-1.443658e-02	-6.980629e-03	-6.079345e-03
1622          	shield_slave	-1.570456e-02	-1.206032e-02	-4.324426e-03
1623          	OVC	-1.443753e-02	-6.980019e-03	-6.079467e-03
1623          	shield_slave	-1.569613e-02	-1.206105e-02	-4.324420e-03
1624          	OVC	-1.443742e-02	-6.977879e-03	-6.079419e-03
1624          	shield_slave	-1.570231e-02	-1.205827e-02	-4.324426e-03
1625          	OVC	-1.443853e-02	-6.978056e-03	-6.079476e-03
1625          	shield_slave	-1.568968e-02	-1.205664e-02	-4.324383e-03
1626          	OVC	-1.444041e-02	-6.979115e-03	-6.079301e-03
1626          	shield_slave	-1.568353e-02	-1.205784e-02	-4.324388e-03
1627          	OVC	-1.444051e-02	-6.978648e-03	-6.079547e-03
1627          	shield_slave	-1.568140e-02	-1.205830e-02	-4.324333e-03
1628          	OVC	-1.443937e-02	-6.974785e-03	-6.079501e-03
1628          	shield_slave	-1.566499e-02	-1.206239e-02	-4.324402e-03
1629          	OVC	-1.443678e-02	-6.973311e-03	-6.079767e-03
1629          	shield_slave	-1.565550e-02	-1.206236e-02	-4.324378e-03
1630          	OVC	-1.443518e-02	-6.973735e-03	-6.079618e-03
1630          	shield_slave	-1.566458e-02	-1.206417e-02	-4.324458e-03
1631          	OVC	-1.443471e-02	-6.978034e-03	-6.079733e-03
1631          	shield_slave	-1.566807e-02	-1.206183e-02	-4.324465e-03
1632          	OVC	-1.443443e-02	-6.977114e-03	-6.079564e-03
1632          	shield_slave	-1.567822e-02	-1.206389e-02	-4.324475e-03
1633          	OVC	-1.443515e-02	-6.981149e-03	-6.079743e-03
1633          	shield_slave	-1.567391e-02	-1.205985e-02	-4.324504e-03
1634          	OVC	-1.443453e-02	-6.980022e-03	-6.079702e-03
1634          	shield_slave	-1.566293e-02	-1.205628e-02	-4.324565e-03
1635          	OVC	-1.443499e-02	-6.981016e-03	-6.079892e-03
1635          	shield_slave	-1.565842e-02	-1.205576e-02	-4.324576e-03
1636          	OVC	-1.443636e-02	-6.978302e-03	-6.079703e-03
1636          	shield_slave	-1.566538e-02	-1.205728e-02	-4.324515e-03
1637          	OVC	-1.443764e-02	-6.978974e-03	-6.079612e-03
1637          	shield_slave	-1.566984e-02	-1.205874e-02	-4.324473e-03
1638          	OVC	-1.443872e-02	-6.977754e-03	-6.079625e-03
1638          	shield_slave	-1.567847e-02	-1.205712e-02	-4.324421e-03
1639          	OVC	-1.443844e-02	-6.981776e-03	-6.079730e-03
1639          	shield_slave	-1.566937e-02	-1.205725e-02	-4.324385e-03
1640          	OVC	-1.443815e-02	-6.979913e-03	-6.079583e-03
1640          	shield_slave	-1.569125e-02	-1.205833e-02	-4.324384e-03
1641          	OVC	-1.443745e-02	-6.978952e-03	-6.079765e-03
1641          	shield_slave	-1.568473e-02	-1.205818e-02	-4.324366e-03
1642          	OVC	-1.443798e-02	-6.979682e-03	-6.079906e-03
1642          	shield_slave	-1.569394e-02	-1.205935e-02	-4.324342e-03
1643          	OVC	-1.443743e-02	-6.978732e-03	-6.079889e-03
1643          	shield_slave	-1.569121e-02	-1.205700e-02	-4.324352e-03
1644          	OVC	-1.443757e-02	-6.978993e-03	-6.079799e-03
1644          	shield_slave	-1.568176e-02	-1.205520e-02	-4.324452e-03
1645          	OVC	-1.443858e-02	-6.976875e-03	-6.079639e-03
1645          	shield_slave	-1.568941e-02	-1.205185e-02	-4.324533e-03
1646          	OVC	-1.443774e-02	-6.976931e-03	-6.079780e-03
1646          	shield_slave	-1.569458e-02	-1.205153e-02	-4.324497e-03
1647          	OVC	-1.444054e-02	-6.977374e-03	-6.079786e-03
1647          	shield_slave	-1.569545e-02	-1.205396e-02	-4.324569e-03
1648          	OVC	-1.443979e-02	-6.975717e-03	-6.079623e-03
1648          	shield_slave	-1.568027e-02	-1.205284e-02	-4.324573e-03
1649          	OVC	-1.443938e-02	-6.974769e-03	-6.079624e-03
1649          	shield_slave	-1.568733e-02	-1.205203e-02	-4.324607e-03
1650          	OVC	-1.443852e-02	-6.978537e-03	-6.079436e-03
1650          	shield_slave	-1.568458e-02	-1.205345e-02	-4.324616e-03
1651          	OVC	-1.443812e-02	-6.978829e-03	-6.079350e-03
1651          	shield_slave	-1.569247e-02	-1.205610e-02	-4.324684e-03
1652          	OVC	-1.443882e-02	-6.976958e-03	-6.079404e-03
1652          	shield_slave	-1.570295e-02	-1.205359e-02	-4.324604e-03
1653          	OVC	-1.443736e-02	-6.976953e-03	-6.079337e-03
1653          	shield_slave	-1.570559e-02	-1.205430e-02	-4.324674e-03
1654          	OVC	-1.443977e-02	-6.977922e-03	-6.079258e-03
1654          	shield_slave	-1.570373e-02	-1.205398e-02	-4.324731e-03
1655          	OVC	-1.443989e-02	-6.974309e-03	-6.079225e-03
1655          	shield_slave	-1.571572e-02	-1.205617e-02	-4.324739e-03
1656          	OVC	-1.444069e-02	-6.973823e-03	-6.079230e-03
1656          	shield_slave	-1.572996e-02	-1.205783e-02	-4.324710e-03
1657          	OVC	-1.443919e-02	-6.976578e-03	-6.079309e-03
1657          	shield_slave	-1.570227e-02	-1.205888e-02	-4.324654e-03
1658          	OVC	-1.443866e-02	-6.975782e-03	-6.079395e-03
1658          	shield_slave	-1.570019e-02	-1.205566e-02	-4.324669e-03
1659          	OVC	-1.443849e-02	-6.981875e-03	-6.079369e-03
1659          	shield_slave	-1.569897e-02	-1.205703e-02	-4.324685e-03
1660          	OVC	-1.443741e-02	-6.979944e-03	-6.079254e-03
1660          	shield_slave	-1.571780e-02	-1.205319e-02	-4.324692e-03
1661          	OVC	-1.443810e-02	-6.979034e-03	-6.079408e-03
1661          	shield_slave	-1.573749e-02	-1.205552e-02	-4.324732e-03
1662          	OVC	-1.443945e-02	-6.978804e-03	-6.079488e-03
1662          	shield_slave	-1.573357e-02	-1.205924e-02	-4.324749e-03
1663          	OVC	-1.443983e-02	-6.978460e-03	-6.079474e-03
1663          	shield_slave	-1.571745e-02	-1.205741e-02	-4.324646e-03
1664          	OVC	-1.444053e-02	-6.977713e-03	-6.079444e-03
1664          	shield_slave	-1.571430e-02	-1.205574e-02	-4.324603e-03
1665          	OVC	-1.444080e-02	-6.979963e-03	-6.079372e-03
1665          	shield_slave	-1.568520e-02	-1.205978e-02	-4.324643e-03
1666          	OVC	-1.444117e-02	-6.979711e-03	-6.079185e-03
1666          	shield_slave	-1.565615e-02	-1.206195e-02	-4.324651e-03
1667          	OVC	-1.443952e-02	-6.980455e-03	-6.079023e-03
1667          	shield_slave	-1.565173e-02	-1.206046e-02	-4.324683e-03
1668          	OVC	-1.443945e-02	-6.983068e-03	-6.079121e-03
1668          	shield_slave	-1.564687e-02	-1.206004e-02	-4.324721e-03
1669          	OVC	-1.444114e-02	-6.981987e-03	-6.079208e-03
1669          	shield_slave	-1.563505e-02	-1.205976e-02	-4.324768e-03
1670          	OVC	-1.444074e-02	-6.980889e-03	-6.079278e-03
1670          	shield_slave	-1.563378e-02	-1.206244e-02	-4.324700e-03
1671          	OVC	-1.443982e-02	-6.981178e-03	-6.079332e-03
1671          	shield_slave	-1.564913e-02	-1.206143e-02	-4.324755e-03
1672          	OVC	-1.444114e-02	-6.981614e-03	-6.079237e-03
1672          	shield_slave	-1.565012e-02	-1.206130e-02	-4.324695e-03
1673          	OVC	-1.444164e-02	-6.978656e-03	-6.079316e-03
1673          	shield_slave	-1.565689e-02	-1.205834e-02	-4.324639e-03
1674          	OVC	-1.444034e-02	-6.978899e-03	-6.079334e-03
1674          	shield_slave	-1.565406e-02	-1.205923e-02	-4.324633e-03
1675          	OVC	-1.444160e-02	-6.977363e-03	-6.079337e-03
1675          	shield_slave	-1.566196e-02	-1.206218e-02	-4.324633e-03
1676          	OVC	-1.444241e-02	-6.975196e-03	-6.079057e-03
1676          	shield_slave	-1.566743e-02	-1.206236e-02	-4.324604e-03
1677          	OVC	-1.444054e-02	-6.973102e-03	-6.078927e-03
1677          	shield_slave	-1.566977e-02	-1.205910e-02	-4.324602e-03
1678          	OVC	-1.444162e-02	-6.976942e-03	-6.079048e-03
1678          	shield_slave	-1.567354e-02	-1.205954e-02	-4.324571e-03
1679          	OVC	-1.444166e-02	-6.975941e-03	-6.079161e-03
1679          	shield_slave	-1.567425e-02	-1.205866e-02	-4.324507e-03
1680          	OVC	-1.444187e-02	-6.974810e-03	-6.079361e-03
1680          	shield_slave	-1.569775e-02	-1.205970e-02	-4.324451e-03
1681          	OVC	-1.443902e-02	-6.978004e-03	-6.079449e-03
1681          	shield_slave	-1.570147e-02	-1.206069e-02	-4.324425e-03
1682          	OVC	-1.443994e-02	-6.979422e-03	-6.079491e-03
1682          	shield_slave	-1.568783e-02	-1.205869e-02	-4.324381e-03
1683          	OVC	-1.443998e-02	-6.978712e-03	-6.079311e-03
1683          	shield_slave	-1.567485e-02	-1.205976e-02	-4.324310e-03
1684          	OVC	-1.444020e-02	-6.974267e-03	-6.079203e-03
1684          	shield_slave	-1.566954e-02	-1.205759e-02	-4.324376e-03
1685          	OVC	-1.443927e-02	-6.976132e-03	-6.079094e-03
1685          	shield_slave	-1.567235e-02	-1.205547e-02	-4.324425e-03
1686          	OVC	-1.443909e-02	-6.976303e-03	-6.079205e-03
1686          	shield_slave	-1.568216e-02	-1.205406e-02	-4.324437e-03
1687          	OVC	-1.443740e-02	-6.979703e-03	-6.079216e-03
1687          	shield_slave	-1.568954e-02	-1.205305e-02	-4.324401e-03
1688          	OVC	-1.443490e-02	-6.982107e-03	-6.079087e-03
1688          	shield_slave	-1.568744e-02	-1.205313e-02	-4.324417e-03
1689          	OVC	-1.443466e-02	-6.980514e-03	-6.078900e-03
1689          	shield_slave	-1.568532e-02	-1.205498e-02	-4.324388e-03
1690          	OVC	-1.443471e-02	-6.980587e-03	-6.078872e-03
1690          	shield_slave	-1.568393e-02	-1.205743e-02	-4.324450e-03
1691          	OVC	-1.443410e-02	-6.980166e-03	-6.078956e-03
1691          	shield_slave	-1.567309e-02	-1.205743e-02	-4.324399e-03
1692          	OVC	-1.443388e-02	-6.978648e-03	-6.079041e-03
1692          	shield_slave	-1.568139e-02	-1.205752e-02	-4.324445e-03
1693          	OVC	-1.443424e-02	-6.975816e-03	-6.078974e-03
1693          	shield_slave	-1.567475e-02	-1.205454e-02	-4.324484e-03
1694          	OVC	-1.443526e-02	-6.974770e-03	-6.079055e-03
1694          	shield_slave	-1.567007e-02	-1.205500e-02	-4.324480e-03
1695          	OVC	-1.443471e-02	-6.977521e-03	-6.079013e-03
1695          	shield_slave	-1.567145e-02	-1.205543e-02	-4.324515e-03
1696          	OVC	-1.443585e-02	-6.976098e-03	-6.078940e-03
1696          	shield_slave	-1.568799e-02	-1.205963e-02	-4.324572e-03
1697          	OVC	-1.443642e-02	-6.978882e-03	-6.078912e-03
1697          	shield_slave	-1.569787e-02	-1.205681e-02	-4.324560e-03
1698          	OVC	-1.443605e-02	-6.980851e-03	-6.078991e-03
1698          	shield_slave	-1.571862e-02	-1.205799e-02	-4.324606e-03
1699          	OVC	-1.443657e-02	-6.981539e-03	-6.078806e-03
1699          	shield_slave	-1.570696e-02	-1.205734e-02	-4.324497e-03
1700          	OVC	-1.443630e-02	-6.978695e-03	-6.078789e-03
1700          	shield_slave	-1.569440e-02	-1.205766e-02	-4.324480e-03
1701          	OVC	-1.443609e-02	-6.979698e-03	-6.078803e-03
1701          	shield_slave	-1.568659e-02	-1.205918e-02	-4.324572e-03
1702          	OVC	-1.443698e-02	-6.977786e-03	-6.078962e-03
1702          	shield_slave	-1.567539e-02	-1.205860e-02	-4.324548e-03
1703          	OVC	-1.443753e-02	-6.976759e-03	-6.078974e-03
1703          	shield_slave	-1.566574e-02	-1.205932e-02	-4.324547e-03
1704          	OVC	-1.443773e-02	-6.978260e-03	-6.079033e-03
1704          	shield_slave	-1.566621e-02	-1.205662e-02	-4.324464e-03
1705          	OVC	-1.443764e-02	-6.975226e-03	-6.078920e-03
1705          	shield_slave	-1.568167e-02	-1.205412e-02	-4.324463e-03
1706          	OVC	-1.443739e-02	-6.978912e-03	-6.078976e-03
1706          	shield_slave	-1.569153e-02	-1.205423e-02	-4.324465e-03
1707          	OVC	-1.443944e-02	-6.975781e-03	-6.078813e-03
1707          	shield_slave	-1.568946e-02	-1.205061e-02	-4.324485e-03
1708          	OVC	-1.443949e-02	-6.975952e-03	-6.078706e-03
1708          	shield_slave	-1.567835e-02	-1.205162e-02	-4.324470e-03
1709          	OVC	-1.443910e-02	-6.974470e-03	-6.078732e-03
1709          	shield_slave	-1.568737e-02	-1.204695e-02	-4.324456e-03
1710          	OVC	-1.443724e-02	-6.972417e-03	-6.078860e-03
1710          	shield_slave	-1.569421e-02	-1.204829e-02	-4.324376e-03
1711          	OVC	-1.443669e-02	-6.966243e-03	-6.078728e-03
1711          	shield_slave	-1.571092e-02	-1.204926e-02	-4.324441e-03
1712          	OVC	-1.443728e-02	-6.967200e-03	-6.078953e-03
1712          	shield_slave	-1.571245e-02	-1.205196e-02	-4.324356e-03
1713          	OVC	-1.443517e-02	-6.965061e-03	-6.078799e-03
1713          	shield_slave	-1.570866e-02	-1.205485e-02	-4.324355e-03
1714          	OVC	-1.443484e-02	-6.961978e-03	-6.078759e-03
1714          	shield_slave	-1.571715e-02	-1.205367e-02	-4.324353e-03
1715          	OVC	-1.443604e-02	-6.959246e-03	-6.078757e-03
1715          	shield_slave	-1.570839e-02	-1.205346e-02	-4.324420e-03
1716          	OVC	-1.443684e-02	-6.962395e-03	-6.078984e-03
1716          	shield_slave	-1.570711e-02	-1.204768e-02	-4.324400e-03
1717          	OVC	-1.443648e-02	-6.965631e-03	-6.078863e-03
1717          	shield_slave	-1.571605e-02	-1.204809e-02	-4.324421e-03
1718          	OVC	-1.443595e-02	-6.966752e-03	-6.078882e-03
1718          	shield_slave	-1.571124e-02	-1.204708e-02	-4.324436e-03
1719          	OVC	-1.443397e-02	-6.967792e-03	-6.078801e-03
1719          	shield_slave	-1.571013e-02	-1.204583e-02	-4.324562e-03
1720          	OVC	-1.443300e-02	-6.965900e-03	-6.078844e-03
1720          	shield_slave	-1.568896e-02	-1.204398e-02	-4.324610e-03
1721          	OVC	-1.443330e-02	-6.974514e-03	-6.078646e-03
1721          	shield_slave	-1.569979e-02	-1.204824e-02	-4.324643e-03
1722          	OVC	-1.443311e-02	-6.973602e-03	-6.078580e-03
1722          	shield_slave	-1.569222e-02	-1.204818e-02	-4.324547e-03
1723          	OVC	-1.443562e-02	-6.968567e-03	-6.078608e-03
1723          	shield_slave	-1.570841e-02	-1.205320e-02	-4.324511e-03
1724          	OVC	-1.443449e-02	-6.970226e-03	-6.078510e-03
1724          	shield_slave	-1.572307e-02	-1.205553e-02	-4.324499e-03
1725          	OVC	-1.443353e-02	-6.973723e-03	-6.078639e-03
1725          	shield_slave	-1.573854e-02	-1.205143e-02	-4.324576e-03
1726          	OVC	-1.443428e-02	-6.971835e-03	-6.078767e-03
1726          	shield_slave	-1.574276e-02	-1.204970e-02	-4.324538e-03
1727          	OVC	-1.443331e-02	-6.972804e-03	-6.078580e-03
1727          	shield_slave	-1.574254e-02	-1.204793e-02	-4.324526e-03
1728          	OVC	-1.443370e-02	-6.969777e-03	-6.078560e-03
1728          	shield_slave	-1.573851e-02	-1.204501e-02	-4.324594e-03
1729          	OVC	-1.443462e-02	-6.966093e-03	-6.078610e-03
1729          	shield_slave	-1.574256e-02	-1.204473e-02	-4.324576e-03
1730          	OVC	-1.443510e-02	-6.968345e-03	-6.078753e-03
1730          	shield_slave	-1.572460e-02	-1.205048e-02	-4.324628e-03
1731          	OVC	-1.443467e-02	-6.966175e-03	-6.078738e-03
1731          	shield_slave	-1.572498e-02	-1.204957e-02	-4.324626e-03
1732          	OVC	-1.443348e-02	-6.964672e-03	-6.078904e-03
1732          	shield_slave	-1.572161e-02	-1.204683e-02	-4.324667e-03
1733          	OVC	-1.443491e-02	-6.960707e-03	-6.079018e-03
1733          	shield_slave	-1.572676e-02	-1.204583e-02	-4.324645e-03
1734          	OVC	-1.443371e-02	-6.961605e-03	-6.079088e-03
1734          	shield_slave	-1.571886e-02	-1.205140e-02	-4.324700e-03
1735          	OVC	-1.443353e-02	-6.965588e-03	-6.079175e-03
1735          	shield_slave	-1.571486e-02	-1.205334e-02	-4.324696e-03
1736          	OVC	-1.443328e-02	-6.965708e-03	-6.079006e-03
1736          	shield_slave	-1.571558e-02	-1.204984e-02	-4.324744e-03
1737          	OVC	-1.443425e-02	-6.966797e-03	-6.079091e-03
1737          	shield_slave	-1.569726e-02	-1.204783e-02	-4.324736e-03
1738          	OVC	-1.443467e-02	-6.967777e-03	-6.078916e-03
1738          	shield_slave	-1.568687e-02	-1.204560e-02	-4.324822e-03
1739          	OVC	-1.443525e-02	-6.967388e-03	-6.079105e-03
1739          	shield_slave	-1.569331e-02	-1.204826e-02	-4.324808e-03
1740          	OVC	-1.443633e-02	-6.967202e-03	-6.079001e-03
1740          	shield_slave	-1.571325e-02	-1.205079e-02	-4.324760e-03
1741          	OVC	-1.443699e-02	-6.968340e-03	-6.079244e-03
1741          	shield_slave	-1.572554e-02	-1.205079e-02	-4.324815e-03
1742          	OVC	-1.443323e-02	-6.962819e-03	-6.079188e-03
1742          	shield_slave	-1.570137e-02	-1.205212e-02	-4.324808e-03
1743          	OVC	-1.443282e-02	-6.963328e-03	-6.079306e-03
1743          	shield_slave	-1.571341e-02	-1.204502e-02	-4.324791e-03
1744          	OVC	-1.443529e-02	-6.970385e-03	-6.079410e-03
1744          	shield_slave	-1.569557e-02	-1.204348e-02	-4.324898e-03
1745          	OVC	-1.443752e-02	-6.969054e-03	-6.079449e-03
1745          	shield_slave	-1.569762e-02	-1.204523e-02	-4.324857e-03
1746          	OVC	-1.443806e-02	-6.963782e-03	-6.079292e-03
1746          	shield_slave	-1.569236e-02	-1.205106e-02	-4.324846e-03
1747          	OVC	-1.443741e-02	-6.967197e-03	-6.079175e-03
1747          	shield_slave	-1.568327e-02	-1.205010e-02	-4.324842e-03
1748          	OVC	-1.443637e-02	-6.969329e-03	-6.079434e-03
1748          	shield_slave	-1.569331e-02	-1.204703e-02	-4.324809e-03
1749          	OVC	-1.443401e-02	-6.970638e-03	-6.079281e-03
1749          	shield_slave	-1.571685e-02	-1.204873e-02	-4.324793e-03
1750          	OVC	-1.443504e-02	-6.966533e-03	-6.079195e-03
1750          	shield_slave	-1.570684e-02	-1.204804e-02	-4.324697e-03
1751          	OVC	-1.443454e-02	-6.968552e-03	-6.079115e-03
1751          	shield_slave	-1.569140e-02	-1.204758e-02	-4.324728e-03
1752          	OVC	-1.443489e-02	-6.970023e-03	-6.079080e-03
1752          	shield_slave	-1.569807e-02	-1.204769e-02	-4.324779e-03
1753          	OVC	-1.443697e-02	-6.968520e-03	-6.078942e-03
1753          	shield_slave	-1.567779e-02	-1.205214e-02	-4.324760e-03
1754          	OVC	-1.443682e-02	-6.967168e-03	-6.079028e-03
1754          	shield_slave	-1.567662e-02	-1.204899e-02	-4.324781e-03
1755          	OVC	-1.443866e-02	-6.968001e-03	-6.079196e-03
1755          	shield_slave	-1.567794e-02	-1.204561e-02	-4.324797e-03
1756          	OVC	-1.443884e-02	-6.968630e-03	-6.079443e-03
1756          	shield_slave	-1.566804e-02	-1.205081e-02	-4.324694e-03
1757          	OVC	-1.443604e-02	-6.970249e-03	-6.079310e-03
1757          	shield_slave	-1.568084e-02	-1.205136e-02	-4.324729e-03
1758          	OVC	-1.443535e-02	-6.973526e-03	-6.079257e-03
1758          	shield_slave	-1.566870e-02	-1.205245e-02	-4.324579e-03
1759          	OVC	-1.443778e-02	-6.974003e-03	-6.079293e-03
1759          	shield_slave	-1.568222e-02	-1.204851e-02	-4.324496e-03
1760          	OVC	-1.443602e-02	-6.971848e-03	-6.079120e-03
1760          	shield_slave	-1.570106e-02	-1.204862e-02	-4.324531e-03
1761          	OVC	-1.443797e-02	-6.969664e-03	-6.079020e-03
1761          	shield_slave	-1.569826e-02	-1.204715e-02	-4.324506e-03
1762          	OVC	-1.443886e-02	-6.973725e-03	-6.079097e-03
1762          	shield_slave	-1.570308e-02	-1.204919e-02	-4.324611e-03
1763          	OVC	-1.443808e-02	-6.967076e-03	-6.079185e-03
1763          	shield_slave	-1.570264e-02	-1.204769e-02	-4.324650e-03
1764          	OVC	-1.443853e-02	-6.970618e-03	-6.078972e-03
1764          	shield_slave	-1.571583e-02	-1.204886e-02	-4.324768e-03
1765          	OVC	-1.444054e-02	-6.968284e-03	-6.079222e-03
1765          	shield_slave	-1.570208e-02	-1.204740e-02	-4.324669e-03
1766          	OVC	-1.443816e-02	-6.974062e-03	-6.079185e-03
1766          	shield_slave	-1.571092e-02	-1.204563e-02	-4.324736e-03
1767          	OVC	-1.443754e-02	-6.973478e-03	-6.079093e-03
1767          	shield_slave	-1.570805e-02	-1.204401e-02	-4.324660e-03
1768          	OVC	-1.443414e-02	-6.972997e-03	-6.079056e-03
1768          	shield_slave	-1.569678e-02	-1.204471e-02	-4.324703e-03
1769          	OVC	-1.443727e-02	-6.971592e-03	-6.079155e-03
1769          	shield_slave	-1.567019e-02	-1.204168e-02	-4.324616e-03
1770          	OVC	-1.443854e-02	-6.968787e-03	-6.079049e-03
1770          	shield_slave	-1.567088e-02	-1.204007e-02	-4.324586e-03
1771          	OVC	-1.443772e-02	-6.970583e-03	-6.079068e-03
1771          	shield_slave	-1.567939e-02	-1.203966e-02	-4.324565e-03
1772          	OVC	-1.444111e-02	-6.969638e-03	-6.079180e-03
1772          	shield_slave	-1.568452e-02	-1.204519e-02	-4.324623e-03
1773          	OVC	-1.444196e-02	-6.972791e-03	-6.079066e-03
1773          	shield_slave	-1.566497e-02	-1.204038e-02	-4.324605e-03
1774          	OVC	-1.443820e-02	-6.975371e-03	-6.079230e-03
1774          	shield_slave	-1.568788e-02	-1.204074e-02	-4.324684e-03
1775          	OVC	-1.443753e-02	-6.973106e-03	-6.079238e-03
1775          	shield_slave	-1.568146e-02	-1.204281e-02	-4.324620e-03
1776          	OVC	-1.443525e-02	-6.973962e-03	-6.079182e-03
1776          	shield_slave	-1.567047e-02	-1.204436e-02	-4.324622e-03
1777          	OVC	-1.443871e-02	-6.974641e-03	-6.079168e-03
1777          	shield_slave	-1.566490e-02	-1.204587e-02	-4.324610e-03
1778          	OVC	-1.443859e-02	-6.971499e-03	-6.079196e-03
1778          	shield_slave	-1.567785e-02	-1.204511e-02	-4.324511e-03
1779          	OVC	-1.443882e-02	-6.970029e-03	-6.079064e-03
1779          	shield_slave	-1.570834e-02	-1.204389e-02	-4.324488e-03
1780          	OVC	-1.443674e-02	-6.968835e-03	-6.079260e-03
1780          	shield_slave	-1.570862e-02	-1.204194e-02	-4.324342e-03
1781          	OVC	-1.443653e-02	-6.969106e-03	-6.079309e-03
1781          	shield_slave	-1.573245e-02	-1.203857e-02	-4.324428e-03
1782          	OVC	-1.443624e-02	-6.967038e-03	-6.079176e-03
1782          	shield_slave	-1.572008e-02	-1.203870e-02	-4.324414e-03
1783          	OVC	-1.443875e-02	-6.969941e-03	-6.079062e-03
1783          	shield_slave	-1.571223e-02	-1.204284e-02	-4.324449e-03
1784          	OVC	-1.443766e-02	-6.964669e-03	-6.078997e-03
1784          	shield_slave	-1.571454e-02	-1.204685e-02	-4.324379e-03
1785          	OVC	-1.444051e-02	-6.966285e-03	-6.079086e-03
1785          	shield_slave	-1.570151e-02	-1.205056e-02	-4.324476e-03
1786          	OVC	-1.443947e-02	-6.966351e-03	-6.078986e-03
1786          	shield_slave	-1.569403e-02	-1.205355e-02	-4.324568e-03
1787          	OVC	-1.444004e-02	-6.969849e-03	-6.078999e-03
1787          	shield_slave	-1.569329e-02	-1.204879e-02	-4.324697e-03
1788          	OVC	-1.443725e-02	-6.967249e-03	-6.078970e-03
1788          	shield_slave	-1.568192e-02	-1.204503e-02	-4.324674e-03
1789          	OVC	-1.443892e-02	-6.965696e-03	-6.079069e-03
1789          	shield_slave	-1.570587e-02	-1.204350e-02	-4.324726e-03
1790          	OVC	-1.443904e-02	-6.965686e-03	-6.079087e-03
1790          	shield_slave	-1.571242e-02	-1.204614e-02	-4.324691e-03
1791          	OVC	-1.443623e-02	-6.965424e-03	-6.079218e-03
1791          	shield_slave	-1.571310e-02	-1.204874e-02	-4.324572e-03
1792          	OVC	-1.443560e-02	-6.969727e-03	-6.079317e-03
1792          	shield_slave	-1.571068e-02	-1.204651e-02	-4.324512e-03
1793          	OVC	-1.443359e-02	-6.965814e-03	-6.079033e-03
1793          	shield_slave	-1.572066e-02	-1.204282e-02	-4.324568e-03
1794          	OVC	-1.443769e-02	-6.967688e-03	-6.079080e-03
1794          	shield_slave	-1.574158e-02	-1.204282e-02	-4.324432e-03
1795          	OVC	-1.444043e-02	-6.963042e-03	-6.079210e-03
1795          	shield_slave	-1.572496e-02	-1.204874e-02	-4.324376e-03
1796          	OVC	-1.444066e-02	-6.962674e-03	-6.079144e-03
1796          	shield_slave	-1.573520e-02	-1.205319e-02	-4.324403e-03
1797          	OVC	-1.443906e-02	-6.962779e-03	-6.079018e-03
1797          	shield_slave	-1.573446e-02	-1.205589e-02	-4.324374e-03
1798          	OVC	-1.443769e-02	-6.962019e-03	-6.079116e-03
1798          	shield_slave	-1.573368e-02	-1.204992e-02	-4.324373e-03
1799          	OVC	-1.443825e-02	-6.957033e-03	-6.079281e-03
1799          	shield_slave	-1.571406e-02	-1.204648e-02	-4.324351e-03
1800          	OVC	-1.443771e-02	-6.959882e-03	-6.079207e-03
1800          	shield_slave	-1.569960e-02	-1.204541e-02	-4.324411e-03
1801          	OVC	-1.443911e-02	-6.963992e-03	-6.079217e-03
1801          	shield_slave	-1.573614e-02	-1.204748e-02	-4.324368e-03
1802          	OVC	-1.443887e-02	-6.959315e-03	-6.079049e-03
1802          	shield_slave	-1.573771e-02	-1.204775e-02	-4.324424e-03
1803          	OVC	-1.443930e-02	-6.957503e-03	-6.078979e-03
1803          	shield_slave	-1.573608e-02	-1.204650e-02	-4.324440e-03
1804          	OVC	-1.443715e-02	-6.958250e-03	-6.079002e-03
1804          	shield_slave	-1.574070e-02	-1.204744e-02	-4.324450e-03
1805          	OVC	-1.443554e-02	-6.957681e-03	-6.079050e-03
1805          	shield_slave	-1.574696e-02	-1.204226e-02	-4.324471e-03
1806          	OVC	-1.443698e-02	-6.958052e-03	-6.079025e-03
1806          	shield_slave	-1.571912e-02	-1.204557e-02	-4.324456e-03
1807          	OVC	-1.443651e-02	-6.959582e-03	-6.078928e-03
1807          	shield_slave	-1.569863e-02	-1.204707e-02	-4.324503e-03
1808          	OVC	-1.443280e-02	-6.959827e-03	-6.078890e-03
1808          	shield_slave	-1.567934e-02	-1.204407e-02	-4.324595e-03
1809          	OVC	-1.443284e-02	-6.965611e-03	-6.078834e-03
1809          	shield_slave	-1.567692e-02	-1.204204e-02	-4.324592e-03
1810          	OVC	-1.443546e-02	-6.963186e-03	-6.078950e-03
1810          	shield_slave	-1.566310e-02	-1.204104e-02	-4.324615e-03
1811          	OVC	-1.443554e-02	-6.960538e-03	-6.079001e-03
1811          	shield_slave	-1.565732e-02	-1.204419e-02	-4.324587e-03
1812          	OVC	-1.443713e-02	-6.961484e-03	-6.079173e-03
1812          	shield_slave	-1.564440e-02	-1.204320e-02	-4.324623e-03
1813          	OVC	-1.443487e-02	-6.965256e-03	-6.079302e-03
1813          	shield_slave	-1.564786e-02	-1.204836e-02	-4.324706e-03
1814          	OVC	-1.443570e-02	-6.961887e-03	-6.079261e-03
1814          	shield_slave	-1.564729e-02	-1.204757e-02	-4.324787e-03
1815          	OVC	-1.443667e-02	-6.963923e-03	-6.079257e-03
1815          	shield_slave	-1.563416e-02	-1.204712e-02	-4.324708e-03
1816          	OVC	-1.443563e-02	-6.964635e-03	-6.079245e-03
1816          	shield_slave	-1.559263e-02	-1.204643e-02	-4.324574e-03
1817          	OVC	-1.443481e-02	-6.966281e-03	-6.079170e-03
1817          	shield_slave	-1.561409e-02	-1.204374e-02	-4.324548e-03
1818          	OVC	-1.443900e-02	-6.962546e-03	-6.079111e-03
1818          	shield_slave	-1.559502e-02	-1.204391e-02	-4.324532e-03
1819          	OVC	-1.443853e-02	-6.967805e-03	-6.079199e-03
1819          	shield_slave	-1.560142e-02	-1.204240e-02	-4.324532e-03
1820          	OVC	-1.443952e-02	-6.965426e-03	-6.079002e-03
1820          	shield_slave	-1.562122e-02	-1.204226e-02	-4.324634e-03
1821          	OVC	-1.444205e-02	-6.969721e-03	-6.078951e-03
1821          	shield_slave	-1.563753e-02	-1.204557e-02	-4.324651e-03
1822          	OVC	-1.444340e-02	-6.961908e-03	-6.079107e-03
1822          	shield_slave	-1.564153e-02	-1.204885e-02	-4.324751e-03
1823          	OVC	-1.444483e-02	-6.961589e-03	-6.079009e-03
1823          	shield_slave	-1.562274e-02	-1.204739e-02	-4.324891e-03
1824          	OVC	-1.444065e-02	-6.957853e-03	-6.079215e-03
1824          	shield_slave	-1.563695e-02	-1.205286e-02	-4.324827e-03
1825          	OVC	-1.444039e-02	-6.954513e-03	-6.079386e-03
1825          	shield_slave	-1.563549e-02	-1.205240e-02	-4.324850e-03
1826          	OVC	-1.443982e-02	-6.959434e-03	-6.079438e-03
1826          	shield_slave	-1.565079e-02	-1.205055e-02	-4.324826e-03
1827          	OVC	-1.443952e-02	-6.964976e-03	-6.079266e-03
1827          	shield_slave	-1.566168e-02	-1.204982e-02	-4.324803e-03
1828          	OVC	-1.444004e-02	-6.964206e-03	-6.079144e-03
1828          	shield_slave	-1.566055e-02	-1.204792e-02	-4.324813e-03
1829          	OVC	-1.443708e-02	-6.967743e-03	-6.078979e-03
1829          	shield_slave	-1.566388e-02	-1.204126e-02	-4.324923e-03
1830          	OVC	-1.443266e-02	-6.962179e-03	-6.078908e-03
1830          	shield_slave	-1.565555e-02	-1.204515e-02	-4.325067e-03
1831          	OVC	-1.443296e-02	-6.961901e-03	-6.078846e-03
1831          	shield_slave	-1.565515e-02	-1.204160e-02	-4.324994e-03
1832          	OVC	-1.443205e-02	-6.962011e-03	-6.078854e-03
1832          	shield_slave	-1.563255e-02	-1.204309e-02	-4.324917e-03
1833          	OVC	-1.443061e-02	-6.958230e-03	-6.078878e-03
1833          	shield_slave	-1.565824e-02	-1.204515e-02	-4.324909e-03
1834          	OVC	-1.443098e-02	-6.961257e-03	-6.078949e-03
1834          	shield_slave	-1.568721e-02	-1.204205e-02	-4.324822e-03
1835          	OVC	-1.443137e-02	-6.963439e-03	-6.078929e-03
1835          	shield_slave	-1.567289e-02	-1.204400e-02	-4.324717e-03
1836          	OVC	-1.443463e-02	-6.965143e-03	-6.078784e-03
1836          	shield_slave	-1.567518e-02	-1.204576e-02	-4.324763e-03
1837          	OVC	-1.443615e-02	-6.962819e-03	-6.078764e-03
1837          	shield_slave	-1.569603e-02	-1.204856e-02	-4.324706e-03
1838          	OVC	-1.443459e-02	-6.963892e-03	-6.078798e-03
1838          	shield_slave	-1.569321e-02	-1.204734e-02	-4.324669e-03
1839          	OVC	-1.443561e-02	-6.967484e-03	-6.078827e-03
1839          	shield_slave	-1.573310e-02	-1.204191e-02	-4.324691e-03
1840          	OVC	-1.443692e-02	-6.966659e-03	-6.078942e-03
1840          	shield_slave	-1.574303e-02	-1.204337e-02	-4.324671e-03
1841          	OVC	-1.443454e-02	-6.961216e-03	-6.078963e-03
1841          	shield_slave	-1.574495e-02	-1.204728e-02	-4.324583e-03
1842          	OVC	-1.443567e-02	-6.961235e-03	-6.079138e-03
1842          	shield_slave	-1.574492e-02	-1.204993e-02	-4.324679e-03
1843          	OVC	-1.443346e-02	-6.963272e-03	-6.079207e-03
1843          	shield_slave	-1.567152e-02	-1.205043e-02	-4.324764e-03
1844          	OVC	-1.443393e-02	-6.959380e-03	-6.079306e-03
1844          	shield_slave	-1.566074e-02	-1.205070e-02	-4.324665e-03
1845          	OVC	-1.443467e-02	-6.955579e-03	-6.079236e-03
1845          	shield_slave	-1.569968e-02	-1.205481e-02	-4.324565e-03
1846          	OVC	-1.443742e-02	-6.953041e-03	-6.079044e-03
1846          	shield_slave	-1.571633e-02	-1.205348e-02	-4.324584e-03
1847          	OVC	-1.443941e-02	-6.959697e-03	-6.078961e-03
1847          	shield_slave	-1.569751e-02	-1.205276e-02	-4.324567e-03
1848          	OVC	-1.443697e-02	-6.954448e-03	-6.078921e-03
1848          	shield_slave	-1.568140e-02	-1.204840e-02	-4.324705e-03
1849          	OVC	-1.443763e-02	-6.959731e-03	-6.079029e-03
1849          	shield_slave	-1.568851e-02	-1.204765e-02	-4.324751e-03
1850          	OVC	-1.443587e-02	-6.963382e-03	-6.078902e-03
1850          	shield_slave	-1.563787e-02	-1.205421e-02	-4.324695e-03
1851          	OVC	-1.443480e-02	-6.959576e-03	-6.078904e-03
1851          	shield_slave	-1.564937e-02	-1.205231e-02	-4.324754e-03
1852          	OVC	-1.443314e-02	-6.960633e-03	-6.078937e-03
1852          	shield_slave	-1.569052e-02	-1.205482e-02	-4.324725e-03
1853          	OVC	-1.443321e-02	-6.957485e-03	-6.078816e-03
1853          	shield_slave	-1.569847e-02	-1.205205e-02	-4.324813e-03
1854          	OVC	-1.443596e-02	-6.955831e-03	-6.078821e-03
1854          	shield_slave	-1.569202e-02	-1.205548e-02	-4.324762e-03
1855          	OVC	-1.443297e-02	-6.956582e-03	-6.078775e-03
1855          	shield_slave	-1.568286e-02	-1.205638e-02	-4.324767e-03
1856          	OVC	-1.443161e-02	-6.960111e-03	-6.078858e-03
1856          	shield_slave	-1.569923e-02	-1.205670e-02	-4.324847e-03
1857          	OVC	-1.442917e-02	-6.959680e-03	-6.078778e-03
1857          	shield_slave	-1.566729e-02	-1.205298e-02	-4.324839e-03
1858          	OVC	-1.442764e-02	-6.956842e-03	-6.078761e-03
1858          	shield_slave	-1.565053e-02	-1.205179e-02	-4.324772e-03
1859          	OVC	-1.442931e-02	-6.958336e-03	-6.078766e-03
1859          	shield_slave	-1.562641e-02	-1.205038e-02	-4.324844e-03
1860          	OVC	-1.443129e-02	-6.957316e-03	-6.078747e-03
1860          	shield_slave	-1.561954e-02	-1.205171e-02	-4.324817e-03
1861          	OVC	-1.442866e-02	-6.956644e-03	-6.078859e-03
1861          	shield_slave	-1.560870e-02	-1.205317e-02	-4.324772e-03
1862          	OVC	-1.443218e-02	-6.956030e-03	-6.078628e-03
1862          	shield_slave	-1.563408e-02	-1.205408e-02	-4.324999e-03
1863          	OVC	-1.443622e-02	-6.954650e-03	-6.078606e-03
1863          	shield_slave	-1.565126e-02	-1.205456e-02	-4.325062e-03
1864          	OVC	-1.443836e-02	-6.955810e-03	-6.078687e-03
1864          	shield_slave	-1.566664e-02	-1.205114e-02	-4.324952e-03
1865          	OVC	-1.443830e-02	-6.957847e-03	-6.078568e-03
1865          	shield_slave	-1.565769e-02	-1.205306e-02	-4.324924e-03
1866          	OVC	-1.443221e-02	-6.957699e-03	-6.078609e-03
1866          	shield_slave	-1.567976e-02	-1.205323e-02	-4.324919e-03
1867          	OVC	-1.443475e-02	-6.957231e-03	-6.078807e-03
1867          	shield_slave	-1.564572e-02	-1.205476e-02	-4.324877e-03
1868          	OVC	-1.443413e-02	-6.958156e-03	-6.078799e-03
1868          	shield_slave	-1.565532e-02	-1.205431e-02	-4.324875e-03
1869          	OVC	-1.443253e-02	-6.961275e-03	-6.078686e-03
1869          	shield_slave	-1.566568e-02	-1.205476e-02	-4.324892e-03
1870          	OVC	-1.443396e-02	-6.963980e-03	-6.078670e-03
1870          	shield_slave	-1.565741e-02	-1.205284e-02	-4.324948e-03
1871          	OVC	-1.443488e-02	-6.959844e-03	-6.078880e-03
1871          	shield_slave	-1.565679e-02	-1.204910e-02	-4.324828e-03
1872          	OVC	-1.443465e-02	-6.960320e-03	-6.078828e-03
1872          	shield_slave	-1.565438e-02	-1.205083e-02	-4.324856e-03
1873          	OVC	-1.443710e-02	-6.961878e-03	-6.078816e-03
1873          	shield_slave	-1.566048e-02	-1.204912e-02	-4.324936e-03
1874          	OVC	-1.444169e-02	-6.962046e-03	-6.078992e-03
1874          	shield_slave	-1.568603e-02	-1.205193e-02	-4.324832e-03
1875          	OVC	-1.444385e-02	-6.958904e-03	-6.079051e-03
1875          	shield_slave	-1.566268e-02	-1.205181e-02	-4.324732e-03
1876          	OVC	-1.444362e-02	-6.957769e-03	-6.078938e-03
1876          	shield_slave	-1.565032e-02	-1.204782e-02	-4.324847e-03
1877          	OVC	-1.444122e-02	-6.957716e-03	-6.078803e-03
1877          	shield_slave	-1.569042e-02	-1.204758e-02	-4.324853e-03
1878          	OVC	-1.444107e-02	-6.951529e-03	-6.078826e-03
1878          	shield_slave	-1.572407e-02	-1.204713e-02	-4.324879e-03
1879          	OVC	-1.444079e-02	-6.953893e-03	-6.078733e-03
1879          	shield_slave	-1.575685e-02	-1.204540e-02	-4.324826e-03
1880          	OVC	-1.444292e-02	-6.956115e-03	-6.078700e-03
1880          	shield_slave	-1.575346e-02	-1.204570e-02	-4.324823e-03
1881          	OVC	-1.444274e-02	-6.951994e-03	-6.078702e-03
1881          	shield_slave	-1.571739e-02	-1.204615e-02	-4.324736e-03
1882          	OVC	-1.444407e-02	-6.953973e-03	-6.078632e-03
1882          	shield_slave	-1.569440e-02	-1.205023e-02	-4.324718e-03
1883          	OVC	-1.444228e-02	-6.958345e-03	-6.078779e-03
1883          	shield_slave	-1.566558e-02	-1.204802e-02	-4.324718e-03
1884          	OVC	-1.444145e-02	-6.957823e-03	-6.078844e-03
1884          	shield_slave	-1.568944e-02	-1.204718e-02	-4.324772e-03
1885          	OVC	-1.443850e-02	-6.957374e-03	-6.078772e-03
1885          	shield_slave	-1.563904e-02	-1.204450e-02	-4.324762e-03
1886          	OVC	-1.443967e-02	-6.954672e-03	-6.078711e-03
1886          	shield_slave	-1.562053e-02	-1.204767e-02	-4.324646e-03
1887          	OVC	-1.443962e-02	-6.955240e-03	-6.078894e-03
1887          	shield_slave	-1.563716e-02	-1.204973e-02	-4.324607e-03
1888          	OVC	-1.444036e-02	-6.957167e-03	-6.078953e-03
1888          	shield_slave	-1.562390e-02	-1.205191e-02	-4.324652e-03
1889          	OVC	-1.444380e-02	-6.953381e-03	-6.078995e-03
1889          	shield_slave	-1.566412e-02	-1.204935e-02	-4.324717e-03
1890          	OVC	-1.444601e-02	-6.954949e-03	-6.079094e-03
1890          	shield_slave	-1.567131e-02	-1.204625e-02	-4.324741e-03
1891          	OVC	-1.444721e-02	-6.951857e-03	-6.079048e-03
1891          	shield_slave	-1.567448e-02	-1.204551e-02	-4.324603e-03
1892          	OVC	-1.444854e-02	-6.957195e-03	-6.079075e-03
1892          	shield_slave	-1.564955e-02	-1.204617e-02	-4.324638e-03
1893          	OVC	-1.444930e-02	-6.957127e-03	-6.078990e-03
1893          	shield_slave	-1.565760e-02	-1.204784e-02	-4.324633e-03
1894          	OVC	-1.444636e-02	-6.953791e-03	-6.078916e-03
1894          	shield_slave	-1.569101e-02	-1.204892e-02	-4.324623e-03
1895          	OVC	-1.444754e-02	-6.952351e-03	-6.078690e-03
1895          	shield_slave	-1.569026e-02	-1.204762e-02	-4.324725e-03
1896          	OVC	-1.444549e-02	-6.959310e-03	-6.078778e-03
1896          	shield_slave	-1.570188e-02	-1.204914e-02	-4.324733e-03
1897          	OVC	-1.444533e-02	-6.958138e-03	-6.078899e-03
1897          	shield_slave	-1.571599e-02	-1.204710e-02	-4.324659e-03
1898          	OVC	-1.444537e-02	-6.959621e-03	-6.078951e-03
1898          	shield_slave	-1.572603e-02	-1.204741e-02	-4.324744e-03
1899          	OVC	-1.444526e-02	-6.957100e-03	-6.078967e-03
1899          	shield_slave	-1.567008e-02	-1.204470e-02	-4.324717e-03
1900          	OVC	-1.444662e-02	-6.961358e-03	-6.079096e-03
1900          	shield_slave	-1.568903e-02	-1.204582e-02	-4.324777e-03
1901          	OVC	-1.444651e-02	-6.957570e-03	-6.079152e-03
1901          	shield_slave	-1.570909e-02	-1.204494e-02	-4.324720e-03
1902          	OVC	-1.444769e-02	-6.958716e-03	-6.078983e-03
1902          	shield_slave	-1.568732e-02	-1.204398e-02	-4.324683e-03
1903          	OVC	-1.444939e-02	-6.961974e-03	-6.079162e-03
1903          	shield_slave	-1.570168e-02	-1.203925e-02	-4.324698e-03
1904          	OVC	-1.444922e-02	-6.965522e-03	-6.079158e-03
1904          	shield_slave	-1.567051e-02	-1.203781e-02	-4.324566e-03
1905          	OVC	-1.444864e-02	-6.963020e-03	-6.078955e-03
1905          	shield_slave	-1.563822e-02	-1.203957e-02	-4.324680e-03
1906          	OVC	-1.444706e-02	-6.963044e-03	-6.078851e-03
1906          	shield_slave	-1.565154e-02	-1.204481e-02	-4.324793e-03
1907          	OVC	-1.444798e-02	-6.965621e-03	-6.078874e-03
1907          	shield_slave	-1.565796e-02	-1.204528e-02	-4.324720e-03
1908          	OVC	-1.444834e-02	-6.964257e-03	-6.078882e-03
1908          	shield_slave	-1.565507e-02	-1.204303e-02	-4.324729e-03
1909          	OVC	-1.444737e-02	-6.962052e-03	-6.078989e-03
1909          	shield_slave	-1.564263e-02	-1.204207e-02	-4.324764e-03
1910          	OVC	-1.444751e-02	-6.958892e-03	-6.078858e-03
1910          	shield_slave	-1.565875e-02	-1.204193e-02	-4.324856e-03
1911          	OVC	-1.444605e-02	-6.962367e-03	-6.078778e-03
1911          	shield_slave	-1.567019e-02	-1.204216e-02	-4.324779e-03
1912          	OVC	-1.444397e-02	-6.963621e-03	-6.078742e-03
1912          	shield_slave	-1.566387e-02	-1.204043e-02	-4.324769e-03
1913          	OVC	-1.444480e-02	-6.958836e-03	-6.078723e-03
1913          	shield_slave	-1.567148e-02	-1.203883e-02	-4.324821e-03
1914          	OVC	-1.444582e-02	-6.958289e-03	-6.078706e-03
1914          	shield_slave	-1.570337e-02	-1.204084e-02	-4.324726e-03
1915          	OVC	-1.444769e-02	-6.955070e-03	-6.078918e-03
1915          	shield_slave	-1.566332e-02	-1.203817e-02	-4.324687e-03
1916          	OVC	-1.444590e-02	-6.956763e-03	-6.078826e-03
1916          	shield_slave	-1.566891e-02	-1.203725e-02	-4.324766e-03
1917          	OVC	-1.444862e-02	-6.958551e-03	-6.078831e-03
1917          	shield_slave	-1.566042e-02	-1.203529e-02	-4.324701e-03
1918          	OVC	-1.444805e-02	-6.962805e-03	-6.078784e-03
1918          	shield_slave	-1.567286e-02	-1.203409e-02	-4.324620e-03
1919          	OVC	-1.444463e-02	-6.964774e-03	-6.078681e-03
1919          	shield_slave	-1.565570e-02	-1.203648e-02	-4.324536e-03
1920          	OVC	-1.444218e-02	-6.965888e-03	-6.078643e-03
1920          	shield_slave	-1.566628e-02	-1.203485e-02	-4.324555e-03
1921          	OVC	-1.444429e-02	-6.965772e-03	-6.078595e-03
1921          	shield_slave	-1.570590e-02	-1.203665e-02	-4.324733e-03
1922          	OVC	-1.444772e-02	-6.957119e-03	-6.078627e-03
1922          	shield_slave	-1.569174e-02	-1.202921e-02	-4.324789e-03
1923          	OVC	-1.444729e-02	-6.960682e-03	-6.078669e-03
1923          	shield_slave	-1.567866e-02	-1.203297e-02	-4.324734e-03
1924          	OVC	-1.444591e-02	-6.959194e-03	-6.078805e-03
1924          	shield_slave	-1.567396e-02	-1.203144e-02	-4.324834e-03
1925          	OVC	-1.444668e-02	-6.960365e-03	-6.078906e-03
1925          	shield_slave	-1.567599e-02	-1.203244e-02	-4.324822e-03
1926          	OVC	-1.444419e-02	-6.963302e-03	-6.078845e-03
1926          	shield_slave	-1.571781e-02	-1.203199e-02	-4.324799e-03
1927          	OVC	-1.444436e-02	-6.961919e-03	-6.078691e-03
1927          	shield_slave	-1.568784e-02	-1.203849e-02	-4.324818e-03
1928          	OVC	-1.444443e-02	-6.960919e-03	-6.078642e-03
1928          	shield_slave	-1.571509e-02	-1.203696e-02	-4.324741e-03
1929          	OVC	-1.444526e-02	-6.962785e-03	-6.078544e-03
1929          	shield_slave	-1.569607e-02	-1.203440e-02	-4.324745e-03
1930          	OVC	-1.444587e-02	-6.962900e-03	-6.078479e-03
1930          	shield_slave	-1.569307e-02	-1.203346e-02	-4.324625e-03
1931          	OVC	-1.444533e-02	-6.962052e-03	-6.078423e-03
1931          	shield_slave	-1.567975e-02	-1.203377e-02	-4.324626e-03
1932          	OVC	-1.444532e-02	-6.962698e-03	-6.078476e-03
1932          	shield_slave	-1.567751e-02	-1.203678e-02	-4.324707e-03
1933          	OVC	-1.444693e-02	-6.967739e-03	-6.078473e-03
1933          	shield_slave	-1.569414e-02	-1.204311e-02	-4.324782e-03
1934          	OVC	-1.444479e-02	-6.963631e-03	-6.078477e-03
1934          	shield_slave	-1.567373e-02	-1.204167e-02	-4.324828e-03
1935          	OVC	-1.444556e-02	-6.962187e-03	-6.078373e-03
1935          	shield_slave	-1.567652e-02	-1.204205e-02	-4.324853e-03
1936          	OVC	-1.444494e-02	-6.961797e-03	-6.078338e-03
1936          	shield_slave	-1.568422e-02	-1.204164e-02	-4.324963e-03
1937          	OVC	-1.444461e-02	-6.964462e-03	-6.078409e-03
1937          	shield_slave	-1.568057e-02	-1.204352e-02	-4.324956e-03
1938          	OVC	-1.444459e-02	-6.968801e-03	-6.078572e-03
1938          	shield_slave	-1.568679e-02	-1.204227e-02	-4.324951e-03
1939          	OVC	-1.444435e-02	-6.970399e-03	-6.078687e-03
1939          	shield_slave	-1.567739e-02	-1.204204e-02	-4.325007e-03
1940          	OVC	-1.444418e-02	-6.971636e-03	-6.078594e-03
1940          	shield_slave	-1.568334e-02	-1.204301e-02	-4.324994e-03
1941          	OVC	-1.444292e-02	-6.968705e-03	-6.078768e-03
1941          	shield_slave	-1.568782e-02	-1.204549e-02	-4.324984e-03
1942          	OVC	-1.444507e-02	-6.971013e-03	-6.078823e-03
1942          	shield_slave	-1.568606e-02	-1.203955e-02	-4.324944e-03
1943          	OVC	-1.444496e-02	-6.970512e-03	-6.078600e-03
1943          	shield_slave	-1.570476e-02	-1.204073e-02	-4.324947e-03
1944          	OVC	-1.444715e-02	-6.974095e-03	-6.078479e-03
1944          	shield_slave	-1.568616e-02	-1.204144e-02	-4.324924e-03
1945          	OVC	-1.444705e-02	-6.973199e-03	-6.078382e-03
1945          	shield_slave	-1.571099e-02	-1.203965e-02	-4.324781e-03
1946          	OVC	-1.444550e-02	-6.973366e-03	-6.078277e-03
1946          	shield_slave	-1.572726e-02	-1.203701e-02	-4.324793e-03
1947          	OVC	-1.444131e-02	-6.971579e-03	-6.078312e-03
1947          	shield_slave	-1.571604e-02	-1.203804e-02	-4.324793e-03
1948          	OVC	-1.444261e-02	-6.974545e-03	-6.078407e-03
1948          	shield_slave	-1.568168e-02	-1.203972e-02	-4.324723e-03
1949          	OVC	-1.444530e-02	-6.972491e-03	-6.078415e-03
1949          	shield_slave	-1.566280e-02	-1.203880e-02	-4.324732e-03
1950          	OVC	-1.444661e-02	-6.971518e-03	-6.078665e-03
1950          	shield_slave	-1.567441e-02	-1.204154e-02	-4.324598e-03
1951          	OVC	-1.444641e-02	-6.975860e-03	-6.078819e-03
1951          	shield_slave	-1.568939e-02	-1.204406e-02	-4.324569e-03
1952          	OVC	-1.444641e-02	-6.973682e-03	-6.078763e-03
1952          	shield_slave	-1.568115e-02	-1.204698e-02	-4.324608e-03
1953          	OVC	-1.444747e-02	-6.973235e-03	-6.078687e-03
1953          	shield_slave	-1.570998e-02	-1.204456e-02	-4.324721e-03
1954          	OVC	-1.444618e-02	-6.969082e-03	-6.078655e-03
1954          	shield_slave	-1.572467e-02	-1.204246e-02	-4.324708e-03
1955          	OVC	-1.444678e-02	-6.969494e-03	-6.078756e-03
1955          	shield_slave	-1.575491e-02	-1.204327e-02	-4.324659e-03
1956          	OVC	-1.444482e-02	-6.972298e-03	-6.078898e-03
1956          	shield_slave	-1.571687e-02	-1.204312e-02	-4.324692e-03
1957          	OVC	-1.444676e-02	-6.969773e-03	-6.078693e-03
1957          	shield_slave	-1.568098e-02	-1.203984e-02	-4.324722e-03
1958          	OVC	-1.444523e-02	-6.970639e-03	-6.078877e-03
1958          	shield_slave	-1.569171e-02	-1.204175e-02	-4.324666e-03
1959          	OVC	-1.444229e-02	-6.969943e-03	-6.079003e-03
1959          	shield_slave	-1.572377e-02	-1.204613e-02	-4.324632e-03
1960          	OVC	-1.444245e-02	-6.971249e-03	-6.079202e-03
1960          	shield_slave	-1.573107e-02	-1.204717e-02	-4.324527e-03
1961          	OVC	-1.444143e-02	-6.970709e-03	-6.079090e-03
1961          	shield_slave	-1.576938e-02	-1.204499e-02	-4.324551e-03
1962          	OVC	-1.443938e-02	-6.973244e-03	-6.079234e-03
1962          	shield_slave	-1.577077e-02	-1.204535e-02	-4.324567e-03
1963          	OVC	-1.443870e-02	-6.972207e-03	-6.079273e-03
1963          	shield_slave	-1.577250e-02	-1.204428e-02	-4.324615e-03
1964          	OVC	-1.443865e-02	-6.970778e-03	-6.079323e-03
1964          	shield_slave	-1.572522e-02	-1.204414e-02	-4.324493e-03
1965          	OVC	-1.444026e-02	-6.971901e-03	-6.079180e-03
1965          	shield_slave	-1.572490e-02	-1.204170e-02	-4.324530e-03
1966          	OVC	-1.444161e-02	-6.969649e-03	-6.079374e-03
1966          	shield_slave	-1.570785e-02	-1.204159e-02	-4.324358e-03
1967          	OVC	-1.444058e-02	-6.966308e-03	-6.079179e-03
1967          	shield_slave	-1.569963e-02	-1.203986e-02	-4.324528e-03
1968          	OVC	-1.444104e-02	-6.965734e-03	-6.079182e-03
1968          	shield_slave	-1.572529e-02	-1.204041e-02	-4.324585e-03
1969          	OVC	-1.443789e-02	-6.966356e-03	-6.079279e-03
1969          	shield_slave	-1.571981e-02	-1.204075e-02	-4.324441e-03
1970          	OVC	-1.443979e-02	-6.968767e-03	-6.079178e-03
1970          	shield_slave	-1.572274e-02	-1.204030e-02	-4.324325e-03
1971          	OVC	-1.443855e-02	-6.969398e-03	-6.079202e-03
1971          	shield_slave	-1.570973e-02	-1.203947e-02	-4.324366e-03
1972          	OVC	-1.443830e-02	-6.970148e-03	-6.079306e-03
1972          	shield_slave	-1.572275e-02	-1.203993e-02	-4.324478e-03
1973          	OVC	-1.443764e-02	-6.972353e-03	-6.079397e-03
1973          	shield_slave	-1.568423e-02	-1.204491e-02	-4.324492e-03
1974          	OVC	-1.443862e-02	-6.974425e-03	-6.079440e-03
1974          	shield_slave	-1.569384e-02	-1.204815e-02	-4.324479e-03
1975          	OVC	-1.443747e-02	-6.979255e-03	-6.079281e-03
1975          	shield_slave	-1.568803e-02	-1.204873e-02	-4.324452e-03
1976          	OVC	-1.443903e-02	-6.981132e-03	-6.079324e-03
1976          	shield_slave	-1.569825e-02	-1.204561e-02	-4.324507e-03
1977          	OVC	-1.444048e-02	-6.978079e-03	-6.079510e-03
1977          	shield_slave	-1.569731e-02	-1.204831e-02	-4.324574e-03
1978          	OVC	-1.443814e-02	-6.974720e-03	-6.079420e-03
1978          	shield_slave	-1.570043e-02	-1.205004e-02	-4.324511e-03
1979          	OVC	-1.443708e-02	-6.973743e-03	-6.079409e-03
1979          	shield_slave	-1.569708e-02	-1.205266e-02	-4.324623e-03
1980          	OVC	-1.443808e-02	-6.974823e-03	-6.079436e-03
1980          	shield_slave	-1.572763e-02	-1.205475e-02	-4.324569e-03
1981          	OVC	-1.443933e-02	-6.970430e-03	-6.079457e-03
1981          	shield_slave	-1.570138e-02	-1.204977e-02	-4.324673e-03
1982          	OVC	-1.444229e-02	-6.971957e-03	-6.079342e-03
1982          	shield_slave	-1.570268e-02	-1.205326e-02	-4.324616e-03
1983          	OVC	-1.444297e-02	-6.970490e-03	-6.079257e-03
1983          	shield_slave	-1.568175e-02	-1.205333e-02	-4.324580e-03
1984          	OVC	-1.444155e-02	-6.964344e-03	-6.079239e-03
1984          	shield_slave	-1.568378e-02	-1.205157e-02	-4.324509e-03
1985          	OVC	-1.444232e-02	-6.972303e-03	-6.079122e-03
1985          	shield_slave	-1.567876e-02	-1.205302e-02	-4.324523e-03
1986          	OVC	-1.444265e-02	-6.975789e-03	-6.079081e-03
1986          	shield_slave	-1.568887e-02	-1.204687e-02	-4.324520e-03
1987          	OVC	-1.444531e-02	-6.973859e-03	-6.079055e-03
1987          	shield_slave	-1.569111e-02	-1.204717e-02	-4.324502e-03
1988          	OVC	-1.444548e-02	-6.972783e-03	-6.079149e-03
1988          	shield_slave	-1.569894e-02	-1.204914e-02	-4.324453e-03
1989          	OVC	-1.444478e-02	-6.974376e-03	-6.079031e-03
1989          	shield_slave	-1.569483e-02	-1.204910e-02	-4.324475e-03
1990          	OVC	-1.444516e-02	-6.973577e-03	-6.079220e-03
1990          	shield_slave	-1.570520e-02	-1.204959e-02	-4.324482e-03
1991          	OVC	-1.444322e-02	-6.973060e-03	-6.079086e-03
1991          	shield_slave	-1.571766e-02	-1.204888e-02	-4.324603e-03
1992          	OVC	-1.444149e-02	-6.976302e-03	-6.079001e-03
1992          	shield_slave	-1.572518e-02	-1.204646e-02	-4.324649e-03
1993          	OVC	-1.443980e-02	-6.981306e-03	-6.078861e-03
1993          	shield_slave	-1.571119e-02	-1.204876e-02	-4.324718e-03
1994          	OVC	-1.444198e-02	-6.980297e-03	-6.078818e-03
1994          	shield_slave	-1.571437e-02	-1.205001e-02	-4.324757e-03
1995          	OVC	-1.444365e-02	-6.980270e-03	-6.078893e-03
1995          	shield_slave	-1.571374e-02	-1.204655e-02	-4.324745e-03
1996          	OVC	-1.444219e-02	-6.981424e-03	-6.078889e-03
1996          	shield_slave	-1.572177e-02	-1.204960e-02	-4.324735e-03
1997          	OVC	-1.444351e-02	-6.981327e-03	-6.079112e-03
1997          	shield_slave	-1.573040e-02	-1.204921e-02	-4.324729e-03
1998          	OVC	-1.443988e-02	-6.981099e-03	-6.079220e-03
1998          	shield_slave	-1.574506e-02	-1.204897e-02	-4.324657e-03
1999          	OVC	-1.444409e-02	-6.982346e-03	-6.079012e-03
1999          	shield_slave	-1.572032e-02	-1.204686e-02	-4.324647e-03
2000          	OVC	-1.444279e-02	-6.984077e-03	-6.079161e-03
2000          	shield_slave	-1.570485e-02	-1.204574e-02	-4.324743e-03
2001          	OVC	-1.444247e-02	-6.982755e-03	-6.078996e-03
2001          	shield_slave	-1.570330e-02	-1.204613e-02	-4.324735e-03
2002          	OVC	-1.444362e-02	-6.985623e-03	-6.078867e-03
2002          	shield_slave	-1.567959e-02	-1.205040e-02	-4.324626e-03
2003          	OVC	-1.444490e-02	-6.984125e-03	-6.078779e-03
2003          	shield_slave	-1.568577e-02	-1.205625e-02	-4.324667e-03
2004          	OVC	-1.444678e-02	-6.981881e-03	-6.079001e-03
2004          	shield_slave	-1.571315e-02	-1.205488e-02	-4.324700e-03
2005          	OVC	-1.445020e-02	-6.981318e-03	-6.079007e-03
2005          	shield_slave	-1.570237e-02	-1.205245e-02	-4.324647e-03
2006          	OVC	-1.444699e-02	-6.980394e-03	-6.079087e-03
2006          	shield_slave	-1.571125e-02	-1.205430e-02	-4.324699e-03
2007          	OVC	-1.444642e-02	-6.982546e-03	-6.079286e-03
2007          	shield_slave	-1.572784e-02	-1.205279e-02	-4.324715e-03
2008          	OVC	-1.444429e-02	-6.982362e-03	-6.079081e-03
2008          	shield_slave	-1.572709e-02	-1.205549e-02	-4.324727e-03
2009          	OVC	-1.444436e-02	-6.979692e-03	-6.079161e-03
2009          	shield_slave	-1.572936e-02	-1.205561e-02	-4.324784e-03
2010          	OVC	-1.444508e-02	-6.971814e-03	-6.078929e-03
2010          	shield_slave	-1.570429e-02	-1.205543e-02	-4.324655e-03
2011          	OVC	-1.444467e-02	-6.975429e-03	-6.079032e-03
2011          	shield_slave	-1.570983e-02	-1.205103e-02	-4.324547e-03
2012          	OVC	-1.444491e-02	-6.982061e-03	-6.079010e-03
2012          	shield_slave	-1.571097e-02	-1.205594e-02	-4.324486e-03
2013          	OVC	-1.444457e-02	-6.981530e-03	-6.078766e-03
2013          	shield_slave	-1.570416e-02	-1.205843e-02	-4.324603e-03
2014          	OVC	-1.444373e-02	-6.982207e-03	-6.078826e-03
2014          	shield_slave	-1.572404e-02	-1.205189e-02	-4.324470e-03
2015          	OVC	-1.444264e-02	-6.979841e-03	-6.079043e-03
2015          	shield_slave	-1.574719e-02	-1.204921e-02	-4.324531e-03
2016          	OVC	-1.444129e-02	-6.978989e-03	-6.078865e-03
2016          	shield_slave	-1.574501e-02	-1.204969e-02	-4.324541e-03
2017          	OVC	-1.444516e-02	-6.976808e-03	-6.079043e-03
2017          	shield_slave	-1.573439e-02	-1.204892e-02	-4.324534e-03
2018          	OVC	-1.444624e-02	-6.976891e-03	-6.078940e-03
2018          	shield_slave	-1.573950e-02	-1.204867e-02	-4.324692e-03
2019          	OVC	-1.444518e-02	-6.978696e-03	-6.078961e-03
2019          	shield_slave	-1.575168e-02	-1.205417e-02	-4.324645e-03
2020          	OVC	-1.444541e-02	-6.977744e-03	-6.078961e-03
2020          	shield_slave	-1.573212e-02	-1.205740e-02	-4.324530e-03
2021          	OVC	-1.444443e-02	-6.975679e-03	-6.078889e-03
2021          	shield_slave	-1.576546e-02	-1.206145e-02	-4.324601e-03
2022          	OVC	-1.444472e-02	-6.978617e-03	-6.079083e-03
2022          	shield_slave	-1.576653e-02	-1.205723e-02	-4.324607e-03
2023          	OVC	-1.444708e-02	-6.973280e-03	-6.078869e-03
2023          	shield_slave	-1.578252e-02	-1.205999e-02	-4.324637e-03
2024          	OVC	-1.444588e-02	-6.972821e-03	-6.078749e-03
2024          	shield_slave	-1.575952e-02	-1.205709e-02	-4.324688e-03
2025          	OVC	-1.444477e-02	-6.968173e-03	-6.078719e-03
2025          	shield_slave	-1.575336e-02	-1.205999e-02	-4.324674e-03
2026          	OVC	-1.444537e-02	-6.969959e-03	-6.078685e-03
2026          	shield_slave	-1.575950e-02	-1.206119e-02	-4.324788e-03
2027          	OVC	-1.444435e-02	-6.966419e-03	-6.078680e-03
2027          	shield_slave	-1.576071e-02	-1.206032e-02	-4.324774e-03
2028          	OVC	-1.444548e-02	-6.968214e-03	-6.078624e-03
2028          	shield_slave	-1.578325e-02	-1.206316e-02	-4.324803e-03
2029          	OVC	-1.444573e-02	-6.972618e-03	-6.078555e-03
2029          	shield_slave	-1.579018e-02	-1.206345e-02	-4.324826e-03
2030          	OVC	-1.444699e-02	-6.973299e-03	-6.078471e-03
2030          	shield_slave	-1.577740e-02	-1.206435e-02	-4.324840e-03
2031          	OVC	-1.444907e-02	-6.971244e-03	-6.078514e-03
2031          	shield_slave	-1.576197e-02	-1.206350e-02	-4.324713e-03
2032          	OVC	-1.445031e-02	-6.971139e-03	-6.078413e-03
2032          	shield_slave	-1.575009e-02	-1.205801e-02	-4.324777e-03
2033          	OVC	-1.445091e-02	-6.973726e-03	-6.078515e-03
2033          	shield_slave	-1.574541e-02	-1.205871e-02	-4.324789e-03
2034          	OVC	-1.444996e-02	-6.975809e-03	-6.078454e-03
2034          	shield_slave	-1.574712e-02	-1.205668e-02	-4.324828e-03
2035          	OVC	-1.444864e-02	-6.980514e-03	-6.078285e-03
2035          	shield_slave	-1.573142e-02	-1.205480e-02	-4.324826e-03
2036          	OVC	-1.444766e-02	-6.978481e-03	-6.078306e-03
2036          	shield_slave	-1.573086e-02	-1.205516e-02	-4.324940e-03
2037          	OVC	-1.444535e-02	-6.978918e-03	-6.078460e-03
2037          	shield_slave	-1.575522e-02	-1.205707e-02	-4.325056e-03
2038          	OVC	-1.444707e-02	-6.980988e-03	-6.078382e-03
2038          	shield_slave	-1.577136e-02	-1.205436e-02	-4.325044e-03
2039          	OVC	-1.444598e-02	-6.979332e-03	-6.078253e-03
2039          	shield_slave	-1.574276e-02	-1.205394e-02	-4.325124e-03
2040          	OVC	-1.444522e-02	-6.978890e-03	-6.078421e-03
2040          	shield_slave	-1.572602e-02	-1.205628e-02	-4.325134e-03
2041          	OVC	-1.444762e-02	-6.975259e-03	-6.078564e-03
2041          	shield_slave	-1.577694e-02	-1.205592e-02	-4.324844e-03
2042          	OVC	-1.444592e-02	-6.978188e-03	-6.078450e-03
2042          	shield_slave	-1.577251e-02	-1.205678e-02	-4.324731e-03
2043          	OVC	-1.444662e-02	-6.980193e-03	-6.078397e-03
2043          	shield_slave	-1.577964e-02	-1.205817e-02	-4.324782e-03
2044          	OVC	-1.444790e-02	-6.974856e-03	-6.078448e-03
2044          	shield_slave	-1.575984e-02	-1.205875e-02	-4.324512e-03
2045          	OVC	-1.444451e-02	-6.972079e-03	-6.078354e-03
2045          	shield_slave	-1.576178e-02	-1.205718e-02	-4.324609e-03
2046          	OVC	-1.444458e-02	-6.972752e-03	-6.078584e-03
2046          	shield_slave	-1.575213e-02	-1.205439e-02	-4.324675e-03
2047          	OVC	-1.444541e-02	-6.976804e-03	-6.078513e-03
2047          	shield_slave	-1.575241e-02	-1.205874e-02	-4.324601e-03
2048          	OVC	-1.444449e-02	-6.975792e-03	-6.078442e-03
2048          	shield_slave	-1.576853e-02	-1.206090e-02	-4.324618e-03
2049          	OVC	-1.444361e-02	-6.975718e-03	-6.078242e-03
2049          	shield_slave	-1.575851e-02	-1.206022e-02	-4.324668e-03
2050          	OVC	-1.444385e-02	-6.974206e-03	-6.078358e-03
2050          	shield_slave	-1.577630e-02	-1.206065e-02	-4.324609e-03
2051          	OVC	-1.444207e-02	-6.971527e-03	-6.078425e-03
2051          	shield_slave	-1.577434e-02	-1.205488e-02	-4.324656e-03
2052          	OVC	-1.444592e-02	-6.976309e-03	-6.078498e-03
2052          	shield_slave	-1.575845e-02	-1.205557e-02	-4.324674e-03
2053          	OVC	-1.444608e-02	-6.981228e-03	-6.078310e-03
2053          	shield_slave	-1.575304e-02	-1.205188e-02	-4.324678e-03
2054          	OVC	-1.444811e-02	-6.978587e-03	-6.078535e-03
2054          	shield_slave	-1.575375e-02	-1.204847e-02	-4.324652e-03
2055          	OVC	-1.444747e-02	-6.976990e-03	-6.078764e-03
2055          	shield_slave	-1.576691e-02	-1.204793e-02	-4.324628e-03
2056          	OVC	-1.444522e-02	-6.975214e-03	-6.078520e-03
2056          	shield_slave	-1.574525e-02	-1.204924e-02	-4.324696e-03
2057          	OVC	-1.444582e-02	-6.978521e-03	-6.078508e-03
2057          	shield_slave	-1.574541e-02	-1.204849e-02	-4.324625e-03
2058          	OVC	-1.444565e-02	-6.976680e-03	-6.078302e-03
2058          	shield_slave	-1.572733e-02	-1.205133e-02	-4.324895e-03
2059          	OVC	-1.444525e-02	-6.976662e-03	-6.078307e-03
2059          	shield_slave	-1.576312e-02	-1.205222e-02	-4.324799e-03
2060          	OVC	-1.444646e-02	-6.981015e-03	-6.078529e-03
2060          	shield_slave	-1.575423e-02	-1.205231e-02	-4.324697e-03
2061          	OVC	-1.444514e-02	-6.979238e-03	-6.078415e-03
2061          	shield_slave	-1.576779e-02	-1.205067e-02	-4.324752e-03
2062          	OVC	-1.444720e-02	-6.975876e-03	-6.078367e-03
2062          	shield_slave	-1.578538e-02	-1.205391e-02	-4.324696e-03
2063          	OVC	-1.444744e-02	-6.975881e-03	-6.078296e-03
2063          	shield_slave	-1.576425e-02	-1.205149e-02	-4.324734e-03
2064          	OVC	-1.444416e-02	-6.974905e-03	-6.078169e-03
2064          	shield_slave	-1.578485e-02	-1.205211e-02	-4.324676e-03
2065          	OVC	-1.444486e-02	-6.974589e-03	-6.078121e-03
2065          	shield_slave	-1.579257e-02	-1.204948e-02	-4.324855e-03
2066          	OVC	-1.444628e-02	-6.978499e-03	-6.078317e-03
2066          	shield_slave	-1.578483e-02	-1.205153e-02	-4.324803e-03
2067          	OVC	-1.444613e-02	-6.981647e-03	-6.078207e-03
2067          	shield_slave	-1.577331e-02	-1.205612e-02	-4.324944e-03
2068          	OVC	-1.444415e-02	-6.980922e-03	-6.077952e-03
2068          	shield_slave	-1.575863e-02	-1.205451e-02	-4.324995e-03
2069          	OVC	-1.444516e-02	-6.982426e-03	-6.077933e-03
2069          	shield_slave	-1.577764e-02	-1.205332e-02	-4.325065e-03
2070          	OVC	-1.444566e-02	-6.980049e-03	-6.077991e-03
2070          	shield_slave	-1.575734e-02	-1.205505e-02	-4.325126e-03
2071          	OVC	-1.444429e-02	-6.978292e-03	-6.078104e-03
2071          	shield_slave	-1.575482e-02	-1.205650e-02	-4.325013e-03
2072          	OVC	-1.444387e-02	-6.978316e-03	-6.078068e-03
2072          	shield_slave	-1.575565e-02	-1.205187e-02	-4.324992e-03
2073          	OVC	-1.444535e-02	-6.978821e-03	-6.077982e-03
2073          	shield_slave	-1.573877e-02	-1.205072e-02	-4.324984e-03
2074          	OVC	-1.444287e-02	-6.978289e-03	-6.078061e-03
2074          	shield_slave	-1.576126e-02	-1.205430e-02	-4.324945e-03
2075          	OVC	-1.444405e-02	-6.973347e-03	-6.078036e-03
2075          	shield_slave	-1.577463e-02	-1.205706e-02	-4.325032e-03
2076          	OVC	-1.444473e-02	-6.977280e-03	-6.078229e-03
2076          	shield_slave	-1.576714e-02	-1.206008e-02	-4.325166e-03
2077          	OVC	-1.444388e-02	-6.978679e-03	-6.078322e-03
2077          	shield_slave	-1.577977e-02	-1.205793e-02	-4.325101e-03
2078          	OVC	-1.444365e-02	-6.977029e-03	-6.078439e-03
2078          	shield_slave	-1.576260e-02	-1.205833e-02	-4.324958e-03
2079          	OVC	-1.444373e-02	-6.982076e-03	-6.078333e-03
2079          	shield_slave	-1.576594e-02	-1.206064e-02	-4.324913e-03
2080          	OVC	-1.444207e-02	-6.980629e-03	-6.078290e-03
2080          	shield_slave	-1.576987e-02	-1.205614e-02	-4.324982e-03
2081          	OVC	-1.444159e-02	-6.977072e-03	-6.078216e-03
2081          	shield_slave	-1.574745e-02	-1.205898e-02	-4.325114e-03
2082          	OVC	-1.444322e-02	-6.974442e-03	-6.078456e-03
2082          	shield_slave	-1.574750e-02	-1.205951e-02	-4.325144e-03
2083          	OVC	-1.444434e-02	-6.979499e-03	-6.078498e-03
2083          	shield_slave	-1.575361e-02	-1.206189e-02	-4.324929e-03
2084          	OVC	-1.444291e-02	-6.984012e-03	-6.078314e-03
2084          	shield_slave	-1.577101e-02	-1.206374e-02	-4.324930e-03
2085          	OVC	-1.444307e-02	-6.976211e-03	-6.078526e-03
2085          	shield_slave	-1.575439e-02	-1.206089e-02	-4.324959e-03
2086          	OVC	-1.444488e-02	-6.980532e-03	-6.078498e-03
2086          	shield_slave	-1.571968e-02	-1.206581e-02	-4.324937e-03
2087          	OVC	-1.444242e-02	-6.982925e-03	-6.078678e-03
2087          	shield_slave	-1.573167e-02	-1.206949e-02	-4.324877e-03
2088          	OVC	-1.444221e-02	-6.982378e-03	-6.078534e-03
2088          	shield_slave	-1.571500e-02	-1.206570e-02	-4.324974e-03
2089          	OVC	-1.444367e-02	-6.984083e-03	-6.078427e-03
2089          	shield_slave	-1.572819e-02	-1.206276e-02	-4.325016e-03
2090          	OVC	-1.444526e-02	-6.980145e-03	-6.078178e-03
2090          	shield_slave	-1.571856e-02	-1.206398e-02	-4.324936e-03
2091          	OVC	-1.444399e-02	-6.976882e-03	-6.078133e-03
2091          	shield_slave	-1.573104e-02	-1.206128e-02	-4.324947e-03
2092          	OVC	-1.444586e-02	-6.976276e-03	-6.078090e-03
2092          	shield_slave	-1.573322e-02	-1.205287e-02	-4.324807e-03
2093          	OVC	-1.444490e-02	-6.976735e-03	-6.078221e-03
2093          	shield_slave	-1.570450e-02	-1.205244e-02	-4.324832e-03
2094          	OVC	-1.444215e-02	-6.980485e-03	-6.078139e-03
2094          	shield_slave	-1.570153e-02	-1.205462e-02	-4.324796e-03
2095          	OVC	-1.444325e-02	-6.984698e-03	-6.078335e-03
2095          	shield_slave	-1.570827e-02	-1.205846e-02	-4.324901e-03
2096          	OVC	-1.444231e-02	-6.982991e-03	-6.078407e-03
2096          	shield_slave	-1.570755e-02	-1.205723e-02	-4.324887e-03
2097          	OVC	-1.444322e-02	-6.980501e-03	-6.078318e-03
2097          	shield_slave	-1.569664e-02	-1.205950e-02	-4.324829e-03
2098          	OVC	-1.444423e-02	-6.977961e-03	-6.078571e-03
2098          	shield_slave	-1.571396e-02	-1.205842e-02	-4.324808e-03
2099          	OVC	-1.444246e-02	-6.979255e-03	-6.078460e-03
2099          	shield_slave	-1.570678e-02	-1.205957e-02	-4.324910e-03
2100          	OVC	-1.444074e-02	-6.970311e-03	-6.078494e-03
2100          	shield_slave	-1.572418e-02	-1.205686e-02	-4.324872e-03
2101          	OVC	-1.444277e-02	-6.969264e-03	-6.078530e-03
2101          	shield_slave	-1.573390e-02	-1.205607e-02	-4.324952e-03
2102          	OVC	-1.444276e-02	-6.971994e-03	-6.078734e-03
2102          	shield_slave	-1.571219e-02	-1.205931e-02	-4.325096e-03
2103          	OVC	-1.444475e-02	-6.978036e-03	-6.078829e-03
2103          	shield_slave	-1.573560e-02	-1.205620e-02	-4.324995e-03
2104          	OVC	-1.444223e-02	-6.976270e-03	-6.078746e-03
2104          	shield_slave	-1.570997e-02	-1.205360e-02	-4.324986e-03
2105          	OVC	-1.444140e-02	-6.973941e-03	-6.078890e-03
2105          	shield_slave	-1.572795e-02	-1.205113e-02	-4.325016e-03
2106          	OVC	-1.444180e-02	-6.977352e-03	-6.078843e-03
2106          	shield_slave	-1.570560e-02	-1.204616e-02	-4.325022e-03
2107          	OVC	-1.443907e-02	-6.972789e-03	-6.078649e-03
2107          	shield_slave	-1.574085e-02	-1.204594e-02	-4.324992e-03
2108          	OVC	-1.444092e-02	-6.975064e-03	-6.078572e-03
2108          	shield_slave	-1.574393e-02	-1.204585e-02	-4.324982e-03
2109          	OVC	-1.444043e-02	-6.975544e-03	-6.078844e-03
2109          	shield_slave	-1.574123e-02	-1.204634e-02	-4.325073e-03
2110          	OVC	-1.444098e-02	-6.973480e-03	-6.078800e-03
2110          	shield_slave	-1.576034e-02	-1.205032e-02	-4.325154e-03
2111          	OVC	-1.443868e-02	-6.976065e-03	-6.078630e-03
2111          	shield_slave	-1.576187e-02	-1.205192e-02	-4.325249e-03
2112          	OVC	-1.444031e-02	-6.975979e-03	-6.078407e-03
2112          	shield_slave	-1.572698e-02	-1.205679e-02	-4.325311e-03
2113          	OVC	-1.443956e-02	-6.968091e-03	-6.078480e-03
2113          	shield_slave	-1.572283e-02	-1.206256e-02	-4.325343e-03
2114          	OVC	-1.443919e-02	-6.969471e-03	-6.078459e-03
2114          	shield_slave	-1.574137e-02	-1.206805e-02	-4.325447e-03
2115          	OVC	-1.444092e-02	-6.974558e-03	-6.078447e-03
2115          	shield_slave	-1.569220e-02	-1.206339e-02	-4.325406e-03
2116          	OVC	-1.444099e-02	-6.972828e-03	-6.078428e-03
2116          	shield_slave	-1.568753e-02	-1.205870e-02	-4.325259e-03
2117          	OVC	-1.444155e-02	-6.969133e-03	-6.078648e-03
2117          	shield_slave	-1.571610e-02	-1.205503e-02	-4.325158e-03
2118          	OVC	-1.444232e-02	-6.971266e-03	-6.078732e-03
2118          	shield_slave	-1.569600e-02	-1.204790e-02	-4.325136e-03
2119          	OVC	-1.444163e-02	-6.970769e-03	-6.078594e-03
2119          	shield_slave	-1.569097e-02	-1.205346e-02	-4.325220e-03
2120          	OVC	-1.444060e-02	-6.973377e-03	-6.078801e-03
2120          	shield_slave	-1.568742e-02	-1.205357e-02	-4.325318e-03
2121          	OVC	-1.443927e-02	-6.972203e-03	-6.078670e-03
2121          	shield_slave	-1.566809e-02	-1.205516e-02	-4.325317e-03
2122          	OVC	-1.443956e-02	-6.969632e-03	-6.078739e-03
2122          	shield_slave	-1.569522e-02	-1.205365e-02	-4.325324e-03
2123          	OVC	-1.443709e-02	-6.970280e-03	-6.078663e-03
2123          	shield_slave	-1.569191e-02	-1.205157e-02	-4.325320e-03
2124          	OVC	-1.443775e-02	-6.965323e-03	-6.078503e-03
2124          	shield_slave	-1.567346e-02	-1.204768e-02	-4.325467e-03
2125          	OVC	-1.443798e-02	-6.963496e-03	-6.078509e-03
2125          	shield_slave	-1.566960e-02	-1.204714e-02	-4.325460e-03
2126          	OVC	-1.444041e-02	-6.964634e-03	-6.078514e-03
2126          	shield_slave	-1.565502e-02	-1.204650e-02	-4.325489e-03
2127          	OVC	-1.443869e-02	-6.965581e-03	-6.078285e-03
2127          	shield_slave	-1.562893e-02	-1.204623e-02	-4.325759e-03
2128          	OVC	-1.443710e-02	-6.972859e-03	-6.078436e-03
2128          	shield_slave	-1.567065e-02	-1.205026e-02	-4.325695e-03
2129          	OVC	-1.443623e-02	-6.972171e-03	-6.078249e-03
2129          	shield_slave	-1.568142e-02	-1.205210e-02	-4.325637e-03
2130          	OVC	-1.443570e-02	-6.970640e-03	-6.078223e-03
2130          	shield_slave	-1.570014e-02	-1.205678e-02	-4.325442e-03
2131          	OVC	-1.443543e-02	-6.971452e-03	-6.078172e-03
2131          	shield_slave	-1.571186e-02	-1.205432e-02	-4.325438e-03
2132          	OVC	-1.443617e-02	-6.969194e-03	-6.078227e-03
2132          	shield_slave	-1.571484e-02	-1.205159e-02	-4.325447e-03
2133          	OVC	-1.443351e-02	-6.974602e-03	-6.078179e-03
2133          	shield_slave	-1.570808e-02	-1.205727e-02	-4.325459e-03
2134          	OVC	-1.443226e-02	-6.969575e-03	-6.078206e-03
2134          	shield_slave	-1.571430e-02	-1.205771e-02	-4.325368e-03
2135          	OVC	-1.443393e-02	-6.972528e-03	-6.078135e-03
2135          	shield_slave	-1.572056e-02	-1.205391e-02	-4.325349e-03
2136          	OVC	-1.443434e-02	-6.967288e-03	-6.078132e-03
2136          	shield_slave	-1.571506e-02	-1.205758e-02	-4.325420e-03
2137          	OVC	-1.443129e-02	-6.963705e-03	-6.078149e-03
2137          	shield_slave	-1.572652e-02	-1.205268e-02	-4.325311e-03
2138          	OVC	-1.443454e-02	-6.966453e-03	-6.078301e-03
2138          	shield_slave	-1.573315e-02	-1.205537e-02	-4.325252e-03
2139          	OVC	-1.443437e-02	-6.963244e-03	-6.078152e-03
2139          	shield_slave	-1.572918e-02	-1.205146e-02	-4.325357e-03
2140          	OVC	-1.443553e-02	-6.970836e-03	-6.078144e-03
2140          	shield_slave	-1.572660e-02	-1.206245e-02	-4.325351e-03
2141          	OVC	-1.443324e-02	-6.971789e-03	-6.078354e-03
2141          	shield_slave	-1.572744e-02	-1.205962e-02	-4.325325e-03
2142          	OVC	-1.443275e-02	-6.967926e-03	-6.078335e-03
2142          	shield_slave	-1.575229e-02	-1.206038e-02	-4.325095e-03
2143          	OVC	-1.443333e-02	-6.973474e-03	-6.078468e-03
2143          	shield_slave	-1.572687e-02	-1.206268e-02	-4.325135e-03
2144          	OVC	-1.442931e-02	-6.969338e-03	-6.078631e-03
2144          	shield_slave	-1.571433e-02	-1.206391e-02	-4.325151e-03
2145          	OVC	-1.442997e-02	-6.965477e-03	-6.078689e-03
2145          	shield_slave	-1.570184e-02	-1.206138e-02	-4.325017e-03
2146          	OVC	-1.443254e-02	-6.976601e-03	-6.078408e-03
2146          	shield_slave	-1.569999e-02	-1.205904e-02	-4.325121e-03
2147          	OVC	-1.443387e-02	-6.973290e-03	-6.078471e-03
2147          	shield_slave	-1.572229e-02	-1.206248e-02	-4.325201e-03
2148          	OVC	-1.443432e-02	-6.973848e-03	-6.078216e-03
2148          	shield_slave	-1.571423e-02	-1.206465e-02	-4.325319e-03
2149          	OVC	-1.443285e-02	-6.979578e-03	-6.078453e-03
2149          	shield_slave	-1.568938e-02	-1.206234e-02	-4.325121e-03
2150          	OVC	-1.443470e-02	-6.976211e-03	-6.078510e-03
2150          	shield_slave	-1.570482e-02	-1.205429e-02	-4.325136e-03
2151          	OVC	-1.443563e-02	-6.972978e-03	-6.078659e-03
2151          	shield_slave	-1.569470e-02	-1.205694e-02	-4.325072e-03
2152          	OVC	-1.443731e-02	-6.976427e-03	-6.078534e-03
2152          	shield_slave	-1.569271e-02	-1.205564e-02	-4.325023e-03
2153          	OVC	-1.443920e-02	-6.978161e-03	-6.078281e-03
2153          	shield_slave	-1.570513e-02	-1.206091e-02	-4.325002e-03
2154          	OVC	-1.443695e-02	-6.975909e-03	-6.078581e-03
2154          	shield_slave	-1.570582e-02	-1.205464e-02	-4.324900e-03
2155          	OVC	-1.443301e-02	-6.974230e-03	-6.078830e-03
2155          	shield_slave	-1.569954e-02	-1.205410e-02	-4.325017e-03
2156          	OVC	-1.443115e-02	-6.970881e-03	-6.078900e-03
2156          	shield_slave	-1.569392e-02	-1.205356e-02	-4.325047e-03
2157          	OVC	-1.442763e-02	-6.970384e-03	-6.078700e-03
2157          	shield_slave	-1.572050e-02	-1.204984e-02	-4.325225e-03
2158          	OVC	-1.442605e-02	-6.971930e-03	-6.078903e-03
2158          	shield_slave	-1.572543e-02	-1.205640e-02	-4.325207e-03
2159          	OVC	-1.442736e-02	-6.967864e-03	-6.079034e-03
2159          	shield_slave	-1.572827e-02	-1.205926e-02	-4.325159e-03
2160          	OVC	-1.443061e-02	-6.965231e-03	-6.079027e-03
2160          	shield_slave	-1.569105e-02	-1.206488e-02	-4.325209e-03
2161          	OVC	-1.442888e-02	-6.966405e-03	-6.078743e-03
2161          	shield_slave	-1.566534e-02	-1.206579e-02	-4.325304e-03
2162          	OVC	-1.442650e-02	-6.968084e-03	-6.078922e-03
2162          	shield_slave	-1.571229e-02	-1.206835e-02	-4.325295e-03
2163          	OVC	-1.442657e-02	-6.973704e-03	-6.078829e-03
2163          	shield_slave	-1.573288e-02	-1.207213e-02	-4.325338e-03
2164          	OVC	-1.442718e-02	-6.967928e-03	-6.078692e-03
2164          	shield_slave	-1.574078e-02	-1.206824e-02	-4.325235e-03
2165          	OVC	-1.443027e-02	-6.969226e-03	-6.078961e-03
2165          	shield_slave	-1.573033e-02	-1.206465e-02	-4.325182e-03
2166          	OVC	-1.443329e-02	-6.965921e-03	-6.078632e-03
2166          	shield_slave	-1.572787e-02	-1.205953e-02	-4.325243e-03
2167          	OVC	-1.442843e-02	-6.967185e-03	-6.078612e-03
2167          	shield_slave	-1.571348e-02	-1.206300e-02	-4.325195e-03
2168          	OVC	-1.442861e-02	-6.967374e-03	-6.078740e-03
2168          	shield_slave	-1.569145e-02	-1.205908e-02	-4.324945e-03
2169          	OVC	-1.442950e-02	-6.968973e-03	-6.078925e-03
2169          	shield_slave	-1.572029e-02	-1.205298e-02	-4.324918e-03
2170          	OVC	-1.443199e-02	-6.976033e-03	-6.078932e-03
2170          	shield_slave	-1.571891e-02	-1.205263e-02	-4.324847e-03
2171          	OVC	-1.443231e-02	-6.975039e-03	-6.078993e-03
2171          	shield_slave	-1.571606e-02	-1.205851e-02	-4.324944e-03
2172          	OVC	-1.443108e-02	-6.971166e-03	-6.079173e-03
2172          	shield_slave	-1.571683e-02	-1.206651e-02	-4.325138e-03
2173          	OVC	-1.443260e-02	-6.969075e-03	-6.079275e-03
2173          	shield_slave	-1.574090e-02	-1.206556e-02	-4.325188e-03
2174          	OVC	-1.443205e-02	-6.970475e-03	-6.079163e-03
2174          	shield_slave	-1.572240e-02	-1.206482e-02	-4.325233e-03
2175          	OVC	-1.443004e-02	-6.972276e-03	-6.079287e-03
2175          	shield_slave	-1.572507e-02	-1.206180e-02	-4.325250e-03
2176          	OVC	-1.442828e-02	-6.971003e-03	-6.079080e-03
2176          	shield_slave	-1.576041e-02	-1.205661e-02	-4.325221e-03
2177          	OVC	-1.442947e-02	-6.967440e-03	-6.078920e-03
2177          	shield_slave	-1.573923e-02	-1.204885e-02	-4.325151e-03
2178          	OVC	-1.442884e-02	-6.972323e-03	-6.078718e-03
2178          	shield_slave	-1.572603e-02	-1.204672e-02	-4.325121e-03
2179          	OVC	-1.442906e-02	-6.971232e-03	-6.078805e-03
2179          	shield_slave	-1.573343e-02	-1.204230e-02	-4.325179e-03
2180          	OVC	-1.443018e-02	-6.973824e-03	-6.078989e-03
2180          	shield_slave	-1.573957e-02	-1.203964e-02	-4.325086e-03
2181          	OVC	-1.443097e-02	-6.971329e-03	-6.079035e-03
2181          	shield_slave	-1.573477e-02	-1.203821e-02	-4.325146e-03
2182          	OVC	-1.442924e-02	-6.973405e-03	-6.079275e-03
2182          	shield_slave	-1.576117e-02	-1.203552e-02	-4.325117e-03
2183          	OVC	-1.442868e-02	-6.974889e-03	-6.079061e-03
2183          	shield_slave	-1.574838e-02	-1.203698e-02	-4.325023e-03
2184          	OVC	-1.443420e-02	-6.976800e-03	-6.079057e-03
2184          	shield_slave	-1.572950e-02	-1.203390e-02	-4.324996e-03
2185          	OVC	-1.443566e-02	-6.975158e-03	-6.079127e-03
2185          	shield_slave	-1.574165e-02	-1.203261e-02	-4.324974e-03
2186          	OVC	-1.443362e-02	-6.976857e-03	-6.079074e-03
2186          	shield_slave	-1.573140e-02	-1.203406e-02	-4.324928e-03
2187          	OVC	-1.443223e-02	-6.974133e-03	-6.079012e-03
2187          	shield_slave	-1.574751e-02	-1.203826e-02	-4.324983e-03
2188          	OVC	-1.442913e-02	-6.972966e-03	-6.079006e-03
2188          	shield_slave	-1.577229e-02	-1.204257e-02	-4.325158e-03
2189          	OVC	-1.443019e-02	-6.965399e-03	-6.079043e-03
2189          	shield_slave	-1.577626e-02	-1.204827e-02	-4.325176e-03
2190          	OVC	-1.443002e-02	-6.965116e-03	-6.079349e-03
2190          	shield_slave	-1.576025e-02	-1.205089e-02	-4.325157e-03
2191          	OVC	-1.442899e-02	-6.969454e-03	-6.079579e-03
2191          	shield_slave	-1.582843e-02	-1.205220e-02	-4.325050e-03
2192          	OVC	-1.442923e-02	-6.970775e-03	-6.079383e-03
2192          	shield_slave	-1.584510e-02	-1.204925e-02	-4.325118e-03
2193          	OVC	-1.442881e-02	-6.976334e-03	-6.079486e-03
2193          	shield_slave	-1.586937e-02	-1.205044e-02	-4.325103e-03
2194          	OVC	-1.443204e-02	-6.971795e-03	-6.079221e-03
2194          	shield_slave	-1.579312e-02	-1.204725e-02	-4.325009e-03
2195          	OVC	-1.443333e-02	-6.976568e-03	-6.079484e-03
2195          	shield_slave	-1.579046e-02	-1.204739e-02	-4.324862e-03
2196          	OVC	-1.443287e-02	-6.974669e-03	-6.079395e-03
2196          	shield_slave	-1.578960e-02	-1.204900e-02	-4.324865e-03
2197          	OVC	-1.442706e-02	-6.971288e-03	-6.079471e-03
2197          	shield_slave	-1.578263e-02	-1.205361e-02	-4.324837e-03
2198          	OVC	-1.443187e-02	-6.976987e-03	-6.079171e-03
2198          	shield_slave	-1.574664e-02	-1.205207e-02	-4.324883e-03
2199          	OVC	-1.442881e-02	-6.976378e-03	-6.079060e-03
2199          	shield_slave	-1.577422e-02	-1.204884e-02	-4.324868e-03
2200          	OVC	-1.443032e-02	-6.974201e-03	-6.079029e-03
2200          	shield_slave	-1.576736e-02	-1.204764e-02	-4.324912e-03
2201          	OVC	-1.443369e-02	-6.976512e-03	-6.078939e-03
2201          	shield_slave	-1.580660e-02	-1.204226e-02	-4.325055e-03
2202          	OVC	-1.443398e-02	-6.978349e-03	-6.078940e-03
2202          	shield_slave	-1.581065e-02	-1.204645e-02	-4.325081e-03
2203          	OVC	-1.443492e-02	-6.972345e-03	-6.079069e-03
2203          	shield_slave	-1.579336e-02	-1.204322e-02	-4.325142e-03
2204          	OVC	-1.443400e-02	-6.974577e-03	-6.078833e-03
2204          	shield_slave	-1.579121e-02	-1.204449e-02	-4.325283e-03
2205          	OVC	-1.443158e-02	-6.968903e-03	-6.078824e-03
2205          	shield_slave	-1.577271e-02	-1.204449e-02	-4.325214e-03
2206          	OVC	-1.443231e-02	-6.975031e-03	-6.078824e-03
2206          	shield_slave	-1.574985e-02	-1.204067e-02	-4.325218e-03
2207          	OVC	-1.443565e-02	-6.971920e-03	-6.078968e-03
2207          	shield_slave	-1.573722e-02	-1.204944e-02	-4.325135e-03
2208          	OVC	-1.443431e-02	-6.970378e-03	-6.079089e-03
2208          	shield_slave	-1.572265e-02	-1.205793e-02	-4.325222e-03
2209          	OVC	-1.443130e-02	-6.969872e-03	-6.079276e-03
2209          	shield_slave	-1.572313e-02	-1.206145e-02	-4.325212e-03
2210          	OVC	-1.442998e-02	-6.972203e-03	-6.079543e-03
2210          	shield_slave	-1.573268e-02	-1.205844e-02	-4.325159e-03
2211          	OVC	-1.443060e-02	-6.970249e-03	-6.079513e-03
2211          	shield_slave	-1.571768e-02	-1.205996e-02	-4.325177e-03
2212          	OVC	-1.443191e-02	-6.967216e-03	-6.079552e-03
2212          	shield_slave	-1.571085e-02	-1.206212e-02	-4.325191e-03
2213          	OVC	-1.443151e-02	-6.974685e-03	-6.079518e-03
2213          	shield_slave	-1.573382e-02	-1.205775e-02	-4.325110e-03
2214          	OVC	-1.443310e-02	-6.976604e-03	-6.079481e-03
2214          	shield_slave	-1.571954e-02	-1.206174e-02	-4.325152e-03
2215          	OVC	-1.443397e-02	-6.975599e-03	-6.079456e-03
2215          	shield_slave	-1.574445e-02	-1.206286e-02	-4.324997e-03
2216          	OVC	-1.443993e-02	-6.978503e-03	-6.079518e-03
2216          	shield_slave	-1.576622e-02	-1.206247e-02	-4.324973e-03
2217          	OVC	-1.443612e-02	-6.975681e-03	-6.079215e-03
2217          	shield_slave	-1.577091e-02	-1.205947e-02	-4.325262e-03
2218          	OVC	-1.443699e-02	-6.973741e-03	-6.079087e-03
2218          	shield_slave	-1.575549e-02	-1.206034e-02	-4.325135e-03
2219          	OVC	-1.443603e-02	-6.969057e-03	-6.079201e-03
2219          	shield_slave	-1.578405e-02	-1.206000e-02	-4.325181e-03
2220          	OVC	-1.443696e-02	-6.968175e-03	-6.079295e-03
2220          	shield_slave	-1.578601e-02	-1.205555e-02	-4.325298e-03
2221          	OVC	-1.443502e-02	-6.969204e-03	-6.079053e-03
2221          	shield_slave	-1.576545e-02	-1.204802e-02	-4.325390e-03
2222          	OVC	-1.443834e-02	-6.963018e-03	-6.079027e-03
2222          	shield_slave	-1.580182e-02	-1.205365e-02	-4.325286e-03
2223          	OVC	-1.443722e-02	-6.968662e-03	-6.078989e-03
2223          	shield_slave	-1.574606e-02	-1.205041e-02	-4.325231e-03
2224          	OVC	-1.443450e-02	-6.969352e-03	-6.079039e-03
2224          	shield_slave	-1.571546e-02	-1.205469e-02	-4.325202e-03
2225          	OVC	-1.443661e-02	-6.978311e-03	-6.078945e-03
2225          	shield_slave	-1.570604e-02	-1.205653e-02	-4.325246e-03
2226          	OVC	-1.443451e-02	-6.976090e-03	-6.079012e-03
2226          	shield_slave	-1.570741e-02	-1.206113e-02	-4.325171e-03
2227          	OVC	-1.443855e-02	-6.972904e-03	-6.078926e-03
2227          	shield_slave	-1.572510e-02	-1.205373e-02	-4.325018e-03
2228          	OVC	-1.443899e-02	-6.979380e-03	-6.079068e-03
2228          	shield_slave	-1.574716e-02	-1.205381e-02	-4.324940e-03
2229          	OVC	-1.444348e-02	-6.976058e-03	-6.079273e-03
2229          	shield_slave	-1.574625e-02	-1.205535e-02	-4.324920e-03
2230          	OVC	-1.444144e-02	-6.973154e-03	-6.079252e-03
2230          	shield_slave	-1.577806e-02	-1.205147e-02	-4.325011e-03
2231          	OVC	-1.443949e-02	-6.979711e-03	-6.079243e-03
2231          	shield_slave	-1.580285e-02	-1.205369e-02	-4.325101e-03
2232          	OVC	-1.443976e-02	-6.979115e-03	-6.079257e-03
2232          	shield_slave	-1.579683e-02	-1.205231e-02	-4.324955e-03
2233          	OVC	-1.444048e-02	-6.973649e-03	-6.079172e-03
2233          	shield_slave	-1.575192e-02	-1.205757e-02	-4.325056e-03
2234          	OVC	-1.443861e-02	-6.975783e-03	-6.079239e-03
2234          	shield_slave	-1.567749e-02	-1.205711e-02	-4.325099e-03
2235          	OVC	-1.444038e-02	-6.969189e-03	-6.079458e-03
2235          	shield_slave	-1.566780e-02	-1.205781e-02	-4.325027e-03
2236          	OVC	-1.443708e-02	-6.972281e-03	-6.079559e-03
2236          	shield_slave	-1.571417e-02	-1.205488e-02	-4.325014e-03
2237          	OVC	-1.443710e-02	-6.976670e-03	-6.079767e-03
2237          	shield_slave	-1.578771e-02	-1.205088e-02	-4.325121e-03
2238          	OVC	-1.443759e-02	-6.977386e-03	-6.079473e-03
2238          	shield_slave	-1.577331e-02	-1.205128e-02	-4.325105e-03
2239          	OVC	-1.444095e-02	-6.974611e-03	-6.079643e-03
2239          	shield_slave	-1.572393e-02	-1.204826e-02	-4.324997e-03
2240          	OVC	-1.444041e-02	-6.972619e-03	-6.079718e-03
2240          	shield_slave	-1.578420e-02	-1.205165e-02	-4.324945e-03
2241          	OVC	-1.443890e-02	-6.968059e-03	-6.079811e-03
2241          	shield_slave	-1.579313e-02	-1.205231e-02	-4.324942e-03
2242          	OVC	-1.444027e-02	-6.968087e-03	-6.079877e-03
2242          	shield_slave	-1.575629e-02	-1.204531e-02	-4.324790e-03
2243          	OVC	-1.444263e-02	-6.968536e-03	-6.079566e-03
2243          	shield_slave	-1.570907e-02	-1.204927e-02	-4.324598e-03
2244          	OVC	-1.443924e-02	-6.972949e-03	-6.079925e-03
2244          	shield_slave	-1.570159e-02	-1.204975e-02	-4.324685e-03
2245          	OVC	-1.444097e-02	-6.968155e-03	-6.079954e-03
2245          	shield_slave	-1.569181e-02	-1.204740e-02	-4.324860e-03
2246          	OVC	-1.444374e-02	-6.973823e-03	-6.079969e-03
2246          	shield_slave	-1.568547e-02	-1.204615e-02	-4.324765e-03
2247          	OVC	-1.444030e-02	-6.975298e-03	-6.079798e-03
2247          	shield_slave	-1.568651e-02	-1.204798e-02	-4.324766e-03
2248          	OVC	-1.443944e-02	-6.977304e-03	-6.079471e-03
2248          	shield_slave	-1.568830e-02	-1.205022e-02	-4.324829e-03
2249          	OVC	-1.443571e-02	-6.970994e-03	-6.079556e-03
2249          	shield_slave	-1.570947e-02	-1.205274e-02	-4.324864e-03
2250          	OVC	-1.443583e-02	-6.976753e-03	-6.079495e-03
2250          	shield_slave	-1.573242e-02	-1.205716e-02	-4.324888e-03
2251          	OVC	-1.444126e-02	-6.975760e-03	-6.079516e-03
2251          	shield_slave	-1.576180e-02	-1.205808e-02	-4.324851e-03
2252          	OVC	-1.444164e-02	-6.973347e-03	-6.079698e-03
2252          	shield_slave	-1.574372e-02	-1.205813e-02	-4.324940e-03
2253          	OVC	-1.444027e-02	-6.972528e-03	-6.079610e-03
2253          	shield_slave	-1.569007e-02	-1.206164e-02	-4.324916e-03
2254          	OVC	-1.444364e-02	-6.967888e-03	-6.079491e-03
2254          	shield_slave	-1.569085e-02	-1.205863e-02	-4.324888e-03
2255          	OVC	-1.444638e-02	-6.967304e-03	-6.079485e-03
2255          	shield_slave	-1.567862e-02	-1.205918e-02	-4.324753e-03
2256          	OVC	-1.444579e-02	-6.972497e-03	-6.079613e-03
2256          	shield_slave	-1.566942e-02	-1.205754e-02	-4.324770e-03
2257          	OVC	-1.444446e-02	-6.965803e-03	-6.079376e-03
2257          	shield_slave	-1.563989e-02	-1.206019e-02	-4.324968e-03
2258          	OVC	-1.443987e-02	-6.967387e-03	-6.079523e-03
2258          	shield_slave	-1.563678e-02	-1.205749e-02	-4.325084e-03
2259          	OVC	-1.444112e-02	-6.969943e-03	-6.079448e-03
2259          	shield_slave	-1.568390e-02	-1.206102e-02	-4.325015e-03
2260          	OVC	-1.443743e-02	-6.968138e-03	-6.079382e-03
2260          	shield_slave	-1.566371e-02	-1.205791e-02	-4.325165e-03
2261          	OVC	-1.443831e-02	-6.964122e-03	-6.079353e-03
2261          	shield_slave	-1.568583e-02	-1.205613e-02	-4.325125e-03
2262          	OVC	-1.443764e-02	-6.970959e-03	-6.079271e-03
2262          	shield_slave	-1.574230e-02	-1.205238e-02	-4.325133e-03
2263          	OVC	-1.443654e-02	-6.963609e-03	-6.079277e-03
2263          	shield_slave	-1.571546e-02	-1.205354e-02	-4.325078e-03
2264          	OVC	-1.443895e-02	-6.962769e-03	-6.079227e-03
2264          	shield_slave	-1.575902e-02	-1.205302e-02	-4.325151e-03
2265          	OVC	-1.443559e-02	-6.962920e-03	-6.079136e-03
2265          	shield_slave	-1.578172e-02	-1.205435e-02	-4.325198e-03
2266          	OVC	-1.443759e-02	-6.961885e-03	-6.078976e-03
2266          	shield_slave	-1.575659e-02	-1.204935e-02	-4.325194e-03
2267          	OVC	-1.443747e-02	-6.960236e-03	-6.078931e-03
2267          	shield_slave	-1.579662e-02	-1.204738e-02	-4.325093e-03
2268          	OVC	-1.443415e-02	-6.965918e-03	-6.078890e-03
2268          	shield_slave	-1.577441e-02	-1.205024e-02	-4.325113e-03
2269          	OVC	-1.443374e-02	-6.956833e-03	-6.078942e-03
2269          	shield_slave	-1.577272e-02	-1.204338e-02	-4.325055e-03
2270          	OVC	-1.443393e-02	-6.955155e-03	-6.079053e-03
2270          	shield_slave	-1.576719e-02	-1.204555e-02	-4.325127e-03
2271          	OVC	-1.443816e-02	-6.963767e-03	-6.078949e-03
2271          	shield_slave	-1.569877e-02	-1.205043e-02	-4.325145e-03
2272          	OVC	-1.444032e-02	-6.968919e-03	-6.078977e-03
2272          	shield_slave	-1.573565e-02	-1.204778e-02	-4.325098e-03
2273          	OVC	-1.443739e-02	-6.977576e-03	-6.078999e-03
2273          	shield_slave	-1.575346e-02	-1.204622e-02	-4.325077e-03
2274          	OVC	-1.443820e-02	-6.975999e-03	-6.079111e-03
2274          	shield_slave	-1.573807e-02	-1.203710e-02	-4.325018e-03
2275          	OVC	-1.444104e-02	-6.972868e-03	-6.079206e-03
2275          	shield_slave	-1.573547e-02	-1.203801e-02	-4.325033e-03
2276          	OVC	-1.443788e-02	-6.974234e-03	-6.079297e-03
2276          	shield_slave	-1.569677e-02	-1.203892e-02	-4.325053e-03
2277          	OVC	-1.443548e-02	-6.973877e-03	-6.079037e-03
2277          	shield_slave	-1.570261e-02	-1.203736e-02	-4.325224e-03
2278          	OVC	-1.443608e-02	-6.973847e-03	-6.079235e-03
2278          	shield_slave	-1.569254e-02	-1.203440e-02	-4.325302e-03
2279          	OVC	-1.443760e-02	-6.972949e-03	-6.079184e-03
2279          	shield_slave	-1.569349e-02	-1.203886e-02	-4.325289e-03
2280          	OVC	-1.443453e-02	-6.972881e-03	-6.079036e-03
2280          	shield_slave	-1.567134e-02	-1.203697e-02	-4.325403e-03
2281          	OVC	-1.443442e-02	-6.965149e-03	-6.078881e-03
2281          	shield_slave	-1.567451e-02	-1.204022e-02	-4.325441e-03
2282          	OVC	-1.444063e-02	-6.961207e-03	-6.078943e-03
2282          	shield_slave	-1.567739e-02	-1.204219e-02	-4.325534e-03
2283          	OVC	-1.444218e-02	-6.965147e-03	-6.079022e-03
2283          	shield_slave	-1.567255e-02	-1.204560e-02	-4.325584e-03
2284          	OVC	-1.444005e-02	-6.974119e-03	-6.079086e-03
2284          	shield_slave	-1.566178e-02	-1.204654e-02	-4.325552e-03
2285          	OVC	-1.443798e-02	-6.970112e-03	-6.079217e-03
2285          	shield_slave	-1.563668e-02	-1.205170e-02	-4.325512e-03
2286          	OVC	-1.443761e-02	-6.970433e-03	-6.079157e-03
2286          	shield_slave	-1.567862e-02	-1.204956e-02	-4.325445e-03
2287          	OVC	-1.443774e-02	-6.968799e-03	-6.079062e-03
2287          	shield_slave	-1.565410e-02	-1.205055e-02	-4.325444e-03
2288          	OVC	-1.443860e-02	-6.966731e-03	-6.079128e-03
2288          	shield_slave	-1.560940e-02	-1.205820e-02	-4.325454e-03
2289          	OVC	-1.443401e-02	-6.972288e-03	-6.078875e-03
2289          	shield_slave	-1.562602e-02	-1.205854e-02	-4.325545e-03
2290          	OVC	-1.443745e-02	-6.967634e-03	-6.078843e-03
2290          	shield_slave	-1.561095e-02	-1.205690e-02	-4.325612e-03
2291          	OVC	-1.443619e-02	-6.969934e-03	-6.079068e-03
2291          	shield_slave	-1.557848e-02	-1.205604e-02	-4.325541e-03
2292          	OVC	-1.443772e-02	-6.967945e-03	-6.078893e-03
2292          	shield_slave	-1.558437e-02	-1.205911e-02	-4.325456e-03
2293          	OVC	-1.443793e-02	-6.975645e-03	-6.078704e-03
2293          	shield_slave	-1.559689e-02	-1.205829e-02	-4.325410e-03
2294          	OVC	-1.443231e-02	-6.977826e-03	-6.078705e-03
2294          	shield_slave	-1.559566e-02	-1.206336e-02	-4.325444e-03
2295          	OVC	-1.442902e-02	-6.971772e-03	-6.078653e-03
2295          	shield_slave	-1.560823e-02	-1.206173e-02	-4.325567e-03
2296          	OVC	-1.442964e-02	-6.974037e-03	-6.078670e-03
2296          	shield_slave	-1.559676e-02	-1.205740e-02	-4.325690e-03
2297          	OVC	-1.443182e-02	-6.977733e-03	-6.078761e-03
2297          	shield_slave	-1.560306e-02	-1.205574e-02	-4.325861e-03
2298          	OVC	-1.443001e-02	-6.975270e-03	-6.078955e-03
2298          	shield_slave	-1.559812e-02	-1.205321e-02	-4.325675e-03
2299          	OVC	-1.442911e-02	-6.976722e-03	-6.079232e-03
2299          	shield_slave	-1.560376e-02	-1.205725e-02	-4.325735e-03
2300          	OVC	-1.443267e-02	-6.978945e-03	-6.079296e-03
2300          	shield_slave	-1.560957e-02	-1.205061e-02	-4.325636e-03
2301          	OVC	-1.443566e-02	-6.971352e-03	-6.079034e-03
2301          	shield_slave	-1.559583e-02	-1.205118e-02	-4.325769e-03
2302          	OVC	-1.443088e-02	-6.978036e-03	-6.079092e-03
2302          	shield_slave	-1.563654e-02	-1.205764e-02	-4.325839e-03
2303          	OVC	-1.443143e-02	-6.981960e-03	-6.078937e-03
2303          	shield_slave	-1.562472e-02	-1.205517e-02	-4.325896e-03
2304          	OVC	-1.443259e-02	-6.983231e-03	-6.078825e-03
2304          	shield_slave	-1.557084e-02	-1.205590e-02	-4.325906e-03
2305          	OVC	-1.443319e-02	-6.983840e-03	-6.078646e-03
2305          	shield_slave	-1.560177e-02	-1.205305e-02	-4.325882e-03
2306          	OVC	-1.443384e-02	-6.983713e-03	-6.078750e-03
2306          	shield_slave	-1.562365e-02	-1.205463e-02	-4.325883e-03
2307          	OVC	-1.443218e-02	-6.982039e-03	-6.078831e-03
2307          	shield_slave	-1.559038e-02	-1.205722e-02	-4.325758e-03
2308          	OVC	-1.443507e-02	-6.983488e-03	-6.078920e-03
2308          	shield_slave	-1.562165e-02	-1.205877e-02	-4.325815e-03
2309          	OVC	-1.443404e-02	-6.987083e-03	-6.079189e-03
2309          	shield_slave	-1.562123e-02	-1.205903e-02	-4.325700e-03
2310          	OVC	-1.443249e-02	-6.992137e-03	-6.079102e-03
2310          	shield_slave	-1.558685e-02	-1.205984e-02	-4.325673e-03
2311          	OVC	-1.443167e-02	-6.988161e-03	-6.079044e-03
2311          	shield_slave	-1.561183e-02	-1.205365e-02	-4.325595e-03
2312          	OVC	-1.442939e-02	-6.993040e-03	-6.078919e-03
2312          	shield_slave	-1.562156e-02	-1.205382e-02	-4.325610e-03
2313          	OVC	-1.442938e-02	-6.990939e-03	-6.078852e-03
2313          	shield_slave	-1.559772e-02	-1.204555e-02	-4.325773e-03
2314          	OVC	-1.443197e-02	-6.984244e-03	-6.078676e-03
2314          	shield_slave	-1.562130e-02	-1.204667e-02	-4.325636e-03
2315          	OVC	-1.443504e-02	-6.983387e-03	-6.078871e-03
2315          	shield_slave	-1.563879e-02	-1.205148e-02	-4.325473e-03
2316          	OVC	-1.443922e-02	-6.982610e-03	-6.078967e-03
2316          	shield_slave	-1.564930e-02	-1.205114e-02	-4.325628e-03
2317          	OVC	-1.443430e-02	-6.984897e-03	-6.079165e-03
2317          	shield_slave	-1.565330e-02	-1.205399e-02	-4.325653e-03
2318          	OVC	-1.443433e-02	-6.980328e-03	-6.079365e-03
2318          	shield_slave	-1.566153e-02	-1.205227e-02	-4.325670e-03
2319          	OVC	-1.443265e-02	-6.979180e-03	-6.079246e-03
2319          	shield_slave	-1.565976e-02	-1.205247e-02	-4.325590e-03
2320          	OVC	-1.443231e-02	-6.980317e-03	-6.079190e-03
2320          	shield_slave	-1.570634e-02	-1.205163e-02	-4.325522e-03
2321          	OVC	-1.443519e-02	-6.982013e-03	-6.079088e-03
2321          	shield_slave	-1.571138e-02	-1.205107e-02	-4.325652e-03
2322          	OVC	-1.443440e-02	-6.986035e-03	-6.079281e-03
2322          	shield_slave	-1.567988e-02	-1.205001e-02	-4.325528e-03
2323          	OVC	-1.443394e-02	-6.988015e-03	-6.079361e-03
2323          	shield_slave	-1.571279e-02	-1.204867e-02	-4.325512e-03
2324          	OVC	-1.443310e-02	-6.981405e-03	-6.079574e-03
2324          	shield_slave	-1.573522e-02	-1.204603e-02	-4.325407e-03
2325          	OVC	-1.443157e-02	-6.980292e-03	-6.079517e-03
2325          	shield_slave	-1.578261e-02	-1.205262e-02	-4.325563e-03
2326          	OVC	-1.442995e-02	-6.978656e-03	-6.079348e-03
2326          	shield_slave	-1.577412e-02	-1.205250e-02	-4.325473e-03
2327          	OVC	-1.443204e-02	-6.980266e-03	-6.079294e-03
2327          	shield_slave	-1.572097e-02	-1.204836e-02	-4.325567e-03
2328          	OVC	-1.443239e-02	-6.982784e-03	-6.079452e-03
2328          	shield_slave	-1.571453e-02	-1.204891e-02	-4.325566e-03
2329          	OVC	-1.443279e-02	-6.985223e-03	-6.079465e-03
2329          	shield_slave	-1.577049e-02	-1.204866e-02	-4.325442e-03
2330          	OVC	-1.443767e-02	-6.983911e-03	-6.079282e-03
2330          	shield_slave	-1.580469e-02	-1.204466e-02	-4.325517e-03
2331          	OVC	-1.443490e-02	-6.983483e-03	-6.079200e-03
2331          	shield_slave	-1.579859e-02	-1.204410e-02	-4.325519e-03
2332          	OVC	-1.443519e-02	-6.987240e-03	-6.079164e-03
2332          	shield_slave	-1.580333e-02	-1.204253e-02	-4.325616e-03
2333          	OVC	-1.443325e-02	-6.985514e-03	-6.079108e-03
2333          	shield_slave	-1.580320e-02	-1.204205e-02	-4.325791e-03
2334          	OVC	-1.443237e-02	-6.990200e-03	-6.079257e-03
2334          	shield_slave	-1.578732e-02	-1.204255e-02	-4.325923e-03
2335          	OVC	-1.443563e-02	-6.989263e-03	-6.079368e-03
2335          	shield_slave	-1.577158e-02	-1.204508e-02	-4.325859e-03
2336          	OVC	-1.443378e-02	-6.986129e-03	-6.079384e-03
2336          	shield_slave	-1.578251e-02	-1.204048e-02	-4.325849e-03
2337          	OVC	-1.443170e-02	-6.988138e-03	-6.079298e-03
2337          	shield_slave	-1.571697e-02	-1.204110e-02	-4.325809e-03
2338          	OVC	-1.443533e-02	-6.989434e-03	-6.079252e-03
2338          	shield_slave	-1.568244e-02	-1.204792e-02	-4.325871e-03
2339          	OVC	-1.443964e-02	-6.984658e-03	-6.079331e-03
2339          	shield_slave	-1.568626e-02	-1.205341e-02	-4.325795e-03
2340          	OVC	-1.444176e-02	-6.981876e-03	-6.079101e-03
2340          	shield_slave	-1.567819e-02	-1.205463e-02	-4.325934e-03
2341          	OVC	-1.443678e-02	-6.976687e-03	-6.079156e-03
2341          	shield_slave	-1.573106e-02	-1.205324e-02	-4.325860e-03
2342          	OVC	-1.443654e-02	-6.981833e-03	-6.079063e-03
2342          	shield_slave	-1.571820e-02	-1.205283e-02	-4.325727e-03
2343          	OVC	-1.443445e-02	-6.979050e-03	-6.079102e-03
2343          	shield_slave	-1.574803e-02	-1.205787e-02	-4.325778e-03
2344          	OVC	-1.443796e-02	-6.976950e-03	-6.079010e-03
2344          	shield_slave	-1.573994e-02	-1.205650e-02	-4.325823e-03
2345          	OVC	-1.443592e-02	-6.976830e-03	-6.079101e-03
2345          	shield_slave	-1.569984e-02	-1.206023e-02	-4.325909e-03
2346          	OVC	-1.443316e-02	-6.981191e-03	-6.078961e-03
2346          	shield_slave	-1.566620e-02	-1.206730e-02	-4.326048e-03
2347          	OVC	-1.443177e-02	-6.980739e-03	-6.078895e-03
2347          	shield_slave	-1.568340e-02	-1.207310e-02	-4.325922e-03
2348          	OVC	-1.443093e-02	-6.979093e-03	-6.079080e-03
2348          	shield_slave	-1.566963e-02	-1.207104e-02	-4.325928e-03
2349          	OVC	-1.443264e-02	-6.985662e-03	-6.079018e-03
2349          	shield_slave	-1.567308e-02	-1.207074e-02	-4.325886e-03
2350          	OVC	-1.443035e-02	-6.984373e-03	-6.078930e-03
2350          	shield_slave	-1.569487e-02	-1.206948e-02	-4.325765e-03
2351          	OVC	-1.443327e-02	-6.985326e-03	-6.078873e-03
2351          	shield_slave	-1.572265e-02	-1.206759e-02	-4.325636e-03
2352          	OVC	-1.443515e-02	-6.985770e-03	-6.079139e-03
2352          	shield_slave	-1.565922e-02	-1.206276e-02	-4.325523e-03
2353          	OVC	-1.443176e-02	-6.977353e-03	-6.079135e-03
2353          	shield_slave	-1.563999e-02	-1.206489e-02	-4.325423e-03
2354          	OVC	-1.443388e-02	-6.979594e-03	-6.079377e-03
2354          	shield_slave	-1.563969e-02	-1.206678e-02	-4.325282e-03
2355          	OVC	-1.443738e-02	-6.986075e-03	-6.079233e-03
2355          	shield_slave	-1.561689e-02	-1.206484e-02	-4.325511e-03
2356          	OVC	-1.443499e-02	-6.987166e-03	-6.079380e-03
2356          	shield_slave	-1.562998e-02	-1.206339e-02	-4.325435e-03
2357          	OVC	-1.443639e-02	-6.982082e-03	-6.079405e-03
2357          	shield_slave	-1.563836e-02	-1.206170e-02	-4.325503e-03
2358          	OVC	-1.443221e-02	-6.979203e-03	-6.079347e-03
2358          	shield_slave	-1.566706e-02	-1.206421e-02	-4.325463e-03
2359          	OVC	-1.443243e-02	-6.979412e-03	-6.079454e-03
2359          	shield_slave	-1.571250e-02	-1.206521e-02	-4.325380e-03
2360          	OVC	-1.442955e-02	-6.979872e-03	-6.079454e-03
2360          	shield_slave	-1.568433e-02	-1.206787e-02	-4.325570e-03
2361          	OVC	-1.443067e-02	-6.982081e-03	-6.079301e-03
2361          	shield_slave	-1.569967e-02	-1.206684e-02	-4.325592e-03
2362          	OVC	-1.443381e-02	-6.985447e-03	-6.079073e-03
2362          	shield_slave	-1.569020e-02	-1.205736e-02	-4.325663e-03
2363          	OVC	-1.442843e-02	-6.983982e-03	-6.078991e-03
2363          	shield_slave	-1.569231e-02	-1.206241e-02	-4.325595e-03
2364          	OVC	-1.443052e-02	-6.983640e-03	-6.078989e-03
2364          	shield_slave	-1.570623e-02	-1.206518e-02	-4.325607e-03
2365          	OVC	-1.443290e-02	-6.986053e-03	-6.079040e-03
2365          	shield_slave	-1.566730e-02	-1.206938e-02	-4.325501e-03
2366          	OVC	-1.443222e-02	-6.978542e-03	-6.079087e-03
2366          	shield_slave	-1.571241e-02	-1.206502e-02	-4.325682e-03
2367          	OVC	-1.443313e-02	-6.985279e-03	-6.079286e-03
2367          	shield_slave	-1.567432e-02	-1.206778e-02	-4.325554e-03
2368          	OVC	-1.442992e-02	-6.987013e-03	-6.079299e-03
2368          	shield_slave	-1.565994e-02	-1.206877e-02	-4.325580e-03
2369          	OVC	-1.443036e-02	-6.987809e-03	-6.079518e-03
2369          	shield_slave	-1.568350e-02	-1.206581e-02	-4.325592e-03
2370          	OVC	-1.442911e-02	-6.989526e-03	-6.079328e-03
2370          	shield_slave	-1.571964e-02	-1.206202e-02	-4.325583e-03
2371          	OVC	-1.442678e-02	-6.984459e-03	-6.079187e-03
2371          	shield_slave	-1.565267e-02	-1.206350e-02	-4.325574e-03
2372          	OVC	-1.442887e-02	-6.979913e-03	-6.079191e-03
2372          	shield_slave	-1.567847e-02	-1.205835e-02	-4.325522e-03
2373          	OVC	-1.442395e-02	-6.982442e-03	-6.079337e-03
2373          	shield_slave	-1.569656e-02	-1.206013e-02	-4.325575e-03
2374          	OVC	-1.442604e-02	-6.984734e-03	-6.079310e-03
2374          	shield_slave	-1.561753e-02	-1.206604e-02	-4.325653e-03
2375          	OVC	-1.442641e-02	-6.988329e-03	-6.079325e-03
2375          	shield_slave	-1.563724e-02	-1.206840e-02	-4.325561e-03
2376          	OVC	-1.442596e-02	-6.989245e-03	-6.079502e-03
2376          	shield_slave	-1.561182e-02	-1.206847e-02	-4.325653e-03
2377          	OVC	-1.442648e-02	-6.984330e-03	-6.079720e-03
2377          	shield_slave	-1.568660e-02	-1.206529e-02	-4.325531e-03
2378          	OVC	-1.442942e-02	-6.983661e-03	-6.079818e-03
2378          	shield_slave	-1.565304e-02	-1.205843e-02	-4.325536e-03
2379          	OVC	-1.443094e-02	-6.983969e-03	-6.079652e-03
2379          	shield_slave	-1.567544e-02	-1.205802e-02	-4.325504e-03
2380          	OVC	-1.443019e-02	-6.985321e-03	-6.079613e-03
2380          	shield_slave	-1.568152e-02	-1.205166e-02	-4.325542e-03
2381          	OVC	-1.443207e-02	-6.983987e-03	-6.079590e-03
2381          	shield_slave	-1.567760e-02	-1.205262e-02	-4.325518e-03
2382          	OVC	-1.443095e-02	-6.984215e-03	-6.079735e-03
2382          	shield_slave	-1.569860e-02	-1.205796e-02	-4.325443e-03
2383          	OVC	-1.443356e-02	-6.981817e-03	-6.079675e-03
2383          	shield_slave	-1.571585e-02	-1.205557e-02	-4.325371e-03
2384          	OVC	-1.443433e-02	-6.988179e-03	-6.079236e-03
2384          	shield_slave	-1.569878e-02	-1.205750e-02	-4.325460e-03
2385          	OVC	-1.443737e-02	-6.985959e-03	-6.079321e-03
2385          	shield_slave	-1.571819e-02	-1.205931e-02	-4.325544e-03
2386          	OVC	-1.443933e-02	-6.986157e-03	-6.079622e-03
2386          	shield_slave	-1.570308e-02	-1.206142e-02	-4.325212e-03
2387          	OVC	-1.444126e-02	-6.983981e-03	-6.079740e-03
2387          	shield_slave	-1.573047e-02	-1.206090e-02	-4.325192e-03
2388          	OVC	-1.444394e-02	-6.984155e-03	-6.079613e-03
2388          	shield_slave	-1.570834e-02	-1.206603e-02	-4.325060e-03
2389          	OVC	-1.444183e-02	-6.984608e-03	-6.079572e-03
2389          	shield_slave	-1.571361e-02	-1.206589e-02	-4.325107e-03
2390          	OVC	-1.444411e-02	-6.984984e-03	-6.079800e-03
2390          	shield_slave	-1.571894e-02	-1.207048e-02	-4.325123e-03
2391          	OVC	-1.443999e-02	-6.978528e-03	-6.079733e-03
2391          	shield_slave	-1.577591e-02	-1.207371e-02	-4.325000e-03
2392          	OVC	-1.443995e-02	-6.981496e-03	-6.079789e-03
2392          	shield_slave	-1.578616e-02	-1.206943e-02	-4.325014e-03
2393          	OVC	-1.443973e-02	-6.981274e-03	-6.079762e-03
2393          	shield_slave	-1.577585e-02	-1.206216e-02	-4.325105e-03
2394          	OVC	-1.443974e-02	-6.982026e-03	-6.079696e-03
2394          	shield_slave	-1.573158e-02	-1.206110e-02	-4.325259e-03
2395          	OVC	-1.444228e-02	-6.981284e-03	-6.079660e-03
2395          	shield_slave	-1.573587e-02	-1.205818e-02	-4.325510e-03
2396          	OVC	-1.443762e-02	-6.984670e-03	-6.079797e-03
2396          	shield_slave	-1.573776e-02	-1.206103e-02	-4.325661e-03
2397          	OVC	-1.444534e-02	-6.978414e-03	-6.079770e-03
2397          	shield_slave	-1.574474e-02	-1.206053e-02	-4.325815e-03
2398          	OVC	-1.444383e-02	-6.982585e-03	-6.079705e-03
2398          	shield_slave	-1.574060e-02	-1.206193e-02	-4.325700e-03
2399          	OVC	-1.443681e-02	-6.983703e-03	-6.079807e-03
2399          	shield_slave	-1.574628e-02	-1.205712e-02	-4.325700e-03
2400          	OVC	-1.444027e-02	-6.982178e-03	-6.079660e-03
2400          	shield_slave	-1.572909e-02	-1.205543e-02	-4.325863e-03
2401          	OVC	-1.443990e-02	-6.987000e-03	-6.079702e-03
2401          	shield_slave	-1.576181e-02	-1.205400e-02	-4.325631e-03
2402          	OVC	-1.443517e-02	-6.977860e-03	-6.079498e-03
2402          	shield_slave	-1.573575e-02	-1.205454e-02	-4.325743e-03
2403          	OVC	-1.444001e-02	-6.982672e-03	-6.079499e-03
2403          	shield_slave	-1.577886e-02	-1.205818e-02	-4.325999e-03
2404          	OVC	-1.443938e-02	-6.977764e-03	-6.079461e-03
2404          	shield_slave	-1.574242e-02	-1.205387e-02	-4.325938e-03
2405          	OVC	-1.443879e-02	-6.977404e-03	-6.079364e-03
2405          	shield_slave	-1.577080e-02	-1.205281e-02	-4.326018e-03
2406          	OVC	-1.443987e-02	-6.981816e-03	-6.079400e-03
2406          	shield_slave	-1.579932e-02	-1.205430e-02	-4.325854e-03
2407          	OVC	-1.443948e-02	-6.977874e-03	-6.079374e-03
2407          	shield_slave	-1.577709e-02	-1.205359e-02	-4.325861e-03
2408          	OVC	-1.443688e-02	-6.975800e-03	-6.079394e-03
2408          	shield_slave	-1.577844e-02	-1.205393e-02	-4.325884e-03
2409          	OVC	-1.443944e-02	-6.971538e-03	-6.079638e-03
2409          	shield_slave	-1.577670e-02	-1.205530e-02	-4.325862e-03
2410          	OVC	-1.443936e-02	-6.971184e-03	-6.079490e-03
2410          	shield_slave	-1.576176e-02	-1.205382e-02	-4.326018e-03
2411          	OVC	-1.444480e-02	-6.981814e-03	-6.079399e-03
2411          	shield_slave	-1.578046e-02	-1.205237e-02	-4.326071e-03
2412          	OVC	-1.444214e-02	-6.977410e-03	-6.079343e-03
2412          	shield_slave	-1.576692e-02	-1.205155e-02	-4.325939e-03
2413          	OVC	-1.443917e-02	-6.977189e-03	-6.079394e-03
2413          	shield_slave	-1.578221e-02	-1.205640e-02	-4.326021e-03
2414          	OVC	-1.443977e-02	-6.971815e-03	-6.079422e-03
2414          	shield_slave	-1.576896e-02	-1.205563e-02	-4.325935e-03
2415          	OVC	-1.443995e-02	-6.964903e-03	-6.079502e-03
2415          	shield_slave	-1.579894e-02	-1.205677e-02	-4.325782e-03
2416          	OVC	-1.443519e-02	-6.962624e-03	-6.079686e-03
2416          	shield_slave	-1.573632e-02	-1.205499e-02	-4.325672e-03
2417          	OVC	-1.443616e-02	-6.960771e-03	-6.079675e-03
2417          	shield_slave	-1.572127e-02	-1.205037e-02	-4.325569e-03
2418          	OVC	-1.443345e-02	-6.959488e-03	-6.079561e-03
2418          	shield_slave	-1.572600e-02	-1.205096e-02	-4.325658e-03
2419          	OVC	-1.443327e-02	-6.958251e-03	-6.079461e-03
2419          	shield_slave	-1.572077e-02	-1.205529e-02	-4.325639e-03
2420          	OVC	-1.443539e-02	-6.957209e-03	-6.079347e-03
2420          	shield_slave	-1.572935e-02	-1.205277e-02	-4.325807e-03
2421          	OVC	-1.443780e-02	-6.971620e-03	-6.079402e-03
2421          	shield_slave	-1.573344e-02	-1.205724e-02	-4.325796e-03
2422          	OVC	-1.443769e-02	-6.971291e-03	-6.079314e-03
2422          	shield_slave	-1.574476e-02	-1.205987e-02	-4.325876e-03
2423          	OVC	-1.443745e-02	-6.975394e-03	-6.079283e-03
2423          	shield_slave	-1.578234e-02	-1.206425e-02	-4.325943e-03
2424          	OVC	-1.443774e-02	-6.968513e-03	-6.079674e-03
2424          	shield_slave	-1.575239e-02	-1.205820e-02	-4.325889e-03
2425          	OVC	-1.443236e-02	-6.966119e-03	-6.079309e-03
2425          	shield_slave	-1.574655e-02	-1.205797e-02	-4.325853e-03
2426          	OVC	-1.443483e-02	-6.968997e-03	-6.079300e-03
2426          	shield_slave	-1.573056e-02	-1.206050e-02	-4.326081e-03
2427          	OVC	-1.443598e-02	-6.969436e-03	-6.079182e-03
2427          	shield_slave	-1.575543e-02	-1.206048e-02	-4.326238e-03
2428          	OVC	-1.443481e-02	-6.966710e-03	-6.079399e-03
2428          	shield_slave	-1.573641e-02	-1.205413e-02	-4.326139e-03
2429          	OVC	-1.443533e-02	-6.967798e-03	-6.079201e-03
2429          	shield_slave	-1.570368e-02	-1.206069e-02	-4.326132e-03
2430          	OVC	-1.443845e-02	-6.968378e-03	-6.079149e-03
2430          	shield_slave	-1.571351e-02	-1.205673e-02	-4.326333e-03
2431          	OVC	-1.443621e-02	-6.966843e-03	-6.079334e-03
2431          	shield_slave	-1.574713e-02	-1.205588e-02	-4.326370e-03
2432          	OVC	-1.443718e-02	-6.971944e-03	-6.079511e-03
2432          	shield_slave	-1.573620e-02	-1.205312e-02	-4.326556e-03
2433          	OVC	-1.443828e-02	-6.969269e-03	-6.079294e-03
2433          	shield_slave	-1.575403e-02	-1.205170e-02	-4.326560e-03
2434          	OVC	-1.444016e-02	-6.974809e-03	-6.079191e-03
2434          	shield_slave	-1.577567e-02	-1.205587e-02	-4.326467e-03
2435          	OVC	-1.443893e-02	-6.970581e-03	-6.079076e-03
2435          	shield_slave	-1.576943e-02	-1.205435e-02	-4.326313e-03
2436          	OVC	-1.443876e-02	-6.970473e-03	-6.079123e-03
2436          	shield_slave	-1.578458e-02	-1.205785e-02	-4.326279e-03
2437          	OVC	-1.443910e-02	-6.970472e-03	-6.079308e-03
2437          	shield_slave	-1.581144e-02	-1.206331e-02	-4.326391e-03
2438          	OVC	-1.444160e-02	-6.968569e-03	-6.079454e-03
2438          	shield_slave	-1.582999e-02	-1.205904e-02	-4.326559e-03
2439          	OVC	-1.444833e-02	-6.969740e-03	-6.079589e-03
2439          	shield_slave	-1.579412e-02	-1.205753e-02	-4.326479e-03
2440          	OVC	-1.444812e-02	-6.968550e-03	-6.079732e-03
2440          	shield_slave	-1.581418e-02	-1.205668e-02	-4.326398e-03
2441          	OVC	-1.445112e-02	-6.969259e-03	-6.079444e-03
2441          	shield_slave	-1.580659e-02	-1.206091e-02	-4.326505e-03
2442          	OVC	-1.444855e-02	-6.972274e-03	-6.079384e-03
2442          	shield_slave	-1.582123e-02	-1.206447e-02	-4.326484e-03
2443          	OVC	-1.445343e-02	-6.963634e-03	-6.079537e-03
2443          	shield_slave	-1.580751e-02	-1.206457e-02	-4.326304e-03
2444          	OVC	-1.445450e-02	-6.963362e-03	-6.079349e-03
2444          	shield_slave	-1.579593e-02	-1.205798e-02	-4.326191e-03
2445          	OVC	-1.445297e-02	-6.972793e-03	-6.079419e-03
2445          	shield_slave	-1.580348e-02	-1.206206e-02	-4.325944e-03
2446          	OVC	-1.445174e-02	-6.970983e-03	-6.079595e-03
2446          	shield_slave	-1.576572e-02	-1.206321e-02	-4.325677e-03
2447          	OVC	-1.444837e-02	-6.970508e-03	-6.079438e-03
2447          	shield_slave	-1.575502e-02	-1.206030e-02	-4.325676e-03
2448          	OVC	-1.444747e-02	-6.968754e-03	-6.079599e-03
2448          	shield_slave	-1.576736e-02	-1.206024e-02	-4.325676e-03
2449          	OVC	-1.444916e-02	-6.959361e-03	-6.079565e-03
2449          	shield_slave	-1.580693e-02	-1.205712e-02	-4.325548e-03
2450          	OVC	-1.444096e-02	-6.955907e-03	-6.079341e-03
2450          	shield_slave	-1.580440e-02	-1.204982e-02	-4.325395e-03
2451          	OVC	-1.444046e-02	-6.959247e-03	-6.079174e-03
2451          	shield_slave	-1.579287e-02	-1.204948e-02	-4.325499e-03
2452          	OVC	-1.444113e-02	-6.955103e-03	-6.079209e-03
2452          	shield_slave	-1.579002e-02	-1.204781e-02	-4.325783e-03
2453          	OVC	-1.443965e-02	-6.955373e-03	-6.079488e-03
2453          	shield_slave	-1.578775e-02	-1.204498e-02	-4.325834e-03
2454          	OVC	-1.444182e-02	-6.958367e-03	-6.079346e-03
2454          	shield_slave	-1.577113e-02	-1.204098e-02	-4.325779e-03
2455          	OVC	-1.444148e-02	-6.956950e-03	-6.079428e-03
2455          	shield_slave	-1.575487e-02	-1.204411e-02	-4.325917e-03
2456          	OVC	-1.443803e-02	-6.957178e-03	-6.079681e-03
2456          	shield_slave	-1.567662e-02	-1.204038e-02	-4.325653e-03
2457          	OVC	-1.444024e-02	-6.958747e-03	-6.079648e-03
2457          	shield_slave	-1.574451e-02	-1.204152e-02	-4.325940e-03
2458          	OVC	-1.444337e-02	-6.957179e-03	-6.079407e-03
2458          	shield_slave	-1.577103e-02	-1.204271e-02	-4.326028e-03
2459          	OVC	-1.444264e-02	-6.958508e-03	-6.079512e-03
2459          	shield_slave	-1.585716e-02	-1.204506e-02	-4.326250e-03
2460          	OVC	-1.444031e-02	-6.961534e-03	-6.079507e-03
2460          	shield_slave	-1.584994e-02	-1.204744e-02	-4.326208e-03
2461          	OVC	-1.444368e-02	-6.967167e-03	-6.079111e-03
2461          	shield_slave	-1.586142e-02	-1.204384e-02	-4.326175e-03
2462          	OVC	-1.444284e-02	-6.964339e-03	-6.079099e-03
2462          	shield_slave	-1.584207e-02	-1.204445e-02	-4.326231e-03
2463          	OVC	-1.444121e-02	-6.959041e-03	-6.079200e-03
2463          	shield_slave	-1.580272e-02	-1.204384e-02	-4.326227e-03
2464          	OVC	-1.444366e-02	-6.958295e-03	-6.079352e-03
2464          	shield_slave	-1.585481e-02	-1.204476e-02	-4.326180e-03
2465          	OVC	-1.444419e-02	-6.956084e-03	-6.079093e-03
2465          	shield_slave	-1.582783e-02	-1.204690e-02	-4.326180e-03
2466          	OVC	-1.444307e-02	-6.962699e-03	-6.079108e-03
2466          	shield_slave	-1.579045e-02	-1.204325e-02	-4.326080e-03
2467          	OVC	-1.444117e-02	-6.958738e-03	-6.078917e-03
2467          	shield_slave	-1.583252e-02	-1.204955e-02	-4.326141e-03
2468          	OVC	-1.444431e-02	-6.967113e-03	-6.079008e-03
2468          	shield_slave	-1.581653e-02	-1.205036e-02	-4.326247e-03
2469          	OVC	-1.444432e-02	-6.976321e-03	-6.078957e-03
2469          	shield_slave	-1.583505e-02	-1.205007e-02	-4.326300e-03
2470          	OVC	-1.444456e-02	-6.974851e-03	-6.079169e-03
2470          	shield_slave	-1.578189e-02	-1.205165e-02	-4.326248e-03
2471          	OVC	-1.444590e-02	-6.974503e-03	-6.079425e-03
2471          	shield_slave	-1.578917e-02	-1.205725e-02	-4.326453e-03
2472          	OVC	-1.444802e-02	-6.970605e-03	-6.079134e-03
2472          	shield_slave	-1.577728e-02	-1.206089e-02	-4.326534e-03
2473          	OVC	-1.444933e-02	-6.966181e-03	-6.079328e-03
2473          	shield_slave	-1.578350e-02	-1.205865e-02	-4.326383e-03
2474          	OVC	-1.444345e-02	-6.972559e-03	-6.079016e-03
2474          	shield_slave	-1.581044e-02	-1.205848e-02	-4.326546e-03
2475          	OVC	-1.444655e-02	-6.971955e-03	-6.079083e-03
2475          	shield_slave	-1.580578e-02	-1.205428e-02	-4.326597e-03
2476          	OVC	-1.444619e-02	-6.974582e-03	-6.078980e-03
2476          	shield_slave	-1.580876e-02	-1.205243e-02	-4.326716e-03
2477          	OVC	-1.444468e-02	-6.971517e-03	-6.079112e-03
2477          	shield_slave	-1.581331e-02	-1.205214e-02	-4.326783e-03
2478          	OVC	-1.444158e-02	-6.958952e-03	-6.079130e-03
2478          	shield_slave	-1.578358e-02	-1.205664e-02	-4.326851e-03
2479          	OVC	-1.444269e-02	-6.970067e-03	-6.079172e-03
2479          	shield_slave	-1.575947e-02	-1.205995e-02	-4.326983e-03
2480          	OVC	-1.444272e-02	-6.973058e-03	-6.079424e-03
2480          	shield_slave	-1.571828e-02	-1.205248e-02	-4.326660e-03
2481          	OVC	-1.444080e-02	-6.973679e-03	-6.079550e-03
2481          	shield_slave	-1.577136e-02	-1.205248e-02	-4.326610e-03
2482          	OVC	-1.444486e-02	-6.968440e-03	-6.079362e-03
2482          	shield_slave	-1.574513e-02	-1.205710e-02	-4.326529e-03
2483          	OVC	-1.444295e-02	-6.965935e-03	-6.079489e-03
2483          	shield_slave	-1.573202e-02	-1.205656e-02	-4.326158e-03
2484          	OVC	-1.444272e-02	-6.972148e-03	-6.079369e-03
2484          	shield_slave	-1.569745e-02	-1.205654e-02	-4.326045e-03
2485          	OVC	-1.444084e-02	-6.981978e-03	-6.079415e-03
2485          	shield_slave	-1.571788e-02	-1.205106e-02	-4.325948e-03
2486          	OVC	-1.444112e-02	-6.975895e-03	-6.079302e-03
2486          	shield_slave	-1.571893e-02	-1.204784e-02	-4.325904e-03
2487          	OVC	-1.444452e-02	-6.977317e-03	-6.079345e-03
2487          	shield_slave	-1.571057e-02	-1.204229e-02	-4.325927e-03
2488          	OVC	-1.444562e-02	-6.981427e-03	-6.079380e-03
2488          	shield_slave	-1.566510e-02	-1.204780e-02	-4.325970e-03
2489          	OVC	-1.444629e-02	-6.976056e-03	-6.079247e-03
2489          	shield_slave	-1.566392e-02	-1.205200e-02	-4.326147e-03
2490          	OVC	-1.444677e-02	-6.976308e-03	-6.079227e-03
2490          	shield_slave	-1.564749e-02	-1.204680e-02	-4.326092e-03
2491          	OVC	-1.444436e-02	-6.972994e-03	-6.079288e-03
2491          	shield_slave	-1.566725e-02	-1.205057e-02	-4.326050e-03
2492          	OVC	-1.444867e-02	-6.975289e-03	-6.079381e-03
2492          	shield_slave	-1.567934e-02	-1.204636e-02	-4.326020e-03
2493          	OVC	-1.444449e-02	-6.972585e-03	-6.079619e-03
2493          	shield_slave	-1.570427e-02	-1.205102e-02	-4.325950e-03
2494          	OVC	-1.444243e-02	-6.970355e-03	-6.079803e-03
2494          	shield_slave	-1.577628e-02	-1.205487e-02	-4.326055e-03
2495          	OVC	-1.444530e-02	-6.972419e-03	-6.079677e-03
2495          	shield_slave	-1.577149e-02	-1.205417e-02	-4.325748e-03
2496          	OVC	-1.444686e-02	-6.973529e-03	-6.079442e-03
2496          	shield_slave	-1.579608e-02	-1.205154e-02	-4.325896e-03
2497          	OVC	-1.444523e-02	-6.969788e-03	-6.079265e-03
2497          	shield_slave	-1.576539e-02	-1.205773e-02	-4.325909e-03
2498          	OVC	-1.444465e-02	-6.960780e-03	-6.079480e-03
2498          	shield_slave	-1.579881e-02	-1.205643e-02	-4.325722e-03
2499          	OVC	-1.444527e-02	-6.958318e-03	-6.079338e-03
2499          	shield_slave	-1.577948e-02	-1.206106e-02	-4.325578e-03
2500          	OVC	-1.444422e-02	-6.962889e-03	-6.079348e-03
2500          	shield_slave	-1.575112e-02	-1.206138e-02	-4.325714e-03
2501          	OVC	-1.444823e-02	-6.958464e-03	-6.079364e-03
2501          	shield_slave	-1.576696e-02	-1.206384e-02	-4.325528e-03
2502          	OVC	-1.444446e-02	-6.960242e-03	-6.079207e-03
2502          	shield_slave	-1.574664e-02	-1.206031e-02	-4.325584e-03
2503          	OVC	-1.444404e-02	-6.959209e-03	-6.079493e-03
2503          	shield_slave	-1.571603e-02	-1.205534e-02	-4.325537e-03
2504          	OVC	-1.444103e-02	-6.962779e-03	-6.079476e-03
2504          	shield_slave	-1.570825e-02	-1.204718e-02	-4.325817e-03
2505          	OVC	-1.444304e-02	-6.970874e-03	-6.079384e-03
2505          	shield_slave	-1.570897e-02	-1.204648e-02	-4.326116e-03
2506          	OVC	-1.444290e-02	-6.976422e-03	-6.079427e-03
2506          	shield_slave	-1.569012e-02	-1.204538e-02	-4.326024e-03
2507          	OVC	-1.444367e-02	-6.982192e-03	-6.079426e-03
2507          	shield_slave	-1.567921e-02	-1.204947e-02	-4.326054e-03
2508          	OVC	-1.444131e-02	-6.981442e-03	-6.079456e-03
2508          	shield_slave	-1.570470e-02	-1.204476e-02	-4.326157e-03
2509          	OVC	-1.443968e-02	-6.981623e-03	-6.079624e-03
2509          	shield_slave	-1.570579e-02	-1.204128e-02	-4.326146e-03
2510          	OVC	-1.444040e-02	-6.985659e-03	-6.079872e-03
2510          	shield_slave	-1.569820e-02	-1.204673e-02	-4.326316e-03
2511          	OVC	-1.444191e-02	-6.983594e-03	-6.079716e-03
2511          	shield_slave	-1.567463e-02	-1.204468e-02	-4.326408e-03
2512          	OVC	-1.444250e-02	-6.990359e-03	-6.079499e-03
2512          	shield_slave	-1.571269e-02	-1.205289e-02	-4.326428e-03
2513          	OVC	-1.444048e-02	-6.984185e-03	-6.079664e-03
2513          	shield_slave	-1.568807e-02	-1.204815e-02	-4.326162e-03
2514          	OVC	-1.443932e-02	-6.986468e-03	-6.079392e-03
2514          	shield_slave	-1.571584e-02	-1.205076e-02	-4.326114e-03
2515          	OVC	-1.443917e-02	-6.983492e-03	-6.079377e-03
2515          	shield_slave	-1.572965e-02	-1.204643e-02	-4.326153e-03
2516          	OVC	-1.444006e-02	-6.983423e-03	-6.079314e-03
2516          	shield_slave	-1.571201e-02	-1.204663e-02	-4.326288e-03
2517          	OVC	-1.443995e-02	-6.986003e-03	-6.079455e-03
2517          	shield_slave	-1.573264e-02	-1.204773e-02	-4.326386e-03
2518          	OVC	-1.444381e-02	-6.984216e-03	-6.079223e-03
2518          	shield_slave	-1.573194e-02	-1.204822e-02	-4.326364e-03
2519          	OVC	-1.444024e-02	-6.981868e-03	-6.079171e-03
2519          	shield_slave	-1.575321e-02	-1.204198e-02	-4.326236e-03
2520          	OVC	-1.444086e-02	-6.976987e-03	-6.079539e-03
2520          	shield_slave	-1.571322e-02	-1.204139e-02	-4.326109e-03
2521          	OVC	-1.443963e-02	-6.979283e-03	-6.079674e-03
2521          	shield_slave	-1.572976e-02	-1.204781e-02	-4.326176e-03
2522          	OVC	-1.444215e-02	-6.984922e-03	-6.079843e-03
2522          	shield_slave	-1.570656e-02	-1.204373e-02	-4.326001e-03
2523          	OVC	-1.444450e-02	-6.982329e-03	-6.079574e-03
2523          	shield_slave	-1.573150e-02	-1.204750e-02	-4.325719e-03
2524          	OVC	-1.444323e-02	-6.980545e-03	-6.079790e-03
2524          	shield_slave	-1.578731e-02	-1.204876e-02	-4.325784e-03
2525          	OVC	-1.444109e-02	-6.975075e-03	-6.079863e-03
2525          	shield_slave	-1.567903e-02	-1.205250e-02	-4.325758e-03
2526          	OVC	-1.443979e-02	-6.980649e-03	-6.079872e-03
2526          	shield_slave	-1.565054e-02	-1.205097e-02	-4.325831e-03
2527          	OVC	-1.444041e-02	-6.979877e-03	-6.079900e-03
2527          	shield_slave	-1.569095e-02	-1.205128e-02	-4.326249e-03
2528          	OVC	-1.443943e-02	-6.979006e-03	-6.080081e-03
2528          	shield_slave	-1.569771e-02	-1.204601e-02	-4.326322e-03
2529          	OVC	-1.444121e-02	-6.972421e-03	-6.080151e-03
2529          	shield_slave	-1.572615e-02	-1.205177e-02	-4.326249e-03
2530          	OVC	-1.443806e-02	-6.977753e-03	-6.080219e-03
2530          	shield_slave	-1.570456e-02	-1.205679e-02	-4.326361e-03
2531          	OVC	-1.444091e-02	-6.983233e-03	-6.080300e-03
2531          	shield_slave	-1.572208e-02	-1.206320e-02	-4.326101e-03
2532          	OVC	-1.443990e-02	-6.983615e-03	-6.080241e-03
2532          	shield_slave	-1.569439e-02	-1.205964e-02	-4.326215e-03
2533          	OVC	-1.444003e-02	-6.980513e-03	-6.079957e-03
2533          	shield_slave	-1.565761e-02	-1.206171e-02	-4.326209e-03
2534          	OVC	-1.444071e-02	-6.970188e-03	-6.079827e-03
2534          	shield_slave	-1.566100e-02	-1.206853e-02	-4.326202e-03
2535          	OVC	-1.444007e-02	-6.973418e-03	-6.080081e-03
2535          	shield_slave	-1.566203e-02	-1.207210e-02	-4.326083e-03
2536          	OVC	-1.443872e-02	-6.980812e-03	-6.079919e-03
2536          	shield_slave	-1.566286e-02	-1.206432e-02	-4.325971e-03
2537          	OVC	-1.444223e-02	-6.983616e-03	-6.079908e-03
2537          	shield_slave	-1.563595e-02	-1.206992e-02	-4.326092e-03
2538          	OVC	-1.443355e-02	-6.979835e-03	-6.079781e-03
2538          	shield_slave	-1.563077e-02	-1.205789e-02	-4.325875e-03
2539          	OVC	-1.443374e-02	-6.979181e-03	-6.079923e-03
2539          	shield_slave	-1.569718e-02	-1.205760e-02	-4.326119e-03
2540          	OVC	-1.443548e-02	-6.983583e-03	-6.080084e-03
2540          	shield_slave	-1.567150e-02	-1.205042e-02	-4.326140e-03
2541          	OVC	-1.443387e-02	-6.982937e-03	-6.079990e-03
2541          	shield_slave	-1.572136e-02	-1.205933e-02	-4.326079e-03
2542          	OVC	-1.443756e-02	-6.990833e-03	-6.079812e-03
2542          	shield_slave	-1.570260e-02	-1.205854e-02	-4.326061e-03
2543          	OVC	-1.443779e-02	-6.978323e-03	-6.079947e-03
2543          	shield_slave	-1.573180e-02	-1.206201e-02	-4.325999e-03
2544          	OVC	-1.443922e-02	-6.975460e-03	-6.080049e-03
2544          	shield_slave	-1.572165e-02	-1.206493e-02	-4.325872e-03
2545          	OVC	-1.443601e-02	-6.980671e-03	-6.079880e-03
2545          	shield_slave	-1.574826e-02	-1.206089e-02	-4.325930e-03
2546          	OVC	-1.443691e-02	-6.983577e-03	-6.079866e-03
2546          	shield_slave	-1.574771e-02	-1.206740e-02	-4.325890e-03
2547          	OVC	-1.443178e-02	-6.976503e-03	-6.079813e-03
2547          	shield_slave	-1.568369e-02	-1.206701e-02	-4.325861e-03
2548          	OVC	-1.443288e-02	-6.975056e-03	-6.079823e-03
2548          	shield_slave	-1.574673e-02	-1.206801e-02	-4.325893e-03
2549          	OVC	-1.444090e-02	-6.981711e-03	-6.080148e-03
2549          	shield_slave	-1.571187e-02	-1.206475e-02	-4.325801e-03
2550          	OVC	-1.444267e-02	-6.966664e-03	-6.080268e-03
2550          	shield_slave	-1.572823e-02	-1.206906e-02	-4.325773e-03
2551          	OVC	-1.443973e-02	-6.975054e-03	-6.080379e-03
2551          	shield_slave	-1.571458e-02	-1.206993e-02	-4.325790e-03
2552          	OVC	-1.444366e-02	-6.978009e-03	-6.080161e-03
2552          	shield_slave	-1.567478e-02	-1.207332e-02	-4.325858e-03
2553          	OVC	-1.444406e-02	-6.981102e-03	-6.080088e-03
2553          	shield_slave	-1.572119e-02	-1.207465e-02	-4.325951e-03
2554          	OVC	-1.444235e-02	-6.983818e-03	-6.080080e-03
2554          	shield_slave	-1.567760e-02	-1.207599e-02	-4.325915e-03
2555          	OVC	-1.444086e-02	-6.981018e-03	-6.080128e-03
2555          	shield_slave	-1.567534e-02	-1.208100e-02	-4.325824e-03
2556          	OVC	-1.444318e-02	-6.982071e-03	-6.080093e-03
2556          	shield_slave	-1.567218e-02	-1.207655e-02	-4.325759e-03
2557          	OVC	-1.444707e-02	-6.976958e-03	-6.079904e-03
2557          	shield_slave	-1.566443e-02	-1.207475e-02	-4.325515e-03
2558          	OVC	-1.444489e-02	-6.988283e-03	-6.079770e-03
2558          	shield_slave	-1.566987e-02	-1.207440e-02	-4.325417e-03
2559          	OVC	-1.444278e-02	-6.982062e-03	-6.079750e-03
2559          	shield_slave	-1.568729e-02	-1.207606e-02	-4.325396e-03
2560          	OVC	-1.444000e-02	-6.983443e-03	-6.079813e-03
2560          	shield_slave	-1.574127e-02	-1.207697e-02	-4.325373e-03
2561          	OVC	-1.443731e-02	-6.981582e-03	-6.079865e-03
2561          	shield_slave	-1.573776e-02	-1.207063e-02	-4.325427e-03
2562          	OVC	-1.443943e-02	-6.978147e-03	-6.079897e-03
2562          	shield_slave	-1.574367e-02	-1.207682e-02	-4.325215e-03
2563          	OVC	-1.443704e-02	-6.982500e-03	-6.079674e-03
2563          	shield_slave	-1.576386e-02	-1.207724e-02	-4.325122e-03
2564          	OVC	-1.444166e-02	-6.974790e-03	-6.079777e-03
2564          	shield_slave	-1.574817e-02	-1.207837e-02	-4.325373e-03
2565          	OVC	-1.444119e-02	-6.981403e-03	-6.079638e-03
2565          	shield_slave	-1.569183e-02	-1.207360e-02	-4.325364e-03
2566          	OVC	-1.444250e-02	-6.981700e-03	-6.079539e-03
2566          	shield_slave	-1.569666e-02	-1.207308e-02	-4.325490e-03
2567          	OVC	-1.444539e-02	-6.972372e-03	-6.079554e-03
2567          	shield_slave	-1.572265e-02	-1.207011e-02	-4.325544e-03
2568          	OVC	-1.445061e-02	-6.969389e-03	-6.079597e-03
2568          	shield_slave	-1.569696e-02	-1.206530e-02	-4.325454e-03
2569          	OVC	-1.445220e-02	-6.972772e-03	-6.079633e-03
2569          	shield_slave	-1.569954e-02	-1.206625e-02	-4.325427e-03
2570          	OVC	-1.444725e-02	-6.972470e-03	-6.079688e-03
2570          	shield_slave	-1.575644e-02	-1.206180e-02	-4.325479e-03
2571          	OVC	-1.445047e-02	-6.969839e-03	-6.079786e-03
2571          	shield_slave	-1.575772e-02	-1.205409e-02	-4.325501e-03
2572          	OVC	-1.444495e-02	-6.968451e-03	-6.079870e-03
2572          	shield_slave	-1.572754e-02	-1.205697e-02	-4.325590e-03
2573          	OVC	-1.444648e-02	-6.970030e-03	-6.079805e-03
2573          	shield_slave	-1.568507e-02	-1.205339e-02	-4.325670e-03
2574          	OVC	-1.444977e-02	-6.966599e-03	-6.079643e-03
2574          	shield_slave	-1.567418e-02	-1.205561e-02	-4.325764e-03
2575          	OVC	-1.444921e-02	-6.969117e-03	-6.079388e-03
2575          	shield_slave	-1.567042e-02	-1.205832e-02	-4.325883e-03
2576          	OVC	-1.445081e-02	-6.965405e-03	-6.079550e-03
2576          	shield_slave	-1.568690e-02	-1.205857e-02	-4.325639e-03
2577          	OVC	-1.444642e-02	-6.961950e-03	-6.079593e-03
2577          	shield_slave	-1.569065e-02	-1.206404e-02	-4.325863e-03
2578          	OVC	-1.444924e-02	-6.957904e-03	-6.079511e-03
2578          	shield_slave	-1.565995e-02	-1.207352e-02	-4.325938e-03
2579          	OVC	-1.445344e-02	-6.959526e-03	-6.079410e-03
2579          	shield_slave	-1.567663e-02	-1.207027e-02	-4.326016e-03
2580          	OVC	-1.445549e-02	-6.952941e-03	-6.079582e-03
2580          	shield_slave	-1.569023e-02	-1.206661e-02	-4.326022e-03
2581          	OVC	-1.445325e-02	-6.967832e-03	-6.079799e-03
2581          	shield_slave	-1.575209e-02	-1.206208e-02	-4.325907e-03
2582          	OVC	-1.445420e-02	-6.956962e-03	-6.079763e-03
2582          	shield_slave	-1.563916e-02	-1.205956e-02	-4.325995e-03
2583          	OVC	-1.445547e-02	-6.954778e-03	-6.079622e-03
2583          	shield_slave	-1.565035e-02	-1.205627e-02	-4.325869e-03
2584          	OVC	-1.445334e-02	-6.958814e-03	-6.079827e-03
2584          	shield_slave	-1.562118e-02	-1.204964e-02	-4.325965e-03
2585          	OVC	-1.445162e-02	-6.957804e-03	-6.079917e-03
2585          	shield_slave	-1.566111e-02	-1.204539e-02	-4.325859e-03
2586          	OVC	-1.445351e-02	-6.951044e-03	-6.079981e-03
2586          	shield_slave	-1.567334e-02	-1.205216e-02	-4.325939e-03
2587          	OVC	-1.445767e-02	-6.954689e-03	-6.079770e-03
2587          	shield_slave	-1.569570e-02	-1.205923e-02	-4.326186e-03
2588          	OVC	-1.445795e-02	-6.949141e-03	-6.080078e-03
2588          	shield_slave	-1.573832e-02	-1.206063e-02	-4.326166e-03
2589          	OVC	-1.445680e-02	-6.949090e-03	-6.080203e-03
2589          	shield_slave	-1.569520e-02	-1.205383e-02	-4.326400e-03
2590          	OVC	-1.445395e-02	-6.950709e-03	-6.080031e-03
2590          	shield_slave	-1.571288e-02	-1.205687e-02	-4.326588e-03
2591          	OVC	-1.444869e-02	-6.937204e-03	-6.080139e-03
2591          	shield_slave	-1.575354e-02	-1.206065e-02	-4.326562e-03
2592          	OVC	-1.444714e-02	-6.936850e-03	-6.079998e-03
2592          	shield_slave	-1.570349e-02	-1.204441e-02	-4.326462e-03
2593          	OVC	-1.445261e-02	-6.938179e-03	-6.079761e-03
2593          	shield_slave	-1.574392e-02	-1.205103e-02	-4.326378e-03
2594          	OVC	-1.445465e-02	-6.949641e-03	-6.079760e-03
2594          	shield_slave	-1.573329e-02	-1.205313e-02	-4.326334e-03
2595          	OVC	-1.445604e-02	-6.948358e-03	-6.079747e-03
2595          	shield_slave	-1.569280e-02	-1.204607e-02	-4.326194e-03
2596          	OVC	-1.445827e-02	-6.966387e-03	-6.080117e-03
2596          	shield_slave	-1.570289e-02	-1.205735e-02	-4.326357e-03
2597          	OVC	-1.445190e-02	-6.969195e-03	-6.080304e-03
2597          	shield_slave	-1.567981e-02	-1.205528e-02	-4.326312e-03
2598          	OVC	-1.445103e-02	-6.966369e-03	-6.080169e-03
2598          	shield_slave	-1.568272e-02	-1.204623e-02	-4.326356e-03
2599          	OVC	-1.444577e-02	-6.968645e-03	-6.079857e-03
2599          	shield_slave	-1.566694e-02	-1.204473e-02	-4.326611e-03
2600          	OVC	-1.444474e-02	-6.967620e-03	-6.079999e-03
2600          	shield_slave	-1.566925e-02	-1.204982e-02	-4.326411e-03
2601          	OVC	-1.444797e-02	-6.957124e-03	-6.079813e-03
2601          	shield_slave	-1.571707e-02	-1.205242e-02	-4.326596e-03
2602          	OVC	-1.444404e-02	-6.967351e-03	-6.079851e-03
2602          	shield_slave	-1.572886e-02	-1.204484e-02	-4.326694e-03
2603          	OVC	-1.443998e-02	-6.971350e-03	-6.080097e-03
2603          	shield_slave	-1.573951e-02	-1.204991e-02	-4.326644e-03
2604          	OVC	-1.443798e-02	-6.958004e-03	-6.080144e-03
2604          	shield_slave	-1.575421e-02	-1.205521e-02	-4.326470e-03
2605          	OVC	-1.443629e-02	-6.964139e-03	-6.080065e-03
2605          	shield_slave	-1.570819e-02	-1.205755e-02	-4.326647e-03
2606          	OVC	-1.443498e-02	-6.963404e-03	-6.080300e-03
2606          	shield_slave	-1.565899e-02	-1.206242e-02	-4.326374e-03
2607          	OVC	-1.443986e-02	-6.962336e-03	-6.080138e-03
2607          	shield_slave	-1.566305e-02	-1.206203e-02	-4.326471e-03
2608          	OVC	-1.444643e-02	-6.964758e-03	-6.080555e-03
2608          	shield_slave	-1.567242e-02	-1.206064e-02	-4.326357e-03
2609          	OVC	-1.444577e-02	-6.974476e-03	-6.080565e-03
2609          	shield_slave	-1.571874e-02	-1.205647e-02	-4.326325e-03
2610          	OVC	-1.444187e-02	-6.970215e-03	-6.080505e-03
2610          	shield_slave	-1.567573e-02	-1.205979e-02	-4.326357e-03
2611          	OVC	-1.444259e-02	-6.967139e-03	-6.080747e-03
2611          	shield_slave	-1.569915e-02	-1.206056e-02	-4.326254e-03
2612          	OVC	-1.444244e-02	-6.970744e-03	-6.080399e-03
2612          	shield_slave	-1.566345e-02	-1.206085e-02	-4.326290e-03
2613          	OVC	-1.443727e-02	-6.963360e-03	-6.080450e-03
2613          	shield_slave	-1.569787e-02	-1.206230e-02	-4.326453e-03
2614          	OVC	-1.443687e-02	-6.957636e-03	-6.080518e-03
2614          	shield_slave	-1.572780e-02	-1.205368e-02	-4.326337e-03
2615          	OVC	-1.444003e-02	-6.954806e-03	-6.080325e-03
2615          	shield_slave	-1.573793e-02	-1.205175e-02	-4.326574e-03
2616          	OVC	-1.444077e-02	-6.964497e-03	-6.080557e-03
2616          	shield_slave	-1.572354e-02	-1.204879e-02	-4.326550e-03
2617          	OVC	-1.443814e-02	-6.970402e-03	-6.080864e-03
2617          	shield_slave	-1.573587e-02	-1.204872e-02	-4.326308e-03
2618          	OVC	-1.444067e-02	-6.978663e-03	-6.080940e-03
2618          	shield_slave	-1.571824e-02	-1.205609e-02	-4.326237e-03
2619          	OVC	-1.444286e-02	-6.975457e-03	-6.080772e-03
2619          	shield_slave	-1.568044e-02	-1.206279e-02	-4.326234e-03
2620          	OVC	-1.444336e-02	-6.977090e-03	-6.080760e-03
2620          	shield_slave	-1.568236e-02	-1.205975e-02	-4.326618e-03
2621          	OVC	-1.444397e-02	-6.977199e-03	-6.081300e-03
2621          	shield_slave	-1.568586e-02	-1.206316e-02	-4.326384e-03
2622          	OVC	-1.444896e-02	-6.968554e-03	-6.081423e-03
2622          	shield_slave	-1.564271e-02	-1.205947e-02	-4.326345e-03
2623          	OVC	-1.444408e-02	-6.978276e-03	-6.081305e-03
2623          	shield_slave	-1.566684e-02	-1.204873e-02	-4.326098e-03
2624          	OVC	-1.444201e-02	-6.976730e-03	-6.081526e-03
2624          	shield_slave	-1.569591e-02	-1.205251e-02	-4.326143e-03
2625          	OVC	-1.444265e-02	-6.984572e-03	-6.081663e-03
2625          	shield_slave	-1.569457e-02	-1.205110e-02	-4.326173e-03
2626          	OVC	-1.444613e-02	-6.982104e-03	-6.081450e-03
2626          	shield_slave	-1.571183e-02	-1.204779e-02	-4.326132e-03
2627          	OVC	-1.444975e-02	-6.979011e-03	-6.081462e-03
2627          	shield_slave	-1.573979e-02	-1.204811e-02	-4.326053e-03
2628          	OVC	-1.444650e-02	-6.977448e-03	-6.081497e-03
2628          	shield_slave	-1.567487e-02	-1.204596e-02	-4.326235e-03
2629          	OVC	-1.444598e-02	-6.968254e-03	-6.081461e-03
2629          	shield_slave	-1.566159e-02	-1.204523e-02	-4.326074e-03
2630          	OVC	-1.444670e-02	-6.965374e-03	-6.081546e-03
2630          	shield_slave	-1.566763e-02	-1.204535e-02	-4.325824e-03
2631          	OVC	-1.444419e-02	-6.977913e-03	-6.081537e-03
2631          	shield_slave	-1.571309e-02	-1.204021e-02	-4.325588e-03
2632          	OVC	-1.444073e-02	-6.971030e-03	-6.081695e-03
2632          	shield_slave	-1.576024e-02	-1.205048e-02	-4.325702e-03
2633          	OVC	-1.444231e-02	-6.971150e-03	-6.081846e-03
2633          	shield_slave	-1.575931e-02	-1.205495e-02	-4.325639e-03
2634          	OVC	-1.443972e-02	-6.969811e-03	-6.081890e-03
2634          	shield_slave	-1.569722e-02	-1.206183e-02	-4.325646e-03
2635          	OVC	-1.443744e-02	-6.968170e-03	-6.081488e-03
2635          	shield_slave	-1.574955e-02	-1.206609e-02	-4.325622e-03
2636          	OVC	-1.443945e-02	-6.964197e-03	-6.081726e-03
2636          	shield_slave	-1.578192e-02	-1.206715e-02	-4.325558e-03
2637          	OVC	-1.444009e-02	-6.970453e-03	-6.081777e-03
2637          	shield_slave	-1.579983e-02	-1.206291e-02	-4.325700e-03
2638          	OVC	-1.444356e-02	-6.968190e-03	-6.081644e-03
2638          	shield_slave	-1.580583e-02	-1.206388e-02	-4.325687e-03
2639          	OVC	-1.444527e-02	-6.970696e-03	-6.081470e-03
2639          	shield_slave	-1.582276e-02	-1.206412e-02	-4.325800e-03
2640          	OVC	-1.444850e-02	-6.969786e-03	-6.081441e-03
2640          	shield_slave	-1.580692e-02	-1.206180e-02	-4.325771e-03
2641          	OVC	-1.444280e-02	-6.973034e-03	-6.081399e-03
2641          	shield_slave	-1.582190e-02	-1.206075e-02	-4.326082e-03
2642          	OVC	-1.443857e-02	-6.970520e-03	-6.081481e-03
2642          	shield_slave	-1.578533e-02	-1.206263e-02	-4.326104e-03
2643          	OVC	-1.443858e-02	-6.972061e-03	-6.081423e-03
2643          	shield_slave	-1.576881e-02	-1.206349e-02	-4.326298e-03
2644          	OVC	-1.443584e-02	-6.977175e-03	-6.081417e-03
2644          	shield_slave	-1.579789e-02	-1.206179e-02	-4.326327e-03
2645          	OVC	-1.443664e-02	-6.971358e-03	-6.081068e-03
2645          	shield_slave	-1.584030e-02	-1.206548e-02	-4.326270e-03
2646          	OVC	-1.444145e-02	-6.970969e-03	-6.081393e-03
2646          	shield_slave	-1.579353e-02	-1.205665e-02	-4.325934e-03
2647          	OVC	-1.444432e-02	-6.975476e-03	-6.081401e-03
2647          	shield_slave	-1.576863e-02	-1.206464e-02	-4.326083e-03
2648          	OVC	-1.444423e-02	-6.975655e-03	-6.081394e-03
2648          	shield_slave	-1.574488e-02	-1.206073e-02	-4.326237e-03
2649          	OVC	-1.444504e-02	-6.974945e-03	-6.081404e-03
2649          	shield_slave	-1.572073e-02	-1.206045e-02	-4.326079e-03
2650          	OVC	-1.444411e-02	-6.967650e-03	-6.081548e-03
2650          	shield_slave	-1.571768e-02	-1.204633e-02	-4.326270e-03
2651          	OVC	-1.443666e-02	-6.970298e-03	-6.081209e-03
2651          	shield_slave	-1.569360e-02	-1.203690e-02	-4.326103e-03
2652          	OVC	-1.444008e-02	-6.969615e-03	-6.081304e-03
2652          	shield_slave	-1.572216e-02	-1.203715e-02	-4.326157e-03
2653          	OVC	-1.443434e-02	-6.966782e-03	-6.081115e-03
2653          	shield_slave	-1.576225e-02	-1.203935e-02	-4.326116e-03
2654          	OVC	-1.443679e-02	-6.967156e-03	-6.080946e-03
2654          	shield_slave	-1.568830e-02	-1.203979e-02	-4.325915e-03
2655          	OVC	-1.443979e-02	-6.959880e-03	-6.081220e-03
2655          	shield_slave	-1.568513e-02	-1.203749e-02	-4.326082e-03
2656          	OVC	-1.444308e-02	-6.962534e-03	-6.081356e-03
2656          	shield_slave	-1.570065e-02	-1.203398e-02	-4.325944e-03
2657          	OVC	-1.444604e-02	-6.961787e-03	-6.081440e-03
2657          	shield_slave	-1.571749e-02	-1.202477e-02	-4.326004e-03
2658          	OVC	-1.444176e-02	-6.974062e-03	-6.081565e-03
2658          	shield_slave	-1.571212e-02	-1.202920e-02	-4.325910e-03
2659          	OVC	-1.443977e-02	-6.957063e-03	-6.081369e-03
2659          	shield_slave	-1.570835e-02	-1.202691e-02	-4.325788e-03
2660          	OVC	-1.444328e-02	-6.963707e-03	-6.081645e-03
2660          	shield_slave	-1.573371e-02	-1.203299e-02	-4.325751e-03
2661          	OVC	-1.444408e-02	-6.955655e-03	-6.081300e-03
2661          	shield_slave	-1.574681e-02	-1.202354e-02	-4.325821e-03
2662          	OVC	-1.443793e-02	-6.964748e-03	-6.081576e-03
2662          	shield_slave	-1.577413e-02	-1.201735e-02	-4.325594e-03
2663          	OVC	-1.444187e-02	-6.956818e-03	-6.081762e-03
2663          	shield_slave	-1.584080e-02	-1.201649e-02	-4.325674e-03
2664          	OVC	-1.444398e-02	-6.957171e-03	-6.081746e-03
2664          	shield_slave	-1.581510e-02	-1.202009e-02	-4.325303e-03
2665          	OVC	-1.445049e-02	-6.953279e-03	-6.081446e-03
2665          	shield_slave	-1.579922e-02	-1.202029e-02	-4.325254e-03
2666          	OVC	-1.445563e-02	-6.949544e-03	-6.081697e-03
2666          	shield_slave	-1.565541e-02	-1.203617e-02	-4.324912e-03
2667          	OVC	-1.445720e-02	-6.956670e-03	-6.081768e-03
2667          	shield_slave	-1.565767e-02	-1.204152e-02	-4.324624e-03
2668          	OVC	-1.444982e-02	-6.958935e-03	-6.081655e-03
2668          	shield_slave	-1.563668e-02	-1.204421e-02	-4.324638e-03
2669          	OVC	-1.444838e-02	-6.956053e-03	-6.081176e-03
2669          	shield_slave	-1.565853e-02	-1.204985e-02	-4.324909e-03
2670          	OVC	-1.444991e-02	-6.965564e-03	-6.080976e-03
2670          	shield_slave	-1.564028e-02	-1.204964e-02	-4.324701e-03
2671          	OVC	-1.445343e-02	-6.969612e-03	-6.080926e-03
2671          	shield_slave	-1.565780e-02	-1.205178e-02	-4.324739e-03
2672          	OVC	-1.444924e-02	-6.956633e-03	-6.080918e-03
2672          	shield_slave	-1.568550e-02	-1.204819e-02	-4.324835e-03
2673          	OVC	-1.444234e-02	-6.970501e-03	-6.080960e-03
2673          	shield_slave	-1.565820e-02	-1.205220e-02	-4.324807e-03
2674          	OVC	-1.444465e-02	-6.971766e-03	-6.081151e-03
2674          	shield_slave	-1.559955e-02	-1.204927e-02	-4.324524e-03
2675          	OVC	-1.444661e-02	-6.962646e-03	-6.081001e-03
2675          	shield_slave	-1.562442e-02	-1.205079e-02	-4.324670e-03
2676          	OVC	-1.445234e-02	-6.963763e-03	-6.080994e-03
2676          	shield_slave	-1.561754e-02	-1.205405e-02	-4.324904e-03
2677          	OVC	-1.444569e-02	-6.966403e-03	-6.080969e-03
2677          	shield_slave	-1.563115e-02	-1.205105e-02	-4.324922e-03
2678          	OVC	-1.443987e-02	-6.957261e-03	-6.080891e-03
2678          	shield_slave	-1.558752e-02	-1.204432e-02	-4.324888e-03
2679          	OVC	-1.444380e-02	-6.973190e-03	-6.080778e-03
2679          	shield_slave	-1.555971e-02	-1.204394e-02	-4.325147e-03
2680          	OVC	-1.444074e-02	-6.972178e-03	-6.080698e-03
2680          	shield_slave	-1.562801e-02	-1.204600e-02	-4.325003e-03
2681          	OVC	-1.443467e-02	-6.965592e-03	-6.080821e-03
2681          	shield_slave	-1.559501e-02	-1.203496e-02	-4.325025e-03
2682          	OVC	-1.443897e-02	-6.960580e-03	-6.081046e-03
2682          	shield_slave	-1.564558e-02	-1.203340e-02	-4.324880e-03
2683          	OVC	-1.444062e-02	-6.970675e-03	-6.080952e-03
2683          	shield_slave	-1.560397e-02	-1.203131e-02	-4.324893e-03
2684          	OVC	-1.444076e-02	-6.976716e-03	-6.080744e-03
2684          	shield_slave	-1.563726e-02	-1.203223e-02	-4.324954e-03
2685          	OVC	-1.443983e-02	-6.969410e-03	-6.080518e-03
2685          	shield_slave	-1.562876e-02	-1.203490e-02	-4.324980e-03
2686          	OVC	-1.444443e-02	-6.972160e-03	-6.080682e-03
2686          	shield_slave	-1.572438e-02	-1.204101e-02	-4.325080e-03
2687          	OVC	-1.444101e-02	-6.974460e-03	-6.080782e-03
2687          	shield_slave	-1.573198e-02	-1.203342e-02	-4.324999e-03
2688          	OVC	-1.443820e-02	-6.977996e-03	-6.080817e-03
2688          	shield_slave	-1.572357e-02	-1.204214e-02	-4.325015e-03
2689          	OVC	-1.443667e-02	-6.969011e-03	-6.080916e-03
2689          	shield_slave	-1.566903e-02	-1.204057e-02	-4.324894e-03
2690          	OVC	-1.443678e-02	-6.975420e-03	-6.080888e-03
2690          	shield_slave	-1.571925e-02	-1.202728e-02	-4.324867e-03
2691          	OVC	-1.444076e-02	-6.976691e-03	-6.080421e-03
2691          	shield_slave	-1.572067e-02	-1.203330e-02	-4.325173e-03
2692          	OVC	-1.443822e-02	-6.975596e-03	-6.080517e-03
2692          	shield_slave	-1.581760e-02	-1.204179e-02	-4.324900e-03
2693          	OVC	-1.443803e-02	-6.978848e-03	-6.080808e-03
2693          	shield_slave	-1.574673e-02	-1.203041e-02	-4.324814e-03
2694          	OVC	-1.443788e-02	-6.972627e-03	-6.080650e-03
2694          	shield_slave	-1.574466e-02	-1.203084e-02	-4.324576e-03
2695          	OVC	-1.443907e-02	-6.970327e-03	-6.080769e-03
2695          	shield_slave	-1.580583e-02	-1.204079e-02	-4.324586e-03
2696          	OVC	-1.444359e-02	-6.963380e-03	-6.080707e-03
2696          	shield_slave	-1.575099e-02	-1.204721e-02	-4.324561e-03
2697          	OVC	-1.444144e-02	-6.971116e-03	-6.080503e-03
2697          	shield_slave	-1.574786e-02	-1.205223e-02	-4.324686e-03
2698          	OVC	-1.444009e-02	-6.969197e-03	-6.080077e-03
2698          	shield_slave	-1.577823e-02	-1.204946e-02	-4.324649e-03
2699          	OVC	-1.444286e-02	-6.967701e-03	-6.080216e-03
2699          	shield_slave	-1.575097e-02	-1.204675e-02	-4.324475e-03
2700          	OVC	-1.444661e-02	-6.972906e-03	-6.080245e-03
2700          	shield_slave	-1.578104e-02	-1.205351e-02	-4.324316e-03
2701          	OVC	-1.445067e-02	-6.963760e-03	-6.080015e-03
2701          	shield_slave	-1.580113e-02	-1.204638e-02	-4.324482e-03
2702          	OVC	-1.445740e-02	-6.961152e-03	-6.079893e-03
2702          	shield_slave	-1.580106e-02	-1.204409e-02	-4.324724e-03
2703          	OVC	-1.445817e-02	-6.966429e-03	-6.080246e-03
2703          	shield_slave	-1.579025e-02	-1.204582e-02	-4.324535e-03
2704          	OVC	-1.445636e-02	-6.970975e-03	-6.080283e-03
2704          	shield_slave	-1.584760e-02	-1.204456e-02	-4.324578e-03
2705          	OVC	-1.445833e-02	-6.973249e-03	-6.080315e-03
2705          	shield_slave	-1.584525e-02	-1.203961e-02	-4.324560e-03
2706          	OVC	-1.445586e-02	-6.970764e-03	-6.080487e-03
2706          	shield_slave	-1.582542e-02	-1.204778e-02	-4.324333e-03
2707          	OVC	-1.446041e-02	-6.967261e-03	-6.080235e-03
2707          	shield_slave	-1.586404e-02	-1.204828e-02	-4.324454e-03
2708          	OVC	-1.445857e-02	-6.966720e-03	-6.079986e-03
2708          	shield_slave	-1.594109e-02	-1.205743e-02	-4.324597e-03
2709          	OVC	-1.445768e-02	-6.962775e-03	-6.080375e-03
2709          	shield_slave	-1.586555e-02	-1.206594e-02	-4.324467e-03
2710          	OVC	-1.445213e-02	-6.961661e-03	-6.080677e-03
2710          	shield_slave	-1.587427e-02	-1.207161e-02	-4.324439e-03
2711          	OVC	-1.445782e-02	-6.962652e-03	-6.080323e-03
2711          	shield_slave	-1.586657e-02	-1.206814e-02	-4.324653e-03
2712          	OVC	-1.445929e-02	-6.956164e-03	-6.080576e-03
2712          	shield_slave	-1.587904e-02	-1.206581e-02	-4.325053e-03
2713          	OVC	-1.446007e-02	-6.951767e-03	-6.080486e-03
2713          	shield_slave	-1.589901e-02	-1.206722e-02	-4.324992e-03
2714          	OVC	-1.446099e-02	-6.948096e-03	-6.080152e-03
2714          	shield_slave	-1.599222e-02	-1.206967e-02	-4.325073e-03
2715          	OVC	-1.445964e-02	-6.957985e-03	-6.080089e-03
2715          	shield_slave	-1.604829e-02	-1.207983e-02	-4.325222e-03
2716          	OVC	-1.446086e-02	-6.961165e-03	-6.080018e-03
2716          	shield_slave	-1.597675e-02	-1.208111e-02	-4.325310e-03
2717          	OVC	-1.445219e-02	-6.956184e-03	-6.079866e-03
2717          	shield_slave	-1.595377e-02	-1.208487e-02	-4.325215e-03
2718          	OVC	-1.445266e-02	-6.962170e-03	-6.079987e-03
2718          	shield_slave	-1.592310e-02	-1.207729e-02	-4.325147e-03
2719          	OVC	-1.444445e-02	-6.950152e-03	-6.079975e-03
2719          	shield_slave	-1.591075e-02	-1.206930e-02	-4.325111e-03
2720          	OVC	-1.444750e-02	-6.953417e-03	-6.079881e-03
2720          	shield_slave	-1.588796e-02	-1.206091e-02	-4.325531e-03
2721          	OVC	-1.445007e-02	-6.961341e-03	-6.079899e-03
2721          	shield_slave	-1.588055e-02	-1.205403e-02	-4.325331e-03
2722          	OVC	-1.445519e-02	-6.966125e-03	-6.079650e-03
2722          	shield_slave	-1.579831e-02	-1.206182e-02	-4.325227e-03
2723          	OVC	-1.445675e-02	-6.964947e-03	-6.079658e-03
2723          	shield_slave	-1.582414e-02	-1.206411e-02	-4.325115e-03
2724          	OVC	-1.445583e-02	-6.968880e-03	-6.079636e-03
2724          	shield_slave	-1.586601e-02	-1.205765e-02	-4.325151e-03
2725          	OVC	-1.445539e-02	-6.959823e-03	-6.079690e-03
2725          	shield_slave	-1.586831e-02	-1.205811e-02	-4.324925e-03
2726          	OVC	-1.445874e-02	-6.970865e-03	-6.079923e-03
2726          	shield_slave	-1.580948e-02	-1.205757e-02	-4.324832e-03
2727          	OVC	-1.445814e-02	-6.974859e-03	-6.079943e-03
2727          	shield_slave	-1.579466e-02	-1.205576e-02	-4.324773e-03
2728          	OVC	-1.445958e-02	-6.974426e-03	-6.080164e-03
2728          	shield_slave	-1.576238e-02	-1.205321e-02	-4.324908e-03
2729          	OVC	-1.445202e-02	-6.973921e-03	-6.080016e-03
2729          	shield_slave	-1.572678e-02	-1.205162e-02	-4.325199e-03
2730          	OVC	-1.445456e-02	-6.970826e-03	-6.080089e-03
2730          	shield_slave	-1.569620e-02	-1.204670e-02	-4.325092e-03
2731          	OVC	-1.445399e-02	-6.967370e-03	-6.079723e-03
2731          	shield_slave	-1.577614e-02	-1.204122e-02	-4.325120e-03
2732          	OVC	-1.445058e-02	-6.964740e-03	-6.079747e-03
2732          	shield_slave	-1.580760e-02	-1.204328e-02	-4.325125e-03
2733          	OVC	-1.445456e-02	-6.964794e-03	-6.079861e-03
2733          	shield_slave	-1.578147e-02	-1.204759e-02	-4.325417e-03
2734          	OVC	-1.445635e-02	-6.955040e-03	-6.079804e-03
2734          	shield_slave	-1.579960e-02	-1.205439e-02	-4.325389e-03
2735          	OVC	-1.445794e-02	-6.954193e-03	-6.079942e-03
2735          	shield_slave	-1.578026e-02	-1.206505e-02	-4.325002e-03
2736          	OVC	-1.445495e-02	-6.965814e-03	-6.079635e-03
2736          	shield_slave	-1.572054e-02	-1.206809e-02	-4.325023e-03
2737          	OVC	-1.445542e-02	-6.961856e-03	-6.079674e-03
2737          	shield_slave	-1.574834e-02	-1.205552e-02	-4.324939e-03
2738          	OVC	-1.445062e-02	-6.960453e-03	-6.079872e-03
2738          	shield_slave	-1.567176e-02	-1.205019e-02	-4.324982e-03
2739          	OVC	-1.444650e-02	-6.962096e-03	-6.079811e-03
2739          	shield_slave	-1.576553e-02	-1.205560e-02	-4.325095e-03
2740          	OVC	-1.445007e-02	-6.966002e-03	-6.079995e-03
2740          	shield_slave	-1.579411e-02	-1.205590e-02	-4.325102e-03
2741          	OVC	-1.444803e-02	-6.954127e-03	-6.080108e-03
2741          	shield_slave	-1.579890e-02	-1.205283e-02	-4.325281e-03
2742          	OVC	-1.445254e-02	-6.957073e-03	-6.079800e-03
2742          	shield_slave	-1.574460e-02	-1.204637e-02	-4.325559e-03
2743          	OVC	-1.444861e-02	-6.946814e-03	-6.079967e-03
2743          	shield_slave	-1.570237e-02	-1.204083e-02	-4.325460e-03
2744          	OVC	-1.444632e-02	-6.951839e-03	-6.079973e-03
2744          	shield_slave	-1.576438e-02	-1.204824e-02	-4.325408e-03
2745          	OVC	-1.444674e-02	-6.952625e-03	-6.079664e-03
2745          	shield_slave	-1.574877e-02	-1.205165e-02	-4.325559e-03
2746          	OVC	-1.444933e-02	-6.953543e-03	-6.079488e-03
2746          	shield_slave	-1.579901e-02	-1.205591e-02	-4.325504e-03
2747          	OVC	-1.444843e-02	-6.942857e-03	-6.079644e-03
2747          	shield_slave	-1.582908e-02	-1.205611e-02	-4.325673e-03
2748          	OVC	-1.445182e-02	-6.947185e-03	-6.079606e-03
2748          	shield_slave	-1.571459e-02	-1.204923e-02	-4.325692e-03
2749          	OVC	-1.445786e-02	-6.948297e-03	-6.079511e-03
2749          	shield_slave	-1.567699e-02	-1.204467e-02	-4.325483e-03
2750          	OVC	-1.445537e-02	-6.961354e-03	-6.079559e-03
2750          	shield_slave	-1.571619e-02	-1.204096e-02	-4.325609e-03
2751          	OVC	-1.444934e-02	-6.957888e-03	-6.079660e-03
2751          	shield_slave	-1.578600e-02	-1.204885e-02	-4.325760e-03
2752          	OVC	-1.445300e-02	-6.958841e-03	-6.079895e-03
2752          	shield_slave	-1.578544e-02	-1.205444e-02	-4.325693e-03
2753          	OVC	-1.445452e-02	-6.955239e-03	-6.079869e-03
2753          	shield_slave	-1.577812e-02	-1.204859e-02	-4.325754e-03
2754          	OVC	-1.445654e-02	-6.956603e-03	-6.079932e-03
2754          	shield_slave	-1.580770e-02	-1.204825e-02	-4.325597e-03
2755          	OVC	-1.445592e-02	-6.948354e-03	-6.079744e-03
2755          	shield_slave	-1.569489e-02	-1.204919e-02	-4.325585e-03
2756          	OVC	-1.445670e-02	-6.946449e-03	-6.080004e-03
2756          	shield_slave	-1.574164e-02	-1.206408e-02	-4.325612e-03
2757          	OVC	-1.445250e-02	-6.949361e-03	-6.079748e-03
2757          	shield_slave	-1.572553e-02	-1.206437e-02	-4.325654e-03
2758          	OVC	-1.445217e-02	-6.954334e-03	-6.080073e-03
2758          	shield_slave	-1.576900e-02	-1.206786e-02	-4.325716e-03
2759          	OVC	-1.445168e-02	-6.958359e-03	-6.080116e-03
2759          	shield_slave	-1.573987e-02	-1.206921e-02	-4.325465e-03
2760          	OVC	-1.444977e-02	-6.953295e-03	-6.079789e-03
2760          	shield_slave	-1.572109e-02	-1.206727e-02	-4.325573e-03
2761          	OVC	-1.445250e-02	-6.954101e-03	-6.079641e-03
2761          	shield_slave	-1.574471e-02	-1.207144e-02	-4.325252e-03
2762          	OVC	-1.445125e-02	-6.952959e-03	-6.079777e-03
2762          	shield_slave	-1.579826e-02	-1.208058e-02	-4.325193e-03
2763          	OVC	-1.445346e-02	-6.958784e-03	-6.079797e-03
2763          	shield_slave	-1.578057e-02	-1.207445e-02	-4.325077e-03
2764          	OVC	-1.445319e-02	-6.960832e-03	-6.079998e-03
2764          	shield_slave	-1.573388e-02	-1.207097e-02	-4.325154e-03
2765          	OVC	-1.445694e-02	-6.954849e-03	-6.080050e-03
2765          	shield_slave	-1.578556e-02	-1.206914e-02	-4.324945e-03
2766          	OVC	-1.445564e-02	-6.957938e-03	-6.080079e-03
2766          	shield_slave	-1.584275e-02	-1.207017e-02	-4.325036e-03
2767          	OVC	-1.445746e-02	-6.959338e-03	-6.080017e-03
2767          	shield_slave	-1.586198e-02	-1.206659e-02	-4.325196e-03
2768          	OVC	-1.445516e-02	-6.953036e-03	-6.080106e-03
2768          	shield_slave	-1.583571e-02	-1.206499e-02	-4.325397e-03
2769          	OVC	-1.445574e-02	-6.961622e-03	-6.080286e-03
2769          	shield_slave	-1.583063e-02	-1.206914e-02	-4.325371e-03
2770          	OVC	-1.445398e-02	-6.955742e-03	-6.079916e-03
2770          	shield_slave	-1.575205e-02	-1.206548e-02	-4.325476e-03
2771          	OVC	-1.445606e-02	-6.950251e-03	-6.079932e-03
2771          	shield_slave	-1.574599e-02	-1.206725e-02	-4.325347e-03
2772          	OVC	-1.445241e-02	-6.955455e-03	-6.079904e-03
2772          	shield_slave	-1.573549e-02	-1.206267e-02	-4.325078e-03
2773          	OVC	-1.445404e-02	-6.949497e-03	-6.079566e-03
2773          	shield_slave	-1.576149e-02	-1.206130e-02	-4.325152e-03
2774          	OVC	-1.445279e-02	-6.951696e-03	-6.079533e-03
2774          	shield_slave	-1.575295e-02	-1.205412e-02	-4.325233e-03
2775          	OVC	-1.445838e-02	-6.962181e-03	-6.079499e-03
2775          	shield_slave	-1.578776e-02	-1.205715e-02	-4.325312e-03
2776          	OVC	-1.445294e-02	-6.970927e-03	-6.079734e-03
2776          	shield_slave	-1.577540e-02	-1.205940e-02	-4.325263e-03
2777          	OVC	-1.445535e-02	-6.967910e-03	-6.080073e-03
2777          	shield_slave	-1.585202e-02	-1.205418e-02	-4.325448e-03
2778          	OVC	-1.445110e-02	-6.965545e-03	-6.080111e-03
2778          	shield_slave	-1.583247e-02	-1.206351e-02	-4.325297e-03
2779          	OVC	-1.445261e-02	-6.967757e-03	-6.080139e-03
2779          	shield_slave	-1.583824e-02	-1.206151e-02	-4.325324e-03
2780          	OVC	-1.444901e-02	-6.962585e-03	-6.079837e-03
2780          	shield_slave	-1.592696e-02	-1.205039e-02	-4.325214e-03
2781          	OVC	-1.444948e-02	-6.959540e-03	-6.079945e-03
2781          	shield_slave	-1.595583e-02	-1.203865e-02	-4.325402e-03
2782          	OVC	-1.444575e-02	-6.961316e-03	-6.080036e-03
2782          	shield_slave	-1.589878e-02	-1.203590e-02	-4.325239e-03
2783          	OVC	-1.444439e-02	-6.966103e-03	-6.079878e-03
2783          	shield_slave	-1.588941e-02	-1.204340e-02	-4.325246e-03
2784          	OVC	-1.444432e-02	-6.969075e-03	-6.080011e-03
2784          	shield_slave	-1.587085e-02	-1.204876e-02	-4.325418e-03
2785          	OVC	-1.445307e-02	-6.960653e-03	-6.080317e-03
2785          	shield_slave	-1.582309e-02	-1.204609e-02	-4.325361e-03
2786          	OVC	-1.444559e-02	-6.967886e-03	-6.080127e-03
2786          	shield_slave	-1.586354e-02	-1.204462e-02	-4.325385e-03
2787          	OVC	-1.444692e-02	-6.967071e-03	-6.079995e-03
2787          	shield_slave	-1.584437e-02	-1.203905e-02	-4.325362e-03
2788          	OVC	-1.444372e-02	-6.962368e-03	-6.080301e-03
2788          	shield_slave	-1.583827e-02	-1.204185e-02	-4.325344e-03
2789          	OVC	-1.444351e-02	-6.964205e-03	-6.080254e-03
2789          	shield_slave	-1.579867e-02	-1.204119e-02	-4.325210e-03
2790          	OVC	-1.444692e-02	-6.963275e-03	-6.080320e-03
2790          	shield_slave	-1.588244e-02	-1.203864e-02	-4.324845e-03
2791          	OVC	-1.444674e-02	-6.962171e-03	-6.080142e-03
2791          	shield_slave	-1.587059e-02	-1.203745e-02	-4.324833e-03
2792          	OVC	-1.445175e-02	-6.969352e-03	-6.080187e-03
2792          	shield_slave	-1.592200e-02	-1.203942e-02	-4.324978e-03
2793          	OVC	-1.445167e-02	-6.954545e-03	-6.080307e-03
2793          	shield_slave	-1.591269e-02	-1.204350e-02	-4.324941e-03
2794          	OVC	-1.445294e-02	-6.947184e-03	-6.080151e-03
2794          	shield_slave	-1.589531e-02	-1.203693e-02	-4.324687e-03
2795          	OVC	-1.445234e-02	-6.945811e-03	-6.080358e-03
2795          	shield_slave	-1.594713e-02	-1.203816e-02	-4.324487e-03
2796          	OVC	-1.445123e-02	-6.944088e-03	-6.080382e-03
2796          	shield_slave	-1.596629e-02	-1.203765e-02	-4.324428e-03
2797          	OVC	-1.445172e-02	-6.939442e-03	-6.080841e-03
2797          	shield_slave	-1.599636e-02	-1.204126e-02	-4.324409e-03
2798          	OVC	-1.445031e-02	-6.943401e-03	-6.081162e-03
2798          	shield_slave	-1.597262e-02	-1.204154e-02	-4.324523e-03
2799          	OVC	-1.444869e-02	-6.950747e-03	-6.081312e-03
2799          	shield_slave	-1.599069e-02	-1.203410e-02	-4.324385e-03
2800          	OVC	-1.444423e-02	-6.945744e-03	-6.080909e-03
2800          	shield_slave	-1.600200e-02	-1.203591e-02	-4.324482e-03
2801          	OVC	-1.444811e-02	-6.945847e-03	-6.080782e-03
2801          	shield_slave	-1.595409e-02	-1.204114e-02	-4.324655e-03
2802          	OVC	-1.444991e-02	-6.946898e-03	-6.080680e-03
2802          	shield_slave	-1.594817e-02	-1.204252e-02	-4.325073e-03
2803          	OVC	-1.445176e-02	-6.944221e-03	-6.081061e-03
2803          	shield_slave	-1.588212e-02	-1.204572e-02	-4.324956e-03
2804          	OVC	-1.445017e-02	-6.944917e-03	-6.080753e-03
2804          	shield_slave	-1.590781e-02	-1.205222e-02	-4.324786e-03
2805          	OVC	-1.444947e-02	-6.948966e-03	-6.080796e-03
2805          	shield_slave	-1.597467e-02	-1.205379e-02	-4.324577e-03
2806          	OVC	-1.445253e-02	-6.954613e-03	-6.080768e-03
2806          	shield_slave	-1.595186e-02	-1.204683e-02	-4.324610e-03
2807          	OVC	-1.445837e-02	-6.958500e-03	-6.080834e-03
2807          	shield_slave	-1.589947e-02	-1.205215e-02	-4.324651e-03
2808          	OVC	-1.446426e-02	-6.957219e-03	-6.080632e-03
2808          	shield_slave	-1.585214e-02	-1.205759e-02	-4.324437e-03
2809          	OVC	-1.446165e-02	-6.964136e-03	-6.080625e-03
2809          	shield_slave	-1.593505e-02	-1.205214e-02	-4.324728e-03
2810          	OVC	-1.446195e-02	-6.958117e-03	-6.080722e-03
2810          	shield_slave	-1.587820e-02	-1.205355e-02	-4.324582e-03
2811          	OVC	-1.446152e-02	-6.968401e-03	-6.080595e-03
2811          	shield_slave	-1.583613e-02	-1.204821e-02	-4.324670e-03
2812          	OVC	-1.446453e-02	-6.972247e-03	-6.080510e-03
2812          	shield_slave	-1.586792e-02	-1.204622e-02	-4.324540e-03
2813          	OVC	-1.447037e-02	-6.963439e-03	-6.080512e-03
2813          	shield_slave	-1.578958e-02	-1.205433e-02	-4.324273e-03
2814          	OVC	-1.446530e-02	-6.974801e-03	-6.080718e-03
2814          	shield_slave	-1.581213e-02	-1.205618e-02	-4.324348e-03
2815          	OVC	-1.446375e-02	-6.967850e-03	-6.080695e-03
2815          	shield_slave	-1.584141e-02	-1.206106e-02	-4.324398e-03
2816          	OVC	-1.446150e-02	-6.965463e-03	-6.080584e-03
2816          	shield_slave	-1.589602e-02	-1.205151e-02	-4.324510e-03
2817          	OVC	-1.445377e-02	-6.952322e-03	-6.080592e-03
2817          	shield_slave	-1.581266e-02	-1.203798e-02	-4.324353e-03
2818          	OVC	-1.445139e-02	-6.960036e-03	-6.080657e-03
2818          	shield_slave	-1.578394e-02	-1.204030e-02	-4.324351e-03
2819          	OVC	-1.445133e-02	-6.957068e-03	-6.080966e-03
2819          	shield_slave	-1.580715e-02	-1.203536e-02	-4.324090e-03
2820          	OVC	-1.444830e-02	-6.958367e-03	-6.080728e-03
2820          	shield_slave	-1.582591e-02	-1.204419e-02	-4.323991e-03
2821          	OVC	-1.445466e-02	-6.958265e-03	-6.080785e-03
2821          	shield_slave	-1.583729e-02	-1.204999e-02	-4.324367e-03
2822          	OVC	-1.446000e-02	-6.950925e-03	-6.080841e-03
2822          	shield_slave	-1.579350e-02	-1.205283e-02	-4.324592e-03
2823          	OVC	-1.445196e-02	-6.945323e-03	-6.080672e-03
2823          	shield_slave	-1.578320e-02	-1.204562e-02	-4.324398e-03
2824          	OVC	-1.445000e-02	-6.951873e-03	-6.080509e-03
2824          	shield_slave	-1.580379e-02	-1.205015e-02	-4.324518e-03
2825          	OVC	-1.445089e-02	-6.947646e-03	-6.080657e-03
2825          	shield_slave	-1.576017e-02	-1.204873e-02	-4.324681e-03
2826          	OVC	-1.445025e-02	-6.946210e-03	-6.080613e-03
2826          	shield_slave	-1.583001e-02	-1.204544e-02	-4.324695e-03
2827          	OVC	-1.445145e-02	-6.952756e-03	-6.080782e-03
2827          	shield_slave	-1.582335e-02	-1.204778e-02	-4.324573e-03
2828          	OVC	-1.445678e-02	-6.956978e-03	-6.080363e-03
2828          	shield_slave	-1.579299e-02	-1.204536e-02	-4.324741e-03
2829          	OVC	-1.445497e-02	-6.963680e-03	-6.080594e-03
2829          	shield_slave	-1.578856e-02	-1.204830e-02	-4.324759e-03
2830          	OVC	-1.445782e-02	-6.954249e-03	-6.080974e-03
2830          	shield_slave	-1.584059e-02	-1.205267e-02	-4.324655e-03
2831          	OVC	-1.446640e-02	-6.956822e-03	-6.080842e-03
2831          	shield_slave	-1.588429e-02	-1.205144e-02	-4.324537e-03
2832          	OVC	-1.446689e-02	-6.962570e-03	-6.080419e-03
2832          	shield_slave	-1.585420e-02	-1.204513e-02	-4.324613e-03
2833          	OVC	-1.446186e-02	-6.963632e-03	-6.080009e-03
2833          	shield_slave	-1.585752e-02	-1.205066e-02	-4.324815e-03
2834          	OVC	-1.446054e-02	-6.964096e-03	-6.080376e-03
2834          	shield_slave	-1.580309e-02	-1.205837e-02	-4.324354e-03
2835          	OVC	-1.446145e-02	-6.965549e-03	-6.080742e-03
2835          	shield_slave	-1.575748e-02	-1.205168e-02	-4.324155e-03
2836          	OVC	-1.445403e-02	-6.959034e-03	-6.080657e-03
2836          	shield_slave	-1.574251e-02	-1.205287e-02	-4.324247e-03
2837          	OVC	-1.445340e-02	-6.955568e-03	-6.080307e-03
2837          	shield_slave	-1.575641e-02	-1.206216e-02	-4.324387e-03
2838          	OVC	-1.444968e-02	-6.961253e-03	-6.080309e-03
2838          	shield_slave	-1.576509e-02	-1.205286e-02	-4.324526e-03
2839          	OVC	-1.444946e-02	-6.966802e-03	-6.080776e-03
2839          	shield_slave	-1.571595e-02	-1.204305e-02	-4.324170e-03
2840          	OVC	-1.445942e-02	-6.971689e-03	-6.080905e-03
2840          	shield_slave	-1.576670e-02	-1.204598e-02	-4.324366e-03
2841          	OVC	-1.445406e-02	-6.960509e-03	-6.080492e-03
2841          	shield_slave	-1.575449e-02	-1.205735e-02	-4.324743e-03
2842          	OVC	-1.445631e-02	-6.954390e-03	-6.080727e-03
2842          	shield_slave	-1.579557e-02	-1.205819e-02	-4.324483e-03
2843          	OVC	-1.446048e-02	-6.953059e-03	-6.080874e-03
2843          	shield_slave	-1.574458e-02	-1.205273e-02	-4.324717e-03
2844          	OVC	-1.446446e-02	-6.951671e-03	-6.081031e-03
2844          	shield_slave	-1.575315e-02	-1.204432e-02	-4.324671e-03
2845          	OVC	-1.446224e-02	-6.957319e-03	-6.080866e-03
2845          	shield_slave	-1.577813e-02	-1.205734e-02	-4.324448e-03
2846          	OVC	-1.445782e-02	-6.948343e-03	-6.080473e-03
2846          	shield_slave	-1.578906e-02	-1.205325e-02	-4.324749e-03
2847          	OVC	-1.445490e-02	-6.949207e-03	-6.080490e-03
2847          	shield_slave	-1.577904e-02	-1.207014e-02	-4.325020e-03
2848          	OVC	-1.444846e-02	-6.950692e-03	-6.080385e-03
2848          	shield_slave	-1.575141e-02	-1.205963e-02	-4.325131e-03
2849          	OVC	-1.445049e-02	-6.953989e-03	-6.080393e-03
2849          	shield_slave	-1.582644e-02	-1.206119e-02	-4.325154e-03
2850          	OVC	-1.445046e-02	-6.947705e-03	-6.080613e-03
2850          	shield_slave	-1.579652e-02	-1.206442e-02	-4.325483e-03
2851          	OVC	-1.444796e-02	-6.942431e-03	-6.080935e-03
2851          	shield_slave	-1.584532e-02	-1.206697e-02	-4.325219e-03
2852          	OVC	-1.444970e-02	-6.952562e-03	-6.081047e-03
2852          	shield_slave	-1.583370e-02	-1.206806e-02	-4.325050e-03
2853          	OVC	-1.445313e-02	-6.949308e-03	-6.080768e-03
2853          	shield_slave	-1.582528e-02	-1.207399e-02	-4.324974e-03
2854          	OVC	-1.444503e-02	-6.944810e-03	-6.081192e-03
2854          	shield_slave	-1.586768e-02	-1.207488e-02	-4.325018e-03
2855          	OVC	-1.445119e-02	-6.941754e-03	-6.081111e-03
2855          	shield_slave	-1.589795e-02	-1.207981e-02	-4.325092e-03
2856          	OVC	-1.445507e-02	-6.944014e-03	-6.081348e-03
2856          	shield_slave	-1.590622e-02	-1.207624e-02	-4.325017e-03
2857          	OVC	-1.446030e-02	-6.941624e-03	-6.081494e-03
2857          	shield_slave	-1.595125e-02	-1.207106e-02	-4.325066e-03
2858          	OVC	-1.445758e-02	-6.942109e-03	-6.081534e-03
2858          	shield_slave	-1.596554e-02	-1.206461e-02	-4.325100e-03
2859          	OVC	-1.445793e-02	-6.955069e-03	-6.081151e-03
2859          	shield_slave	-1.587284e-02	-1.206788e-02	-4.325306e-03
2860          	OVC	-1.445677e-02	-6.956469e-03	-6.080706e-03
2860          	shield_slave	-1.582898e-02	-1.206333e-02	-4.325313e-03
2861          	OVC	-1.445474e-02	-6.949763e-03	-6.080432e-03
2861          	shield_slave	-1.581919e-02	-1.205954e-02	-4.325252e-03
2862          	OVC	-1.445041e-02	-6.946174e-03	-6.080635e-03
2862          	shield_slave	-1.581146e-02	-1.206102e-02	-4.325021e-03
2863          	OVC	-1.445493e-02	-6.946002e-03	-6.080745e-03
2863          	shield_slave	-1.583879e-02	-1.205352e-02	-4.324708e-03
2864          	OVC	-1.445173e-02	-6.955866e-03	-6.080335e-03
2864          	shield_slave	-1.589622e-02	-1.205074e-02	-4.324623e-03
2865          	OVC	-1.445220e-02	-6.949566e-03	-6.080223e-03
2865          	shield_slave	-1.592078e-02	-1.204925e-02	-4.324680e-03
2866          	OVC	-1.445231e-02	-6.947979e-03	-6.080141e-03
2866          	shield_slave	-1.590071e-02	-1.204378e-02	-4.324511e-03
2867          	OVC	-1.445809e-02	-6.950620e-03	-6.080289e-03
2867          	shield_slave	-1.597408e-02	-1.206053e-02	-4.324734e-03
2868          	OVC	-1.444888e-02	-6.958252e-03	-6.080364e-03
2868          	shield_slave	-1.598232e-02	-1.205427e-02	-4.324614e-03
2869          	OVC	-1.444613e-02	-6.963129e-03	-6.080382e-03
2869          	shield_slave	-1.597221e-02	-1.205407e-02	-4.324760e-03
2870          	OVC	-1.444390e-02	-6.961029e-03	-6.080681e-03
2870          	shield_slave	-1.591091e-02	-1.205834e-02	-4.324846e-03
2871          	OVC	-1.444122e-02	-6.954801e-03	-6.080981e-03
2871          	shield_slave	-1.588643e-02	-1.206532e-02	-4.324868e-03
2872          	OVC	-1.445038e-02	-6.956398e-03	-6.081039e-03
2872          	shield_slave	-1.590527e-02	-1.206434e-02	-4.324767e-03
2873          	OVC	-1.445130e-02	-6.959362e-03	-6.080946e-03
2873          	shield_slave	-1.583023e-02	-1.206195e-02	-4.324670e-03
2874          	OVC	-1.445335e-02	-6.961332e-03	-6.080788e-03
2874          	shield_slave	-1.581214e-02	-1.206040e-02	-4.324587e-03
2875          	OVC	-1.445340e-02	-6.956275e-03	-6.080849e-03
2875          	shield_slave	-1.586888e-02	-1.206429e-02	-4.324238e-03
2876          	OVC	-1.444719e-02	-6.953715e-03	-6.080953e-03
2876          	shield_slave	-1.584668e-02	-1.206318e-02	-4.324205e-03
2877          	OVC	-1.445088e-02	-6.953415e-03	-6.080788e-03
2877          	shield_slave	-1.578667e-02	-1.205854e-02	-4.324177e-03
2878          	OVC	-1.445100e-02	-6.957798e-03	-6.080975e-03
2878          	shield_slave	-1.580250e-02	-1.205462e-02	-4.323832e-03
2879          	OVC	-1.445491e-02	-6.960346e-03	-6.080696e-03
2879          	shield_slave	-1.578194e-02	-1.205834e-02	-4.324214e-03
2880          	OVC	-1.445083e-02	-6.949395e-03	-6.080948e-03
2880          	shield_slave	-1.580610e-02	-1.206380e-02	-4.324464e-03
2881          	OVC	-1.445268e-02	-6.955670e-03	-6.080858e-03
2881          	shield_slave	-1.574316e-02	-1.206354e-02	-4.324623e-03
2882          	OVC	-1.444708e-02	-6.953598e-03	-6.080541e-03
2882          	shield_slave	-1.582717e-02	-1.205522e-02	-4.324426e-03
2883          	OVC	-1.444791e-02	-6.959515e-03	-6.080816e-03
2883          	shield_slave	-1.582048e-02	-1.206765e-02	-4.324371e-03
2884          	OVC	-1.445080e-02	-6.969536e-03	-6.080649e-03
2884          	shield_slave	-1.581023e-02	-1.206420e-02	-4.324746e-03
2885          	OVC	-1.445260e-02	-6.964631e-03	-6.080550e-03
2885          	shield_slave	-1.584935e-02	-1.207071e-02	-4.324786e-03
2886          	OVC	-1.444999e-02	-6.965348e-03	-6.080713e-03
2886          	shield_slave	-1.588230e-02	-1.206534e-02	-4.324957e-03
2887          	OVC	-1.445326e-02	-6.962203e-03	-6.080930e-03
2887          	shield_slave	-1.578535e-02	-1.206337e-02	-4.324646e-03
2888          	OVC	-1.444937e-02	-6.963372e-03	-6.080682e-03
2888          	shield_slave	-1.579925e-02	-1.206272e-02	-4.324677e-03
2889          	OVC	-1.444552e-02	-6.957487e-03	-6.080337e-03
2889          	shield_slave	-1.583279e-02	-1.206281e-02	-4.324818e-03
2890          	OVC	-1.444878e-02	-6.955087e-03	-6.080596e-03
2890          	shield_slave	-1.580882e-02	-1.205304e-02	-4.324752e-03
2891          	OVC	-1.445471e-02	-6.971141e-03	-6.080584e-03
2891          	shield_slave	-1.575578e-02	-1.204489e-02	-4.324752e-03
2892          	OVC	-1.445646e-02	-6.965971e-03	-6.080243e-03
2892          	shield_slave	-1.575547e-02	-1.205403e-02	-4.324446e-03
2893          	OVC	-1.445914e-02	-6.966301e-03	-6.080042e-03
2893          	shield_slave	-1.574662e-02	-1.205896e-02	-4.324536e-03
2894          	OVC	-1.445972e-02	-6.968145e-03	-6.080047e-03
2894          	shield_slave	-1.572896e-02	-1.205116e-02	-4.324390e-03
2895          	OVC	-1.445577e-02	-6.967980e-03	-6.080230e-03
2895          	shield_slave	-1.576489e-02	-1.205402e-02	-4.324633e-03
2896          	OVC	-1.445572e-02	-6.968638e-03	-6.080058e-03
2896          	shield_slave	-1.575581e-02	-1.204276e-02	-4.325046e-03
2897          	OVC	-1.445125e-02	-6.974063e-03	-6.080197e-03
2897          	shield_slave	-1.573530e-02	-1.203548e-02	-4.324910e-03
2898          	OVC	-1.444999e-02	-6.968728e-03	-6.080249e-03
2898          	shield_slave	-1.567692e-02	-1.202566e-02	-4.324837e-03
2899          	OVC	-1.445872e-02	-6.968047e-03	-6.080143e-03
2899          	shield_slave	-1.564655e-02	-1.203092e-02	-4.325133e-03
2900          	OVC	-1.445683e-02	-6.960133e-03	-6.080391e-03
2900          	shield_slave	-1.568525e-02	-1.203513e-02	-4.324809e-03
2901          	OVC	-1.445222e-02	-6.971402e-03	-6.080651e-03
2901          	shield_slave	-1.569069e-02	-1.203452e-02	-4.324873e-03
2902          	OVC	-1.445207e-02	-6.962045e-03	-6.080436e-03
2902          	shield_slave	-1.569043e-02	-1.202690e-02	-4.325083e-03
2903          	OVC	-1.446070e-02	-6.965147e-03	-6.080644e-03
2903          	shield_slave	-1.563614e-02	-1.202802e-02	-4.325139e-03
2904          	OVC	-1.445839e-02	-6.965830e-03	-6.080340e-03
2904          	shield_slave	-1.569474e-02	-1.203210e-02	-4.325267e-03
2905          	OVC	-1.445551e-02	-6.968120e-03	-6.080145e-03
2905          	shield_slave	-1.572157e-02	-1.203400e-02	-4.325446e-03
2906          	OVC	-1.445728e-02	-6.979612e-03	-6.080298e-03
2906          	shield_slave	-1.572714e-02	-1.203336e-02	-4.325359e-03
2907          	OVC	-1.445294e-02	-6.984449e-03	-6.080206e-03
2907          	shield_slave	-1.573666e-02	-1.203637e-02	-4.325293e-03
2908          	OVC	-1.445345e-02	-6.978907e-03	-6.080506e-03
2908          	shield_slave	-1.570705e-02	-1.203764e-02	-4.325469e-03
2909          	OVC	-1.445296e-02	-6.984160e-03	-6.080499e-03
2909          	shield_slave	-1.572255e-02	-1.205533e-02	-4.325621e-03
2910          	OVC	-1.445560e-02	-6.991112e-03	-6.080671e-03
2910          	shield_slave	-1.573550e-02	-1.205536e-02	-4.325295e-03
2911          	OVC	-1.445390e-02	-6.988328e-03	-6.080737e-03
2911          	shield_slave	-1.572706e-02	-1.205044e-02	-4.325490e-03
2912          	OVC	-1.445655e-02	-6.980154e-03	-6.080468e-03
2912          	shield_slave	-1.570811e-02	-1.206360e-02	-4.325290e-03
2913          	OVC	-1.445757e-02	-6.993378e-03	-6.080405e-03
2913          	shield_slave	-1.567338e-02	-1.207264e-02	-4.325223e-03
2914          	OVC	-1.445341e-02	-6.990320e-03	-6.080773e-03
2914          	shield_slave	-1.574214e-02	-1.206937e-02	-4.325017e-03
2915          	OVC	-1.444931e-02	-6.979004e-03	-6.080665e-03
2915          	shield_slave	-1.567111e-02	-1.206943e-02	-4.324969e-03
2916          	OVC	-1.445586e-02	-6.987121e-03	-6.081108e-03
2916          	shield_slave	-1.568007e-02	-1.206176e-02	-4.324983e-03
2917          	OVC	-1.445577e-02	-6.987169e-03	-6.080856e-03
2917          	shield_slave	-1.572215e-02	-1.205039e-02	-4.324983e-03
2918          	OVC	-1.445314e-02	-6.980624e-03	-6.080958e-03
2918          	shield_slave	-1.572995e-02	-1.205475e-02	-4.325225e-03
2919          	OVC	-1.445914e-02	-6.970844e-03	-6.080461e-03
2919          	shield_slave	-1.575851e-02	-1.205824e-02	-4.325079e-03
2920          	OVC	-1.445699e-02	-6.976117e-03	-6.080597e-03
2920          	shield_slave	-1.570371e-02	-1.205492e-02	-4.325334e-03
2921          	OVC	-1.445650e-02	-6.970040e-03	-6.080547e-03
2921          	shield_slave	-1.575500e-02	-1.205367e-02	-4.325687e-03
2922          	OVC	-1.445720e-02	-6.979049e-03	-6.080560e-03
2922          	shield_slave	-1.574345e-02	-1.205262e-02	-4.325828e-03
2923          	OVC	-1.445298e-02	-6.977137e-03	-6.080722e-03
2923          	shield_slave	-1.568199e-02	-1.204689e-02	-4.325521e-03
2924          	OVC	-1.445296e-02	-6.977161e-03	-6.080439e-03
2924          	shield_slave	-1.564868e-02	-1.205075e-02	-4.325147e-03
2925          	OVC	-1.445088e-02	-6.973439e-03	-6.080796e-03
2925          	shield_slave	-1.565151e-02	-1.205195e-02	-4.325246e-03
2926          	OVC	-1.445289e-02	-6.978307e-03	-6.080809e-03
2926          	shield_slave	-1.568738e-02	-1.205507e-02	-4.325132e-03
2927          	OVC	-1.445400e-02	-6.972602e-03	-6.080999e-03
2927          	shield_slave	-1.569375e-02	-1.205229e-02	-4.325013e-03
2928          	OVC	-1.445536e-02	-6.970314e-03	-6.081037e-03
2928          	shield_slave	-1.575284e-02	-1.204517e-02	-4.325060e-03
2929          	OVC	-1.445427e-02	-6.989281e-03	-6.080842e-03
2929          	shield_slave	-1.575324e-02	-1.204407e-02	-4.325210e-03
2930          	OVC	-1.445629e-02	-6.983311e-03	-6.080433e-03
2930          	shield_slave	-1.569628e-02	-1.203969e-02	-4.325523e-03
2931          	OVC	-1.445851e-02	-6.982824e-03	-6.080366e-03
2931          	shield_slave	-1.573704e-02	-1.203709e-02	-4.325440e-03
2932          	OVC	-1.445953e-02	-6.972061e-03	-6.080575e-03
2932          	shield_slave	-1.574143e-02	-1.204156e-02	-4.325439e-03
2933          	OVC	-1.445134e-02	-6.964866e-03	-6.080875e-03
2933          	shield_slave	-1.571223e-02	-1.203866e-02	-4.325480e-03
2934          	OVC	-1.445124e-02	-6.956535e-03	-6.080924e-03
2934          	shield_slave	-1.579298e-02	-1.204876e-02	-4.325526e-03
2935          	OVC	-1.445585e-02	-6.949445e-03	-6.081031e-03
2935          	shield_slave	-1.577050e-02	-1.205083e-02	-4.325611e-03
2936          	OVC	-1.445584e-02	-6.956340e-03	-6.080743e-03
2936          	shield_slave	-1.575346e-02	-1.205266e-02	-4.325619e-03
2937          	OVC	-1.445605e-02	-6.962383e-03	-6.080719e-03
2937          	shield_slave	-1.578104e-02	-1.205484e-02	-4.325447e-03
2938          	OVC	-1.446092e-02	-6.968282e-03	-6.080906e-03
2938          	shield_slave	-1.581248e-02	-1.204444e-02	-4.325429e-03
2939          	OVC	-1.446236e-02	-6.970590e-03	-6.080885e-03
2939          	shield_slave	-1.583272e-02	-1.204081e-02	-4.325480e-03
2940          	OVC	-1.446425e-02	-6.965353e-03	-6.080624e-03
2940          	shield_slave	-1.583158e-02	-1.204583e-02	-4.325566e-03
2941          	OVC	-1.445915e-02	-6.971299e-03	-6.080499e-03
2941          	shield_slave	-1.579592e-02	-1.204943e-02	-4.325560e-03
2942          	OVC	-1.445570e-02	-6.972794e-03	-6.080466e-03
2942          	shield_slave	-1.575191e-02	-1.205658e-02	-4.325775e-03
2943          	OVC	-1.445380e-02	-6.970919e-03	-6.080241e-03
2943          	shield_slave	-1.577076e-02	-1.205734e-02	-4.325986e-03
2944          	OVC	-1.445379e-02	-6.963589e-03	-6.080255e-03
2944          	shield_slave	-1.572301e-02	-1.205405e-02	-4.325922e-03
2945          	OVC	-1.445167e-02	-6.957221e-03	-6.080094e-03
2945          	shield_slave	-1.581069e-02	-1.204677e-02	-4.325928e-03
2946          	OVC	-1.445579e-02	-6.955059e-03	-6.080170e-03
2946          	shield_slave	-1.583506e-02	-1.204329e-02	-4.325962e-03
2947          	OVC	-1.445379e-02	-6.965575e-03	-6.080333e-03
2947          	shield_slave	-1.585292e-02	-1.205051e-02	-4.326142e-03
2948          	OVC	-1.445641e-02	-6.973411e-03	-6.080239e-03
2948          	shield_slave	-1.584097e-02	-1.205809e-02	-4.326011e-03
2949          	OVC	-1.445792e-02	-6.966493e-03	-6.080480e-03
2949          	shield_slave	-1.583463e-02	-1.205695e-02	-4.325886e-03
2950          	OVC	-1.445359e-02	-6.956440e-03	-6.080642e-03
2950          	shield_slave	-1.581918e-02	-1.205459e-02	-4.325540e-03
2951          	OVC	-1.445573e-02	-6.953935e-03	-6.080323e-03
2951          	shield_slave	-1.582117e-02	-1.206663e-02	-4.325517e-03
2952          	OVC	-1.446165e-02	-6.960158e-03	-6.080006e-03
2952          	shield_slave	-1.577243e-02	-1.206629e-02	-4.326030e-03
2953          	OVC	-1.445999e-02	-6.947351e-03	-6.080387e-03
2953          	shield_slave	-1.576935e-02	-1.206735e-02	-4.325798e-03
2954          	OVC	-1.445593e-02	-6.942057e-03	-6.080527e-03
2954          	shield_slave	-1.578077e-02	-1.205461e-02	-4.325800e-03
2955          	OVC	-1.445243e-02	-6.939705e-03	-6.080361e-03
2955          	shield_slave	-1.577674e-02	-1.205594e-02	-4.325889e-03
2956          	OVC	-1.445053e-02	-6.946661e-03	-6.080228e-03
2956          	shield_slave	-1.576891e-02	-1.204428e-02	-4.325880e-03
2957          	OVC	-1.444973e-02	-6.947574e-03	-6.080336e-03
2957          	shield_slave	-1.567447e-02	-1.205194e-02	-4.325773e-03
2958          	OVC	-1.445349e-02	-6.953787e-03	-6.080326e-03
2958          	shield_slave	-1.568725e-02	-1.204096e-02	-4.325399e-03
2959          	OVC	-1.445867e-02	-6.954601e-03	-6.080328e-03
2959          	shield_slave	-1.569483e-02	-1.204873e-02	-4.325377e-03
2960          	OVC	-1.446772e-02	-6.951090e-03	-6.080463e-03
2960          	shield_slave	-1.575308e-02	-1.204040e-02	-4.325227e-03
2961          	OVC	-1.446325e-02	-6.946644e-03	-6.080805e-03
2961          	shield_slave	-1.569869e-02	-1.204641e-02	-4.325390e-03
2962          	OVC	-1.445945e-02	-6.945724e-03	-6.080406e-03
2962          	shield_slave	-1.565372e-02	-1.205082e-02	-4.325463e-03
2963          	OVC	-1.445877e-02	-6.941784e-03	-6.080259e-03
2963          	shield_slave	-1.565333e-02	-1.206235e-02	-4.325543e-03
2964          	OVC	-1.446017e-02	-6.944134e-03	-6.080382e-03
2964          	shield_slave	-1.566284e-02	-1.205175e-02	-4.325354e-03
2965          	OVC	-1.445794e-02	-6.936180e-03	-6.080550e-03
2965          	shield_slave	-1.571043e-02	-1.203783e-02	-4.325322e-03
2966          	OVC	-1.446209e-02	-6.942705e-03	-6.080451e-03
2966          	shield_slave	-1.573297e-02	-1.204147e-02	-4.325373e-03
2967          	OVC	-1.445257e-02	-6.939175e-03	-6.080581e-03
2967          	shield_slave	-1.575355e-02	-1.204968e-02	-4.325494e-03
2968          	OVC	-1.445287e-02	-6.950726e-03	-6.080672e-03
2968          	shield_slave	-1.576907e-02	-1.204860e-02	-4.325232e-03
2969          	OVC	-1.444984e-02	-6.952701e-03	-6.080760e-03
2969          	shield_slave	-1.577648e-02	-1.204907e-02	-4.325313e-03
2970          	OVC	-1.444997e-02	-6.946443e-03	-6.080801e-03
2970          	shield_slave	-1.570536e-02	-1.205417e-02	-4.325368e-03
2971          	OVC	-1.445004e-02	-6.947201e-03	-6.081039e-03
2971          	shield_slave	-1.571022e-02	-1.204966e-02	-4.325461e-03
2972          	OVC	-1.444915e-02	-6.951563e-03	-6.081122e-03
2972          	shield_slave	-1.573128e-02	-1.205373e-02	-4.325827e-03
2973          	OVC	-1.444877e-02	-6.934951e-03	-6.080949e-03
2973          	shield_slave	-1.568590e-02	-1.206154e-02	-4.326096e-03
2974          	OVC	-1.444569e-02	-6.947906e-03	-6.081262e-03
2974          	shield_slave	-1.565653e-02	-1.206025e-02	-4.326043e-03
2975          	OVC	-1.444723e-02	-6.945613e-03	-6.080732e-03
2975          	shield_slave	-1.564686e-02	-1.206333e-02	-4.325968e-03
2976          	OVC	-1.444856e-02	-6.945508e-03	-6.080510e-03
2976          	shield_slave	-1.564996e-02	-1.206973e-02	-4.325652e-03
2977          	OVC	-1.444716e-02	-6.941538e-03	-6.080569e-03
2977          	shield_slave	-1.569173e-02	-1.205726e-02	-4.326120e-03
2978          	OVC	-1.444317e-02	-6.938956e-03	-6.080689e-03
2978          	shield_slave	-1.566875e-02	-1.204920e-02	-4.326158e-03
2979          	OVC	-1.444283e-02	-6.945477e-03	-6.080735e-03
2979          	shield_slave	-1.572033e-02	-1.205114e-02	-4.326213e-03
2980          	OVC	-1.444220e-02	-6.948125e-03	-6.080940e-03
2980          	shield_slave	-1.569494e-02	-1.202961e-02	-4.325978e-03
2981          	OVC	-1.444396e-02	-6.935811e-03	-6.080775e-03
2981          	shield_slave	-1.569424e-02	-1.203632e-02	-4.325866e-03
2982          	OVC	-1.444731e-02	-6.930976e-03	-6.080522e-03
2982          	shield_slave	-1.569833e-02	-1.203357e-02	-4.325903e-03
2983          	OVC	-1.444556e-02	-6.943975e-03	-6.080771e-03
2983          	shield_slave	-1.572608e-02	-1.201393e-02	-4.325901e-03
2984          	OVC	-1.444997e-02	-6.935192e-03	-6.080960e-03
2984          	shield_slave	-1.574440e-02	-1.201449e-02	-4.325874e-03
2985          	OVC	-1.445564e-02	-6.945439e-03	-6.080675e-03
2985          	shield_slave	-1.570140e-02	-1.200273e-02	-4.326021e-03
2986          	OVC	-1.445641e-02	-6.957731e-03	-6.080924e-03
2986          	shield_slave	-1.574080e-02	-1.200859e-02	-4.325719e-03
2987          	OVC	-1.445927e-02	-6.947515e-03	-6.080975e-03
2987          	shield_slave	-1.573004e-02	-1.201432e-02	-4.325626e-03
2988          	OVC	-1.447657e-02	-6.935373e-03	-6.080600e-03
2988          	shield_slave	-1.577876e-02	-1.203047e-02	-4.325364e-03
2989          	OVC	-1.446723e-02	-6.941854e-03	-6.080764e-03
2989          	shield_slave	-1.580592e-02	-1.203425e-02	-4.325494e-03
2990          	OVC	-1.446357e-02	-6.949382e-03	-6.081020e-03
2990          	shield_slave	-1.582338e-02	-1.203256e-02	-4.325510e-03
2991          	OVC	-1.446446e-02	-6.948592e-03	-6.081099e-03
2991          	shield_slave	-1.575750e-02	-1.203598e-02	-4.325493e-03
2992          	OVC	-1.446381e-02	-6.945386e-03	-6.081251e-03
2992          	shield_slave	-1.572305e-02	-1.203154e-02	-4.325262e-03
2993          	OVC	-1.445728e-02	-6.945434e-03	-6.081139e-03
2993          	shield_slave	-1.574809e-02	-1.203193e-02	-4.325231e-03
2994          	OVC	-1.445705e-02	-6.939192e-03	-6.081127e-03
2994          	shield_slave	-1.567631e-02	-1.203816e-02	-4.325086e-03
2995          	OVC	-1.446026e-02	-6.933297e-03	-6.081115e-03
2995          	shield_slave	-1.575722e-02	-1.203000e-02	-4.325266e-03
2996          	OVC	-1.445457e-02	-6.931085e-03	-6.081413e-03
2996          	shield_slave	-1.568477e-02	-1.202018e-02	-4.325595e-03
2997          	OVC	-1.445681e-02	-6.932760e-03	-6.081577e-03
2997          	shield_slave	-1.567322e-02	-1.202520e-02	-4.325540e-03
2998          	OVC	-1.445308e-02	-6.923409e-03	-6.081485e-03
2998          	shield_slave	-1.570237e-02	-1.202752e-02	-4.325556e-03
2999          	OVC	-1.445629e-02	-6.926404e-03	-6.081119e-03
2999          	shield_slave	-1.568102e-02	-1.204426e-02	-4.325435e-03
3000          	OVC	-1.446046e-02	-6.916705e-03	-6.080691e-03
3000          	shield_slave	-1.567414e-02	-1.204223e-02	-4.325638e-03
3001          	OVC	-1.445551e-02	-6.910095e-03	-6.080857e-03
3001          	shield_slave	-1.571341e-02	-1.205573e-02	-4.325199e-03
3002          	OVC	-1.445633e-02	-6.910280e-03	-6.080980e-03
3002          	shield_slave	-1.579356e-02	-1.204507e-02	-4.325212e-03
3003          	OVC	-1.445749e-02	-6.920623e-03	-6.080827e-03
3003          	shield_slave	-1.578790e-02	-1.204274e-02	-4.325171e-03
3004          	OVC	-1.445445e-02	-6.922170e-03	-6.081212e-03
3004          	shield_slave	-1.574926e-02	-1.203463e-02	-4.325197e-03
3005          	OVC	-1.445353e-02	-6.933712e-03	-6.080842e-03
3005          	shield_slave	-1.575044e-02	-1.204701e-02	-4.325035e-03
3006          	OVC	-1.445693e-02	-6.925521e-03	-6.081106e-03
3006          	shield_slave	-1.573968e-02	-1.205592e-02	-4.324901e-03
3007          	OVC	-1.445353e-02	-6.916689e-03	-6.080937e-03
3007          	shield_slave	-1.577356e-02	-1.205499e-02	-4.325192e-03
3008          	OVC	-1.445270e-02	-6.906875e-03	-6.081269e-03
3008          	shield_slave	-1.578330e-02	-1.204612e-02	-4.325263e-03
3009          	OVC	-1.445910e-02	-6.906512e-03	-6.080940e-03
3009          	shield_slave	-1.578169e-02	-1.206279e-02	-4.325181e-03
3010          	OVC	-1.445674e-02	-6.917908e-03	-6.080639e-03
3010          	shield_slave	-1.581970e-02	-1.205395e-02	-4.325470e-03
3011          	OVC	-1.446117e-02	-6.918011e-03	-6.080795e-03
3011          	shield_slave	-1.584814e-02	-1.204154e-02	-4.325473e-03
3012          	OVC	-1.446349e-02	-6.925859e-03	-6.080945e-03
3012          	shield_slave	-1.591422e-02	-1.204686e-02	-4.325543e-03
3013          	OVC	-1.447048e-02	-6.923509e-03	-6.081137e-03
3013          	shield_slave	-1.595049e-02	-1.204811e-02	-4.325718e-03
3014          	OVC	-1.446609e-02	-6.927273e-03	-6.080878e-03
3014          	shield_slave	-1.597972e-02	-1.204522e-02	-4.325656e-03
3015          	OVC	-1.447397e-02	-6.917562e-03	-6.080854e-03
3015          	shield_slave	-1.590195e-02	-1.204226e-02	-4.325534e-03
3016          	OVC	-1.446597e-02	-6.925899e-03	-6.080947e-03
3016          	shield_slave	-1.585780e-02	-1.205214e-02	-4.325647e-03
3017          	OVC	-1.447013e-02	-6.927632e-03	-6.080845e-03
3017          	shield_slave	-1.588603e-02	-1.204788e-02	-4.325867e-03
3018          	OVC	-1.447964e-02	-6.932389e-03	-6.080880e-03
3018          	shield_slave	-1.579242e-02	-1.206241e-02	-4.326050e-03
3019          	OVC	-1.447432e-02	-6.940796e-03	-6.081209e-03
3019          	shield_slave	-1.584776e-02	-1.205393e-02	-4.326151e-03
3020          	OVC	-1.447878e-02	-6.948712e-03	-6.080967e-03
3020          	shield_slave	-1.580678e-02	-1.205097e-02	-4.326322e-03
3021          	OVC	-1.446666e-02	-6.925363e-03	-6.080761e-03
3021          	shield_slave	-1.582268e-02	-1.204400e-02	-4.325926e-03
3022          	OVC	-1.446475e-02	-6.914786e-03	-6.080947e-03
3022          	shield_slave	-1.574288e-02	-1.206743e-02	-4.325969e-03
3023          	OVC	-1.446391e-02	-6.910943e-03	-6.081275e-03
3023          	shield_slave	-1.577003e-02	-1.206709e-02	-4.325996e-03
3024          	OVC	-1.446521e-02	-6.921274e-03	-6.081511e-03
3024          	shield_slave	-1.574907e-02	-1.206231e-02	-4.325719e-03
3025          	OVC	-1.446040e-02	-6.933798e-03	-6.081291e-03
3025          	shield_slave	-1.571246e-02	-1.206897e-02	-4.325228e-03
3026          	OVC	-1.445727e-02	-6.941842e-03	-6.081372e-03
3026          	shield_slave	-1.573952e-02	-1.205827e-02	-4.325186e-03
3027          	OVC	-1.446292e-02	-6.927222e-03	-6.081596e-03
3027          	shield_slave	-1.569938e-02	-1.205598e-02	-4.324918e-03
3028          	OVC	-1.445963e-02	-6.933070e-03	-6.081717e-03
3028          	shield_slave	-1.571753e-02	-1.206562e-02	-4.325044e-03
3029          	OVC	-1.445937e-02	-6.932188e-03	-6.081226e-03
3029          	shield_slave	-1.570795e-02	-1.205442e-02	-4.325071e-03
3030          	OVC	-1.445856e-02	-6.939934e-03	-6.081552e-03
3030          	shield_slave	-1.576303e-02	-1.205203e-02	-4.325023e-03
3031          	OVC	-1.446449e-02	-6.932794e-03	-6.081563e-03
3031          	shield_slave	-1.583025e-02	-1.204828e-02	-4.325016e-03
3032          	OVC	-1.446358e-02	-6.934748e-03	-6.081427e-03
3032          	shield_slave	-1.583152e-02	-1.202784e-02	-4.324750e-03
3033          	OVC	-1.446403e-02	-6.928232e-03	-6.081244e-03
3033          	shield_slave	-1.578542e-02	-1.202687e-02	-4.324816e-03
3034          	OVC	-1.446738e-02	-6.925610e-03	-6.081108e-03
3034          	shield_slave	-1.581728e-02	-1.203010e-02	-4.325284e-03
3035          	OVC	-1.446645e-02	-6.924118e-03	-6.081675e-03
3035          	shield_slave	-1.584025e-02	-1.201892e-02	-4.325042e-03
3036          	OVC	-1.445976e-02	-6.940891e-03	-6.081507e-03
3036          	shield_slave	-1.583543e-02	-1.203813e-02	-4.325268e-03
3037          	OVC	-1.446228e-02	-6.930737e-03	-6.081274e-03
3037          	shield_slave	-1.584813e-02	-1.201729e-02	-4.325115e-03
3038          	OVC	-1.446178e-02	-6.915234e-03	-6.081699e-03
3038          	shield_slave	-1.586812e-02	-1.203077e-02	-4.325258e-03
3039          	OVC	-1.446697e-02	-6.902384e-03	-6.081324e-03
3039          	shield_slave	-1.593890e-02	-1.202808e-02	-4.325269e-03
3040          	OVC	-1.447032e-02	-6.895734e-03	-6.081139e-03
3040          	shield_slave	-1.599191e-02	-1.200838e-02	-4.325312e-03
3041          	OVC	-1.447478e-02	-6.892759e-03	-6.081039e-03
3041          	shield_slave	-1.585193e-02	-1.201479e-02	-4.325271e-03
3042          	OVC	-1.447285e-02	-6.895223e-03	-6.081229e-03
3042          	shield_slave	-1.581419e-02	-1.200740e-02	-4.325511e-03
3043          	OVC	-1.447071e-02	-6.919904e-03	-6.081394e-03
3043          	shield_slave	-1.579869e-02	-1.200879e-02	-4.325571e-03
3044          	OVC	-1.446600e-02	-6.920692e-03	-6.081362e-03
3044          	shield_slave	-1.579120e-02	-1.200436e-02	-4.325687e-03
3045          	OVC	-1.446350e-02	-6.936624e-03	-6.081364e-03
3045          	shield_slave	-1.577564e-02	-1.199992e-02	-4.326045e-03
3046          	OVC	-1.446422e-02	-6.956527e-03	-6.081394e-03
3046          	shield_slave	-1.575773e-02	-1.199417e-02	-4.325500e-03
3047          	OVC	-1.446498e-02	-6.951882e-03	-6.081404e-03
3047          	shield_slave	-1.575130e-02	-1.200111e-02	-4.325770e-03
3048          	OVC	-1.446058e-02	-6.947784e-03	-6.081455e-03
3048          	shield_slave	-1.579627e-02	-1.200431e-02	-4.325763e-03
3049          	OVC	-1.445866e-02	-6.955104e-03	-6.081398e-03
3049          	shield_slave	-1.576519e-02	-1.199948e-02	-4.325604e-03
3050          	OVC	-1.445428e-02	-6.954737e-03	-6.081519e-03
3050          	shield_slave	-1.578117e-02	-1.200964e-02	-4.325149e-03
3051          	OVC	-1.445148e-02	-6.957359e-03	-6.081598e-03
3051          	shield_slave	-1.579176e-02	-1.200919e-02	-4.325039e-03
3052          	OVC	-1.444998e-02	-6.957715e-03	-6.081830e-03
3052          	shield_slave	-1.575807e-02	-1.200939e-02	-4.325288e-03
3053          	OVC	-1.445688e-02	-6.943900e-03	-6.082158e-03
3053          	shield_slave	-1.581325e-02	-1.201143e-02	-4.325544e-03
3054          	OVC	-1.445845e-02	-6.951966e-03	-6.082049e-03
3054          	shield_slave	-1.585589e-02	-1.201214e-02	-4.325286e-03
3055          	OVC	-1.445852e-02	-6.950605e-03	-6.082078e-03
3055          	shield_slave	-1.587399e-02	-1.202285e-02	-4.325200e-03
3056          	OVC	-1.445443e-02	-6.953107e-03	-6.081922e-03
3056          	shield_slave	-1.583134e-02	-1.202221e-02	-4.325131e-03
3057          	OVC	-1.445670e-02	-6.944848e-03	-6.081710e-03
3057          	shield_slave	-1.573348e-02	-1.203131e-02	-4.325577e-03
3058          	OVC	-1.445783e-02	-6.952378e-03	-6.081587e-03
3058          	shield_slave	-1.577562e-02	-1.204145e-02	-4.325585e-03
3059          	OVC	-1.445866e-02	-6.934476e-03	-6.081314e-03
3059          	shield_slave	-1.576780e-02	-1.204497e-02	-4.326030e-03
3060          	OVC	-1.445557e-02	-6.929462e-03	-6.081561e-03
3060          	shield_slave	-1.577036e-02	-1.205559e-02	-4.326187e-03
3061          	OVC	-1.445727e-02	-6.920749e-03	-6.081515e-03
3061          	shield_slave	-1.579858e-02	-1.204905e-02	-4.326601e-03
3062          	OVC	-1.446304e-02	-6.934433e-03	-6.081326e-03
3062          	shield_slave	-1.578866e-02	-1.205644e-02	-4.326971e-03
3063          	OVC	-1.446810e-02	-6.928256e-03	-6.081448e-03
3063          	shield_slave	-1.574475e-02	-1.206162e-02	-4.326925e-03
3064          	OVC	-1.446263e-02	-6.932875e-03	-6.081690e-03
3064          	shield_slave	-1.577429e-02	-1.206586e-02	-4.326839e-03
3065          	OVC	-1.446764e-02	-6.945897e-03	-6.081719e-03
3065          	shield_slave	-1.578682e-02	-1.206478e-02	-4.326695e-03
3066          	OVC	-1.446786e-02	-6.943325e-03	-6.081587e-03
3066          	shield_slave	-1.579097e-02	-1.206252e-02	-4.326228e-03
3067          	OVC	-1.447362e-02	-6.947298e-03	-6.081243e-03
3067          	shield_slave	-1.571742e-02	-1.206408e-02	-4.326134e-03
3068          	OVC	-1.446766e-02	-6.938438e-03	-6.081061e-03
3068          	shield_slave	-1.575567e-02	-1.207875e-02	-4.326144e-03
3069          	OVC	-1.445745e-02	-6.936700e-03	-6.080996e-03
3069          	shield_slave	-1.570510e-02	-1.207757e-02	-4.326326e-03
3070          	OVC	-1.445349e-02	-6.934371e-03	-6.081329e-03
3070          	shield_slave	-1.576874e-02	-1.207806e-02	-4.326239e-03
3071          	OVC	-1.445314e-02	-6.950906e-03	-6.081582e-03
3071          	shield_slave	-1.580146e-02	-1.206630e-02	-4.325880e-03
3072          	OVC	-1.445889e-02	-6.942889e-03	-6.081564e-03
3072          	shield_slave	-1.580281e-02	-1.206283e-02	-4.326154e-03
3073          	OVC	-1.446336e-02	-6.945700e-03	-6.081688e-03
3073          	shield_slave	-1.580083e-02	-1.206206e-02	-4.326040e-03
3074          	OVC	-1.446060e-02	-6.933973e-03	-6.081637e-03
3074          	shield_slave	-1.583503e-02	-1.206828e-02	-4.325951e-03
3075          	OVC	-1.446131e-02	-6.916733e-03	-6.081602e-03
3075          	shield_slave	-1.586524e-02	-1.207516e-02	-4.325967e-03
3076          	OVC	-1.445661e-02	-6.916969e-03	-6.081499e-03
3076          	shield_slave	-1.577313e-02	-1.206587e-02	-4.325631e-03
3077          	OVC	-1.445561e-02	-6.919849e-03	-6.081616e-03
3077          	shield_slave	-1.569923e-02	-1.205224e-02	-4.325954e-03
3078          	OVC	-1.445644e-02	-6.922157e-03	-6.081786e-03
3078          	shield_slave	-1.572255e-02	-1.205674e-02	-4.325895e-03
3079          	OVC	-1.445520e-02	-6.928913e-03	-6.081344e-03
3079          	shield_slave	-1.578015e-02	-1.206141e-02	-4.325938e-03
3080          	OVC	-1.444878e-02	-6.942744e-03	-6.081641e-03
3080          	shield_slave	-1.576966e-02	-1.206226e-02	-4.325584e-03
3081          	OVC	-1.444984e-02	-6.934440e-03	-6.081540e-03
3081          	shield_slave	-1.578570e-02	-1.205452e-02	-4.325741e-03
3082          	OVC	-1.445513e-02	-6.938444e-03	-6.081526e-03
3082          	shield_slave	-1.582517e-02	-1.205419e-02	-4.325742e-03
3083          	OVC	-1.445600e-02	-6.962528e-03	-6.081163e-03
3083          	shield_slave	-1.585806e-02	-1.205535e-02	-4.325925e-03
3084          	OVC	-1.445547e-02	-6.961443e-03	-6.080888e-03
3084          	shield_slave	-1.586344e-02	-1.205507e-02	-4.326020e-03
3085          	OVC	-1.445517e-02	-6.956760e-03	-6.081415e-03
3085          	shield_slave	-1.587968e-02	-1.204119e-02	-4.326142e-03
3086          	OVC	-1.445576e-02	-6.945156e-03	-6.081773e-03
3086          	shield_slave	-1.590937e-02	-1.202964e-02	-4.326145e-03
3087          	OVC	-1.445626e-02	-6.948614e-03	-6.081765e-03
3087          	shield_slave	-1.592004e-02	-1.203439e-02	-4.325692e-03
3088          	OVC	-1.445077e-02	-6.956544e-03	-6.081770e-03
3088          	shield_slave	-1.585695e-02	-1.204702e-02	-4.325661e-03
3089          	OVC	-1.445307e-02	-6.955067e-03	-6.081633e-03
3089          	shield_slave	-1.587408e-02	-1.204944e-02	-4.325830e-03
3090          	OVC	-1.445592e-02	-6.950172e-03	-6.081587e-03
3090          	shield_slave	-1.590541e-02	-1.203598e-02	-4.325671e-03
3091          	OVC	-1.445761e-02	-6.940870e-03	-6.081506e-03
3091          	shield_slave	-1.593476e-02	-1.204279e-02	-4.325554e-03
3092          	OVC	-1.446056e-02	-6.947801e-03	-6.081726e-03
3092          	shield_slave	-1.591428e-02	-1.204238e-02	-4.325811e-03
3093          	OVC	-1.446905e-02	-6.946562e-03	-6.082031e-03
3093          	shield_slave	-1.588891e-02	-1.204759e-02	-4.325576e-03
3094          	OVC	-1.446483e-02	-6.945131e-03	-6.081689e-03
3094          	shield_slave	-1.589150e-02	-1.204965e-02	-4.325749e-03
3095          	OVC	-1.446574e-02	-6.946363e-03	-6.081901e-03
3095          	shield_slave	-1.588058e-02	-1.203116e-02	-4.325921e-03
3096          	OVC	-1.446156e-02	-6.942571e-03	-6.081787e-03
3096          	shield_slave	-1.588798e-02	-1.203402e-02	-4.326161e-03
3097          	OVC	-1.446115e-02	-6.954147e-03	-6.082105e-03
3097          	shield_slave	-1.587892e-02	-1.204148e-02	-4.325840e-03
3098          	OVC	-1.446503e-02	-6.950143e-03	-6.082215e-03
3098          	shield_slave	-1.585976e-02	-1.203816e-02	-4.325846e-03
3099          	OVC	-1.446558e-02	-6.954653e-03	-6.082034e-03
3099          	shield_slave	-1.578657e-02	-1.205056e-02	-4.325792e-03
3100          	OVC	-1.446381e-02	-6.957857e-03	-6.082025e-03
3100          	shield_slave	-1.575894e-02	-1.206042e-02	-4.325499e-03
3101          	OVC	-1.446601e-02	-6.957069e-03	-6.082422e-03
3101          	shield_slave	-1.582773e-02	-1.206223e-02	-4.325257e-03
3102          	OVC	-1.446648e-02	-6.949522e-03	-6.082783e-03
3102          	shield_slave	-1.586108e-02	-1.206811e-02	-4.324986e-03
3103          	OVC	-1.446297e-02	-6.951504e-03	-6.082490e-03
3103          	shield_slave	-1.594703e-02	-1.207475e-02	-4.324908e-03
3104          	OVC	-1.445608e-02	-6.958434e-03	-6.082454e-03
3104          	shield_slave	-1.593868e-02	-1.206409e-02	-4.325064e-03
3105          	OVC	-1.445419e-02	-6.937614e-03	-6.082589e-03
3105          	shield_slave	-1.591204e-02	-1.205409e-02	-4.325185e-03
3106          	OVC	-1.445590e-02	-6.935987e-03	-6.082600e-03
3106          	shield_slave	-1.589957e-02	-1.204644e-02	-4.324801e-03
3107          	OVC	-1.444968e-02	-6.948842e-03	-6.082320e-03
3107          	shield_slave	-1.606558e-02	-1.205771e-02	-4.324613e-03
3108          	OVC	-1.444645e-02	-6.930923e-03	-6.082647e-03
3108          	shield_slave	-1.613534e-02	-1.205761e-02	-4.324200e-03
3109          	OVC	-1.444927e-02	-6.938719e-03	-6.082813e-03
3109          	shield_slave	-1.612518e-02	-1.204384e-02	-4.324178e-03
3110          	OVC	-1.444709e-02	-6.943836e-03	-6.082895e-03
3110          	shield_slave	-1.611820e-02	-1.205119e-02	-4.324099e-03
3111          	OVC	-1.445209e-02	-6.942485e-03	-6.082948e-03
3111          	shield_slave	-1.597688e-02	-1.205977e-02	-4.324048e-03
3112          	OVC	-1.444666e-02	-6.948937e-03	-6.082610e-03
3112          	shield_slave	-1.594667e-02	-1.204486e-02	-4.324003e-03
3113          	OVC	-1.444546e-02	-6.949097e-03	-6.082197e-03
3113          	shield_slave	-1.590169e-02	-1.204596e-02	-4.324247e-03
3114          	OVC	-1.444909e-02	-6.935917e-03	-6.082325e-03
3114          	shield_slave	-1.596733e-02	-1.204411e-02	-4.324362e-03
3115          	OVC	-1.444948e-02	-6.938519e-03	-6.082199e-03
3115          	shield_slave	-1.585305e-02	-1.204540e-02	-4.324331e-03
3116          	OVC	-1.444869e-02	-6.944780e-03	-6.082529e-03
3116          	shield_slave	-1.589027e-02	-1.203680e-02	-4.324359e-03
3117          	OVC	-1.444619e-02	-6.944856e-03	-6.082380e-03
3117          	shield_slave	-1.582220e-02	-1.202805e-02	-4.324895e-03
3118          	OVC	-1.444887e-02	-6.938057e-03	-6.082571e-03
3118          	shield_slave	-1.586653e-02	-1.204134e-02	-4.324871e-03
3119          	OVC	-1.444834e-02	-6.937102e-03	-6.082584e-03
3119          	shield_slave	-1.588964e-02	-1.205442e-02	-4.324684e-03
3120          	OVC	-1.445319e-02	-6.956044e-03	-6.082861e-03
3120          	shield_slave	-1.582828e-02	-1.205510e-02	-4.324656e-03
3121          	OVC	-1.445810e-02	-6.931783e-03	-6.082651e-03
3121          	shield_slave	-1.587234e-02	-1.204874e-02	-4.324428e-03
3122          	OVC	-1.446500e-02	-6.936288e-03	-6.082475e-03
3122          	shield_slave	-1.588128e-02	-1.202605e-02	-4.324263e-03
3123          	OVC	-1.447399e-02	-6.940348e-03	-6.082630e-03
3123          	shield_slave	-1.579334e-02	-1.202899e-02	-4.324341e-03
3124          	OVC	-1.447126e-02	-6.926666e-03	-6.082671e-03
3124          	shield_slave	-1.579826e-02	-1.202903e-02	-4.324813e-03
3125          	OVC	-1.446966e-02	-6.924100e-03	-6.082857e-03
3125          	shield_slave	-1.585187e-02	-1.202961e-02	-4.325016e-03
3126          	OVC	-1.447180e-02	-6.930059e-03	-6.082660e-03
3126          	shield_slave	-1.581846e-02	-1.203662e-02	-4.324745e-03
3127          	OVC	-1.448169e-02	-6.921838e-03	-6.082511e-03
3127          	shield_slave	-1.585445e-02	-1.202320e-02	-4.324637e-03
3128          	OVC	-1.447501e-02	-6.926263e-03	-6.082571e-03
3128          	shield_slave	-1.585687e-02	-1.201848e-02	-4.324787e-03
3129          	OVC	-1.448173e-02	-6.906646e-03	-6.082805e-03
3129          	shield_slave	-1.581656e-02	-1.203650e-02	-4.325087e-03
3130          	OVC	-1.448196e-02	-6.925940e-03	-6.083018e-03
3130          	shield_slave	-1.580832e-02	-1.202606e-02	-4.325357e-03
3131          	OVC	-1.448230e-02	-6.943425e-03	-6.083108e-03
3131          	shield_slave	-1.583406e-02	-1.203061e-02	-4.325178e-03
3132          	OVC	-1.447350e-02	-6.940372e-03	-6.083075e-03
3132          	shield_slave	-1.573648e-02	-1.203179e-02	-4.324895e-03
3133          	OVC	-1.446674e-02	-6.938980e-03	-6.082957e-03
3133          	shield_slave	-1.580038e-02	-1.203929e-02	-4.324709e-03
3134          	OVC	-1.447127e-02	-6.940262e-03	-6.083220e-03
3134          	shield_slave	-1.579648e-02	-1.205543e-02	-4.324875e-03
3135          	OVC	-1.447633e-02	-6.939157e-03	-6.083032e-03
3135          	shield_slave	-1.577548e-02	-1.206106e-02	-4.324595e-03
3136          	OVC	-1.446651e-02	-6.944664e-03	-6.083193e-03
3136          	shield_slave	-1.580546e-02	-1.205132e-02	-4.324482e-03
3137          	OVC	-1.446336e-02	-6.957234e-03	-6.082897e-03
3137          	shield_slave	-1.582324e-02	-1.204788e-02	-4.324943e-03
3138          	OVC	-1.445389e-02	-6.955879e-03	-6.083204e-03
3138          	shield_slave	-1.583526e-02	-1.205288e-02	-4.324404e-03
3139          	OVC	-1.445856e-02	-6.955284e-03	-6.083084e-03
3139          	shield_slave	-1.576050e-02	-1.204455e-02	-4.324403e-03
3140          	OVC	-1.446456e-02	-6.942791e-03	-6.083154e-03
3140          	shield_slave	-1.583048e-02	-1.204782e-02	-4.324517e-03
3141          	OVC	-1.445645e-02	-6.943766e-03	-6.082988e-03
3141          	shield_slave	-1.582505e-02	-1.204292e-02	-4.324229e-03
3142          	OVC	-1.445367e-02	-6.943602e-03	-6.082855e-03
3142          	shield_slave	-1.586806e-02	-1.204849e-02	-4.323965e-03
3143          	OVC	-1.445667e-02	-6.941206e-03	-6.082364e-03
3143          	shield_slave	-1.584179e-02	-1.204197e-02	-4.324074e-03
3144          	OVC	-1.445980e-02	-6.933367e-03	-6.082805e-03
3144          	shield_slave	-1.577204e-02	-1.203739e-02	-4.323873e-03
3145          	OVC	-1.445901e-02	-6.948499e-03	-6.083107e-03
3145          	shield_slave	-1.582105e-02	-1.204571e-02	-4.324132e-03
3146          	OVC	-1.445825e-02	-6.960696e-03	-6.083193e-03
3146          	shield_slave	-1.590818e-02	-1.205284e-02	-4.323840e-03
3147          	OVC	-1.446098e-02	-6.958286e-03	-6.082772e-03
3147          	shield_slave	-1.586274e-02	-1.205969e-02	-4.323812e-03
3148          	OVC	-1.446013e-02	-6.956091e-03	-6.083324e-03
3148          	shield_slave	-1.594138e-02	-1.206136e-02	-4.324047e-03
3149          	OVC	-1.446723e-02	-6.956985e-03	-6.082974e-03
3149          	shield_slave	-1.584825e-02	-1.206010e-02	-4.323739e-03
3150          	OVC	-1.446564e-02	-6.955496e-03	-6.083185e-03
3150          	shield_slave	-1.581408e-02	-1.205259e-02	-4.323517e-03
3151          	OVC	-1.446193e-02	-6.951940e-03	-6.083197e-03
3151          	shield_slave	-1.579198e-02	-1.203985e-02	-4.323349e-03
3152          	OVC	-1.446011e-02	-6.959007e-03	-6.083062e-03
3152          	shield_slave	-1.578143e-02	-1.203922e-02	-4.323294e-03
3153          	OVC	-1.445227e-02	-6.954870e-03	-6.082657e-03
3153          	shield_slave	-1.573301e-02	-1.204530e-02	-4.323544e-03
3154          	OVC	-1.446075e-02	-6.956465e-03	-6.083035e-03
3154          	shield_slave	-1.584390e-02	-1.203711e-02	-4.323530e-03
3155          	OVC	-1.446076e-02	-6.945309e-03	-6.082919e-03
3155          	shield_slave	-1.587504e-02	-1.204461e-02	-4.323503e-03
3156          	OVC	-1.445875e-02	-6.931356e-03	-6.082837e-03
3156          	shield_slave	-1.590522e-02	-1.204634e-02	-4.323592e-03
3157          	OVC	-1.445791e-02	-6.921884e-03	-6.082941e-03
3157          	shield_slave	-1.596114e-02	-1.204997e-02	-4.323712e-03
3158          	OVC	-1.445884e-02	-6.914112e-03	-6.082682e-03
3158          	shield_slave	-1.587796e-02	-1.204362e-02	-4.323802e-03
3159          	OVC	-1.445905e-02	-6.898419e-03	-6.082503e-03
3159          	shield_slave	-1.589230e-02	-1.203960e-02	-4.323812e-03
3160          	OVC	-1.445696e-02	-6.931508e-03	-6.082394e-03
3160          	shield_slave	-1.588584e-02	-1.203087e-02	-4.323491e-03
3161          	OVC	-1.445891e-02	-6.929761e-03	-6.082326e-03
3161          	shield_slave	-1.581599e-02	-1.203814e-02	-4.323475e-03
3162          	OVC	-1.445601e-02	-6.930273e-03	-6.082348e-03
3162          	shield_slave	-1.574841e-02	-1.204159e-02	-4.323217e-03
3163          	OVC	-1.446070e-02	-6.923965e-03	-6.082348e-03
3163          	shield_slave	-1.570049e-02	-1.202831e-02	-4.323573e-03
3164          	OVC	-1.445912e-02	-6.917094e-03	-6.082432e-03
3164          	shield_slave	-1.578274e-02	-1.201994e-02	-4.323761e-03
3165          	OVC	-1.445990e-02	-6.923095e-03	-6.082471e-03
3165          	shield_slave	-1.582992e-02	-1.203437e-02	-4.323671e-03
3166          	OVC	-1.445466e-02	-6.912708e-03	-6.082334e-03
3166          	shield_slave	-1.577507e-02	-1.202809e-02	-4.324045e-03
3167          	OVC	-1.445305e-02	-6.911976e-03	-6.082482e-03
3167          	shield_slave	-1.576090e-02	-1.201430e-02	-4.323967e-03
3168          	OVC	-1.445640e-02	-6.924570e-03	-6.082868e-03
3168          	shield_slave	-1.580675e-02	-1.201742e-02	-4.323693e-03
3169          	OVC	-1.445703e-02	-6.926065e-03	-6.082696e-03
3169          	shield_slave	-1.579159e-02	-1.201411e-02	-4.323963e-03
3170          	OVC	-1.445414e-02	-6.946510e-03	-6.082439e-03
3170          	shield_slave	-1.572584e-02	-1.201034e-02	-4.323712e-03
3171          	OVC	-1.445449e-02	-6.955649e-03	-6.082225e-03
3171          	shield_slave	-1.578494e-02	-1.201360e-02	-4.323591e-03
3172          	OVC	-1.445867e-02	-6.949649e-03	-6.082132e-03
3172          	shield_slave	-1.579403e-02	-1.202175e-02	-4.323823e-03
3173          	OVC	-1.446238e-02	-6.951614e-03	-6.082509e-03
3173          	shield_slave	-1.584241e-02	-1.203196e-02	-4.323519e-03
3174          	OVC	-1.447034e-02	-6.956047e-03	-6.082736e-03
3174          	shield_slave	-1.573251e-02	-1.203059e-02	-4.323617e-03
3175          	OVC	-1.446843e-02	-6.951983e-03	-6.082576e-03
3175          	shield_slave	-1.569564e-02	-1.202391e-02	-4.324000e-03
3176          	OVC	-1.446817e-02	-6.954203e-03	-6.082513e-03
3176          	shield_slave	-1.572037e-02	-1.203745e-02	-4.324077e-03
3177          	OVC	-1.446748e-02	-6.950590e-03	-6.082420e-03
3177          	shield_slave	-1.577835e-02	-1.204372e-02	-4.323921e-03
3178          	OVC	-1.445912e-02	-6.950821e-03	-6.082583e-03
3178          	shield_slave	-1.575892e-02	-1.204688e-02	-4.324036e-03
3179          	OVC	-1.445411e-02	-6.954135e-03	-6.082456e-03
3179          	shield_slave	-1.576471e-02	-1.204457e-02	-4.324088e-03
3180          	OVC	-1.446423e-02	-6.958606e-03	-6.082285e-03
3180          	shield_slave	-1.582486e-02	-1.203278e-02	-4.323916e-03
3181          	OVC	-1.446199e-02	-6.952916e-03	-6.082566e-03
3181          	shield_slave	-1.584616e-02	-1.203644e-02	-4.323667e-03
3182          	OVC	-1.446813e-02	-6.951378e-03	-6.082442e-03
3182          	shield_slave	-1.582943e-02	-1.204259e-02	-4.323815e-03
3183          	OVC	-1.446779e-02	-6.954877e-03	-6.082314e-03
3183          	shield_slave	-1.585931e-02	-1.204173e-02	-4.324253e-03
3184          	OVC	-1.446439e-02	-6.947943e-03	-6.082568e-03
3184          	shield_slave	-1.592103e-02	-1.204044e-02	-4.324440e-03
3185          	OVC	-1.446636e-02	-6.946625e-03	-6.082759e-03
3185          	shield_slave	-1.588436e-02	-1.204913e-02	-4.324219e-03
3186          	OVC	-1.446659e-02	-6.953781e-03	-6.082795e-03
3186          	shield_slave	-1.581084e-02	-1.203238e-02	-4.324010e-03
3187          	OVC	-1.446000e-02	-6.949917e-03	-6.082801e-03
3187          	shield_slave	-1.578603e-02	-1.204410e-02	-4.323635e-03
3188          	OVC	-1.445792e-02	-6.962783e-03	-6.082658e-03
3188          	shield_slave	-1.568880e-02	-1.204089e-02	-4.323494e-03
3189          	OVC	-1.445716e-02	-6.961879e-03	-6.082682e-03
3189          	shield_slave	-1.565005e-02	-1.205176e-02	-4.323282e-03
3190          	OVC	-1.445797e-02	-6.963769e-03	-6.082254e-03
3190          	shield_slave	-1.571764e-02	-1.203311e-02	-4.323514e-03
3191          	OVC	-1.445394e-02	-6.952041e-03	-6.082483e-03
3191          	shield_slave	-1.573262e-02	-1.202817e-02	-4.323423e-03
3192          	OVC	-1.446218e-02	-6.952123e-03	-6.082349e-03
3192          	shield_slave	-1.573095e-02	-1.202736e-02	-4.323833e-03
3193          	OVC	-1.445856e-02	-6.951450e-03	-6.082037e-03
3193          	shield_slave	-1.572730e-02	-1.201750e-02	-4.323955e-03
3194          	OVC	-1.445174e-02	-6.949470e-03	-6.081881e-03
3194          	shield_slave	-1.577277e-02	-1.201751e-02	-4.324090e-03
3195          	OVC	-1.445800e-02	-6.946112e-03	-6.081885e-03
3195          	shield_slave	-1.578461e-02	-1.201413e-02	-4.323823e-03
3196          	OVC	-1.446073e-02	-6.945202e-03	-6.081984e-03
3196          	shield_slave	-1.580646e-02	-1.202659e-02	-4.324076e-03
3197          	OVC	-1.445824e-02	-6.957697e-03	-6.081766e-03
3197          	shield_slave	-1.585732e-02	-1.203150e-02	-4.324173e-03
3198          	OVC	-1.445242e-02	-6.946692e-03	-6.081991e-03
3198          	shield_slave	-1.576483e-02	-1.203743e-02	-4.323896e-03
3199          	OVC	-1.445262e-02	-6.934724e-03	-6.081775e-03
3199          	shield_slave	-1.580274e-02	-1.204150e-02	-4.324023e-03
3200          	OVC	-1.444816e-02	-6.943439e-03	-6.081910e-03
3200          	shield_slave	-1.573280e-02	-1.204900e-02	-4.323736e-03
3201          	OVC	-1.445281e-02	-6.942052e-03	-6.081587e-03
3201          	shield_slave	-1.572585e-02	-1.206126e-02	-4.323438e-03
3202          	OVC	-1.445414e-02	-6.950218e-03	-6.081758e-03
3202          	shield_slave	-1.581989e-02	-1.205573e-02	-4.323871e-03
3203          	OVC	-1.445260e-02	-6.951786e-03	-6.081965e-03
3203          	shield_slave	-1.573399e-02	-1.205372e-02	-4.323965e-03
3204          	OVC	-1.446024e-02	-6.941744e-03	-6.082055e-03
3204          	shield_slave	-1.579392e-02	-1.205450e-02	-4.324098e-03
3205          	OVC	-1.446221e-02	-6.940286e-03	-6.081705e-03
3205          	shield_slave	-1.583316e-02	-1.205774e-02	-4.323691e-03
3206          	OVC	-1.446152e-02	-6.949460e-03	-6.081357e-03
3206          	shield_slave	-1.572202e-02	-1.206955e-02	-4.323352e-03
3207          	OVC	-1.446875e-02	-6.964509e-03	-6.081199e-03
3207          	shield_slave	-1.568589e-02	-1.206528e-02	-4.323775e-03
3208          	OVC	-1.446470e-02	-6.964524e-03	-6.081419e-03
3208          	shield_slave	-1.570052e-02	-1.207282e-02	-4.323691e-03
3209          	OVC	-1.446896e-02	-6.963381e-03	-6.081234e-03
3209          	shield_slave	-1.568225e-02	-1.206733e-02	-4.324077e-03
3210          	OVC	-1.447633e-02	-6.943230e-03	-6.081686e-03
3210          	shield_slave	-1.578406e-02	-1.206994e-02	-4.324094e-03
3211          	OVC	-1.446973e-02	-6.960950e-03	-6.081688e-03
3211          	shield_slave	-1.576149e-02	-1.205904e-02	-4.323945e-03
3212          	OVC	-1.447350e-02	-6.962428e-03	-6.081647e-03
3212          	shield_slave	-1.572503e-02	-1.205120e-02	-4.323884e-03
3213          	OVC	-1.446651e-02	-6.963087e-03	-6.081903e-03
3213          	shield_slave	-1.577087e-02	-1.206349e-02	-4.324144e-03
3214          	OVC	-1.447069e-02	-6.951367e-03	-6.081626e-03
3214          	shield_slave	-1.573685e-02	-1.205935e-02	-4.324128e-03
3215          	OVC	-1.445782e-02	-6.937581e-03	-6.081663e-03
3215          	shield_slave	-1.568861e-02	-1.205486e-02	-4.324215e-03
3216          	OVC	-1.445977e-02	-6.947776e-03	-6.081556e-03
3216          	shield_slave	-1.567675e-02	-1.206127e-02	-4.324380e-03
3217          	OVC	-1.445401e-02	-6.946430e-03	-6.081491e-03
3217          	shield_slave	-1.569217e-02	-1.206903e-02	-4.324304e-03
3218          	OVC	-1.446075e-02	-6.943505e-03	-6.081638e-03
3218          	shield_slave	-1.576060e-02	-1.206128e-02	-4.324830e-03
3219          	OVC	-1.445375e-02	-6.945085e-03	-6.081352e-03
3219          	shield_slave	-1.574929e-02	-1.205586e-02	-4.324520e-03
3220          	OVC	-1.445005e-02	-6.963082e-03	-6.081671e-03
3220          	shield_slave	-1.569632e-02	-1.206798e-02	-4.324009e-03
3221          	OVC	-1.445220e-02	-6.939599e-03	-6.081982e-03
3221          	shield_slave	-1.569173e-02	-1.208799e-02	-4.323768e-03
3222          	OVC	-1.445002e-02	-6.960445e-03	-6.081775e-03
3222          	shield_slave	-1.570695e-02	-1.207509e-02	-4.323989e-03
3223          	OVC	-1.445522e-02	-6.953740e-03	-6.081846e-03
3223          	shield_slave	-1.568995e-02	-1.207102e-02	-4.324234e-03
3224          	OVC	-1.445225e-02	-6.943973e-03	-6.081932e-03
3224          	shield_slave	-1.564869e-02	-1.207693e-02	-4.324501e-03
3225          	OVC	-1.445336e-02	-6.957147e-03	-6.081939e-03
3225          	shield_slave	-1.563995e-02	-1.207553e-02	-4.324211e-03
3226          	OVC	-1.445862e-02	-6.952946e-03	-6.081867e-03
3226          	shield_slave	-1.570223e-02	-1.207000e-02	-4.324288e-03
3227          	OVC	-1.445428e-02	-6.933718e-03	-6.081935e-03
3227          	shield_slave	-1.572937e-02	-1.206688e-02	-4.324341e-03
3228          	OVC	-1.445183e-02	-6.950215e-03	-6.081937e-03
3228          	shield_slave	-1.579086e-02	-1.206802e-02	-4.324116e-03
3229          	OVC	-1.444867e-02	-6.942173e-03	-6.082114e-03
3229          	shield_slave	-1.568516e-02	-1.207714e-02	-4.324105e-03
3230          	OVC	-1.445452e-02	-6.931914e-03	-6.082270e-03
3230          	shield_slave	-1.575475e-02	-1.208505e-02	-4.324623e-03
3231          	OVC	-1.444504e-02	-6.954337e-03	-6.082385e-03
3231          	shield_slave	-1.575104e-02	-1.208885e-02	-4.324194e-03
3232          	OVC	-1.444945e-02	-6.929425e-03	-6.082267e-03
3232          	shield_slave	-1.583124e-02	-1.207501e-02	-4.324109e-03
3233          	OVC	-1.444928e-02	-6.921476e-03	-6.082229e-03
3233          	shield_slave	-1.579090e-02	-1.208006e-02	-4.324026e-03
3234          	OVC	-1.445086e-02	-6.925168e-03	-6.082191e-03
3234          	shield_slave	-1.585569e-02	-1.208371e-02	-4.323612e-03
3235          	OVC	-1.446013e-02	-6.929993e-03	-6.082636e-03
3235          	shield_slave	-1.588247e-02	-1.207112e-02	-4.323875e-03
3236          	OVC	-1.446514e-02	-6.917953e-03	-6.082543e-03
3236          	shield_slave	-1.592618e-02	-1.206123e-02	-4.324011e-03
3237          	OVC	-1.446499e-02	-6.922594e-03	-6.082150e-03
3237          	shield_slave	-1.588849e-02	-1.205429e-02	-4.324910e-03
3238          	OVC	-1.446140e-02	-6.919911e-03	-6.081807e-03
3238          	shield_slave	-1.588987e-02	-1.205515e-02	-4.324889e-03
3239          	OVC	-1.446114e-02	-6.925850e-03	-6.081392e-03
3239          	shield_slave	-1.593663e-02	-1.204486e-02	-4.325106e-03
3240          	OVC	-1.447190e-02	-6.923074e-03	-6.081737e-03
3240          	shield_slave	-1.579172e-02	-1.204923e-02	-4.324926e-03
3241          	OVC	-1.446250e-02	-6.926524e-03	-6.082132e-03
3241          	shield_slave	-1.584653e-02	-1.204026e-02	-4.324559e-03
3242          	OVC	-1.446060e-02	-6.929824e-03	-6.082314e-03
3242          	shield_slave	-1.587533e-02	-1.203750e-02	-4.324462e-03
3243          	OVC	-1.445660e-02	-6.935318e-03	-6.082068e-03
3243          	shield_slave	-1.576488e-02	-1.203716e-02	-4.324757e-03
3244          	OVC	-1.445266e-02	-6.922724e-03	-6.081836e-03
3244          	shield_slave	-1.582214e-02	-1.203589e-02	-4.324616e-03
3245          	OVC	-1.445517e-02	-6.922637e-03	-6.081889e-03
3245          	shield_slave	-1.584826e-02	-1.202871e-02	-4.324380e-03
3246          	OVC	-1.446205e-02	-6.926069e-03	-6.082008e-03
3246          	shield_slave	-1.585706e-02	-1.203075e-02	-4.324576e-03
3247          	OVC	-1.446329e-02	-6.918928e-03	-6.081891e-03
3247          	shield_slave	-1.583227e-02	-1.203741e-02	-4.324369e-03
3248          	OVC	-1.445981e-02	-6.914991e-03	-6.081541e-03
3248          	shield_slave	-1.568528e-02	-1.204029e-02	-4.324490e-03
3249          	OVC	-1.446430e-02	-6.929127e-03	-6.081638e-03
3249          	shield_slave	-1.578510e-02	-1.204787e-02	-4.324394e-03
3250          	OVC	-1.445511e-02	-6.924963e-03	-6.081502e-03
3250          	shield_slave	-1.574019e-02	-1.205405e-02	-4.324776e-03
3251          	OVC	-1.445642e-02	-6.931454e-03	-6.081673e-03
3251          	shield_slave	-1.581534e-02	-1.204872e-02	-4.324636e-03
3252          	OVC	-1.446142e-02	-6.932732e-03	-6.081694e-03
3252          	shield_slave	-1.585810e-02	-1.203587e-02	-4.324648e-03
3253          	OVC	-1.445829e-02	-6.935477e-03	-6.081435e-03
3253          	shield_slave	-1.584321e-02	-1.205369e-02	-4.324576e-03
3254          	OVC	-1.445874e-02	-6.931616e-03	-6.081708e-03
3254          	shield_slave	-1.586229e-02	-1.205609e-02	-4.324502e-03
3255          	OVC	-1.445482e-02	-6.934089e-03	-6.081717e-03
3255          	shield_slave	-1.588107e-02	-1.205993e-02	-4.324282e-03
3256          	OVC	-1.445222e-02	-6.944249e-03	-6.081973e-03
3256          	shield_slave	-1.577088e-02	-1.204840e-02	-4.324087e-03
3257          	OVC	-1.444524e-02	-6.939067e-03	-6.081593e-03
3257          	shield_slave	-1.577255e-02	-1.206079e-02	-4.324037e-03
3258          	OVC	-1.444808e-02	-6.923927e-03	-6.081513e-03
3258          	shield_slave	-1.574778e-02	-1.205880e-02	-4.324004e-03
3259          	OVC	-1.445491e-02	-6.918699e-03	-6.081305e-03
3259          	shield_slave	-1.576095e-02	-1.205303e-02	-4.324068e-03
3260          	OVC	-1.445565e-02	-6.917004e-03	-6.081592e-03
3260          	shield_slave	-1.577732e-02	-1.205943e-02	-4.324064e-03
3261          	OVC	-1.445525e-02	-6.913476e-03	-6.081521e-03
3261          	shield_slave	-1.576839e-02	-1.206428e-02	-4.323667e-03
3262          	OVC	-1.445768e-02	-6.910032e-03	-6.081218e-03
3262          	shield_slave	-1.574446e-02	-1.206098e-02	-4.324113e-03
3263          	OVC	-1.446183e-02	-6.913516e-03	-6.081383e-03
3263          	shield_slave	-1.570506e-02	-1.207622e-02	-4.324245e-03
3264          	OVC	-1.445164e-02	-6.923071e-03	-6.081438e-03
3264          	shield_slave	-1.570666e-02	-1.206911e-02	-4.324226e-03
3265          	OVC	-1.444688e-02	-6.927886e-03	-6.081340e-03
3265          	shield_slave	-1.574692e-02	-1.206987e-02	-4.323981e-03
3266          	OVC	-1.444550e-02	-6.916993e-03	-6.081545e-03
3266          	shield_slave	-1.570350e-02	-1.206071e-02	-4.323936e-03
3267          	OVC	-1.444953e-02	-6.934714e-03	-6.081737e-03
3267          	shield_slave	-1.583078e-02	-1.205810e-02	-4.323777e-03
