# Wall heat-flux
# Time        	patch         	min           	max           	integral      
1             	warmPlate	1.588524e+04	1.678146e+04	4.801932e+00
1             	OVC	-1.407239e+04	-1.329760e+04	-4.389074e+00
2             	warmPlate	9.613069e+03	9.807019e+03	2.854720e+00
2             	OVC	-7.969514e+03	-7.793888e+03	-2.533784e+00
3             	warmPlate	7.452829e+03	7.541287e+03	2.203429e+00
3             	OVC	-6.002674e+03	-5.934860e+03	-1.920520e+00
4             	warmPlate	6.296006e+03	6.353509e+03	1.858651e+00
4             	OVC	-5.008106e+03	-4.970203e+03	-1.606004e+00
5             	warmPlate	5.549764e+03	5.592620e+03	1.637146e+00
5             	OVC	-4.384868e+03	-4.359234e+03	-1.407789e+00
6             	warmPlate	5.017782e+03	5.052147e+03	1.479556e+00
6             	OVC	-3.947462e+03	-3.928180e+03	-1.268253e+00
7             	warmPlate	4.614039e+03	4.642885e+03	1.360099e+00
7             	OVC	-3.618258e+03	-3.602898e+03	-1.163032e+00
8             	warmPlate	4.289518e+03	4.314369e+03	1.264285e+00
8             	OVC	-3.355503e+03	-3.342856e+03	-1.078984e+00
9             	warmPlate	4.021182e+03	4.043461e+03	1.185102e+00
9             	OVC	-3.138580e+03	-3.127799e+03	-1.009492e+00
10            	warmPlate	3.797430e+03	3.817789e+03	1.119095e+00
10            	OVC	-2.957325e+03	-2.947950e+03	-9.513763e-01
11            	warmPlate	3.607185e+03	3.626011e+03	1.062983e+00
11            	OVC	-2.802781e+03	-2.794491e+03	-9.017980e-01
12            	warmPlate	3.442862e+03	3.460426e+03	1.014523e+00
12            	OVC	-2.668887e+03	-2.661457e+03	-8.588257e-01
13            	warmPlate	3.299074e+03	3.315581e+03	9.721226e-01
13            	OVC	-2.551381e+03	-2.544648e+03	-8.210995e-01
14            	warmPlate	3.171881e+03	3.187487e+03	9.346191e-01
14            	OVC	-2.447158e+03	-2.441002e+03	-7.876285e-01
15            	warmPlate	3.058325e+03	3.073153e+03	9.011390e-01
15            	OVC	-2.353896e+03	-2.348226e+03	-7.576704e-01
16            	warmPlate	2.956138e+03	2.970286e+03	8.710124e-01
16            	OVC	-2.269938e+03	-2.264559e+03	-7.306559e-01
17            	warmPlate	2.863546e+03	2.877094e+03	8.437164e-01
17            	OVC	-2.193749e+03	-2.188622e+03	-7.061391e-01
18            	warmPlate	2.779144e+03	2.792223e+03	8.188358e-01
18            	OVC	-2.124221e+03	-2.119319e+03	-6.837654e-01
19            	warmPlate	2.701798e+03	2.714474e+03	7.960363e-01
19            	OVC	-2.060464e+03	-2.055763e+03	-6.632481e-01
20            	warmPlate	2.630587e+03	2.642895e+03	7.750459e-01
20            	OVC	-2.001747e+03	-1.997229e+03	-6.443526e-01
21            	warmPlate	2.564750e+03	2.576721e+03	7.556404e-01
21            	OVC	-1.947469e+03	-1.943115e+03	-6.268849e-01
22            	warmPlate	2.503657e+03	2.515316e+03	7.376335e-01
22            	OVC	-1.897125e+03	-1.892921e+03	-6.106832e-01
23            	warmPlate	2.446778e+03	2.458148e+03	7.208691e-01
23            	OVC	-1.850291e+03	-1.846225e+03	-5.956109e-01
24            	warmPlate	2.393665e+03	2.404767e+03	7.052150e-01
24            	OVC	-1.806608e+03	-1.802668e+03	-5.815523e-01
25            	warmPlate	2.343936e+03	2.354788e+03	6.905589e-01
25            	OVC	-1.765768e+03	-1.761944e+03	-5.684084e-01
26            	warmPlate	2.297266e+03	2.307885e+03	6.768044e-01
26            	OVC	-1.727506e+03	-1.723790e+03	-5.560943e-01
27            	warmPlate	2.253373e+03	2.263773e+03	6.638685e-01
27            	OVC	-1.691593e+03	-1.687979e+03	-5.445363e-01
28            	warmPlate	2.212012e+03	2.222206e+03	6.516791e-01
28            	OVC	-1.657848e+03	-1.654310e+03	-5.336703e-01
29            	warmPlate	2.172970e+03	2.182971e+03	6.401732e-01
29            	OVC	-1.626089e+03	-1.622612e+03	-5.234402e-01
30            	warmPlate	2.136059e+03	2.145878e+03	6.292957e-01
30            	OVC	-1.596151e+03	-1.592732e+03	-5.137969e-01
31            	warmPlate	2.101116e+03	2.110762e+03	6.189978e-01
31            	OVC	-1.567899e+03	-1.564533e+03	-5.046966e-01
32            	warmPlate	2.067992e+03	2.077476e+03	6.092366e-01
32            	OVC	-1.541212e+03	-1.537897e+03	-4.961006e-01
33            	warmPlate	2.036559e+03	2.045888e+03	5.999735e-01
33            	OVC	-1.515983e+03	-1.512716e+03	-4.879742e-01
34            	warmPlate	2.006699e+03	2.015882e+03	5.911741e-01
34            	OVC	-1.492115e+03	-1.488894e+03	-4.802864e-01
35            	warmPlate	1.978308e+03	1.987352e+03	5.828075e-01
35            	OVC	-1.469521e+03	-1.466344e+03	-4.730091e-01
36            	warmPlate	1.951290e+03	1.960202e+03	5.748458e-01
36            	OVC	-1.448122e+03	-1.444987e+03	-4.661169e-01
37            	warmPlate	1.925560e+03	1.934347e+03	5.672636e-01
37            	OVC	-1.427848e+03	-1.424752e+03	-4.595867e-01
38            	warmPlate	1.901040e+03	1.909707e+03	5.600380e-01
38            	OVC	-1.408631e+03	-1.405572e+03	-4.533972e-01
39            	warmPlate	1.877658e+03	1.886211e+03	5.531477e-01
39            	OVC	-1.390412e+03	-1.387388e+03	-4.475292e-01
40            	warmPlate	1.855349e+03	1.863793e+03	5.465736e-01
40            	OVC	-1.373135e+03	-1.370145e+03	-4.419646e-01
41            	warmPlate	1.834051e+03	1.842392e+03	5.402977e-01
41            	OVC	-1.356749e+03	-1.353791e+03	-4.366870e-01
42            	warmPlate	1.813710e+03	1.821953e+03	5.343037e-01
42            	OVC	-1.341207e+03	-1.338279e+03	-4.316811e-01
43            	warmPlate	1.794274e+03	1.802422e+03	5.285763e-01
43            	OVC	-1.326463e+03	-1.323564e+03	-4.269325e-01
44            	warmPlate	1.775694e+03	1.783753e+03	5.231014e-01
44            	OVC	-1.312478e+03	-1.309605e+03	-4.224279e-01
45            	warmPlate	1.757927e+03	1.765899e+03	5.178659e-01
45            	OVC	-1.299211e+03	-1.296364e+03	-4.181549e-01
46            	warmPlate	1.740931e+03	1.748821e+03	5.128574e-01
46            	OVC	-1.286627e+03	-1.283805e+03	-4.141018e-01
47            	warmPlate	1.724666e+03	1.732477e+03	5.080646e-01
47            	OVC	-1.274691e+03	-1.271892e+03	-4.102576e-01
48            	warmPlate	1.709096e+03	1.716832e+03	5.034766e-01
48            	OVC	-1.263372e+03	-1.260595e+03	-4.066119e-01
49            	warmPlate	1.694187e+03	1.701851e+03	4.990833e-01
49            	OVC	-1.252640e+03	-1.249884e+03	-4.031551e-01
50            	warmPlate	1.679906e+03	1.687501e+03	4.948753e-01
50            	OVC	-1.242464e+03	-1.239728e+03	-3.998778e-01
51            	warmPlate	1.666224e+03	1.673753e+03	4.908435e-01
51            	OVC	-1.232820e+03	-1.230102e+03	-3.967715e-01
52            	warmPlate	1.653111e+03	1.660577e+03	4.869797e-01
52            	OVC	-1.223680e+03	-1.220980e+03	-3.938277e-01
53            	warmPlate	1.640541e+03	1.647947e+03	4.832757e-01
53            	OVC	-1.215021e+03	-1.212338e+03	-3.910388e-01
54            	warmPlate	1.628488e+03	1.635836e+03	4.797241e-01
54            	OVC	-1.206820e+03	-1.204153e+03	-3.883972e-01
55            	warmPlate	1.616929e+03	1.624220e+03	4.763178e-01
55            	OVC	-1.199054e+03	-1.196402e+03	-3.858960e-01
56            	warmPlate	1.605839e+03	1.613077e+03	4.730500e-01
56            	OVC	-1.191704e+03	-1.189066e+03	-3.835284e-01
57            	warmPlate	1.595197e+03	1.602384e+03	4.699143e-01
57            	OVC	-1.184748e+03	-1.182124e+03	-3.812880e-01
58            	warmPlate	1.584984e+03	1.592121e+03	4.669047e-01
58            	OVC	-1.178169e+03	-1.175557e+03	-3.791689e-01
59            	warmPlate	1.575178e+03	1.582269e+03	4.640154e-01
59            	OVC	-1.171948e+03	-1.169348e+03	-3.771651e-01
60            	warmPlate	1.565762e+03	1.572808e+03	4.612410e-01
60            	OVC	-1.166069e+03	-1.163480e+03	-3.752713e-01
61            	warmPlate	1.556719e+03	1.563721e+03	4.585762e-01
61            	OVC	-1.160514e+03	-1.157936e+03	-3.734822e-01
62            	warmPlate	1.548031e+03	1.554991e+03	4.560161e-01
62            	OVC	-1.155269e+03	-1.152701e+03	-3.717928e-01
63            	warmPlate	1.539682e+03	1.546602e+03	4.535560e-01
63            	OVC	-1.150319e+03	-1.147761e+03	-3.701984e-01
64            	warmPlate	1.531658e+03	1.538539e+03	4.511916e-01
64            	OVC	-1.145650e+03	-1.143101e+03	-3.686943e-01
65            	warmPlate	1.523943e+03	1.530788e+03	4.489184e-01
65            	OVC	-1.141248e+03	-1.138707e+03	-3.672764e-01
66            	warmPlate	1.516525e+03	1.523334e+03	4.467325e-01
66            	OVC	-1.137101e+03	-1.134568e+03	-3.659404e-01
67            	warmPlate	1.509389e+03	1.516165e+03	4.446300e-01
67            	OVC	-1.133196e+03	-1.130670e+03	-3.646826e-01
68            	warmPlate	1.502525e+03	1.509267e+03	4.426073e-01
68            	OVC	-1.129521e+03	-1.127003e+03	-3.634990e-01
69            	warmPlate	1.495919e+03	1.502629e+03	4.406608e-01
69            	OVC	-1.126067e+03	-1.123555e+03	-3.623861e-01
70            	warmPlate	1.489560e+03	1.496241e+03	4.387872e-01
70            	OVC	-1.122821e+03	-1.120315e+03	-3.613406e-01
71            	warmPlate	1.483438e+03	1.490089e+03	4.369833e-01
71            	OVC	-1.119774e+03	-1.117274e+03	-3.603591e-01
72            	warmPlate	1.477543e+03	1.484166e+03	4.352462e-01
72            	OVC	-1.116917e+03	-1.114422e+03	-3.594387e-01
73            	warmPlate	1.471864e+03	1.478460e+03	4.335729e-01
73            	OVC	-1.114240e+03	-1.111750e+03	-3.585762e-01
74            	warmPlate	1.466392e+03	1.472962e+03	4.319606e-01
74            	OVC	-1.111734e+03	-1.109249e+03	-3.577689e-01
75            	warmPlate	1.461119e+03	1.467663e+03	4.304068e-01
75            	OVC	-1.109391e+03	-1.106910e+03	-3.570141e-01
76            	warmPlate	1.456035e+03	1.462556e+03	4.289089e-01
76            	OVC	-1.107203e+03	-1.104727e+03	-3.563093e-01
77            	warmPlate	1.451133e+03	1.457630e+03	4.274645e-01
77            	OVC	-1.105163e+03	-1.102690e+03	-3.556519e-01
78            	warmPlate	1.446405e+03	1.452880e+03	4.260714e-01
78            	OVC	-1.103263e+03	-1.100793e+03	-3.550397e-01
79            	warmPlate	1.441844e+03	1.448297e+03	4.247274e-01
79            	OVC	-1.101496e+03	-1.099029e+03	-3.544704e-01
80            	warmPlate	1.437442e+03	1.443874e+03	4.234303e-01
80            	OVC	-1.099855e+03	-1.097392e+03	-3.539418e-01
81            	warmPlate	1.433193e+03	1.439604e+03	4.221783e-01
81            	OVC	-1.098335e+03	-1.095875e+03	-3.534520e-01
82            	warmPlate	1.429090e+03	1.435482e+03	4.209693e-01
82            	OVC	-1.096929e+03	-1.094471e+03	-3.529991e-01
83            	warmPlate	1.425127e+03	1.431500e+03	4.198017e-01
83            	OVC	-1.095632e+03	-1.093177e+03	-3.525811e-01
84            	warmPlate	1.421298e+03	1.427653e+03	4.186736e-01
84            	OVC	-1.094438e+03	-1.091985e+03	-3.521963e-01
85            	warmPlate	1.417599e+03	1.423936e+03	4.175835e-01
85            	OVC	-1.093342e+03	-1.090891e+03	-3.518431e-01
86            	warmPlate	1.414022e+03	1.420342e+03	4.165297e-01
86            	OVC	-1.092339e+03	-1.089889e+03	-3.515198e-01
87            	warmPlate	1.410564e+03	1.416868e+03	4.155107e-01
87            	OVC	-1.091424e+03	-1.088976e+03	-3.512250e-01
88            	warmPlate	1.407219e+03	1.413507e+03	4.145252e-01
88            	OVC	-1.090593e+03	-1.088146e+03	-3.509571e-01
89            	warmPlate	1.403983e+03	1.410256e+03	4.135717e-01
89            	OVC	-1.089841e+03	-1.087396e+03	-3.507147e-01
90            	warmPlate	1.400851e+03	1.407109e+03	4.126489e-01
90            	OVC	-1.089165e+03	-1.086720e+03	-3.504967e-01
91            	warmPlate	1.397819e+03	1.404063e+03	4.117556e-01
91            	OVC	-1.088560e+03	-1.086116e+03	-3.503016e-01
92            	warmPlate	1.394883e+03	1.401113e+03	4.108905e-01
92            	OVC	-1.088022e+03	-1.085580e+03	-3.501283e-01
93            	warmPlate	1.392039e+03	1.398256e+03	4.100526e-01
93            	OVC	-1.087549e+03	-1.085107e+03	-3.499757e-01
94            	warmPlate	1.389284e+03	1.395487e+03	4.092407e-01
94            	OVC	-1.087136e+03	-1.084695e+03	-3.498426e-01
95            	warmPlate	1.386613e+03	1.392804e+03	4.084538e-01
95            	OVC	-1.086781e+03	-1.084341e+03	-3.497280e-01
96            	warmPlate	1.384024e+03	1.390202e+03	4.076908e-01
96            	OVC	-1.086481e+03	-1.084040e+03	-3.496310e-01
97            	warmPlate	1.381512e+03	1.387679e+03	4.069509e-01
97            	OVC	-1.086232e+03	-1.083791e+03	-3.495505e-01
98            	warmPlate	1.379076e+03	1.385231e+03	4.062332e-01
98            	OVC	-1.086031e+03	-1.083591e+03	-3.494857e-01
99            	warmPlate	1.376712e+03	1.382856e+03	4.055366e-01
99            	OVC	-1.085877e+03	-1.083437e+03	-3.494358e-01
100           	warmPlate	1.374418e+03	1.380551e+03	4.048605e-01
100           	OVC	-1.085766e+03	-1.083326e+03	-3.493999e-01
101           	warmPlate	1.372189e+03	1.378312e+03	4.042040e-01
101           	OVC	-1.085696e+03	-1.083256e+03	-3.493772e-01
102           	warmPlate	1.370025e+03	1.376138e+03	4.035664e-01
102           	OVC	-1.085665e+03	-1.083225e+03	-3.493670e-01
103           	warmPlate	1.367923e+03	1.374025e+03	4.029469e-01
103           	OVC	-1.085670e+03	-1.083230e+03	-3.493685e-01
104           	warmPlate	1.365879e+03	1.371972e+03	4.023448e-01
104           	OVC	-1.085710e+03	-1.083270e+03	-3.493812e-01
105           	warmPlate	1.363893e+03	1.369976e+03	4.017595e-01
105           	OVC	-1.085783e+03	-1.083342e+03	-3.494044e-01
106           	warmPlate	1.361961e+03	1.368035e+03	4.011903e-01
106           	OVC	-1.085886e+03	-1.083444e+03	-3.494374e-01
107           	warmPlate	1.360081e+03	1.366147e+03	4.006366e-01
107           	OVC	-1.086018e+03	-1.083576e+03	-3.494798e-01
108           	warmPlate	1.358253e+03	1.364310e+03	4.000978e-01
108           	OVC	-1.086177e+03	-1.083735e+03	-3.495308e-01
109           	warmPlate	1.356473e+03	1.362522e+03	3.995734e-01
109           	OVC	-1.086361e+03	-1.083919e+03	-3.495901e-01
110           	warmPlate	1.354740e+03	1.360781e+03	3.990629e-01
110           	OVC	-1.086570e+03	-1.084127e+03	-3.496571e-01
111           	warmPlate	1.353052e+03	1.359085e+03	3.985657e-01
111           	OVC	-1.086801e+03	-1.084357e+03	-3.497313e-01
112           	warmPlate	1.351408e+03	1.357434e+03	3.980813e-01
112           	OVC	-1.087053e+03	-1.084608e+03	-3.498123e-01
113           	warmPlate	1.349806e+03	1.355824e+03	3.976092e-01
113           	OVC	-1.087325e+03	-1.084879e+03	-3.498997e-01
114           	warmPlate	1.348245e+03	1.354255e+03	3.971491e-01
114           	OVC	-1.087615e+03	-1.085169e+03	-3.499930e-01
115           	warmPlate	1.346722e+03	1.352725e+03	3.967005e-01
115           	OVC	-1.087923e+03	-1.085476e+03	-3.500918e-01
116           	warmPlate	1.345237e+03	1.351233e+03	3.962629e-01
116           	OVC	-1.088246e+03	-1.085798e+03	-3.501959e-01
117           	warmPlate	1.343788e+03	1.349777e+03	3.958361e-01
117           	OVC	-1.088585e+03	-1.086136e+03	-3.503048e-01
118           	warmPlate	1.342374e+03	1.348357e+03	3.954195e-01
118           	OVC	-1.088937e+03	-1.086488e+03	-3.504182e-01
119           	warmPlate	1.340994e+03	1.346970e+03	3.950129e-01
119           	OVC	-1.089303e+03	-1.086853e+03	-3.505357e-01
120           	warmPlate	1.339646e+03	1.345617e+03	3.946159e-01
120           	OVC	-1.089680e+03	-1.087229e+03	-3.506572e-01
121           	warmPlate	1.338330e+03	1.344294e+03	3.942281e-01
121           	OVC	-1.090069e+03	-1.087617e+03	-3.507822e-01
122           	warmPlate	1.337044e+03	1.343003e+03	3.938493e-01
122           	OVC	-1.090468e+03	-1.088015e+03	-3.509106e-01
123           	warmPlate	1.335788e+03	1.341740e+03	3.934791e-01
123           	OVC	-1.090877e+03	-1.088423e+03	-3.510420e-01
124           	warmPlate	1.334560e+03	1.340507e+03	3.931173e-01
124           	OVC	-1.091294e+03	-1.088839e+03	-3.511762e-01
125           	warmPlate	1.333359e+03	1.339300e+03	3.927636e-01
125           	OVC	-1.091719e+03	-1.089263e+03	-3.513130e-01
126           	warmPlate	1.332185e+03	1.338121e+03	3.924177e-01
126           	OVC	-1.092152e+03	-1.089695e+03	-3.514522e-01
127           	warmPlate	1.331037e+03	1.336967e+03	3.920793e-01
127           	OVC	-1.092591e+03	-1.090133e+03	-3.515936e-01
128           	warmPlate	1.329913e+03	1.335838e+03	3.917482e-01
128           	OVC	-1.093037e+03	-1.090578e+03	-3.517368e-01
129           	warmPlate	1.328813e+03	1.334733e+03	3.914242e-01
129           	OVC	-1.093487e+03	-1.091027e+03	-3.518819e-01
130           	warmPlate	1.327737e+03	1.333651e+03	3.911070e-01
130           	OVC	-1.093943e+03	-1.091482e+03	-3.520285e-01
131           	warmPlate	1.326682e+03	1.332593e+03	3.907965e-01
131           	OVC	-1.094403e+03	-1.091941e+03	-3.521766e-01
132           	warmPlate	1.325650e+03	1.331555e+03	3.904923e-01
132           	OVC	-1.094867e+03	-1.092404e+03	-3.523259e-01
133           	warmPlate	1.324639e+03	1.330539e+03	3.901944e-01
133           	OVC	-1.095335e+03	-1.092870e+03	-3.524763e-01
134           	warmPlate	1.323648e+03	1.329544e+03	3.899025e-01
134           	OVC	-1.095805e+03	-1.093340e+03	-3.526276e-01
135           	warmPlate	1.322677e+03	1.328569e+03	3.896164e-01
135           	OVC	-1.096278e+03	-1.093812e+03	-3.527798e-01
136           	warmPlate	1.321725e+03	1.327612e+03	3.893360e-01
136           	OVC	-1.096753e+03	-1.094286e+03	-3.529327e-01
137           	warmPlate	1.320792e+03	1.326675e+03	3.890611e-01
137           	OVC	-1.097230e+03	-1.094761e+03	-3.530861e-01
138           	warmPlate	1.319877e+03	1.325756e+03	3.887915e-01
138           	OVC	-1.097708e+03	-1.095238e+03	-3.532400e-01
139           	warmPlate	1.318979e+03	1.324854e+03	3.885270e-01
139           	OVC	-1.098187e+03	-1.095717e+03	-3.533942e-01
140           	warmPlate	1.318099e+03	1.323969e+03	3.882676e-01
140           	OVC	-1.098667e+03	-1.096196e+03	-3.535487e-01
141           	warmPlate	1.317235e+03	1.323101e+03	3.880131e-01
141           	OVC	-1.099148e+03	-1.096675e+03	-3.537033e-01
142           	warmPlate	1.316387e+03	1.322249e+03	3.877633e-01
142           	OVC	-1.099628e+03	-1.097155e+03	-3.538580e-01
143           	warmPlate	1.315555e+03	1.321413e+03	3.875181e-01
143           	OVC	-1.100109e+03	-1.097634e+03	-3.540126e-01
144           	warmPlate	1.314737e+03	1.320592e+03	3.872773e-01
144           	OVC	-1.100589e+03	-1.098113e+03	-3.541671e-01
145           	warmPlate	1.313935e+03	1.319786e+03	3.870409e-01
145           	OVC	-1.101069e+03	-1.098592e+03	-3.543214e-01
146           	warmPlate	1.313147e+03	1.318994e+03	3.868087e-01
146           	OVC	-1.101547e+03	-1.099069e+03	-3.544755e-01
147           	warmPlate	1.312373e+03	1.318217e+03	3.865807e-01
147           	OVC	-1.102025e+03	-1.099546e+03	-3.546292e-01
148           	warmPlate	1.311612e+03	1.317453e+03	3.863566e-01
148           	OVC	-1.102501e+03	-1.100021e+03	-3.547825e-01
149           	warmPlate	1.310865e+03	1.316702e+03	3.861364e-01
149           	OVC	-1.102976e+03	-1.100495e+03	-3.549353e-01
150           	warmPlate	1.310131e+03	1.315964e+03	3.859201e-01
150           	OVC	-1.103450e+03	-1.100967e+03	-3.550876e-01
151           	warmPlate	1.309409e+03	1.315239e+03	3.857074e-01
151           	OVC	-1.103921e+03	-1.101438e+03	-3.552394e-01
152           	warmPlate	1.308699e+03	1.314526e+03	3.854983e-01
152           	OVC	-1.104391e+03	-1.101906e+03	-3.553905e-01
153           	warmPlate	1.308001e+03	1.313825e+03	3.852927e-01
153           	OVC	-1.104858e+03	-1.102373e+03	-3.555410e-01
154           	warmPlate	1.307315e+03	1.313136e+03	3.850906e-01
154           	OVC	-1.105324e+03	-1.102837e+03	-3.556908e-01
155           	warmPlate	1.306640e+03	1.312458e+03	3.848918e-01
155           	OVC	-1.105787e+03	-1.103299e+03	-3.558398e-01
156           	warmPlate	1.305976e+03	1.311791e+03	3.846962e-01
156           	OVC	-1.106247e+03	-1.103759e+03	-3.559880e-01
157           	warmPlate	1.305323e+03	1.311135e+03	3.845038e-01
157           	OVC	-1.106705e+03	-1.104215e+03	-3.561354e-01
158           	warmPlate	1.304681e+03	1.310489e+03	3.843145e-01
158           	OVC	-1.107160e+03	-1.104670e+03	-3.562819e-01
159           	warmPlate	1.304048e+03	1.309854e+03	3.841282e-01
159           	OVC	-1.107613e+03	-1.105121e+03	-3.564275e-01
160           	warmPlate	1.303426e+03	1.309229e+03	3.839449e-01
160           	OVC	-1.108063e+03	-1.105570e+03	-3.565722e-01
161           	warmPlate	1.302814e+03	1.308614e+03	3.837645e-01
161           	OVC	-1.108509e+03	-1.106016e+03	-3.567160e-01
162           	warmPlate	1.302211e+03	1.308008e+03	3.835868e-01
162           	OVC	-1.108953e+03	-1.106458e+03	-3.568588e-01
163           	warmPlate	1.301617e+03	1.307412e+03	3.834120e-01
163           	OVC	-1.109394e+03	-1.106898e+03	-3.570006e-01
164           	warmPlate	1.301033e+03	1.306824e+03	3.832398e-01
164           	OVC	-1.109831e+03	-1.107335e+03	-3.571414e-01
165           	warmPlate	1.300457e+03	1.306246e+03	3.830702e-01
165           	OVC	-1.110265e+03	-1.107768e+03	-3.572812e-01
166           	warmPlate	1.299890e+03	1.305677e+03	3.829033e-01
166           	OVC	-1.110696e+03	-1.108198e+03	-3.574199e-01
167           	warmPlate	1.299332e+03	1.305116e+03	3.827388e-01
167           	OVC	-1.111124e+03	-1.108625e+03	-3.575576e-01
168           	warmPlate	1.298782e+03	1.304564e+03	3.825768e-01
168           	OVC	-1.111549e+03	-1.109048e+03	-3.576942e-01
169           	warmPlate	1.298241e+03	1.304020e+03	3.824172e-01
169           	OVC	-1.111970e+03	-1.109468e+03	-3.578297e-01
170           	warmPlate	1.297707e+03	1.303483e+03	3.822600e-01
170           	OVC	-1.112387e+03	-1.109885e+03	-3.579641e-01
171           	warmPlate	1.297181e+03	1.302955e+03	3.821051e-01
171           	OVC	-1.112801e+03	-1.110298e+03	-3.580974e-01
172           	warmPlate	1.296663e+03	1.302435e+03	3.819524e-01
172           	OVC	-1.113212e+03	-1.110708e+03	-3.582295e-01
173           	warmPlate	1.296152e+03	1.301922e+03	3.818020e-01
173           	OVC	-1.113619e+03	-1.111114e+03	-3.583606e-01
174           	warmPlate	1.295649e+03	1.301416e+03	3.816538e-01
174           	OVC	-1.114023e+03	-1.111517e+03	-3.584905e-01
175           	warmPlate	1.295153e+03	1.300918e+03	3.815076e-01
175           	OVC	-1.114423e+03	-1.111916e+03	-3.586192e-01
176           	warmPlate	1.294664e+03	1.300427e+03	3.813636e-01
176           	OVC	-1.114819e+03	-1.112312e+03	-3.587468e-01
177           	warmPlate	1.294182e+03	1.299942e+03	3.812216e-01
177           	OVC	-1.115212e+03	-1.112704e+03	-3.588733e-01
178           	warmPlate	1.293707e+03	1.299465e+03	3.810816e-01
178           	OVC	-1.115601e+03	-1.113092e+03	-3.589986e-01
179           	warmPlate	1.293238e+03	1.298994e+03	3.809436e-01
179           	OVC	-1.115987e+03	-1.113477e+03	-3.591227e-01
180           	warmPlate	1.292776e+03	1.298530e+03	3.808075e-01
180           	OVC	-1.116369e+03	-1.113859e+03	-3.592457e-01
181           	warmPlate	1.292321e+03	1.298073e+03	3.806733e-01
181           	OVC	-1.116748e+03	-1.114236e+03	-3.593676e-01
182           	warmPlate	1.291872e+03	1.297622e+03	3.805410e-01
182           	OVC	-1.117123e+03	-1.114610e+03	-3.594883e-01
183           	warmPlate	1.291429e+03	1.297177e+03	3.804105e-01
183           	OVC	-1.117494e+03	-1.114981e+03	-3.596078e-01
184           	warmPlate	1.290992e+03	1.296738e+03	3.802818e-01
184           	OVC	-1.117862e+03	-1.115348e+03	-3.597261e-01
185           	warmPlate	1.290561e+03	1.296305e+03	3.801548e-01
185           	OVC	-1.118226e+03	-1.115711e+03	-3.598433e-01
186           	warmPlate	1.290136e+03	1.295878e+03	3.800296e-01
186           	OVC	-1.118587e+03	-1.116071e+03	-3.599594e-01
187           	warmPlate	1.289717e+03	1.295457e+03	3.799061e-01
187           	OVC	-1.118944e+03	-1.116427e+03	-3.600743e-01
188           	warmPlate	1.289303e+03	1.295041e+03	3.797842e-01
188           	OVC	-1.119297e+03	-1.116780e+03	-3.601881e-01
189           	warmPlate	1.288895e+03	1.294631e+03	3.796640e-01
189           	OVC	-1.119647e+03	-1.117129e+03	-3.603007e-01
190           	warmPlate	1.288492e+03	1.294227e+03	3.795454e-01
190           	OVC	-1.119993e+03	-1.117475e+03	-3.604121e-01
191           	warmPlate	1.288095e+03	1.293828e+03	3.794284e-01
191           	OVC	-1.120336e+03	-1.117817e+03	-3.605225e-01
192           	warmPlate	1.287703e+03	1.293434e+03	3.793129e-01
192           	OVC	-1.120675e+03	-1.118155e+03	-3.606317e-01
193           	warmPlate	1.287316e+03	1.293045e+03	3.791990e-01
193           	OVC	-1.121011e+03	-1.118490e+03	-3.607398e-01
194           	warmPlate	1.286935e+03	1.292662e+03	3.790866e-01
194           	OVC	-1.121344e+03	-1.118822e+03	-3.608467e-01
195           	warmPlate	1.286558e+03	1.292284e+03	3.789756e-01
195           	OVC	-1.121672e+03	-1.119150e+03	-3.609526e-01
196           	warmPlate	1.286187e+03	1.291910e+03	3.788661e-01
196           	OVC	-1.121998e+03	-1.119475e+03	-3.610573e-01
197           	warmPlate	1.285820e+03	1.291542e+03	3.787581e-01
197           	OVC	-1.122320e+03	-1.119796e+03	-3.611609e-01
198           	warmPlate	1.285458e+03	1.291178e+03	3.786515e-01
198           	OVC	-1.122638e+03	-1.120114e+03	-3.612635e-01
199           	warmPlate	1.285101e+03	1.290820e+03	3.785462e-01
199           	OVC	-1.122954e+03	-1.120429e+03	-3.613649e-01
200           	warmPlate	1.284748e+03	1.290465e+03	3.784423e-01
200           	OVC	-1.123265e+03	-1.120740e+03	-3.614653e-01
201           	warmPlate	1.284400e+03	1.290116e+03	3.783398e-01
201           	OVC	-1.123574e+03	-1.121048e+03	-3.615646e-01
202           	warmPlate	1.284056e+03	1.289770e+03	3.782386e-01
202           	OVC	-1.123879e+03	-1.121352e+03	-3.616628e-01
203           	warmPlate	1.283717e+03	1.289430e+03	3.781387e-01
203           	OVC	-1.124181e+03	-1.121653e+03	-3.617600e-01
204           	warmPlate	1.283382e+03	1.289093e+03	3.780400e-01
204           	OVC	-1.124480e+03	-1.121951e+03	-3.618561e-01
205           	warmPlate	1.283052e+03	1.288761e+03	3.779427e-01
205           	OVC	-1.124775e+03	-1.122246e+03	-3.619512e-01
206           	warmPlate	1.282726e+03	1.288434e+03	3.778466e-01
206           	OVC	-1.125067e+03	-1.122538e+03	-3.620452e-01
207           	warmPlate	1.282404e+03	1.288110e+03	3.777517e-01
207           	OVC	-1.125356e+03	-1.122826e+03	-3.621382e-01
208           	warmPlate	1.282086e+03	1.287791e+03	3.776580e-01
208           	OVC	-1.125642e+03	-1.123111e+03	-3.622302e-01
209           	warmPlate	1.281772e+03	1.287475e+03	3.775655e-01
209           	OVC	-1.125925e+03	-1.123393e+03	-3.623212e-01
210           	warmPlate	1.281462e+03	1.287164e+03	3.774742e-01
210           	OVC	-1.126204e+03	-1.123672e+03	-3.624112e-01
211           	warmPlate	1.281155e+03	1.286856e+03	3.773840e-01
211           	OVC	-1.126481e+03	-1.123948e+03	-3.625001e-01
212           	warmPlate	1.280853e+03	1.286553e+03	3.772950e-01
212           	OVC	-1.126754e+03	-1.124221e+03	-3.625881e-01
213           	warmPlate	1.280555e+03	1.286253e+03	3.772071e-01
213           	OVC	-1.127024e+03	-1.124490e+03	-3.626751e-01
214           	warmPlate	1.280260e+03	1.285957e+03	3.771203e-01
214           	OVC	-1.127292e+03	-1.124757e+03	-3.627612e-01
215           	warmPlate	1.279969e+03	1.285665e+03	3.770346e-01
215           	OVC	-1.127556e+03	-1.125021e+03	-3.628463e-01
216           	warmPlate	1.279682e+03	1.285376e+03	3.769499e-01
216           	OVC	-1.127817e+03	-1.125282e+03	-3.629304e-01
217           	warmPlate	1.279398e+03	1.285091e+03	3.768663e-01
217           	OVC	-1.128076e+03	-1.125540e+03	-3.630136e-01
218           	warmPlate	1.279118e+03	1.284810e+03	3.767838e-01
218           	OVC	-1.128331e+03	-1.125795e+03	-3.630958e-01
219           	warmPlate	1.278841e+03	1.284532e+03	3.767023e-01
219           	OVC	-1.128584e+03	-1.126047e+03	-3.631771e-01
220           	warmPlate	1.278568e+03	1.284257e+03	3.766218e-01
220           	OVC	-1.128834e+03	-1.126296e+03	-3.632575e-01
221           	warmPlate	1.278298e+03	1.283986e+03	3.765423e-01
221           	OVC	-1.129081e+03	-1.126542e+03	-3.633370e-01
222           	warmPlate	1.278032e+03	1.283719e+03	3.764638e-01
222           	OVC	-1.129325e+03	-1.126786e+03	-3.634156e-01
223           	warmPlate	1.277769e+03	1.283454e+03	3.763863e-01
223           	OVC	-1.129566e+03	-1.127027e+03	-3.634933e-01
224           	warmPlate	1.277509e+03	1.283193e+03	3.763097e-01
224           	OVC	-1.129805e+03	-1.127265e+03	-3.635701e-01
225           	warmPlate	1.277252e+03	1.282935e+03	3.762341e-01
225           	OVC	-1.130041e+03	-1.127500e+03	-3.636460e-01
226           	warmPlate	1.276999e+03	1.282681e+03	3.761594e-01
226           	OVC	-1.130274e+03	-1.127733e+03	-3.637211e-01
227           	warmPlate	1.276748e+03	1.282429e+03	3.760856e-01
227           	OVC	-1.130505e+03	-1.127963e+03	-3.637953e-01
228           	warmPlate	1.276501e+03	1.282181e+03	3.760128e-01
228           	OVC	-1.130733e+03	-1.128191e+03	-3.638687e-01
229           	warmPlate	1.276257e+03	1.281935e+03	3.759408e-01
229           	OVC	-1.130958e+03	-1.128415e+03	-3.639412e-01
230           	warmPlate	1.276015e+03	1.281693e+03	3.758697e-01
230           	OVC	-1.131181e+03	-1.128638e+03	-3.640129e-01
231           	warmPlate	1.275777e+03	1.281453e+03	3.757995e-01
231           	OVC	-1.131401e+03	-1.128857e+03	-3.640837e-01
232           	warmPlate	1.275542e+03	1.281217e+03	3.757302e-01
232           	OVC	-1.131618e+03	-1.129074e+03	-3.641538e-01
233           	warmPlate	1.275309e+03	1.280983e+03	3.756617e-01
233           	OVC	-1.131833e+03	-1.129289e+03	-3.642230e-01
234           	warmPlate	1.275079e+03	1.280753e+03	3.755940e-01
234           	OVC	-1.132046e+03	-1.129501e+03	-3.642915e-01
235           	warmPlate	1.274853e+03	1.280525e+03	3.755272e-01
235           	OVC	-1.132256e+03	-1.129711e+03	-3.643591e-01
236           	warmPlate	1.274629e+03	1.280300e+03	3.754612e-01
236           	OVC	-1.132464e+03	-1.129918e+03	-3.644260e-01
237           	warmPlate	1.274407e+03	1.280077e+03	3.753960e-01
237           	OVC	-1.132669e+03	-1.130123e+03	-3.644921e-01
238           	warmPlate	1.274189e+03	1.279858e+03	3.753316e-01
238           	OVC	-1.132872e+03	-1.130326e+03	-3.645574e-01
239           	warmPlate	1.273973e+03	1.279641e+03	3.752680e-01
239           	OVC	-1.133073e+03	-1.130526e+03	-3.646220e-01
240           	warmPlate	1.273759e+03	1.279426e+03	3.752051e-01
240           	OVC	-1.133271e+03	-1.130724e+03	-3.646858e-01
241           	warmPlate	1.273549e+03	1.279215e+03	3.751430e-01
241           	OVC	-1.133467e+03	-1.130919e+03	-3.647489e-01
242           	warmPlate	1.273340e+03	1.279006e+03	3.750817e-01
242           	OVC	-1.133661e+03	-1.131113e+03	-3.648112e-01
243           	warmPlate	1.273135e+03	1.278799e+03	3.750211e-01
243           	OVC	-1.133852e+03	-1.131304e+03	-3.648729e-01
244           	warmPlate	1.272932e+03	1.278595e+03	3.749613e-01
244           	OVC	-1.134042e+03	-1.131493e+03	-3.649338e-01
245           	warmPlate	1.272731e+03	1.278393e+03	3.749021e-01
245           	OVC	-1.134229e+03	-1.131679e+03	-3.649940e-01
246           	warmPlate	1.272533e+03	1.278194e+03	3.748437e-01
246           	OVC	-1.134414e+03	-1.131864e+03	-3.650535e-01
247           	warmPlate	1.272337e+03	1.277997e+03	3.747860e-01
247           	OVC	-1.134596e+03	-1.132046e+03	-3.651123e-01
248           	warmPlate	1.272143e+03	1.277803e+03	3.747290e-01
248           	OVC	-1.134777e+03	-1.132226e+03	-3.651704e-01
249           	warmPlate	1.271952e+03	1.277611e+03	3.746727e-01
249           	OVC	-1.134955e+03	-1.132404e+03	-3.652278e-01
250           	warmPlate	1.271763e+03	1.277421e+03	3.746171e-01
250           	OVC	-1.135132e+03	-1.132580e+03	-3.652846e-01
251           	warmPlate	1.271577e+03	1.277234e+03	3.745622e-01
251           	OVC	-1.135306e+03	-1.132754e+03	-3.653407e-01
252           	warmPlate	1.271392e+03	1.277049e+03	3.745079e-01
252           	OVC	-1.135478e+03	-1.132926e+03	-3.653961e-01
253           	warmPlate	1.271210e+03	1.276866e+03	3.744542e-01
253           	OVC	-1.135648e+03	-1.133096e+03	-3.654509e-01
254           	warmPlate	1.271031e+03	1.276685e+03	3.744012e-01
254           	OVC	-1.135817e+03	-1.133264e+03	-3.655051e-01
255           	warmPlate	1.270853e+03	1.276507e+03	3.743489e-01
255           	OVC	-1.135983e+03	-1.133430e+03	-3.655586e-01
256           	warmPlate	1.270677e+03	1.276330e+03	3.742972e-01
256           	OVC	-1.136147e+03	-1.133594e+03	-3.656115e-01
257           	warmPlate	1.270504e+03	1.276156e+03	3.742461e-01
257           	OVC	-1.136310e+03	-1.133756e+03	-3.656637e-01
258           	warmPlate	1.270333e+03	1.275984e+03	3.741956e-01
258           	OVC	-1.136470e+03	-1.133916e+03	-3.657154e-01
259           	warmPlate	1.270163e+03	1.275814e+03	3.741458e-01
259           	OVC	-1.136629e+03	-1.134074e+03	-3.657664e-01
260           	warmPlate	1.269996e+03	1.275646e+03	3.740965e-01
260           	OVC	-1.136785e+03	-1.134230e+03	-3.658169e-01
261           	warmPlate	1.269831e+03	1.275480e+03	3.740478e-01
261           	OVC	-1.136940e+03	-1.134385e+03	-3.658667e-01
262           	warmPlate	1.269668e+03	1.275316e+03	3.739997e-01
262           	OVC	-1.137093e+03	-1.134538e+03	-3.659160e-01
263           	warmPlate	1.269506e+03	1.275154e+03	3.739522e-01
263           	OVC	-1.137245e+03	-1.134689e+03	-3.659647e-01
264           	warmPlate	1.269347e+03	1.274994e+03	3.739053e-01
264           	OVC	-1.137394e+03	-1.134838e+03	-3.660128e-01
265           	warmPlate	1.269190e+03	1.274836e+03	3.738589e-01
265           	OVC	-1.137542e+03	-1.134985e+03	-3.660603e-01
266           	warmPlate	1.269034e+03	1.274680e+03	3.738131e-01
266           	OVC	-1.137688e+03	-1.135131e+03	-3.661073e-01
267           	warmPlate	1.268880e+03	1.274525e+03	3.737678e-01
267           	OVC	-1.137832e+03	-1.135275e+03	-3.661538e-01
268           	warmPlate	1.268729e+03	1.274373e+03	3.737231e-01
268           	OVC	-1.137975e+03	-1.135417e+03	-3.661996e-01
269           	warmPlate	1.268579e+03	1.274222e+03	3.736789e-01
269           	OVC	-1.138116e+03	-1.135558e+03	-3.662450e-01
270           	warmPlate	1.268430e+03	1.274073e+03	3.736353e-01
270           	OVC	-1.138255e+03	-1.135696e+03	-3.662898e-01
271           	warmPlate	1.268284e+03	1.273926e+03	3.735921e-01
271           	OVC	-1.138392e+03	-1.135834e+03	-3.663341e-01
272           	warmPlate	1.268139e+03	1.273781e+03	3.735495e-01
272           	OVC	-1.138528e+03	-1.135969e+03	-3.663778e-01
273           	warmPlate	1.267996e+03	1.273637e+03	3.735074e-01
273           	OVC	-1.138663e+03	-1.136103e+03	-3.664211e-01
274           	warmPlate	1.267855e+03	1.273495e+03	3.734658e-01
274           	OVC	-1.138795e+03	-1.136236e+03	-3.664638e-01
275           	warmPlate	1.267716e+03	1.273355e+03	3.734247e-01
275           	OVC	-1.138927e+03	-1.136367e+03	-3.665060e-01
276           	warmPlate	1.267578e+03	1.273217e+03	3.733841e-01
276           	OVC	-1.139056e+03	-1.136496e+03	-3.665477e-01
277           	warmPlate	1.267442e+03	1.273080e+03	3.733440e-01
277           	OVC	-1.139184e+03	-1.136624e+03	-3.665890e-01
278           	warmPlate	1.267307e+03	1.272945e+03	3.733043e-01
278           	OVC	-1.139311e+03	-1.136750e+03	-3.666297e-01
279           	warmPlate	1.267174e+03	1.272811e+03	3.732652e-01
279           	OVC	-1.139436e+03	-1.136875e+03	-3.666700e-01
280           	warmPlate	1.267043e+03	1.272679e+03	3.732265e-01
280           	OVC	-1.139560e+03	-1.136998e+03	-3.667098e-01
281           	warmPlate	1.266913e+03	1.272549e+03	3.731882e-01
281           	OVC	-1.139682e+03	-1.137120e+03	-3.667491e-01
282           	warmPlate	1.266785e+03	1.272420e+03	3.731505e-01
282           	OVC	-1.139802e+03	-1.137241e+03	-3.667879e-01
283           	warmPlate	1.266658e+03	1.272293e+03	3.731131e-01
283           	OVC	-1.139922e+03	-1.137360e+03	-3.668263e-01
284           	warmPlate	1.266533e+03	1.272167e+03	3.730763e-01
284           	OVC	-1.140040e+03	-1.137477e+03	-3.668643e-01
285           	warmPlate	1.266409e+03	1.272043e+03	3.730398e-01
285           	OVC	-1.140156e+03	-1.137594e+03	-3.669017e-01
286           	warmPlate	1.266287e+03	1.271920e+03	3.730038e-01
286           	OVC	-1.140271e+03	-1.137708e+03	-3.669388e-01
287           	warmPlate	1.266166e+03	1.271799e+03	3.729683e-01
287           	OVC	-1.140385e+03	-1.137822e+03	-3.669754e-01
288           	warmPlate	1.266047e+03	1.271679e+03	3.729331e-01
288           	OVC	-1.140497e+03	-1.137934e+03	-3.670116e-01
289           	warmPlate	1.265929e+03	1.271561e+03	3.728984e-01
289           	OVC	-1.140608e+03	-1.138045e+03	-3.670473e-01
290           	warmPlate	1.265813e+03	1.271444e+03	3.728641e-01
290           	OVC	-1.140718e+03	-1.138154e+03	-3.670826e-01
291           	warmPlate	1.265698e+03	1.271328e+03	3.728302e-01
291           	OVC	-1.140826e+03	-1.138263e+03	-3.671175e-01
292           	warmPlate	1.265584e+03	1.271214e+03	3.727967e-01
292           	OVC	-1.140934e+03	-1.138369e+03	-3.671520e-01
293           	warmPlate	1.265472e+03	1.271101e+03	3.727636e-01
293           	OVC	-1.141039e+03	-1.138475e+03	-3.671861e-01
294           	warmPlate	1.265361e+03	1.270990e+03	3.727309e-01
294           	OVC	-1.141144e+03	-1.138579e+03	-3.672197e-01
295           	warmPlate	1.265251e+03	1.270879e+03	3.726986e-01
295           	OVC	-1.141247e+03	-1.138683e+03	-3.672530e-01
296           	warmPlate	1.265143e+03	1.270770e+03	3.726667e-01
296           	OVC	-1.141350e+03	-1.138785e+03	-3.672859e-01
297           	warmPlate	1.265036e+03	1.270663e+03	3.726351e-01
297           	OVC	-1.141450e+03	-1.138885e+03	-3.673184e-01
298           	warmPlate	1.264930e+03	1.270557e+03	3.726040e-01
298           	OVC	-1.141550e+03	-1.138985e+03	-3.673505e-01
299           	warmPlate	1.264825e+03	1.270452e+03	3.725732e-01
299           	OVC	-1.141649e+03	-1.139083e+03	-3.673822e-01
300           	warmPlate	1.264722e+03	1.270348e+03	3.725428e-01
300           	OVC	-1.141746e+03	-1.139180e+03	-3.674136e-01
301           	warmPlate	1.264620e+03	1.270245e+03	3.725127e-01
301           	OVC	-1.141842e+03	-1.139276e+03	-3.674445e-01
302           	warmPlate	1.264519e+03	1.270144e+03	3.724830e-01
302           	OVC	-1.141937e+03	-1.139371e+03	-3.674751e-01
303           	warmPlate	1.264419e+03	1.270044e+03	3.724537e-01
303           	OVC	-1.142031e+03	-1.139465e+03	-3.675054e-01
304           	warmPlate	1.264321e+03	1.269945e+03	3.724247e-01
304           	OVC	-1.142124e+03	-1.139558e+03	-3.675353e-01
305           	warmPlate	1.264224e+03	1.269848e+03	3.723960e-01
305           	OVC	-1.142216e+03	-1.139649e+03	-3.675648e-01
306           	warmPlate	1.264128e+03	1.269751e+03	3.723677e-01
306           	OVC	-1.142307e+03	-1.139740e+03	-3.675940e-01
307           	warmPlate	1.264033e+03	1.269656e+03	3.723397e-01
307           	OVC	-1.142396e+03	-1.139829e+03	-3.676228e-01
308           	warmPlate	1.263939e+03	1.269561e+03	3.723121e-01
308           	OVC	-1.142485e+03	-1.139917e+03	-3.676513e-01
309           	warmPlate	1.263846e+03	1.269468e+03	3.722848e-01
309           	OVC	-1.142572e+03	-1.140005e+03	-3.676794e-01
310           	warmPlate	1.263755e+03	1.269376e+03	3.722578e-01
310           	OVC	-1.142659e+03	-1.140091e+03	-3.677072e-01
311           	warmPlate	1.263664e+03	1.269285e+03	3.722311e-01
311           	OVC	-1.142744e+03	-1.140176e+03	-3.677347e-01
312           	warmPlate	1.263575e+03	1.269195e+03	3.722048e-01
312           	OVC	-1.142828e+03	-1.140260e+03	-3.677619e-01
313           	warmPlate	1.263486e+03	1.269107e+03	3.721788e-01
313           	OVC	-1.142912e+03	-1.140343e+03	-3.677887e-01
314           	warmPlate	1.263399e+03	1.269019e+03	3.721531e-01
314           	OVC	-1.142994e+03	-1.140426e+03	-3.678152e-01
315           	warmPlate	1.263313e+03	1.268932e+03	3.721276e-01
315           	OVC	-1.143076e+03	-1.140507e+03	-3.678414e-01
316           	warmPlate	1.263228e+03	1.268847e+03	3.721025e-01
316           	OVC	-1.143156e+03	-1.140587e+03	-3.678673e-01
317           	warmPlate	1.263143e+03	1.268762e+03	3.720777e-01
317           	OVC	-1.143235e+03	-1.140666e+03	-3.678929e-01
318           	warmPlate	1.263060e+03	1.268679e+03	3.720532e-01
318           	OVC	-1.143314e+03	-1.140745e+03	-3.679182e-01
319           	warmPlate	1.262978e+03	1.268596e+03	3.720290e-01
319           	OVC	-1.143392e+03	-1.140822e+03	-3.679432e-01
320           	warmPlate	1.262897e+03	1.268514e+03	3.720051e-01
320           	OVC	-1.143468e+03	-1.140899e+03	-3.679678e-01
321           	warmPlate	1.262816e+03	1.268434e+03	3.719814e-01
321           	OVC	-1.143544e+03	-1.140974e+03	-3.679922e-01
322           	warmPlate	1.262737e+03	1.268354e+03	3.719581e-01
322           	OVC	-1.143619e+03	-1.141049e+03	-3.680163e-01
323           	warmPlate	1.262659e+03	1.268275e+03	3.719350e-01
323           	OVC	-1.143693e+03	-1.141123e+03	-3.680401e-01
324           	warmPlate	1.262581e+03	1.268198e+03	3.719122e-01
324           	OVC	-1.143766e+03	-1.141196e+03	-3.680637e-01
325           	warmPlate	1.262505e+03	1.268121e+03	3.718896e-01
325           	OVC	-1.143838e+03	-1.141268e+03	-3.680869e-01
326           	warmPlate	1.262429e+03	1.268045e+03	3.718673e-01
326           	OVC	-1.143910e+03	-1.141339e+03	-3.681099e-01
327           	warmPlate	1.262355e+03	1.267970e+03	3.718453e-01
327           	OVC	-1.143980e+03	-1.141409e+03	-3.681326e-01
328           	warmPlate	1.262281e+03	1.267896e+03	3.718236e-01
328           	OVC	-1.144050e+03	-1.141479e+03	-3.681550e-01
329           	warmPlate	1.262208e+03	1.267822e+03	3.718021e-01
329           	OVC	-1.144119e+03	-1.141548e+03	-3.681772e-01
330           	warmPlate	1.262136e+03	1.267750e+03	3.717809e-01
330           	OVC	-1.144187e+03	-1.141616e+03	-3.681991e-01
331           	warmPlate	1.262065e+03	1.267678e+03	3.717599e-01
331           	OVC	-1.144254e+03	-1.141683e+03	-3.682207e-01
332           	warmPlate	1.261994e+03	1.267608e+03	3.717392e-01
332           	OVC	-1.144320e+03	-1.141749e+03	-3.682421e-01
333           	warmPlate	1.261925e+03	1.267538e+03	3.717187e-01
333           	OVC	-1.144386e+03	-1.141814e+03	-3.682632e-01
334           	warmPlate	1.261856e+03	1.267469e+03	3.716985e-01
334           	OVC	-1.144451e+03	-1.141879e+03	-3.682841e-01
335           	warmPlate	1.261788e+03	1.267401e+03	3.716785e-01
335           	OVC	-1.144515e+03	-1.141943e+03	-3.683047e-01
336           	warmPlate	1.261721e+03	1.267333e+03	3.716587e-01
336           	OVC	-1.144578e+03	-1.142006e+03	-3.683251e-01
337           	warmPlate	1.261655e+03	1.267267e+03	3.716392e-01
337           	OVC	-1.144641e+03	-1.142069e+03	-3.683452e-01
338           	warmPlate	1.261589e+03	1.267201e+03	3.716199e-01
338           	OVC	-1.144703e+03	-1.142130e+03	-3.683651e-01
339           	warmPlate	1.261525e+03	1.267136e+03	3.716009e-01
339           	OVC	-1.144764e+03	-1.142191e+03	-3.683848e-01
340           	warmPlate	1.261461e+03	1.267072e+03	3.715820e-01
340           	OVC	-1.144824e+03	-1.142252e+03	-3.684042e-01
341           	warmPlate	1.261398e+03	1.267008e+03	3.715634e-01
341           	OVC	-1.144884e+03	-1.142311e+03	-3.684234e-01
342           	warmPlate	1.261335e+03	1.266946e+03	3.715451e-01
342           	OVC	-1.144943e+03	-1.142370e+03	-3.684424e-01
343           	warmPlate	1.261274e+03	1.266884e+03	3.715269e-01
343           	OVC	-1.145001e+03	-1.142428e+03	-3.684611e-01
344           	warmPlate	1.261213e+03	1.266823e+03	3.715089e-01
344           	OVC	-1.145058e+03	-1.142485e+03	-3.684797e-01
345           	warmPlate	1.261152e+03	1.266762e+03	3.714912e-01
345           	OVC	-1.145115e+03	-1.142542e+03	-3.684980e-01
346           	warmPlate	1.261093e+03	1.266702e+03	3.714737e-01
346           	OVC	-1.145171e+03	-1.142598e+03	-3.685160e-01
347           	warmPlate	1.261034e+03	1.266643e+03	3.714564e-01
347           	OVC	-1.145227e+03	-1.142654e+03	-3.685339e-01
348           	warmPlate	1.260976e+03	1.266585e+03	3.714393e-01
348           	OVC	-1.145282e+03	-1.142708e+03	-3.685516e-01
349           	warmPlate	1.260919e+03	1.266527e+03	3.714224e-01
349           	OVC	-1.145336e+03	-1.142762e+03	-3.685690e-01
350           	warmPlate	1.260862e+03	1.266470e+03	3.714057e-01
350           	OVC	-1.145390e+03	-1.142816e+03	-3.685863e-01
351           	warmPlate	1.260806e+03	1.266414e+03	3.713892e-01
351           	OVC	-1.145443e+03	-1.142869e+03	-3.686033e-01
352           	warmPlate	1.260751e+03	1.266359e+03	3.713729e-01
352           	OVC	-1.145495e+03	-1.142921e+03	-3.686201e-01
353           	warmPlate	1.260696e+03	1.266304e+03	3.713567e-01
353           	OVC	-1.145546e+03	-1.142972e+03	-3.686367e-01
354           	warmPlate	1.260642e+03	1.266249e+03	3.713408e-01
354           	OVC	-1.145598e+03	-1.143023e+03	-3.686532e-01
355           	warmPlate	1.260589e+03	1.266196e+03	3.713251e-01
355           	OVC	-1.145648e+03	-1.143074e+03	-3.686694e-01
356           	warmPlate	1.260536e+03	1.266143e+03	3.713095e-01
356           	OVC	-1.145698e+03	-1.143123e+03	-3.686855e-01
357           	warmPlate	1.260484e+03	1.266090e+03	3.712942e-01
357           	OVC	-1.145747e+03	-1.143173e+03	-3.687013e-01
358           	warmPlate	1.260432e+03	1.266039e+03	3.712790e-01
358           	OVC	-1.145796e+03	-1.143221e+03	-3.687170e-01
359           	warmPlate	1.260381e+03	1.265987e+03	3.712640e-01
359           	OVC	-1.145844e+03	-1.143269e+03	-3.687324e-01
360           	warmPlate	1.260331e+03	1.265937e+03	3.712492e-01
360           	OVC	-1.145891e+03	-1.143316e+03	-3.687477e-01
361           	warmPlate	1.260281e+03	1.265887e+03	3.712346e-01
361           	OVC	-1.145938e+03	-1.143363e+03	-3.687628e-01
362           	warmPlate	1.260232e+03	1.265838e+03	3.712201e-01
362           	OVC	-1.145985e+03	-1.143410e+03	-3.687778e-01
363           	warmPlate	1.260184e+03	1.265789e+03	3.712058e-01
363           	OVC	-1.146030e+03	-1.143455e+03	-3.687925e-01
364           	warmPlate	1.260136e+03	1.265741e+03	3.711917e-01
364           	OVC	-1.146076e+03	-1.143501e+03	-3.688071e-01
365           	warmPlate	1.260088e+03	1.265693e+03	3.711777e-01
365           	OVC	-1.146120e+03	-1.143545e+03	-3.688215e-01
366           	warmPlate	1.260041e+03	1.265646e+03	3.711639e-01
366           	OVC	-1.146165e+03	-1.143589e+03	-3.688357e-01
367           	warmPlate	1.259995e+03	1.265600e+03	3.711503e-01
367           	OVC	-1.146208e+03	-1.143633e+03	-3.688498e-01
368           	warmPlate	1.259950e+03	1.265554e+03	3.711368e-01
368           	OVC	-1.146252e+03	-1.143676e+03	-3.688637e-01
369           	warmPlate	1.259904e+03	1.265508e+03	3.711235e-01
369           	OVC	-1.146294e+03	-1.143719e+03	-3.688774e-01
370           	warmPlate	1.259860e+03	1.265464e+03	3.711104e-01
370           	OVC	-1.146336e+03	-1.143761e+03	-3.688910e-01
371           	warmPlate	1.259816e+03	1.265419e+03	3.710974e-01
371           	OVC	-1.146378e+03	-1.143802e+03	-3.689044e-01
372           	warmPlate	1.259772e+03	1.265376e+03	3.710846e-01
372           	OVC	-1.146419e+03	-1.143843e+03	-3.689176e-01
373           	warmPlate	1.259729e+03	1.265332e+03	3.710719e-01
373           	OVC	-1.146460e+03	-1.143884e+03	-3.689307e-01
374           	warmPlate	1.259687e+03	1.265290e+03	3.710594e-01
374           	OVC	-1.146500e+03	-1.143924e+03	-3.689437e-01
375           	warmPlate	1.259645e+03	1.265247e+03	3.710470e-01
375           	OVC	-1.146540e+03	-1.143963e+03	-3.689564e-01
376           	warmPlate	1.259603e+03	1.265206e+03	3.710348e-01
376           	OVC	-1.146579e+03	-1.144003e+03	-3.689691e-01
377           	warmPlate	1.259562e+03	1.265164e+03	3.710227e-01
377           	OVC	-1.146618e+03	-1.144041e+03	-3.689815e-01
378           	warmPlate	1.259521e+03	1.265124e+03	3.710107e-01
378           	OVC	-1.146656e+03	-1.144080e+03	-3.689939e-01
379           	warmPlate	1.259481e+03	1.265084e+03	3.709989e-01
379           	OVC	-1.146694e+03	-1.144117e+03	-3.690060e-01
380           	warmPlate	1.259442e+03	1.265044e+03	3.709873e-01
380           	OVC	-1.146731e+03	-1.144155e+03	-3.690181e-01
381           	warmPlate	1.259403e+03	1.265004e+03	3.709757e-01
381           	OVC	-1.146768e+03	-1.144191e+03	-3.690300e-01
382           	warmPlate	1.259364e+03	1.264966e+03	3.709644e-01
382           	OVC	-1.146805e+03	-1.144228e+03	-3.690417e-01
383           	warmPlate	1.259326e+03	1.264927e+03	3.709531e-01
383           	OVC	-1.146841e+03	-1.144264e+03	-3.690533e-01
384           	warmPlate	1.259288e+03	1.264889e+03	3.709420e-01
384           	OVC	-1.146876e+03	-1.144299e+03	-3.690648e-01
385           	warmPlate	1.259251e+03	1.264852e+03	3.709310e-01
385           	OVC	-1.146912e+03	-1.144335e+03	-3.690761e-01
386           	warmPlate	1.259214e+03	1.264815e+03	3.709202e-01
386           	OVC	-1.146946e+03	-1.144369e+03	-3.690873e-01
387           	warmPlate	1.259178e+03	1.264778e+03	3.709094e-01
387           	OVC	-1.146981e+03	-1.144404e+03	-3.690984e-01
388           	warmPlate	1.259142e+03	1.264742e+03	3.708989e-01
388           	OVC	-1.147015e+03	-1.144438e+03	-3.691094e-01
389           	warmPlate	1.259106e+03	1.264707e+03	3.708884e-01
389           	OVC	-1.147048e+03	-1.144471e+03	-3.691202e-01
390           	warmPlate	1.259071e+03	1.264671e+03	3.708780e-01
390           	OVC	-1.147082e+03	-1.144504e+03	-3.691308e-01
391           	warmPlate	1.259036e+03	1.264636e+03	3.708678e-01
391           	OVC	-1.147114e+03	-1.144537e+03	-3.691414e-01
392           	warmPlate	1.259002e+03	1.264602e+03	3.708577e-01
392           	OVC	-1.147147e+03	-1.144569e+03	-3.691518e-01
393           	warmPlate	1.258968e+03	1.264568e+03	3.708477e-01
393           	OVC	-1.147179e+03	-1.144601e+03	-3.691621e-01
394           	warmPlate	1.258935e+03	1.264534e+03	3.708379e-01
394           	OVC	-1.147210e+03	-1.144633e+03	-3.691723e-01
395           	warmPlate	1.258902e+03	1.264501e+03	3.708281e-01
395           	OVC	-1.147242e+03	-1.144664e+03	-3.691823e-01
396           	warmPlate	1.258869e+03	1.264468e+03	3.708185e-01
396           	OVC	-1.147272e+03	-1.144695e+03	-3.691923e-01
397           	warmPlate	1.258837e+03	1.264436e+03	3.708090e-01
397           	OVC	-1.147303e+03	-1.144725e+03	-3.692021e-01
398           	warmPlate	1.258805e+03	1.264404e+03	3.707996e-01
398           	OVC	-1.147333e+03	-1.144755e+03	-3.692118e-01
399           	warmPlate	1.258773e+03	1.264372e+03	3.707903e-01
399           	OVC	-1.147363e+03	-1.144785e+03	-3.692214e-01
400           	warmPlate	1.258742e+03	1.264341e+03	3.707811e-01
400           	OVC	-1.147392e+03	-1.144814e+03	-3.692309e-01
401           	warmPlate	1.258711e+03	1.264310e+03	3.707721e-01
401           	OVC	-1.147421e+03	-1.144843e+03	-3.692402e-01
402           	warmPlate	1.258681e+03	1.264279e+03	3.707631e-01
402           	OVC	-1.147450e+03	-1.144872e+03	-3.692495e-01
403           	warmPlate	1.258651e+03	1.264249e+03	3.707543e-01
403           	OVC	-1.147478e+03	-1.144900e+03	-3.692586e-01
404           	warmPlate	1.258621e+03	1.264219e+03	3.707455e-01
404           	OVC	-1.147507e+03	-1.144928e+03	-3.692676e-01
405           	warmPlate	1.258592e+03	1.264190e+03	3.707369e-01
405           	OVC	-1.147534e+03	-1.144956e+03	-3.692765e-01
406           	warmPlate	1.258563e+03	1.264161e+03	3.707283e-01
406           	OVC	-1.147562e+03	-1.144983e+03	-3.692854e-01
407           	warmPlate	1.258534e+03	1.264132e+03	3.707199e-01
407           	OVC	-1.147589e+03	-1.145010e+03	-3.692941e-01
408           	warmPlate	1.258506e+03	1.264104e+03	3.707116e-01
408           	OVC	-1.147615e+03	-1.145037e+03	-3.693027e-01
409           	warmPlate	1.258478e+03	1.264076e+03	3.707033e-01
409           	OVC	-1.147642e+03	-1.145063e+03	-3.693112e-01
410           	warmPlate	1.258450e+03	1.264048e+03	3.706952e-01
410           	OVC	-1.147668e+03	-1.145089e+03	-3.693196e-01
411           	warmPlate	1.258423e+03	1.264020e+03	3.706871e-01
411           	OVC	-1.147694e+03	-1.145115e+03	-3.693279e-01
412           	warmPlate	1.258396e+03	1.263993e+03	3.706792e-01
412           	OVC	-1.147719e+03	-1.145140e+03	-3.693361e-01
413           	warmPlate	1.258369e+03	1.263966e+03	3.706713e-01
413           	OVC	-1.147744e+03	-1.145166e+03	-3.693442e-01
414           	warmPlate	1.258343e+03	1.263940e+03	3.706636e-01
414           	OVC	-1.147769e+03	-1.145190e+03	-3.693522e-01
415           	warmPlate	1.258317e+03	1.263914e+03	3.706559e-01
415           	OVC	-1.147794e+03	-1.145215e+03	-3.693601e-01
416           	warmPlate	1.258291e+03	1.263888e+03	3.706483e-01
416           	OVC	-1.147818e+03	-1.145239e+03	-3.693679e-01
417           	warmPlate	1.258266e+03	1.263862e+03	3.706409e-01
417           	OVC	-1.147842e+03	-1.145263e+03	-3.693757e-01
418           	warmPlate	1.258241e+03	1.263837e+03	3.706335e-01
418           	OVC	-1.147866e+03	-1.145287e+03	-3.693833e-01
419           	warmPlate	1.258216e+03	1.263812e+03	3.706262e-01
419           	OVC	-1.147889e+03	-1.145310e+03	-3.693908e-01
420           	warmPlate	1.258191e+03	1.263788e+03	3.706189e-01
420           	OVC	-1.147913e+03	-1.145333e+03	-3.693983e-01
421           	warmPlate	1.258167e+03	1.263763e+03	3.706118e-01
421           	OVC	-1.147935e+03	-1.145356e+03	-3.694057e-01
422           	warmPlate	1.258143e+03	1.263739e+03	3.706047e-01
422           	OVC	-1.147958e+03	-1.145379e+03	-3.694129e-01
423           	warmPlate	1.258120e+03	1.263716e+03	3.705978e-01
423           	OVC	-1.147980e+03	-1.145401e+03	-3.694201e-01
424           	warmPlate	1.258096e+03	1.263692e+03	3.705909e-01
424           	OVC	-1.148002e+03	-1.145423e+03	-3.694272e-01
425           	warmPlate	1.258073e+03	1.263669e+03	3.705841e-01
425           	OVC	-1.148024e+03	-1.145445e+03	-3.694343e-01
426           	warmPlate	1.258050e+03	1.263646e+03	3.705774e-01
426           	OVC	-1.148046e+03	-1.145466e+03	-3.694412e-01
427           	warmPlate	1.258028e+03	1.263623e+03	3.705707e-01
427           	OVC	-1.148067e+03	-1.145488e+03	-3.694481e-01
428           	warmPlate	1.258006e+03	1.263601e+03	3.705642e-01
428           	OVC	-1.148088e+03	-1.145509e+03	-3.694548e-01
429           	warmPlate	1.257984e+03	1.263579e+03	3.705577e-01
429           	OVC	-1.148109e+03	-1.145529e+03	-3.694615e-01
430           	warmPlate	1.257962e+03	1.263557e+03	3.705513e-01
430           	OVC	-1.148129e+03	-1.145550e+03	-3.694681e-01
431           	warmPlate	1.257940e+03	1.263535e+03	3.705450e-01
431           	OVC	-1.148150e+03	-1.145570e+03	-3.694747e-01
432           	warmPlate	1.257919e+03	1.263514e+03	3.705387e-01
432           	OVC	-1.148170e+03	-1.145590e+03	-3.694811e-01
433           	warmPlate	1.257898e+03	1.263493e+03	3.705325e-01
433           	OVC	-1.148190e+03	-1.145610e+03	-3.694875e-01
434           	warmPlate	1.257877e+03	1.263472e+03	3.705264e-01
434           	OVC	-1.148209e+03	-1.145629e+03	-3.694938e-01
435           	warmPlate	1.257857e+03	1.263452e+03	3.705204e-01
435           	OVC	-1.148229e+03	-1.145649e+03	-3.695000e-01
436           	warmPlate	1.257837e+03	1.263431e+03	3.705144e-01
436           	OVC	-1.148248e+03	-1.145668e+03	-3.695062e-01
437           	warmPlate	1.257817e+03	1.263411e+03	3.705085e-01
437           	OVC	-1.148267e+03	-1.145687e+03	-3.695123e-01
438           	warmPlate	1.257797e+03	1.263391e+03	3.705027e-01
438           	OVC	-1.148285e+03	-1.145705e+03	-3.695183e-01
439           	warmPlate	1.257777e+03	1.263372e+03	3.704970e-01
439           	OVC	-1.148304e+03	-1.145724e+03	-3.695242e-01
440           	warmPlate	1.257758e+03	1.263352e+03	3.704913e-01
440           	OVC	-1.148322e+03	-1.145742e+03	-3.695301e-01
441           	warmPlate	1.257739e+03	1.263333e+03	3.704857e-01
441           	OVC	-1.148340e+03	-1.145760e+03	-3.695359e-01
442           	warmPlate	1.257720e+03	1.263314e+03	3.704801e-01
442           	OVC	-1.148358e+03	-1.145778e+03	-3.695416e-01
443           	warmPlate	1.257702e+03	1.263296e+03	3.704746e-01
443           	OVC	-1.148375e+03	-1.145795e+03	-3.695473e-01
444           	warmPlate	1.257683e+03	1.263277e+03	3.704692e-01
444           	OVC	-1.148393e+03	-1.145812e+03	-3.695529e-01
445           	warmPlate	1.257665e+03	1.263259e+03	3.704639e-01
445           	OVC	-1.148410e+03	-1.145830e+03	-3.695584e-01
446           	warmPlate	1.257647e+03	1.263241e+03	3.704586e-01
446           	OVC	-1.148427e+03	-1.145847e+03	-3.695638e-01
447           	warmPlate	1.257629e+03	1.263223e+03	3.704533e-01
447           	OVC	-1.148444e+03	-1.145863e+03	-3.695692e-01
448           	warmPlate	1.257612e+03	1.263205e+03	3.704482e-01
448           	OVC	-1.148460e+03	-1.145880e+03	-3.695746e-01
449           	warmPlate	1.257595e+03	1.263188e+03	3.704431e-01
449           	OVC	-1.148477e+03	-1.145896e+03	-3.695798e-01
450           	warmPlate	1.257577e+03	1.263171e+03	3.704380e-01
450           	OVC	-1.148493e+03	-1.145912e+03	-3.695850e-01
451           	warmPlate	1.257561e+03	1.263154e+03	3.704331e-01
451           	OVC	-1.148509e+03	-1.145928e+03	-3.695902e-01
452           	warmPlate	1.257544e+03	1.263137e+03	3.704281e-01
452           	OVC	-1.148524e+03	-1.145944e+03	-3.695953e-01
453           	warmPlate	1.257527e+03	1.263121e+03	3.704233e-01
453           	OVC	-1.148540e+03	-1.145959e+03	-3.696003e-01
454           	warmPlate	1.257511e+03	1.263104e+03	3.704185e-01
454           	OVC	-1.148555e+03	-1.145975e+03	-3.696052e-01
455           	warmPlate	1.257495e+03	1.263088e+03	3.704137e-01
455           	OVC	-1.148571e+03	-1.145990e+03	-3.696101e-01
456           	warmPlate	1.257479e+03	1.263072e+03	3.704090e-01
456           	OVC	-1.148586e+03	-1.146005e+03	-3.696150e-01
457           	warmPlate	1.257463e+03	1.263056e+03	3.704044e-01
457           	OVC	-1.148601e+03	-1.146020e+03	-3.696198e-01
458           	warmPlate	1.257448e+03	1.263041e+03	3.703998e-01
458           	OVC	-1.148615e+03	-1.146035e+03	-3.696245e-01
459           	warmPlate	1.257432e+03	1.263025e+03	3.703953e-01
459           	OVC	-1.148630e+03	-1.146049e+03	-3.696292e-01
460           	warmPlate	1.257417e+03	1.263010e+03	3.703908e-01
460           	OVC	-1.148644e+03	-1.146063e+03	-3.696338e-01
461           	warmPlate	1.257402e+03	1.262995e+03	3.703864e-01
461           	OVC	-1.148658e+03	-1.146077e+03	-3.696383e-01
462           	warmPlate	1.257387e+03	1.262980e+03	3.703820e-01
462           	OVC	-1.148672e+03	-1.146091e+03	-3.696429e-01
463           	warmPlate	1.257373e+03	1.262965e+03	3.703777e-01
463           	OVC	-1.148686e+03	-1.146105e+03	-3.696473e-01
464           	warmPlate	1.257358e+03	1.262951e+03	3.703734e-01
464           	OVC	-1.148700e+03	-1.146119e+03	-3.696517e-01
465           	warmPlate	1.257344e+03	1.262936e+03	3.703692e-01
465           	OVC	-1.148713e+03	-1.146132e+03	-3.696561e-01
466           	warmPlate	1.257330e+03	1.262922e+03	3.703651e-01
466           	OVC	-1.148727e+03	-1.146146e+03	-3.696604e-01
467           	warmPlate	1.257316e+03	1.262908e+03	3.703610e-01
467           	OVC	-1.148740e+03	-1.146159e+03	-3.696646e-01
468           	warmPlate	1.257302e+03	1.262894e+03	3.703569e-01
468           	OVC	-1.148753e+03	-1.146172e+03	-3.696688e-01
469           	warmPlate	1.257288e+03	1.262881e+03	3.703529e-01
469           	OVC	-1.148766e+03	-1.146185e+03	-3.696729e-01
470           	warmPlate	1.257275e+03	1.262867e+03	3.703489e-01
470           	OVC	-1.148779e+03	-1.146197e+03	-3.696770e-01
471           	warmPlate	1.257262e+03	1.262854e+03	3.703450e-01
471           	OVC	-1.148791e+03	-1.146210e+03	-3.696811e-01
472           	warmPlate	1.257248e+03	1.262840e+03	3.703411e-01
472           	OVC	-1.148804e+03	-1.146222e+03	-3.696851e-01
473           	warmPlate	1.257235e+03	1.262827e+03	3.703373e-01
473           	OVC	-1.148816e+03	-1.146235e+03	-3.696890e-01
474           	warmPlate	1.257223e+03	1.262814e+03	3.703335e-01
474           	OVC	-1.148828e+03	-1.146247e+03	-3.696929e-01
475           	warmPlate	1.257210e+03	1.262802e+03	3.703298e-01
475           	OVC	-1.148840e+03	-1.146259e+03	-3.696968e-01
476           	warmPlate	1.257197e+03	1.262789e+03	3.703261e-01
476           	OVC	-1.148852e+03	-1.146270e+03	-3.697006e-01
477           	warmPlate	1.257185e+03	1.262777e+03	3.703224e-01
477           	OVC	-1.148863e+03	-1.146282e+03	-3.697044e-01
478           	warmPlate	1.257173e+03	1.262764e+03	3.703188e-01
478           	OVC	-1.148875e+03	-1.146294e+03	-3.697081e-01
479           	warmPlate	1.257161e+03	1.262752e+03	3.703153e-01
479           	OVC	-1.148886e+03	-1.146305e+03	-3.697118e-01
480           	warmPlate	1.257149e+03	1.262740e+03	3.703117e-01
480           	OVC	-1.148898e+03	-1.146316e+03	-3.697154e-01
481           	warmPlate	1.257137e+03	1.262728e+03	3.703083e-01
481           	OVC	-1.148909e+03	-1.146327e+03	-3.697190e-01
482           	warmPlate	1.257125e+03	1.262717e+03	3.703048e-01
482           	OVC	-1.148920e+03	-1.146338e+03	-3.697225e-01
483           	warmPlate	1.257114e+03	1.262705e+03	3.703014e-01
483           	OVC	-1.148931e+03	-1.146349e+03	-3.697260e-01
484           	warmPlate	1.257102e+03	1.262694e+03	3.702981e-01
484           	OVC	-1.148942e+03	-1.146360e+03	-3.697295e-01
485           	warmPlate	1.257091e+03	1.262682e+03	3.702948e-01
485           	OVC	-1.148952e+03	-1.146371e+03	-3.697329e-01
486           	warmPlate	1.257080e+03	1.262671e+03	3.702915e-01
486           	OVC	-1.148963e+03	-1.146381e+03	-3.697363e-01
487           	warmPlate	1.257069e+03	1.262660e+03	3.702883e-01
487           	OVC	-1.148973e+03	-1.146392e+03	-3.697396e-01
488           	warmPlate	1.257058e+03	1.262649e+03	3.702851e-01
488           	OVC	-1.148983e+03	-1.146402e+03	-3.697429e-01
489           	warmPlate	1.257047e+03	1.262638e+03	3.702819e-01
489           	OVC	-1.148993e+03	-1.146412e+03	-3.697462e-01
490           	warmPlate	1.257037e+03	1.262628e+03	3.702788e-01
490           	OVC	-1.149003e+03	-1.146422e+03	-3.697494e-01
491           	warmPlate	1.257026e+03	1.262617e+03	3.702757e-01
491           	OVC	-1.149013e+03	-1.146432e+03	-3.697526e-01
492           	warmPlate	1.257016e+03	1.262607e+03	3.702726e-01
492           	OVC	-1.149023e+03	-1.146441e+03	-3.697558e-01
493           	warmPlate	1.257006e+03	1.262597e+03	3.702696e-01
493           	OVC	-1.149033e+03	-1.146451e+03	-3.697589e-01
494           	warmPlate	1.256996e+03	1.262586e+03	3.702667e-01
494           	OVC	-1.149042e+03	-1.146461e+03	-3.697619e-01
495           	warmPlate	1.256986e+03	1.262576e+03	3.702637e-01
495           	OVC	-1.149052e+03	-1.146470e+03	-3.697650e-01
496           	warmPlate	1.256976e+03	1.262567e+03	3.702608e-01
496           	OVC	-1.149061e+03	-1.146479e+03	-3.697680e-01
497           	warmPlate	1.256966e+03	1.262557e+03	3.702579e-01
497           	OVC	-1.149070e+03	-1.146489e+03	-3.697709e-01
498           	warmPlate	1.256956e+03	1.262547e+03	3.702551e-01
498           	OVC	-1.149079e+03	-1.146498e+03	-3.697739e-01
499           	warmPlate	1.256947e+03	1.262538e+03	3.702523e-01
499           	OVC	-1.149088e+03	-1.146507e+03	-3.697768e-01
500           	warmPlate	1.256938e+03	1.262528e+03	3.702495e-01
500           	OVC	-1.149097e+03	-1.146515e+03	-3.697796e-01
501           	warmPlate	1.256928e+03	1.262519e+03	3.702468e-01
501           	OVC	-1.149106e+03	-1.146524e+03	-3.697825e-01
502           	warmPlate	1.256919e+03	1.262510e+03	3.702441e-01
502           	OVC	-1.149115e+03	-1.146533e+03	-3.697852e-01
503           	warmPlate	1.256910e+03	1.262500e+03	3.702414e-01
503           	OVC	-1.149123e+03	-1.146541e+03	-3.697880e-01
504           	warmPlate	1.256901e+03	1.262491e+03	3.702388e-01
504           	OVC	-1.149132e+03	-1.146550e+03	-3.697907e-01
505           	warmPlate	1.256892e+03	1.262483e+03	3.702362e-01
505           	OVC	-1.149140e+03	-1.146558e+03	-3.697934e-01
506           	warmPlate	1.256883e+03	1.262474e+03	3.702336e-01
506           	OVC	-1.149148e+03	-1.146566e+03	-3.697961e-01
507           	warmPlate	1.256875e+03	1.262465e+03	3.702310e-01
507           	OVC	-1.149157e+03	-1.146575e+03	-3.697987e-01
508           	warmPlate	1.256866e+03	1.262456e+03	3.702285e-01
508           	OVC	-1.149165e+03	-1.146583e+03	-3.698013e-01
509           	warmPlate	1.256858e+03	1.262448e+03	3.702260e-01
509           	OVC	-1.149173e+03	-1.146591e+03	-3.698039e-01
510           	warmPlate	1.256849e+03	1.262440e+03	3.702236e-01
510           	OVC	-1.149180e+03	-1.146598e+03	-3.698064e-01
511           	warmPlate	1.256841e+03	1.262431e+03	3.702212e-01
511           	OVC	-1.149188e+03	-1.146606e+03	-3.698089e-01
512           	warmPlate	1.256833e+03	1.262423e+03	3.702188e-01
512           	OVC	-1.149196e+03	-1.146614e+03	-3.698114e-01
513           	warmPlate	1.256825e+03	1.262415e+03	3.702164e-01
513           	OVC	-1.149204e+03	-1.146622e+03	-3.698138e-01
514           	warmPlate	1.256817e+03	1.262407e+03	3.702140e-01
514           	OVC	-1.149211e+03	-1.146629e+03	-3.698163e-01
515           	warmPlate	1.256809e+03	1.262399e+03	3.702117e-01
515           	OVC	-1.149218e+03	-1.146636e+03	-3.698186e-01
516           	warmPlate	1.256801e+03	1.262391e+03	3.702094e-01
516           	OVC	-1.149226e+03	-1.146644e+03	-3.698210e-01
517           	warmPlate	1.256794e+03	1.262384e+03	3.702072e-01
517           	OVC	-1.149233e+03	-1.146651e+03	-3.698233e-01
518           	warmPlate	1.256786e+03	1.262376e+03	3.702049e-01
518           	OVC	-1.149240e+03	-1.146658e+03	-3.698256e-01
519           	warmPlate	1.256779e+03	1.262369e+03	3.702027e-01
519           	OVC	-1.149247e+03	-1.146665e+03	-3.698279e-01
520           	warmPlate	1.256771e+03	1.262361e+03	3.702006e-01
520           	OVC	-1.149254e+03	-1.146672e+03	-3.698302e-01
521           	warmPlate	1.256764e+03	1.262354e+03	3.701984e-01
521           	OVC	-1.149261e+03	-1.146679e+03	-3.698324e-01
522           	warmPlate	1.256757e+03	1.262347e+03	3.701963e-01
522           	OVC	-1.149268e+03	-1.146686e+03	-3.698346e-01
523           	warmPlate	1.256750e+03	1.262339e+03	3.701942e-01
523           	OVC	-1.149275e+03	-1.146693e+03	-3.698368e-01
524           	warmPlate	1.256743e+03	1.262332e+03	3.701921e-01
524           	OVC	-1.149281e+03	-1.146699e+03	-3.698389e-01
525           	warmPlate	1.256736e+03	1.262325e+03	3.701900e-01
525           	OVC	-1.149288e+03	-1.146706e+03	-3.698410e-01
526           	warmPlate	1.256729e+03	1.262318e+03	3.701880e-01
526           	OVC	-1.149295e+03	-1.146712e+03	-3.698431e-01
527           	warmPlate	1.256722e+03	1.262312e+03	3.701860e-01
527           	OVC	-1.149301e+03	-1.146719e+03	-3.698452e-01
528           	warmPlate	1.256715e+03	1.262305e+03	3.701840e-01
528           	OVC	-1.149307e+03	-1.146725e+03	-3.698472e-01
529           	warmPlate	1.256709e+03	1.262298e+03	3.701821e-01
529           	OVC	-1.149314e+03	-1.146731e+03	-3.698492e-01
530           	warmPlate	1.256702e+03	1.262291e+03	3.701801e-01
530           	OVC	-1.149320e+03	-1.146737e+03	-3.698512e-01
531           	warmPlate	1.256696e+03	1.262285e+03	3.701782e-01
531           	OVC	-1.149326e+03	-1.146744e+03	-3.698532e-01
532           	warmPlate	1.256689e+03	1.262279e+03	3.701763e-01
532           	OVC	-1.149332e+03	-1.146750e+03	-3.698552e-01
533           	warmPlate	1.256683e+03	1.262272e+03	3.701745e-01
533           	OVC	-1.149338e+03	-1.146756e+03	-3.698571e-01
534           	warmPlate	1.256677e+03	1.262266e+03	3.701726e-01
534           	OVC	-1.149344e+03	-1.146762e+03	-3.698590e-01
535           	warmPlate	1.256670e+03	1.262260e+03	3.701708e-01
535           	OVC	-1.149350e+03	-1.146767e+03	-3.698609e-01
536           	warmPlate	1.256664e+03	1.262254e+03	3.701690e-01
536           	OVC	-1.149355e+03	-1.146773e+03	-3.698627e-01
537           	warmPlate	1.256658e+03	1.262247e+03	3.701672e-01
537           	OVC	-1.149361e+03	-1.146779e+03	-3.698646e-01
538           	warmPlate	1.256652e+03	1.262241e+03	3.701655e-01
538           	OVC	-1.149367e+03	-1.146784e+03	-3.698664e-01
539           	warmPlate	1.256646e+03	1.262236e+03	3.701637e-01
539           	OVC	-1.149372e+03	-1.146790e+03	-3.698682e-01
540           	warmPlate	1.256641e+03	1.262230e+03	3.701620e-01
540           	OVC	-1.149378e+03	-1.146795e+03	-3.698699e-01
541           	warmPlate	1.256635e+03	1.262224e+03	3.701603e-01
541           	OVC	-1.149383e+03	-1.146801e+03	-3.698717e-01
542           	warmPlate	1.256629e+03	1.262218e+03	3.701587e-01
542           	OVC	-1.149389e+03	-1.146806e+03	-3.698734e-01
543           	warmPlate	1.256623e+03	1.262213e+03	3.701570e-01
543           	OVC	-1.149394e+03	-1.146812e+03	-3.698751e-01
544           	warmPlate	1.256618e+03	1.262207e+03	3.701554e-01
544           	OVC	-1.149399e+03	-1.146817e+03	-3.698768e-01
545           	warmPlate	1.256612e+03	1.262201e+03	3.701538e-01
545           	OVC	-1.149404e+03	-1.146822e+03	-3.698785e-01
546           	warmPlate	1.256607e+03	1.262196e+03	3.701522e-01
546           	OVC	-1.149410e+03	-1.146827e+03	-3.698801e-01
547           	warmPlate	1.256602e+03	1.262191e+03	3.701506e-01
547           	OVC	-1.149415e+03	-1.146832e+03	-3.698818e-01
548           	warmPlate	1.256596e+03	1.262185e+03	3.701490e-01
548           	OVC	-1.149420e+03	-1.146837e+03	-3.698834e-01
549           	warmPlate	1.256591e+03	1.262180e+03	3.701475e-01
549           	OVC	-1.149425e+03	-1.146842e+03	-3.698850e-01
550           	warmPlate	1.256586e+03	1.262175e+03	3.701460e-01
550           	OVC	-1.149429e+03	-1.146847e+03	-3.698865e-01
551           	warmPlate	1.256581e+03	1.262170e+03	3.701445e-01
551           	OVC	-1.149434e+03	-1.146852e+03	-3.698881e-01
552           	warmPlate	1.256576e+03	1.262165e+03	3.701430e-01
552           	OVC	-1.149439e+03	-1.146856e+03	-3.698896e-01
553           	warmPlate	1.256571e+03	1.262160e+03	3.701415e-01
553           	OVC	-1.149444e+03	-1.146861e+03	-3.698911e-01
554           	warmPlate	1.256566e+03	1.262155e+03	3.701401e-01
554           	OVC	-1.149448e+03	-1.146866e+03	-3.698926e-01
555           	warmPlate	1.256561e+03	1.262150e+03	3.701386e-01
555           	OVC	-1.149453e+03	-1.146870e+03	-3.698941e-01
556           	warmPlate	1.256556e+03	1.262145e+03	3.701372e-01
556           	OVC	-1.149457e+03	-1.146875e+03	-3.698956e-01
557           	warmPlate	1.256552e+03	1.262140e+03	3.701358e-01
557           	OVC	-1.149462e+03	-1.146879e+03	-3.698970e-01
558           	warmPlate	1.256547e+03	1.262136e+03	3.701344e-01
558           	OVC	-1.149466e+03	-1.146884e+03	-3.698984e-01
559           	warmPlate	1.256542e+03	1.262131e+03	3.701331e-01
559           	OVC	-1.149471e+03	-1.146888e+03	-3.698998e-01
560           	warmPlate	1.256538e+03	1.262126e+03	3.701317e-01
560           	OVC	-1.149475e+03	-1.146892e+03	-3.699012e-01
561           	warmPlate	1.256533e+03	1.262122e+03	3.701304e-01
561           	OVC	-1.149479e+03	-1.146897e+03	-3.699026e-01
562           	warmPlate	1.256529e+03	1.262117e+03	3.701291e-01
562           	OVC	-1.149484e+03	-1.146901e+03	-3.699040e-01
563           	warmPlate	1.256524e+03	1.262113e+03	3.701277e-01
563           	OVC	-1.149488e+03	-1.146905e+03	-3.699053e-01
564           	warmPlate	1.256520e+03	1.262108e+03	3.701265e-01
564           	OVC	-1.149492e+03	-1.146909e+03	-3.699066e-01
565           	warmPlate	1.256515e+03	1.262104e+03	3.701252e-01
565           	OVC	-1.149496e+03	-1.146913e+03	-3.699080e-01
566           	warmPlate	1.256511e+03	1.262100e+03	3.701239e-01
566           	OVC	-1.149500e+03	-1.146917e+03	-3.699093e-01
567           	warmPlate	1.256507e+03	1.262096e+03	3.701227e-01
567           	OVC	-1.149504e+03	-1.146921e+03	-3.699105e-01
568           	warmPlate	1.256503e+03	1.262091e+03	3.701215e-01
568           	OVC	-1.149508e+03	-1.146925e+03	-3.699118e-01
569           	warmPlate	1.256499e+03	1.262087e+03	3.701203e-01
569           	OVC	-1.149512e+03	-1.146929e+03	-3.699131e-01
570           	warmPlate	1.256495e+03	1.262083e+03	3.701191e-01
570           	OVC	-1.149516e+03	-1.146933e+03	-3.699143e-01
571           	warmPlate	1.256491e+03	1.262079e+03	3.701179e-01
571           	OVC	-1.149519e+03	-1.146937e+03	-3.699155e-01
572           	warmPlate	1.256487e+03	1.262075e+03	3.701167e-01
572           	OVC	-1.149523e+03	-1.146940e+03	-3.699167e-01
573           	warmPlate	1.256483e+03	1.262071e+03	3.701155e-01
573           	OVC	-1.149527e+03	-1.146944e+03	-3.699179e-01
574           	warmPlate	1.256479e+03	1.262067e+03	3.701144e-01
574           	OVC	-1.149531e+03	-1.146948e+03	-3.699191e-01
575           	warmPlate	1.256475e+03	1.262063e+03	3.701133e-01
575           	OVC	-1.149534e+03	-1.146951e+03	-3.699203e-01
576           	warmPlate	1.256471e+03	1.262060e+03	3.701122e-01
576           	OVC	-1.149538e+03	-1.146955e+03	-3.699214e-01
577           	warmPlate	1.256468e+03	1.262056e+03	3.701111e-01
577           	OVC	-1.149541e+03	-1.146959e+03	-3.699225e-01
578           	warmPlate	1.256464e+03	1.262052e+03	3.701100e-01
578           	OVC	-1.149545e+03	-1.146962e+03	-3.699237e-01
579           	warmPlate	1.256460e+03	1.262049e+03	3.701089e-01
579           	OVC	-1.149548e+03	-1.146965e+03	-3.699248e-01
580           	warmPlate	1.256457e+03	1.262045e+03	3.701078e-01
580           	OVC	-1.149552e+03	-1.146969e+03	-3.699259e-01
581           	warmPlate	1.256453e+03	1.262041e+03	3.701068e-01
581           	OVC	-1.149555e+03	-1.146972e+03	-3.699270e-01
582           	warmPlate	1.256450e+03	1.262038e+03	3.701058e-01
582           	OVC	-1.149558e+03	-1.146976e+03	-3.699280e-01
583           	warmPlate	1.256446e+03	1.262034e+03	3.701047e-01
583           	OVC	-1.149562e+03	-1.146979e+03	-3.699291e-01
584           	warmPlate	1.256443e+03	1.262031e+03	3.701037e-01
584           	OVC	-1.149565e+03	-1.146982e+03	-3.699301e-01
585           	warmPlate	1.256439e+03	1.262027e+03	3.701027e-01
585           	OVC	-1.149568e+03	-1.146985e+03	-3.699312e-01
586           	warmPlate	1.256436e+03	1.262024e+03	3.701017e-01
586           	OVC	-1.149571e+03	-1.146988e+03	-3.699322e-01
587           	warmPlate	1.256433e+03	1.262021e+03	3.701007e-01
587           	OVC	-1.149574e+03	-1.146992e+03	-3.699332e-01
588           	warmPlate	1.256429e+03	1.262017e+03	3.700998e-01
588           	OVC	-1.149577e+03	-1.146995e+03	-3.699342e-01
589           	warmPlate	1.256426e+03	1.262014e+03	3.700988e-01
589           	OVC	-1.149581e+03	-1.146998e+03	-3.699352e-01
590           	warmPlate	1.256423e+03	1.262011e+03	3.700979e-01
590           	OVC	-1.149584e+03	-1.147001e+03	-3.699361e-01
591           	warmPlate	1.256420e+03	1.262008e+03	3.700970e-01
591           	OVC	-1.149587e+03	-1.147004e+03	-3.699371e-01
592           	warmPlate	1.256417e+03	1.262005e+03	3.700960e-01
592           	OVC	-1.149589e+03	-1.147007e+03	-3.699381e-01
593           	warmPlate	1.256413e+03	1.262002e+03	3.700951e-01
593           	OVC	-1.149592e+03	-1.147010e+03	-3.699390e-01
594           	warmPlate	1.256410e+03	1.261999e+03	3.700942e-01
594           	OVC	-1.149595e+03	-1.147012e+03	-3.699399e-01
595           	warmPlate	1.256407e+03	1.261996e+03	3.700933e-01
595           	OVC	-1.149598e+03	-1.147015e+03	-3.699408e-01
596           	warmPlate	1.256404e+03	1.261993e+03	3.700925e-01
596           	OVC	-1.149601e+03	-1.147018e+03	-3.699417e-01
597           	warmPlate	1.256401e+03	1.261990e+03	3.700916e-01
597           	OVC	-1.149604e+03	-1.147021e+03	-3.699426e-01
598           	warmPlate	1.256399e+03	1.261987e+03	3.700907e-01
598           	OVC	-1.149606e+03	-1.147024e+03	-3.699435e-01
599           	warmPlate	1.256396e+03	1.261984e+03	3.700899e-01
599           	OVC	-1.149609e+03	-1.147026e+03	-3.699444e-01
600           	warmPlate	1.256393e+03	1.261981e+03	3.700891e-01
600           	OVC	-1.149612e+03	-1.147029e+03	-3.699453e-01
601           	warmPlate	1.256390e+03	1.261978e+03	3.700882e-01
601           	OVC	-1.149614e+03	-1.147032e+03	-3.699461e-01
602           	warmPlate	1.256387e+03	1.261975e+03	3.700874e-01
602           	OVC	-1.149617e+03	-1.147034e+03	-3.699469e-01
603           	warmPlate	1.256385e+03	1.261973e+03	3.700866e-01
603           	OVC	-1.149620e+03	-1.147037e+03	-3.699478e-01
604           	warmPlate	1.256382e+03	1.261970e+03	3.700858e-01
604           	OVC	-1.149622e+03	-1.147039e+03	-3.699486e-01
605           	warmPlate	1.256379e+03	1.261967e+03	3.700850e-01
605           	OVC	-1.149625e+03	-1.147042e+03	-3.699494e-01
606           	warmPlate	1.256377e+03	1.261964e+03	3.700843e-01
606           	OVC	-1.149627e+03	-1.147044e+03	-3.699502e-01
607           	warmPlate	1.256374e+03	1.261962e+03	3.700835e-01
607           	OVC	-1.149630e+03	-1.147047e+03	-3.699510e-01
608           	warmPlate	1.256371e+03	1.261959e+03	3.700827e-01
608           	OVC	-1.149632e+03	-1.147049e+03	-3.699518e-01
609           	warmPlate	1.256369e+03	1.261957e+03	3.700820e-01
609           	OVC	-1.149635e+03	-1.147052e+03	-3.699526e-01
610           	warmPlate	1.256366e+03	1.261954e+03	3.700812e-01
610           	OVC	-1.149637e+03	-1.147054e+03	-3.699533e-01
611           	warmPlate	1.256364e+03	1.261952e+03	3.700805e-01
611           	OVC	-1.149639e+03	-1.147056e+03	-3.699541e-01
612           	warmPlate	1.256361e+03	1.261949e+03	3.700798e-01
612           	OVC	-1.149642e+03	-1.147059e+03	-3.699548e-01
613           	warmPlate	1.256359e+03	1.261947e+03	3.700791e-01
613           	OVC	-1.149644e+03	-1.147061e+03	-3.699556e-01
614           	warmPlate	1.256357e+03	1.261944e+03	3.700784e-01
614           	OVC	-1.149646e+03	-1.147063e+03	-3.699563e-01
615           	warmPlate	1.256354e+03	1.261942e+03	3.700777e-01
615           	OVC	-1.149648e+03	-1.147065e+03	-3.699570e-01
616           	warmPlate	1.256352e+03	1.261940e+03	3.700770e-01
616           	OVC	-1.149651e+03	-1.147068e+03	-3.699577e-01
617           	warmPlate	1.256349e+03	1.261937e+03	3.700763e-01
617           	OVC	-1.149653e+03	-1.147070e+03	-3.699584e-01
618           	warmPlate	1.256347e+03	1.261935e+03	3.700756e-01
618           	OVC	-1.149655e+03	-1.147072e+03	-3.699591e-01
619           	warmPlate	1.256345e+03	1.261933e+03	3.700749e-01
619           	OVC	-1.149657e+03	-1.147074e+03	-3.699598e-01
620           	warmPlate	1.256343e+03	1.261931e+03	3.700743e-01
620           	OVC	-1.149659e+03	-1.147076e+03	-3.699605e-01
621           	warmPlate	1.256340e+03	1.261928e+03	3.700736e-01
621           	OVC	-1.149661e+03	-1.147078e+03	-3.699612e-01
622           	warmPlate	1.256338e+03	1.261926e+03	3.700730e-01
622           	OVC	-1.149663e+03	-1.147080e+03	-3.699618e-01
623           	warmPlate	1.256336e+03	1.261924e+03	3.700724e-01
623           	OVC	-1.149665e+03	-1.147082e+03	-3.699625e-01
624           	warmPlate	1.256334e+03	1.261922e+03	3.700717e-01
624           	OVC	-1.149667e+03	-1.147084e+03	-3.699631e-01
625           	warmPlate	1.256332e+03	1.261920e+03	3.700711e-01
625           	OVC	-1.149669e+03	-1.147086e+03	-3.699638e-01
626           	warmPlate	1.256330e+03	1.261918e+03	3.700705e-01
626           	OVC	-1.149671e+03	-1.147088e+03	-3.699644e-01
627           	warmPlate	1.256328e+03	1.261916e+03	3.700699e-01
627           	OVC	-1.149673e+03	-1.147090e+03	-3.699650e-01
628           	warmPlate	1.256326e+03	1.261914e+03	3.700693e-01
628           	OVC	-1.149675e+03	-1.147092e+03	-3.699656e-01
629           	warmPlate	1.256324e+03	1.261911e+03	3.700687e-01
629           	OVC	-1.149677e+03	-1.147094e+03	-3.699663e-01
630           	warmPlate	1.256322e+03	1.261909e+03	3.700681e-01
630           	OVC	-1.149679e+03	-1.147096e+03	-3.699669e-01
631           	warmPlate	1.256320e+03	1.261908e+03	3.700675e-01
631           	OVC	-1.149681e+03	-1.147098e+03	-3.699675e-01
632           	warmPlate	1.256318e+03	1.261906e+03	3.700670e-01
632           	OVC	-1.149683e+03	-1.147100e+03	-3.699680e-01
633           	warmPlate	1.256316e+03	1.261904e+03	3.700664e-01
633           	OVC	-1.149684e+03	-1.147101e+03	-3.699686e-01
634           	warmPlate	1.256314e+03	1.261902e+03	3.700659e-01
634           	OVC	-1.149686e+03	-1.147103e+03	-3.699692e-01
635           	warmPlate	1.256312e+03	1.261900e+03	3.700653e-01
635           	OVC	-1.149688e+03	-1.147105e+03	-3.699698e-01
636           	warmPlate	1.256310e+03	1.261898e+03	3.700648e-01
636           	OVC	-1.149690e+03	-1.147107e+03	-3.699703e-01
637           	warmPlate	1.256309e+03	1.261896e+03	3.700642e-01
637           	OVC	-1.149691e+03	-1.147108e+03	-3.699709e-01
638           	warmPlate	1.256307e+03	1.261894e+03	3.700637e-01
638           	OVC	-1.149693e+03	-1.147110e+03	-3.699714e-01
639           	warmPlate	1.256305e+03	1.261893e+03	3.700632e-01
639           	OVC	-1.149695e+03	-1.147112e+03	-3.699720e-01
640           	warmPlate	1.256303e+03	1.261891e+03	3.700627e-01
640           	OVC	-1.149697e+03	-1.147113e+03	-3.699725e-01
641           	warmPlate	1.256301e+03	1.261889e+03	3.700621e-01
641           	OVC	-1.149698e+03	-1.147115e+03	-3.699730e-01
642           	warmPlate	1.256300e+03	1.261887e+03	3.700616e-01
642           	OVC	-1.149700e+03	-1.147117e+03	-3.699736e-01
643           	warmPlate	1.256298e+03	1.261886e+03	3.700611e-01
643           	OVC	-1.149701e+03	-1.147118e+03	-3.699741e-01
644           	warmPlate	1.256296e+03	1.261884e+03	3.700606e-01
644           	OVC	-1.149703e+03	-1.147120e+03	-3.699746e-01
645           	warmPlate	1.256295e+03	1.261882e+03	3.700602e-01
645           	OVC	-1.149705e+03	-1.147121e+03	-3.699751e-01
646           	warmPlate	1.256293e+03	1.261881e+03	3.700597e-01
646           	OVC	-1.149706e+03	-1.147123e+03	-3.699756e-01
647           	warmPlate	1.256291e+03	1.261879e+03	3.700592e-01
647           	OVC	-1.149708e+03	-1.147124e+03	-3.699761e-01
648           	warmPlate	1.256290e+03	1.261877e+03	3.700587e-01
648           	OVC	-1.149709e+03	-1.147126e+03	-3.699766e-01
649           	warmPlate	1.256288e+03	1.261876e+03	3.700583e-01
649           	OVC	-1.149711e+03	-1.147127e+03	-3.699770e-01
650           	warmPlate	1.256287e+03	1.261874e+03	3.700578e-01
650           	OVC	-1.149712e+03	-1.147129e+03	-3.699775e-01
651           	warmPlate	1.256285e+03	1.261873e+03	3.700574e-01
651           	OVC	-1.149714e+03	-1.147130e+03	-3.699780e-01
652           	warmPlate	1.256284e+03	1.261871e+03	3.700569e-01
652           	OVC	-1.149715e+03	-1.147132e+03	-3.699784e-01
653           	warmPlate	1.256282e+03	1.261870e+03	3.700565e-01
653           	OVC	-1.149716e+03	-1.147133e+03	-3.699789e-01
654           	warmPlate	1.256281e+03	1.261868e+03	3.700560e-01
654           	OVC	-1.149718e+03	-1.147135e+03	-3.699793e-01
655           	warmPlate	1.256279e+03	1.261867e+03	3.700556e-01
655           	OVC	-1.149719e+03	-1.147136e+03	-3.699798e-01
656           	warmPlate	1.256278e+03	1.261865e+03	3.700552e-01
656           	OVC	-1.149721e+03	-1.147137e+03	-3.699802e-01
657           	warmPlate	1.256276e+03	1.261864e+03	3.700547e-01
657           	OVC	-1.149722e+03	-1.147139e+03	-3.699807e-01
658           	warmPlate	1.256275e+03	1.261862e+03	3.700543e-01
658           	OVC	-1.149723e+03	-1.147140e+03	-3.699811e-01
659           	warmPlate	1.256274e+03	1.261861e+03	3.700539e-01
659           	OVC	-1.149725e+03	-1.147141e+03	-3.699815e-01
660           	warmPlate	1.256272e+03	1.261860e+03	3.700535e-01
660           	OVC	-1.149726e+03	-1.147143e+03	-3.699819e-01
661           	warmPlate	1.256271e+03	1.261858e+03	3.700531e-01
661           	OVC	-1.149727e+03	-1.147144e+03	-3.699824e-01
662           	warmPlate	1.256269e+03	1.261857e+03	3.700527e-01
662           	OVC	-1.149728e+03	-1.147145e+03	-3.699828e-01
663           	warmPlate	1.256268e+03	1.261856e+03	3.700523e-01
663           	OVC	-1.149730e+03	-1.147147e+03	-3.699832e-01
664           	warmPlate	1.256267e+03	1.261854e+03	3.700519e-01
664           	OVC	-1.149731e+03	-1.147148e+03	-3.699836e-01
665           	warmPlate	1.256265e+03	1.261853e+03	3.700515e-01
665           	OVC	-1.149732e+03	-1.147149e+03	-3.699840e-01
666           	warmPlate	1.256264e+03	1.261852e+03	3.700512e-01
666           	OVC	-1.149733e+03	-1.147150e+03	-3.699844e-01
667           	warmPlate	1.256263e+03	1.261850e+03	3.700508e-01
667           	OVC	-1.149735e+03	-1.147151e+03	-3.699847e-01
668           	warmPlate	1.256262e+03	1.261849e+03	3.700504e-01
668           	OVC	-1.149736e+03	-1.147153e+03	-3.699851e-01
669           	warmPlate	1.256260e+03	1.261848e+03	3.700501e-01
669           	OVC	-1.149737e+03	-1.147154e+03	-3.699855e-01
670           	warmPlate	1.256259e+03	1.261847e+03	3.700497e-01
670           	OVC	-1.149738e+03	-1.147155e+03	-3.699859e-01
671           	warmPlate	1.256258e+03	1.261845e+03	3.700493e-01
671           	OVC	-1.149739e+03	-1.147156e+03	-3.699863e-01
672           	warmPlate	1.256257e+03	1.261844e+03	3.700490e-01
672           	OVC	-1.149740e+03	-1.147157e+03	-3.699866e-01
673           	warmPlate	1.256256e+03	1.261843e+03	3.700486e-01
673           	OVC	-1.149741e+03	-1.147158e+03	-3.699870e-01
674           	warmPlate	1.256254e+03	1.261842e+03	3.700483e-01
674           	OVC	-1.149743e+03	-1.147159e+03	-3.699873e-01
675           	warmPlate	1.256253e+03	1.261841e+03	3.700479e-01
675           	OVC	-1.149744e+03	-1.147160e+03	-3.699877e-01
676           	warmPlate	1.256252e+03	1.261840e+03	3.700476e-01
676           	OVC	-1.149745e+03	-1.147162e+03	-3.699880e-01
677           	warmPlate	1.256251e+03	1.261838e+03	3.700473e-01
677           	OVC	-1.149746e+03	-1.147163e+03	-3.699884e-01
678           	warmPlate	1.256250e+03	1.261837e+03	3.700469e-01
678           	OVC	-1.149747e+03	-1.147164e+03	-3.699887e-01
679           	warmPlate	1.256249e+03	1.261836e+03	3.700466e-01
679           	OVC	-1.149748e+03	-1.147165e+03	-3.699890e-01
680           	warmPlate	1.256248e+03	1.261835e+03	3.700463e-01
680           	OVC	-1.149749e+03	-1.147166e+03	-3.699894e-01
681           	warmPlate	1.256247e+03	1.261834e+03	3.700460e-01
681           	OVC	-1.149750e+03	-1.147167e+03	-3.699897e-01
682           	warmPlate	1.256246e+03	1.261833e+03	3.700457e-01
682           	OVC	-1.149751e+03	-1.147168e+03	-3.699900e-01
683           	warmPlate	1.256245e+03	1.261832e+03	3.700454e-01
683           	OVC	-1.149752e+03	-1.147169e+03	-3.699903e-01
684           	warmPlate	1.256243e+03	1.261831e+03	3.700451e-01
684           	OVC	-1.149753e+03	-1.147170e+03	-3.699907e-01
685           	warmPlate	1.256242e+03	1.261830e+03	3.700448e-01
685           	OVC	-1.149754e+03	-1.147171e+03	-3.699910e-01
686           	warmPlate	1.256241e+03	1.261829e+03	3.700445e-01
686           	OVC	-1.149755e+03	-1.147172e+03	-3.699913e-01
687           	warmPlate	1.256240e+03	1.261828e+03	3.700442e-01
687           	OVC	-1.149756e+03	-1.147173e+03	-3.699916e-01
688           	warmPlate	1.256239e+03	1.261827e+03	3.700439e-01
688           	OVC	-1.149757e+03	-1.147173e+03	-3.699919e-01
689           	warmPlate	1.256238e+03	1.261826e+03	3.700436e-01
689           	OVC	-1.149758e+03	-1.147174e+03	-3.699922e-01
690           	warmPlate	1.256238e+03	1.261825e+03	3.700433e-01
690           	OVC	-1.149759e+03	-1.147175e+03	-3.699925e-01
691           	warmPlate	1.256237e+03	1.261824e+03	3.700430e-01
691           	OVC	-1.149759e+03	-1.147176e+03	-3.699928e-01
692           	warmPlate	1.256236e+03	1.261823e+03	3.700427e-01
692           	OVC	-1.149760e+03	-1.147177e+03	-3.699930e-01
693           	warmPlate	1.256235e+03	1.261822e+03	3.700425e-01
693           	OVC	-1.149761e+03	-1.147178e+03	-3.699933e-01
694           	warmPlate	1.256234e+03	1.261821e+03	3.700422e-01
694           	OVC	-1.149762e+03	-1.147179e+03	-3.699936e-01
695           	warmPlate	1.256233e+03	1.261820e+03	3.700419e-01
695           	OVC	-1.149763e+03	-1.147180e+03	-3.699939e-01
696           	warmPlate	1.256232e+03	1.261819e+03	3.700417e-01
696           	OVC	-1.149764e+03	-1.147181e+03	-3.699942e-01
697           	warmPlate	1.256231e+03	1.261818e+03	3.700414e-01
697           	OVC	-1.149765e+03	-1.147181e+03	-3.699944e-01
698           	warmPlate	1.256230e+03	1.261818e+03	3.700411e-01
698           	OVC	-1.149765e+03	-1.147182e+03	-3.699947e-01
699           	warmPlate	1.256229e+03	1.261817e+03	3.700409e-01
699           	OVC	-1.149766e+03	-1.147183e+03	-3.699950e-01
700           	warmPlate	1.256228e+03	1.261816e+03	3.700406e-01
700           	OVC	-1.149767e+03	-1.147184e+03	-3.699952e-01
701           	warmPlate	1.256228e+03	1.261815e+03	3.700404e-01
701           	OVC	-1.149768e+03	-1.147185e+03	-3.699955e-01
702           	warmPlate	1.256227e+03	1.261814e+03	3.700401e-01
702           	OVC	-1.149769e+03	-1.147185e+03	-3.699957e-01
703           	warmPlate	1.256226e+03	1.261813e+03	3.700399e-01
703           	OVC	-1.149769e+03	-1.147186e+03	-3.699960e-01
704           	warmPlate	1.256225e+03	1.261812e+03	3.700397e-01
704           	OVC	-1.149770e+03	-1.147187e+03	-3.699962e-01
705           	warmPlate	1.256224e+03	1.261812e+03	3.700394e-01
705           	OVC	-1.149771e+03	-1.147188e+03	-3.699965e-01
706           	warmPlate	1.256224e+03	1.261811e+03	3.700392e-01
706           	OVC	-1.149772e+03	-1.147188e+03	-3.699967e-01
707           	warmPlate	1.256223e+03	1.261810e+03	3.700390e-01
707           	OVC	-1.149772e+03	-1.147189e+03	-3.699970e-01
708           	warmPlate	1.256222e+03	1.261809e+03	3.700387e-01
708           	OVC	-1.149773e+03	-1.147190e+03	-3.699972e-01
709           	warmPlate	1.256221e+03	1.261808e+03	3.700385e-01
709           	OVC	-1.149774e+03	-1.147191e+03	-3.699974e-01
710           	warmPlate	1.256220e+03	1.261808e+03	3.700383e-01
710           	OVC	-1.149775e+03	-1.147191e+03	-3.699977e-01
711           	warmPlate	1.256220e+03	1.261807e+03	3.700381e-01
711           	OVC	-1.149775e+03	-1.147192e+03	-3.699979e-01
712           	warmPlate	1.256219e+03	1.261806e+03	3.700378e-01
712           	OVC	-1.149776e+03	-1.147193e+03	-3.699981e-01
713           	warmPlate	1.256218e+03	1.261805e+03	3.700376e-01
713           	OVC	-1.149777e+03	-1.147193e+03	-3.699983e-01
714           	warmPlate	1.256218e+03	1.261805e+03	3.700374e-01
714           	OVC	-1.149777e+03	-1.147194e+03	-3.699986e-01
715           	warmPlate	1.256217e+03	1.261804e+03	3.700372e-01
715           	OVC	-1.149778e+03	-1.147195e+03	-3.699988e-01
716           	warmPlate	1.256216e+03	1.261803e+03	3.700370e-01
716           	OVC	-1.149779e+03	-1.147196e+03	-3.699990e-01
717           	warmPlate	1.256215e+03	1.261803e+03	3.700368e-01
717           	OVC	-1.149779e+03	-1.147196e+03	-3.699992e-01
718           	warmPlate	1.256215e+03	1.261802e+03	3.700366e-01
718           	OVC	-1.149780e+03	-1.147197e+03	-3.699994e-01
719           	warmPlate	1.256214e+03	1.261801e+03	3.700364e-01
719           	OVC	-1.149781e+03	-1.147197e+03	-3.699996e-01
720           	warmPlate	1.256213e+03	1.261801e+03	3.700362e-01
720           	OVC	-1.149781e+03	-1.147198e+03	-3.699998e-01
721           	warmPlate	1.256213e+03	1.261800e+03	3.700360e-01
721           	OVC	-1.149782e+03	-1.147199e+03	-3.700000e-01
722           	warmPlate	1.256212e+03	1.261799e+03	3.700358e-01
722           	OVC	-1.149783e+03	-1.147199e+03	-3.700002e-01
723           	warmPlate	1.256212e+03	1.261799e+03	3.700356e-01
723           	OVC	-1.149783e+03	-1.147200e+03	-3.700004e-01
724           	warmPlate	1.256211e+03	1.261798e+03	3.700355e-01
724           	OVC	-1.149784e+03	-1.147200e+03	-3.700006e-01
725           	warmPlate	1.256210e+03	1.261797e+03	3.700353e-01
725           	OVC	-1.149784e+03	-1.147201e+03	-3.700008e-01
726           	warmPlate	1.256210e+03	1.261797e+03	3.700351e-01
726           	OVC	-1.149785e+03	-1.147202e+03	-3.700009e-01
727           	warmPlate	1.256209e+03	1.261796e+03	3.700349e-01
727           	OVC	-1.149785e+03	-1.147202e+03	-3.700011e-01
728           	warmPlate	1.256208e+03	1.261796e+03	3.700347e-01
728           	OVC	-1.149786e+03	-1.147203e+03	-3.700013e-01
729           	warmPlate	1.256208e+03	1.261795e+03	3.700346e-01
729           	OVC	-1.149787e+03	-1.147203e+03	-3.700015e-01
730           	warmPlate	1.256207e+03	1.261794e+03	3.700344e-01
730           	OVC	-1.149787e+03	-1.147204e+03	-3.700017e-01
731           	warmPlate	1.256207e+03	1.261794e+03	3.700342e-01
731           	OVC	-1.149788e+03	-1.147204e+03	-3.700018e-01
732           	warmPlate	1.256206e+03	1.261793e+03	3.700341e-01
732           	OVC	-1.149788e+03	-1.147205e+03	-3.700020e-01
733           	warmPlate	1.256206e+03	1.261793e+03	3.700339e-01
733           	OVC	-1.149789e+03	-1.147205e+03	-3.700022e-01
734           	warmPlate	1.256205e+03	1.261792e+03	3.700337e-01
734           	OVC	-1.149789e+03	-1.147206e+03	-3.700024e-01
735           	warmPlate	1.256204e+03	1.261792e+03	3.700336e-01
735           	OVC	-1.149790e+03	-1.147206e+03	-3.700025e-01
736           	warmPlate	1.256204e+03	1.261791e+03	3.700334e-01
736           	OVC	-1.149790e+03	-1.147207e+03	-3.700027e-01
737           	warmPlate	1.256203e+03	1.261791e+03	3.700333e-01
737           	OVC	-1.149791e+03	-1.147207e+03	-3.700028e-01
738           	warmPlate	1.256203e+03	1.261790e+03	3.700331e-01
738           	OVC	-1.149791e+03	-1.147208e+03	-3.700030e-01
739           	warmPlate	1.256202e+03	1.261790e+03	3.700329e-01
739           	OVC	-1.149792e+03	-1.147208e+03	-3.700032e-01
740           	warmPlate	1.256202e+03	1.261789e+03	3.700328e-01
740           	OVC	-1.149792e+03	-1.147209e+03	-3.700033e-01
741           	warmPlate	1.256201e+03	1.261789e+03	3.700326e-01
741           	OVC	-1.149793e+03	-1.147209e+03	-3.700035e-01
742           	warmPlate	1.256201e+03	1.261788e+03	3.700325e-01
742           	OVC	-1.149793e+03	-1.147210e+03	-3.700036e-01
743           	warmPlate	1.256200e+03	1.261787e+03	3.700323e-01
743           	OVC	-1.149794e+03	-1.147210e+03	-3.700038e-01
744           	warmPlate	1.256200e+03	1.261787e+03	3.700322e-01
744           	OVC	-1.149794e+03	-1.147211e+03	-3.700039e-01
745           	warmPlate	1.256199e+03	1.261787e+03	3.700321e-01
745           	OVC	-1.149795e+03	-1.147211e+03	-3.700041e-01
746           	warmPlate	1.256199e+03	1.261786e+03	3.700319e-01
746           	OVC	-1.149795e+03	-1.147212e+03	-3.700042e-01
747           	warmPlate	1.256198e+03	1.261786e+03	3.700318e-01
747           	OVC	-1.149795e+03	-1.147212e+03	-3.700044e-01
748           	warmPlate	1.256198e+03	1.261785e+03	3.700317e-01
748           	OVC	-1.149796e+03	-1.147213e+03	-3.700045e-01
749           	warmPlate	1.256198e+03	1.261785e+03	3.700315e-01
749           	OVC	-1.149796e+03	-1.147213e+03	-3.700046e-01
750           	warmPlate	1.256197e+03	1.261784e+03	3.700314e-01
750           	OVC	-1.149797e+03	-1.147213e+03	-3.700048e-01
751           	warmPlate	1.256197e+03	1.261784e+03	3.700313e-01
751           	OVC	-1.149797e+03	-1.147214e+03	-3.700049e-01
752           	warmPlate	1.256196e+03	1.261783e+03	3.700311e-01
752           	OVC	-1.149798e+03	-1.147214e+03	-3.700050e-01
753           	warmPlate	1.256196e+03	1.261783e+03	3.700310e-01
753           	OVC	-1.149798e+03	-1.147215e+03	-3.700052e-01
754           	warmPlate	1.256195e+03	1.261783e+03	3.700309e-01
754           	OVC	-1.149798e+03	-1.147215e+03	-3.700053e-01
755           	warmPlate	1.256195e+03	1.261782e+03	3.700308e-01
755           	OVC	-1.149799e+03	-1.147215e+03	-3.700054e-01
756           	warmPlate	1.256195e+03	1.261782e+03	3.700306e-01
756           	OVC	-1.149799e+03	-1.147216e+03	-3.700055e-01
757           	warmPlate	1.256194e+03	1.261781e+03	3.700305e-01
757           	OVC	-1.149800e+03	-1.147216e+03	-3.700057e-01
758           	warmPlate	1.256194e+03	1.261781e+03	3.700304e-01
758           	OVC	-1.149800e+03	-1.147217e+03	-3.700058e-01
759           	warmPlate	1.256193e+03	1.261780e+03	3.700303e-01
759           	OVC	-1.149800e+03	-1.147217e+03	-3.700059e-01
760           	warmPlate	1.256193e+03	1.261780e+03	3.700302e-01
760           	OVC	-1.149801e+03	-1.147217e+03	-3.700060e-01
761           	warmPlate	1.256193e+03	1.261780e+03	3.700301e-01
761           	OVC	-1.149801e+03	-1.147218e+03	-3.700061e-01
762           	warmPlate	1.256192e+03	1.261779e+03	3.700299e-01
762           	OVC	-1.149801e+03	-1.147218e+03	-3.700063e-01
763           	warmPlate	1.256192e+03	1.261779e+03	3.700298e-01
763           	OVC	-1.149802e+03	-1.147218e+03	-3.700064e-01
764           	warmPlate	1.256191e+03	1.261779e+03	3.700297e-01
764           	OVC	-1.149802e+03	-1.147219e+03	-3.700065e-01
765           	warmPlate	1.256191e+03	1.261778e+03	3.700296e-01
765           	OVC	-1.149802e+03	-1.147219e+03	-3.700066e-01
766           	warmPlate	1.256191e+03	1.261778e+03	3.700295e-01
766           	OVC	-1.149803e+03	-1.147219e+03	-3.700067e-01
767           	warmPlate	1.256190e+03	1.261777e+03	3.700294e-01
767           	OVC	-1.149803e+03	-1.147220e+03	-3.700068e-01
768           	warmPlate	1.256190e+03	1.261777e+03	3.700293e-01
768           	OVC	-1.149803e+03	-1.147220e+03	-3.700069e-01
769           	warmPlate	1.256190e+03	1.261777e+03	3.700292e-01
769           	OVC	-1.149804e+03	-1.147221e+03	-3.700070e-01
770           	warmPlate	1.256189e+03	1.261776e+03	3.700291e-01
770           	OVC	-1.149804e+03	-1.147221e+03	-3.700072e-01
771           	warmPlate	1.256189e+03	1.261776e+03	3.700290e-01
771           	OVC	-1.149804e+03	-1.147221e+03	-3.700073e-01
772           	warmPlate	1.256189e+03	1.261776e+03	3.700289e-01
772           	OVC	-1.149805e+03	-1.147221e+03	-3.700074e-01
773           	warmPlate	1.256188e+03	1.261775e+03	3.700288e-01
773           	OVC	-1.149805e+03	-1.147222e+03	-3.700075e-01
774           	warmPlate	1.256188e+03	1.261775e+03	3.700287e-01
774           	OVC	-1.149805e+03	-1.147222e+03	-3.700076e-01
775           	warmPlate	1.256188e+03	1.261775e+03	3.700286e-01
775           	OVC	-1.149806e+03	-1.147222e+03	-3.700077e-01
776           	warmPlate	1.256187e+03	1.261774e+03	3.700285e-01
776           	OVC	-1.149806e+03	-1.147223e+03	-3.700078e-01
777           	warmPlate	1.256187e+03	1.261774e+03	3.700284e-01
777           	OVC	-1.149806e+03	-1.147223e+03	-3.700078e-01
778           	warmPlate	1.256187e+03	1.261774e+03	3.700283e-01
778           	OVC	-1.149807e+03	-1.147223e+03	-3.700079e-01
779           	warmPlate	1.256186e+03	1.261773e+03	3.700282e-01
779           	OVC	-1.149807e+03	-1.147224e+03	-3.700080e-01
780           	warmPlate	1.256186e+03	1.261773e+03	3.700281e-01
780           	OVC	-1.149807e+03	-1.147224e+03	-3.700081e-01
781           	warmPlate	1.256186e+03	1.261773e+03	3.700281e-01
781           	OVC	-1.149807e+03	-1.147224e+03	-3.700082e-01
782           	warmPlate	1.256185e+03	1.261773e+03	3.700280e-01
782           	OVC	-1.149808e+03	-1.147224e+03	-3.700083e-01
783           	warmPlate	1.256185e+03	1.261772e+03	3.700279e-01
783           	OVC	-1.149808e+03	-1.147225e+03	-3.700084e-01
784           	warmPlate	1.256185e+03	1.261772e+03	3.700278e-01
784           	OVC	-1.149808e+03	-1.147225e+03	-3.700085e-01
785           	warmPlate	1.256185e+03	1.261772e+03	3.700277e-01
785           	OVC	-1.149809e+03	-1.147225e+03	-3.700086e-01
786           	warmPlate	1.256184e+03	1.261771e+03	3.700276e-01
786           	OVC	-1.149809e+03	-1.147225e+03	-3.700086e-01
787           	warmPlate	1.256184e+03	1.261771e+03	3.700276e-01
787           	OVC	-1.149809e+03	-1.147226e+03	-3.700087e-01
788           	warmPlate	1.256184e+03	1.261771e+03	3.700275e-01
788           	OVC	-1.149809e+03	-1.147226e+03	-3.700088e-01
789           	warmPlate	1.256184e+03	1.261771e+03	3.700274e-01
789           	OVC	-1.149810e+03	-1.147226e+03	-3.700089e-01
790           	warmPlate	1.256183e+03	1.261770e+03	3.700273e-01
790           	OVC	-1.149810e+03	-1.147226e+03	-3.700090e-01
791           	warmPlate	1.256183e+03	1.261770e+03	3.700272e-01
791           	OVC	-1.149810e+03	-1.147227e+03	-3.700091e-01
792           	warmPlate	1.256183e+03	1.261770e+03	3.700272e-01
792           	OVC	-1.149810e+03	-1.147227e+03	-3.700091e-01
793           	warmPlate	1.256182e+03	1.261770e+03	3.700271e-01
793           	OVC	-1.149811e+03	-1.147227e+03	-3.700092e-01
794           	warmPlate	1.256182e+03	1.261769e+03	3.700270e-01
794           	OVC	-1.149811e+03	-1.147227e+03	-3.700093e-01
795           	warmPlate	1.256182e+03	1.261769e+03	3.700269e-01
795           	OVC	-1.149811e+03	-1.147228e+03	-3.700094e-01
796           	warmPlate	1.256182e+03	1.261769e+03	3.700269e-01
796           	OVC	-1.149811e+03	-1.147228e+03	-3.700094e-01
797           	warmPlate	1.256181e+03	1.261769e+03	3.700268e-01
797           	OVC	-1.149812e+03	-1.147228e+03	-3.700095e-01
798           	warmPlate	1.256181e+03	1.261768e+03	3.700267e-01
798           	OVC	-1.149812e+03	-1.147228e+03	-3.700096e-01
799           	warmPlate	1.256181e+03	1.261768e+03	3.700266e-01
799           	OVC	-1.149812e+03	-1.147229e+03	-3.700097e-01
800           	warmPlate	1.256181e+03	1.261768e+03	3.700266e-01
800           	OVC	-1.149812e+03	-1.147229e+03	-3.700097e-01
801           	warmPlate	1.256181e+03	1.261768e+03	3.700265e-01
801           	OVC	-1.149812e+03	-1.147229e+03	-3.700098e-01
802           	warmPlate	1.256180e+03	1.261767e+03	3.700264e-01
802           	OVC	-1.149813e+03	-1.147229e+03	-3.700099e-01
803           	warmPlate	1.256180e+03	1.261767e+03	3.700264e-01
803           	OVC	-1.149813e+03	-1.147230e+03	-3.700100e-01
804           	warmPlate	1.256180e+03	1.261767e+03	3.700263e-01
804           	OVC	-1.149813e+03	-1.147230e+03	-3.700100e-01
805           	warmPlate	1.256180e+03	1.261767e+03	3.700262e-01
805           	OVC	-1.149813e+03	-1.147230e+03	-3.700101e-01
806           	warmPlate	1.256179e+03	1.261767e+03	3.700262e-01
806           	OVC	-1.149813e+03	-1.147230e+03	-3.700101e-01
807           	warmPlate	1.256179e+03	1.261766e+03	3.700261e-01
807           	OVC	-1.149814e+03	-1.147230e+03	-3.700102e-01
808           	warmPlate	1.256179e+03	1.261766e+03	3.700261e-01
808           	OVC	-1.149814e+03	-1.147230e+03	-3.700103e-01
809           	warmPlate	1.256179e+03	1.261766e+03	3.700260e-01
809           	OVC	-1.149814e+03	-1.147231e+03	-3.700103e-01
810           	warmPlate	1.256179e+03	1.261766e+03	3.700260e-01
810           	OVC	-1.149814e+03	-1.147231e+03	-3.700104e-01
811           	warmPlate	1.256178e+03	1.261765e+03	3.700259e-01
811           	OVC	-1.149814e+03	-1.147231e+03	-3.700104e-01
812           	warmPlate	1.256178e+03	1.261765e+03	3.700258e-01
812           	OVC	-1.149815e+03	-1.147231e+03	-3.700105e-01
813           	warmPlate	1.256178e+03	1.261765e+03	3.700258e-01
813           	OVC	-1.149815e+03	-1.147231e+03	-3.700106e-01
814           	warmPlate	1.256178e+03	1.261765e+03	3.700257e-01
814           	OVC	-1.149815e+03	-1.147232e+03	-3.700106e-01
815           	warmPlate	1.256178e+03	1.261765e+03	3.700257e-01
815           	OVC	-1.149815e+03	-1.147232e+03	-3.700107e-01
816           	warmPlate	1.256177e+03	1.261765e+03	3.700256e-01
816           	OVC	-1.149815e+03	-1.147232e+03	-3.700107e-01
817           	warmPlate	1.256177e+03	1.261764e+03	3.700256e-01
817           	OVC	-1.149815e+03	-1.147232e+03	-3.700108e-01
818           	warmPlate	1.256177e+03	1.261764e+03	3.700255e-01
818           	OVC	-1.149816e+03	-1.147232e+03	-3.700108e-01
819           	warmPlate	1.256177e+03	1.261764e+03	3.700254e-01
819           	OVC	-1.149816e+03	-1.147232e+03	-3.700109e-01
820           	warmPlate	1.256177e+03	1.261764e+03	3.700254e-01
820           	OVC	-1.149816e+03	-1.147233e+03	-3.700110e-01
821           	warmPlate	1.256177e+03	1.261764e+03	3.700253e-01
821           	OVC	-1.149816e+03	-1.147233e+03	-3.700110e-01
822           	warmPlate	1.256176e+03	1.261763e+03	3.700253e-01
822           	OVC	-1.149816e+03	-1.147233e+03	-3.700111e-01
823           	warmPlate	1.256176e+03	1.261763e+03	3.700252e-01
823           	OVC	-1.149816e+03	-1.147233e+03	-3.700111e-01
824           	warmPlate	1.256176e+03	1.261763e+03	3.700252e-01
824           	OVC	-1.149817e+03	-1.147233e+03	-3.700112e-01
825           	warmPlate	1.256176e+03	1.261763e+03	3.700251e-01
825           	OVC	-1.149817e+03	-1.147233e+03	-3.700112e-01
826           	warmPlate	1.256176e+03	1.261763e+03	3.700251e-01
826           	OVC	-1.149817e+03	-1.147234e+03	-3.700113e-01
827           	warmPlate	1.256176e+03	1.261763e+03	3.700250e-01
827           	OVC	-1.149817e+03	-1.147234e+03	-3.700113e-01
828           	warmPlate	1.256175e+03	1.261762e+03	3.700250e-01
828           	OVC	-1.149817e+03	-1.147234e+03	-3.700114e-01
829           	warmPlate	1.256175e+03	1.261762e+03	3.700249e-01
829           	OVC	-1.149817e+03	-1.147234e+03	-3.700114e-01
830           	warmPlate	1.256175e+03	1.261762e+03	3.700249e-01
830           	OVC	-1.149818e+03	-1.147234e+03	-3.700115e-01
831           	warmPlate	1.256175e+03	1.261762e+03	3.700248e-01
831           	OVC	-1.149818e+03	-1.147234e+03	-3.700115e-01
832           	warmPlate	1.256175e+03	1.261762e+03	3.700248e-01
832           	OVC	-1.149818e+03	-1.147235e+03	-3.700116e-01
833           	warmPlate	1.256175e+03	1.261762e+03	3.700247e-01
833           	OVC	-1.149818e+03	-1.147235e+03	-3.700116e-01
834           	warmPlate	1.256174e+03	1.261761e+03	3.700247e-01
834           	OVC	-1.149818e+03	-1.147235e+03	-3.700117e-01
835           	warmPlate	1.256174e+03	1.261761e+03	3.700247e-01
835           	OVC	-1.149818e+03	-1.147235e+03	-3.700117e-01
836           	warmPlate	1.256174e+03	1.261761e+03	3.700246e-01
836           	OVC	-1.149818e+03	-1.147235e+03	-3.700118e-01
837           	warmPlate	1.256174e+03	1.261761e+03	3.700246e-01
837           	OVC	-1.149819e+03	-1.147235e+03	-3.700118e-01
838           	warmPlate	1.256174e+03	1.261761e+03	3.700245e-01
838           	OVC	-1.149819e+03	-1.147235e+03	-3.700119e-01
839           	warmPlate	1.256174e+03	1.261761e+03	3.700245e-01
839           	OVC	-1.149819e+03	-1.147236e+03	-3.700119e-01
840           	warmPlate	1.256174e+03	1.261761e+03	3.700245e-01
840           	OVC	-1.149819e+03	-1.147236e+03	-3.700119e-01
841           	warmPlate	1.256173e+03	1.261760e+03	3.700244e-01
841           	OVC	-1.149819e+03	-1.147236e+03	-3.700120e-01
842           	warmPlate	1.256173e+03	1.261760e+03	3.700244e-01
842           	OVC	-1.149819e+03	-1.147236e+03	-3.700120e-01
843           	warmPlate	1.256173e+03	1.261760e+03	3.700243e-01
843           	OVC	-1.149819e+03	-1.147236e+03	-3.700120e-01
844           	warmPlate	1.256173e+03	1.261760e+03	3.700243e-01
844           	OVC	-1.149819e+03	-1.147236e+03	-3.700121e-01
845           	warmPlate	1.256173e+03	1.261760e+03	3.700243e-01
845           	OVC	-1.149820e+03	-1.147236e+03	-3.700121e-01
846           	warmPlate	1.256173e+03	1.261760e+03	3.700242e-01
846           	OVC	-1.149820e+03	-1.147236e+03	-3.700122e-01
847           	warmPlate	1.256173e+03	1.261760e+03	3.700242e-01
847           	OVC	-1.149820e+03	-1.147236e+03	-3.700122e-01
848           	warmPlate	1.256173e+03	1.261760e+03	3.700242e-01
848           	OVC	-1.149820e+03	-1.147237e+03	-3.700122e-01
849           	warmPlate	1.256172e+03	1.261759e+03	3.700241e-01
849           	OVC	-1.149820e+03	-1.147237e+03	-3.700123e-01
850           	warmPlate	1.256172e+03	1.261759e+03	3.700241e-01
850           	OVC	-1.149820e+03	-1.147237e+03	-3.700123e-01
851           	warmPlate	1.256172e+03	1.261759e+03	3.700241e-01
851           	OVC	-1.149820e+03	-1.147237e+03	-3.700123e-01
852           	warmPlate	1.256172e+03	1.261759e+03	3.700240e-01
852           	OVC	-1.149820e+03	-1.147237e+03	-3.700124e-01
853           	warmPlate	1.256172e+03	1.261759e+03	3.700240e-01
853           	OVC	-1.149820e+03	-1.147237e+03	-3.700124e-01
854           	warmPlate	1.256172e+03	1.261759e+03	3.700240e-01
854           	OVC	-1.149821e+03	-1.147237e+03	-3.700124e-01
855           	warmPlate	1.256172e+03	1.261759e+03	3.700239e-01
855           	OVC	-1.149821e+03	-1.147237e+03	-3.700125e-01
856           	warmPlate	1.256172e+03	1.261759e+03	3.700239e-01
856           	OVC	-1.149821e+03	-1.147237e+03	-3.700125e-01
857           	warmPlate	1.256172e+03	1.261759e+03	3.700239e-01
857           	OVC	-1.149821e+03	-1.147238e+03	-3.700125e-01
858           	warmPlate	1.256171e+03	1.261758e+03	3.700238e-01
858           	OVC	-1.149821e+03	-1.147238e+03	-3.700126e-01
859           	warmPlate	1.256171e+03	1.261758e+03	3.700238e-01
859           	OVC	-1.149821e+03	-1.147238e+03	-3.700126e-01
860           	warmPlate	1.256171e+03	1.261758e+03	3.700238e-01
860           	OVC	-1.149821e+03	-1.147238e+03	-3.700126e-01
861           	warmPlate	1.256171e+03	1.261758e+03	3.700237e-01
861           	OVC	-1.149821e+03	-1.147238e+03	-3.700127e-01
862           	warmPlate	1.256171e+03	1.261758e+03	3.700237e-01
862           	OVC	-1.149821e+03	-1.147238e+03	-3.700127e-01
863           	warmPlate	1.256171e+03	1.261758e+03	3.700237e-01
863           	OVC	-1.149822e+03	-1.147238e+03	-3.700127e-01
864           	warmPlate	1.256171e+03	1.261758e+03	3.700236e-01
864           	OVC	-1.149822e+03	-1.147238e+03	-3.700128e-01
865           	warmPlate	1.256171e+03	1.261758e+03	3.700236e-01
865           	OVC	-1.149822e+03	-1.147238e+03	-3.700128e-01
866           	warmPlate	1.256171e+03	1.261758e+03	3.700236e-01
866           	OVC	-1.149822e+03	-1.147238e+03	-3.700128e-01
867           	warmPlate	1.256170e+03	1.261757e+03	3.700235e-01
867           	OVC	-1.149822e+03	-1.147239e+03	-3.700129e-01
868           	warmPlate	1.256170e+03	1.261757e+03	3.700235e-01
868           	OVC	-1.149822e+03	-1.147239e+03	-3.700129e-01
869           	warmPlate	1.256170e+03	1.261757e+03	3.700235e-01
869           	OVC	-1.149822e+03	-1.147239e+03	-3.700129e-01
870           	warmPlate	1.256170e+03	1.261757e+03	3.700235e-01
870           	OVC	-1.149822e+03	-1.147239e+03	-3.700130e-01
871           	warmPlate	1.256170e+03	1.261757e+03	3.700234e-01
871           	OVC	-1.149822e+03	-1.147239e+03	-3.700130e-01
872           	warmPlate	1.256170e+03	1.261757e+03	3.700234e-01
872           	OVC	-1.149822e+03	-1.147239e+03	-3.700130e-01
873           	warmPlate	1.256170e+03	1.261757e+03	3.700234e-01
873           	OVC	-1.149822e+03	-1.147239e+03	-3.700131e-01
874           	warmPlate	1.256170e+03	1.261757e+03	3.700233e-01
874           	OVC	-1.149823e+03	-1.147239e+03	-3.700131e-01
875           	warmPlate	1.256170e+03	1.261757e+03	3.700233e-01
875           	OVC	-1.149823e+03	-1.147239e+03	-3.700131e-01
876           	warmPlate	1.256170e+03	1.261757e+03	3.700233e-01
876           	OVC	-1.149823e+03	-1.147239e+03	-3.700131e-01
877           	warmPlate	1.256169e+03	1.261757e+03	3.700233e-01
877           	OVC	-1.149823e+03	-1.147239e+03	-3.700132e-01
878           	warmPlate	1.256169e+03	1.261756e+03	3.700232e-01
878           	OVC	-1.149823e+03	-1.147240e+03	-3.700132e-01
879           	warmPlate	1.256169e+03	1.261756e+03	3.700232e-01
879           	OVC	-1.149823e+03	-1.147240e+03	-3.700132e-01
880           	warmPlate	1.256169e+03	1.261756e+03	3.700232e-01
880           	OVC	-1.149823e+03	-1.147240e+03	-3.700132e-01
881           	warmPlate	1.256169e+03	1.261756e+03	3.700232e-01
881           	OVC	-1.149823e+03	-1.147240e+03	-3.700132e-01
882           	warmPlate	1.256169e+03	1.261756e+03	3.700232e-01
882           	OVC	-1.149823e+03	-1.147240e+03	-3.700133e-01
883           	warmPlate	1.256169e+03	1.261756e+03	3.700231e-01
883           	OVC	-1.149823e+03	-1.147240e+03	-3.700133e-01
884           	warmPlate	1.256169e+03	1.261756e+03	3.700231e-01
884           	OVC	-1.149823e+03	-1.147240e+03	-3.700133e-01
885           	warmPlate	1.256169e+03	1.261756e+03	3.700231e-01
885           	OVC	-1.149823e+03	-1.147240e+03	-3.700133e-01
886           	warmPlate	1.256169e+03	1.261756e+03	3.700231e-01
886           	OVC	-1.149823e+03	-1.147240e+03	-3.700134e-01
887           	warmPlate	1.256169e+03	1.261756e+03	3.700231e-01
887           	OVC	-1.149823e+03	-1.147240e+03	-3.700134e-01
888           	warmPlate	1.256169e+03	1.261756e+03	3.700230e-01
888           	OVC	-1.149824e+03	-1.147240e+03	-3.700134e-01
889           	warmPlate	1.256169e+03	1.261756e+03	3.700230e-01
889           	OVC	-1.149824e+03	-1.147240e+03	-3.700134e-01
890           	warmPlate	1.256169e+03	1.261756e+03	3.700230e-01
890           	OVC	-1.149824e+03	-1.147240e+03	-3.700134e-01
891           	warmPlate	1.256169e+03	1.261756e+03	3.700230e-01
891           	OVC	-1.149824e+03	-1.147240e+03	-3.700135e-01
892           	warmPlate	1.256168e+03	1.261755e+03	3.700230e-01
892           	OVC	-1.149824e+03	-1.147240e+03	-3.700135e-01
893           	warmPlate	1.256168e+03	1.261755e+03	3.700229e-01
893           	OVC	-1.149824e+03	-1.147241e+03	-3.700135e-01
894           	warmPlate	1.256168e+03	1.261755e+03	3.700229e-01
894           	OVC	-1.149824e+03	-1.147241e+03	-3.700135e-01
895           	warmPlate	1.256168e+03	1.261755e+03	3.700229e-01
895           	OVC	-1.149824e+03	-1.147241e+03	-3.700135e-01
896           	warmPlate	1.256168e+03	1.261755e+03	3.700229e-01
896           	OVC	-1.149824e+03	-1.147241e+03	-3.700136e-01
897           	warmPlate	1.256168e+03	1.261755e+03	3.700229e-01
897           	OVC	-1.149824e+03	-1.147241e+03	-3.700136e-01
898           	warmPlate	1.256168e+03	1.261755e+03	3.700228e-01
898           	OVC	-1.149824e+03	-1.147241e+03	-3.700136e-01
899           	warmPlate	1.256168e+03	1.261755e+03	3.700228e-01
899           	OVC	-1.149824e+03	-1.147241e+03	-3.700136e-01
900           	warmPlate	1.256168e+03	1.261755e+03	3.700228e-01
900           	OVC	-1.149824e+03	-1.147241e+03	-3.700136e-01
901           	warmPlate	1.256168e+03	1.261755e+03	3.700228e-01
901           	OVC	-1.149824e+03	-1.147241e+03	-3.700137e-01
902           	warmPlate	1.256168e+03	1.261755e+03	3.700228e-01
902           	OVC	-1.149824e+03	-1.147241e+03	-3.700137e-01
903           	warmPlate	1.256168e+03	1.261755e+03	3.700227e-01
903           	OVC	-1.149824e+03	-1.147241e+03	-3.700137e-01
904           	warmPlate	1.256168e+03	1.261755e+03	3.700227e-01
904           	OVC	-1.149825e+03	-1.147241e+03	-3.700137e-01
905           	warmPlate	1.256168e+03	1.261755e+03	3.700227e-01
905           	OVC	-1.149825e+03	-1.147241e+03	-3.700137e-01
906           	warmPlate	1.256168e+03	1.261755e+03	3.700227e-01
906           	OVC	-1.149825e+03	-1.147241e+03	-3.700137e-01
907           	warmPlate	1.256167e+03	1.261755e+03	3.700227e-01
907           	OVC	-1.149825e+03	-1.147241e+03	-3.700138e-01
908           	warmPlate	1.256167e+03	1.261754e+03	3.700227e-01
908           	OVC	-1.149825e+03	-1.147241e+03	-3.700138e-01
909           	warmPlate	1.256167e+03	1.261754e+03	3.700226e-01
909           	OVC	-1.149825e+03	-1.147241e+03	-3.700138e-01
910           	warmPlate	1.256167e+03	1.261754e+03	3.700226e-01
910           	OVC	-1.149825e+03	-1.147242e+03	-3.700138e-01
911           	warmPlate	1.256167e+03	1.261754e+03	3.700226e-01
911           	OVC	-1.149825e+03	-1.147242e+03	-3.700138e-01
912           	warmPlate	1.256167e+03	1.261754e+03	3.700226e-01
912           	OVC	-1.149825e+03	-1.147242e+03	-3.700139e-01
913           	warmPlate	1.256167e+03	1.261754e+03	3.700226e-01
913           	OVC	-1.149825e+03	-1.147242e+03	-3.700139e-01
914           	warmPlate	1.256167e+03	1.261754e+03	3.700225e-01
914           	OVC	-1.149825e+03	-1.147242e+03	-3.700139e-01
915           	warmPlate	1.256167e+03	1.261754e+03	3.700225e-01
915           	OVC	-1.149825e+03	-1.147242e+03	-3.700139e-01
916           	warmPlate	1.256167e+03	1.261754e+03	3.700225e-01
916           	OVC	-1.149825e+03	-1.147242e+03	-3.700139e-01
917           	warmPlate	1.256167e+03	1.261754e+03	3.700225e-01
917           	OVC	-1.149825e+03	-1.147242e+03	-3.700139e-01
918           	warmPlate	1.256167e+03	1.261754e+03	3.700225e-01
918           	OVC	-1.149825e+03	-1.147242e+03	-3.700140e-01
919           	warmPlate	1.256167e+03	1.261754e+03	3.700225e-01
919           	OVC	-1.149825e+03	-1.147242e+03	-3.700140e-01
920           	warmPlate	1.256167e+03	1.261754e+03	3.700224e-01
920           	OVC	-1.149825e+03	-1.147242e+03	-3.700140e-01
921           	warmPlate	1.256167e+03	1.261754e+03	3.700224e-01
921           	OVC	-1.149825e+03	-1.147242e+03	-3.700140e-01
922           	warmPlate	1.256167e+03	1.261754e+03	3.700224e-01
922           	OVC	-1.149826e+03	-1.147242e+03	-3.700140e-01
923           	warmPlate	1.256167e+03	1.261754e+03	3.700224e-01
923           	OVC	-1.149826e+03	-1.147242e+03	-3.700140e-01
924           	warmPlate	1.256167e+03	1.261754e+03	3.700224e-01
924           	OVC	-1.149826e+03	-1.147242e+03	-3.700141e-01
925           	warmPlate	1.256166e+03	1.261753e+03	3.700224e-01
925           	OVC	-1.149826e+03	-1.147242e+03	-3.700141e-01
926           	warmPlate	1.256166e+03	1.261753e+03	3.700223e-01
926           	OVC	-1.149826e+03	-1.147242e+03	-3.700141e-01
927           	warmPlate	1.256166e+03	1.261753e+03	3.700223e-01
927           	OVC	-1.149826e+03	-1.147242e+03	-3.700141e-01
928           	warmPlate	1.256166e+03	1.261753e+03	3.700223e-01
928           	OVC	-1.149826e+03	-1.147242e+03	-3.700141e-01
929           	warmPlate	1.256166e+03	1.261753e+03	3.700223e-01
929           	OVC	-1.149826e+03	-1.147242e+03	-3.700141e-01
930           	warmPlate	1.256166e+03	1.261753e+03	3.700223e-01
930           	OVC	-1.149826e+03	-1.147243e+03	-3.700141e-01
931           	warmPlate	1.256166e+03	1.261753e+03	3.700223e-01
931           	OVC	-1.149826e+03	-1.147243e+03	-3.700142e-01
932           	warmPlate	1.256166e+03	1.261753e+03	3.700223e-01
932           	OVC	-1.149826e+03	-1.147243e+03	-3.700142e-01
933           	warmPlate	1.256166e+03	1.261753e+03	3.700223e-01
933           	OVC	-1.149826e+03	-1.147243e+03	-3.700142e-01
934           	warmPlate	1.256166e+03	1.261753e+03	3.700223e-01
934           	OVC	-1.149826e+03	-1.147243e+03	-3.700142e-01
935           	warmPlate	1.256166e+03	1.261753e+03	3.700223e-01
935           	OVC	-1.149826e+03	-1.147243e+03	-3.700142e-01
936           	warmPlate	1.256166e+03	1.261753e+03	3.700223e-01
936           	OVC	-1.149826e+03	-1.147243e+03	-3.700142e-01
937           	warmPlate	1.256166e+03	1.261753e+03	3.700222e-01
937           	OVC	-1.149826e+03	-1.147243e+03	-3.700142e-01
938           	warmPlate	1.256166e+03	1.261753e+03	3.700222e-01
938           	OVC	-1.149826e+03	-1.147243e+03	-3.700142e-01
939           	warmPlate	1.256166e+03	1.261753e+03	3.700222e-01
939           	OVC	-1.149826e+03	-1.147243e+03	-3.700142e-01
940           	warmPlate	1.256166e+03	1.261753e+03	3.700222e-01
940           	OVC	-1.149826e+03	-1.147243e+03	-3.700142e-01
941           	warmPlate	1.256166e+03	1.261753e+03	3.700222e-01
941           	OVC	-1.149826e+03	-1.147243e+03	-3.700142e-01
942           	warmPlate	1.256166e+03	1.261753e+03	3.700222e-01
942           	OVC	-1.149826e+03	-1.147243e+03	-3.700143e-01
943           	warmPlate	1.256166e+03	1.261753e+03	3.700222e-01
943           	OVC	-1.149826e+03	-1.147243e+03	-3.700143e-01
944           	warmPlate	1.256166e+03	1.261753e+03	3.700222e-01
944           	OVC	-1.149826e+03	-1.147243e+03	-3.700143e-01
945           	warmPlate	1.256166e+03	1.261753e+03	3.700222e-01
945           	OVC	-1.149826e+03	-1.147243e+03	-3.700143e-01
946           	warmPlate	1.256166e+03	1.261753e+03	3.700222e-01
946           	OVC	-1.149826e+03	-1.147243e+03	-3.700143e-01
947           	warmPlate	1.256166e+03	1.261753e+03	3.700222e-01
947           	OVC	-1.149826e+03	-1.147243e+03	-3.700143e-01
948           	warmPlate	1.256166e+03	1.261753e+03	3.700221e-01
948           	OVC	-1.149826e+03	-1.147243e+03	-3.700143e-01
949           	warmPlate	1.256166e+03	1.261753e+03	3.700221e-01
949           	OVC	-1.149826e+03	-1.147243e+03	-3.700143e-01
950           	warmPlate	1.256166e+03	1.261753e+03	3.700221e-01
950           	OVC	-1.149826e+03	-1.147243e+03	-3.700143e-01
951           	warmPlate	1.256166e+03	1.261753e+03	3.700221e-01
951           	OVC	-1.149826e+03	-1.147243e+03	-3.700143e-01
952           	warmPlate	1.256166e+03	1.261753e+03	3.700221e-01
952           	OVC	-1.149826e+03	-1.147243e+03	-3.700143e-01
953           	warmPlate	1.256166e+03	1.261753e+03	3.700221e-01
953           	OVC	-1.149827e+03	-1.147243e+03	-3.700143e-01
954           	warmPlate	1.256166e+03	1.261753e+03	3.700221e-01
954           	OVC	-1.149827e+03	-1.147243e+03	-3.700144e-01
955           	warmPlate	1.256166e+03	1.261753e+03	3.700221e-01
955           	OVC	-1.149827e+03	-1.147243e+03	-3.700144e-01
956           	warmPlate	1.256165e+03	1.261753e+03	3.700221e-01
956           	OVC	-1.149827e+03	-1.147243e+03	-3.700144e-01
957           	warmPlate	1.256165e+03	1.261752e+03	3.700221e-01
957           	OVC	-1.149827e+03	-1.147243e+03	-3.700144e-01
958           	warmPlate	1.256165e+03	1.261752e+03	3.700221e-01
958           	OVC	-1.149827e+03	-1.147243e+03	-3.700144e-01
959           	warmPlate	1.256165e+03	1.261752e+03	3.700221e-01
959           	OVC	-1.149827e+03	-1.147243e+03	-3.700144e-01
960           	warmPlate	1.256165e+03	1.261752e+03	3.700220e-01
960           	OVC	-1.149827e+03	-1.147243e+03	-3.700144e-01
961           	warmPlate	1.256165e+03	1.261752e+03	3.700220e-01
961           	OVC	-1.149827e+03	-1.147243e+03	-3.700144e-01
962           	warmPlate	1.256165e+03	1.261752e+03	3.700220e-01
962           	OVC	-1.149827e+03	-1.147243e+03	-3.700144e-01
963           	warmPlate	1.256165e+03	1.261752e+03	3.700220e-01
963           	OVC	-1.149827e+03	-1.147243e+03	-3.700144e-01
964           	warmPlate	1.256165e+03	1.261752e+03	3.700220e-01
964           	OVC	-1.149827e+03	-1.147243e+03	-3.700144e-01
965           	warmPlate	1.256165e+03	1.261752e+03	3.700220e-01
965           	OVC	-1.149827e+03	-1.147243e+03	-3.700144e-01
966           	warmPlate	1.256165e+03	1.261752e+03	3.700220e-01
966           	OVC	-1.149827e+03	-1.147243e+03	-3.700145e-01
967           	warmPlate	1.256165e+03	1.261752e+03	3.700220e-01
967           	OVC	-1.149827e+03	-1.147244e+03	-3.700145e-01
968           	warmPlate	1.256165e+03	1.261752e+03	3.700220e-01
968           	OVC	-1.149827e+03	-1.147244e+03	-3.700145e-01
969           	warmPlate	1.256165e+03	1.261752e+03	3.700220e-01
969           	OVC	-1.149827e+03	-1.147244e+03	-3.700145e-01
970           	warmPlate	1.256165e+03	1.261752e+03	3.700220e-01
970           	OVC	-1.149827e+03	-1.147244e+03	-3.700145e-01
971           	warmPlate	1.256165e+03	1.261752e+03	3.700220e-01
971           	OVC	-1.149827e+03	-1.147244e+03	-3.700145e-01
972           	warmPlate	1.256165e+03	1.261752e+03	3.700220e-01
972           	OVC	-1.149827e+03	-1.147244e+03	-3.700145e-01
973           	warmPlate	1.256165e+03	1.261752e+03	3.700219e-01
973           	OVC	-1.149827e+03	-1.147244e+03	-3.700145e-01
974           	warmPlate	1.256165e+03	1.261752e+03	3.700219e-01
974           	OVC	-1.149827e+03	-1.147244e+03	-3.700145e-01
975           	warmPlate	1.256165e+03	1.261752e+03	3.700219e-01
975           	OVC	-1.149827e+03	-1.147244e+03	-3.700145e-01
976           	warmPlate	1.256165e+03	1.261752e+03	3.700219e-01
976           	OVC	-1.149827e+03	-1.147244e+03	-3.700145e-01
977           	warmPlate	1.256165e+03	1.261752e+03	3.700219e-01
977           	OVC	-1.149827e+03	-1.147244e+03	-3.700145e-01
978           	warmPlate	1.256165e+03	1.261752e+03	3.700219e-01
978           	OVC	-1.149827e+03	-1.147244e+03	-3.700146e-01
979           	warmPlate	1.256165e+03	1.261752e+03	3.700219e-01
979           	OVC	-1.149827e+03	-1.147244e+03	-3.700146e-01
980           	warmPlate	1.256165e+03	1.261752e+03	3.700219e-01
980           	OVC	-1.149827e+03	-1.147244e+03	-3.700146e-01
981           	warmPlate	1.256165e+03	1.261752e+03	3.700219e-01
981           	OVC	-1.149827e+03	-1.147244e+03	-3.700146e-01
982           	warmPlate	1.256165e+03	1.261752e+03	3.700219e-01
982           	OVC	-1.149827e+03	-1.147244e+03	-3.700146e-01
983           	warmPlate	1.256165e+03	1.261752e+03	3.700219e-01
983           	OVC	-1.149827e+03	-1.147244e+03	-3.700146e-01
984           	warmPlate	1.256165e+03	1.261752e+03	3.700219e-01
984           	OVC	-1.149827e+03	-1.147244e+03	-3.700146e-01
985           	warmPlate	1.256165e+03	1.261752e+03	3.700219e-01
985           	OVC	-1.149827e+03	-1.147244e+03	-3.700146e-01
986           	warmPlate	1.256165e+03	1.261752e+03	3.700218e-01
986           	OVC	-1.149827e+03	-1.147244e+03	-3.700146e-01
987           	warmPlate	1.256165e+03	1.261752e+03	3.700218e-01
987           	OVC	-1.149827e+03	-1.147244e+03	-3.700146e-01
988           	warmPlate	1.256165e+03	1.261752e+03	3.700218e-01
988           	OVC	-1.149827e+03	-1.147244e+03	-3.700146e-01
989           	warmPlate	1.256165e+03	1.261752e+03	3.700218e-01
989           	OVC	-1.149827e+03	-1.147244e+03	-3.700146e-01
990           	warmPlate	1.256165e+03	1.261752e+03	3.700218e-01
990           	OVC	-1.149827e+03	-1.147244e+03	-3.700146e-01
991           	warmPlate	1.256165e+03	1.261752e+03	3.700218e-01
991           	OVC	-1.149827e+03	-1.147244e+03	-3.700147e-01
992           	warmPlate	1.256165e+03	1.261752e+03	3.700218e-01
992           	OVC	-1.149827e+03	-1.147244e+03	-3.700147e-01
993           	warmPlate	1.256165e+03	1.261752e+03	3.700218e-01
993           	OVC	-1.149828e+03	-1.147244e+03	-3.700147e-01
994           	warmPlate	1.256165e+03	1.261752e+03	3.700218e-01
994           	OVC	-1.149828e+03	-1.147244e+03	-3.700147e-01
995           	warmPlate	1.256164e+03	1.261751e+03	3.700218e-01
995           	OVC	-1.149828e+03	-1.147244e+03	-3.700147e-01
996           	warmPlate	1.256164e+03	1.261751e+03	3.700218e-01
996           	OVC	-1.149828e+03	-1.147244e+03	-3.700147e-01
997           	warmPlate	1.256164e+03	1.261751e+03	3.700218e-01
997           	OVC	-1.149828e+03	-1.147244e+03	-3.700147e-01
998           	warmPlate	1.256164e+03	1.261751e+03	3.700218e-01
998           	OVC	-1.149828e+03	-1.147244e+03	-3.700147e-01
999           	warmPlate	1.256164e+03	1.261751e+03	3.700218e-01
999           	OVC	-1.149828e+03	-1.147244e+03	-3.700147e-01
1000          	warmPlate	1.256164e+03	1.261751e+03	3.700217e-01
1000          	OVC	-1.149828e+03	-1.147244e+03	-3.700147e-01
1001          	warmPlate	1.256164e+03	1.261751e+03	3.700217e-01
1001          	OVC	-1.149828e+03	-1.147244e+03	-3.700147e-01
1002          	warmPlate	1.256164e+03	1.261751e+03	3.700217e-01
1002          	OVC	-1.149828e+03	-1.147244e+03	-3.700147e-01
1003          	warmPlate	1.256164e+03	1.261751e+03	3.700217e-01
1003          	OVC	-1.149828e+03	-1.147244e+03	-3.700147e-01
1004          	warmPlate	1.256164e+03	1.261751e+03	3.700217e-01
1004          	OVC	-1.149828e+03	-1.147244e+03	-3.700147e-01
1005          	warmPlate	1.256164e+03	1.261751e+03	3.700217e-01
1005          	OVC	-1.149828e+03	-1.147244e+03	-3.700148e-01
1006          	warmPlate	1.256164e+03	1.261751e+03	3.700217e-01
1006          	OVC	-1.149828e+03	-1.147244e+03	-3.700148e-01
1007          	warmPlate	1.256164e+03	1.261751e+03	3.700217e-01
1007          	OVC	-1.149828e+03	-1.147244e+03	-3.700148e-01
1008          	warmPlate	1.256164e+03	1.261751e+03	3.700217e-01
1008          	OVC	-1.149828e+03	-1.147244e+03	-3.700148e-01
1009          	warmPlate	1.256164e+03	1.261751e+03	3.700217e-01
1009          	OVC	-1.149828e+03	-1.147244e+03	-3.700148e-01
1010          	warmPlate	1.256164e+03	1.261751e+03	3.700217e-01
1010          	OVC	-1.149828e+03	-1.147245e+03	-3.700148e-01
1011          	warmPlate	1.256164e+03	1.261751e+03	3.700217e-01
1011          	OVC	-1.149828e+03	-1.147245e+03	-3.700148e-01
1012          	warmPlate	1.256164e+03	1.261751e+03	3.700217e-01
1012          	OVC	-1.149828e+03	-1.147245e+03	-3.700148e-01
1013          	warmPlate	1.256164e+03	1.261751e+03	3.700217e-01
1013          	OVC	-1.149828e+03	-1.147245e+03	-3.700148e-01
1014          	warmPlate	1.256164e+03	1.261751e+03	3.700216e-01
1014          	OVC	-1.149828e+03	-1.147245e+03	-3.700148e-01
1015          	warmPlate	1.256164e+03	1.261751e+03	3.700216e-01
1015          	OVC	-1.149828e+03	-1.147245e+03	-3.700148e-01
1016          	warmPlate	1.256164e+03	1.261751e+03	3.700216e-01
1016          	OVC	-1.149828e+03	-1.147245e+03	-3.700148e-01
1017          	warmPlate	1.256164e+03	1.261751e+03	3.700216e-01
1017          	OVC	-1.149828e+03	-1.147245e+03	-3.700148e-01
1018          	warmPlate	1.256164e+03	1.261751e+03	3.700216e-01
1018          	OVC	-1.149828e+03	-1.147245e+03	-3.700148e-01
1019          	warmPlate	1.256164e+03	1.261751e+03	3.700216e-01
1019          	OVC	-1.149828e+03	-1.147245e+03	-3.700148e-01
1020          	warmPlate	1.256164e+03	1.261751e+03	3.700216e-01
1020          	OVC	-1.149828e+03	-1.147245e+03	-3.700148e-01
1021          	warmPlate	1.256164e+03	1.261751e+03	3.700216e-01
1021          	OVC	-1.149828e+03	-1.147245e+03	-3.700148e-01
1022          	warmPlate	1.256164e+03	1.261751e+03	3.700216e-01
1022          	OVC	-1.149828e+03	-1.147245e+03	-3.700148e-01
1023          	warmPlate	1.256164e+03	1.261751e+03	3.700216e-01
1023          	OVC	-1.149828e+03	-1.147245e+03	-3.700148e-01
1024          	warmPlate	1.256164e+03	1.261751e+03	3.700216e-01
1024          	OVC	-1.149828e+03	-1.147245e+03	-3.700148e-01
1025          	warmPlate	1.256164e+03	1.261751e+03	3.700216e-01
1025          	OVC	-1.149828e+03	-1.147245e+03	-3.700148e-01
1026          	warmPlate	1.256164e+03	1.261751e+03	3.700216e-01
1026          	OVC	-1.149828e+03	-1.147245e+03	-3.700148e-01
1027          	warmPlate	1.256164e+03	1.261751e+03	3.700216e-01
1027          	OVC	-1.149828e+03	-1.147245e+03	-3.700148e-01
1028          	warmPlate	1.256164e+03	1.261751e+03	3.700216e-01
1028          	OVC	-1.149828e+03	-1.147245e+03	-3.700148e-01
1029          	warmPlate	1.256164e+03	1.261751e+03	3.700216e-01
1029          	OVC	-1.149828e+03	-1.147245e+03	-3.700148e-01
1030          	warmPlate	1.256164e+03	1.261751e+03	3.700216e-01
1030          	OVC	-1.149828e+03	-1.147245e+03	-3.700148e-01
1031          	warmPlate	1.256164e+03	1.261751e+03	3.700216e-01
1031          	OVC	-1.149828e+03	-1.147245e+03	-3.700148e-01
1032          	warmPlate	1.256164e+03	1.261751e+03	3.700216e-01
1032          	OVC	-1.149828e+03	-1.147245e+03	-3.700148e-01
1033          	warmPlate	1.256164e+03	1.261751e+03	3.700216e-01
1033          	OVC	-1.149828e+03	-1.147245e+03	-3.700148e-01
1034          	warmPlate	1.256164e+03	1.261751e+03	3.700216e-01
1034          	OVC	-1.149828e+03	-1.147245e+03	-3.700148e-01
1035          	warmPlate	1.256164e+03	1.261751e+03	3.700216e-01
1035          	OVC	-1.149828e+03	-1.147245e+03	-3.700148e-01
1036          	warmPlate	1.256164e+03	1.261751e+03	3.700216e-01
1036          	OVC	-1.149828e+03	-1.147245e+03	-3.700148e-01
1037          	warmPlate	1.256164e+03	1.261751e+03	3.700216e-01
1037          	OVC	-1.149828e+03	-1.147245e+03	-3.700148e-01
1038          	warmPlate	1.256164e+03	1.261751e+03	3.700216e-01
1038          	OVC	-1.149828e+03	-1.147245e+03	-3.700148e-01
1039          	warmPlate	1.256164e+03	1.261751e+03	3.700216e-01
1039          	OVC	-1.149828e+03	-1.147245e+03	-3.700148e-01
1040          	warmPlate	1.256164e+03	1.261751e+03	3.700216e-01
1040          	OVC	-1.149828e+03	-1.147245e+03	-3.700148e-01
1041          	warmPlate	1.256164e+03	1.261751e+03	3.700216e-01
1041          	OVC	-1.149828e+03	-1.147245e+03	-3.700148e-01
1042          	warmPlate	1.256164e+03	1.261751e+03	3.700216e-01
1042          	OVC	-1.149828e+03	-1.147245e+03	-3.700148e-01
1043          	warmPlate	1.256164e+03	1.261751e+03	3.700216e-01
1043          	OVC	-1.149828e+03	-1.147245e+03	-3.700148e-01
1044          	warmPlate	1.256164e+03	1.261751e+03	3.700216e-01
1044          	OVC	-1.149828e+03	-1.147245e+03	-3.700148e-01
1045          	warmPlate	1.256164e+03	1.261751e+03	3.700216e-01
1045          	OVC	-1.149828e+03	-1.147245e+03	-3.700148e-01
1046          	warmPlate	1.256164e+03	1.261751e+03	3.700216e-01
1046          	OVC	-1.149828e+03	-1.147245e+03	-3.700148e-01
1047          	warmPlate	1.256164e+03	1.261751e+03	3.700216e-01
1047          	OVC	-1.149828e+03	-1.147245e+03	-3.700148e-01
1048          	warmPlate	1.256164e+03	1.261751e+03	3.700216e-01
1048          	OVC	-1.149828e+03	-1.147245e+03	-3.700148e-01
1049          	warmPlate	1.256164e+03	1.261751e+03	3.700216e-01
1049          	OVC	-1.149828e+03	-1.147245e+03	-3.700148e-01
1050          	warmPlate	1.256164e+03	1.261751e+03	3.700216e-01
1050          	OVC	-1.149828e+03	-1.147245e+03	-3.700148e-01
1051          	warmPlate	1.256164e+03	1.261751e+03	3.700216e-01
1051          	OVC	-1.149828e+03	-1.147245e+03	-3.700148e-01
1052          	warmPlate	1.256164e+03	1.261751e+03	3.700216e-01
1052          	OVC	-1.149828e+03	-1.147245e+03	-3.700148e-01
1053          	warmPlate	1.256164e+03	1.261751e+03	3.700216e-01
1053          	OVC	-1.149828e+03	-1.147245e+03	-3.700148e-01
1054          	warmPlate	1.256164e+03	1.261751e+03	3.700216e-01
1054          	OVC	-1.149828e+03	-1.147245e+03	-3.700148e-01
1055          	warmPlate	1.256164e+03	1.261751e+03	3.700216e-01
1055          	OVC	-1.149828e+03	-1.147245e+03	-3.700148e-01
1056          	warmPlate	1.256164e+03	1.261751e+03	3.700216e-01
1056          	OVC	-1.149828e+03	-1.147245e+03	-3.700148e-01
1057          	warmPlate	1.256164e+03	1.261751e+03	3.700216e-01
1057          	OVC	-1.149828e+03	-1.147245e+03	-3.700148e-01
1058          	warmPlate	1.256164e+03	1.261751e+03	3.700216e-01
1058          	OVC	-1.149828e+03	-1.147245e+03	-3.700148e-01
1059          	warmPlate	1.256164e+03	1.261751e+03	3.700216e-01
1059          	OVC	-1.149828e+03	-1.147245e+03	-3.700148e-01
1060          	warmPlate	1.256164e+03	1.261751e+03	3.700216e-01
1060          	OVC	-1.149828e+03	-1.147245e+03	-3.700148e-01
1061          	warmPlate	1.256164e+03	1.261751e+03	3.700216e-01
1061          	OVC	-1.149828e+03	-1.147245e+03	-3.700148e-01
1062          	warmPlate	1.256164e+03	1.261751e+03	3.700216e-01
1062          	OVC	-1.149828e+03	-1.147245e+03	-3.700148e-01
1063          	warmPlate	1.256164e+03	1.261751e+03	3.700216e-01
1063          	OVC	-1.149828e+03	-1.147245e+03	-3.700148e-01
1064          	warmPlate	1.256164e+03	1.261751e+03	3.700216e-01
1064          	OVC	-1.149828e+03	-1.147245e+03	-3.700148e-01
1065          	warmPlate	1.256164e+03	1.261751e+03	3.700216e-01
1065          	OVC	-1.149828e+03	-1.147245e+03	-3.700148e-01
1066          	warmPlate	1.256164e+03	1.261751e+03	3.700216e-01
1066          	OVC	-1.149828e+03	-1.147245e+03	-3.700148e-01
1067          	warmPlate	1.256164e+03	1.261751e+03	3.700216e-01
1067          	OVC	-1.149828e+03	-1.147245e+03	-3.700148e-01
1068          	warmPlate	1.256164e+03	1.261751e+03	3.700216e-01
1068          	OVC	-1.149828e+03	-1.147245e+03	-3.700148e-01
1069          	warmPlate	1.256164e+03	1.261751e+03	3.700216e-01
1069          	OVC	-1.149828e+03	-1.147245e+03	-3.700148e-01
1070          	warmPlate	1.256164e+03	1.261751e+03	3.700216e-01
1070          	OVC	-1.149828e+03	-1.147245e+03	-3.700148e-01
1071          	warmPlate	1.256164e+03	1.261751e+03	3.700216e-01
1071          	OVC	-1.149828e+03	-1.147245e+03	-3.700148e-01
1072          	warmPlate	1.256164e+03	1.261751e+03	3.700216e-01
1072          	OVC	-1.149828e+03	-1.147245e+03	-3.700148e-01
1073          	warmPlate	1.256164e+03	1.261751e+03	3.700216e-01
1073          	OVC	-1.149828e+03	-1.147245e+03	-3.700148e-01
1074          	warmPlate	1.256164e+03	1.261751e+03	3.700216e-01
1074          	OVC	-1.149828e+03	-1.147245e+03	-3.700148e-01
1075          	warmPlate	1.256164e+03	1.261751e+03	3.700216e-01
1075          	OVC	-1.149828e+03	-1.147245e+03	-3.700148e-01
1076          	warmPlate	1.256164e+03	1.261751e+03	3.700216e-01
1076          	OVC	-1.149828e+03	-1.147245e+03	-3.700148e-01
1077          	warmPlate	1.256164e+03	1.261751e+03	3.700216e-01
1077          	OVC	-1.149828e+03	-1.147245e+03	-3.700148e-01
1078          	warmPlate	1.256164e+03	1.261751e+03	3.700216e-01
1078          	OVC	-1.149828e+03	-1.147245e+03	-3.700148e-01
1079          	warmPlate	1.256164e+03	1.261751e+03	3.700216e-01
1079          	OVC	-1.149828e+03	-1.147245e+03	-3.700148e-01
1080          	warmPlate	1.256164e+03	1.261751e+03	3.700216e-01
1080          	OVC	-1.149828e+03	-1.147245e+03	-3.700148e-01
1081          	warmPlate	1.256164e+03	1.261751e+03	3.700216e-01
1081          	OVC	-1.149828e+03	-1.147245e+03	-3.700148e-01
1082          	warmPlate	1.256164e+03	1.261751e+03	3.700216e-01
1082          	OVC	-1.149828e+03	-1.147245e+03	-3.700148e-01
1083          	warmPlate	1.256164e+03	1.261751e+03	3.700216e-01
1083          	OVC	-1.149828e+03	-1.147245e+03	-3.700148e-01
1084          	warmPlate	1.256164e+03	1.261751e+03	3.700216e-01
1084          	OVC	-1.149828e+03	-1.147245e+03	-3.700148e-01
1085          	warmPlate	1.256164e+03	1.261751e+03	3.700216e-01
1085          	OVC	-1.149828e+03	-1.147245e+03	-3.700148e-01
1086          	warmPlate	1.256164e+03	1.261751e+03	3.700216e-01
1086          	OVC	-1.149828e+03	-1.147245e+03	-3.700148e-01
1087          	warmPlate	1.256164e+03	1.261751e+03	3.700216e-01
1087          	OVC	-1.149828e+03	-1.147245e+03	-3.700148e-01
1088          	warmPlate	1.256164e+03	1.261751e+03	3.700216e-01
1088          	OVC	-1.149828e+03	-1.147245e+03	-3.700148e-01
1089          	warmPlate	1.256164e+03	1.261751e+03	3.700216e-01
1089          	OVC	-1.149828e+03	-1.147245e+03	-3.700148e-01
1090          	warmPlate	1.256164e+03	1.261751e+03	3.700216e-01
1090          	OVC	-1.149828e+03	-1.147245e+03	-3.700148e-01
1091          	warmPlate	1.256164e+03	1.261751e+03	3.700216e-01
1091          	OVC	-1.149828e+03	-1.147245e+03	-3.700148e-01
1092          	warmPlate	1.256164e+03	1.261751e+03	3.700216e-01
1092          	OVC	-1.149828e+03	-1.147245e+03	-3.700148e-01
1093          	warmPlate	1.256164e+03	1.261751e+03	3.700216e-01
1093          	OVC	-1.149828e+03	-1.147245e+03	-3.700148e-01
1094          	warmPlate	1.256164e+03	1.261751e+03	3.700216e-01
1094          	OVC	-1.149828e+03	-1.147245e+03	-3.700148e-01
1095          	warmPlate	1.256164e+03	1.261751e+03	3.700216e-01
1095          	OVC	-1.149828e+03	-1.147245e+03	-3.700148e-01
1096          	warmPlate	1.256164e+03	1.261751e+03	3.700216e-01
1096          	OVC	-1.149828e+03	-1.147245e+03	-3.700148e-01
1097          	warmPlate	1.256164e+03	1.261751e+03	3.700216e-01
1097          	OVC	-1.149828e+03	-1.147245e+03	-3.700148e-01
1098          	warmPlate	1.256164e+03	1.261751e+03	3.700216e-01
1098          	OVC	-1.149828e+03	-1.147245e+03	-3.700148e-01
1099          	warmPlate	1.256164e+03	1.261751e+03	3.700216e-01
1099          	OVC	-1.149828e+03	-1.147245e+03	-3.700148e-01
1100          	warmPlate	1.256164e+03	1.261751e+03	3.700216e-01
1100          	OVC	-1.149828e+03	-1.147245e+03	-3.700148e-01
1101          	warmPlate	1.256164e+03	1.261751e+03	3.700216e-01
1101          	OVC	-1.149828e+03	-1.147245e+03	-3.700148e-01
1102          	warmPlate	1.256164e+03	1.261751e+03	3.700216e-01
1102          	OVC	-1.149828e+03	-1.147245e+03	-3.700148e-01
1103          	warmPlate	1.256164e+03	1.261751e+03	3.700216e-01
1103          	OVC	-1.149828e+03	-1.147245e+03	-3.700148e-01
1104          	warmPlate	1.256164e+03	1.261751e+03	3.700216e-01
1104          	OVC	-1.149828e+03	-1.147245e+03	-3.700148e-01
1105          	warmPlate	1.256164e+03	1.261751e+03	3.700216e-01
1105          	OVC	-1.149828e+03	-1.147245e+03	-3.700148e-01
1106          	warmPlate	1.256164e+03	1.261751e+03	3.700216e-01
1106          	OVC	-1.149828e+03	-1.147245e+03	-3.700148e-01
1107          	warmPlate	1.256164e+03	1.261751e+03	3.700216e-01
1107          	OVC	-1.149828e+03	-1.147245e+03	-3.700148e-01
1108          	warmPlate	1.256164e+03	1.261751e+03	3.700216e-01
1108          	OVC	-1.149828e+03	-1.147245e+03	-3.700148e-01
1109          	warmPlate	1.256164e+03	1.261751e+03	3.700216e-01
1109          	OVC	-1.149828e+03	-1.147245e+03	-3.700148e-01
1110          	warmPlate	1.256164e+03	1.261751e+03	3.700216e-01
1110          	OVC	-1.149828e+03	-1.147245e+03	-3.700148e-01
1111          	warmPlate	1.256164e+03	1.261751e+03	3.700216e-01
1111          	OVC	-1.149828e+03	-1.147245e+03	-3.700148e-01
1112          	warmPlate	1.256164e+03	1.261751e+03	3.700216e-01
1112          	OVC	-1.149828e+03	-1.147245e+03	-3.700148e-01
1113          	warmPlate	1.256164e+03	1.261751e+03	3.700216e-01
1113          	OVC	-1.149828e+03	-1.147245e+03	-3.700148e-01
1114          	warmPlate	1.256164e+03	1.261751e+03	3.700216e-01
1114          	OVC	-1.149828e+03	-1.147245e+03	-3.700148e-01
1115          	warmPlate	1.256164e+03	1.261751e+03	3.700216e-01
1115          	OVC	-1.149828e+03	-1.147245e+03	-3.700148e-01
1116          	warmPlate	1.256164e+03	1.261751e+03	3.700216e-01
1116          	OVC	-1.149828e+03	-1.147245e+03	-3.700148e-01
1117          	warmPlate	1.256164e+03	1.261751e+03	3.700216e-01
1117          	OVC	-1.149828e+03	-1.147245e+03	-3.700148e-01
1118          	warmPlate	1.256164e+03	1.261751e+03	3.700216e-01
1118          	OVC	-1.149828e+03	-1.147245e+03	-3.700148e-01
1119          	warmPlate	1.256164e+03	1.261751e+03	3.700216e-01
1119          	OVC	-1.149828e+03	-1.147245e+03	-3.700148e-01
1120          	warmPlate	1.256164e+03	1.261751e+03	3.700216e-01
1120          	OVC	-1.149828e+03	-1.147245e+03	-3.700148e-01
1121          	warmPlate	1.256164e+03	1.261751e+03	3.700216e-01
1121          	OVC	-1.149828e+03	-1.147245e+03	-3.700148e-01
1122          	warmPlate	1.256164e+03	1.261751e+03	3.700216e-01
1122          	OVC	-1.149828e+03	-1.147245e+03	-3.700148e-01
1123          	warmPlate	1.256164e+03	1.261751e+03	3.700216e-01
1123          	OVC	-1.149828e+03	-1.147245e+03	-3.700148e-01
1124          	warmPlate	1.256164e+03	1.261751e+03	3.700216e-01
1124          	OVC	-1.149828e+03	-1.147245e+03	-3.700148e-01
1125          	warmPlate	1.256164e+03	1.261751e+03	3.700216e-01
1125          	OVC	-1.149828e+03	-1.147245e+03	-3.700148e-01
1126          	warmPlate	1.256164e+03	1.261751e+03	3.700216e-01
1126          	OVC	-1.149828e+03	-1.147245e+03	-3.700148e-01
1127          	warmPlate	1.256164e+03	1.261751e+03	3.700216e-01
1127          	OVC	-1.149828e+03	-1.147245e+03	-3.700148e-01
1128          	warmPlate	1.256164e+03	1.261751e+03	3.700216e-01
1128          	OVC	-1.149828e+03	-1.147245e+03	-3.700148e-01
1129          	warmPlate	1.256164e+03	1.261751e+03	3.700216e-01
1129          	OVC	-1.149828e+03	-1.147245e+03	-3.700148e-01
1130          	warmPlate	1.256164e+03	1.261751e+03	3.700216e-01
1130          	OVC	-1.149828e+03	-1.147245e+03	-3.700148e-01
1131          	warmPlate	1.256164e+03	1.261751e+03	3.700216e-01
1131          	OVC	-1.149828e+03	-1.147245e+03	-3.700148e-01
1132          	warmPlate	1.256164e+03	1.261751e+03	3.700216e-01
1132          	OVC	-1.149828e+03	-1.147245e+03	-3.700148e-01
1133          	warmPlate	1.256164e+03	1.261751e+03	3.700216e-01
1133          	OVC	-1.149828e+03	-1.147245e+03	-3.700148e-01
1134          	warmPlate	1.256164e+03	1.261751e+03	3.700216e-01
1134          	OVC	-1.149828e+03	-1.147245e+03	-3.700148e-01
1135          	warmPlate	1.256164e+03	1.261751e+03	3.700216e-01
1135          	OVC	-1.149828e+03	-1.147245e+03	-3.700148e-01
1136          	warmPlate	1.256164e+03	1.261751e+03	3.700216e-01
1136          	OVC	-1.149828e+03	-1.147245e+03	-3.700148e-01
1137          	warmPlate	1.256164e+03	1.261751e+03	3.700216e-01
1137          	OVC	-1.149828e+03	-1.147245e+03	-3.700148e-01
1138          	warmPlate	1.256164e+03	1.261751e+03	3.700216e-01
1138          	OVC	-1.149828e+03	-1.147245e+03	-3.700148e-01
1139          	warmPlate	1.256164e+03	1.261751e+03	3.700216e-01
1139          	OVC	-1.149828e+03	-1.147245e+03	-3.700148e-01
1140          	warmPlate	1.256164e+03	1.261751e+03	3.700216e-01
1140          	OVC	-1.149828e+03	-1.147245e+03	-3.700148e-01
1141          	warmPlate	1.256164e+03	1.261751e+03	3.700216e-01
1141          	OVC	-1.149828e+03	-1.147245e+03	-3.700148e-01
1142          	warmPlate	1.256164e+03	1.261751e+03	3.700216e-01
1142          	OVC	-1.149828e+03	-1.147245e+03	-3.700148e-01
1143          	warmPlate	1.256164e+03	1.261751e+03	3.700216e-01
1143          	OVC	-1.149828e+03	-1.147245e+03	-3.700148e-01
1144          	warmPlate	1.256164e+03	1.261751e+03	3.700216e-01
1144          	OVC	-1.149828e+03	-1.147245e+03	-3.700148e-01
1145          	warmPlate	1.256164e+03	1.261751e+03	3.700216e-01
1145          	OVC	-1.149828e+03	-1.147245e+03	-3.700148e-01
1146          	warmPlate	1.256164e+03	1.261751e+03	3.700216e-01
1146          	OVC	-1.149828e+03	-1.147245e+03	-3.700148e-01
1147          	warmPlate	1.256164e+03	1.261751e+03	3.700216e-01
1147          	OVC	-1.149828e+03	-1.147245e+03	-3.700148e-01
1148          	warmPlate	1.256164e+03	1.261751e+03	3.700216e-01
1148          	OVC	-1.149828e+03	-1.147245e+03	-3.700148e-01
1149          	warmPlate	1.256164e+03	1.261751e+03	3.700216e-01
1149          	OVC	-1.149828e+03	-1.147245e+03	-3.700148e-01
1150          	warmPlate	1.256164e+03	1.261751e+03	3.700216e-01
1150          	OVC	-1.149828e+03	-1.147245e+03	-3.700148e-01
1151          	warmPlate	1.256164e+03	1.261751e+03	3.700216e-01
1151          	OVC	-1.149828e+03	-1.147245e+03	-3.700148e-01
1152          	warmPlate	1.256164e+03	1.261751e+03	3.700216e-01
1152          	OVC	-1.149828e+03	-1.147245e+03	-3.700148e-01
1153          	warmPlate	1.256164e+03	1.261751e+03	3.700216e-01
1153          	OVC	-1.149828e+03	-1.147245e+03	-3.700148e-01
1154          	warmPlate	1.256164e+03	1.261751e+03	3.700216e-01
1154          	OVC	-1.149828e+03	-1.147245e+03	-3.700148e-01
1155          	warmPlate	1.256164e+03	1.261751e+03	3.700216e-01
1155          	OVC	-1.149828e+03	-1.147245e+03	-3.700148e-01
1156          	warmPlate	1.256164e+03	1.261751e+03	3.700216e-01
1156          	OVC	-1.149828e+03	-1.147245e+03	-3.700148e-01
1157          	warmPlate	1.256164e+03	1.261751e+03	3.700216e-01
1157          	OVC	-1.149828e+03	-1.147245e+03	-3.700148e-01
1158          	warmPlate	1.256164e+03	1.261751e+03	3.700216e-01
1158          	OVC	-1.149828e+03	-1.147245e+03	-3.700148e-01
1159          	warmPlate	1.256164e+03	1.261751e+03	3.700216e-01
1159          	OVC	-1.149828e+03	-1.147245e+03	-3.700148e-01
1160          	warmPlate	1.256164e+03	1.261751e+03	3.700216e-01
1160          	OVC	-1.149828e+03	-1.147245e+03	-3.700148e-01
1161          	warmPlate	1.256164e+03	1.261751e+03	3.700216e-01
1161          	OVC	-1.149828e+03	-1.147245e+03	-3.700148e-01
1162          	warmPlate	1.256164e+03	1.261751e+03	3.700216e-01
1162          	OVC	-1.149828e+03	-1.147245e+03	-3.700148e-01
1163          	warmPlate	1.256164e+03	1.261751e+03	3.700216e-01
1163          	OVC	-1.149828e+03	-1.147245e+03	-3.700148e-01
1164          	warmPlate	1.256164e+03	1.261751e+03	3.700216e-01
1164          	OVC	-1.149828e+03	-1.147245e+03	-3.700148e-01
1165          	warmPlate	1.256164e+03	1.261751e+03	3.700216e-01
1165          	OVC	-1.149828e+03	-1.147245e+03	-3.700148e-01
1166          	warmPlate	1.256164e+03	1.261751e+03	3.700216e-01
1166          	OVC	-1.149828e+03	-1.147245e+03	-3.700148e-01
1167          	warmPlate	1.256164e+03	1.261751e+03	3.700216e-01
1167          	OVC	-1.149828e+03	-1.147245e+03	-3.700148e-01
1168          	warmPlate	1.256164e+03	1.261751e+03	3.700216e-01
1168          	OVC	-1.149828e+03	-1.147245e+03	-3.700148e-01
1169          	warmPlate	1.256164e+03	1.261751e+03	3.700216e-01
1169          	OVC	-1.149828e+03	-1.147245e+03	-3.700148e-01
1170          	warmPlate	1.256164e+03	1.261751e+03	3.700216e-01
1170          	OVC	-1.149828e+03	-1.147245e+03	-3.700148e-01
1171          	warmPlate	1.256164e+03	1.261751e+03	3.700216e-01
1171          	OVC	-1.149828e+03	-1.147245e+03	-3.700148e-01
1172          	warmPlate	1.256164e+03	1.261751e+03	3.700216e-01
1172          	OVC	-1.149828e+03	-1.147245e+03	-3.700148e-01
1173          	warmPlate	1.256164e+03	1.261751e+03	3.700216e-01
1173          	OVC	-1.149828e+03	-1.147245e+03	-3.700148e-01
1174          	warmPlate	1.256164e+03	1.261751e+03	3.700216e-01
1174          	OVC	-1.149828e+03	-1.147245e+03	-3.700148e-01
1175          	warmPlate	1.256164e+03	1.261751e+03	3.700216e-01
1175          	OVC	-1.149828e+03	-1.147245e+03	-3.700148e-01
1176          	warmPlate	1.256164e+03	1.261751e+03	3.700216e-01
1176          	OVC	-1.149828e+03	-1.147245e+03	-3.700148e-01
1177          	warmPlate	1.256164e+03	1.261751e+03	3.700216e-01
1177          	OVC	-1.149828e+03	-1.147245e+03	-3.700148e-01
1178          	warmPlate	1.256164e+03	1.261751e+03	3.700216e-01
1178          	OVC	-1.149828e+03	-1.147245e+03	-3.700148e-01
1179          	warmPlate	1.256164e+03	1.261751e+03	3.700216e-01
1179          	OVC	-1.149828e+03	-1.147245e+03	-3.700148e-01
1180          	warmPlate	1.256164e+03	1.261751e+03	3.700216e-01
1180          	OVC	-1.149828e+03	-1.147245e+03	-3.700148e-01
1181          	warmPlate	1.256164e+03	1.261751e+03	3.700216e-01
1181          	OVC	-1.149828e+03	-1.147245e+03	-3.700148e-01
1182          	warmPlate	1.256164e+03	1.261751e+03	3.700216e-01
1182          	OVC	-1.149828e+03	-1.147245e+03	-3.700148e-01
1183          	warmPlate	1.256164e+03	1.261751e+03	3.700216e-01
1183          	OVC	-1.149828e+03	-1.147245e+03	-3.700148e-01
1184          	warmPlate	1.256164e+03	1.261751e+03	3.700216e-01
1184          	OVC	-1.149828e+03	-1.147245e+03	-3.700148e-01
1185          	warmPlate	1.256164e+03	1.261751e+03	3.700216e-01
1185          	OVC	-1.149828e+03	-1.147245e+03	-3.700148e-01
1186          	warmPlate	1.256164e+03	1.261751e+03	3.700216e-01
1186          	OVC	-1.149828e+03	-1.147245e+03	-3.700148e-01
1187          	warmPlate	1.256164e+03	1.261751e+03	3.700216e-01
1187          	OVC	-1.149828e+03	-1.147245e+03	-3.700148e-01
1188          	warmPlate	1.256164e+03	1.261751e+03	3.700216e-01
1188          	OVC	-1.149828e+03	-1.147245e+03	-3.700148e-01
1189          	warmPlate	1.256164e+03	1.261751e+03	3.700216e-01
1189          	OVC	-1.149828e+03	-1.147245e+03	-3.700148e-01
1190          	warmPlate	1.256164e+03	1.261751e+03	3.700216e-01
1190          	OVC	-1.149828e+03	-1.147245e+03	-3.700148e-01
1191          	warmPlate	1.256164e+03	1.261751e+03	3.700216e-01
1191          	OVC	-1.149828e+03	-1.147245e+03	-3.700148e-01
1192          	warmPlate	1.256164e+03	1.261751e+03	3.700216e-01
1192          	OVC	-1.149828e+03	-1.147245e+03	-3.700148e-01
1193          	warmPlate	1.256164e+03	1.261751e+03	3.700216e-01
1193          	OVC	-1.149828e+03	-1.147245e+03	-3.700148e-01
1194          	warmPlate	1.256164e+03	1.261751e+03	3.700216e-01
1194          	OVC	-1.149828e+03	-1.147245e+03	-3.700148e-01
1195          	warmPlate	1.256164e+03	1.261751e+03	3.700216e-01
1195          	OVC	-1.149828e+03	-1.147245e+03	-3.700148e-01
1196          	warmPlate	1.256164e+03	1.261751e+03	3.700216e-01
1196          	OVC	-1.149828e+03	-1.147245e+03	-3.700148e-01
1197          	warmPlate	1.256164e+03	1.261751e+03	3.700216e-01
1197          	OVC	-1.149828e+03	-1.147245e+03	-3.700148e-01
1198          	warmPlate	1.256164e+03	1.261751e+03	3.700216e-01
1198          	OVC	-1.149828e+03	-1.147245e+03	-3.700148e-01
1199          	warmPlate	1.256164e+03	1.261751e+03	3.700216e-01
1199          	OVC	-1.149828e+03	-1.147245e+03	-3.700148e-01
1200          	warmPlate	1.256164e+03	1.261751e+03	3.700216e-01
1200          	OVC	-1.149828e+03	-1.147245e+03	-3.700148e-01
1201          	warmPlate	1.256164e+03	1.261751e+03	3.700216e-01
1201          	OVC	-1.149828e+03	-1.147245e+03	-3.700148e-01
1202          	warmPlate	1.256164e+03	1.261751e+03	3.700216e-01
1202          	OVC	-1.149828e+03	-1.147245e+03	-3.700148e-01
1203          	warmPlate	1.256164e+03	1.261751e+03	3.700216e-01
1203          	OVC	-1.149828e+03	-1.147245e+03	-3.700148e-01
1204          	warmPlate	1.256164e+03	1.261751e+03	3.700216e-01
1204          	OVC	-1.149828e+03	-1.147245e+03	-3.700148e-01
1205          	warmPlate	1.256164e+03	1.261751e+03	3.700216e-01
1205          	OVC	-1.149828e+03	-1.147245e+03	-3.700148e-01
1206          	warmPlate	1.256164e+03	1.261751e+03	3.700216e-01
1206          	OVC	-1.149828e+03	-1.147245e+03	-3.700148e-01
1207          	warmPlate	1.256164e+03	1.261751e+03	3.700216e-01
1207          	OVC	-1.149828e+03	-1.147245e+03	-3.700148e-01
1208          	warmPlate	1.256164e+03	1.261751e+03	3.700216e-01
1208          	OVC	-1.149828e+03	-1.147245e+03	-3.700148e-01
1209          	warmPlate	1.256164e+03	1.261751e+03	3.700216e-01
1209          	OVC	-1.149828e+03	-1.147245e+03	-3.700148e-01
1210          	warmPlate	1.256164e+03	1.261751e+03	3.700216e-01
1210          	OVC	-1.149828e+03	-1.147245e+03	-3.700148e-01
1211          	warmPlate	1.256164e+03	1.261751e+03	3.700216e-01
1211          	OVC	-1.149828e+03	-1.147245e+03	-3.700148e-01
1212          	warmPlate	1.256164e+03	1.261751e+03	3.700216e-01
1212          	OVC	-1.149828e+03	-1.147245e+03	-3.700148e-01
1213          	warmPlate	1.256164e+03	1.261751e+03	3.700216e-01
1213          	OVC	-1.149828e+03	-1.147245e+03	-3.700148e-01
1214          	warmPlate	1.256164e+03	1.261751e+03	3.700216e-01
1214          	OVC	-1.149828e+03	-1.147245e+03	-3.700148e-01
1215          	warmPlate	1.256164e+03	1.261751e+03	3.700216e-01
1215          	OVC	-1.149828e+03	-1.147245e+03	-3.700148e-01
1216          	warmPlate	1.256164e+03	1.261751e+03	3.700216e-01
1216          	OVC	-1.149828e+03	-1.147245e+03	-3.700148e-01
1217          	warmPlate	1.256164e+03	1.261751e+03	3.700216e-01
1217          	OVC	-1.149828e+03	-1.147245e+03	-3.700148e-01
1218          	warmPlate	1.256164e+03	1.261751e+03	3.700216e-01
1218          	OVC	-1.149828e+03	-1.147245e+03	-3.700148e-01
1219          	warmPlate	1.256164e+03	1.261751e+03	3.700216e-01
1219          	OVC	-1.149828e+03	-1.147245e+03	-3.700148e-01
1220          	warmPlate	1.256164e+03	1.261751e+03	3.700216e-01
1220          	OVC	-1.149828e+03	-1.147245e+03	-3.700148e-01
1221          	warmPlate	1.256164e+03	1.261751e+03	3.700216e-01
1221          	OVC	-1.149828e+03	-1.147245e+03	-3.700148e-01
1222          	warmPlate	1.256164e+03	1.261751e+03	3.700216e-01
1222          	OVC	-1.149828e+03	-1.147245e+03	-3.700148e-01
1223          	warmPlate	1.256164e+03	1.261751e+03	3.700216e-01
1223          	OVC	-1.149828e+03	-1.147245e+03	-3.700148e-01
1224          	warmPlate	1.256164e+03	1.261751e+03	3.700216e-01
1224          	OVC	-1.149828e+03	-1.147245e+03	-3.700148e-01
1225          	warmPlate	1.256164e+03	1.261751e+03	3.700216e-01
1225          	OVC	-1.149828e+03	-1.147245e+03	-3.700148e-01
1226          	warmPlate	1.256164e+03	1.261751e+03	3.700216e-01
1226          	OVC	-1.149828e+03	-1.147245e+03	-3.700148e-01
1227          	warmPlate	1.256164e+03	1.261751e+03	3.700216e-01
1227          	OVC	-1.149828e+03	-1.147245e+03	-3.700148e-01
1228          	warmPlate	1.256164e+03	1.261751e+03	3.700216e-01
1228          	OVC	-1.149828e+03	-1.147245e+03	-3.700148e-01
1229          	warmPlate	1.256164e+03	1.261751e+03	3.700216e-01
1229          	OVC	-1.149828e+03	-1.147245e+03	-3.700148e-01
1230          	warmPlate	1.256164e+03	1.261751e+03	3.700216e-01
1230          	OVC	-1.149828e+03	-1.147245e+03	-3.700148e-01
1231          	warmPlate	1.256164e+03	1.261751e+03	3.700216e-01
1231          	OVC	-1.149828e+03	-1.147245e+03	-3.700148e-01
1232          	warmPlate	1.256164e+03	1.261751e+03	3.700216e-01
1232          	OVC	-1.149828e+03	-1.147245e+03	-3.700148e-01
1233          	warmPlate	1.256164e+03	1.261751e+03	3.700216e-01
1233          	OVC	-1.149828e+03	-1.147245e+03	-3.700148e-01
1234          	warmPlate	1.256164e+03	1.261751e+03	3.700216e-01
1234          	OVC	-1.149828e+03	-1.147245e+03	-3.700148e-01
1235          	warmPlate	1.256164e+03	1.261751e+03	3.700216e-01
1235          	OVC	-1.149828e+03	-1.147245e+03	-3.700148e-01
1236          	warmPlate	1.256164e+03	1.261751e+03	3.700216e-01
1236          	OVC	-1.149828e+03	-1.147245e+03	-3.700148e-01
1237          	warmPlate	1.256164e+03	1.261751e+03	3.700216e-01
1237          	OVC	-1.149828e+03	-1.147245e+03	-3.700148e-01
1238          	warmPlate	1.256164e+03	1.261751e+03	3.700216e-01
1238          	OVC	-1.149828e+03	-1.147245e+03	-3.700148e-01
1239          	warmPlate	1.256164e+03	1.261751e+03	3.700216e-01
1239          	OVC	-1.149828e+03	-1.147245e+03	-3.700148e-01
1240          	warmPlate	1.256164e+03	1.261751e+03	3.700216e-01
1240          	OVC	-1.149828e+03	-1.147245e+03	-3.700148e-01
1241          	warmPlate	1.256164e+03	1.261751e+03	3.700216e-01
1241          	OVC	-1.149828e+03	-1.147245e+03	-3.700148e-01
1242          	warmPlate	1.256164e+03	1.261751e+03	3.700216e-01
1242          	OVC	-1.149828e+03	-1.147245e+03	-3.700148e-01
1243          	warmPlate	1.256164e+03	1.261751e+03	3.700216e-01
1243          	OVC	-1.149828e+03	-1.147245e+03	-3.700148e-01
1244          	warmPlate	1.256164e+03	1.261751e+03	3.700216e-01
1244          	OVC	-1.149828e+03	-1.147245e+03	-3.700148e-01
1245          	warmPlate	1.256164e+03	1.261751e+03	3.700216e-01
1245          	OVC	-1.149828e+03	-1.147245e+03	-3.700148e-01
1246          	warmPlate	1.256164e+03	1.261751e+03	3.700216e-01
1246          	OVC	-1.149828e+03	-1.147245e+03	-3.700148e-01
1247          	warmPlate	1.256164e+03	1.261751e+03	3.700216e-01
1247          	OVC	-1.149828e+03	-1.147245e+03	-3.700148e-01
1248          	warmPlate	1.256164e+03	1.261751e+03	3.700216e-01
1248          	OVC	-1.149828e+03	-1.147245e+03	-3.700148e-01
1249          	warmPlate	1.256164e+03	1.261751e+03	3.700216e-01
1249          	OVC	-1.149828e+03	-1.147245e+03	-3.700148e-01
1250          	warmPlate	1.256164e+03	1.261751e+03	3.700216e-01
1250          	OVC	-1.149828e+03	-1.147245e+03	-3.700148e-01
1251          	warmPlate	1.256164e+03	1.261751e+03	3.700216e-01
1251          	OVC	-1.149828e+03	-1.147245e+03	-3.700148e-01
1252          	warmPlate	1.256164e+03	1.261751e+03	3.700216e-01
1252          	OVC	-1.149828e+03	-1.147245e+03	-3.700148e-01
1253          	warmPlate	1.256164e+03	1.261751e+03	3.700216e-01
1253          	OVC	-1.149828e+03	-1.147245e+03	-3.700148e-01
1254          	warmPlate	1.256164e+03	1.261751e+03	3.700216e-01
1254          	OVC	-1.149828e+03	-1.147245e+03	-3.700148e-01
1255          	warmPlate	1.256164e+03	1.261751e+03	3.700216e-01
1255          	OVC	-1.149828e+03	-1.147245e+03	-3.700148e-01
1256          	warmPlate	1.256164e+03	1.261751e+03	3.700216e-01
1256          	OVC	-1.149828e+03	-1.147245e+03	-3.700148e-01
1257          	warmPlate	1.256164e+03	1.261751e+03	3.700216e-01
1257          	OVC	-1.149828e+03	-1.147245e+03	-3.700148e-01
1258          	warmPlate	1.256164e+03	1.261751e+03	3.700216e-01
1258          	OVC	-1.149828e+03	-1.147245e+03	-3.700148e-01
1259          	warmPlate	1.256164e+03	1.261751e+03	3.700216e-01
1259          	OVC	-1.149828e+03	-1.147245e+03	-3.700148e-01
1260          	warmPlate	1.256164e+03	1.261751e+03	3.700216e-01
1260          	OVC	-1.149828e+03	-1.147245e+03	-3.700148e-01
1261          	warmPlate	1.256164e+03	1.261751e+03	3.700216e-01
1261          	OVC	-1.149828e+03	-1.147245e+03	-3.700148e-01
1262          	warmPlate	1.256164e+03	1.261751e+03	3.700216e-01
1262          	OVC	-1.149828e+03	-1.147245e+03	-3.700148e-01
1263          	warmPlate	1.256164e+03	1.261751e+03	3.700216e-01
1263          	OVC	-1.149828e+03	-1.147245e+03	-3.700148e-01
1264          	warmPlate	1.256164e+03	1.261751e+03	3.700216e-01
1264          	OVC	-1.149828e+03	-1.147245e+03	-3.700148e-01
1265          	warmPlate	1.256164e+03	1.261751e+03	3.700216e-01
1265          	OVC	-1.149828e+03	-1.147245e+03	-3.700148e-01
1266          	warmPlate	1.256164e+03	1.261751e+03	3.700216e-01
1266          	OVC	-1.149828e+03	-1.147245e+03	-3.700148e-01
1267          	warmPlate	1.256164e+03	1.261751e+03	3.700216e-01
1267          	OVC	-1.149828e+03	-1.147245e+03	-3.700148e-01
1268          	warmPlate	1.256164e+03	1.261751e+03	3.700216e-01
1268          	OVC	-1.149828e+03	-1.147245e+03	-3.700148e-01
1269          	warmPlate	1.256164e+03	1.261751e+03	3.700216e-01
1269          	OVC	-1.149828e+03	-1.147245e+03	-3.700148e-01
1270          	warmPlate	1.256164e+03	1.261751e+03	3.700216e-01
1270          	OVC	-1.149828e+03	-1.147245e+03	-3.700148e-01
1271          	warmPlate	1.256164e+03	1.261751e+03	3.700216e-01
1271          	OVC	-1.149828e+03	-1.147245e+03	-3.700148e-01
1272          	warmPlate	1.256164e+03	1.261751e+03	3.700216e-01
1272          	OVC	-1.149828e+03	-1.147245e+03	-3.700148e-01
1273          	warmPlate	1.256164e+03	1.261751e+03	3.700216e-01
1273          	OVC	-1.149828e+03	-1.147245e+03	-3.700148e-01
1274          	warmPlate	1.256164e+03	1.261751e+03	3.700216e-01
1274          	OVC	-1.149828e+03	-1.147245e+03	-3.700148e-01
1275          	warmPlate	1.256164e+03	1.261751e+03	3.700216e-01
1275          	OVC	-1.149828e+03	-1.147245e+03	-3.700148e-01
1276          	warmPlate	1.256164e+03	1.261751e+03	3.700216e-01
1276          	OVC	-1.149828e+03	-1.147245e+03	-3.700148e-01
1277          	warmPlate	1.256164e+03	1.261751e+03	3.700216e-01
1277          	OVC	-1.149828e+03	-1.147245e+03	-3.700148e-01
1278          	warmPlate	1.256164e+03	1.261751e+03	3.700216e-01
1278          	OVC	-1.149828e+03	-1.147245e+03	-3.700148e-01
1279          	warmPlate	1.256164e+03	1.261751e+03	3.700216e-01
1279          	OVC	-1.149828e+03	-1.147245e+03	-3.700148e-01
1280          	warmPlate	1.256164e+03	1.261751e+03	3.700216e-01
1280          	OVC	-1.149828e+03	-1.147245e+03	-3.700148e-01
1281          	warmPlate	1.256164e+03	1.261751e+03	3.700216e-01
1281          	OVC	-1.149828e+03	-1.147245e+03	-3.700148e-01
1282          	warmPlate	1.256164e+03	1.261751e+03	3.700216e-01
1282          	OVC	-1.149828e+03	-1.147245e+03	-3.700148e-01
1283          	warmPlate	1.256164e+03	1.261751e+03	3.700216e-01
1283          	OVC	-1.149828e+03	-1.147245e+03	-3.700148e-01
1284          	warmPlate	1.256164e+03	1.261751e+03	3.700216e-01
1284          	OVC	-1.149828e+03	-1.147245e+03	-3.700148e-01
1285          	warmPlate	1.256164e+03	1.261751e+03	3.700216e-01
1285          	OVC	-1.149828e+03	-1.147245e+03	-3.700148e-01
1286          	warmPlate	1.256164e+03	1.261751e+03	3.700216e-01
1286          	OVC	-1.149828e+03	-1.147245e+03	-3.700148e-01
1287          	warmPlate	1.256164e+03	1.261751e+03	3.700216e-01
1287          	OVC	-1.149828e+03	-1.147245e+03	-3.700148e-01
1288          	warmPlate	1.256164e+03	1.261751e+03	3.700216e-01
1288          	OVC	-1.149828e+03	-1.147245e+03	-3.700148e-01
1289          	warmPlate	1.256164e+03	1.261751e+03	3.700216e-01
1289          	OVC	-1.149828e+03	-1.147245e+03	-3.700148e-01
1290          	warmPlate	1.256164e+03	1.261751e+03	3.700216e-01
1290          	OVC	-1.149828e+03	-1.147245e+03	-3.700148e-01
1291          	warmPlate	1.256164e+03	1.261751e+03	3.700216e-01
1291          	OVC	-1.149828e+03	-1.147245e+03	-3.700148e-01
1292          	warmPlate	1.256164e+03	1.261751e+03	3.700216e-01
1292          	OVC	-1.149828e+03	-1.147245e+03	-3.700148e-01
1293          	warmPlate	1.256164e+03	1.261751e+03	3.700216e-01
1293          	OVC	-1.149828e+03	-1.147245e+03	-3.700148e-01
1294          	warmPlate	1.256164e+03	1.261751e+03	3.700216e-01
1294          	OVC	-1.149828e+03	-1.147245e+03	-3.700148e-01
1295          	warmPlate	1.256164e+03	1.261751e+03	3.700216e-01
1295          	OVC	-1.149828e+03	-1.147245e+03	-3.700148e-01
1296          	warmPlate	1.256164e+03	1.261751e+03	3.700216e-01
1296          	OVC	-1.149828e+03	-1.147245e+03	-3.700148e-01
1297          	warmPlate	1.256164e+03	1.261751e+03	3.700216e-01
1297          	OVC	-1.149828e+03	-1.147245e+03	-3.700148e-01
1298          	warmPlate	1.256164e+03	1.261751e+03	3.700216e-01
1298          	OVC	-1.149828e+03	-1.147245e+03	-3.700148e-01
1299          	warmPlate	1.256164e+03	1.261751e+03	3.700216e-01
1299          	OVC	-1.149828e+03	-1.147245e+03	-3.700148e-01
1300          	warmPlate	1.256164e+03	1.261751e+03	3.700216e-01
1300          	OVC	-1.149828e+03	-1.147245e+03	-3.700148e-01
1301          	warmPlate	1.256164e+03	1.261751e+03	3.700216e-01
1301          	OVC	-1.149828e+03	-1.147245e+03	-3.700148e-01
1302          	warmPlate	1.256164e+03	1.261751e+03	3.700216e-01
1302          	OVC	-1.149828e+03	-1.147245e+03	-3.700148e-01
1303          	warmPlate	1.256164e+03	1.261751e+03	3.700216e-01
1303          	OVC	-1.149828e+03	-1.147245e+03	-3.700148e-01
1304          	warmPlate	1.256164e+03	1.261751e+03	3.700216e-01
1304          	OVC	-1.149828e+03	-1.147245e+03	-3.700148e-01
1305          	warmPlate	1.256164e+03	1.261751e+03	3.700216e-01
1305          	OVC	-1.149828e+03	-1.147245e+03	-3.700148e-01
1306          	warmPlate	1.256164e+03	1.261751e+03	3.700216e-01
1306          	OVC	-1.149828e+03	-1.147245e+03	-3.700148e-01
1307          	warmPlate	1.256164e+03	1.261751e+03	3.700216e-01
1307          	OVC	-1.149828e+03	-1.147245e+03	-3.700148e-01
1308          	warmPlate	1.256164e+03	1.261751e+03	3.700216e-01
1308          	OVC	-1.149828e+03	-1.147245e+03	-3.700148e-01
1309          	warmPlate	1.256164e+03	1.261751e+03	3.700216e-01
1309          	OVC	-1.149828e+03	-1.147245e+03	-3.700148e-01
1310          	warmPlate	1.256164e+03	1.261751e+03	3.700216e-01
1310          	OVC	-1.149828e+03	-1.147245e+03	-3.700148e-01
1311          	warmPlate	1.256164e+03	1.261751e+03	3.700216e-01
1311          	OVC	-1.149828e+03	-1.147245e+03	-3.700148e-01
1312          	warmPlate	1.256164e+03	1.261751e+03	3.700216e-01
1312          	OVC	-1.149828e+03	-1.147245e+03	-3.700148e-01
1313          	warmPlate	1.256164e+03	1.261751e+03	3.700216e-01
1313          	OVC	-1.149828e+03	-1.147245e+03	-3.700148e-01
1314          	warmPlate	1.256164e+03	1.261751e+03	3.700216e-01
1314          	OVC	-1.149828e+03	-1.147245e+03	-3.700148e-01
1315          	warmPlate	1.256164e+03	1.261751e+03	3.700216e-01
1315          	OVC	-1.149828e+03	-1.147245e+03	-3.700148e-01
1316          	warmPlate	1.256164e+03	1.261751e+03	3.700216e-01
1316          	OVC	-1.149828e+03	-1.147245e+03	-3.700148e-01
1317          	warmPlate	1.256164e+03	1.261751e+03	3.700216e-01
1317          	OVC	-1.149828e+03	-1.147245e+03	-3.700148e-01
1318          	warmPlate	1.256164e+03	1.261751e+03	3.700216e-01
1318          	OVC	-1.149828e+03	-1.147245e+03	-3.700148e-01
1319          	warmPlate	1.256164e+03	1.261751e+03	3.700216e-01
1319          	OVC	-1.149828e+03	-1.147245e+03	-3.700148e-01
1320          	warmPlate	1.256164e+03	1.261751e+03	3.700216e-01
1320          	OVC	-1.149828e+03	-1.147245e+03	-3.700148e-01
1321          	warmPlate	1.256164e+03	1.261751e+03	3.700216e-01
1321          	OVC	-1.149828e+03	-1.147245e+03	-3.700148e-01
1322          	warmPlate	1.256164e+03	1.261751e+03	3.700216e-01
1322          	OVC	-1.149828e+03	-1.147245e+03	-3.700148e-01
1323          	warmPlate	1.256164e+03	1.261751e+03	3.700216e-01
1323          	OVC	-1.149828e+03	-1.147245e+03	-3.700148e-01
1324          	warmPlate	1.256164e+03	1.261751e+03	3.700216e-01
1324          	OVC	-1.149828e+03	-1.147245e+03	-3.700148e-01
1325          	warmPlate	1.256164e+03	1.261751e+03	3.700216e-01
1325          	OVC	-1.149828e+03	-1.147245e+03	-3.700148e-01
1326          	warmPlate	1.256164e+03	1.261751e+03	3.700216e-01
1326          	OVC	-1.149828e+03	-1.147245e+03	-3.700148e-01
1327          	warmPlate	1.256164e+03	1.261751e+03	3.700216e-01
1327          	OVC	-1.149828e+03	-1.147245e+03	-3.700148e-01
1328          	warmPlate	1.256164e+03	1.261751e+03	3.700216e-01
1328          	OVC	-1.149828e+03	-1.147245e+03	-3.700148e-01
1329          	warmPlate	1.256164e+03	1.261751e+03	3.700216e-01
1329          	OVC	-1.149828e+03	-1.147245e+03	-3.700148e-01
1330          	warmPlate	1.256164e+03	1.261751e+03	3.700216e-01
1330          	OVC	-1.149828e+03	-1.147245e+03	-3.700148e-01
1331          	warmPlate	1.256164e+03	1.261751e+03	3.700216e-01
1331          	OVC	-1.149828e+03	-1.147245e+03	-3.700148e-01
1332          	warmPlate	1.256164e+03	1.261751e+03	3.700216e-01
1332          	OVC	-1.149828e+03	-1.147245e+03	-3.700148e-01
1333          	warmPlate	1.256164e+03	1.261751e+03	3.700216e-01
1333          	OVC	-1.149828e+03	-1.147245e+03	-3.700148e-01
1334          	warmPlate	1.256164e+03	1.261751e+03	3.700216e-01
1334          	OVC	-1.149828e+03	-1.147245e+03	-3.700148e-01
1335          	warmPlate	1.256164e+03	1.261751e+03	3.700216e-01
1335          	OVC	-1.149828e+03	-1.147245e+03	-3.700148e-01
1336          	warmPlate	1.256164e+03	1.261751e+03	3.700216e-01
1336          	OVC	-1.149828e+03	-1.147245e+03	-3.700148e-01
1337          	warmPlate	1.256164e+03	1.261751e+03	3.700216e-01
1337          	OVC	-1.149828e+03	-1.147245e+03	-3.700148e-01
1338          	warmPlate	1.256164e+03	1.261751e+03	3.700216e-01
1338          	OVC	-1.149828e+03	-1.147245e+03	-3.700148e-01
1339          	warmPlate	1.256164e+03	1.261751e+03	3.700216e-01
1339          	OVC	-1.149828e+03	-1.147245e+03	-3.700148e-01
1340          	warmPlate	1.256164e+03	1.261751e+03	3.700216e-01
1340          	OVC	-1.149828e+03	-1.147245e+03	-3.700148e-01
1341          	warmPlate	1.256164e+03	1.261751e+03	3.700216e-01
1341          	OVC	-1.149828e+03	-1.147245e+03	-3.700148e-01
1342          	warmPlate	1.256164e+03	1.261751e+03	3.700216e-01
1342          	OVC	-1.149828e+03	-1.147245e+03	-3.700148e-01
1343          	warmPlate	1.256164e+03	1.261751e+03	3.700216e-01
1343          	OVC	-1.149828e+03	-1.147245e+03	-3.700148e-01
1344          	warmPlate	1.256164e+03	1.261751e+03	3.700216e-01
1344          	OVC	-1.149828e+03	-1.147245e+03	-3.700148e-01
1345          	warmPlate	1.256164e+03	1.261751e+03	3.700216e-01
1345          	OVC	-1.149828e+03	-1.147245e+03	-3.700148e-01
1346          	warmPlate	1.256164e+03	1.261751e+03	3.700216e-01
1346          	OVC	-1.149828e+03	-1.147245e+03	-3.700148e-01
1347          	warmPlate	1.256164e+03	1.261751e+03	3.700216e-01
1347          	OVC	-1.149828e+03	-1.147245e+03	-3.700148e-01
1348          	warmPlate	1.256164e+03	1.261751e+03	3.700216e-01
1348          	OVC	-1.149828e+03	-1.147245e+03	-3.700148e-01
1349          	warmPlate	1.256164e+03	1.261751e+03	3.700216e-01
1349          	OVC	-1.149828e+03	-1.147245e+03	-3.700148e-01
1350          	warmPlate	1.256164e+03	1.261751e+03	3.700216e-01
1350          	OVC	-1.149828e+03	-1.147245e+03	-3.700148e-01
1351          	warmPlate	1.256164e+03	1.261751e+03	3.700216e-01
1351          	OVC	-1.149828e+03	-1.147245e+03	-3.700148e-01
1352          	warmPlate	1.256164e+03	1.261751e+03	3.700216e-01
1352          	OVC	-1.149828e+03	-1.147245e+03	-3.700148e-01
1353          	warmPlate	1.256164e+03	1.261751e+03	3.700216e-01
1353          	OVC	-1.149828e+03	-1.147245e+03	-3.700148e-01
1354          	warmPlate	1.256164e+03	1.261751e+03	3.700216e-01
1354          	OVC	-1.149828e+03	-1.147245e+03	-3.700148e-01
1355          	warmPlate	1.256164e+03	1.261751e+03	3.700216e-01
1355          	OVC	-1.149828e+03	-1.147245e+03	-3.700148e-01
1356          	warmPlate	1.256164e+03	1.261751e+03	3.700216e-01
1356          	OVC	-1.149828e+03	-1.147245e+03	-3.700148e-01
1357          	warmPlate	1.256164e+03	1.261751e+03	3.700216e-01
1357          	OVC	-1.149828e+03	-1.147245e+03	-3.700148e-01
1358          	warmPlate	1.256164e+03	1.261751e+03	3.700216e-01
1358          	OVC	-1.149828e+03	-1.147245e+03	-3.700148e-01
1359          	warmPlate	1.256164e+03	1.261751e+03	3.700216e-01
1359          	OVC	-1.149828e+03	-1.147245e+03	-3.700148e-01
1360          	warmPlate	1.256164e+03	1.261751e+03	3.700216e-01
1360          	OVC	-1.149828e+03	-1.147245e+03	-3.700148e-01
1361          	warmPlate	1.256164e+03	1.261751e+03	3.700216e-01
1361          	OVC	-1.149828e+03	-1.147245e+03	-3.700148e-01
1362          	warmPlate	1.256164e+03	1.261751e+03	3.700216e-01
1362          	OVC	-1.149828e+03	-1.147245e+03	-3.700148e-01
1363          	warmPlate	1.256164e+03	1.261751e+03	3.700216e-01
1363          	OVC	-1.149828e+03	-1.147245e+03	-3.700148e-01
1364          	warmPlate	1.256164e+03	1.261751e+03	3.700216e-01
1364          	OVC	-1.149828e+03	-1.147245e+03	-3.700148e-01
1365          	warmPlate	1.256164e+03	1.261751e+03	3.700216e-01
1365          	OVC	-1.149828e+03	-1.147245e+03	-3.700148e-01
1366          	warmPlate	1.256164e+03	1.261751e+03	3.700216e-01
1366          	OVC	-1.149828e+03	-1.147245e+03	-3.700148e-01
1367          	warmPlate	1.256164e+03	1.261751e+03	3.700216e-01
1367          	OVC	-1.149828e+03	-1.147245e+03	-3.700148e-01
1368          	warmPlate	1.256164e+03	1.261751e+03	3.700216e-01
1368          	OVC	-1.149828e+03	-1.147245e+03	-3.700148e-01
1369          	warmPlate	1.256164e+03	1.261751e+03	3.700216e-01
1369          	OVC	-1.149828e+03	-1.147245e+03	-3.700148e-01
1370          	warmPlate	1.256164e+03	1.261751e+03	3.700216e-01
1370          	OVC	-1.149828e+03	-1.147245e+03	-3.700148e-01
1371          	warmPlate	1.256164e+03	1.261751e+03	3.700216e-01
1371          	OVC	-1.149828e+03	-1.147245e+03	-3.700148e-01
1372          	warmPlate	1.256164e+03	1.261751e+03	3.700216e-01
1372          	OVC	-1.149828e+03	-1.147245e+03	-3.700148e-01
1373          	warmPlate	1.256164e+03	1.261751e+03	3.700216e-01
1373          	OVC	-1.149828e+03	-1.147245e+03	-3.700148e-01
1374          	warmPlate	1.256164e+03	1.261751e+03	3.700216e-01
1374          	OVC	-1.149828e+03	-1.147245e+03	-3.700148e-01
1375          	warmPlate	1.256164e+03	1.261751e+03	3.700216e-01
1375          	OVC	-1.149828e+03	-1.147245e+03	-3.700148e-01
1376          	warmPlate	1.256164e+03	1.261751e+03	3.700216e-01
1376          	OVC	-1.149828e+03	-1.147245e+03	-3.700148e-01
1377          	warmPlate	1.256164e+03	1.261751e+03	3.700216e-01
1377          	OVC	-1.149828e+03	-1.147245e+03	-3.700148e-01
1378          	warmPlate	1.256164e+03	1.261751e+03	3.700216e-01
1378          	OVC	-1.149828e+03	-1.147245e+03	-3.700148e-01
1379          	warmPlate	1.256164e+03	1.261751e+03	3.700216e-01
1379          	OVC	-1.149828e+03	-1.147245e+03	-3.700148e-01
1380          	warmPlate	1.256164e+03	1.261751e+03	3.700216e-01
1380          	OVC	-1.149828e+03	-1.147245e+03	-3.700148e-01
1381          	warmPlate	1.256164e+03	1.261751e+03	3.700216e-01
1381          	OVC	-1.149828e+03	-1.147245e+03	-3.700148e-01
1382          	warmPlate	1.256164e+03	1.261751e+03	3.700216e-01
1382          	OVC	-1.149828e+03	-1.147245e+03	-3.700148e-01
1383          	warmPlate	1.256164e+03	1.261751e+03	3.700216e-01
1383          	OVC	-1.149828e+03	-1.147245e+03	-3.700148e-01
1384          	warmPlate	1.256164e+03	1.261751e+03	3.700216e-01
1384          	OVC	-1.149828e+03	-1.147245e+03	-3.700148e-01
1385          	warmPlate	1.256164e+03	1.261751e+03	3.700216e-01
1385          	OVC	-1.149828e+03	-1.147245e+03	-3.700148e-01
1386          	warmPlate	1.256164e+03	1.261751e+03	3.700216e-01
1386          	OVC	-1.149828e+03	-1.147245e+03	-3.700148e-01
1387          	warmPlate	1.256164e+03	1.261751e+03	3.700216e-01
1387          	OVC	-1.149828e+03	-1.147245e+03	-3.700148e-01
1388          	warmPlate	1.256164e+03	1.261751e+03	3.700216e-01
1388          	OVC	-1.149828e+03	-1.147245e+03	-3.700148e-01
1389          	warmPlate	1.256164e+03	1.261751e+03	3.700216e-01
1389          	OVC	-1.149828e+03	-1.147245e+03	-3.700148e-01
1390          	warmPlate	1.256164e+03	1.261751e+03	3.700216e-01
1390          	OVC	-1.149828e+03	-1.147245e+03	-3.700148e-01
1391          	warmPlate	1.256164e+03	1.261751e+03	3.700216e-01
1391          	OVC	-1.149828e+03	-1.147245e+03	-3.700148e-01
1392          	warmPlate	1.256164e+03	1.261751e+03	3.700216e-01
1392          	OVC	-1.149828e+03	-1.147245e+03	-3.700148e-01
1393          	warmPlate	1.256164e+03	1.261751e+03	3.700216e-01
1393          	OVC	-1.149828e+03	-1.147245e+03	-3.700148e-01
1394          	warmPlate	1.256164e+03	1.261751e+03	3.700216e-01
1394          	OVC	-1.149828e+03	-1.147245e+03	-3.700148e-01
1395          	warmPlate	1.256164e+03	1.261751e+03	3.700216e-01
1395          	OVC	-1.149828e+03	-1.147245e+03	-3.700148e-01
1396          	warmPlate	1.256164e+03	1.261751e+03	3.700216e-01
1396          	OVC	-1.149828e+03	-1.147245e+03	-3.700148e-01
1397          	warmPlate	1.256164e+03	1.261751e+03	3.700216e-01
1397          	OVC	-1.149828e+03	-1.147245e+03	-3.700148e-01
1398          	warmPlate	1.256164e+03	1.261751e+03	3.700216e-01
1398          	OVC	-1.149828e+03	-1.147245e+03	-3.700148e-01
1399          	warmPlate	1.256164e+03	1.261751e+03	3.700216e-01
1399          	OVC	-1.149828e+03	-1.147245e+03	-3.700148e-01
1400          	warmPlate	1.256164e+03	1.261751e+03	3.700216e-01
1400          	OVC	-1.149828e+03	-1.147245e+03	-3.700148e-01
1401          	warmPlate	1.256164e+03	1.261751e+03	3.700216e-01
1401          	OVC	-1.149828e+03	-1.147245e+03	-3.700148e-01
1402          	warmPlate	1.256164e+03	1.261751e+03	3.700216e-01
1402          	OVC	-1.149828e+03	-1.147245e+03	-3.700148e-01
1403          	warmPlate	1.256164e+03	1.261751e+03	3.700216e-01
1403          	OVC	-1.149828e+03	-1.147245e+03	-3.700148e-01
1404          	warmPlate	1.256164e+03	1.261751e+03	3.700216e-01
1404          	OVC	-1.149828e+03	-1.147245e+03	-3.700148e-01
1405          	warmPlate	1.256164e+03	1.261751e+03	3.700216e-01
1405          	OVC	-1.149828e+03	-1.147245e+03	-3.700148e-01
1406          	warmPlate	1.256164e+03	1.261751e+03	3.700216e-01
1406          	OVC	-1.149828e+03	-1.147245e+03	-3.700148e-01
1407          	warmPlate	1.256164e+03	1.261751e+03	3.700216e-01
1407          	OVC	-1.149828e+03	-1.147245e+03	-3.700148e-01
1408          	warmPlate	1.256164e+03	1.261751e+03	3.700216e-01
1408          	OVC	-1.149828e+03	-1.147245e+03	-3.700148e-01
1409          	warmPlate	1.256164e+03	1.261751e+03	3.700216e-01
1409          	OVC	-1.149828e+03	-1.147245e+03	-3.700148e-01
1410          	warmPlate	1.256164e+03	1.261751e+03	3.700216e-01
1410          	OVC	-1.149828e+03	-1.147245e+03	-3.700148e-01
1411          	warmPlate	1.256164e+03	1.261751e+03	3.700216e-01
1411          	OVC	-1.149828e+03	-1.147245e+03	-3.700148e-01
1412          	warmPlate	1.256164e+03	1.261751e+03	3.700216e-01
1412          	OVC	-1.149828e+03	-1.147245e+03	-3.700148e-01
1413          	warmPlate	1.256164e+03	1.261751e+03	3.700216e-01
1413          	OVC	-1.149828e+03	-1.147245e+03	-3.700148e-01
1414          	warmPlate	1.256164e+03	1.261751e+03	3.700216e-01
1414          	OVC	-1.149828e+03	-1.147245e+03	-3.700148e-01
1415          	warmPlate	1.256164e+03	1.261751e+03	3.700216e-01
1415          	OVC	-1.149828e+03	-1.147245e+03	-3.700148e-01
1416          	warmPlate	1.256164e+03	1.261751e+03	3.700216e-01
1416          	OVC	-1.149828e+03	-1.147245e+03	-3.700148e-01
1417          	warmPlate	1.256164e+03	1.261751e+03	3.700216e-01
1417          	OVC	-1.149828e+03	-1.147245e+03	-3.700148e-01
1418          	warmPlate	1.256164e+03	1.261751e+03	3.700216e-01
1418          	OVC	-1.149828e+03	-1.147245e+03	-3.700148e-01
1419          	warmPlate	1.256164e+03	1.261751e+03	3.700216e-01
1419          	OVC	-1.149828e+03	-1.147245e+03	-3.700148e-01
1420          	warmPlate	1.256164e+03	1.261751e+03	3.700216e-01
1420          	OVC	-1.149828e+03	-1.147245e+03	-3.700148e-01
1421          	warmPlate	1.256164e+03	1.261751e+03	3.700216e-01
1421          	OVC	-1.149828e+03	-1.147245e+03	-3.700148e-01
1422          	warmPlate	1.256164e+03	1.261751e+03	3.700216e-01
1422          	OVC	-1.149828e+03	-1.147245e+03	-3.700148e-01
1423          	warmPlate	1.256164e+03	1.261751e+03	3.700216e-01
1423          	OVC	-1.149828e+03	-1.147245e+03	-3.700148e-01
1424          	warmPlate	1.256164e+03	1.261751e+03	3.700216e-01
1424          	OVC	-1.149828e+03	-1.147245e+03	-3.700148e-01
1425          	warmPlate	1.256164e+03	1.261751e+03	3.700216e-01
1425          	OVC	-1.149828e+03	-1.147245e+03	-3.700148e-01
1426          	warmPlate	1.256164e+03	1.261751e+03	3.700216e-01
1426          	OVC	-1.149828e+03	-1.147245e+03	-3.700148e-01
1427          	warmPlate	1.256164e+03	1.261751e+03	3.700216e-01
1427          	OVC	-1.149828e+03	-1.147245e+03	-3.700148e-01
1428          	warmPlate	1.256164e+03	1.261751e+03	3.700216e-01
1428          	OVC	-1.149828e+03	-1.147245e+03	-3.700148e-01
1429          	warmPlate	1.256164e+03	1.261751e+03	3.700216e-01
1429          	OVC	-1.149828e+03	-1.147245e+03	-3.700148e-01
1430          	warmPlate	1.256164e+03	1.261751e+03	3.700216e-01
1430          	OVC	-1.149828e+03	-1.147245e+03	-3.700148e-01
1431          	warmPlate	1.256164e+03	1.261751e+03	3.700216e-01
1431          	OVC	-1.149828e+03	-1.147245e+03	-3.700148e-01
1432          	warmPlate	1.256164e+03	1.261751e+03	3.700216e-01
1432          	OVC	-1.149828e+03	-1.147245e+03	-3.700148e-01
1433          	warmPlate	1.256164e+03	1.261751e+03	3.700216e-01
1433          	OVC	-1.149828e+03	-1.147245e+03	-3.700148e-01
1434          	warmPlate	1.256164e+03	1.261751e+03	3.700216e-01
1434          	OVC	-1.149828e+03	-1.147245e+03	-3.700148e-01
1435          	warmPlate	1.256164e+03	1.261751e+03	3.700216e-01
1435          	OVC	-1.149828e+03	-1.147245e+03	-3.700148e-01
1436          	warmPlate	1.256164e+03	1.261751e+03	3.700216e-01
1436          	OVC	-1.149828e+03	-1.147245e+03	-3.700148e-01
1437          	warmPlate	1.256164e+03	1.261751e+03	3.700216e-01
1437          	OVC	-1.149828e+03	-1.147245e+03	-3.700148e-01
1438          	warmPlate	1.256164e+03	1.261751e+03	3.700216e-01
1438          	OVC	-1.149828e+03	-1.147245e+03	-3.700148e-01
1439          	warmPlate	1.256164e+03	1.261751e+03	3.700216e-01
1439          	OVC	-1.149828e+03	-1.147245e+03	-3.700148e-01
1440          	warmPlate	1.256164e+03	1.261751e+03	3.700216e-01
1440          	OVC	-1.149828e+03	-1.147245e+03	-3.700148e-01
1441          	warmPlate	1.256164e+03	1.261751e+03	3.700216e-01
1441          	OVC	-1.149828e+03	-1.147245e+03	-3.700148e-01
1442          	warmPlate	1.256164e+03	1.261751e+03	3.700216e-01
1442          	OVC	-1.149828e+03	-1.147245e+03	-3.700148e-01
1443          	warmPlate	1.256164e+03	1.261751e+03	3.700216e-01
1443          	OVC	-1.149828e+03	-1.147245e+03	-3.700148e-01
1444          	warmPlate	1.256164e+03	1.261751e+03	3.700216e-01
1444          	OVC	-1.149828e+03	-1.147245e+03	-3.700148e-01
1445          	warmPlate	1.256164e+03	1.261751e+03	3.700216e-01
1445          	OVC	-1.149828e+03	-1.147245e+03	-3.700148e-01
1446          	warmPlate	1.256164e+03	1.261751e+03	3.700216e-01
1446          	OVC	-1.149828e+03	-1.147245e+03	-3.700148e-01
1447          	warmPlate	1.256164e+03	1.261751e+03	3.700216e-01
1447          	OVC	-1.149828e+03	-1.147245e+03	-3.700148e-01
1448          	warmPlate	1.256164e+03	1.261751e+03	3.700216e-01
1448          	OVC	-1.149828e+03	-1.147245e+03	-3.700148e-01
1449          	warmPlate	1.256164e+03	1.261751e+03	3.700216e-01
1449          	OVC	-1.149828e+03	-1.147245e+03	-3.700148e-01
1450          	warmPlate	1.256164e+03	1.261751e+03	3.700216e-01
1450          	OVC	-1.149828e+03	-1.147245e+03	-3.700148e-01
1451          	warmPlate	1.256164e+03	1.261751e+03	3.700216e-01
1451          	OVC	-1.149828e+03	-1.147245e+03	-3.700148e-01
1452          	warmPlate	1.256164e+03	1.261751e+03	3.700216e-01
1452          	OVC	-1.149828e+03	-1.147245e+03	-3.700148e-01
1453          	warmPlate	1.256164e+03	1.261751e+03	3.700216e-01
1453          	OVC	-1.149828e+03	-1.147245e+03	-3.700148e-01
1454          	warmPlate	1.256164e+03	1.261751e+03	3.700216e-01
1454          	OVC	-1.149828e+03	-1.147245e+03	-3.700148e-01
1455          	warmPlate	1.256164e+03	1.261751e+03	3.700216e-01
1455          	OVC	-1.149828e+03	-1.147245e+03	-3.700148e-01
1456          	warmPlate	1.256164e+03	1.261751e+03	3.700216e-01
1456          	OVC	-1.149828e+03	-1.147245e+03	-3.700148e-01
1457          	warmPlate	1.256164e+03	1.261751e+03	3.700216e-01
1457          	OVC	-1.149828e+03	-1.147245e+03	-3.700148e-01
1458          	warmPlate	1.256164e+03	1.261751e+03	3.700216e-01
1458          	OVC	-1.149828e+03	-1.147245e+03	-3.700148e-01
1459          	warmPlate	1.256164e+03	1.261751e+03	3.700216e-01
1459          	OVC	-1.149828e+03	-1.147245e+03	-3.700148e-01
1460          	warmPlate	1.256164e+03	1.261751e+03	3.700216e-01
1460          	OVC	-1.149828e+03	-1.147245e+03	-3.700148e-01
1461          	warmPlate	1.256164e+03	1.261751e+03	3.700216e-01
1461          	OVC	-1.149828e+03	-1.147245e+03	-3.700148e-01
1462          	warmPlate	1.256164e+03	1.261751e+03	3.700216e-01
1462          	OVC	-1.149828e+03	-1.147245e+03	-3.700148e-01
1463          	warmPlate	1.256164e+03	1.261751e+03	3.700216e-01
1463          	OVC	-1.149828e+03	-1.147245e+03	-3.700148e-01
1464          	warmPlate	1.256164e+03	1.261751e+03	3.700216e-01
1464          	OVC	-1.149828e+03	-1.147245e+03	-3.700148e-01
1465          	warmPlate	1.256164e+03	1.261751e+03	3.700216e-01
1465          	OVC	-1.149828e+03	-1.147245e+03	-3.700148e-01
1466          	warmPlate	1.256164e+03	1.261751e+03	3.700216e-01
1466          	OVC	-1.149828e+03	-1.147245e+03	-3.700148e-01
1467          	warmPlate	1.256164e+03	1.261751e+03	3.700216e-01
1467          	OVC	-1.149828e+03	-1.147245e+03	-3.700148e-01
1468          	warmPlate	1.256164e+03	1.261751e+03	3.700216e-01
1468          	OVC	-1.149828e+03	-1.147245e+03	-3.700148e-01
1469          	warmPlate	1.256164e+03	1.261751e+03	3.700216e-01
1469          	OVC	-1.149828e+03	-1.147245e+03	-3.700148e-01
1470          	warmPlate	1.256164e+03	1.261751e+03	3.700216e-01
1470          	OVC	-1.149828e+03	-1.147245e+03	-3.700148e-01
1471          	warmPlate	1.256164e+03	1.261751e+03	3.700216e-01
1471          	OVC	-1.149828e+03	-1.147245e+03	-3.700148e-01
1472          	warmPlate	1.256164e+03	1.261751e+03	3.700216e-01
1472          	OVC	-1.149828e+03	-1.147245e+03	-3.700148e-01
1473          	warmPlate	1.256164e+03	1.261751e+03	3.700216e-01
1473          	OVC	-1.149828e+03	-1.147245e+03	-3.700148e-01
1474          	warmPlate	1.256164e+03	1.261751e+03	3.700216e-01
1474          	OVC	-1.149828e+03	-1.147245e+03	-3.700148e-01
1475          	warmPlate	1.256164e+03	1.261751e+03	3.700216e-01
1475          	OVC	-1.149828e+03	-1.147245e+03	-3.700148e-01
1476          	warmPlate	1.256164e+03	1.261751e+03	3.700216e-01
1476          	OVC	-1.149828e+03	-1.147245e+03	-3.700148e-01
1477          	warmPlate	1.256164e+03	1.261751e+03	3.700216e-01
1477          	OVC	-1.149828e+03	-1.147245e+03	-3.700148e-01
1478          	warmPlate	1.256164e+03	1.261751e+03	3.700216e-01
1478          	OVC	-1.149828e+03	-1.147245e+03	-3.700148e-01
1479          	warmPlate	1.256164e+03	1.261751e+03	3.700216e-01
1479          	OVC	-1.149828e+03	-1.147245e+03	-3.700148e-01
1480          	warmPlate	1.256164e+03	1.261751e+03	3.700216e-01
1480          	OVC	-1.149828e+03	-1.147245e+03	-3.700148e-01
1481          	warmPlate	1.256164e+03	1.261751e+03	3.700216e-01
1481          	OVC	-1.149828e+03	-1.147245e+03	-3.700148e-01
1482          	warmPlate	1.256164e+03	1.261751e+03	3.700216e-01
1482          	OVC	-1.149828e+03	-1.147245e+03	-3.700148e-01
1483          	warmPlate	1.256164e+03	1.261751e+03	3.700216e-01
1483          	OVC	-1.149828e+03	-1.147245e+03	-3.700148e-01
1484          	warmPlate	1.256164e+03	1.261751e+03	3.700216e-01
1484          	OVC	-1.149828e+03	-1.147245e+03	-3.700148e-01
1485          	warmPlate	1.256164e+03	1.261751e+03	3.700216e-01
1485          	OVC	-1.149828e+03	-1.147245e+03	-3.700148e-01
1486          	warmPlate	1.256164e+03	1.261751e+03	3.700216e-01
1486          	OVC	-1.149828e+03	-1.147245e+03	-3.700148e-01
1487          	warmPlate	1.256164e+03	1.261751e+03	3.700216e-01
1487          	OVC	-1.149828e+03	-1.147245e+03	-3.700148e-01
1488          	warmPlate	1.256164e+03	1.261751e+03	3.700216e-01
1488          	OVC	-1.149828e+03	-1.147245e+03	-3.700148e-01
1489          	warmPlate	1.256164e+03	1.261751e+03	3.700216e-01
1489          	OVC	-1.149828e+03	-1.147245e+03	-3.700148e-01
1490          	warmPlate	1.256164e+03	1.261751e+03	3.700216e-01
1490          	OVC	-1.149828e+03	-1.147245e+03	-3.700148e-01
1491          	warmPlate	1.256164e+03	1.261751e+03	3.700216e-01
1491          	OVC	-1.149828e+03	-1.147245e+03	-3.700148e-01
1492          	warmPlate	1.256164e+03	1.261751e+03	3.700216e-01
1492          	OVC	-1.149828e+03	-1.147245e+03	-3.700148e-01
1493          	warmPlate	1.256164e+03	1.261751e+03	3.700216e-01
1493          	OVC	-1.149828e+03	-1.147245e+03	-3.700148e-01
1494          	warmPlate	1.256164e+03	1.261751e+03	3.700216e-01
1494          	OVC	-1.149828e+03	-1.147245e+03	-3.700148e-01
1495          	warmPlate	1.256164e+03	1.261751e+03	3.700216e-01
1495          	OVC	-1.149828e+03	-1.147245e+03	-3.700148e-01
1496          	warmPlate	1.256164e+03	1.261751e+03	3.700216e-01
1496          	OVC	-1.149828e+03	-1.147245e+03	-3.700148e-01
1497          	warmPlate	1.256164e+03	1.261751e+03	3.700216e-01
1497          	OVC	-1.149828e+03	-1.147245e+03	-3.700148e-01
1498          	warmPlate	1.256164e+03	1.261751e+03	3.700216e-01
1498          	OVC	-1.149828e+03	-1.147245e+03	-3.700148e-01
1499          	warmPlate	1.256164e+03	1.261751e+03	3.700216e-01
1499          	OVC	-1.149828e+03	-1.147245e+03	-3.700148e-01
1500          	warmPlate	1.256164e+03	1.261751e+03	3.700216e-01
1500          	OVC	-1.149828e+03	-1.147245e+03	-3.700148e-01
1501          	warmPlate	1.256164e+03	1.261751e+03	3.700216e-01
1501          	OVC	-1.149828e+03	-1.147245e+03	-3.700148e-01
1502          	warmPlate	1.256164e+03	1.261751e+03	3.700216e-01
1502          	OVC	-1.149828e+03	-1.147245e+03	-3.700148e-01
1503          	warmPlate	1.256164e+03	1.261751e+03	3.700216e-01
1503          	OVC	-1.149828e+03	-1.147245e+03	-3.700148e-01
1504          	warmPlate	1.256164e+03	1.261751e+03	3.700216e-01
1504          	OVC	-1.149828e+03	-1.147245e+03	-3.700148e-01
1505          	warmPlate	1.256164e+03	1.261751e+03	3.700216e-01
1505          	OVC	-1.149828e+03	-1.147245e+03	-3.700148e-01
1506          	warmPlate	1.256164e+03	1.261751e+03	3.700216e-01
1506          	OVC	-1.149828e+03	-1.147245e+03	-3.700148e-01
1507          	warmPlate	1.256164e+03	1.261751e+03	3.700216e-01
1507          	OVC	-1.149828e+03	-1.147245e+03	-3.700148e-01
1508          	warmPlate	1.256164e+03	1.261751e+03	3.700216e-01
1508          	OVC	-1.149828e+03	-1.147245e+03	-3.700148e-01
1509          	warmPlate	1.256164e+03	1.261751e+03	3.700216e-01
1509          	OVC	-1.149828e+03	-1.147245e+03	-3.700148e-01
1510          	warmPlate	1.256164e+03	1.261751e+03	3.700216e-01
1510          	OVC	-1.149828e+03	-1.147245e+03	-3.700148e-01
1511          	warmPlate	1.256164e+03	1.261751e+03	3.700216e-01
1511          	OVC	-1.149828e+03	-1.147245e+03	-3.700148e-01
1512          	warmPlate	1.256164e+03	1.261751e+03	3.700216e-01
1512          	OVC	-1.149828e+03	-1.147245e+03	-3.700148e-01
1513          	warmPlate	1.256164e+03	1.261751e+03	3.700216e-01
1513          	OVC	-1.149828e+03	-1.147245e+03	-3.700148e-01
1514          	warmPlate	1.256164e+03	1.261751e+03	3.700216e-01
1514          	OVC	-1.149828e+03	-1.147245e+03	-3.700148e-01
1515          	warmPlate	1.256164e+03	1.261751e+03	3.700216e-01
1515          	OVC	-1.149828e+03	-1.147245e+03	-3.700148e-01
1516          	warmPlate	1.256164e+03	1.261751e+03	3.700216e-01
1516          	OVC	-1.149828e+03	-1.147245e+03	-3.700148e-01
1517          	warmPlate	1.256164e+03	1.261751e+03	3.700216e-01
1517          	OVC	-1.149828e+03	-1.147245e+03	-3.700148e-01
1518          	warmPlate	1.256164e+03	1.261751e+03	3.700216e-01
1518          	OVC	-1.149828e+03	-1.147245e+03	-3.700148e-01
1519          	warmPlate	1.256164e+03	1.261751e+03	3.700216e-01
1519          	OVC	-1.149828e+03	-1.147245e+03	-3.700148e-01
1520          	warmPlate	1.256164e+03	1.261751e+03	3.700216e-01
1520          	OVC	-1.149828e+03	-1.147245e+03	-3.700148e-01
1521          	warmPlate	1.256164e+03	1.261751e+03	3.700216e-01
1521          	OVC	-1.149828e+03	-1.147245e+03	-3.700148e-01
1522          	warmPlate	1.256164e+03	1.261751e+03	3.700216e-01
1522          	OVC	-1.149828e+03	-1.147245e+03	-3.700148e-01
1523          	warmPlate	1.256164e+03	1.261751e+03	3.700216e-01
1523          	OVC	-1.149828e+03	-1.147245e+03	-3.700148e-01
1524          	warmPlate	1.256164e+03	1.261751e+03	3.700216e-01
1524          	OVC	-1.149828e+03	-1.147245e+03	-3.700148e-01
1525          	warmPlate	1.256164e+03	1.261751e+03	3.700216e-01
1525          	OVC	-1.149828e+03	-1.147245e+03	-3.700148e-01
1526          	warmPlate	1.256164e+03	1.261751e+03	3.700216e-01
1526          	OVC	-1.149828e+03	-1.147245e+03	-3.700148e-01
1527          	warmPlate	1.256164e+03	1.261751e+03	3.700216e-01
1527          	OVC	-1.149828e+03	-1.147245e+03	-3.700148e-01
1528          	warmPlate	1.256164e+03	1.261751e+03	3.700216e-01
1528          	OVC	-1.149828e+03	-1.147245e+03	-3.700148e-01
1529          	warmPlate	1.256164e+03	1.261751e+03	3.700216e-01
1529          	OVC	-1.149828e+03	-1.147245e+03	-3.700148e-01
1530          	warmPlate	1.256164e+03	1.261751e+03	3.700216e-01
1530          	OVC	-1.149828e+03	-1.147245e+03	-3.700148e-01
1531          	warmPlate	1.256164e+03	1.261751e+03	3.700216e-01
1531          	OVC	-1.149828e+03	-1.147245e+03	-3.700148e-01
1532          	warmPlate	1.256164e+03	1.261751e+03	3.700216e-01
1532          	OVC	-1.149828e+03	-1.147245e+03	-3.700148e-01
1533          	warmPlate	1.256164e+03	1.261751e+03	3.700216e-01
1533          	OVC	-1.149828e+03	-1.147245e+03	-3.700148e-01
1534          	warmPlate	1.256164e+03	1.261751e+03	3.700216e-01
1534          	OVC	-1.149828e+03	-1.147245e+03	-3.700148e-01
1535          	warmPlate	1.256164e+03	1.261751e+03	3.700216e-01
1535          	OVC	-1.149828e+03	-1.147245e+03	-3.700148e-01
1536          	warmPlate	1.256164e+03	1.261751e+03	3.700216e-01
1536          	OVC	-1.149828e+03	-1.147245e+03	-3.700148e-01
1537          	warmPlate	1.256164e+03	1.261751e+03	3.700216e-01
1537          	OVC	-1.149828e+03	-1.147245e+03	-3.700148e-01
1538          	warmPlate	1.256164e+03	1.261751e+03	3.700216e-01
1538          	OVC	-1.149828e+03	-1.147245e+03	-3.700148e-01
1539          	warmPlate	1.256164e+03	1.261751e+03	3.700216e-01
1539          	OVC	-1.149828e+03	-1.147245e+03	-3.700148e-01
1540          	warmPlate	1.256164e+03	1.261751e+03	3.700216e-01
1540          	OVC	-1.149828e+03	-1.147245e+03	-3.700148e-01
1541          	warmPlate	1.256164e+03	1.261751e+03	3.700216e-01
1541          	OVC	-1.149828e+03	-1.147245e+03	-3.700148e-01
1542          	warmPlate	1.256164e+03	1.261751e+03	3.700216e-01
1542          	OVC	-1.149828e+03	-1.147245e+03	-3.700148e-01
1543          	warmPlate	1.256164e+03	1.261751e+03	3.700216e-01
1543          	OVC	-1.149828e+03	-1.147245e+03	-3.700148e-01
1544          	warmPlate	1.256164e+03	1.261751e+03	3.700216e-01
1544          	OVC	-1.149828e+03	-1.147245e+03	-3.700148e-01
1545          	warmPlate	1.256164e+03	1.261751e+03	3.700216e-01
1545          	OVC	-1.149828e+03	-1.147245e+03	-3.700148e-01
1546          	warmPlate	1.256164e+03	1.261751e+03	3.700216e-01
1546          	OVC	-1.149828e+03	-1.147245e+03	-3.700148e-01
1547          	warmPlate	1.256164e+03	1.261751e+03	3.700216e-01
1547          	OVC	-1.149828e+03	-1.147245e+03	-3.700148e-01
1548          	warmPlate	1.256164e+03	1.261751e+03	3.700216e-01
1548          	OVC	-1.149828e+03	-1.147245e+03	-3.700148e-01
1549          	warmPlate	1.256164e+03	1.261751e+03	3.700216e-01
1549          	OVC	-1.149828e+03	-1.147245e+03	-3.700148e-01
1550          	warmPlate	1.256164e+03	1.261751e+03	3.700216e-01
1550          	OVC	-1.149828e+03	-1.147245e+03	-3.700148e-01
1551          	warmPlate	1.256164e+03	1.261751e+03	3.700216e-01
1551          	OVC	-1.149828e+03	-1.147245e+03	-3.700148e-01
1552          	warmPlate	1.256164e+03	1.261751e+03	3.700216e-01
1552          	OVC	-1.149828e+03	-1.147245e+03	-3.700148e-01
1553          	warmPlate	1.256164e+03	1.261751e+03	3.700216e-01
1553          	OVC	-1.149828e+03	-1.147245e+03	-3.700148e-01
1554          	warmPlate	1.256164e+03	1.261751e+03	3.700216e-01
1554          	OVC	-1.149828e+03	-1.147245e+03	-3.700148e-01
1555          	warmPlate	1.256164e+03	1.261751e+03	3.700216e-01
1555          	OVC	-1.149828e+03	-1.147245e+03	-3.700148e-01
1556          	warmPlate	1.256164e+03	1.261751e+03	3.700216e-01
1556          	OVC	-1.149828e+03	-1.147245e+03	-3.700148e-01
1557          	warmPlate	1.256164e+03	1.261751e+03	3.700216e-01
1557          	OVC	-1.149828e+03	-1.147245e+03	-3.700148e-01
1558          	warmPlate	1.256164e+03	1.261751e+03	3.700216e-01
1558          	OVC	-1.149828e+03	-1.147245e+03	-3.700148e-01
1559          	warmPlate	1.256164e+03	1.261751e+03	3.700216e-01
1559          	OVC	-1.149828e+03	-1.147245e+03	-3.700148e-01
1560          	warmPlate	1.256164e+03	1.261751e+03	3.700216e-01
1560          	OVC	-1.149828e+03	-1.147245e+03	-3.700148e-01
1561          	warmPlate	1.256164e+03	1.261751e+03	3.700216e-01
1561          	OVC	-1.149828e+03	-1.147245e+03	-3.700148e-01
1562          	warmPlate	1.256164e+03	1.261751e+03	3.700216e-01
1562          	OVC	-1.149828e+03	-1.147245e+03	-3.700148e-01
1563          	warmPlate	1.256164e+03	1.261751e+03	3.700216e-01
1563          	OVC	-1.149828e+03	-1.147245e+03	-3.700148e-01
1564          	warmPlate	1.256164e+03	1.261751e+03	3.700216e-01
1564          	OVC	-1.149828e+03	-1.147245e+03	-3.700148e-01
1565          	warmPlate	1.256164e+03	1.261751e+03	3.700216e-01
1565          	OVC	-1.149828e+03	-1.147245e+03	-3.700148e-01
1566          	warmPlate	1.256164e+03	1.261751e+03	3.700216e-01
1566          	OVC	-1.149828e+03	-1.147245e+03	-3.700148e-01
1567          	warmPlate	1.256164e+03	1.261751e+03	3.700216e-01
1567          	OVC	-1.149828e+03	-1.147245e+03	-3.700148e-01
1568          	warmPlate	1.256164e+03	1.261751e+03	3.700216e-01
1568          	OVC	-1.149828e+03	-1.147245e+03	-3.700148e-01
1569          	warmPlate	1.256164e+03	1.261751e+03	3.700216e-01
1569          	OVC	-1.149828e+03	-1.147245e+03	-3.700148e-01
1570          	warmPlate	1.256164e+03	1.261751e+03	3.700216e-01
1570          	OVC	-1.149828e+03	-1.147245e+03	-3.700148e-01
1571          	warmPlate	1.256164e+03	1.261751e+03	3.700216e-01
1571          	OVC	-1.149828e+03	-1.147245e+03	-3.700148e-01
1572          	warmPlate	1.256164e+03	1.261751e+03	3.700216e-01
1572          	OVC	-1.149828e+03	-1.147245e+03	-3.700148e-01
1573          	warmPlate	1.256164e+03	1.261751e+03	3.700216e-01
1573          	OVC	-1.149828e+03	-1.147245e+03	-3.700148e-01
1574          	warmPlate	1.256164e+03	1.261751e+03	3.700216e-01
1574          	OVC	-1.149828e+03	-1.147245e+03	-3.700148e-01
1575          	warmPlate	1.256164e+03	1.261751e+03	3.700216e-01
1575          	OVC	-1.149828e+03	-1.147245e+03	-3.700148e-01
1576          	warmPlate	1.256164e+03	1.261751e+03	3.700216e-01
1576          	OVC	-1.149828e+03	-1.147245e+03	-3.700148e-01
1577          	warmPlate	1.256164e+03	1.261751e+03	3.700216e-01
1577          	OVC	-1.149828e+03	-1.147245e+03	-3.700148e-01
1578          	warmPlate	1.256164e+03	1.261751e+03	3.700216e-01
1578          	OVC	-1.149828e+03	-1.147245e+03	-3.700148e-01
1579          	warmPlate	1.256164e+03	1.261751e+03	3.700216e-01
1579          	OVC	-1.149828e+03	-1.147245e+03	-3.700148e-01
1580          	warmPlate	1.256164e+03	1.261751e+03	3.700216e-01
1580          	OVC	-1.149828e+03	-1.147245e+03	-3.700148e-01
1581          	warmPlate	1.256164e+03	1.261751e+03	3.700216e-01
1581          	OVC	-1.149828e+03	-1.147245e+03	-3.700148e-01
1582          	warmPlate	1.256164e+03	1.261751e+03	3.700216e-01
1582          	OVC	-1.149828e+03	-1.147245e+03	-3.700148e-01
1583          	warmPlate	1.256164e+03	1.261751e+03	3.700216e-01
1583          	OVC	-1.149828e+03	-1.147245e+03	-3.700148e-01
1584          	warmPlate	1.256164e+03	1.261751e+03	3.700216e-01
1584          	OVC	-1.149828e+03	-1.147245e+03	-3.700148e-01
1585          	warmPlate	1.256164e+03	1.261751e+03	3.700216e-01
1585          	OVC	-1.149828e+03	-1.147245e+03	-3.700148e-01
1586          	warmPlate	1.256164e+03	1.261751e+03	3.700216e-01
1586          	OVC	-1.149828e+03	-1.147245e+03	-3.700148e-01
1587          	warmPlate	1.256164e+03	1.261751e+03	3.700216e-01
1587          	OVC	-1.149828e+03	-1.147245e+03	-3.700148e-01
1588          	warmPlate	1.256164e+03	1.261751e+03	3.700216e-01
1588          	OVC	-1.149828e+03	-1.147245e+03	-3.700148e-01
1589          	warmPlate	1.256164e+03	1.261751e+03	3.700216e-01
1589          	OVC	-1.149828e+03	-1.147245e+03	-3.700148e-01
1590          	warmPlate	1.256164e+03	1.261751e+03	3.700216e-01
1590          	OVC	-1.149828e+03	-1.147245e+03	-3.700148e-01
1591          	warmPlate	1.256164e+03	1.261751e+03	3.700216e-01
1591          	OVC	-1.149828e+03	-1.147245e+03	-3.700148e-01
1592          	warmPlate	1.256164e+03	1.261751e+03	3.700216e-01
1592          	OVC	-1.149828e+03	-1.147245e+03	-3.700148e-01
1593          	warmPlate	1.256164e+03	1.261751e+03	3.700216e-01
1593          	OVC	-1.149828e+03	-1.147245e+03	-3.700148e-01
1594          	warmPlate	1.256164e+03	1.261751e+03	3.700216e-01
1594          	OVC	-1.149828e+03	-1.147245e+03	-3.700148e-01
1595          	warmPlate	1.256164e+03	1.261751e+03	3.700216e-01
1595          	OVC	-1.149828e+03	-1.147245e+03	-3.700148e-01
1596          	warmPlate	1.256164e+03	1.261751e+03	3.700216e-01
1596          	OVC	-1.149828e+03	-1.147245e+03	-3.700148e-01
1597          	warmPlate	1.256164e+03	1.261751e+03	3.700216e-01
1597          	OVC	-1.149828e+03	-1.147245e+03	-3.700148e-01
1598          	warmPlate	1.256164e+03	1.261751e+03	3.700216e-01
1598          	OVC	-1.149828e+03	-1.147245e+03	-3.700148e-01
1599          	warmPlate	1.256164e+03	1.261751e+03	3.700216e-01
1599          	OVC	-1.149828e+03	-1.147245e+03	-3.700148e-01
1600          	warmPlate	1.256164e+03	1.261751e+03	3.700216e-01
1600          	OVC	-1.149828e+03	-1.147245e+03	-3.700148e-01
1601          	warmPlate	1.256164e+03	1.261751e+03	3.700216e-01
1601          	OVC	-1.149828e+03	-1.147245e+03	-3.700148e-01
1602          	warmPlate	1.256164e+03	1.261751e+03	3.700216e-01
1602          	OVC	-1.149828e+03	-1.147245e+03	-3.700148e-01
1603          	warmPlate	1.256164e+03	1.261751e+03	3.700216e-01
1603          	OVC	-1.149828e+03	-1.147245e+03	-3.700148e-01
1604          	warmPlate	1.256164e+03	1.261751e+03	3.700216e-01
1604          	OVC	-1.149828e+03	-1.147245e+03	-3.700148e-01
1605          	warmPlate	1.256164e+03	1.261751e+03	3.700216e-01
1605          	OVC	-1.149828e+03	-1.147245e+03	-3.700148e-01
1606          	warmPlate	1.256164e+03	1.261751e+03	3.700216e-01
1606          	OVC	-1.149828e+03	-1.147245e+03	-3.700148e-01
1607          	warmPlate	1.256164e+03	1.261751e+03	3.700216e-01
1607          	OVC	-1.149828e+03	-1.147245e+03	-3.700148e-01
1608          	warmPlate	1.256164e+03	1.261751e+03	3.700216e-01
1608          	OVC	-1.149828e+03	-1.147245e+03	-3.700148e-01
1609          	warmPlate	1.256164e+03	1.261751e+03	3.700216e-01
1609          	OVC	-1.149828e+03	-1.147245e+03	-3.700148e-01
1610          	warmPlate	1.256164e+03	1.261751e+03	3.700216e-01
1610          	OVC	-1.149828e+03	-1.147245e+03	-3.700148e-01
1611          	warmPlate	1.256164e+03	1.261751e+03	3.700216e-01
1611          	OVC	-1.149828e+03	-1.147245e+03	-3.700148e-01
1612          	warmPlate	1.256164e+03	1.261751e+03	3.700216e-01
1612          	OVC	-1.149828e+03	-1.147245e+03	-3.700148e-01
1613          	warmPlate	1.256164e+03	1.261751e+03	3.700216e-01
1613          	OVC	-1.149828e+03	-1.147245e+03	-3.700148e-01
1614          	warmPlate	1.256164e+03	1.261751e+03	3.700216e-01
1614          	OVC	-1.149828e+03	-1.147245e+03	-3.700148e-01
1615          	warmPlate	1.256164e+03	1.261751e+03	3.700216e-01
1615          	OVC	-1.149828e+03	-1.147245e+03	-3.700148e-01
1616          	warmPlate	1.256164e+03	1.261751e+03	3.700216e-01
1616          	OVC	-1.149828e+03	-1.147245e+03	-3.700148e-01
1617          	warmPlate	1.256164e+03	1.261751e+03	3.700216e-01
1617          	OVC	-1.149828e+03	-1.147245e+03	-3.700148e-01
1618          	warmPlate	1.256164e+03	1.261751e+03	3.700216e-01
1618          	OVC	-1.149828e+03	-1.147245e+03	-3.700148e-01
1619          	warmPlate	1.256164e+03	1.261751e+03	3.700216e-01
1619          	OVC	-1.149828e+03	-1.147245e+03	-3.700148e-01
1620          	warmPlate	1.256164e+03	1.261751e+03	3.700216e-01
1620          	OVC	-1.149828e+03	-1.147245e+03	-3.700148e-01
1621          	warmPlate	1.256164e+03	1.261751e+03	3.700216e-01
1621          	OVC	-1.149828e+03	-1.147245e+03	-3.700148e-01
1622          	warmPlate	1.256164e+03	1.261751e+03	3.700216e-01
1622          	OVC	-1.149828e+03	-1.147245e+03	-3.700148e-01
1623          	warmPlate	1.256164e+03	1.261751e+03	3.700216e-01
1623          	OVC	-1.149828e+03	-1.147245e+03	-3.700148e-01
1624          	warmPlate	1.256164e+03	1.261751e+03	3.700216e-01
1624          	OVC	-1.149828e+03	-1.147245e+03	-3.700148e-01
1625          	warmPlate	1.256164e+03	1.261751e+03	3.700216e-01
1625          	OVC	-1.149828e+03	-1.147245e+03	-3.700148e-01
1626          	warmPlate	1.256164e+03	1.261751e+03	3.700216e-01
1626          	OVC	-1.149828e+03	-1.147245e+03	-3.700148e-01
1627          	warmPlate	1.256164e+03	1.261751e+03	3.700216e-01
1627          	OVC	-1.149828e+03	-1.147245e+03	-3.700148e-01
1628          	warmPlate	1.256164e+03	1.261751e+03	3.700216e-01
1628          	OVC	-1.149828e+03	-1.147245e+03	-3.700148e-01
1629          	warmPlate	1.256164e+03	1.261751e+03	3.700216e-01
1629          	OVC	-1.149828e+03	-1.147245e+03	-3.700148e-01
1630          	warmPlate	1.256164e+03	1.261751e+03	3.700216e-01
1630          	OVC	-1.149828e+03	-1.147245e+03	-3.700148e-01
1631          	warmPlate	1.256164e+03	1.261751e+03	3.700216e-01
1631          	OVC	-1.149828e+03	-1.147245e+03	-3.700148e-01
1632          	warmPlate	1.256164e+03	1.261751e+03	3.700216e-01
1632          	OVC	-1.149828e+03	-1.147245e+03	-3.700148e-01
1633          	warmPlate	1.256164e+03	1.261751e+03	3.700216e-01
1633          	OVC	-1.149828e+03	-1.147245e+03	-3.700148e-01
1634          	warmPlate	1.256164e+03	1.261751e+03	3.700216e-01
1634          	OVC	-1.149828e+03	-1.147245e+03	-3.700148e-01
1635          	warmPlate	1.256164e+03	1.261751e+03	3.700216e-01
1635          	OVC	-1.149828e+03	-1.147245e+03	-3.700148e-01
1636          	warmPlate	1.256164e+03	1.261751e+03	3.700216e-01
1636          	OVC	-1.149828e+03	-1.147245e+03	-3.700148e-01
1637          	warmPlate	1.256164e+03	1.261751e+03	3.700216e-01
1637          	OVC	-1.149828e+03	-1.147245e+03	-3.700148e-01
1638          	warmPlate	1.256164e+03	1.261751e+03	3.700216e-01
1638          	OVC	-1.149828e+03	-1.147245e+03	-3.700148e-01
1639          	warmPlate	1.256164e+03	1.261751e+03	3.700216e-01
1639          	OVC	-1.149828e+03	-1.147245e+03	-3.700148e-01
1640          	warmPlate	1.256164e+03	1.261751e+03	3.700216e-01
1640          	OVC	-1.149828e+03	-1.147245e+03	-3.700148e-01
1641          	warmPlate	1.256164e+03	1.261751e+03	3.700216e-01
1641          	OVC	-1.149828e+03	-1.147245e+03	-3.700148e-01
1642          	warmPlate	1.256164e+03	1.261751e+03	3.700216e-01
1642          	OVC	-1.149828e+03	-1.147245e+03	-3.700148e-01
1643          	warmPlate	1.256164e+03	1.261751e+03	3.700216e-01
1643          	OVC	-1.149828e+03	-1.147245e+03	-3.700148e-01
1644          	warmPlate	1.256164e+03	1.261751e+03	3.700216e-01
1644          	OVC	-1.149828e+03	-1.147245e+03	-3.700148e-01
1645          	warmPlate	1.256164e+03	1.261751e+03	3.700216e-01
1645          	OVC	-1.149828e+03	-1.147245e+03	-3.700148e-01
1646          	warmPlate	1.256164e+03	1.261751e+03	3.700216e-01
1646          	OVC	-1.149828e+03	-1.147245e+03	-3.700148e-01
1647          	warmPlate	1.256164e+03	1.261751e+03	3.700216e-01
1647          	OVC	-1.149828e+03	-1.147245e+03	-3.700148e-01
1648          	warmPlate	1.256164e+03	1.261751e+03	3.700216e-01
1648          	OVC	-1.149828e+03	-1.147245e+03	-3.700148e-01
1649          	warmPlate	1.256164e+03	1.261751e+03	3.700216e-01
1649          	OVC	-1.149828e+03	-1.147245e+03	-3.700148e-01
1650          	warmPlate	1.256164e+03	1.261751e+03	3.700216e-01
1650          	OVC	-1.149828e+03	-1.147245e+03	-3.700148e-01
1651          	warmPlate	1.256164e+03	1.261751e+03	3.700216e-01
1651          	OVC	-1.149828e+03	-1.147245e+03	-3.700148e-01
1652          	warmPlate	1.256164e+03	1.261751e+03	3.700216e-01
1652          	OVC	-1.149828e+03	-1.147245e+03	-3.700148e-01
1653          	warmPlate	1.256164e+03	1.261751e+03	3.700216e-01
1653          	OVC	-1.149828e+03	-1.147245e+03	-3.700148e-01
1654          	warmPlate	1.256164e+03	1.261751e+03	3.700216e-01
1654          	OVC	-1.149828e+03	-1.147245e+03	-3.700148e-01
1655          	warmPlate	1.256164e+03	1.261751e+03	3.700216e-01
1655          	OVC	-1.149828e+03	-1.147245e+03	-3.700148e-01
1656          	warmPlate	1.256164e+03	1.261751e+03	3.700216e-01
1656          	OVC	-1.149828e+03	-1.147245e+03	-3.700148e-01
1657          	warmPlate	1.256164e+03	1.261751e+03	3.700216e-01
1657          	OVC	-1.149828e+03	-1.147245e+03	-3.700148e-01
1658          	warmPlate	1.256164e+03	1.261751e+03	3.700216e-01
1658          	OVC	-1.149828e+03	-1.147245e+03	-3.700148e-01
1659          	warmPlate	1.256164e+03	1.261751e+03	3.700216e-01
1659          	OVC	-1.149828e+03	-1.147245e+03	-3.700148e-01
1660          	warmPlate	1.256164e+03	1.261751e+03	3.700216e-01
1660          	OVC	-1.149828e+03	-1.147245e+03	-3.700148e-01
1661          	warmPlate	1.256164e+03	1.261751e+03	3.700216e-01
1661          	OVC	-1.149828e+03	-1.147245e+03	-3.700148e-01
1662          	warmPlate	1.256164e+03	1.261751e+03	3.700216e-01
1662          	OVC	-1.149828e+03	-1.147245e+03	-3.700148e-01
1663          	warmPlate	1.256164e+03	1.261751e+03	3.700216e-01
1663          	OVC	-1.149828e+03	-1.147245e+03	-3.700148e-01
1664          	warmPlate	1.256164e+03	1.261751e+03	3.700216e-01
1664          	OVC	-1.149828e+03	-1.147245e+03	-3.700148e-01
1665          	warmPlate	1.256164e+03	1.261751e+03	3.700216e-01
1665          	OVC	-1.149828e+03	-1.147245e+03	-3.700148e-01
1666          	warmPlate	1.256164e+03	1.261751e+03	3.700216e-01
1666          	OVC	-1.149828e+03	-1.147245e+03	-3.700148e-01
1667          	warmPlate	1.256164e+03	1.261751e+03	3.700216e-01
1667          	OVC	-1.149828e+03	-1.147245e+03	-3.700148e-01
1668          	warmPlate	1.256164e+03	1.261751e+03	3.700216e-01
1668          	OVC	-1.149828e+03	-1.147245e+03	-3.700148e-01
1669          	warmPlate	1.256164e+03	1.261751e+03	3.700216e-01
1669          	OVC	-1.149828e+03	-1.147245e+03	-3.700148e-01
1670          	warmPlate	1.256164e+03	1.261751e+03	3.700216e-01
1670          	OVC	-1.149828e+03	-1.147245e+03	-3.700148e-01
1671          	warmPlate	1.256164e+03	1.261751e+03	3.700216e-01
1671          	OVC	-1.149828e+03	-1.147245e+03	-3.700148e-01
1672          	warmPlate	1.256164e+03	1.261751e+03	3.700216e-01
1672          	OVC	-1.149828e+03	-1.147245e+03	-3.700148e-01
1673          	warmPlate	1.256164e+03	1.261751e+03	3.700216e-01
1673          	OVC	-1.149828e+03	-1.147245e+03	-3.700148e-01
1674          	warmPlate	1.256164e+03	1.261751e+03	3.700216e-01
1674          	OVC	-1.149828e+03	-1.147245e+03	-3.700148e-01
1675          	warmPlate	1.256164e+03	1.261751e+03	3.700216e-01
1675          	OVC	-1.149828e+03	-1.147245e+03	-3.700148e-01
1676          	warmPlate	1.256164e+03	1.261751e+03	3.700216e-01
1676          	OVC	-1.149828e+03	-1.147245e+03	-3.700148e-01
1677          	warmPlate	1.256164e+03	1.261751e+03	3.700216e-01
1677          	OVC	-1.149828e+03	-1.147245e+03	-3.700148e-01
1678          	warmPlate	1.256164e+03	1.261751e+03	3.700216e-01
1678          	OVC	-1.149828e+03	-1.147245e+03	-3.700148e-01
1679          	warmPlate	1.256164e+03	1.261751e+03	3.700216e-01
1679          	OVC	-1.149828e+03	-1.147245e+03	-3.700148e-01
1680          	warmPlate	1.256164e+03	1.261751e+03	3.700216e-01
1680          	OVC	-1.149828e+03	-1.147245e+03	-3.700148e-01
1681          	warmPlate	1.256164e+03	1.261751e+03	3.700216e-01
1681          	OVC	-1.149828e+03	-1.147245e+03	-3.700148e-01
1682          	warmPlate	1.256164e+03	1.261751e+03	3.700216e-01
1682          	OVC	-1.149828e+03	-1.147245e+03	-3.700148e-01
1683          	warmPlate	1.256164e+03	1.261751e+03	3.700216e-01
1683          	OVC	-1.149828e+03	-1.147245e+03	-3.700148e-01
1684          	warmPlate	1.256164e+03	1.261751e+03	3.700216e-01
1684          	OVC	-1.149828e+03	-1.147245e+03	-3.700148e-01
1685          	warmPlate	1.256164e+03	1.261751e+03	3.700216e-01
1685          	OVC	-1.149828e+03	-1.147245e+03	-3.700148e-01
1686          	warmPlate	1.256164e+03	1.261751e+03	3.700216e-01
1686          	OVC	-1.149828e+03	-1.147245e+03	-3.700148e-01
1687          	warmPlate	1.256164e+03	1.261751e+03	3.700216e-01
1687          	OVC	-1.149828e+03	-1.147245e+03	-3.700148e-01
1688          	warmPlate	1.256164e+03	1.261751e+03	3.700216e-01
1688          	OVC	-1.149828e+03	-1.147245e+03	-3.700148e-01
1689          	warmPlate	1.256164e+03	1.261751e+03	3.700216e-01
1689          	OVC	-1.149828e+03	-1.147245e+03	-3.700148e-01
1690          	warmPlate	1.256164e+03	1.261751e+03	3.700216e-01
1690          	OVC	-1.149828e+03	-1.147245e+03	-3.700148e-01
1691          	warmPlate	1.256164e+03	1.261751e+03	3.700216e-01
1691          	OVC	-1.149828e+03	-1.147245e+03	-3.700148e-01
1692          	warmPlate	1.256164e+03	1.261751e+03	3.700216e-01
1692          	OVC	-1.149828e+03	-1.147245e+03	-3.700148e-01
1693          	warmPlate	1.256164e+03	1.261751e+03	3.700216e-01
1693          	OVC	-1.149828e+03	-1.147245e+03	-3.700148e-01
1694          	warmPlate	1.256164e+03	1.261751e+03	3.700216e-01
1694          	OVC	-1.149828e+03	-1.147245e+03	-3.700148e-01
1695          	warmPlate	1.256164e+03	1.261751e+03	3.700216e-01
1695          	OVC	-1.149828e+03	-1.147245e+03	-3.700148e-01
1696          	warmPlate	1.256164e+03	1.261751e+03	3.700216e-01
1696          	OVC	-1.149828e+03	-1.147245e+03	-3.700148e-01
1697          	warmPlate	1.256164e+03	1.261751e+03	3.700216e-01
1697          	OVC	-1.149828e+03	-1.147245e+03	-3.700148e-01
1698          	warmPlate	1.256164e+03	1.261751e+03	3.700216e-01
1698          	OVC	-1.149828e+03	-1.147245e+03	-3.700148e-01
1699          	warmPlate	1.256164e+03	1.261751e+03	3.700216e-01
1699          	OVC	-1.149828e+03	-1.147245e+03	-3.700148e-01
1700          	warmPlate	1.256164e+03	1.261751e+03	3.700216e-01
1700          	OVC	-1.149828e+03	-1.147245e+03	-3.700148e-01
1701          	warmPlate	1.256164e+03	1.261751e+03	3.700216e-01
1701          	OVC	-1.149828e+03	-1.147245e+03	-3.700148e-01
1702          	warmPlate	1.256164e+03	1.261751e+03	3.700216e-01
1702          	OVC	-1.149828e+03	-1.147245e+03	-3.700148e-01
1703          	warmPlate	1.256164e+03	1.261751e+03	3.700216e-01
1703          	OVC	-1.149828e+03	-1.147245e+03	-3.700148e-01
1704          	warmPlate	1.256164e+03	1.261751e+03	3.700216e-01
1704          	OVC	-1.149828e+03	-1.147245e+03	-3.700148e-01
1705          	warmPlate	1.256164e+03	1.261751e+03	3.700216e-01
1705          	OVC	-1.149828e+03	-1.147245e+03	-3.700148e-01
1706          	warmPlate	1.256164e+03	1.261751e+03	3.700216e-01
1706          	OVC	-1.149828e+03	-1.147245e+03	-3.700148e-01
1707          	warmPlate	1.256164e+03	1.261751e+03	3.700216e-01
1707          	OVC	-1.149828e+03	-1.147245e+03	-3.700148e-01
1708          	warmPlate	1.256164e+03	1.261751e+03	3.700216e-01
1708          	OVC	-1.149828e+03	-1.147245e+03	-3.700148e-01
1709          	warmPlate	1.256164e+03	1.261751e+03	3.700216e-01
1709          	OVC	-1.149828e+03	-1.147245e+03	-3.700148e-01
1710          	warmPlate	1.256164e+03	1.261751e+03	3.700216e-01
1710          	OVC	-1.149828e+03	-1.147245e+03	-3.700148e-01
1711          	warmPlate	1.256164e+03	1.261751e+03	3.700216e-01
1711          	OVC	-1.149828e+03	-1.147245e+03	-3.700148e-01
1712          	warmPlate	1.256164e+03	1.261751e+03	3.700216e-01
1712          	OVC	-1.149828e+03	-1.147245e+03	-3.700148e-01
1713          	warmPlate	1.256164e+03	1.261751e+03	3.700216e-01
1713          	OVC	-1.149828e+03	-1.147245e+03	-3.700148e-01
1714          	warmPlate	1.256164e+03	1.261751e+03	3.700216e-01
1714          	OVC	-1.149828e+03	-1.147245e+03	-3.700148e-01
1715          	warmPlate	1.256164e+03	1.261751e+03	3.700216e-01
1715          	OVC	-1.149828e+03	-1.147245e+03	-3.700148e-01
1716          	warmPlate	1.256164e+03	1.261751e+03	3.700216e-01
1716          	OVC	-1.149828e+03	-1.147245e+03	-3.700148e-01
1717          	warmPlate	1.256164e+03	1.261751e+03	3.700216e-01
1717          	OVC	-1.149828e+03	-1.147245e+03	-3.700148e-01
1718          	warmPlate	1.256164e+03	1.261751e+03	3.700216e-01
1718          	OVC	-1.149828e+03	-1.147245e+03	-3.700148e-01
1719          	warmPlate	1.256164e+03	1.261751e+03	3.700216e-01
1719          	OVC	-1.149828e+03	-1.147245e+03	-3.700148e-01
1720          	warmPlate	1.256164e+03	1.261751e+03	3.700216e-01
1720          	OVC	-1.149828e+03	-1.147245e+03	-3.700148e-01
1721          	warmPlate	1.256164e+03	1.261751e+03	3.700216e-01
1721          	OVC	-1.149828e+03	-1.147245e+03	-3.700148e-01
1722          	warmPlate	1.256164e+03	1.261751e+03	3.700216e-01
1722          	OVC	-1.149828e+03	-1.147245e+03	-3.700148e-01
1723          	warmPlate	1.256164e+03	1.261751e+03	3.700216e-01
1723          	OVC	-1.149828e+03	-1.147245e+03	-3.700148e-01
1724          	warmPlate	1.256164e+03	1.261751e+03	3.700216e-01
1724          	OVC	-1.149828e+03	-1.147245e+03	-3.700148e-01
1725          	warmPlate	1.256164e+03	1.261751e+03	3.700216e-01
1725          	OVC	-1.149828e+03	-1.147245e+03	-3.700148e-01
1726          	warmPlate	1.256164e+03	1.261751e+03	3.700216e-01
1726          	OVC	-1.149828e+03	-1.147245e+03	-3.700148e-01
1727          	warmPlate	1.256164e+03	1.261751e+03	3.700216e-01
1727          	OVC	-1.149828e+03	-1.147245e+03	-3.700148e-01
1728          	warmPlate	1.256164e+03	1.261751e+03	3.700216e-01
1728          	OVC	-1.149828e+03	-1.147245e+03	-3.700148e-01
1729          	warmPlate	1.256164e+03	1.261751e+03	3.700216e-01
1729          	OVC	-1.149828e+03	-1.147245e+03	-3.700148e-01
1730          	warmPlate	1.256164e+03	1.261751e+03	3.700216e-01
1730          	OVC	-1.149828e+03	-1.147245e+03	-3.700148e-01
1731          	warmPlate	1.256164e+03	1.261751e+03	3.700216e-01
1731          	OVC	-1.149828e+03	-1.147245e+03	-3.700148e-01
1732          	warmPlate	1.256164e+03	1.261751e+03	3.700216e-01
1732          	OVC	-1.149828e+03	-1.147245e+03	-3.700148e-01
1733          	warmPlate	1.256164e+03	1.261751e+03	3.700216e-01
1733          	OVC	-1.149828e+03	-1.147245e+03	-3.700148e-01
1734          	warmPlate	1.256164e+03	1.261751e+03	3.700216e-01
1734          	OVC	-1.149828e+03	-1.147245e+03	-3.700148e-01
1735          	warmPlate	1.256164e+03	1.261751e+03	3.700216e-01
1735          	OVC	-1.149828e+03	-1.147245e+03	-3.700148e-01
1736          	warmPlate	1.256164e+03	1.261751e+03	3.700216e-01
1736          	OVC	-1.149828e+03	-1.147245e+03	-3.700148e-01
1737          	warmPlate	1.256164e+03	1.261751e+03	3.700216e-01
1737          	OVC	-1.149828e+03	-1.147245e+03	-3.700148e-01
1738          	warmPlate	1.256164e+03	1.261751e+03	3.700216e-01
1738          	OVC	-1.149828e+03	-1.147245e+03	-3.700148e-01
1739          	warmPlate	1.256164e+03	1.261751e+03	3.700216e-01
1739          	OVC	-1.149828e+03	-1.147245e+03	-3.700148e-01
1740          	warmPlate	1.256164e+03	1.261751e+03	3.700216e-01
1740          	OVC	-1.149828e+03	-1.147245e+03	-3.700148e-01
1741          	warmPlate	1.256164e+03	1.261751e+03	3.700216e-01
1741          	OVC	-1.149828e+03	-1.147245e+03	-3.700148e-01
1742          	warmPlate	1.256164e+03	1.261751e+03	3.700216e-01
1742          	OVC	-1.149828e+03	-1.147245e+03	-3.700148e-01
1743          	warmPlate	1.256164e+03	1.261751e+03	3.700216e-01
1743          	OVC	-1.149828e+03	-1.147245e+03	-3.700148e-01
1744          	warmPlate	1.256164e+03	1.261751e+03	3.700216e-01
1744          	OVC	-1.149828e+03	-1.147245e+03	-3.700148e-01
1745          	warmPlate	1.256164e+03	1.261751e+03	3.700216e-01
1745          	OVC	-1.149828e+03	-1.147245e+03	-3.700148e-01
1746          	warmPlate	1.256164e+03	1.261751e+03	3.700216e-01
1746          	OVC	-1.149828e+03	-1.147245e+03	-3.700148e-01
1747          	warmPlate	1.256164e+03	1.261751e+03	3.700216e-01
1747          	OVC	-1.149828e+03	-1.147245e+03	-3.700148e-01
1748          	warmPlate	1.256164e+03	1.261751e+03	3.700216e-01
1748          	OVC	-1.149828e+03	-1.147245e+03	-3.700148e-01
1749          	warmPlate	1.256164e+03	1.261751e+03	3.700216e-01
1749          	OVC	-1.149828e+03	-1.147245e+03	-3.700148e-01
1750          	warmPlate	1.256164e+03	1.261751e+03	3.700216e-01
1750          	OVC	-1.149828e+03	-1.147245e+03	-3.700148e-01
1751          	warmPlate	1.256164e+03	1.261751e+03	3.700216e-01
1751          	OVC	-1.149828e+03	-1.147245e+03	-3.700148e-01
1752          	warmPlate	1.256164e+03	1.261751e+03	3.700216e-01
1752          	OVC	-1.149828e+03	-1.147245e+03	-3.700148e-01
1753          	warmPlate	1.256164e+03	1.261751e+03	3.700216e-01
1753          	OVC	-1.149828e+03	-1.147245e+03	-3.700148e-01
1754          	warmPlate	1.256164e+03	1.261751e+03	3.700216e-01
1754          	OVC	-1.149828e+03	-1.147245e+03	-3.700148e-01
1755          	warmPlate	1.256164e+03	1.261751e+03	3.700216e-01
1755          	OVC	-1.149828e+03	-1.147245e+03	-3.700148e-01
1756          	warmPlate	1.256164e+03	1.261751e+03	3.700216e-01
1756          	OVC	-1.149828e+03	-1.147245e+03	-3.700148e-01
1757          	warmPlate	1.256164e+03	1.261751e+03	3.700216e-01
1757          	OVC	-1.149828e+03	-1.147245e+03	-3.700148e-01
1758          	warmPlate	1.256164e+03	1.261751e+03	3.700216e-01
1758          	OVC	-1.149828e+03	-1.147245e+03	-3.700148e-01
1759          	warmPlate	1.256164e+03	1.261751e+03	3.700216e-01
1759          	OVC	-1.149828e+03	-1.147245e+03	-3.700148e-01
1760          	warmPlate	1.256164e+03	1.261751e+03	3.700216e-01
1760          	OVC	-1.149828e+03	-1.147245e+03	-3.700148e-01
1761          	warmPlate	1.256164e+03	1.261751e+03	3.700216e-01
1761          	OVC	-1.149828e+03	-1.147245e+03	-3.700148e-01
1762          	warmPlate	1.256164e+03	1.261751e+03	3.700216e-01
1762          	OVC	-1.149828e+03	-1.147245e+03	-3.700148e-01
1763          	warmPlate	1.256164e+03	1.261751e+03	3.700216e-01
1763          	OVC	-1.149828e+03	-1.147245e+03	-3.700148e-01
1764          	warmPlate	1.256164e+03	1.261751e+03	3.700216e-01
1764          	OVC	-1.149828e+03	-1.147245e+03	-3.700148e-01
1765          	warmPlate	1.256164e+03	1.261751e+03	3.700216e-01
1765          	OVC	-1.149828e+03	-1.147245e+03	-3.700148e-01
1766          	warmPlate	1.256164e+03	1.261751e+03	3.700216e-01
1766          	OVC	-1.149828e+03	-1.147245e+03	-3.700148e-01
1767          	warmPlate	1.256164e+03	1.261751e+03	3.700216e-01
1767          	OVC	-1.149828e+03	-1.147245e+03	-3.700148e-01
1768          	warmPlate	1.256164e+03	1.261751e+03	3.700216e-01
1768          	OVC	-1.149828e+03	-1.147245e+03	-3.700148e-01
1769          	warmPlate	1.256164e+03	1.261751e+03	3.700216e-01
1769          	OVC	-1.149828e+03	-1.147245e+03	-3.700148e-01
1770          	warmPlate	1.256164e+03	1.261751e+03	3.700216e-01
1770          	OVC	-1.149828e+03	-1.147245e+03	-3.700148e-01
1771          	warmPlate	1.256164e+03	1.261751e+03	3.700216e-01
1771          	OVC	-1.149828e+03	-1.147245e+03	-3.700148e-01
1772          	warmPlate	1.256164e+03	1.261751e+03	3.700216e-01
1772          	OVC	-1.149828e+03	-1.147245e+03	-3.700148e-01
1773          	warmPlate	1.256164e+03	1.261751e+03	3.700216e-01
1773          	OVC	-1.149828e+03	-1.147245e+03	-3.700148e-01
1774          	warmPlate	1.256164e+03	1.261751e+03	3.700216e-01
1774          	OVC	-1.149828e+03	-1.147245e+03	-3.700148e-01
1775          	warmPlate	1.256164e+03	1.261751e+03	3.700216e-01
1775          	OVC	-1.149828e+03	-1.147245e+03	-3.700148e-01
1776          	warmPlate	1.256164e+03	1.261751e+03	3.700216e-01
1776          	OVC	-1.149828e+03	-1.147245e+03	-3.700148e-01
1777          	warmPlate	1.256164e+03	1.261751e+03	3.700216e-01
1777          	OVC	-1.149828e+03	-1.147245e+03	-3.700148e-01
1778          	warmPlate	1.256164e+03	1.261751e+03	3.700216e-01
1778          	OVC	-1.149828e+03	-1.147245e+03	-3.700148e-01
1779          	warmPlate	1.256164e+03	1.261751e+03	3.700216e-01
1779          	OVC	-1.149828e+03	-1.147245e+03	-3.700148e-01
1780          	warmPlate	1.256164e+03	1.261751e+03	3.700216e-01
1780          	OVC	-1.149828e+03	-1.147245e+03	-3.700148e-01
1781          	warmPlate	1.256164e+03	1.261751e+03	3.700216e-01
1781          	OVC	-1.149828e+03	-1.147245e+03	-3.700148e-01
1782          	warmPlate	1.256164e+03	1.261751e+03	3.700216e-01
1782          	OVC	-1.149828e+03	-1.147245e+03	-3.700148e-01
1783          	warmPlate	1.256164e+03	1.261751e+03	3.700216e-01
1783          	OVC	-1.149828e+03	-1.147245e+03	-3.700148e-01
1784          	warmPlate	1.256164e+03	1.261751e+03	3.700216e-01
1784          	OVC	-1.149828e+03	-1.147245e+03	-3.700148e-01
1785          	warmPlate	1.256164e+03	1.261751e+03	3.700216e-01
1785          	OVC	-1.149828e+03	-1.147245e+03	-3.700148e-01
1786          	warmPlate	1.256164e+03	1.261751e+03	3.700216e-01
1786          	OVC	-1.149828e+03	-1.147245e+03	-3.700148e-01
1787          	warmPlate	1.256164e+03	1.261751e+03	3.700216e-01
1787          	OVC	-1.149828e+03	-1.147245e+03	-3.700148e-01
1788          	warmPlate	1.256164e+03	1.261751e+03	3.700216e-01
1788          	OVC	-1.149828e+03	-1.147245e+03	-3.700148e-01
1789          	warmPlate	1.256164e+03	1.261751e+03	3.700216e-01
1789          	OVC	-1.149828e+03	-1.147245e+03	-3.700148e-01
1790          	warmPlate	1.256164e+03	1.261751e+03	3.700216e-01
1790          	OVC	-1.149828e+03	-1.147245e+03	-3.700148e-01
1791          	warmPlate	1.256164e+03	1.261751e+03	3.700216e-01
1791          	OVC	-1.149828e+03	-1.147245e+03	-3.700148e-01
1792          	warmPlate	1.256164e+03	1.261751e+03	3.700216e-01
1792          	OVC	-1.149828e+03	-1.147245e+03	-3.700148e-01
1793          	warmPlate	1.256164e+03	1.261751e+03	3.700216e-01
1793          	OVC	-1.149828e+03	-1.147245e+03	-3.700148e-01
1794          	warmPlate	1.256164e+03	1.261751e+03	3.700216e-01
1794          	OVC	-1.149828e+03	-1.147245e+03	-3.700148e-01
1795          	warmPlate	1.256164e+03	1.261751e+03	3.700216e-01
1795          	OVC	-1.149828e+03	-1.147245e+03	-3.700148e-01
1796          	warmPlate	1.256164e+03	1.261751e+03	3.700216e-01
1796          	OVC	-1.149828e+03	-1.147245e+03	-3.700148e-01
1797          	warmPlate	1.256164e+03	1.261751e+03	3.700216e-01
1797          	OVC	-1.149828e+03	-1.147245e+03	-3.700148e-01
1798          	warmPlate	1.256164e+03	1.261751e+03	3.700216e-01
1798          	OVC	-1.149828e+03	-1.147245e+03	-3.700148e-01
1799          	warmPlate	1.256164e+03	1.261751e+03	3.700216e-01
1799          	OVC	-1.149828e+03	-1.147245e+03	-3.700148e-01
1800          	warmPlate	1.256164e+03	1.261751e+03	3.700216e-01
1800          	OVC	-1.149828e+03	-1.147245e+03	-3.700148e-01
1801          	warmPlate	1.256164e+03	1.261751e+03	3.700216e-01
1801          	OVC	-1.149828e+03	-1.147245e+03	-3.700148e-01
1802          	warmPlate	1.256164e+03	1.261751e+03	3.700216e-01
1802          	OVC	-1.149828e+03	-1.147245e+03	-3.700148e-01
1803          	warmPlate	1.256164e+03	1.261751e+03	3.700216e-01
1803          	OVC	-1.149828e+03	-1.147245e+03	-3.700148e-01
1804          	warmPlate	1.256164e+03	1.261751e+03	3.700216e-01
1804          	OVC	-1.149828e+03	-1.147245e+03	-3.700148e-01
1805          	warmPlate	1.256164e+03	1.261751e+03	3.700216e-01
1805          	OVC	-1.149828e+03	-1.147245e+03	-3.700148e-01
1806          	warmPlate	1.256164e+03	1.261751e+03	3.700216e-01
1806          	OVC	-1.149828e+03	-1.147245e+03	-3.700148e-01
1807          	warmPlate	1.256164e+03	1.261751e+03	3.700216e-01
1807          	OVC	-1.149828e+03	-1.147245e+03	-3.700148e-01
1808          	warmPlate	1.256164e+03	1.261751e+03	3.700216e-01
1808          	OVC	-1.149828e+03	-1.147245e+03	-3.700148e-01
1809          	warmPlate	1.256164e+03	1.261751e+03	3.700216e-01
1809          	OVC	-1.149828e+03	-1.147245e+03	-3.700148e-01
1810          	warmPlate	1.256164e+03	1.261751e+03	3.700216e-01
1810          	OVC	-1.149828e+03	-1.147245e+03	-3.700148e-01
1811          	warmPlate	1.256164e+03	1.261751e+03	3.700216e-01
1811          	OVC	-1.149828e+03	-1.147245e+03	-3.700148e-01
1812          	warmPlate	1.256164e+03	1.261751e+03	3.700216e-01
1812          	OVC	-1.149828e+03	-1.147245e+03	-3.700148e-01
1813          	warmPlate	1.256164e+03	1.261751e+03	3.700216e-01
1813          	OVC	-1.149828e+03	-1.147245e+03	-3.700148e-01
1814          	warmPlate	1.256164e+03	1.261751e+03	3.700216e-01
1814          	OVC	-1.149828e+03	-1.147245e+03	-3.700148e-01
1815          	warmPlate	1.256164e+03	1.261751e+03	3.700216e-01
1815          	OVC	-1.149828e+03	-1.147245e+03	-3.700148e-01
1816          	warmPlate	1.256164e+03	1.261751e+03	3.700216e-01
1816          	OVC	-1.149828e+03	-1.147245e+03	-3.700148e-01
1817          	warmPlate	1.256164e+03	1.261751e+03	3.700216e-01
1817          	OVC	-1.149828e+03	-1.147245e+03	-3.700148e-01
1818          	warmPlate	1.256164e+03	1.261751e+03	3.700216e-01
1818          	OVC	-1.149828e+03	-1.147245e+03	-3.700148e-01
1819          	warmPlate	1.256164e+03	1.261751e+03	3.700216e-01
1819          	OVC	-1.149828e+03	-1.147245e+03	-3.700148e-01
1820          	warmPlate	1.256164e+03	1.261751e+03	3.700216e-01
1820          	OVC	-1.149828e+03	-1.147245e+03	-3.700148e-01
1821          	warmPlate	1.256164e+03	1.261751e+03	3.700216e-01
1821          	OVC	-1.149828e+03	-1.147245e+03	-3.700148e-01
1822          	warmPlate	1.256164e+03	1.261751e+03	3.700216e-01
1822          	OVC	-1.149828e+03	-1.147245e+03	-3.700148e-01
1823          	warmPlate	1.256164e+03	1.261751e+03	3.700216e-01
1823          	OVC	-1.149828e+03	-1.147245e+03	-3.700148e-01
1824          	warmPlate	1.256164e+03	1.261751e+03	3.700216e-01
1824          	OVC	-1.149828e+03	-1.147245e+03	-3.700148e-01
1825          	warmPlate	1.256164e+03	1.261751e+03	3.700216e-01
1825          	OVC	-1.149828e+03	-1.147245e+03	-3.700148e-01
1826          	warmPlate	1.256164e+03	1.261751e+03	3.700216e-01
1826          	OVC	-1.149828e+03	-1.147245e+03	-3.700148e-01
1827          	warmPlate	1.256164e+03	1.261751e+03	3.700216e-01
1827          	OVC	-1.149828e+03	-1.147245e+03	-3.700148e-01
1828          	warmPlate	1.256164e+03	1.261751e+03	3.700216e-01
1828          	OVC	-1.149828e+03	-1.147245e+03	-3.700148e-01
1829          	warmPlate	1.256164e+03	1.261751e+03	3.700216e-01
1829          	OVC	-1.149828e+03	-1.147245e+03	-3.700148e-01
1830          	warmPlate	1.256164e+03	1.261751e+03	3.700216e-01
1830          	OVC	-1.149828e+03	-1.147245e+03	-3.700148e-01
1831          	warmPlate	1.256164e+03	1.261751e+03	3.700216e-01
1831          	OVC	-1.149828e+03	-1.147245e+03	-3.700148e-01
1832          	warmPlate	1.256164e+03	1.261751e+03	3.700216e-01
1832          	OVC	-1.149828e+03	-1.147245e+03	-3.700148e-01
1833          	warmPlate	1.256164e+03	1.261751e+03	3.700216e-01
1833          	OVC	-1.149828e+03	-1.147245e+03	-3.700148e-01
1834          	warmPlate	1.256164e+03	1.261751e+03	3.700216e-01
1834          	OVC	-1.149828e+03	-1.147245e+03	-3.700148e-01
1835          	warmPlate	1.256164e+03	1.261751e+03	3.700216e-01
1835          	OVC	-1.149828e+03	-1.147245e+03	-3.700148e-01
1836          	warmPlate	1.256164e+03	1.261751e+03	3.700216e-01
1836          	OVC	-1.149828e+03	-1.147245e+03	-3.700148e-01
1837          	warmPlate	1.256164e+03	1.261751e+03	3.700216e-01
1837          	OVC	-1.149828e+03	-1.147245e+03	-3.700148e-01
1838          	warmPlate	1.256164e+03	1.261751e+03	3.700216e-01
1838          	OVC	-1.149828e+03	-1.147245e+03	-3.700148e-01
1839          	warmPlate	1.256164e+03	1.261751e+03	3.700216e-01
1839          	OVC	-1.149828e+03	-1.147245e+03	-3.700148e-01
1840          	warmPlate	1.256164e+03	1.261751e+03	3.700216e-01
1840          	OVC	-1.149828e+03	-1.147245e+03	-3.700148e-01
1841          	warmPlate	1.256164e+03	1.261751e+03	3.700216e-01
1841          	OVC	-1.149828e+03	-1.147245e+03	-3.700148e-01
1842          	warmPlate	1.256164e+03	1.261751e+03	3.700216e-01
1842          	OVC	-1.149828e+03	-1.147245e+03	-3.700148e-01
1843          	warmPlate	1.256164e+03	1.261751e+03	3.700216e-01
1843          	OVC	-1.149828e+03	-1.147245e+03	-3.700148e-01
1844          	warmPlate	1.256164e+03	1.261751e+03	3.700216e-01
1844          	OVC	-1.149828e+03	-1.147245e+03	-3.700148e-01
1845          	warmPlate	1.256164e+03	1.261751e+03	3.700216e-01
1845          	OVC	-1.149828e+03	-1.147245e+03	-3.700148e-01
1846          	warmPlate	1.256164e+03	1.261751e+03	3.700216e-01
1846          	OVC	-1.149828e+03	-1.147245e+03	-3.700148e-01
1847          	warmPlate	1.256164e+03	1.261751e+03	3.700216e-01
1847          	OVC	-1.149828e+03	-1.147245e+03	-3.700148e-01
1848          	warmPlate	1.256164e+03	1.261751e+03	3.700216e-01
1848          	OVC	-1.149828e+03	-1.147245e+03	-3.700148e-01
1849          	warmPlate	1.256164e+03	1.261751e+03	3.700216e-01
1849          	OVC	-1.149828e+03	-1.147245e+03	-3.700148e-01
1850          	warmPlate	1.256164e+03	1.261751e+03	3.700216e-01
1850          	OVC	-1.149828e+03	-1.147245e+03	-3.700148e-01
1851          	warmPlate	1.256164e+03	1.261751e+03	3.700216e-01
1851          	OVC	-1.149828e+03	-1.147245e+03	-3.700148e-01
1852          	warmPlate	1.256164e+03	1.261751e+03	3.700216e-01
1852          	OVC	-1.149828e+03	-1.147245e+03	-3.700148e-01
1853          	warmPlate	1.256164e+03	1.261751e+03	3.700216e-01
1853          	OVC	-1.149828e+03	-1.147245e+03	-3.700148e-01
1854          	warmPlate	1.256164e+03	1.261751e+03	3.700216e-01
1854          	OVC	-1.149828e+03	-1.147245e+03	-3.700148e-01
1855          	warmPlate	1.256164e+03	1.261751e+03	3.700216e-01
1855          	OVC	-1.149828e+03	-1.147245e+03	-3.700148e-01
1856          	warmPlate	1.256164e+03	1.261751e+03	3.700216e-01
1856          	OVC	-1.149828e+03	-1.147245e+03	-3.700148e-01
1857          	warmPlate	1.256164e+03	1.261751e+03	3.700216e-01
1857          	OVC	-1.149828e+03	-1.147245e+03	-3.700148e-01
1858          	warmPlate	1.256164e+03	1.261751e+03	3.700216e-01
1858          	OVC	-1.149828e+03	-1.147245e+03	-3.700148e-01
1859          	warmPlate	1.256164e+03	1.261751e+03	3.700216e-01
1859          	OVC	-1.149828e+03	-1.147245e+03	-3.700148e-01
1860          	warmPlate	1.256164e+03	1.261751e+03	3.700216e-01
1860          	OVC	-1.149828e+03	-1.147245e+03	-3.700148e-01
1861          	warmPlate	1.256164e+03	1.261751e+03	3.700216e-01
1861          	OVC	-1.149828e+03	-1.147245e+03	-3.700148e-01
1862          	warmPlate	1.256164e+03	1.261751e+03	3.700216e-01
1862          	OVC	-1.149828e+03	-1.147245e+03	-3.700148e-01
1863          	warmPlate	1.256164e+03	1.261751e+03	3.700216e-01
1863          	OVC	-1.149828e+03	-1.147245e+03	-3.700148e-01
1864          	warmPlate	1.256164e+03	1.261751e+03	3.700216e-01
1864          	OVC	-1.149828e+03	-1.147245e+03	-3.700148e-01
1865          	warmPlate	1.256164e+03	1.261751e+03	3.700216e-01
1865          	OVC	-1.149828e+03	-1.147245e+03	-3.700148e-01
1866          	warmPlate	1.256164e+03	1.261751e+03	3.700216e-01
1866          	OVC	-1.149828e+03	-1.147245e+03	-3.700148e-01
1867          	warmPlate	1.256164e+03	1.261751e+03	3.700216e-01
1867          	OVC	-1.149828e+03	-1.147245e+03	-3.700148e-01
1868          	warmPlate	1.256164e+03	1.261751e+03	3.700216e-01
1868          	OVC	-1.149828e+03	-1.147245e+03	-3.700148e-01
1869          	warmPlate	1.256164e+03	1.261751e+03	3.700216e-01
1869          	OVC	-1.149828e+03	-1.147245e+03	-3.700148e-01
1870          	warmPlate	1.256164e+03	1.261751e+03	3.700216e-01
1870          	OVC	-1.149828e+03	-1.147245e+03	-3.700148e-01
1871          	warmPlate	1.256164e+03	1.261751e+03	3.700216e-01
1871          	OVC	-1.149828e+03	-1.147245e+03	-3.700148e-01
1872          	warmPlate	1.256164e+03	1.261751e+03	3.700216e-01
1872          	OVC	-1.149828e+03	-1.147245e+03	-3.700148e-01
1873          	warmPlate	1.256164e+03	1.261751e+03	3.700216e-01
1873          	OVC	-1.149828e+03	-1.147245e+03	-3.700148e-01
1874          	warmPlate	1.256164e+03	1.261751e+03	3.700216e-01
1874          	OVC	-1.149828e+03	-1.147245e+03	-3.700148e-01
1875          	warmPlate	1.256164e+03	1.261751e+03	3.700216e-01
1875          	OVC	-1.149828e+03	-1.147245e+03	-3.700148e-01
1876          	warmPlate	1.256164e+03	1.261751e+03	3.700216e-01
1876          	OVC	-1.149828e+03	-1.147245e+03	-3.700148e-01
1877          	warmPlate	1.256164e+03	1.261751e+03	3.700216e-01
1877          	OVC	-1.149828e+03	-1.147245e+03	-3.700148e-01
1878          	warmPlate	1.256164e+03	1.261751e+03	3.700216e-01
1878          	OVC	-1.149828e+03	-1.147245e+03	-3.700148e-01
1879          	warmPlate	1.256164e+03	1.261751e+03	3.700216e-01
1879          	OVC	-1.149828e+03	-1.147245e+03	-3.700148e-01
1880          	warmPlate	1.256164e+03	1.261751e+03	3.700216e-01
1880          	OVC	-1.149828e+03	-1.147245e+03	-3.700148e-01
1881          	warmPlate	1.256164e+03	1.261751e+03	3.700216e-01
1881          	OVC	-1.149828e+03	-1.147245e+03	-3.700148e-01
1882          	warmPlate	1.256164e+03	1.261751e+03	3.700216e-01
1882          	OVC	-1.149828e+03	-1.147245e+03	-3.700148e-01
1883          	warmPlate	1.256164e+03	1.261751e+03	3.700216e-01
1883          	OVC	-1.149828e+03	-1.147245e+03	-3.700148e-01
1884          	warmPlate	1.256164e+03	1.261751e+03	3.700216e-01
1884          	OVC	-1.149828e+03	-1.147245e+03	-3.700148e-01
1885          	warmPlate	1.256164e+03	1.261751e+03	3.700216e-01
1885          	OVC	-1.149828e+03	-1.147245e+03	-3.700148e-01
1886          	warmPlate	1.256164e+03	1.261751e+03	3.700216e-01
1886          	OVC	-1.149828e+03	-1.147245e+03	-3.700148e-01
1887          	warmPlate	1.256164e+03	1.261751e+03	3.700216e-01
1887          	OVC	-1.149828e+03	-1.147245e+03	-3.700148e-01
1888          	warmPlate	1.256164e+03	1.261751e+03	3.700216e-01
1888          	OVC	-1.149828e+03	-1.147245e+03	-3.700148e-01
1889          	warmPlate	1.256164e+03	1.261751e+03	3.700216e-01
1889          	OVC	-1.149828e+03	-1.147245e+03	-3.700148e-01
1890          	warmPlate	1.256164e+03	1.261751e+03	3.700216e-01
1890          	OVC	-1.149828e+03	-1.147245e+03	-3.700148e-01
1891          	warmPlate	1.256164e+03	1.261751e+03	3.700216e-01
1891          	OVC	-1.149828e+03	-1.147245e+03	-3.700148e-01
1892          	warmPlate	1.256164e+03	1.261751e+03	3.700216e-01
1892          	OVC	-1.149828e+03	-1.147245e+03	-3.700148e-01
1893          	warmPlate	1.256164e+03	1.261751e+03	3.700216e-01
1893          	OVC	-1.149828e+03	-1.147245e+03	-3.700148e-01
1894          	warmPlate	1.256164e+03	1.261751e+03	3.700216e-01
1894          	OVC	-1.149828e+03	-1.147245e+03	-3.700148e-01
1895          	warmPlate	1.256164e+03	1.261751e+03	3.700216e-01
1895          	OVC	-1.149828e+03	-1.147245e+03	-3.700148e-01
1896          	warmPlate	1.256164e+03	1.261751e+03	3.700216e-01
1896          	OVC	-1.149828e+03	-1.147245e+03	-3.700148e-01
1897          	warmPlate	1.256164e+03	1.261751e+03	3.700216e-01
1897          	OVC	-1.149828e+03	-1.147245e+03	-3.700148e-01
1898          	warmPlate	1.256164e+03	1.261751e+03	3.700216e-01
1898          	OVC	-1.149828e+03	-1.147245e+03	-3.700148e-01
1899          	warmPlate	1.256164e+03	1.261751e+03	3.700216e-01
1899          	OVC	-1.149828e+03	-1.147245e+03	-3.700148e-01
1900          	warmPlate	1.256164e+03	1.261751e+03	3.700216e-01
1900          	OVC	-1.149828e+03	-1.147245e+03	-3.700148e-01
1901          	warmPlate	1.256164e+03	1.261751e+03	3.700216e-01
1901          	OVC	-1.149828e+03	-1.147245e+03	-3.700148e-01
1902          	warmPlate	1.256164e+03	1.261751e+03	3.700216e-01
1902          	OVC	-1.149828e+03	-1.147245e+03	-3.700148e-01
1903          	warmPlate	1.256164e+03	1.261751e+03	3.700216e-01
1903          	OVC	-1.149828e+03	-1.147245e+03	-3.700148e-01
1904          	warmPlate	1.256164e+03	1.261751e+03	3.700216e-01
1904          	OVC	-1.149828e+03	-1.147245e+03	-3.700148e-01
1905          	warmPlate	1.256164e+03	1.261751e+03	3.700216e-01
1905          	OVC	-1.149828e+03	-1.147245e+03	-3.700148e-01
1906          	warmPlate	1.256164e+03	1.261751e+03	3.700216e-01
1906          	OVC	-1.149828e+03	-1.147245e+03	-3.700148e-01
1907          	warmPlate	1.256164e+03	1.261751e+03	3.700216e-01
1907          	OVC	-1.149828e+03	-1.147245e+03	-3.700148e-01
1908          	warmPlate	1.256164e+03	1.261751e+03	3.700216e-01
1908          	OVC	-1.149828e+03	-1.147245e+03	-3.700148e-01
1909          	warmPlate	1.256164e+03	1.261751e+03	3.700216e-01
1909          	OVC	-1.149828e+03	-1.147245e+03	-3.700148e-01
1910          	warmPlate	1.256164e+03	1.261751e+03	3.700216e-01
1910          	OVC	-1.149828e+03	-1.147245e+03	-3.700148e-01
1911          	warmPlate	1.256164e+03	1.261751e+03	3.700216e-01
1911          	OVC	-1.149828e+03	-1.147245e+03	-3.700148e-01
1912          	warmPlate	1.256164e+03	1.261751e+03	3.700216e-01
1912          	OVC	-1.149828e+03	-1.147245e+03	-3.700148e-01
1913          	warmPlate	1.256164e+03	1.261751e+03	3.700216e-01
1913          	OVC	-1.149828e+03	-1.147245e+03	-3.700148e-01
1914          	warmPlate	1.256164e+03	1.261751e+03	3.700216e-01
1914          	OVC	-1.149828e+03	-1.147245e+03	-3.700148e-01
1915          	warmPlate	1.256164e+03	1.261751e+03	3.700216e-01
1915          	OVC	-1.149828e+03	-1.147245e+03	-3.700148e-01
1916          	warmPlate	1.256164e+03	1.261751e+03	3.700216e-01
1916          	OVC	-1.149828e+03	-1.147245e+03	-3.700148e-01
1917          	warmPlate	1.256164e+03	1.261751e+03	3.700216e-01
1917          	OVC	-1.149828e+03	-1.147245e+03	-3.700148e-01
1918          	warmPlate	1.256164e+03	1.261751e+03	3.700216e-01
1918          	OVC	-1.149828e+03	-1.147245e+03	-3.700148e-01
1919          	warmPlate	1.256164e+03	1.261751e+03	3.700216e-01
1919          	OVC	-1.149828e+03	-1.147245e+03	-3.700148e-01
1920          	warmPlate	1.256164e+03	1.261751e+03	3.700216e-01
1920          	OVC	-1.149828e+03	-1.147245e+03	-3.700148e-01
1921          	warmPlate	1.256164e+03	1.261751e+03	3.700216e-01
1921          	OVC	-1.149828e+03	-1.147245e+03	-3.700148e-01
1922          	warmPlate	1.256164e+03	1.261751e+03	3.700216e-01
1922          	OVC	-1.149828e+03	-1.147245e+03	-3.700148e-01
1923          	warmPlate	1.256164e+03	1.261751e+03	3.700216e-01
1923          	OVC	-1.149828e+03	-1.147245e+03	-3.700148e-01
1924          	warmPlate	1.256164e+03	1.261751e+03	3.700216e-01
1924          	OVC	-1.149828e+03	-1.147245e+03	-3.700148e-01
1925          	warmPlate	1.256164e+03	1.261751e+03	3.700216e-01
1925          	OVC	-1.149828e+03	-1.147245e+03	-3.700148e-01
1926          	warmPlate	1.256164e+03	1.261751e+03	3.700216e-01
1926          	OVC	-1.149828e+03	-1.147245e+03	-3.700148e-01
1927          	warmPlate	1.256164e+03	1.261751e+03	3.700216e-01
1927          	OVC	-1.149828e+03	-1.147245e+03	-3.700148e-01
1928          	warmPlate	1.256164e+03	1.261751e+03	3.700216e-01
1928          	OVC	-1.149828e+03	-1.147245e+03	-3.700148e-01
1929          	warmPlate	1.256164e+03	1.261751e+03	3.700216e-01
1929          	OVC	-1.149828e+03	-1.147245e+03	-3.700148e-01
1930          	warmPlate	1.256164e+03	1.261751e+03	3.700216e-01
1930          	OVC	-1.149828e+03	-1.147245e+03	-3.700148e-01
1931          	warmPlate	1.256164e+03	1.261751e+03	3.700216e-01
1931          	OVC	-1.149828e+03	-1.147245e+03	-3.700148e-01
1932          	warmPlate	1.256164e+03	1.261751e+03	3.700216e-01
1932          	OVC	-1.149828e+03	-1.147245e+03	-3.700148e-01
1933          	warmPlate	1.256164e+03	1.261751e+03	3.700216e-01
1933          	OVC	-1.149828e+03	-1.147245e+03	-3.700148e-01
1934          	warmPlate	1.256164e+03	1.261751e+03	3.700216e-01
1934          	OVC	-1.149828e+03	-1.147245e+03	-3.700148e-01
1935          	warmPlate	1.256164e+03	1.261751e+03	3.700216e-01
1935          	OVC	-1.149828e+03	-1.147245e+03	-3.700148e-01
1936          	warmPlate	1.256164e+03	1.261751e+03	3.700216e-01
1936          	OVC	-1.149828e+03	-1.147245e+03	-3.700148e-01
1937          	warmPlate	1.256164e+03	1.261751e+03	3.700216e-01
1937          	OVC	-1.149828e+03	-1.147245e+03	-3.700148e-01
1938          	warmPlate	1.256164e+03	1.261751e+03	3.700216e-01
1938          	OVC	-1.149828e+03	-1.147245e+03	-3.700148e-01
1939          	warmPlate	1.256164e+03	1.261751e+03	3.700216e-01
1939          	OVC	-1.149828e+03	-1.147245e+03	-3.700148e-01
1940          	warmPlate	1.256164e+03	1.261751e+03	3.700216e-01
1940          	OVC	-1.149828e+03	-1.147245e+03	-3.700148e-01
1941          	warmPlate	1.256164e+03	1.261751e+03	3.700216e-01
1941          	OVC	-1.149828e+03	-1.147245e+03	-3.700148e-01
1942          	warmPlate	1.256164e+03	1.261751e+03	3.700216e-01
1942          	OVC	-1.149828e+03	-1.147245e+03	-3.700148e-01
1943          	warmPlate	1.256164e+03	1.261751e+03	3.700216e-01
1943          	OVC	-1.149828e+03	-1.147245e+03	-3.700148e-01
1944          	warmPlate	1.256164e+03	1.261751e+03	3.700216e-01
1944          	OVC	-1.149828e+03	-1.147245e+03	-3.700148e-01
1945          	warmPlate	1.256164e+03	1.261751e+03	3.700216e-01
1945          	OVC	-1.149828e+03	-1.147245e+03	-3.700148e-01
1946          	warmPlate	1.256164e+03	1.261751e+03	3.700216e-01
1946          	OVC	-1.149828e+03	-1.147245e+03	-3.700148e-01
1947          	warmPlate	1.256164e+03	1.261751e+03	3.700216e-01
1947          	OVC	-1.149828e+03	-1.147245e+03	-3.700148e-01
1948          	warmPlate	1.256164e+03	1.261751e+03	3.700216e-01
1948          	OVC	-1.149828e+03	-1.147245e+03	-3.700148e-01
1949          	warmPlate	1.256164e+03	1.261751e+03	3.700216e-01
1949          	OVC	-1.149828e+03	-1.147245e+03	-3.700148e-01
1950          	warmPlate	1.256164e+03	1.261751e+03	3.700216e-01
1950          	OVC	-1.149828e+03	-1.147245e+03	-3.700148e-01
1951          	warmPlate	1.256164e+03	1.261751e+03	3.700216e-01
1951          	OVC	-1.149828e+03	-1.147245e+03	-3.700148e-01
1952          	warmPlate	1.256164e+03	1.261751e+03	3.700216e-01
1952          	OVC	-1.149828e+03	-1.147245e+03	-3.700148e-01
1953          	warmPlate	1.256164e+03	1.261751e+03	3.700216e-01
1953          	OVC	-1.149828e+03	-1.147245e+03	-3.700148e-01
1954          	warmPlate	1.256164e+03	1.261751e+03	3.700216e-01
1954          	OVC	-1.149828e+03	-1.147245e+03	-3.700148e-01
1955          	warmPlate	1.256164e+03	1.261751e+03	3.700216e-01
1955          	OVC	-1.149828e+03	-1.147245e+03	-3.700148e-01
1956          	warmPlate	1.256164e+03	1.261751e+03	3.700216e-01
1956          	OVC	-1.149828e+03	-1.147245e+03	-3.700148e-01
1957          	warmPlate	1.256164e+03	1.261751e+03	3.700216e-01
1957          	OVC	-1.149828e+03	-1.147245e+03	-3.700148e-01
1958          	warmPlate	1.256164e+03	1.261751e+03	3.700216e-01
1958          	OVC	-1.149828e+03	-1.147245e+03	-3.700148e-01
1959          	warmPlate	1.256164e+03	1.261751e+03	3.700216e-01
1959          	OVC	-1.149828e+03	-1.147245e+03	-3.700148e-01
1960          	warmPlate	1.256164e+03	1.261751e+03	3.700216e-01
1960          	OVC	-1.149828e+03	-1.147245e+03	-3.700148e-01
1961          	warmPlate	1.256164e+03	1.261751e+03	3.700216e-01
1961          	OVC	-1.149828e+03	-1.147245e+03	-3.700148e-01
1962          	warmPlate	1.256164e+03	1.261751e+03	3.700216e-01
1962          	OVC	-1.149828e+03	-1.147245e+03	-3.700148e-01
1963          	warmPlate	1.256164e+03	1.261751e+03	3.700216e-01
1963          	OVC	-1.149828e+03	-1.147245e+03	-3.700148e-01
1964          	warmPlate	1.256164e+03	1.261751e+03	3.700216e-01
1964          	OVC	-1.149828e+03	-1.147245e+03	-3.700148e-01
1965          	warmPlate	1.256164e+03	1.261751e+03	3.700216e-01
1965          	OVC	-1.149828e+03	-1.147245e+03	-3.700148e-01
1966          	warmPlate	1.256164e+03	1.261751e+03	3.700216e-01
1966          	OVC	-1.149828e+03	-1.147245e+03	-3.700148e-01
1967          	warmPlate	1.256164e+03	1.261751e+03	3.700216e-01
1967          	OVC	-1.149828e+03	-1.147245e+03	-3.700148e-01
1968          	warmPlate	1.256164e+03	1.261751e+03	3.700216e-01
1968          	OVC	-1.149828e+03	-1.147245e+03	-3.700148e-01
1969          	warmPlate	1.256164e+03	1.261751e+03	3.700216e-01
1969          	OVC	-1.149828e+03	-1.147245e+03	-3.700148e-01
1970          	warmPlate	1.256164e+03	1.261751e+03	3.700216e-01
1970          	OVC	-1.149828e+03	-1.147245e+03	-3.700148e-01
1971          	warmPlate	1.256164e+03	1.261751e+03	3.700216e-01
1971          	OVC	-1.149828e+03	-1.147245e+03	-3.700148e-01
1972          	warmPlate	1.256164e+03	1.261751e+03	3.700216e-01
1972          	OVC	-1.149828e+03	-1.147245e+03	-3.700148e-01
1973          	warmPlate	1.256164e+03	1.261751e+03	3.700216e-01
1973          	OVC	-1.149828e+03	-1.147245e+03	-3.700148e-01
1974          	warmPlate	1.256164e+03	1.261751e+03	3.700216e-01
1974          	OVC	-1.149828e+03	-1.147245e+03	-3.700148e-01
1975          	warmPlate	1.256164e+03	1.261751e+03	3.700216e-01
1975          	OVC	-1.149828e+03	-1.147245e+03	-3.700148e-01
1976          	warmPlate	1.256164e+03	1.261751e+03	3.700216e-01
1976          	OVC	-1.149828e+03	-1.147245e+03	-3.700148e-01
1977          	warmPlate	1.256164e+03	1.261751e+03	3.700216e-01
1977          	OVC	-1.149828e+03	-1.147245e+03	-3.700148e-01
1978          	warmPlate	1.256164e+03	1.261751e+03	3.700216e-01
1978          	OVC	-1.149828e+03	-1.147245e+03	-3.700148e-01
1979          	warmPlate	1.256164e+03	1.261751e+03	3.700216e-01
1979          	OVC	-1.149828e+03	-1.147245e+03	-3.700148e-01
1980          	warmPlate	1.256164e+03	1.261751e+03	3.700216e-01
1980          	OVC	-1.149828e+03	-1.147245e+03	-3.700148e-01
1981          	warmPlate	1.256164e+03	1.261751e+03	3.700216e-01
1981          	OVC	-1.149828e+03	-1.147245e+03	-3.700148e-01
1982          	warmPlate	1.256164e+03	1.261751e+03	3.700216e-01
1982          	OVC	-1.149828e+03	-1.147245e+03	-3.700148e-01
1983          	warmPlate	1.256164e+03	1.261751e+03	3.700216e-01
1983          	OVC	-1.149828e+03	-1.147245e+03	-3.700148e-01
1984          	warmPlate	1.256164e+03	1.261751e+03	3.700216e-01
1984          	OVC	-1.149828e+03	-1.147245e+03	-3.700148e-01
1985          	warmPlate	1.256164e+03	1.261751e+03	3.700216e-01
1985          	OVC	-1.149828e+03	-1.147245e+03	-3.700148e-01
1986          	warmPlate	1.256164e+03	1.261751e+03	3.700216e-01
1986          	OVC	-1.149828e+03	-1.147245e+03	-3.700148e-01
1987          	warmPlate	1.256164e+03	1.261751e+03	3.700216e-01
1987          	OVC	-1.149828e+03	-1.147245e+03	-3.700148e-01
1988          	warmPlate	1.256164e+03	1.261751e+03	3.700216e-01
1988          	OVC	-1.149828e+03	-1.147245e+03	-3.700148e-01
1989          	warmPlate	1.256164e+03	1.261751e+03	3.700216e-01
1989          	OVC	-1.149828e+03	-1.147245e+03	-3.700148e-01
1990          	warmPlate	1.256164e+03	1.261751e+03	3.700216e-01
1990          	OVC	-1.149828e+03	-1.147245e+03	-3.700148e-01
1991          	warmPlate	1.256164e+03	1.261751e+03	3.700216e-01
1991          	OVC	-1.149828e+03	-1.147245e+03	-3.700148e-01
1992          	warmPlate	1.256164e+03	1.261751e+03	3.700216e-01
1992          	OVC	-1.149828e+03	-1.147245e+03	-3.700148e-01
1993          	warmPlate	1.256164e+03	1.261751e+03	3.700216e-01
1993          	OVC	-1.149828e+03	-1.147245e+03	-3.700148e-01
1994          	warmPlate	1.256164e+03	1.261751e+03	3.700216e-01
1994          	OVC	-1.149828e+03	-1.147245e+03	-3.700148e-01
1995          	warmPlate	1.256164e+03	1.261751e+03	3.700216e-01
1995          	OVC	-1.149828e+03	-1.147245e+03	-3.700148e-01
1996          	warmPlate	1.256164e+03	1.261751e+03	3.700216e-01
1996          	OVC	-1.149828e+03	-1.147245e+03	-3.700148e-01
1997          	warmPlate	1.256164e+03	1.261751e+03	3.700216e-01
1997          	OVC	-1.149828e+03	-1.147245e+03	-3.700148e-01
1998          	warmPlate	1.256164e+03	1.261751e+03	3.700216e-01
1998          	OVC	-1.149828e+03	-1.147245e+03	-3.700148e-01
1999          	warmPlate	1.256164e+03	1.261751e+03	3.700216e-01
1999          	OVC	-1.149828e+03	-1.147245e+03	-3.700148e-01
2000          	warmPlate	1.256164e+03	1.261751e+03	3.700216e-01
2000          	OVC	-1.149828e+03	-1.147245e+03	-3.700148e-01
2001          	warmPlate	1.256164e+03	1.261751e+03	3.700216e-01
2001          	OVC	-1.149828e+03	-1.147245e+03	-3.700148e-01
2002          	warmPlate	1.256164e+03	1.261751e+03	3.700216e-01
2002          	OVC	-1.149828e+03	-1.147245e+03	-3.700148e-01
2003          	warmPlate	1.256164e+03	1.261751e+03	3.700216e-01
2003          	OVC	-1.149828e+03	-1.147245e+03	-3.700148e-01
2004          	warmPlate	1.256164e+03	1.261751e+03	3.700216e-01
2004          	OVC	-1.149828e+03	-1.147245e+03	-3.700148e-01
2005          	warmPlate	1.256164e+03	1.261751e+03	3.700216e-01
2005          	OVC	-1.149828e+03	-1.147245e+03	-3.700148e-01
2006          	warmPlate	1.256164e+03	1.261751e+03	3.700216e-01
2006          	OVC	-1.149828e+03	-1.147245e+03	-3.700148e-01
2007          	warmPlate	1.256164e+03	1.261751e+03	3.700216e-01
2007          	OVC	-1.149828e+03	-1.147245e+03	-3.700148e-01
2008          	warmPlate	1.256164e+03	1.261751e+03	3.700216e-01
2008          	OVC	-1.149828e+03	-1.147245e+03	-3.700148e-01
2009          	warmPlate	1.256164e+03	1.261751e+03	3.700216e-01
2009          	OVC	-1.149828e+03	-1.147245e+03	-3.700148e-01
2010          	warmPlate	1.256164e+03	1.261751e+03	3.700216e-01
2010          	OVC	-1.149828e+03	-1.147245e+03	-3.700148e-01
2011          	warmPlate	1.256164e+03	1.261751e+03	3.700216e-01
2011          	OVC	-1.149828e+03	-1.147245e+03	-3.700148e-01
2012          	warmPlate	1.256164e+03	1.261751e+03	3.700216e-01
2012          	OVC	-1.149828e+03	-1.147245e+03	-3.700148e-01
2013          	warmPlate	1.256164e+03	1.261751e+03	3.700216e-01
2013          	OVC	-1.149828e+03	-1.147245e+03	-3.700148e-01
2014          	warmPlate	1.256164e+03	1.261751e+03	3.700216e-01
2014          	OVC	-1.149828e+03	-1.147245e+03	-3.700148e-01
2015          	warmPlate	1.256164e+03	1.261751e+03	3.700216e-01
2015          	OVC	-1.149828e+03	-1.147245e+03	-3.700148e-01
2016          	warmPlate	1.256164e+03	1.261751e+03	3.700216e-01
2016          	OVC	-1.149828e+03	-1.147245e+03	-3.700148e-01
2017          	warmPlate	1.256164e+03	1.261751e+03	3.700216e-01
2017          	OVC	-1.149828e+03	-1.147245e+03	-3.700148e-01
2018          	warmPlate	1.256164e+03	1.261751e+03	3.700216e-01
2018          	OVC	-1.149828e+03	-1.147245e+03	-3.700148e-01
2019          	warmPlate	1.256164e+03	1.261751e+03	3.700216e-01
2019          	OVC	-1.149828e+03	-1.147245e+03	-3.700148e-01
2020          	warmPlate	1.256164e+03	1.261751e+03	3.700216e-01
2020          	OVC	-1.149828e+03	-1.147245e+03	-3.700148e-01
2021          	warmPlate	1.256164e+03	1.261751e+03	3.700216e-01
2021          	OVC	-1.149828e+03	-1.147245e+03	-3.700148e-01
2022          	warmPlate	1.256164e+03	1.261751e+03	3.700216e-01
2022          	OVC	-1.149828e+03	-1.147245e+03	-3.700148e-01
2023          	warmPlate	1.256164e+03	1.261751e+03	3.700216e-01
2023          	OVC	-1.149828e+03	-1.147245e+03	-3.700148e-01
2024          	warmPlate	1.256164e+03	1.261751e+03	3.700216e-01
2024          	OVC	-1.149828e+03	-1.147245e+03	-3.700148e-01
2025          	warmPlate	1.256164e+03	1.261751e+03	3.700216e-01
2025          	OVC	-1.149828e+03	-1.147245e+03	-3.700148e-01
2026          	warmPlate	1.256164e+03	1.261751e+03	3.700216e-01
2026          	OVC	-1.149828e+03	-1.147245e+03	-3.700148e-01
2027          	warmPlate	1.256164e+03	1.261751e+03	3.700216e-01
2027          	OVC	-1.149828e+03	-1.147245e+03	-3.700148e-01
2028          	warmPlate	1.256164e+03	1.261751e+03	3.700216e-01
2028          	OVC	-1.149828e+03	-1.147245e+03	-3.700148e-01
2029          	warmPlate	1.256164e+03	1.261751e+03	3.700216e-01
2029          	OVC	-1.149828e+03	-1.147245e+03	-3.700148e-01
2030          	warmPlate	1.256164e+03	1.261751e+03	3.700216e-01
2030          	OVC	-1.149828e+03	-1.147245e+03	-3.700148e-01
2031          	warmPlate	1.256164e+03	1.261751e+03	3.700216e-01
2031          	OVC	-1.149828e+03	-1.147245e+03	-3.700148e-01
2032          	warmPlate	1.256164e+03	1.261751e+03	3.700216e-01
2032          	OVC	-1.149828e+03	-1.147245e+03	-3.700148e-01
2033          	warmPlate	1.256164e+03	1.261751e+03	3.700216e-01
2033          	OVC	-1.149828e+03	-1.147245e+03	-3.700148e-01
2034          	warmPlate	1.256164e+03	1.261751e+03	3.700216e-01
2034          	OVC	-1.149828e+03	-1.147245e+03	-3.700148e-01
2035          	warmPlate	1.256164e+03	1.261751e+03	3.700216e-01
2035          	OVC	-1.149828e+03	-1.147245e+03	-3.700148e-01
2036          	warmPlate	1.256164e+03	1.261751e+03	3.700216e-01
2036          	OVC	-1.149828e+03	-1.147245e+03	-3.700148e-01
2037          	warmPlate	1.256164e+03	1.261751e+03	3.700216e-01
2037          	OVC	-1.149828e+03	-1.147245e+03	-3.700148e-01
2038          	warmPlate	1.256164e+03	1.261751e+03	3.700216e-01
2038          	OVC	-1.149828e+03	-1.147245e+03	-3.700148e-01
2039          	warmPlate	1.256164e+03	1.261751e+03	3.700216e-01
2039          	OVC	-1.149828e+03	-1.147245e+03	-3.700148e-01
2040          	warmPlate	1.256164e+03	1.261751e+03	3.700216e-01
2040          	OVC	-1.149828e+03	-1.147245e+03	-3.700148e-01
2041          	warmPlate	1.256164e+03	1.261751e+03	3.700216e-01
2041          	OVC	-1.149828e+03	-1.147245e+03	-3.700148e-01
2042          	warmPlate	1.256164e+03	1.261751e+03	3.700216e-01
2042          	OVC	-1.149828e+03	-1.147245e+03	-3.700148e-01
2043          	warmPlate	1.256164e+03	1.261751e+03	3.700216e-01
2043          	OVC	-1.149828e+03	-1.147245e+03	-3.700148e-01
2044          	warmPlate	1.256164e+03	1.261751e+03	3.700216e-01
2044          	OVC	-1.149828e+03	-1.147245e+03	-3.700148e-01
2045          	warmPlate	1.256164e+03	1.261751e+03	3.700216e-01
2045          	OVC	-1.149828e+03	-1.147245e+03	-3.700148e-01
2046          	warmPlate	1.256164e+03	1.261751e+03	3.700216e-01
2046          	OVC	-1.149828e+03	-1.147245e+03	-3.700148e-01
2047          	warmPlate	1.256164e+03	1.261751e+03	3.700216e-01
2047          	OVC	-1.149828e+03	-1.147245e+03	-3.700148e-01
2048          	warmPlate	1.256164e+03	1.261751e+03	3.700216e-01
2048          	OVC	-1.149828e+03	-1.147245e+03	-3.700148e-01
2049          	warmPlate	1.256164e+03	1.261751e+03	3.700216e-01
2049          	OVC	-1.149828e+03	-1.147245e+03	-3.700148e-01
2050          	warmPlate	1.256164e+03	1.261751e+03	3.700216e-01
2050          	OVC	-1.149828e+03	-1.147245e+03	-3.700148e-01
2051          	warmPlate	1.256164e+03	1.261751e+03	3.700216e-01
2051          	OVC	-1.149828e+03	-1.147245e+03	-3.700148e-01
2052          	warmPlate	1.256164e+03	1.261751e+03	3.700216e-01
2052          	OVC	-1.149828e+03	-1.147245e+03	-3.700148e-01
2053          	warmPlate	1.256164e+03	1.261751e+03	3.700216e-01
2053          	OVC	-1.149828e+03	-1.147245e+03	-3.700148e-01
2054          	warmPlate	1.256164e+03	1.261751e+03	3.700216e-01
2054          	OVC	-1.149828e+03	-1.147245e+03	-3.700148e-01
2055          	warmPlate	1.256164e+03	1.261751e+03	3.700216e-01
2055          	OVC	-1.149828e+03	-1.147245e+03	-3.700148e-01
2056          	warmPlate	1.256164e+03	1.261751e+03	3.700216e-01
2056          	OVC	-1.149828e+03	-1.147245e+03	-3.700148e-01
2057          	warmPlate	1.256164e+03	1.261751e+03	3.700216e-01
2057          	OVC	-1.149828e+03	-1.147245e+03	-3.700148e-01
2058          	warmPlate	1.256164e+03	1.261751e+03	3.700216e-01
2058          	OVC	-1.149828e+03	-1.147245e+03	-3.700148e-01
2059          	warmPlate	1.256164e+03	1.261751e+03	3.700216e-01
2059          	OVC	-1.149828e+03	-1.147245e+03	-3.700148e-01
2060          	warmPlate	1.256164e+03	1.261751e+03	3.700216e-01
2060          	OVC	-1.149828e+03	-1.147245e+03	-3.700148e-01
2061          	warmPlate	1.256164e+03	1.261751e+03	3.700216e-01
2061          	OVC	-1.149828e+03	-1.147245e+03	-3.700148e-01
2062          	warmPlate	1.256164e+03	1.261751e+03	3.700216e-01
2062          	OVC	-1.149828e+03	-1.147245e+03	-3.700148e-01
2063          	warmPlate	1.256164e+03	1.261751e+03	3.700216e-01
2063          	OVC	-1.149828e+03	-1.147245e+03	-3.700148e-01
2064          	warmPlate	1.256164e+03	1.261751e+03	3.700216e-01
2064          	OVC	-1.149828e+03	-1.147245e+03	-3.700148e-01
2065          	warmPlate	1.256164e+03	1.261751e+03	3.700216e-01
2065          	OVC	-1.149828e+03	-1.147245e+03	-3.700148e-01
2066          	warmPlate	1.256164e+03	1.261751e+03	3.700216e-01
2066          	OVC	-1.149828e+03	-1.147245e+03	-3.700148e-01
2067          	warmPlate	1.256164e+03	1.261751e+03	3.700216e-01
2067          	OVC	-1.149828e+03	-1.147245e+03	-3.700148e-01
2068          	warmPlate	1.256164e+03	1.261751e+03	3.700216e-01
2068          	OVC	-1.149828e+03	-1.147245e+03	-3.700148e-01
2069          	warmPlate	1.256164e+03	1.261751e+03	3.700216e-01
2069          	OVC	-1.149828e+03	-1.147245e+03	-3.700148e-01
2070          	warmPlate	1.256164e+03	1.261751e+03	3.700216e-01
2070          	OVC	-1.149828e+03	-1.147245e+03	-3.700148e-01
2071          	warmPlate	1.256164e+03	1.261751e+03	3.700216e-01
2071          	OVC	-1.149828e+03	-1.147245e+03	-3.700148e-01
2072          	warmPlate	1.256164e+03	1.261751e+03	3.700216e-01
2072          	OVC	-1.149828e+03	-1.147245e+03	-3.700148e-01
2073          	warmPlate	1.256164e+03	1.261751e+03	3.700216e-01
2073          	OVC	-1.149828e+03	-1.147245e+03	-3.700148e-01
2074          	warmPlate	1.256164e+03	1.261751e+03	3.700216e-01
2074          	OVC	-1.149828e+03	-1.147245e+03	-3.700148e-01
2075          	warmPlate	1.256164e+03	1.261751e+03	3.700216e-01
2075          	OVC	-1.149828e+03	-1.147245e+03	-3.700148e-01
2076          	warmPlate	1.256164e+03	1.261751e+03	3.700216e-01
2076          	OVC	-1.149828e+03	-1.147245e+03	-3.700148e-01
2077          	warmPlate	1.256164e+03	1.261751e+03	3.700216e-01
2077          	OVC	-1.149828e+03	-1.147245e+03	-3.700148e-01
2078          	warmPlate	1.256164e+03	1.261751e+03	3.700216e-01
2078          	OVC	-1.149828e+03	-1.147245e+03	-3.700148e-01
2079          	warmPlate	1.256164e+03	1.261751e+03	3.700216e-01
2079          	OVC	-1.149828e+03	-1.147245e+03	-3.700148e-01
2080          	warmPlate	1.256164e+03	1.261751e+03	3.700216e-01
2080          	OVC	-1.149828e+03	-1.147245e+03	-3.700148e-01
2081          	warmPlate	1.256164e+03	1.261751e+03	3.700216e-01
2081          	OVC	-1.149828e+03	-1.147245e+03	-3.700148e-01
2082          	warmPlate	1.256164e+03	1.261751e+03	3.700216e-01
2082          	OVC	-1.149828e+03	-1.147245e+03	-3.700148e-01
2083          	warmPlate	1.256164e+03	1.261751e+03	3.700216e-01
2083          	OVC	-1.149828e+03	-1.147245e+03	-3.700148e-01
2084          	warmPlate	1.256164e+03	1.261751e+03	3.700216e-01
2084          	OVC	-1.149828e+03	-1.147245e+03	-3.700148e-01
2085          	warmPlate	1.256164e+03	1.261751e+03	3.700216e-01
2085          	OVC	-1.149828e+03	-1.147245e+03	-3.700148e-01
2086          	warmPlate	1.256164e+03	1.261751e+03	3.700216e-01
2086          	OVC	-1.149828e+03	-1.147245e+03	-3.700148e-01
2087          	warmPlate	1.256164e+03	1.261751e+03	3.700216e-01
2087          	OVC	-1.149828e+03	-1.147245e+03	-3.700148e-01
2088          	warmPlate	1.256164e+03	1.261751e+03	3.700216e-01
2088          	OVC	-1.149828e+03	-1.147245e+03	-3.700148e-01
2089          	warmPlate	1.256164e+03	1.261751e+03	3.700216e-01
2089          	OVC	-1.149828e+03	-1.147245e+03	-3.700148e-01
2090          	warmPlate	1.256164e+03	1.261751e+03	3.700216e-01
2090          	OVC	-1.149828e+03	-1.147245e+03	-3.700148e-01
2091          	warmPlate	1.256164e+03	1.261751e+03	3.700216e-01
2091          	OVC	-1.149828e+03	-1.147245e+03	-3.700148e-01
2092          	warmPlate	1.256164e+03	1.261751e+03	3.700216e-01
2092          	OVC	-1.149828e+03	-1.147245e+03	-3.700148e-01
2093          	warmPlate	1.256164e+03	1.261751e+03	3.700216e-01
2093          	OVC	-1.149828e+03	-1.147245e+03	-3.700148e-01
2094          	warmPlate	1.256164e+03	1.261751e+03	3.700216e-01
2094          	OVC	-1.149828e+03	-1.147245e+03	-3.700148e-01
2095          	warmPlate	1.256164e+03	1.261751e+03	3.700216e-01
2095          	OVC	-1.149828e+03	-1.147245e+03	-3.700148e-01
2096          	warmPlate	1.256164e+03	1.261751e+03	3.700216e-01
2096          	OVC	-1.149828e+03	-1.147245e+03	-3.700148e-01
2097          	warmPlate	1.256164e+03	1.261751e+03	3.700216e-01
2097          	OVC	-1.149828e+03	-1.147245e+03	-3.700148e-01
2098          	warmPlate	1.256164e+03	1.261751e+03	3.700216e-01
2098          	OVC	-1.149828e+03	-1.147245e+03	-3.700148e-01
2099          	warmPlate	1.256164e+03	1.261751e+03	3.700216e-01
2099          	OVC	-1.149828e+03	-1.147245e+03	-3.700148e-01
2100          	warmPlate	1.256164e+03	1.261751e+03	3.700216e-01
2100          	OVC	-1.149828e+03	-1.147245e+03	-3.700148e-01
2101          	warmPlate	1.256164e+03	1.261751e+03	3.700216e-01
2101          	OVC	-1.149828e+03	-1.147245e+03	-3.700148e-01
2102          	warmPlate	1.256164e+03	1.261751e+03	3.700216e-01
2102          	OVC	-1.149828e+03	-1.147245e+03	-3.700148e-01
2103          	warmPlate	1.256164e+03	1.261751e+03	3.700216e-01
2103          	OVC	-1.149828e+03	-1.147245e+03	-3.700148e-01
2104          	warmPlate	1.256164e+03	1.261751e+03	3.700216e-01
2104          	OVC	-1.149828e+03	-1.147245e+03	-3.700148e-01
2105          	warmPlate	1.256164e+03	1.261751e+03	3.700216e-01
2105          	OVC	-1.149828e+03	-1.147245e+03	-3.700148e-01
2106          	warmPlate	1.256164e+03	1.261751e+03	3.700216e-01
2106          	OVC	-1.149828e+03	-1.147245e+03	-3.700148e-01
2107          	warmPlate	1.256164e+03	1.261751e+03	3.700216e-01
2107          	OVC	-1.149828e+03	-1.147245e+03	-3.700148e-01
2108          	warmPlate	1.256164e+03	1.261751e+03	3.700216e-01
2108          	OVC	-1.149828e+03	-1.147245e+03	-3.700148e-01
2109          	warmPlate	1.256164e+03	1.261751e+03	3.700216e-01
2109          	OVC	-1.149828e+03	-1.147245e+03	-3.700148e-01
2110          	warmPlate	1.256164e+03	1.261751e+03	3.700216e-01
2110          	OVC	-1.149828e+03	-1.147245e+03	-3.700148e-01
2111          	warmPlate	1.256164e+03	1.261751e+03	3.700216e-01
2111          	OVC	-1.149828e+03	-1.147245e+03	-3.700148e-01
2112          	warmPlate	1.256164e+03	1.261751e+03	3.700216e-01
2112          	OVC	-1.149828e+03	-1.147245e+03	-3.700148e-01
2113          	warmPlate	1.256164e+03	1.261751e+03	3.700216e-01
2113          	OVC	-1.149828e+03	-1.147245e+03	-3.700148e-01
2114          	warmPlate	1.256164e+03	1.261751e+03	3.700216e-01
2114          	OVC	-1.149828e+03	-1.147245e+03	-3.700148e-01
2115          	warmPlate	1.256164e+03	1.261751e+03	3.700216e-01
2115          	OVC	-1.149828e+03	-1.147245e+03	-3.700148e-01
2116          	warmPlate	1.256164e+03	1.261751e+03	3.700216e-01
2116          	OVC	-1.149828e+03	-1.147245e+03	-3.700148e-01
2117          	warmPlate	1.256164e+03	1.261751e+03	3.700216e-01
2117          	OVC	-1.149828e+03	-1.147245e+03	-3.700148e-01
2118          	warmPlate	1.256164e+03	1.261751e+03	3.700216e-01
2118          	OVC	-1.149828e+03	-1.147245e+03	-3.700148e-01
2119          	warmPlate	1.256164e+03	1.261751e+03	3.700216e-01
2119          	OVC	-1.149828e+03	-1.147245e+03	-3.700148e-01
2120          	warmPlate	1.256164e+03	1.261751e+03	3.700216e-01
2120          	OVC	-1.149828e+03	-1.147245e+03	-3.700148e-01
2121          	warmPlate	1.256164e+03	1.261751e+03	3.700216e-01
2121          	OVC	-1.149828e+03	-1.147245e+03	-3.700148e-01
2122          	warmPlate	1.256164e+03	1.261751e+03	3.700216e-01
2122          	OVC	-1.149828e+03	-1.147245e+03	-3.700148e-01
2123          	warmPlate	1.256164e+03	1.261751e+03	3.700216e-01
2123          	OVC	-1.149828e+03	-1.147245e+03	-3.700148e-01
2124          	warmPlate	1.256164e+03	1.261751e+03	3.700216e-01
2124          	OVC	-1.149828e+03	-1.147245e+03	-3.700148e-01
2125          	warmPlate	1.256164e+03	1.261751e+03	3.700216e-01
2125          	OVC	-1.149828e+03	-1.147245e+03	-3.700148e-01
2126          	warmPlate	1.256164e+03	1.261751e+03	3.700216e-01
2126          	OVC	-1.149828e+03	-1.147245e+03	-3.700148e-01
2127          	warmPlate	1.256164e+03	1.261751e+03	3.700216e-01
2127          	OVC	-1.149828e+03	-1.147245e+03	-3.700148e-01
2128          	warmPlate	1.256164e+03	1.261751e+03	3.700216e-01
2128          	OVC	-1.149828e+03	-1.147245e+03	-3.700148e-01
2129          	warmPlate	1.256164e+03	1.261751e+03	3.700216e-01
2129          	OVC	-1.149828e+03	-1.147245e+03	-3.700148e-01
2130          	warmPlate	1.256164e+03	1.261751e+03	3.700216e-01
2130          	OVC	-1.149828e+03	-1.147245e+03	-3.700148e-01
2131          	warmPlate	1.256164e+03	1.261751e+03	3.700216e-01
2131          	OVC	-1.149828e+03	-1.147245e+03	-3.700148e-01
2132          	warmPlate	1.256164e+03	1.261751e+03	3.700216e-01
2132          	OVC	-1.149828e+03	-1.147245e+03	-3.700148e-01
2133          	warmPlate	1.256164e+03	1.261751e+03	3.700216e-01
2133          	OVC	-1.149828e+03	-1.147245e+03	-3.700148e-01
2134          	warmPlate	1.256164e+03	1.261751e+03	3.700216e-01
2134          	OVC	-1.149828e+03	-1.147245e+03	-3.700148e-01
2135          	warmPlate	1.256164e+03	1.261751e+03	3.700216e-01
2135          	OVC	-1.149828e+03	-1.147245e+03	-3.700148e-01
2136          	warmPlate	1.256164e+03	1.261751e+03	3.700216e-01
2136          	OVC	-1.149828e+03	-1.147245e+03	-3.700148e-01
2137          	warmPlate	1.256164e+03	1.261751e+03	3.700216e-01
2137          	OVC	-1.149828e+03	-1.147245e+03	-3.700148e-01
2138          	warmPlate	1.256164e+03	1.261751e+03	3.700216e-01
2138          	OVC	-1.149828e+03	-1.147245e+03	-3.700148e-01
2139          	warmPlate	1.256164e+03	1.261751e+03	3.700216e-01
2139          	OVC	-1.149828e+03	-1.147245e+03	-3.700148e-01
2140          	warmPlate	1.256164e+03	1.261751e+03	3.700216e-01
2140          	OVC	-1.149828e+03	-1.147245e+03	-3.700148e-01
2141          	warmPlate	1.256164e+03	1.261751e+03	3.700216e-01
2141          	OVC	-1.149828e+03	-1.147245e+03	-3.700148e-01
2142          	warmPlate	1.256164e+03	1.261751e+03	3.700216e-01
2142          	OVC	-1.149828e+03	-1.147245e+03	-3.700148e-01
2143          	warmPlate	1.256164e+03	1.261751e+03	3.700216e-01
2143          	OVC	-1.149828e+03	-1.147245e+03	-3.700148e-01
2144          	warmPlate	1.256164e+03	1.261751e+03	3.700216e-01
2144          	OVC	-1.149828e+03	-1.147245e+03	-3.700148e-01
2145          	warmPlate	1.256164e+03	1.261751e+03	3.700216e-01
2145          	OVC	-1.149828e+03	-1.147245e+03	-3.700148e-01
2146          	warmPlate	1.256164e+03	1.261751e+03	3.700216e-01
2146          	OVC	-1.149828e+03	-1.147245e+03	-3.700148e-01
2147          	warmPlate	1.256164e+03	1.261751e+03	3.700216e-01
2147          	OVC	-1.149828e+03	-1.147245e+03	-3.700148e-01
2148          	warmPlate	1.256164e+03	1.261751e+03	3.700216e-01
2148          	OVC	-1.149828e+03	-1.147245e+03	-3.700148e-01
2149          	warmPlate	1.256164e+03	1.261751e+03	3.700216e-01
2149          	OVC	-1.149828e+03	-1.147245e+03	-3.700148e-01
2150          	warmPlate	1.256164e+03	1.261751e+03	3.700216e-01
2150          	OVC	-1.149828e+03	-1.147245e+03	-3.700148e-01
2151          	warmPlate	1.256164e+03	1.261751e+03	3.700216e-01
2151          	OVC	-1.149828e+03	-1.147245e+03	-3.700148e-01
2152          	warmPlate	1.256164e+03	1.261751e+03	3.700216e-01
2152          	OVC	-1.149828e+03	-1.147245e+03	-3.700148e-01
2153          	warmPlate	1.256164e+03	1.261751e+03	3.700216e-01
2153          	OVC	-1.149828e+03	-1.147245e+03	-3.700148e-01
2154          	warmPlate	1.256164e+03	1.261751e+03	3.700216e-01
2154          	OVC	-1.149828e+03	-1.147245e+03	-3.700148e-01
2155          	warmPlate	1.256164e+03	1.261751e+03	3.700216e-01
2155          	OVC	-1.149828e+03	-1.147245e+03	-3.700148e-01
2156          	warmPlate	1.256164e+03	1.261751e+03	3.700216e-01
2156          	OVC	-1.149828e+03	-1.147245e+03	-3.700148e-01
2157          	warmPlate	1.256164e+03	1.261751e+03	3.700216e-01
2157          	OVC	-1.149828e+03	-1.147245e+03	-3.700148e-01
2158          	warmPlate	1.256164e+03	1.261751e+03	3.700216e-01
2158          	OVC	-1.149828e+03	-1.147245e+03	-3.700148e-01
2159          	warmPlate	1.256164e+03	1.261751e+03	3.700216e-01
2159          	OVC	-1.149828e+03	-1.147245e+03	-3.700148e-01
2160          	warmPlate	1.256164e+03	1.261751e+03	3.700216e-01
2160          	OVC	-1.149828e+03	-1.147245e+03	-3.700148e-01
2161          	warmPlate	1.256164e+03	1.261751e+03	3.700216e-01
2161          	OVC	-1.149828e+03	-1.147245e+03	-3.700148e-01
2162          	warmPlate	1.256164e+03	1.261751e+03	3.700216e-01
2162          	OVC	-1.149828e+03	-1.147245e+03	-3.700148e-01
2163          	warmPlate	1.256164e+03	1.261751e+03	3.700216e-01
2163          	OVC	-1.149828e+03	-1.147245e+03	-3.700148e-01
2164          	warmPlate	1.256164e+03	1.261751e+03	3.700216e-01
2164          	OVC	-1.149828e+03	-1.147245e+03	-3.700148e-01
2165          	warmPlate	1.256164e+03	1.261751e+03	3.700216e-01
2165          	OVC	-1.149828e+03	-1.147245e+03	-3.700148e-01
2166          	warmPlate	1.256164e+03	1.261751e+03	3.700216e-01
2166          	OVC	-1.149828e+03	-1.147245e+03	-3.700148e-01
2167          	warmPlate	1.256164e+03	1.261751e+03	3.700216e-01
2167          	OVC	-1.149828e+03	-1.147245e+03	-3.700148e-01
2168          	warmPlate	1.256164e+03	1.261751e+03	3.700216e-01
2168          	OVC	-1.149828e+03	-1.147245e+03	-3.700148e-01
2169          	warmPlate	1.256164e+03	1.261751e+03	3.700216e-01
2169          	OVC	-1.149828e+03	-1.147245e+03	-3.700148e-01
2170          	warmPlate	1.256164e+03	1.261751e+03	3.700216e-01
2170          	OVC	-1.149828e+03	-1.147245e+03	-3.700148e-01
2171          	warmPlate	1.256164e+03	1.261751e+03	3.700216e-01
2171          	OVC	-1.149828e+03	-1.147245e+03	-3.700148e-01
2172          	warmPlate	1.256164e+03	1.261751e+03	3.700216e-01
2172          	OVC	-1.149828e+03	-1.147245e+03	-3.700148e-01
2173          	warmPlate	1.256164e+03	1.261751e+03	3.700216e-01
2173          	OVC	-1.149828e+03	-1.147245e+03	-3.700148e-01
2174          	warmPlate	1.256164e+03	1.261751e+03	3.700216e-01
2174          	OVC	-1.149828e+03	-1.147245e+03	-3.700148e-01
2175          	warmPlate	1.256164e+03	1.261751e+03	3.700216e-01
2175          	OVC	-1.149828e+03	-1.147245e+03	-3.700148e-01
2176          	warmPlate	1.256164e+03	1.261751e+03	3.700216e-01
2176          	OVC	-1.149828e+03	-1.147245e+03	-3.700148e-01
2177          	warmPlate	1.256164e+03	1.261751e+03	3.700216e-01
2177          	OVC	-1.149828e+03	-1.147245e+03	-3.700148e-01
2178          	warmPlate	1.256164e+03	1.261751e+03	3.700216e-01
2178          	OVC	-1.149828e+03	-1.147245e+03	-3.700148e-01
2179          	warmPlate	1.256164e+03	1.261751e+03	3.700216e-01
2179          	OVC	-1.149828e+03	-1.147245e+03	-3.700148e-01
2180          	warmPlate	1.256164e+03	1.261751e+03	3.700216e-01
2180          	OVC	-1.149828e+03	-1.147245e+03	-3.700148e-01
2181          	warmPlate	1.256164e+03	1.261751e+03	3.700216e-01
2181          	OVC	-1.149828e+03	-1.147245e+03	-3.700148e-01
2182          	warmPlate	1.256164e+03	1.261751e+03	3.700216e-01
2182          	OVC	-1.149828e+03	-1.147245e+03	-3.700148e-01
2183          	warmPlate	1.256164e+03	1.261751e+03	3.700216e-01
2183          	OVC	-1.149828e+03	-1.147245e+03	-3.700148e-01
2184          	warmPlate	1.256164e+03	1.261751e+03	3.700216e-01
2184          	OVC	-1.149828e+03	-1.147245e+03	-3.700148e-01
2185          	warmPlate	1.256164e+03	1.261751e+03	3.700216e-01
2185          	OVC	-1.149828e+03	-1.147245e+03	-3.700148e-01
2186          	warmPlate	1.256164e+03	1.261751e+03	3.700216e-01
2186          	OVC	-1.149828e+03	-1.147245e+03	-3.700148e-01
2187          	warmPlate	1.256164e+03	1.261751e+03	3.700216e-01
2187          	OVC	-1.149828e+03	-1.147245e+03	-3.700148e-01
2188          	warmPlate	1.256164e+03	1.261751e+03	3.700216e-01
2188          	OVC	-1.149828e+03	-1.147245e+03	-3.700148e-01
2189          	warmPlate	1.256164e+03	1.261751e+03	3.700216e-01
2189          	OVC	-1.149828e+03	-1.147245e+03	-3.700148e-01
2190          	warmPlate	1.256164e+03	1.261751e+03	3.700216e-01
2190          	OVC	-1.149828e+03	-1.147245e+03	-3.700148e-01
2191          	warmPlate	1.256164e+03	1.261751e+03	3.700216e-01
2191          	OVC	-1.149828e+03	-1.147245e+03	-3.700148e-01
2192          	warmPlate	1.256164e+03	1.261751e+03	3.700216e-01
2192          	OVC	-1.149828e+03	-1.147245e+03	-3.700148e-01
2193          	warmPlate	1.256164e+03	1.261751e+03	3.700216e-01
2193          	OVC	-1.149828e+03	-1.147245e+03	-3.700148e-01
2194          	warmPlate	1.256164e+03	1.261751e+03	3.700216e-01
2194          	OVC	-1.149828e+03	-1.147245e+03	-3.700148e-01
2195          	warmPlate	1.256164e+03	1.261751e+03	3.700216e-01
2195          	OVC	-1.149828e+03	-1.147245e+03	-3.700148e-01
2196          	warmPlate	1.256164e+03	1.261751e+03	3.700216e-01
2196          	OVC	-1.149828e+03	-1.147245e+03	-3.700148e-01
2197          	warmPlate	1.256164e+03	1.261751e+03	3.700216e-01
2197          	OVC	-1.149828e+03	-1.147245e+03	-3.700148e-01
2198          	warmPlate	1.256164e+03	1.261751e+03	3.700216e-01
2198          	OVC	-1.149828e+03	-1.147245e+03	-3.700148e-01
2199          	warmPlate	1.256164e+03	1.261751e+03	3.700216e-01
2199          	OVC	-1.149828e+03	-1.147245e+03	-3.700148e-01
2200          	warmPlate	1.256164e+03	1.261751e+03	3.700216e-01
2200          	OVC	-1.149828e+03	-1.147245e+03	-3.700148e-01
2201          	warmPlate	1.256164e+03	1.261751e+03	3.700216e-01
2201          	OVC	-1.149828e+03	-1.147245e+03	-3.700148e-01
2202          	warmPlate	1.256164e+03	1.261751e+03	3.700216e-01
2202          	OVC	-1.149828e+03	-1.147245e+03	-3.700148e-01
2203          	warmPlate	1.256164e+03	1.261751e+03	3.700216e-01
2203          	OVC	-1.149828e+03	-1.147245e+03	-3.700148e-01
2204          	warmPlate	1.256164e+03	1.261751e+03	3.700216e-01
2204          	OVC	-1.149828e+03	-1.147245e+03	-3.700148e-01
2205          	warmPlate	1.256164e+03	1.261751e+03	3.700216e-01
2205          	OVC	-1.149828e+03	-1.147245e+03	-3.700148e-01
2206          	warmPlate	1.256164e+03	1.261751e+03	3.700216e-01
2206          	OVC	-1.149828e+03	-1.147245e+03	-3.700148e-01
2207          	warmPlate	1.256164e+03	1.261751e+03	3.700216e-01
2207          	OVC	-1.149828e+03	-1.147245e+03	-3.700148e-01
2208          	warmPlate	1.256164e+03	1.261751e+03	3.700216e-01
2208          	OVC	-1.149828e+03	-1.147245e+03	-3.700148e-01
2209          	warmPlate	1.256164e+03	1.261751e+03	3.700216e-01
2209          	OVC	-1.149828e+03	-1.147245e+03	-3.700148e-01
2210          	warmPlate	1.256164e+03	1.261751e+03	3.700216e-01
2210          	OVC	-1.149828e+03	-1.147245e+03	-3.700148e-01
2211          	warmPlate	1.256164e+03	1.261751e+03	3.700216e-01
2211          	OVC	-1.149828e+03	-1.147245e+03	-3.700148e-01
2212          	warmPlate	1.256164e+03	1.261751e+03	3.700216e-01
2212          	OVC	-1.149828e+03	-1.147245e+03	-3.700148e-01
2213          	warmPlate	1.256164e+03	1.261751e+03	3.700216e-01
2213          	OVC	-1.149828e+03	-1.147245e+03	-3.700148e-01
2214          	warmPlate	1.256164e+03	1.261751e+03	3.700216e-01
2214          	OVC	-1.149828e+03	-1.147245e+03	-3.700148e-01
2215          	warmPlate	1.256164e+03	1.261751e+03	3.700216e-01
2215          	OVC	-1.149828e+03	-1.147245e+03	-3.700148e-01
2216          	warmPlate	1.256164e+03	1.261751e+03	3.700216e-01
2216          	OVC	-1.149828e+03	-1.147245e+03	-3.700148e-01
2217          	warmPlate	1.256164e+03	1.261751e+03	3.700216e-01
2217          	OVC	-1.149828e+03	-1.147245e+03	-3.700148e-01
2218          	warmPlate	1.256164e+03	1.261751e+03	3.700216e-01
2218          	OVC	-1.149828e+03	-1.147245e+03	-3.700148e-01
2219          	warmPlate	1.256164e+03	1.261751e+03	3.700216e-01
2219          	OVC	-1.149828e+03	-1.147245e+03	-3.700148e-01
2220          	warmPlate	1.256164e+03	1.261751e+03	3.700216e-01
2220          	OVC	-1.149828e+03	-1.147245e+03	-3.700148e-01
2221          	warmPlate	1.256164e+03	1.261751e+03	3.700216e-01
2221          	OVC	-1.149828e+03	-1.147245e+03	-3.700148e-01
2222          	warmPlate	1.256164e+03	1.261751e+03	3.700216e-01
2222          	OVC	-1.149828e+03	-1.147245e+03	-3.700148e-01
2223          	warmPlate	1.256164e+03	1.261751e+03	3.700216e-01
2223          	OVC	-1.149828e+03	-1.147245e+03	-3.700148e-01
2224          	warmPlate	1.256164e+03	1.261751e+03	3.700216e-01
2224          	OVC	-1.149828e+03	-1.147245e+03	-3.700148e-01
2225          	warmPlate	1.256164e+03	1.261751e+03	3.700216e-01
2225          	OVC	-1.149828e+03	-1.147245e+03	-3.700148e-01
2226          	warmPlate	1.256164e+03	1.261751e+03	3.700216e-01
2226          	OVC	-1.149828e+03	-1.147245e+03	-3.700148e-01
2227          	warmPlate	1.256164e+03	1.261751e+03	3.700216e-01
2227          	OVC	-1.149828e+03	-1.147245e+03	-3.700148e-01
2228          	warmPlate	1.256164e+03	1.261751e+03	3.700216e-01
2228          	OVC	-1.149828e+03	-1.147245e+03	-3.700148e-01
2229          	warmPlate	1.256164e+03	1.261751e+03	3.700216e-01
2229          	OVC	-1.149828e+03	-1.147245e+03	-3.700148e-01
2230          	warmPlate	1.256164e+03	1.261751e+03	3.700216e-01
2230          	OVC	-1.149828e+03	-1.147245e+03	-3.700148e-01
2231          	warmPlate	1.256164e+03	1.261751e+03	3.700216e-01
2231          	OVC	-1.149828e+03	-1.147245e+03	-3.700148e-01
2232          	warmPlate	1.256164e+03	1.261751e+03	3.700216e-01
2232          	OVC	-1.149828e+03	-1.147245e+03	-3.700148e-01
2233          	warmPlate	1.256164e+03	1.261751e+03	3.700216e-01
2233          	OVC	-1.149828e+03	-1.147245e+03	-3.700148e-01
2234          	warmPlate	1.256164e+03	1.261751e+03	3.700216e-01
2234          	OVC	-1.149828e+03	-1.147245e+03	-3.700148e-01
2235          	warmPlate	1.256164e+03	1.261751e+03	3.700216e-01
2235          	OVC	-1.149828e+03	-1.147245e+03	-3.700148e-01
2236          	warmPlate	1.256164e+03	1.261751e+03	3.700216e-01
2236          	OVC	-1.149828e+03	-1.147245e+03	-3.700148e-01
2237          	warmPlate	1.256164e+03	1.261751e+03	3.700216e-01
2237          	OVC	-1.149828e+03	-1.147245e+03	-3.700148e-01
2238          	warmPlate	1.256164e+03	1.261751e+03	3.700216e-01
2238          	OVC	-1.149828e+03	-1.147245e+03	-3.700148e-01
2239          	warmPlate	1.256164e+03	1.261751e+03	3.700216e-01
2239          	OVC	-1.149828e+03	-1.147245e+03	-3.700148e-01
2240          	warmPlate	1.256164e+03	1.261751e+03	3.700216e-01
2240          	OVC	-1.149828e+03	-1.147245e+03	-3.700148e-01
2241          	warmPlate	1.256164e+03	1.261751e+03	3.700216e-01
2241          	OVC	-1.149828e+03	-1.147245e+03	-3.700148e-01
2242          	warmPlate	1.256164e+03	1.261751e+03	3.700216e-01
2242          	OVC	-1.149828e+03	-1.147245e+03	-3.700148e-01
2243          	warmPlate	1.256164e+03	1.261751e+03	3.700216e-01
2243          	OVC	-1.149828e+03	-1.147245e+03	-3.700148e-01
2244          	warmPlate	1.256164e+03	1.261751e+03	3.700216e-01
2244          	OVC	-1.149828e+03	-1.147245e+03	-3.700148e-01
2245          	warmPlate	1.256164e+03	1.261751e+03	3.700216e-01
2245          	OVC	-1.149828e+03	-1.147245e+03	-3.700148e-01
2246          	warmPlate	1.256164e+03	1.261751e+03	3.700216e-01
2246          	OVC	-1.149828e+03	-1.147245e+03	-3.700148e-01
2247          	warmPlate	1.256164e+03	1.261751e+03	3.700216e-01
2247          	OVC	-1.149828e+03	-1.147245e+03	-3.700148e-01
2248          	warmPlate	1.256164e+03	1.261751e+03	3.700216e-01
2248          	OVC	-1.149828e+03	-1.147245e+03	-3.700148e-01
2249          	warmPlate	1.256164e+03	1.261751e+03	3.700216e-01
2249          	OVC	-1.149828e+03	-1.147245e+03	-3.700148e-01
2250          	warmPlate	1.256164e+03	1.261751e+03	3.700216e-01
2250          	OVC	-1.149828e+03	-1.147245e+03	-3.700148e-01
2251          	warmPlate	1.256164e+03	1.261751e+03	3.700216e-01
2251          	OVC	-1.149828e+03	-1.147245e+03	-3.700148e-01
2252          	warmPlate	1.256164e+03	1.261751e+03	3.700216e-01
2252          	OVC	-1.149828e+03	-1.147245e+03	-3.700148e-01
2253          	warmPlate	1.256164e+03	1.261751e+03	3.700216e-01
2253          	OVC	-1.149828e+03	-1.147245e+03	-3.700148e-01
2254          	warmPlate	1.256164e+03	1.261751e+03	3.700216e-01
2254          	OVC	-1.149828e+03	-1.147245e+03	-3.700148e-01
2255          	warmPlate	1.256164e+03	1.261751e+03	3.700216e-01
2255          	OVC	-1.149828e+03	-1.147245e+03	-3.700148e-01
2256          	warmPlate	1.256164e+03	1.261751e+03	3.700216e-01
2256          	OVC	-1.149828e+03	-1.147245e+03	-3.700148e-01
2257          	warmPlate	1.256164e+03	1.261751e+03	3.700216e-01
2257          	OVC	-1.149828e+03	-1.147245e+03	-3.700148e-01
2258          	warmPlate	1.256164e+03	1.261751e+03	3.700216e-01
2258          	OVC	-1.149828e+03	-1.147245e+03	-3.700148e-01
2259          	warmPlate	1.256164e+03	1.261751e+03	3.700216e-01
2259          	OVC	-1.149828e+03	-1.147245e+03	-3.700148e-01
2260          	warmPlate	1.256164e+03	1.261751e+03	3.700216e-01
2260          	OVC	-1.149828e+03	-1.147245e+03	-3.700148e-01
2261          	warmPlate	1.256164e+03	1.261751e+03	3.700216e-01
2261          	OVC	-1.149828e+03	-1.147245e+03	-3.700148e-01
2262          	warmPlate	1.256164e+03	1.261751e+03	3.700216e-01
2262          	OVC	-1.149828e+03	-1.147245e+03	-3.700148e-01
2263          	warmPlate	1.256164e+03	1.261751e+03	3.700216e-01
2263          	OVC	-1.149828e+03	-1.147245e+03	-3.700148e-01
2264          	warmPlate	1.256164e+03	1.261751e+03	3.700216e-01
2264          	OVC	-1.149828e+03	-1.147245e+03	-3.700148e-01
2265          	warmPlate	1.256164e+03	1.261751e+03	3.700216e-01
2265          	OVC	-1.149828e+03	-1.147245e+03	-3.700148e-01
2266          	warmPlate	1.256164e+03	1.261751e+03	3.700216e-01
2266          	OVC	-1.149828e+03	-1.147245e+03	-3.700148e-01
2267          	warmPlate	1.256164e+03	1.261751e+03	3.700216e-01
2267          	OVC	-1.149828e+03	-1.147245e+03	-3.700148e-01
2268          	warmPlate	1.256164e+03	1.261751e+03	3.700216e-01
2268          	OVC	-1.149828e+03	-1.147245e+03	-3.700148e-01
2269          	warmPlate	1.256164e+03	1.261751e+03	3.700216e-01
2269          	OVC	-1.149828e+03	-1.147245e+03	-3.700148e-01
2270          	warmPlate	1.256164e+03	1.261751e+03	3.700216e-01
2270          	OVC	-1.149828e+03	-1.147245e+03	-3.700148e-01
2271          	warmPlate	1.256164e+03	1.261751e+03	3.700216e-01
2271          	OVC	-1.149828e+03	-1.147245e+03	-3.700148e-01
2272          	warmPlate	1.256164e+03	1.261751e+03	3.700216e-01
2272          	OVC	-1.149828e+03	-1.147245e+03	-3.700148e-01
2273          	warmPlate	1.256164e+03	1.261751e+03	3.700216e-01
2273          	OVC	-1.149828e+03	-1.147245e+03	-3.700148e-01
2274          	warmPlate	1.256164e+03	1.261751e+03	3.700216e-01
2274          	OVC	-1.149828e+03	-1.147245e+03	-3.700148e-01
2275          	warmPlate	1.256164e+03	1.261751e+03	3.700216e-01
2275          	OVC	-1.149828e+03	-1.147245e+03	-3.700148e-01
2276          	warmPlate	1.256164e+03	1.261751e+03	3.700216e-01
2276          	OVC	-1.149828e+03	-1.147245e+03	-3.700148e-01
2277          	warmPlate	1.256164e+03	1.261751e+03	3.700216e-01
2277          	OVC	-1.149828e+03	-1.147245e+03	-3.700148e-01
2278          	warmPlate	1.256164e+03	1.261751e+03	3.700216e-01
2278          	OVC	-1.149828e+03	-1.147245e+03	-3.700148e-01
2279          	warmPlate	1.256164e+03	1.261751e+03	3.700216e-01
2279          	OVC	-1.149828e+03	-1.147245e+03	-3.700148e-01
2280          	warmPlate	1.256164e+03	1.261751e+03	3.700216e-01
2280          	OVC	-1.149828e+03	-1.147245e+03	-3.700148e-01
2281          	warmPlate	1.256164e+03	1.261751e+03	3.700216e-01
2281          	OVC	-1.149828e+03	-1.147245e+03	-3.700148e-01
2282          	warmPlate	1.256164e+03	1.261751e+03	3.700216e-01
2282          	OVC	-1.149828e+03	-1.147245e+03	-3.700148e-01
2283          	warmPlate	1.256164e+03	1.261751e+03	3.700216e-01
2283          	OVC	-1.149828e+03	-1.147245e+03	-3.700148e-01
2284          	warmPlate	1.256164e+03	1.261751e+03	3.700216e-01
2284          	OVC	-1.149828e+03	-1.147245e+03	-3.700148e-01
2285          	warmPlate	1.256164e+03	1.261751e+03	3.700216e-01
2285          	OVC	-1.149828e+03	-1.147245e+03	-3.700148e-01
2286          	warmPlate	1.256164e+03	1.261751e+03	3.700216e-01
2286          	OVC	-1.149828e+03	-1.147245e+03	-3.700148e-01
2287          	warmPlate	1.256164e+03	1.261751e+03	3.700216e-01
2287          	OVC	-1.149828e+03	-1.147245e+03	-3.700148e-01
2288          	warmPlate	1.256164e+03	1.261751e+03	3.700216e-01
2288          	OVC	-1.149828e+03	-1.147245e+03	-3.700148e-01
2289          	warmPlate	1.256164e+03	1.261751e+03	3.700216e-01
2289          	OVC	-1.149828e+03	-1.147245e+03	-3.700148e-01
2290          	warmPlate	1.256164e+03	1.261751e+03	3.700216e-01
2290          	OVC	-1.149828e+03	-1.147245e+03	-3.700148e-01
2291          	warmPlate	1.256164e+03	1.261751e+03	3.700216e-01
2291          	OVC	-1.149828e+03	-1.147245e+03	-3.700148e-01
2292          	warmPlate	1.256164e+03	1.261751e+03	3.700216e-01
2292          	OVC	-1.149828e+03	-1.147245e+03	-3.700148e-01
2293          	warmPlate	1.256164e+03	1.261751e+03	3.700216e-01
2293          	OVC	-1.149828e+03	-1.147245e+03	-3.700148e-01
2294          	warmPlate	1.256164e+03	1.261751e+03	3.700216e-01
2294          	OVC	-1.149828e+03	-1.147245e+03	-3.700148e-01
2295          	warmPlate	1.256164e+03	1.261751e+03	3.700216e-01
2295          	OVC	-1.149828e+03	-1.147245e+03	-3.700148e-01
2296          	warmPlate	1.256164e+03	1.261751e+03	3.700216e-01
2296          	OVC	-1.149828e+03	-1.147245e+03	-3.700148e-01
2297          	warmPlate	1.256164e+03	1.261751e+03	3.700216e-01
2297          	OVC	-1.149828e+03	-1.147245e+03	-3.700148e-01
2298          	warmPlate	1.256164e+03	1.261751e+03	3.700216e-01
2298          	OVC	-1.149828e+03	-1.147245e+03	-3.700148e-01
2299          	warmPlate	1.256164e+03	1.261751e+03	3.700216e-01
2299          	OVC	-1.149828e+03	-1.147245e+03	-3.700148e-01
2300          	warmPlate	1.256164e+03	1.261751e+03	3.700216e-01
2300          	OVC	-1.149828e+03	-1.147245e+03	-3.700148e-01
2301          	warmPlate	1.256164e+03	1.261751e+03	3.700216e-01
2301          	OVC	-1.149828e+03	-1.147245e+03	-3.700148e-01
2302          	warmPlate	1.256164e+03	1.261751e+03	3.700216e-01
2302          	OVC	-1.149828e+03	-1.147245e+03	-3.700148e-01
2303          	warmPlate	1.256164e+03	1.261751e+03	3.700216e-01
2303          	OVC	-1.149828e+03	-1.147245e+03	-3.700148e-01
2304          	warmPlate	1.256164e+03	1.261751e+03	3.700216e-01
2304          	OVC	-1.149828e+03	-1.147245e+03	-3.700148e-01
2305          	warmPlate	1.256164e+03	1.261751e+03	3.700216e-01
2305          	OVC	-1.149828e+03	-1.147245e+03	-3.700148e-01
2306          	warmPlate	1.256164e+03	1.261751e+03	3.700216e-01
2306          	OVC	-1.149828e+03	-1.147245e+03	-3.700148e-01
2307          	warmPlate	1.256164e+03	1.261751e+03	3.700216e-01
2307          	OVC	-1.149828e+03	-1.147245e+03	-3.700148e-01
2308          	warmPlate	1.256164e+03	1.261751e+03	3.700216e-01
2308          	OVC	-1.149828e+03	-1.147245e+03	-3.700148e-01
2309          	warmPlate	1.256164e+03	1.261751e+03	3.700216e-01
2309          	OVC	-1.149828e+03	-1.147245e+03	-3.700148e-01
2310          	warmPlate	1.256164e+03	1.261751e+03	3.700216e-01
2310          	OVC	-1.149828e+03	-1.147245e+03	-3.700148e-01
2311          	warmPlate	1.256164e+03	1.261751e+03	3.700216e-01
2311          	OVC	-1.149828e+03	-1.147245e+03	-3.700148e-01
2312          	warmPlate	1.256164e+03	1.261751e+03	3.700216e-01
2312          	OVC	-1.149828e+03	-1.147245e+03	-3.700148e-01
2313          	warmPlate	1.256164e+03	1.261751e+03	3.700216e-01
2313          	OVC	-1.149828e+03	-1.147245e+03	-3.700148e-01
2314          	warmPlate	1.256164e+03	1.261751e+03	3.700216e-01
2314          	OVC	-1.149828e+03	-1.147245e+03	-3.700148e-01
2315          	warmPlate	1.256164e+03	1.261751e+03	3.700216e-01
2315          	OVC	-1.149828e+03	-1.147245e+03	-3.700148e-01
2316          	warmPlate	1.256164e+03	1.261751e+03	3.700216e-01
2316          	OVC	-1.149828e+03	-1.147245e+03	-3.700148e-01
2317          	warmPlate	1.256164e+03	1.261751e+03	3.700216e-01
2317          	OVC	-1.149828e+03	-1.147245e+03	-3.700148e-01
2318          	warmPlate	1.256164e+03	1.261751e+03	3.700216e-01
2318          	OVC	-1.149828e+03	-1.147245e+03	-3.700148e-01
2319          	warmPlate	1.256164e+03	1.261751e+03	3.700216e-01
2319          	OVC	-1.149828e+03	-1.147245e+03	-3.700148e-01
2320          	warmPlate	1.256164e+03	1.261751e+03	3.700216e-01
2320          	OVC	-1.149828e+03	-1.147245e+03	-3.700148e-01
2321          	warmPlate	1.256164e+03	1.261751e+03	3.700216e-01
2321          	OVC	-1.149828e+03	-1.147245e+03	-3.700148e-01
2322          	warmPlate	1.256164e+03	1.261751e+03	3.700216e-01
2322          	OVC	-1.149828e+03	-1.147245e+03	-3.700148e-01
2323          	warmPlate	1.256164e+03	1.261751e+03	3.700216e-01
2323          	OVC	-1.149828e+03	-1.147245e+03	-3.700148e-01
2324          	warmPlate	1.256164e+03	1.261751e+03	3.700216e-01
2324          	OVC	-1.149828e+03	-1.147245e+03	-3.700148e-01
2325          	warmPlate	1.256164e+03	1.261751e+03	3.700216e-01
2325          	OVC	-1.149828e+03	-1.147245e+03	-3.700148e-01
2326          	warmPlate	1.256164e+03	1.261751e+03	3.700216e-01
2326          	OVC	-1.149828e+03	-1.147245e+03	-3.700148e-01
2327          	warmPlate	1.256164e+03	1.261751e+03	3.700216e-01
2327          	OVC	-1.149828e+03	-1.147245e+03	-3.700148e-01
2328          	warmPlate	1.256164e+03	1.261751e+03	3.700216e-01
2328          	OVC	-1.149828e+03	-1.147245e+03	-3.700148e-01
2329          	warmPlate	1.256164e+03	1.261751e+03	3.700216e-01
2329          	OVC	-1.149828e+03	-1.147245e+03	-3.700148e-01
2330          	warmPlate	1.256164e+03	1.261751e+03	3.700216e-01
2330          	OVC	-1.149828e+03	-1.147245e+03	-3.700148e-01
2331          	warmPlate	1.256164e+03	1.261751e+03	3.700216e-01
2331          	OVC	-1.149828e+03	-1.147245e+03	-3.700148e-01
2332          	warmPlate	1.256164e+03	1.261751e+03	3.700216e-01
2332          	OVC	-1.149828e+03	-1.147245e+03	-3.700148e-01
2333          	warmPlate	1.256164e+03	1.261751e+03	3.700216e-01
2333          	OVC	-1.149828e+03	-1.147245e+03	-3.700148e-01
2334          	warmPlate	1.256164e+03	1.261751e+03	3.700216e-01
2334          	OVC	-1.149828e+03	-1.147245e+03	-3.700148e-01
2335          	warmPlate	1.256164e+03	1.261751e+03	3.700216e-01
2335          	OVC	-1.149828e+03	-1.147245e+03	-3.700148e-01
2336          	warmPlate	1.256164e+03	1.261751e+03	3.700216e-01
2336          	OVC	-1.149828e+03	-1.147245e+03	-3.700148e-01
2337          	warmPlate	1.256164e+03	1.261751e+03	3.700216e-01
2337          	OVC	-1.149828e+03	-1.147245e+03	-3.700148e-01
2338          	warmPlate	1.256164e+03	1.261751e+03	3.700216e-01
2338          	OVC	-1.149828e+03	-1.147245e+03	-3.700148e-01
2339          	warmPlate	1.256164e+03	1.261751e+03	3.700216e-01
2339          	OVC	-1.149828e+03	-1.147245e+03	-3.700148e-01
2340          	warmPlate	1.256164e+03	1.261751e+03	3.700216e-01
2340          	OVC	-1.149828e+03	-1.147245e+03	-3.700148e-01
2341          	warmPlate	1.256164e+03	1.261751e+03	3.700216e-01
2341          	OVC	-1.149828e+03	-1.147245e+03	-3.700148e-01
2342          	warmPlate	1.256164e+03	1.261751e+03	3.700216e-01
2342          	OVC	-1.149828e+03	-1.147245e+03	-3.700148e-01
2343          	warmPlate	1.256164e+03	1.261751e+03	3.700216e-01
2343          	OVC	-1.149828e+03	-1.147245e+03	-3.700148e-01
2344          	warmPlate	1.256164e+03	1.261751e+03	3.700216e-01
2344          	OVC	-1.149828e+03	-1.147245e+03	-3.700148e-01
2345          	warmPlate	1.256164e+03	1.261751e+03	3.700216e-01
2345          	OVC	-1.149828e+03	-1.147245e+03	-3.700148e-01
2346          	warmPlate	1.256164e+03	1.261751e+03	3.700216e-01
2346          	OVC	-1.149828e+03	-1.147245e+03	-3.700148e-01
2347          	warmPlate	1.256164e+03	1.261751e+03	3.700216e-01
2347          	OVC	-1.149828e+03	-1.147245e+03	-3.700148e-01
2348          	warmPlate	1.256164e+03	1.261751e+03	3.700216e-01
2348          	OVC	-1.149828e+03	-1.147245e+03	-3.700148e-01
2349          	warmPlate	1.256164e+03	1.261751e+03	3.700216e-01
2349          	OVC	-1.149828e+03	-1.147245e+03	-3.700148e-01
2350          	warmPlate	1.256164e+03	1.261751e+03	3.700216e-01
2350          	OVC	-1.149828e+03	-1.147245e+03	-3.700148e-01
2351          	warmPlate	1.256164e+03	1.261751e+03	3.700216e-01
2351          	OVC	-1.149828e+03	-1.147245e+03	-3.700148e-01
2352          	warmPlate	1.256164e+03	1.261751e+03	3.700216e-01
2352          	OVC	-1.149828e+03	-1.147245e+03	-3.700148e-01
2353          	warmPlate	1.256164e+03	1.261751e+03	3.700216e-01
2353          	OVC	-1.149828e+03	-1.147245e+03	-3.700148e-01
2354          	warmPlate	1.256164e+03	1.261751e+03	3.700216e-01
2354          	OVC	-1.149828e+03	-1.147245e+03	-3.700148e-01
2355          	warmPlate	1.256164e+03	1.261751e+03	3.700216e-01
2355          	OVC	-1.149828e+03	-1.147245e+03	-3.700148e-01
2356          	warmPlate	1.256164e+03	1.261751e+03	3.700216e-01
2356          	OVC	-1.149828e+03	-1.147245e+03	-3.700148e-01
2357          	warmPlate	1.256164e+03	1.261751e+03	3.700216e-01
2357          	OVC	-1.149828e+03	-1.147245e+03	-3.700148e-01
2358          	warmPlate	1.256164e+03	1.261751e+03	3.700216e-01
2358          	OVC	-1.149828e+03	-1.147245e+03	-3.700148e-01
2359          	warmPlate	1.256164e+03	1.261751e+03	3.700216e-01
2359          	OVC	-1.149828e+03	-1.147245e+03	-3.700148e-01
2360          	warmPlate	1.256164e+03	1.261751e+03	3.700216e-01
2360          	OVC	-1.149828e+03	-1.147245e+03	-3.700148e-01
2361          	warmPlate	1.256164e+03	1.261751e+03	3.700216e-01
2361          	OVC	-1.149828e+03	-1.147245e+03	-3.700148e-01
2362          	warmPlate	1.256164e+03	1.261751e+03	3.700216e-01
2362          	OVC	-1.149828e+03	-1.147245e+03	-3.700148e-01
2363          	warmPlate	1.256164e+03	1.261751e+03	3.700216e-01
2363          	OVC	-1.149828e+03	-1.147245e+03	-3.700148e-01
2364          	warmPlate	1.256164e+03	1.261751e+03	3.700216e-01
2364          	OVC	-1.149828e+03	-1.147245e+03	-3.700148e-01
2365          	warmPlate	1.256164e+03	1.261751e+03	3.700216e-01
2365          	OVC	-1.149828e+03	-1.147245e+03	-3.700148e-01
2366          	warmPlate	1.256164e+03	1.261751e+03	3.700216e-01
2366          	OVC	-1.149828e+03	-1.147245e+03	-3.700148e-01
2367          	warmPlate	1.256164e+03	1.261751e+03	3.700216e-01
2367          	OVC	-1.149828e+03	-1.147245e+03	-3.700148e-01
2368          	warmPlate	1.256164e+03	1.261751e+03	3.700216e-01
2368          	OVC	-1.149828e+03	-1.147245e+03	-3.700148e-01
2369          	warmPlate	1.256164e+03	1.261751e+03	3.700216e-01
2369          	OVC	-1.149828e+03	-1.147245e+03	-3.700148e-01
2370          	warmPlate	1.256164e+03	1.261751e+03	3.700216e-01
2370          	OVC	-1.149828e+03	-1.147245e+03	-3.700148e-01
2371          	warmPlate	1.256164e+03	1.261751e+03	3.700216e-01
2371          	OVC	-1.149828e+03	-1.147245e+03	-3.700148e-01
2372          	warmPlate	1.256164e+03	1.261751e+03	3.700216e-01
2372          	OVC	-1.149828e+03	-1.147245e+03	-3.700148e-01
2373          	warmPlate	1.256164e+03	1.261751e+03	3.700216e-01
2373          	OVC	-1.149828e+03	-1.147245e+03	-3.700148e-01
2374          	warmPlate	1.256164e+03	1.261751e+03	3.700216e-01
2374          	OVC	-1.149828e+03	-1.147245e+03	-3.700148e-01
2375          	warmPlate	1.256164e+03	1.261751e+03	3.700216e-01
2375          	OVC	-1.149828e+03	-1.147245e+03	-3.700148e-01
2376          	warmPlate	1.256164e+03	1.261751e+03	3.700216e-01
2376          	OVC	-1.149828e+03	-1.147245e+03	-3.700148e-01
2377          	warmPlate	1.256164e+03	1.261751e+03	3.700216e-01
2377          	OVC	-1.149828e+03	-1.147245e+03	-3.700148e-01
2378          	warmPlate	1.256164e+03	1.261751e+03	3.700216e-01
2378          	OVC	-1.149828e+03	-1.147245e+03	-3.700148e-01
2379          	warmPlate	1.256164e+03	1.261751e+03	3.700216e-01
2379          	OVC	-1.149828e+03	-1.147245e+03	-3.700148e-01
2380          	warmPlate	1.256164e+03	1.261751e+03	3.700216e-01
2380          	OVC	-1.149828e+03	-1.147245e+03	-3.700148e-01
2381          	warmPlate	1.256164e+03	1.261751e+03	3.700216e-01
2381          	OVC	-1.149828e+03	-1.147245e+03	-3.700148e-01
2382          	warmPlate	1.256164e+03	1.261751e+03	3.700216e-01
2382          	OVC	-1.149828e+03	-1.147245e+03	-3.700148e-01
2383          	warmPlate	1.256164e+03	1.261751e+03	3.700216e-01
2383          	OVC	-1.149828e+03	-1.147245e+03	-3.700148e-01
2384          	warmPlate	1.256164e+03	1.261751e+03	3.700216e-01
2384          	OVC	-1.149828e+03	-1.147245e+03	-3.700148e-01
2385          	warmPlate	1.256164e+03	1.261751e+03	3.700216e-01
2385          	OVC	-1.149828e+03	-1.147245e+03	-3.700148e-01
2386          	warmPlate	1.256164e+03	1.261751e+03	3.700216e-01
2386          	OVC	-1.149828e+03	-1.147245e+03	-3.700148e-01
2387          	warmPlate	1.256164e+03	1.261751e+03	3.700216e-01
2387          	OVC	-1.149828e+03	-1.147245e+03	-3.700148e-01
2388          	warmPlate	1.256164e+03	1.261751e+03	3.700216e-01
2388          	OVC	-1.149828e+03	-1.147245e+03	-3.700148e-01
2389          	warmPlate	1.256164e+03	1.261751e+03	3.700216e-01
2389          	OVC	-1.149828e+03	-1.147245e+03	-3.700148e-01
2390          	warmPlate	1.256164e+03	1.261751e+03	3.700216e-01
2390          	OVC	-1.149828e+03	-1.147245e+03	-3.700148e-01
2391          	warmPlate	1.256164e+03	1.261751e+03	3.700216e-01
2391          	OVC	-1.149828e+03	-1.147245e+03	-3.700148e-01
2392          	warmPlate	1.256164e+03	1.261751e+03	3.700216e-01
2392          	OVC	-1.149828e+03	-1.147245e+03	-3.700148e-01
2393          	warmPlate	1.256164e+03	1.261751e+03	3.700216e-01
2393          	OVC	-1.149828e+03	-1.147245e+03	-3.700148e-01
2394          	warmPlate	1.256164e+03	1.261751e+03	3.700216e-01
2394          	OVC	-1.149828e+03	-1.147245e+03	-3.700148e-01
2395          	warmPlate	1.256164e+03	1.261751e+03	3.700216e-01
2395          	OVC	-1.149828e+03	-1.147245e+03	-3.700148e-01
2396          	warmPlate	1.256164e+03	1.261751e+03	3.700216e-01
2396          	OVC	-1.149828e+03	-1.147245e+03	-3.700148e-01
2397          	warmPlate	1.256164e+03	1.261751e+03	3.700216e-01
2397          	OVC	-1.149828e+03	-1.147245e+03	-3.700148e-01
2398          	warmPlate	1.256164e+03	1.261751e+03	3.700216e-01
2398          	OVC	-1.149828e+03	-1.147245e+03	-3.700148e-01
2399          	warmPlate	1.256164e+03	1.261751e+03	3.700216e-01
2399          	OVC	-1.149828e+03	-1.147245e+03	-3.700148e-01
2400          	warmPlate	1.256164e+03	1.261751e+03	3.700216e-01
2400          	OVC	-1.149828e+03	-1.147245e+03	-3.700148e-01
2401          	warmPlate	1.256164e+03	1.261751e+03	3.700216e-01
2401          	OVC	-1.149828e+03	-1.147245e+03	-3.700148e-01
2402          	warmPlate	1.256164e+03	1.261751e+03	3.700216e-01
2402          	OVC	-1.149828e+03	-1.147245e+03	-3.700148e-01
2403          	warmPlate	1.256164e+03	1.261751e+03	3.700216e-01
2403          	OVC	-1.149828e+03	-1.147245e+03	-3.700148e-01
2404          	warmPlate	1.256164e+03	1.261751e+03	3.700216e-01
2404          	OVC	-1.149828e+03	-1.147245e+03	-3.700148e-01
2405          	warmPlate	1.256164e+03	1.261751e+03	3.700216e-01
2405          	OVC	-1.149828e+03	-1.147245e+03	-3.700148e-01
2406          	warmPlate	1.256164e+03	1.261751e+03	3.700216e-01
2406          	OVC	-1.149828e+03	-1.147245e+03	-3.700148e-01
2407          	warmPlate	1.256164e+03	1.261751e+03	3.700216e-01
2407          	OVC	-1.149828e+03	-1.147245e+03	-3.700148e-01
2408          	warmPlate	1.256164e+03	1.261751e+03	3.700216e-01
2408          	OVC	-1.149828e+03	-1.147245e+03	-3.700148e-01
2409          	warmPlate	1.256164e+03	1.261751e+03	3.700216e-01
2409          	OVC	-1.149828e+03	-1.147245e+03	-3.700148e-01
2410          	warmPlate	1.256164e+03	1.261751e+03	3.700216e-01
2410          	OVC	-1.149828e+03	-1.147245e+03	-3.700148e-01
2411          	warmPlate	1.256164e+03	1.261751e+03	3.700216e-01
2411          	OVC	-1.149828e+03	-1.147245e+03	-3.700148e-01
2412          	warmPlate	1.256164e+03	1.261751e+03	3.700216e-01
2412          	OVC	-1.149828e+03	-1.147245e+03	-3.700148e-01
2413          	warmPlate	1.256164e+03	1.261751e+03	3.700216e-01
2413          	OVC	-1.149828e+03	-1.147245e+03	-3.700148e-01
2414          	warmPlate	1.256164e+03	1.261751e+03	3.700216e-01
2414          	OVC	-1.149828e+03	-1.147245e+03	-3.700148e-01
2415          	warmPlate	1.256164e+03	1.261751e+03	3.700216e-01
2415          	OVC	-1.149828e+03	-1.147245e+03	-3.700148e-01
2416          	warmPlate	1.256164e+03	1.261751e+03	3.700216e-01
2416          	OVC	-1.149828e+03	-1.147245e+03	-3.700148e-01
2417          	warmPlate	1.256164e+03	1.261751e+03	3.700216e-01
2417          	OVC	-1.149828e+03	-1.147245e+03	-3.700148e-01
2418          	warmPlate	1.256164e+03	1.261751e+03	3.700216e-01
2418          	OVC	-1.149828e+03	-1.147245e+03	-3.700148e-01
2419          	warmPlate	1.256164e+03	1.261751e+03	3.700216e-01
2419          	OVC	-1.149828e+03	-1.147245e+03	-3.700148e-01
2420          	warmPlate	1.256164e+03	1.261751e+03	3.700216e-01
2420          	OVC	-1.149828e+03	-1.147245e+03	-3.700148e-01
2421          	warmPlate	1.256164e+03	1.261751e+03	3.700216e-01
2421          	OVC	-1.149828e+03	-1.147245e+03	-3.700148e-01
2422          	warmPlate	1.256164e+03	1.261751e+03	3.700216e-01
2422          	OVC	-1.149828e+03	-1.147245e+03	-3.700148e-01
2423          	warmPlate	1.256164e+03	1.261751e+03	3.700216e-01
2423          	OVC	-1.149828e+03	-1.147245e+03	-3.700148e-01
2424          	warmPlate	1.256164e+03	1.261751e+03	3.700216e-01
2424          	OVC	-1.149828e+03	-1.147245e+03	-3.700148e-01
2425          	warmPlate	1.256164e+03	1.261751e+03	3.700216e-01
2425          	OVC	-1.149828e+03	-1.147245e+03	-3.700148e-01
2426          	warmPlate	1.256164e+03	1.261751e+03	3.700216e-01
2426          	OVC	-1.149828e+03	-1.147245e+03	-3.700148e-01
2427          	warmPlate	1.256164e+03	1.261751e+03	3.700216e-01
2427          	OVC	-1.149828e+03	-1.147245e+03	-3.700148e-01
2428          	warmPlate	1.256164e+03	1.261751e+03	3.700216e-01
2428          	OVC	-1.149828e+03	-1.147245e+03	-3.700148e-01
2429          	warmPlate	1.256164e+03	1.261751e+03	3.700216e-01
2429          	OVC	-1.149828e+03	-1.147245e+03	-3.700148e-01
2430          	warmPlate	1.256164e+03	1.261751e+03	3.700216e-01
2430          	OVC	-1.149828e+03	-1.147245e+03	-3.700148e-01
2431          	warmPlate	1.256164e+03	1.261751e+03	3.700216e-01
2431          	OVC	-1.149828e+03	-1.147245e+03	-3.700148e-01
2432          	warmPlate	1.256164e+03	1.261751e+03	3.700216e-01
2432          	OVC	-1.149828e+03	-1.147245e+03	-3.700148e-01
2433          	warmPlate	1.256164e+03	1.261751e+03	3.700216e-01
2433          	OVC	-1.149828e+03	-1.147245e+03	-3.700148e-01
2434          	warmPlate	1.256164e+03	1.261751e+03	3.700216e-01
2434          	OVC	-1.149828e+03	-1.147245e+03	-3.700148e-01
2435          	warmPlate	1.256164e+03	1.261751e+03	3.700216e-01
2435          	OVC	-1.149828e+03	-1.147245e+03	-3.700148e-01
2436          	warmPlate	1.256164e+03	1.261751e+03	3.700216e-01
2436          	OVC	-1.149828e+03	-1.147245e+03	-3.700148e-01
2437          	warmPlate	1.256164e+03	1.261751e+03	3.700216e-01
2437          	OVC	-1.149828e+03	-1.147245e+03	-3.700148e-01
2438          	warmPlate	1.256164e+03	1.261751e+03	3.700216e-01
2438          	OVC	-1.149828e+03	-1.147245e+03	-3.700148e-01
2439          	warmPlate	1.256164e+03	1.261751e+03	3.700216e-01
2439          	OVC	-1.149828e+03	-1.147245e+03	-3.700148e-01
2440          	warmPlate	1.256164e+03	1.261751e+03	3.700216e-01
2440          	OVC	-1.149828e+03	-1.147245e+03	-3.700148e-01
2441          	warmPlate	1.256164e+03	1.261751e+03	3.700216e-01
2441          	OVC	-1.149828e+03	-1.147245e+03	-3.700148e-01
2442          	warmPlate	1.256164e+03	1.261751e+03	3.700216e-01
2442          	OVC	-1.149828e+03	-1.147245e+03	-3.700148e-01
2443          	warmPlate	1.256164e+03	1.261751e+03	3.700216e-01
2443          	OVC	-1.149828e+03	-1.147245e+03	-3.700148e-01
2444          	warmPlate	1.256164e+03	1.261751e+03	3.700216e-01
2444          	OVC	-1.149828e+03	-1.147245e+03	-3.700148e-01
2445          	warmPlate	1.256164e+03	1.261751e+03	3.700216e-01
2445          	OVC	-1.149828e+03	-1.147245e+03	-3.700148e-01
2446          	warmPlate	1.256164e+03	1.261751e+03	3.700216e-01
2446          	OVC	-1.149828e+03	-1.147245e+03	-3.700148e-01
2447          	warmPlate	1.256164e+03	1.261751e+03	3.700216e-01
2447          	OVC	-1.149828e+03	-1.147245e+03	-3.700148e-01
2448          	warmPlate	1.256164e+03	1.261751e+03	3.700216e-01
2448          	OVC	-1.149828e+03	-1.147245e+03	-3.700148e-01
2449          	warmPlate	1.256164e+03	1.261751e+03	3.700216e-01
2449          	OVC	-1.149828e+03	-1.147245e+03	-3.700148e-01
2450          	warmPlate	1.256164e+03	1.261751e+03	3.700216e-01
2450          	OVC	-1.149828e+03	-1.147245e+03	-3.700148e-01
2451          	warmPlate	1.256164e+03	1.261751e+03	3.700216e-01
2451          	OVC	-1.149828e+03	-1.147245e+03	-3.700148e-01
2452          	warmPlate	1.256164e+03	1.261751e+03	3.700216e-01
2452          	OVC	-1.149828e+03	-1.147245e+03	-3.700148e-01
2453          	warmPlate	1.256164e+03	1.261751e+03	3.700216e-01
2453          	OVC	-1.149828e+03	-1.147245e+03	-3.700148e-01
2454          	warmPlate	1.256164e+03	1.261751e+03	3.700216e-01
2454          	OVC	-1.149828e+03	-1.147245e+03	-3.700148e-01
2455          	warmPlate	1.256164e+03	1.261751e+03	3.700216e-01
2455          	OVC	-1.149828e+03	-1.147245e+03	-3.700148e-01
2456          	warmPlate	1.256164e+03	1.261751e+03	3.700216e-01
2456          	OVC	-1.149828e+03	-1.147245e+03	-3.700148e-01
2457          	warmPlate	1.256164e+03	1.261751e+03	3.700216e-01
2457          	OVC	-1.149828e+03	-1.147245e+03	-3.700148e-01
2458          	warmPlate	1.256164e+03	1.261751e+03	3.700216e-01
2458          	OVC	-1.149828e+03	-1.147245e+03	-3.700148e-01
2459          	warmPlate	1.256164e+03	1.261751e+03	3.700216e-01
2459          	OVC	-1.149828e+03	-1.147245e+03	-3.700148e-01
2460          	warmPlate	1.256164e+03	1.261751e+03	3.700216e-01
2460          	OVC	-1.149828e+03	-1.147245e+03	-3.700148e-01
2461          	warmPlate	1.256164e+03	1.261751e+03	3.700216e-01
2461          	OVC	-1.149828e+03	-1.147245e+03	-3.700148e-01
2462          	warmPlate	1.256164e+03	1.261751e+03	3.700216e-01
2462          	OVC	-1.149828e+03	-1.147245e+03	-3.700148e-01
2463          	warmPlate	1.256164e+03	1.261751e+03	3.700216e-01
2463          	OVC	-1.149828e+03	-1.147245e+03	-3.700148e-01
2464          	warmPlate	1.256164e+03	1.261751e+03	3.700216e-01
2464          	OVC	-1.149828e+03	-1.147245e+03	-3.700148e-01
2465          	warmPlate	1.256164e+03	1.261751e+03	3.700216e-01
2465          	OVC	-1.149828e+03	-1.147245e+03	-3.700148e-01
2466          	warmPlate	1.256164e+03	1.261751e+03	3.700216e-01
2466          	OVC	-1.149828e+03	-1.147245e+03	-3.700148e-01
2467          	warmPlate	1.256164e+03	1.261751e+03	3.700216e-01
2467          	OVC	-1.149828e+03	-1.147245e+03	-3.700148e-01
2468          	warmPlate	1.256164e+03	1.261751e+03	3.700216e-01
2468          	OVC	-1.149828e+03	-1.147245e+03	-3.700148e-01
2469          	warmPlate	1.256164e+03	1.261751e+03	3.700216e-01
2469          	OVC	-1.149828e+03	-1.147245e+03	-3.700148e-01
2470          	warmPlate	1.256164e+03	1.261751e+03	3.700216e-01
2470          	OVC	-1.149828e+03	-1.147245e+03	-3.700148e-01
2471          	warmPlate	1.256164e+03	1.261751e+03	3.700216e-01
2471          	OVC	-1.149828e+03	-1.147245e+03	-3.700148e-01
2472          	warmPlate	1.256164e+03	1.261751e+03	3.700216e-01
2472          	OVC	-1.149828e+03	-1.147245e+03	-3.700148e-01
2473          	warmPlate	1.256164e+03	1.261751e+03	3.700216e-01
2473          	OVC	-1.149828e+03	-1.147245e+03	-3.700148e-01
2474          	warmPlate	1.256164e+03	1.261751e+03	3.700216e-01
2474          	OVC	-1.149828e+03	-1.147245e+03	-3.700148e-01
2475          	warmPlate	1.256164e+03	1.261751e+03	3.700216e-01
2475          	OVC	-1.149828e+03	-1.147245e+03	-3.700148e-01
2476          	warmPlate	1.256164e+03	1.261751e+03	3.700216e-01
2476          	OVC	-1.149828e+03	-1.147245e+03	-3.700148e-01
2477          	warmPlate	1.256164e+03	1.261751e+03	3.700216e-01
2477          	OVC	-1.149828e+03	-1.147245e+03	-3.700148e-01
2478          	warmPlate	1.256164e+03	1.261751e+03	3.700216e-01
2478          	OVC	-1.149828e+03	-1.147245e+03	-3.700148e-01
2479          	warmPlate	1.256164e+03	1.261751e+03	3.700216e-01
2479          	OVC	-1.149828e+03	-1.147245e+03	-3.700148e-01
2480          	warmPlate	1.256164e+03	1.261751e+03	3.700216e-01
2480          	OVC	-1.149828e+03	-1.147245e+03	-3.700148e-01
2481          	warmPlate	1.256164e+03	1.261751e+03	3.700216e-01
2481          	OVC	-1.149828e+03	-1.147245e+03	-3.700148e-01
2482          	warmPlate	1.256164e+03	1.261751e+03	3.700216e-01
2482          	OVC	-1.149828e+03	-1.147245e+03	-3.700148e-01
2483          	warmPlate	1.256164e+03	1.261751e+03	3.700216e-01
2483          	OVC	-1.149828e+03	-1.147245e+03	-3.700148e-01
2484          	warmPlate	1.256164e+03	1.261751e+03	3.700216e-01
2484          	OVC	-1.149828e+03	-1.147245e+03	-3.700148e-01
2485          	warmPlate	1.256164e+03	1.261751e+03	3.700216e-01
2485          	OVC	-1.149828e+03	-1.147245e+03	-3.700148e-01
2486          	warmPlate	1.256164e+03	1.261751e+03	3.700216e-01
2486          	OVC	-1.149828e+03	-1.147245e+03	-3.700148e-01
2487          	warmPlate	1.256164e+03	1.261751e+03	3.700216e-01
2487          	OVC	-1.149828e+03	-1.147245e+03	-3.700148e-01
2488          	warmPlate	1.256164e+03	1.261751e+03	3.700216e-01
2488          	OVC	-1.149828e+03	-1.147245e+03	-3.700148e-01
2489          	warmPlate	1.256164e+03	1.261751e+03	3.700216e-01
2489          	OVC	-1.149828e+03	-1.147245e+03	-3.700148e-01
2490          	warmPlate	1.256164e+03	1.261751e+03	3.700216e-01
2490          	OVC	-1.149828e+03	-1.147245e+03	-3.700148e-01
2491          	warmPlate	1.256164e+03	1.261751e+03	3.700216e-01
2491          	OVC	-1.149828e+03	-1.147245e+03	-3.700148e-01
2492          	warmPlate	1.256164e+03	1.261751e+03	3.700216e-01
2492          	OVC	-1.149828e+03	-1.147245e+03	-3.700148e-01
2493          	warmPlate	1.256164e+03	1.261751e+03	3.700216e-01
2493          	OVC	-1.149828e+03	-1.147245e+03	-3.700148e-01
2494          	warmPlate	1.256164e+03	1.261751e+03	3.700216e-01
2494          	OVC	-1.149828e+03	-1.147245e+03	-3.700148e-01
2495          	warmPlate	1.256164e+03	1.261751e+03	3.700216e-01
2495          	OVC	-1.149828e+03	-1.147245e+03	-3.700148e-01
2496          	warmPlate	1.256164e+03	1.261751e+03	3.700216e-01
2496          	OVC	-1.149828e+03	-1.147245e+03	-3.700148e-01
2497          	warmPlate	1.256164e+03	1.261751e+03	3.700216e-01
2497          	OVC	-1.149828e+03	-1.147245e+03	-3.700148e-01
2498          	warmPlate	1.256164e+03	1.261751e+03	3.700216e-01
2498          	OVC	-1.149828e+03	-1.147245e+03	-3.700148e-01
2499          	warmPlate	1.256164e+03	1.261751e+03	3.700216e-01
2499          	OVC	-1.149828e+03	-1.147245e+03	-3.700148e-01
2500          	warmPlate	1.256164e+03	1.261751e+03	3.700216e-01
2500          	OVC	-1.149828e+03	-1.147245e+03	-3.700148e-01
2501          	warmPlate	1.256164e+03	1.261751e+03	3.700216e-01
2501          	OVC	-1.149828e+03	-1.147245e+03	-3.700148e-01
2502          	warmPlate	1.256164e+03	1.261751e+03	3.700216e-01
2502          	OVC	-1.149828e+03	-1.147245e+03	-3.700148e-01
2503          	warmPlate	1.256164e+03	1.261751e+03	3.700216e-01
2503          	OVC	-1.149828e+03	-1.147245e+03	-3.700148e-01
2504          	warmPlate	1.256164e+03	1.261751e+03	3.700216e-01
2504          	OVC	-1.149828e+03	-1.147245e+03	-3.700148e-01
2505          	warmPlate	1.256164e+03	1.261751e+03	3.700216e-01
2505          	OVC	-1.149828e+03	-1.147245e+03	-3.700148e-01
2506          	warmPlate	1.256164e+03	1.261751e+03	3.700216e-01
2506          	OVC	-1.149828e+03	-1.147245e+03	-3.700148e-01
2507          	warmPlate	1.256164e+03	1.261751e+03	3.700216e-01
2507          	OVC	-1.149828e+03	-1.147245e+03	-3.700148e-01
2508          	warmPlate	1.256164e+03	1.261751e+03	3.700216e-01
2508          	OVC	-1.149828e+03	-1.147245e+03	-3.700148e-01
2509          	warmPlate	1.256164e+03	1.261751e+03	3.700216e-01
2509          	OVC	-1.149828e+03	-1.147245e+03	-3.700148e-01
2510          	warmPlate	1.256164e+03	1.261751e+03	3.700216e-01
2510          	OVC	-1.149828e+03	-1.147245e+03	-3.700148e-01
2511          	warmPlate	1.256164e+03	1.261751e+03	3.700216e-01
2511          	OVC	-1.149828e+03	-1.147245e+03	-3.700148e-01
2512          	warmPlate	1.256164e+03	1.261751e+03	3.700216e-01
2512          	OVC	-1.149828e+03	-1.147245e+03	-3.700148e-01
2513          	warmPlate	1.256164e+03	1.261751e+03	3.700216e-01
2513          	OVC	-1.149828e+03	-1.147245e+03	-3.700148e-01
2514          	warmPlate	1.256164e+03	1.261751e+03	3.700216e-01
2514          	OVC	-1.149828e+03	-1.147245e+03	-3.700148e-01
2515          	warmPlate	1.256164e+03	1.261751e+03	3.700216e-01
2515          	OVC	-1.149828e+03	-1.147245e+03	-3.700148e-01
2516          	warmPlate	1.256164e+03	1.261751e+03	3.700216e-01
2516          	OVC	-1.149828e+03	-1.147245e+03	-3.700148e-01
2517          	warmPlate	1.256164e+03	1.261751e+03	3.700216e-01
2517          	OVC	-1.149828e+03	-1.147245e+03	-3.700148e-01
2518          	warmPlate	1.256164e+03	1.261751e+03	3.700216e-01
2518          	OVC	-1.149828e+03	-1.147245e+03	-3.700148e-01
2519          	warmPlate	1.256164e+03	1.261751e+03	3.700216e-01
2519          	OVC	-1.149828e+03	-1.147245e+03	-3.700148e-01
2520          	warmPlate	1.256164e+03	1.261751e+03	3.700216e-01
2520          	OVC	-1.149828e+03	-1.147245e+03	-3.700148e-01
2521          	warmPlate	1.256164e+03	1.261751e+03	3.700216e-01
2521          	OVC	-1.149828e+03	-1.147245e+03	-3.700148e-01
2522          	warmPlate	1.256164e+03	1.261751e+03	3.700216e-01
2522          	OVC	-1.149828e+03	-1.147245e+03	-3.700148e-01
2523          	warmPlate	1.256164e+03	1.261751e+03	3.700216e-01
2523          	OVC	-1.149828e+03	-1.147245e+03	-3.700148e-01
2524          	warmPlate	1.256164e+03	1.261751e+03	3.700216e-01
2524          	OVC	-1.149828e+03	-1.147245e+03	-3.700148e-01
2525          	warmPlate	1.256164e+03	1.261751e+03	3.700216e-01
2525          	OVC	-1.149828e+03	-1.147245e+03	-3.700148e-01
2526          	warmPlate	1.256164e+03	1.261751e+03	3.700216e-01
2526          	OVC	-1.149828e+03	-1.147245e+03	-3.700148e-01
2527          	warmPlate	1.256164e+03	1.261751e+03	3.700216e-01
2527          	OVC	-1.149828e+03	-1.147245e+03	-3.700148e-01
2528          	warmPlate	1.256164e+03	1.261751e+03	3.700216e-01
2528          	OVC	-1.149828e+03	-1.147245e+03	-3.700148e-01
2529          	warmPlate	1.256164e+03	1.261751e+03	3.700216e-01
2529          	OVC	-1.149828e+03	-1.147245e+03	-3.700148e-01
2530          	warmPlate	1.256164e+03	1.261751e+03	3.700216e-01
2530          	OVC	-1.149828e+03	-1.147245e+03	-3.700148e-01
2531          	warmPlate	1.256164e+03	1.261751e+03	3.700216e-01
2531          	OVC	-1.149828e+03	-1.147245e+03	-3.700148e-01
2532          	warmPlate	1.256164e+03	1.261751e+03	3.700216e-01
2532          	OVC	-1.149828e+03	-1.147245e+03	-3.700148e-01
2533          	warmPlate	1.256164e+03	1.261751e+03	3.700216e-01
2533          	OVC	-1.149828e+03	-1.147245e+03	-3.700148e-01
2534          	warmPlate	1.256164e+03	1.261751e+03	3.700216e-01
2534          	OVC	-1.149828e+03	-1.147245e+03	-3.700148e-01
2535          	warmPlate	1.256164e+03	1.261751e+03	3.700216e-01
2535          	OVC	-1.149828e+03	-1.147245e+03	-3.700148e-01
2536          	warmPlate	1.256164e+03	1.261751e+03	3.700216e-01
2536          	OVC	-1.149828e+03	-1.147245e+03	-3.700148e-01
2537          	warmPlate	1.256164e+03	1.261751e+03	3.700216e-01
2537          	OVC	-1.149828e+03	-1.147245e+03	-3.700148e-01
2538          	warmPlate	1.256164e+03	1.261751e+03	3.700216e-01
2538          	OVC	-1.149828e+03	-1.147245e+03	-3.700148e-01
2539          	warmPlate	1.256164e+03	1.261751e+03	3.700216e-01
2539          	OVC	-1.149828e+03	-1.147245e+03	-3.700148e-01
2540          	warmPlate	1.256164e+03	1.261751e+03	3.700216e-01
2540          	OVC	-1.149828e+03	-1.147245e+03	-3.700148e-01
2541          	warmPlate	1.256164e+03	1.261751e+03	3.700216e-01
2541          	OVC	-1.149828e+03	-1.147245e+03	-3.700148e-01
2542          	warmPlate	1.256164e+03	1.261751e+03	3.700216e-01
2542          	OVC	-1.149828e+03	-1.147245e+03	-3.700148e-01
2543          	warmPlate	1.256164e+03	1.261751e+03	3.700216e-01
2543          	OVC	-1.149828e+03	-1.147245e+03	-3.700148e-01
2544          	warmPlate	1.256164e+03	1.261751e+03	3.700216e-01
2544          	OVC	-1.149828e+03	-1.147245e+03	-3.700148e-01
2545          	warmPlate	1.256164e+03	1.261751e+03	3.700216e-01
2545          	OVC	-1.149828e+03	-1.147245e+03	-3.700148e-01
2546          	warmPlate	1.256164e+03	1.261751e+03	3.700216e-01
2546          	OVC	-1.149828e+03	-1.147245e+03	-3.700148e-01
2547          	warmPlate	1.256164e+03	1.261751e+03	3.700216e-01
2547          	OVC	-1.149828e+03	-1.147245e+03	-3.700148e-01
2548          	warmPlate	1.256164e+03	1.261751e+03	3.700216e-01
2548          	OVC	-1.149828e+03	-1.147245e+03	-3.700148e-01
2549          	warmPlate	1.256164e+03	1.261751e+03	3.700216e-01
2549          	OVC	-1.149828e+03	-1.147245e+03	-3.700148e-01
2550          	warmPlate	1.256164e+03	1.261751e+03	3.700216e-01
2550          	OVC	-1.149828e+03	-1.147245e+03	-3.700148e-01
2551          	warmPlate	1.256164e+03	1.261751e+03	3.700216e-01
2551          	OVC	-1.149828e+03	-1.147245e+03	-3.700148e-01
2552          	warmPlate	1.256164e+03	1.261751e+03	3.700216e-01
2552          	OVC	-1.149828e+03	-1.147245e+03	-3.700148e-01
2553          	warmPlate	1.256164e+03	1.261751e+03	3.700216e-01
2553          	OVC	-1.149828e+03	-1.147245e+03	-3.700148e-01
2554          	warmPlate	1.256164e+03	1.261751e+03	3.700216e-01
2554          	OVC	-1.149828e+03	-1.147245e+03	-3.700148e-01
2555          	warmPlate	1.256164e+03	1.261751e+03	3.700216e-01
2555          	OVC	-1.149828e+03	-1.147245e+03	-3.700148e-01
2556          	warmPlate	1.256164e+03	1.261751e+03	3.700216e-01
2556          	OVC	-1.149828e+03	-1.147245e+03	-3.700148e-01
2557          	warmPlate	1.256164e+03	1.261751e+03	3.700216e-01
2557          	OVC	-1.149828e+03	-1.147245e+03	-3.700148e-01
2558          	warmPlate	1.256164e+03	1.261751e+03	3.700216e-01
2558          	OVC	-1.149828e+03	-1.147245e+03	-3.700148e-01
2559          	warmPlate	1.256164e+03	1.261751e+03	3.700216e-01
2559          	OVC	-1.149828e+03	-1.147245e+03	-3.700148e-01
2560          	warmPlate	1.256164e+03	1.261751e+03	3.700216e-01
2560          	OVC	-1.149828e+03	-1.147245e+03	-3.700148e-01
2561          	warmPlate	1.256164e+03	1.261751e+03	3.700216e-01
2561          	OVC	-1.149828e+03	-1.147245e+03	-3.700148e-01
2562          	warmPlate	1.256164e+03	1.261751e+03	3.700216e-01
2562          	OVC	-1.149828e+03	-1.147245e+03	-3.700148e-01
2563          	warmPlate	1.256164e+03	1.261751e+03	3.700216e-01
2563          	OVC	-1.149828e+03	-1.147245e+03	-3.700148e-01
2564          	warmPlate	1.256164e+03	1.261751e+03	3.700216e-01
2564          	OVC	-1.149828e+03	-1.147245e+03	-3.700148e-01
2565          	warmPlate	1.256164e+03	1.261751e+03	3.700216e-01
2565          	OVC	-1.149828e+03	-1.147245e+03	-3.700148e-01
2566          	warmPlate	1.256164e+03	1.261751e+03	3.700216e-01
2566          	OVC	-1.149828e+03	-1.147245e+03	-3.700148e-01
2567          	warmPlate	1.256164e+03	1.261751e+03	3.700216e-01
2567          	OVC	-1.149828e+03	-1.147245e+03	-3.700148e-01
2568          	warmPlate	1.256164e+03	1.261751e+03	3.700216e-01
2568          	OVC	-1.149828e+03	-1.147245e+03	-3.700148e-01
2569          	warmPlate	1.256164e+03	1.261751e+03	3.700216e-01
2569          	OVC	-1.149828e+03	-1.147245e+03	-3.700148e-01
2570          	warmPlate	1.256164e+03	1.261751e+03	3.700216e-01
2570          	OVC	-1.149828e+03	-1.147245e+03	-3.700148e-01
2571          	warmPlate	1.256164e+03	1.261751e+03	3.700216e-01
2571          	OVC	-1.149828e+03	-1.147245e+03	-3.700148e-01
2572          	warmPlate	1.256164e+03	1.261751e+03	3.700216e-01
2572          	OVC	-1.149828e+03	-1.147245e+03	-3.700148e-01
2573          	warmPlate	1.256164e+03	1.261751e+03	3.700216e-01
2573          	OVC	-1.149828e+03	-1.147245e+03	-3.700148e-01
2574          	warmPlate	1.256164e+03	1.261751e+03	3.700216e-01
2574          	OVC	-1.149828e+03	-1.147245e+03	-3.700148e-01
2575          	warmPlate	1.256164e+03	1.261751e+03	3.700216e-01
2575          	OVC	-1.149828e+03	-1.147245e+03	-3.700148e-01
2576          	warmPlate	1.256164e+03	1.261751e+03	3.700216e-01
2576          	OVC	-1.149828e+03	-1.147245e+03	-3.700148e-01
2577          	warmPlate	1.256164e+03	1.261751e+03	3.700216e-01
2577          	OVC	-1.149828e+03	-1.147245e+03	-3.700148e-01
2578          	warmPlate	1.256164e+03	1.261751e+03	3.700216e-01
2578          	OVC	-1.149828e+03	-1.147245e+03	-3.700148e-01
2579          	warmPlate	1.256164e+03	1.261751e+03	3.700216e-01
2579          	OVC	-1.149828e+03	-1.147245e+03	-3.700148e-01
2580          	warmPlate	1.256164e+03	1.261751e+03	3.700216e-01
2580          	OVC	-1.149828e+03	-1.147245e+03	-3.700148e-01
2581          	warmPlate	1.256164e+03	1.261751e+03	3.700216e-01
2581          	OVC	-1.149828e+03	-1.147245e+03	-3.700148e-01
2582          	warmPlate	1.256164e+03	1.261751e+03	3.700216e-01
2582          	OVC	-1.149828e+03	-1.147245e+03	-3.700148e-01
2583          	warmPlate	1.256164e+03	1.261751e+03	3.700216e-01
2583          	OVC	-1.149828e+03	-1.147245e+03	-3.700148e-01
2584          	warmPlate	1.256164e+03	1.261751e+03	3.700216e-01
2584          	OVC	-1.149828e+03	-1.147245e+03	-3.700148e-01
2585          	warmPlate	1.256164e+03	1.261751e+03	3.700216e-01
2585          	OVC	-1.149828e+03	-1.147245e+03	-3.700148e-01
2586          	warmPlate	1.256164e+03	1.261751e+03	3.700216e-01
2586          	OVC	-1.149828e+03	-1.147245e+03	-3.700148e-01
2587          	warmPlate	1.256164e+03	1.261751e+03	3.700216e-01
2587          	OVC	-1.149828e+03	-1.147245e+03	-3.700148e-01
2588          	warmPlate	1.256164e+03	1.261751e+03	3.700216e-01
2588          	OVC	-1.149828e+03	-1.147245e+03	-3.700148e-01
2589          	warmPlate	1.256164e+03	1.261751e+03	3.700216e-01
2589          	OVC	-1.149828e+03	-1.147245e+03	-3.700148e-01
2590          	warmPlate	1.256164e+03	1.261751e+03	3.700216e-01
2590          	OVC	-1.149828e+03	-1.147245e+03	-3.700148e-01
2591          	warmPlate	1.256164e+03	1.261751e+03	3.700216e-01
2591          	OVC	-1.149828e+03	-1.147245e+03	-3.700148e-01
2592          	warmPlate	1.256164e+03	1.261751e+03	3.700216e-01
2592          	OVC	-1.149828e+03	-1.147245e+03	-3.700148e-01
2593          	warmPlate	1.256164e+03	1.261751e+03	3.700216e-01
2593          	OVC	-1.149828e+03	-1.147245e+03	-3.700148e-01
2594          	warmPlate	1.256164e+03	1.261751e+03	3.700216e-01
2594          	OVC	-1.149828e+03	-1.147245e+03	-3.700148e-01
2595          	warmPlate	1.256164e+03	1.261751e+03	3.700216e-01
2595          	OVC	-1.149828e+03	-1.147245e+03	-3.700148e-01
2596          	warmPlate	1.256164e+03	1.261751e+03	3.700216e-01
2596          	OVC	-1.149828e+03	-1.147245e+03	-3.700148e-01
2597          	warmPlate	1.256164e+03	1.261751e+03	3.700216e-01
2597          	OVC	-1.149828e+03	-1.147245e+03	-3.700148e-01
2598          	warmPlate	1.256164e+03	1.261751e+03	3.700216e-01
2598          	OVC	-1.149828e+03	-1.147245e+03	-3.700148e-01
2599          	warmPlate	1.256164e+03	1.261751e+03	3.700216e-01
2599          	OVC	-1.149828e+03	-1.147245e+03	-3.700148e-01
2600          	warmPlate	1.256164e+03	1.261751e+03	3.700216e-01
2600          	OVC	-1.149828e+03	-1.147245e+03	-3.700148e-01
2601          	warmPlate	1.256164e+03	1.261751e+03	3.700216e-01
2601          	OVC	-1.149828e+03	-1.147245e+03	-3.700148e-01
2602          	warmPlate	1.256164e+03	1.261751e+03	3.700216e-01
2602          	OVC	-1.149828e+03	-1.147245e+03	-3.700148e-01
2603          	warmPlate	1.256164e+03	1.261751e+03	3.700216e-01
2603          	OVC	-1.149828e+03	-1.147245e+03	-3.700148e-01
2604          	warmPlate	1.256164e+03	1.261751e+03	3.700216e-01
2604          	OVC	-1.149828e+03	-1.147245e+03	-3.700148e-01
2605          	warmPlate	1.256164e+03	1.261751e+03	3.700216e-01
2605          	OVC	-1.149828e+03	-1.147245e+03	-3.700148e-01
2606          	warmPlate	1.256164e+03	1.261751e+03	3.700216e-01
2606          	OVC	-1.149828e+03	-1.147245e+03	-3.700148e-01
2607          	warmPlate	1.256164e+03	1.261751e+03	3.700216e-01
2607          	OVC	-1.149828e+03	-1.147245e+03	-3.700148e-01
2608          	warmPlate	1.256164e+03	1.261751e+03	3.700216e-01
2608          	OVC	-1.149828e+03	-1.147245e+03	-3.700148e-01
2609          	warmPlate	1.256164e+03	1.261751e+03	3.700216e-01
2609          	OVC	-1.149828e+03	-1.147245e+03	-3.700148e-01
2610          	warmPlate	1.256164e+03	1.261751e+03	3.700216e-01
2610          	OVC	-1.149828e+03	-1.147245e+03	-3.700148e-01
2611          	warmPlate	1.256164e+03	1.261751e+03	3.700216e-01
2611          	OVC	-1.149828e+03	-1.147245e+03	-3.700148e-01
2612          	warmPlate	1.256164e+03	1.261751e+03	3.700216e-01
2612          	OVC	-1.149828e+03	-1.147245e+03	-3.700148e-01
2613          	warmPlate	1.256164e+03	1.261751e+03	3.700216e-01
2613          	OVC	-1.149828e+03	-1.147245e+03	-3.700148e-01
2614          	warmPlate	1.256164e+03	1.261751e+03	3.700216e-01
2614          	OVC	-1.149828e+03	-1.147245e+03	-3.700148e-01
2615          	warmPlate	1.256164e+03	1.261751e+03	3.700216e-01
2615          	OVC	-1.149828e+03	-1.147245e+03	-3.700148e-01
2616          	warmPlate	1.256164e+03	1.261751e+03	3.700216e-01
2616          	OVC	-1.149828e+03	-1.147245e+03	-3.700148e-01
2617          	warmPlate	1.256164e+03	1.261751e+03	3.700216e-01
2617          	OVC	-1.149828e+03	-1.147245e+03	-3.700148e-01
2618          	warmPlate	1.256164e+03	1.261751e+03	3.700216e-01
2618          	OVC	-1.149828e+03	-1.147245e+03	-3.700148e-01
2619          	warmPlate	1.256164e+03	1.261751e+03	3.700216e-01
2619          	OVC	-1.149828e+03	-1.147245e+03	-3.700148e-01
2620          	warmPlate	1.256164e+03	1.261751e+03	3.700216e-01
2620          	OVC	-1.149828e+03	-1.147245e+03	-3.700148e-01
2621          	warmPlate	1.256164e+03	1.261751e+03	3.700216e-01
2621          	OVC	-1.149828e+03	-1.147245e+03	-3.700148e-01
2622          	warmPlate	1.256164e+03	1.261751e+03	3.700216e-01
2622          	OVC	-1.149828e+03	-1.147245e+03	-3.700148e-01
2623          	warmPlate	1.256164e+03	1.261751e+03	3.700216e-01
2623          	OVC	-1.149828e+03	-1.147245e+03	-3.700148e-01
2624          	warmPlate	1.256164e+03	1.261751e+03	3.700216e-01
2624          	OVC	-1.149828e+03	-1.147245e+03	-3.700148e-01
2625          	warmPlate	1.256164e+03	1.261751e+03	3.700216e-01
2625          	OVC	-1.149828e+03	-1.147245e+03	-3.700148e-01
2626          	warmPlate	1.256164e+03	1.261751e+03	3.700216e-01
2626          	OVC	-1.149828e+03	-1.147245e+03	-3.700148e-01
2627          	warmPlate	1.256164e+03	1.261751e+03	3.700216e-01
2627          	OVC	-1.149828e+03	-1.147245e+03	-3.700148e-01
2628          	warmPlate	1.256164e+03	1.261751e+03	3.700216e-01
2628          	OVC	-1.149828e+03	-1.147245e+03	-3.700148e-01
2629          	warmPlate	1.256164e+03	1.261751e+03	3.700216e-01
2629          	OVC	-1.149828e+03	-1.147245e+03	-3.700148e-01
2630          	warmPlate	1.256164e+03	1.261751e+03	3.700216e-01
2630          	OVC	-1.149828e+03	-1.147245e+03	-3.700148e-01
2631          	warmPlate	1.256164e+03	1.261751e+03	3.700216e-01
2631          	OVC	-1.149828e+03	-1.147245e+03	-3.700148e-01
2632          	warmPlate	1.256164e+03	1.261751e+03	3.700216e-01
2632          	OVC	-1.149828e+03	-1.147245e+03	-3.700148e-01
2633          	warmPlate	1.256164e+03	1.261751e+03	3.700216e-01
2633          	OVC	-1.149828e+03	-1.147245e+03	-3.700148e-01
2634          	warmPlate	1.256164e+03	1.261751e+03	3.700216e-01
2634          	OVC	-1.149828e+03	-1.147245e+03	-3.700148e-01
2635          	warmPlate	1.256164e+03	1.261751e+03	3.700216e-01
2635          	OVC	-1.149828e+03	-1.147245e+03	-3.700148e-01
2636          	warmPlate	1.256164e+03	1.261751e+03	3.700216e-01
2636          	OVC	-1.149828e+03	-1.147245e+03	-3.700148e-01
2637          	warmPlate	1.256164e+03	1.261751e+03	3.700216e-01
2637          	OVC	-1.149828e+03	-1.147245e+03	-3.700148e-01
2638          	warmPlate	1.256164e+03	1.261751e+03	3.700216e-01
2638          	OVC	-1.149828e+03	-1.147245e+03	-3.700148e-01
2639          	warmPlate	1.256164e+03	1.261751e+03	3.700216e-01
2639          	OVC	-1.149828e+03	-1.147245e+03	-3.700148e-01
2640          	warmPlate	1.256164e+03	1.261751e+03	3.700216e-01
2640          	OVC	-1.149828e+03	-1.147245e+03	-3.700148e-01
2641          	warmPlate	1.256164e+03	1.261751e+03	3.700216e-01
2641          	OVC	-1.149828e+03	-1.147245e+03	-3.700148e-01
2642          	warmPlate	1.256164e+03	1.261751e+03	3.700216e-01
2642          	OVC	-1.149828e+03	-1.147245e+03	-3.700148e-01
2643          	warmPlate	1.256164e+03	1.261751e+03	3.700216e-01
2643          	OVC	-1.149828e+03	-1.147245e+03	-3.700148e-01
2644          	warmPlate	1.256164e+03	1.261751e+03	3.700216e-01
2644          	OVC	-1.149828e+03	-1.147245e+03	-3.700148e-01
2645          	warmPlate	1.256164e+03	1.261751e+03	3.700216e-01
2645          	OVC	-1.149828e+03	-1.147245e+03	-3.700148e-01
2646          	warmPlate	1.256164e+03	1.261751e+03	3.700216e-01
2646          	OVC	-1.149828e+03	-1.147245e+03	-3.700148e-01
2647          	warmPlate	1.256164e+03	1.261751e+03	3.700216e-01
2647          	OVC	-1.149828e+03	-1.147245e+03	-3.700148e-01
2648          	warmPlate	1.256164e+03	1.261751e+03	3.700216e-01
2648          	OVC	-1.149828e+03	-1.147245e+03	-3.700148e-01
2649          	warmPlate	1.256164e+03	1.261751e+03	3.700216e-01
2649          	OVC	-1.149828e+03	-1.147245e+03	-3.700148e-01
2650          	warmPlate	1.256164e+03	1.261751e+03	3.700216e-01
2650          	OVC	-1.149828e+03	-1.147245e+03	-3.700148e-01
2651          	warmPlate	1.256164e+03	1.261751e+03	3.700216e-01
2651          	OVC	-1.149828e+03	-1.147245e+03	-3.700148e-01
2652          	warmPlate	1.256164e+03	1.261751e+03	3.700216e-01
2652          	OVC	-1.149828e+03	-1.147245e+03	-3.700148e-01
2653          	warmPlate	1.256164e+03	1.261751e+03	3.700216e-01
2653          	OVC	-1.149828e+03	-1.147245e+03	-3.700148e-01
2654          	warmPlate	1.256164e+03	1.261751e+03	3.700216e-01
2654          	OVC	-1.149828e+03	-1.147245e+03	-3.700148e-01
2655          	warmPlate	1.256164e+03	1.261751e+03	3.700216e-01
2655          	OVC	-1.149828e+03	-1.147245e+03	-3.700148e-01
2656          	warmPlate	1.256164e+03	1.261751e+03	3.700216e-01
2656          	OVC	-1.149828e+03	-1.147245e+03	-3.700148e-01
2657          	warmPlate	1.256164e+03	1.261751e+03	3.700216e-01
2657          	OVC	-1.149828e+03	-1.147245e+03	-3.700148e-01
2658          	warmPlate	1.256164e+03	1.261751e+03	3.700216e-01
2658          	OVC	-1.149828e+03	-1.147245e+03	-3.700148e-01
2659          	warmPlate	1.256164e+03	1.261751e+03	3.700216e-01
2659          	OVC	-1.149828e+03	-1.147245e+03	-3.700148e-01
2660          	warmPlate	1.256164e+03	1.261751e+03	3.700216e-01
2660          	OVC	-1.149828e+03	-1.147245e+03	-3.700148e-01
2661          	warmPlate	1.256164e+03	1.261751e+03	3.700216e-01
2661          	OVC	-1.149828e+03	-1.147245e+03	-3.700148e-01
2662          	warmPlate	1.256164e+03	1.261751e+03	3.700216e-01
2662          	OVC	-1.149828e+03	-1.147245e+03	-3.700148e-01
2663          	warmPlate	1.256164e+03	1.261751e+03	3.700216e-01
2663          	OVC	-1.149828e+03	-1.147245e+03	-3.700148e-01
2664          	warmPlate	1.256164e+03	1.261751e+03	3.700216e-01
2664          	OVC	-1.149828e+03	-1.147245e+03	-3.700148e-01
2665          	warmPlate	1.256164e+03	1.261751e+03	3.700216e-01
2665          	OVC	-1.149828e+03	-1.147245e+03	-3.700148e-01
2666          	warmPlate	1.256164e+03	1.261751e+03	3.700216e-01
2666          	OVC	-1.149828e+03	-1.147245e+03	-3.700148e-01
2667          	warmPlate	1.256164e+03	1.261751e+03	3.700216e-01
2667          	OVC	-1.149828e+03	-1.147245e+03	-3.700148e-01
2668          	warmPlate	1.256164e+03	1.261751e+03	3.700216e-01
2668          	OVC	-1.149828e+03	-1.147245e+03	-3.700148e-01
2669          	warmPlate	1.256164e+03	1.261751e+03	3.700216e-01
2669          	OVC	-1.149828e+03	-1.147245e+03	-3.700148e-01
2670          	warmPlate	1.256164e+03	1.261751e+03	3.700216e-01
2670          	OVC	-1.149828e+03	-1.147245e+03	-3.700148e-01
2671          	warmPlate	1.256164e+03	1.261751e+03	3.700216e-01
2671          	OVC	-1.149828e+03	-1.147245e+03	-3.700148e-01
2672          	warmPlate	1.256164e+03	1.261751e+03	3.700216e-01
2672          	OVC	-1.149828e+03	-1.147245e+03	-3.700148e-01
2673          	warmPlate	1.256164e+03	1.261751e+03	3.700216e-01
2673          	OVC	-1.149828e+03	-1.147245e+03	-3.700148e-01
2674          	warmPlate	1.256164e+03	1.261751e+03	3.700216e-01
2674          	OVC	-1.149828e+03	-1.147245e+03	-3.700148e-01
2675          	warmPlate	1.256164e+03	1.261751e+03	3.700216e-01
2675          	OVC	-1.149828e+03	-1.147245e+03	-3.700148e-01
2676          	warmPlate	1.256164e+03	1.261751e+03	3.700216e-01
2676          	OVC	-1.149828e+03	-1.147245e+03	-3.700148e-01
2677          	warmPlate	1.256164e+03	1.261751e+03	3.700216e-01
2677          	OVC	-1.149828e+03	-1.147245e+03	-3.700148e-01
2678          	warmPlate	1.256164e+03	1.261751e+03	3.700216e-01
2678          	OVC	-1.149828e+03	-1.147245e+03	-3.700148e-01
2679          	warmPlate	1.256164e+03	1.261751e+03	3.700216e-01
2679          	OVC	-1.149828e+03	-1.147245e+03	-3.700148e-01
2680          	warmPlate	1.256164e+03	1.261751e+03	3.700216e-01
2680          	OVC	-1.149828e+03	-1.147245e+03	-3.700148e-01
2681          	warmPlate	1.256164e+03	1.261751e+03	3.700216e-01
2681          	OVC	-1.149828e+03	-1.147245e+03	-3.700148e-01
2682          	warmPlate	1.256164e+03	1.261751e+03	3.700216e-01
2682          	OVC	-1.149828e+03	-1.147245e+03	-3.700148e-01
2683          	warmPlate	1.256164e+03	1.261751e+03	3.700216e-01
2683          	OVC	-1.149828e+03	-1.147245e+03	-3.700148e-01
2684          	warmPlate	1.256164e+03	1.261751e+03	3.700216e-01
2684          	OVC	-1.149828e+03	-1.147245e+03	-3.700148e-01
2685          	warmPlate	1.256164e+03	1.261751e+03	3.700216e-01
2685          	OVC	-1.149828e+03	-1.147245e+03	-3.700148e-01
2686          	warmPlate	1.256164e+03	1.261751e+03	3.700216e-01
2686          	OVC	-1.149828e+03	-1.147245e+03	-3.700148e-01
2687          	warmPlate	1.256164e+03	1.261751e+03	3.700216e-01
2687          	OVC	-1.149828e+03	-1.147245e+03	-3.700148e-01
2688          	warmPlate	1.256164e+03	1.261751e+03	3.700216e-01
2688          	OVC	-1.149828e+03	-1.147245e+03	-3.700148e-01
2689          	warmPlate	1.256164e+03	1.261751e+03	3.700216e-01
2689          	OVC	-1.149828e+03	-1.147245e+03	-3.700148e-01
2690          	warmPlate	1.256164e+03	1.261751e+03	3.700216e-01
2690          	OVC	-1.149828e+03	-1.147245e+03	-3.700148e-01
2691          	warmPlate	1.256164e+03	1.261751e+03	3.700216e-01
2691          	OVC	-1.149828e+03	-1.147245e+03	-3.700148e-01
2692          	warmPlate	1.256164e+03	1.261751e+03	3.700216e-01
2692          	OVC	-1.149828e+03	-1.147245e+03	-3.700148e-01
2693          	warmPlate	1.256164e+03	1.261751e+03	3.700216e-01
2693          	OVC	-1.149828e+03	-1.147245e+03	-3.700148e-01
2694          	warmPlate	1.256164e+03	1.261751e+03	3.700216e-01
2694          	OVC	-1.149828e+03	-1.147245e+03	-3.700148e-01
2695          	warmPlate	1.256164e+03	1.261751e+03	3.700216e-01
2695          	OVC	-1.149828e+03	-1.147245e+03	-3.700148e-01
2696          	warmPlate	1.256164e+03	1.261751e+03	3.700216e-01
2696          	OVC	-1.149828e+03	-1.147245e+03	-3.700148e-01
2697          	warmPlate	1.256164e+03	1.261751e+03	3.700216e-01
2697          	OVC	-1.149828e+03	-1.147245e+03	-3.700148e-01
2698          	warmPlate	1.256164e+03	1.261751e+03	3.700216e-01
2698          	OVC	-1.149828e+03	-1.147245e+03	-3.700148e-01
2699          	warmPlate	1.256164e+03	1.261751e+03	3.700216e-01
2699          	OVC	-1.149828e+03	-1.147245e+03	-3.700148e-01
2700          	warmPlate	1.256164e+03	1.261751e+03	3.700216e-01
2700          	OVC	-1.149828e+03	-1.147245e+03	-3.700148e-01
2701          	warmPlate	1.256164e+03	1.261751e+03	3.700216e-01
2701          	OVC	-1.149828e+03	-1.147245e+03	-3.700148e-01
2702          	warmPlate	1.256164e+03	1.261751e+03	3.700216e-01
2702          	OVC	-1.149828e+03	-1.147245e+03	-3.700148e-01
2703          	warmPlate	1.256164e+03	1.261751e+03	3.700216e-01
2703          	OVC	-1.149828e+03	-1.147245e+03	-3.700148e-01
2704          	warmPlate	1.256164e+03	1.261751e+03	3.700216e-01
2704          	OVC	-1.149828e+03	-1.147245e+03	-3.700148e-01
2705          	warmPlate	1.256164e+03	1.261751e+03	3.700216e-01
2705          	OVC	-1.149828e+03	-1.147245e+03	-3.700148e-01
2706          	warmPlate	1.256164e+03	1.261751e+03	3.700216e-01
2706          	OVC	-1.149828e+03	-1.147245e+03	-3.700148e-01
2707          	warmPlate	1.256164e+03	1.261751e+03	3.700216e-01
2707          	OVC	-1.149828e+03	-1.147245e+03	-3.700148e-01
2708          	warmPlate	1.256164e+03	1.261751e+03	3.700216e-01
2708          	OVC	-1.149828e+03	-1.147245e+03	-3.700148e-01
2709          	warmPlate	1.256164e+03	1.261751e+03	3.700216e-01
2709          	OVC	-1.149828e+03	-1.147245e+03	-3.700148e-01
2710          	warmPlate	1.256164e+03	1.261751e+03	3.700216e-01
2710          	OVC	-1.149828e+03	-1.147245e+03	-3.700148e-01
2711          	warmPlate	1.256164e+03	1.261751e+03	3.700216e-01
2711          	OVC	-1.149828e+03	-1.147245e+03	-3.700148e-01
2712          	warmPlate	1.256164e+03	1.261751e+03	3.700216e-01
2712          	OVC	-1.149828e+03	-1.147245e+03	-3.700148e-01
2713          	warmPlate	1.256164e+03	1.261751e+03	3.700216e-01
2713          	OVC	-1.149828e+03	-1.147245e+03	-3.700148e-01
2714          	warmPlate	1.256164e+03	1.261751e+03	3.700216e-01
2714          	OVC	-1.149828e+03	-1.147245e+03	-3.700148e-01
2715          	warmPlate	1.256164e+03	1.261751e+03	3.700216e-01
2715          	OVC	-1.149828e+03	-1.147245e+03	-3.700148e-01
2716          	warmPlate	1.256164e+03	1.261751e+03	3.700216e-01
2716          	OVC	-1.149828e+03	-1.147245e+03	-3.700148e-01
2717          	warmPlate	1.256164e+03	1.261751e+03	3.700216e-01
2717          	OVC	-1.149828e+03	-1.147245e+03	-3.700148e-01
2718          	warmPlate	1.256164e+03	1.261751e+03	3.700216e-01
2718          	OVC	-1.149828e+03	-1.147245e+03	-3.700148e-01
2719          	warmPlate	1.256164e+03	1.261751e+03	3.700216e-01
2719          	OVC	-1.149828e+03	-1.147245e+03	-3.700148e-01
2720          	warmPlate	1.256164e+03	1.261751e+03	3.700216e-01
2720          	OVC	-1.149828e+03	-1.147245e+03	-3.700148e-01
2721          	warmPlate	1.256164e+03	1.261751e+03	3.700216e-01
2721          	OVC	-1.149828e+03	-1.147245e+03	-3.700148e-01
2722          	warmPlate	1.256164e+03	1.261751e+03	3.700216e-01
2722          	OVC	-1.149828e+03	-1.147245e+03	-3.700148e-01
2723          	warmPlate	1.256164e+03	1.261751e+03	3.700216e-01
2723          	OVC	-1.149828e+03	-1.147245e+03	-3.700148e-01
2724          	warmPlate	1.256164e+03	1.261751e+03	3.700216e-01
2724          	OVC	-1.149828e+03	-1.147245e+03	-3.700148e-01
2725          	warmPlate	1.256164e+03	1.261751e+03	3.700216e-01
2725          	OVC	-1.149828e+03	-1.147245e+03	-3.700148e-01
2726          	warmPlate	1.256164e+03	1.261751e+03	3.700216e-01
2726          	OVC	-1.149828e+03	-1.147245e+03	-3.700148e-01
2727          	warmPlate	1.256164e+03	1.261751e+03	3.700216e-01
2727          	OVC	-1.149828e+03	-1.147245e+03	-3.700148e-01
2728          	warmPlate	1.256164e+03	1.261751e+03	3.700216e-01
2728          	OVC	-1.149828e+03	-1.147245e+03	-3.700148e-01
2729          	warmPlate	1.256164e+03	1.261751e+03	3.700216e-01
2729          	OVC	-1.149828e+03	-1.147245e+03	-3.700148e-01
2730          	warmPlate	1.256164e+03	1.261751e+03	3.700216e-01
2730          	OVC	-1.149828e+03	-1.147245e+03	-3.700148e-01
2731          	warmPlate	1.256164e+03	1.261751e+03	3.700216e-01
2731          	OVC	-1.149828e+03	-1.147245e+03	-3.700148e-01
2732          	warmPlate	1.256164e+03	1.261751e+03	3.700216e-01
2732          	OVC	-1.149828e+03	-1.147245e+03	-3.700148e-01
2733          	warmPlate	1.256164e+03	1.261751e+03	3.700216e-01
2733          	OVC	-1.149828e+03	-1.147245e+03	-3.700148e-01
2734          	warmPlate	1.256164e+03	1.261751e+03	3.700216e-01
2734          	OVC	-1.149828e+03	-1.147245e+03	-3.700148e-01
2735          	warmPlate	1.256164e+03	1.261751e+03	3.700216e-01
2735          	OVC	-1.149828e+03	-1.147245e+03	-3.700148e-01
2736          	warmPlate	1.256164e+03	1.261751e+03	3.700216e-01
2736          	OVC	-1.149828e+03	-1.147245e+03	-3.700148e-01
2737          	warmPlate	1.256164e+03	1.261751e+03	3.700216e-01
2737          	OVC	-1.149828e+03	-1.147245e+03	-3.700148e-01
2738          	warmPlate	1.256164e+03	1.261751e+03	3.700216e-01
2738          	OVC	-1.149828e+03	-1.147245e+03	-3.700148e-01
2739          	warmPlate	1.256164e+03	1.261751e+03	3.700216e-01
2739          	OVC	-1.149828e+03	-1.147245e+03	-3.700148e-01
2740          	warmPlate	1.256164e+03	1.261751e+03	3.700216e-01
2740          	OVC	-1.149828e+03	-1.147245e+03	-3.700148e-01
2741          	warmPlate	1.256164e+03	1.261751e+03	3.700216e-01
2741          	OVC	-1.149828e+03	-1.147245e+03	-3.700148e-01
2742          	warmPlate	1.256164e+03	1.261751e+03	3.700216e-01
2742          	OVC	-1.149828e+03	-1.147245e+03	-3.700148e-01
2743          	warmPlate	1.256164e+03	1.261751e+03	3.700216e-01
2743          	OVC	-1.149828e+03	-1.147245e+03	-3.700148e-01
2744          	warmPlate	1.256164e+03	1.261751e+03	3.700216e-01
2744          	OVC	-1.149828e+03	-1.147245e+03	-3.700148e-01
2745          	warmPlate	1.256164e+03	1.261751e+03	3.700216e-01
2745          	OVC	-1.149828e+03	-1.147245e+03	-3.700148e-01
2746          	warmPlate	1.256164e+03	1.261751e+03	3.700216e-01
2746          	OVC	-1.149828e+03	-1.147245e+03	-3.700148e-01
2747          	warmPlate	1.256164e+03	1.261751e+03	3.700216e-01
2747          	OVC	-1.149828e+03	-1.147245e+03	-3.700148e-01
2748          	warmPlate	1.256164e+03	1.261751e+03	3.700216e-01
2748          	OVC	-1.149828e+03	-1.147245e+03	-3.700148e-01
2749          	warmPlate	1.256164e+03	1.261751e+03	3.700216e-01
2749          	OVC	-1.149828e+03	-1.147245e+03	-3.700148e-01
2750          	warmPlate	1.256164e+03	1.261751e+03	3.700216e-01
2750          	OVC	-1.149828e+03	-1.147245e+03	-3.700148e-01
2751          	warmPlate	1.256164e+03	1.261751e+03	3.700216e-01
2751          	OVC	-1.149828e+03	-1.147245e+03	-3.700148e-01
2752          	warmPlate	1.256164e+03	1.261751e+03	3.700216e-01
2752          	OVC	-1.149828e+03	-1.147245e+03	-3.700148e-01
2753          	warmPlate	1.256164e+03	1.261751e+03	3.700216e-01
2753          	OVC	-1.149828e+03	-1.147245e+03	-3.700148e-01
2754          	warmPlate	1.256164e+03	1.261751e+03	3.700216e-01
2754          	OVC	-1.149828e+03	-1.147245e+03	-3.700148e-01
2755          	warmPlate	1.256164e+03	1.261751e+03	3.700216e-01
2755          	OVC	-1.149828e+03	-1.147245e+03	-3.700148e-01
2756          	warmPlate	1.256164e+03	1.261751e+03	3.700216e-01
2756          	OVC	-1.149828e+03	-1.147245e+03	-3.700148e-01
2757          	warmPlate	1.256164e+03	1.261751e+03	3.700216e-01
2757          	OVC	-1.149828e+03	-1.147245e+03	-3.700148e-01
2758          	warmPlate	1.256164e+03	1.261751e+03	3.700216e-01
2758          	OVC	-1.149828e+03	-1.147245e+03	-3.700148e-01
2759          	warmPlate	1.256164e+03	1.261751e+03	3.700216e-01
2759          	OVC	-1.149828e+03	-1.147245e+03	-3.700148e-01
2760          	warmPlate	1.256164e+03	1.261751e+03	3.700216e-01
2760          	OVC	-1.149828e+03	-1.147245e+03	-3.700148e-01
2761          	warmPlate	1.256164e+03	1.261751e+03	3.700216e-01
2761          	OVC	-1.149828e+03	-1.147245e+03	-3.700148e-01
2762          	warmPlate	1.256164e+03	1.261751e+03	3.700216e-01
2762          	OVC	-1.149828e+03	-1.147245e+03	-3.700148e-01
2763          	warmPlate	1.256164e+03	1.261751e+03	3.700216e-01
2763          	OVC	-1.149828e+03	-1.147245e+03	-3.700148e-01
2764          	warmPlate	1.256164e+03	1.261751e+03	3.700216e-01
2764          	OVC	-1.149828e+03	-1.147245e+03	-3.700148e-01
2765          	warmPlate	1.256164e+03	1.261751e+03	3.700216e-01
2765          	OVC	-1.149828e+03	-1.147245e+03	-3.700148e-01
2766          	warmPlate	1.256164e+03	1.261751e+03	3.700216e-01
2766          	OVC	-1.149828e+03	-1.147245e+03	-3.700148e-01
2767          	warmPlate	1.256164e+03	1.261751e+03	3.700216e-01
2767          	OVC	-1.149828e+03	-1.147245e+03	-3.700148e-01
2768          	warmPlate	1.256164e+03	1.261751e+03	3.700216e-01
2768          	OVC	-1.149828e+03	-1.147245e+03	-3.700148e-01
2769          	warmPlate	1.256164e+03	1.261751e+03	3.700216e-01
2769          	OVC	-1.149828e+03	-1.147245e+03	-3.700148e-01
2770          	warmPlate	1.256164e+03	1.261751e+03	3.700216e-01
2770          	OVC	-1.149828e+03	-1.147245e+03	-3.700148e-01
2771          	warmPlate	1.256164e+03	1.261751e+03	3.700216e-01
2771          	OVC	-1.149828e+03	-1.147245e+03	-3.700148e-01
2772          	warmPlate	1.256164e+03	1.261751e+03	3.700216e-01
2772          	OVC	-1.149828e+03	-1.147245e+03	-3.700148e-01
2773          	warmPlate	1.256164e+03	1.261751e+03	3.700216e-01
2773          	OVC	-1.149828e+03	-1.147245e+03	-3.700148e-01
2774          	warmPlate	1.256164e+03	1.261751e+03	3.700216e-01
2774          	OVC	-1.149828e+03	-1.147245e+03	-3.700148e-01
2775          	warmPlate	1.256164e+03	1.261751e+03	3.700216e-01
2775          	OVC	-1.149828e+03	-1.147245e+03	-3.700148e-01
2776          	warmPlate	1.256164e+03	1.261751e+03	3.700216e-01
2776          	OVC	-1.149828e+03	-1.147245e+03	-3.700148e-01
2777          	warmPlate	1.256164e+03	1.261751e+03	3.700216e-01
2777          	OVC	-1.149828e+03	-1.147245e+03	-3.700148e-01
2778          	warmPlate	1.256164e+03	1.261751e+03	3.700216e-01
2778          	OVC	-1.149828e+03	-1.147245e+03	-3.700148e-01
2779          	warmPlate	1.256164e+03	1.261751e+03	3.700216e-01
2779          	OVC	-1.149828e+03	-1.147245e+03	-3.700148e-01
2780          	warmPlate	1.256164e+03	1.261751e+03	3.700216e-01
2780          	OVC	-1.149828e+03	-1.147245e+03	-3.700148e-01
2781          	warmPlate	1.256164e+03	1.261751e+03	3.700216e-01
2781          	OVC	-1.149828e+03	-1.147245e+03	-3.700148e-01
2782          	warmPlate	1.256164e+03	1.261751e+03	3.700216e-01
2782          	OVC	-1.149828e+03	-1.147245e+03	-3.700148e-01
2783          	warmPlate	1.256164e+03	1.261751e+03	3.700216e-01
2783          	OVC	-1.149828e+03	-1.147245e+03	-3.700148e-01
2784          	warmPlate	1.256164e+03	1.261751e+03	3.700216e-01
2784          	OVC	-1.149828e+03	-1.147245e+03	-3.700148e-01
2785          	warmPlate	1.256164e+03	1.261751e+03	3.700216e-01
2785          	OVC	-1.149828e+03	-1.147245e+03	-3.700148e-01
2786          	warmPlate	1.256164e+03	1.261751e+03	3.700216e-01
2786          	OVC	-1.149828e+03	-1.147245e+03	-3.700148e-01
2787          	warmPlate	1.256164e+03	1.261751e+03	3.700216e-01
2787          	OVC	-1.149828e+03	-1.147245e+03	-3.700148e-01
2788          	warmPlate	1.256164e+03	1.261751e+03	3.700216e-01
2788          	OVC	-1.149828e+03	-1.147245e+03	-3.700148e-01
2789          	warmPlate	1.256164e+03	1.261751e+03	3.700216e-01
2789          	OVC	-1.149828e+03	-1.147245e+03	-3.700148e-01
2790          	warmPlate	1.256164e+03	1.261751e+03	3.700216e-01
2790          	OVC	-1.149828e+03	-1.147245e+03	-3.700148e-01
2791          	warmPlate	1.256164e+03	1.261751e+03	3.700216e-01
2791          	OVC	-1.149828e+03	-1.147245e+03	-3.700148e-01
2792          	warmPlate	1.256164e+03	1.261751e+03	3.700216e-01
2792          	OVC	-1.149828e+03	-1.147245e+03	-3.700148e-01
2793          	warmPlate	1.256164e+03	1.261751e+03	3.700216e-01
2793          	OVC	-1.149828e+03	-1.147245e+03	-3.700148e-01
2794          	warmPlate	1.256164e+03	1.261751e+03	3.700216e-01
2794          	OVC	-1.149828e+03	-1.147245e+03	-3.700148e-01
2795          	warmPlate	1.256164e+03	1.261751e+03	3.700216e-01
2795          	OVC	-1.149828e+03	-1.147245e+03	-3.700148e-01
2796          	warmPlate	1.256164e+03	1.261751e+03	3.700216e-01
2796          	OVC	-1.149828e+03	-1.147245e+03	-3.700148e-01
2797          	warmPlate	1.256164e+03	1.261751e+03	3.700216e-01
2797          	OVC	-1.149828e+03	-1.147245e+03	-3.700148e-01
2798          	warmPlate	1.256164e+03	1.261751e+03	3.700216e-01
2798          	OVC	-1.149828e+03	-1.147245e+03	-3.700148e-01
2799          	warmPlate	1.256164e+03	1.261751e+03	3.700216e-01
2799          	OVC	-1.149828e+03	-1.147245e+03	-3.700148e-01
2800          	warmPlate	1.256164e+03	1.261751e+03	3.700216e-01
2800          	OVC	-1.149828e+03	-1.147245e+03	-3.700148e-01
2801          	warmPlate	1.256164e+03	1.261751e+03	3.700216e-01
2801          	OVC	-1.149828e+03	-1.147245e+03	-3.700148e-01
2802          	warmPlate	1.256164e+03	1.261751e+03	3.700216e-01
2802          	OVC	-1.149828e+03	-1.147245e+03	-3.700148e-01
2803          	warmPlate	1.256164e+03	1.261751e+03	3.700216e-01
2803          	OVC	-1.149828e+03	-1.147245e+03	-3.700148e-01
2804          	warmPlate	1.256164e+03	1.261751e+03	3.700216e-01
2804          	OVC	-1.149828e+03	-1.147245e+03	-3.700148e-01
2805          	warmPlate	1.256164e+03	1.261751e+03	3.700216e-01
2805          	OVC	-1.149828e+03	-1.147245e+03	-3.700148e-01
2806          	warmPlate	1.256164e+03	1.261751e+03	3.700216e-01
2806          	OVC	-1.149828e+03	-1.147245e+03	-3.700148e-01
2807          	warmPlate	1.256164e+03	1.261751e+03	3.700216e-01
2807          	OVC	-1.149828e+03	-1.147245e+03	-3.700148e-01
2808          	warmPlate	1.256164e+03	1.261751e+03	3.700216e-01
2808          	OVC	-1.149828e+03	-1.147245e+03	-3.700148e-01
2809          	warmPlate	1.256164e+03	1.261751e+03	3.700216e-01
2809          	OVC	-1.149828e+03	-1.147245e+03	-3.700148e-01
2810          	warmPlate	1.256164e+03	1.261751e+03	3.700216e-01
2810          	OVC	-1.149828e+03	-1.147245e+03	-3.700148e-01
2811          	warmPlate	1.256164e+03	1.261751e+03	3.700216e-01
2811          	OVC	-1.149828e+03	-1.147245e+03	-3.700148e-01
2812          	warmPlate	1.256164e+03	1.261751e+03	3.700216e-01
2812          	OVC	-1.149828e+03	-1.147245e+03	-3.700148e-01
2813          	warmPlate	1.256164e+03	1.261751e+03	3.700216e-01
2813          	OVC	-1.149828e+03	-1.147245e+03	-3.700148e-01
2814          	warmPlate	1.256164e+03	1.261751e+03	3.700216e-01
2814          	OVC	-1.149828e+03	-1.147245e+03	-3.700148e-01
2815          	warmPlate	1.256164e+03	1.261751e+03	3.700216e-01
2815          	OVC	-1.149828e+03	-1.147245e+03	-3.700148e-01
2816          	warmPlate	1.256164e+03	1.261751e+03	3.700216e-01
2816          	OVC	-1.149828e+03	-1.147245e+03	-3.700148e-01
2817          	warmPlate	1.256164e+03	1.261751e+03	3.700216e-01
2817          	OVC	-1.149828e+03	-1.147245e+03	-3.700148e-01
2818          	warmPlate	1.256164e+03	1.261751e+03	3.700216e-01
2818          	OVC	-1.149828e+03	-1.147245e+03	-3.700148e-01
2819          	warmPlate	1.256164e+03	1.261751e+03	3.700216e-01
2819          	OVC	-1.149828e+03	-1.147245e+03	-3.700148e-01
2820          	warmPlate	1.256164e+03	1.261751e+03	3.700216e-01
2820          	OVC	-1.149828e+03	-1.147245e+03	-3.700148e-01
2821          	warmPlate	1.256164e+03	1.261751e+03	3.700216e-01
2821          	OVC	-1.149828e+03	-1.147245e+03	-3.700148e-01
2822          	warmPlate	1.256164e+03	1.261751e+03	3.700216e-01
2822          	OVC	-1.149828e+03	-1.147245e+03	-3.700148e-01
2823          	warmPlate	1.256164e+03	1.261751e+03	3.700216e-01
2823          	OVC	-1.149828e+03	-1.147245e+03	-3.700148e-01
2824          	warmPlate	1.256164e+03	1.261751e+03	3.700216e-01
2824          	OVC	-1.149828e+03	-1.147245e+03	-3.700148e-01
2825          	warmPlate	1.256164e+03	1.261751e+03	3.700216e-01
2825          	OVC	-1.149828e+03	-1.147245e+03	-3.700148e-01
2826          	warmPlate	1.256164e+03	1.261751e+03	3.700216e-01
2826          	OVC	-1.149828e+03	-1.147245e+03	-3.700148e-01
2827          	warmPlate	1.256164e+03	1.261751e+03	3.700216e-01
2827          	OVC	-1.149828e+03	-1.147245e+03	-3.700148e-01
2828          	warmPlate	1.256164e+03	1.261751e+03	3.700216e-01
2828          	OVC	-1.149828e+03	-1.147245e+03	-3.700148e-01
2829          	warmPlate	1.256164e+03	1.261751e+03	3.700216e-01
2829          	OVC	-1.149828e+03	-1.147245e+03	-3.700148e-01
2830          	warmPlate	1.256164e+03	1.261751e+03	3.700216e-01
2830          	OVC	-1.149828e+03	-1.147245e+03	-3.700148e-01
2831          	warmPlate	1.256164e+03	1.261751e+03	3.700216e-01
2831          	OVC	-1.149828e+03	-1.147245e+03	-3.700148e-01
2832          	warmPlate	1.256164e+03	1.261751e+03	3.700216e-01
2832          	OVC	-1.149828e+03	-1.147245e+03	-3.700148e-01
2833          	warmPlate	1.256164e+03	1.261751e+03	3.700216e-01
2833          	OVC	-1.149828e+03	-1.147245e+03	-3.700148e-01
2834          	warmPlate	1.256164e+03	1.261751e+03	3.700216e-01
2834          	OVC	-1.149828e+03	-1.147245e+03	-3.700148e-01
2835          	warmPlate	1.256164e+03	1.261751e+03	3.700216e-01
2835          	OVC	-1.149828e+03	-1.147245e+03	-3.700148e-01
2836          	warmPlate	1.256164e+03	1.261751e+03	3.700216e-01
2836          	OVC	-1.149828e+03	-1.147245e+03	-3.700148e-01
2837          	warmPlate	1.256164e+03	1.261751e+03	3.700216e-01
2837          	OVC	-1.149828e+03	-1.147245e+03	-3.700148e-01
2838          	warmPlate	1.256164e+03	1.261751e+03	3.700216e-01
2838          	OVC	-1.149828e+03	-1.147245e+03	-3.700148e-01
2839          	warmPlate	1.256164e+03	1.261751e+03	3.700216e-01
2839          	OVC	-1.149828e+03	-1.147245e+03	-3.700148e-01
2840          	warmPlate	1.256164e+03	1.261751e+03	3.700216e-01
2840          	OVC	-1.149828e+03	-1.147245e+03	-3.700148e-01
2841          	warmPlate	1.256164e+03	1.261751e+03	3.700216e-01
2841          	OVC	-1.149828e+03	-1.147245e+03	-3.700148e-01
2842          	warmPlate	1.256164e+03	1.261751e+03	3.700216e-01
2842          	OVC	-1.149828e+03	-1.147245e+03	-3.700148e-01
2843          	warmPlate	1.256164e+03	1.261751e+03	3.700216e-01
2843          	OVC	-1.149828e+03	-1.147245e+03	-3.700148e-01
2844          	warmPlate	1.256164e+03	1.261751e+03	3.700216e-01
2844          	OVC	-1.149828e+03	-1.147245e+03	-3.700148e-01
2845          	warmPlate	1.256164e+03	1.261751e+03	3.700216e-01
2845          	OVC	-1.149828e+03	-1.147245e+03	-3.700148e-01
2846          	warmPlate	1.256164e+03	1.261751e+03	3.700216e-01
2846          	OVC	-1.149828e+03	-1.147245e+03	-3.700148e-01
2847          	warmPlate	1.256164e+03	1.261751e+03	3.700216e-01
2847          	OVC	-1.149828e+03	-1.147245e+03	-3.700148e-01
2848          	warmPlate	1.256164e+03	1.261751e+03	3.700216e-01
2848          	OVC	-1.149828e+03	-1.147245e+03	-3.700148e-01
2849          	warmPlate	1.256164e+03	1.261751e+03	3.700216e-01
2849          	OVC	-1.149828e+03	-1.147245e+03	-3.700148e-01
2850          	warmPlate	1.256164e+03	1.261751e+03	3.700216e-01
2850          	OVC	-1.149828e+03	-1.147245e+03	-3.700148e-01
2851          	warmPlate	1.256164e+03	1.261751e+03	3.700216e-01
2851          	OVC	-1.149828e+03	-1.147245e+03	-3.700148e-01
2852          	warmPlate	1.256164e+03	1.261751e+03	3.700216e-01
2852          	OVC	-1.149828e+03	-1.147245e+03	-3.700148e-01
2853          	warmPlate	1.256164e+03	1.261751e+03	3.700216e-01
2853          	OVC	-1.149828e+03	-1.147245e+03	-3.700148e-01
2854          	warmPlate	1.256164e+03	1.261751e+03	3.700216e-01
2854          	OVC	-1.149828e+03	-1.147245e+03	-3.700148e-01
2855          	warmPlate	1.256164e+03	1.261751e+03	3.700216e-01
2855          	OVC	-1.149828e+03	-1.147245e+03	-3.700148e-01
2856          	warmPlate	1.256164e+03	1.261751e+03	3.700216e-01
2856          	OVC	-1.149828e+03	-1.147245e+03	-3.700148e-01
2857          	warmPlate	1.256164e+03	1.261751e+03	3.700216e-01
2857          	OVC	-1.149828e+03	-1.147245e+03	-3.700148e-01
2858          	warmPlate	1.256164e+03	1.261751e+03	3.700216e-01
2858          	OVC	-1.149828e+03	-1.147245e+03	-3.700148e-01
2859          	warmPlate	1.256164e+03	1.261751e+03	3.700216e-01
2859          	OVC	-1.149828e+03	-1.147245e+03	-3.700148e-01
2860          	warmPlate	1.256164e+03	1.261751e+03	3.700216e-01
2860          	OVC	-1.149828e+03	-1.147245e+03	-3.700148e-01
2861          	warmPlate	1.256164e+03	1.261751e+03	3.700216e-01
2861          	OVC	-1.149828e+03	-1.147245e+03	-3.700148e-01
2862          	warmPlate	1.256164e+03	1.261751e+03	3.700216e-01
2862          	OVC	-1.149828e+03	-1.147245e+03	-3.700148e-01
2863          	warmPlate	1.256164e+03	1.261751e+03	3.700216e-01
2863          	OVC	-1.149828e+03	-1.147245e+03	-3.700148e-01
2864          	warmPlate	1.256164e+03	1.261751e+03	3.700216e-01
2864          	OVC	-1.149828e+03	-1.147245e+03	-3.700148e-01
2865          	warmPlate	1.256164e+03	1.261751e+03	3.700216e-01
2865          	OVC	-1.149828e+03	-1.147245e+03	-3.700148e-01
2866          	warmPlate	1.256164e+03	1.261751e+03	3.700216e-01
2866          	OVC	-1.149828e+03	-1.147245e+03	-3.700148e-01
2867          	warmPlate	1.256164e+03	1.261751e+03	3.700216e-01
2867          	OVC	-1.149828e+03	-1.147245e+03	-3.700148e-01
2868          	warmPlate	1.256164e+03	1.261751e+03	3.700216e-01
2868          	OVC	-1.149828e+03	-1.147245e+03	-3.700148e-01
2869          	warmPlate	1.256164e+03	1.261751e+03	3.700216e-01
2869          	OVC	-1.149828e+03	-1.147245e+03	-3.700148e-01
2870          	warmPlate	1.256164e+03	1.261751e+03	3.700216e-01
2870          	OVC	-1.149828e+03	-1.147245e+03	-3.700148e-01
2871          	warmPlate	1.256164e+03	1.261751e+03	3.700216e-01
2871          	OVC	-1.149828e+03	-1.147245e+03	-3.700148e-01
2872          	warmPlate	1.256164e+03	1.261751e+03	3.700216e-01
2872          	OVC	-1.149828e+03	-1.147245e+03	-3.700148e-01
2873          	warmPlate	1.256164e+03	1.261751e+03	3.700216e-01
2873          	OVC	-1.149828e+03	-1.147245e+03	-3.700148e-01
2874          	warmPlate	1.256164e+03	1.261751e+03	3.700216e-01
2874          	OVC	-1.149828e+03	-1.147245e+03	-3.700148e-01
2875          	warmPlate	1.256164e+03	1.261751e+03	3.700216e-01
2875          	OVC	-1.149828e+03	-1.147245e+03	-3.700148e-01
2876          	warmPlate	1.256164e+03	1.261751e+03	3.700216e-01
2876          	OVC	-1.149828e+03	-1.147245e+03	-3.700148e-01
2877          	warmPlate	1.256164e+03	1.261751e+03	3.700216e-01
2877          	OVC	-1.149828e+03	-1.147245e+03	-3.700148e-01
2878          	warmPlate	1.256164e+03	1.261751e+03	3.700216e-01
2878          	OVC	-1.149828e+03	-1.147245e+03	-3.700148e-01
2879          	warmPlate	1.256164e+03	1.261751e+03	3.700216e-01
2879          	OVC	-1.149828e+03	-1.147245e+03	-3.700148e-01
2880          	warmPlate	1.256164e+03	1.261751e+03	3.700216e-01
2880          	OVC	-1.149828e+03	-1.147245e+03	-3.700148e-01
2881          	warmPlate	1.256164e+03	1.261751e+03	3.700216e-01
2881          	OVC	-1.149828e+03	-1.147245e+03	-3.700148e-01
2882          	warmPlate	1.256164e+03	1.261751e+03	3.700216e-01
2882          	OVC	-1.149828e+03	-1.147245e+03	-3.700148e-01
2883          	warmPlate	1.256164e+03	1.261751e+03	3.700216e-01
2883          	OVC	-1.149828e+03	-1.147245e+03	-3.700148e-01
2884          	warmPlate	1.256164e+03	1.261751e+03	3.700216e-01
2884          	OVC	-1.149828e+03	-1.147245e+03	-3.700148e-01
2885          	warmPlate	1.256164e+03	1.261751e+03	3.700216e-01
2885          	OVC	-1.149828e+03	-1.147245e+03	-3.700148e-01
2886          	warmPlate	1.256164e+03	1.261751e+03	3.700216e-01
2886          	OVC	-1.149828e+03	-1.147245e+03	-3.700148e-01
2887          	warmPlate	1.256164e+03	1.261751e+03	3.700216e-01
2887          	OVC	-1.149828e+03	-1.147245e+03	-3.700148e-01
2888          	warmPlate	1.256164e+03	1.261751e+03	3.700216e-01
2888          	OVC	-1.149828e+03	-1.147245e+03	-3.700148e-01
2889          	warmPlate	1.256164e+03	1.261751e+03	3.700216e-01
2889          	OVC	-1.149828e+03	-1.147245e+03	-3.700148e-01
2890          	warmPlate	1.256164e+03	1.261751e+03	3.700216e-01
2890          	OVC	-1.149828e+03	-1.147245e+03	-3.700148e-01
2891          	warmPlate	1.256164e+03	1.261751e+03	3.700216e-01
2891          	OVC	-1.149828e+03	-1.147245e+03	-3.700148e-01
2892          	warmPlate	1.256164e+03	1.261751e+03	3.700216e-01
2892          	OVC	-1.149828e+03	-1.147245e+03	-3.700148e-01
2893          	warmPlate	1.256164e+03	1.261751e+03	3.700216e-01
2893          	OVC	-1.149828e+03	-1.147245e+03	-3.700148e-01
2894          	warmPlate	1.256164e+03	1.261751e+03	3.700216e-01
2894          	OVC	-1.149828e+03	-1.147245e+03	-3.700148e-01
2895          	warmPlate	1.256164e+03	1.261751e+03	3.700216e-01
2895          	OVC	-1.149828e+03	-1.147245e+03	-3.700148e-01
2896          	warmPlate	1.256164e+03	1.261751e+03	3.700216e-01
2896          	OVC	-1.149828e+03	-1.147245e+03	-3.700148e-01
2897          	warmPlate	1.256164e+03	1.261751e+03	3.700216e-01
2897          	OVC	-1.149828e+03	-1.147245e+03	-3.700148e-01
2898          	warmPlate	1.256164e+03	1.261751e+03	3.700216e-01
2898          	OVC	-1.149828e+03	-1.147245e+03	-3.700148e-01
2899          	warmPlate	1.256164e+03	1.261751e+03	3.700216e-01
2899          	OVC	-1.149828e+03	-1.147245e+03	-3.700148e-01
2900          	warmPlate	1.256164e+03	1.261751e+03	3.700216e-01
2900          	OVC	-1.149828e+03	-1.147245e+03	-3.700148e-01
