# Wall heat-flux
# Time        	patch         	min           	max           	integral      
1             	warmPlate	3.472381e+03	3.695648e+03	1.055203e+00
1             	OVC	-2.830338e+03	-2.700778e+03	-8.877741e-01
2             	warmPlate	2.116318e+03	2.164886e+03	6.297987e-01
2             	OVC	-1.653518e+03	-1.620216e+03	-5.261567e-01
3             	warmPlate	1.644694e+03	1.666432e+03	4.867961e-01
3             	OVC	-1.241402e+03	-1.228340e+03	-3.972610e-01
4             	warmPlate	1.390375e+03	1.404559e+03	4.108209e-01
4             	OVC	-1.032323e+03	-1.024735e+03	-3.311068e-01
5             	warmPlate	1.226026e+03	1.236577e+03	3.619398e-01
5             	OVC	-9.020971e+02	-8.969203e+02	-2.896731e-01
6             	warmPlate	1.108757e+03	1.117181e+03	3.271395e-01
6             	OVC	-8.111094e+02	-8.072354e+02	-2.606359e-01
7             	warmPlate	1.019707e+03	1.026740e+03	3.007503e-01
7             	OVC	-7.428406e+02	-7.397650e+02	-2.388080e-01
8             	warmPlate	9.490599e+02	9.551844e+02	2.798553e-01
8             	OVC	-6.890801e+02	-6.865371e+02	-2.215967e-01
9             	warmPlate	8.905356e+02	8.958525e+02	2.625514e-01
9             	OVC	-6.447832e+02	-6.426178e+02	-2.074029e-01
10            	warmPlate	8.409111e+02	8.457061e+02	2.478931e-01
10            	OVC	-6.072616e+02	-6.053762e+02	-1.953709e-01
11            	warmPlate	7.987114e+02	8.031257e+02	2.354368e-01
11            	OVC	-5.752979e+02	-5.736321e+02	-1.851151e-01
12            	warmPlate	7.622691e+02	7.663742e+02	2.246824e-01
12            	OVC	-5.476326e+02	-5.461408e+02	-1.762346e-01
13            	warmPlate	7.303872e+02	7.342341e+02	2.152751e-01
13            	OVC	-5.233727e+02	-5.220218e+02	-1.684447e-01
14            	warmPlate	7.021894e+02	7.058169e+02	2.069560e-01
14            	OVC	-5.018899e+02	-5.006354e+02	-1.615380e-01
15            	warmPlate	6.770182e+02	6.804568e+02	1.995305e-01
15            	OVC	-4.826863e+02	-4.815027e+02	-1.553598e-01
16            	warmPlate	6.543696e+02	6.576436e+02	1.928498e-01
16            	OVC	-4.653789e+02	-4.642569e+02	-1.497914e-01
17            	warmPlate	6.338498e+02	6.369789e+02	1.867976e-01
17            	OVC	-4.496791e+02	-4.486113e+02	-1.447401e-01
18            	warmPlate	6.151463e+02	6.181589e+02	1.812814e-01
18            	OVC	-4.353575e+02	-4.343379e+02	-1.401320e-01
19            	warmPlate	5.980078e+02	6.009223e+02	1.762271e-01
19            	OVC	-4.222292e+02	-4.212526e+02	-1.359077e-01
20            	warmPlate	5.822293e+02	5.850546e+02	1.715742e-01
20            	OVC	-4.101427e+02	-4.092049e+02	-1.320186e-01
21            	warmPlate	5.676422e+02	5.703858e+02	1.672728e-01
21            	OVC	-3.989732e+02	-3.980704e+02	-1.284244e-01
22            	warmPlate	5.541063e+02	5.567747e+02	1.632815e-01
22            	OVC	-3.886163e+02	-3.877455e+02	-1.250916e-01
23            	warmPlate	5.415038e+02	5.441029e+02	1.595656e-01
23            	OVC	-3.789844e+02	-3.781428e+02	-1.219921e-01
24            	warmPlate	5.297354e+02	5.322703e+02	1.560958e-01
24            	OVC	-3.700030e+02	-3.691883e+02	-1.191019e-01
25            	warmPlate	5.187165e+02	5.211916e+02	1.528471e-01
25            	OVC	-3.616087e+02	-3.608188e+02	-1.164006e-01
26            	warmPlate	5.083744e+02	5.107937e+02	1.497980e-01
26            	OVC	-3.537470e+02	-3.529800e+02	-1.138706e-01
27            	warmPlate	4.986465e+02	5.010136e+02	1.469300e-01
27            	OVC	-3.463706e+02	-3.456249e+02	-1.114968e-01
28            	warmPlate	4.894784e+02	4.917967e+02	1.442272e-01
28            	OVC	-3.394385e+02	-3.387127e+02	-1.092659e-01
29            	warmPlate	4.808229e+02	4.830952e+02	1.416755e-01
29            	OVC	-3.329150e+02	-3.322076e+02	-1.071665e-01
30            	warmPlate	4.726383e+02	4.748673e+02	1.392627e-01
30            	OVC	-3.267684e+02	-3.260784e+02	-1.051884e-01
31            	warmPlate	4.648878e+02	4.670760e+02	1.369780e-01
31            	OVC	-3.209709e+02	-3.202971e+02	-1.033226e-01
32            	warmPlate	4.575391e+02	4.596886e+02	1.348116e-01
32            	OVC	-3.154977e+02	-3.148392e+02	-1.015612e-01
33            	warmPlate	4.505630e+02	4.526760e+02	1.327552e-01
33            	OVC	-3.103316e+02	-3.096827e+02	-9.989709e-02
34            	warmPlate	4.439337e+02	4.460121e+02	1.308010e-01
34            	OVC	-3.054479e+02	-3.048077e+02	-9.832383e-02
35            	warmPlate	4.376278e+02	4.396734e+02	1.289422e-01
35            	OVC	-3.008284e+02	-3.001964e+02	-9.683568e-02
36            	warmPlate	4.316244e+02	4.336388e+02	1.271725e-01
36            	OVC	-2.964569e+02	-2.958326e+02	-9.542742e-02
37            	warmPlate	4.259043e+02	4.278891e+02	1.254864e-01
37            	OVC	-2.923187e+02	-2.917017e+02	-9.409431e-02
38            	warmPlate	4.204503e+02	4.224068e+02	1.238788e-01
38            	OVC	-2.884001e+02	-2.877901e+02	-9.283199e-02
39            	warmPlate	4.152464e+02	4.171761e+02	1.223448e-01
39            	OVC	-2.846889e+02	-2.840856e+02	-9.163647e-02
40            	warmPlate	4.102781e+02	4.121822e+02	1.208804e-01
40            	OVC	-2.811737e+02	-2.805766e+02	-9.050407e-02
41            	warmPlate	4.055320e+02	4.074117e+02	1.194814e-01
41            	OVC	-2.778438e+02	-2.772527e+02	-8.943139e-02
42            	warmPlate	4.009959e+02	4.028523e+02	1.181444e-01
42            	OVC	-2.746895e+02	-2.741040e+02	-8.841526e-02
43            	warmPlate	3.966583e+02	3.984925e+02	1.168658e-01
43            	OVC	-2.717016e+02	-2.711214e+02	-8.745274e-02
44            	warmPlate	3.925087e+02	3.943215e+02	1.156427e-01
44            	OVC	-2.688716e+02	-2.682965e+02	-8.654108e-02
45            	warmPlate	3.885370e+02	3.903296e+02	1.144721e-01
45            	OVC	-2.661914e+02	-2.656211e+02	-8.567771e-02
46            	warmPlate	3.847343e+02	3.865074e+02	1.133512e-01
46            	OVC	-2.636537e+02	-2.630879e+02	-8.486019e-02
47            	warmPlate	3.810919e+02	3.828464e+02	1.122776e-01
47            	OVC	-2.612512e+02	-2.606897e+02	-8.408626e-02
48            	warmPlate	3.776018e+02	3.793385e+02	1.112489e-01
48            	OVC	-2.589774e+02	-2.584200e+02	-8.335378e-02
49            	warmPlate	3.742564e+02	3.759761e+02	1.102628e-01
49            	OVC	-2.568260e+02	-2.562724e+02	-8.266071e-02
50            	warmPlate	3.710487e+02	3.727520e+02	1.093174e-01
50            	OVC	-2.547910e+02	-2.542410e+02	-8.200514e-02
51            	warmPlate	3.679720e+02	3.696596e+02	1.084105e-01
51            	OVC	-2.528668e+02	-2.523202e+02	-8.138525e-02
52            	warmPlate	3.650200e+02	3.666926e+02	1.075404e-01
52            	OVC	-2.510480e+02	-2.505047e+02	-8.079933e-02
53            	warmPlate	3.621868e+02	3.638451e+02	1.067054e-01
53            	OVC	-2.493296e+02	-2.487894e+02	-8.024574e-02
54            	warmPlate	3.594668e+02	3.611113e+02	1.059037e-01
54            	OVC	-2.477068e+02	-2.471694e+02	-7.972294e-02
55            	warmPlate	3.568547e+02	3.584860e+02	1.051338e-01
55            	OVC	-2.461750e+02	-2.456403e+02	-7.922945e-02
56            	warmPlate	3.543456e+02	3.559642e+02	1.043943e-01
56            	OVC	-2.447298e+02	-2.441977e+02	-7.876386e-02
57            	warmPlate	3.519347e+02	3.535410e+02	1.036837e-01
57            	OVC	-2.433671e+02	-2.428374e+02	-7.832484e-02
58            	warmPlate	3.496174e+02	3.512121e+02	1.030007e-01
58            	OVC	-2.420830e+02	-2.415555e+02	-7.791113e-02
59            	warmPlate	3.473896e+02	3.489731e+02	1.023441e-01
59            	OVC	-2.408736e+02	-2.403482e+02	-7.752151e-02
60            	warmPlate	3.452472e+02	3.468198e+02	1.017126e-01
60            	OVC	-2.397355e+02	-2.392121e+02	-7.715482e-02
61            	warmPlate	3.431864e+02	3.447486e+02	1.011052e-01
61            	OVC	-2.386651e+02	-2.381436e+02	-7.680998e-02
62            	warmPlate	3.412035e+02	3.427557e+02	1.005208e-01
62            	OVC	-2.376593e+02	-2.371396e+02	-7.648592e-02
63            	warmPlate	3.392950e+02	3.408376e+02	9.995832e-02
63            	OVC	-2.367150e+02	-2.361968e+02	-7.618166e-02
64            	warmPlate	3.374576e+02	3.389910e+02	9.941680e-02
64            	OVC	-2.358291e+02	-2.353125e+02	-7.589623e-02
65            	warmPlate	3.356883e+02	3.372128e+02	9.889532e-02
65            	OVC	-2.349989e+02	-2.344837e+02	-7.562872e-02
66            	warmPlate	3.339840e+02	3.354999e+02	9.839301e-02
66            	OVC	-2.342216e+02	-2.337077e+02	-7.537828e-02
67            	warmPlate	3.323419e+02	3.338495e+02	9.790903e-02
67            	OVC	-2.334947e+02	-2.329821e+02	-7.514406e-02
68            	warmPlate	3.307592e+02	3.322589e+02	9.744258e-02
68            	OVC	-2.328158e+02	-2.323043e+02	-7.492529e-02
69            	warmPlate	3.292334e+02	3.307255e+02	9.699290e-02
69            	OVC	-2.321824e+02	-2.316720e+02	-7.472120e-02
70            	warmPlate	3.277621e+02	3.292468e+02	9.655926e-02
70            	OVC	-2.315924e+02	-2.310830e+02	-7.453108e-02
71            	warmPlate	3.263429e+02	3.278205e+02	9.614098e-02
71            	OVC	-2.310437e+02	-2.305352e+02	-7.435425e-02
72            	warmPlate	3.249735e+02	3.264443e+02	9.573740e-02
72            	OVC	-2.305341e+02	-2.300264e+02	-7.419004e-02
73            	warmPlate	3.236519e+02	3.251161e+02	9.534789e-02
73            	OVC	-2.300618e+02	-2.295549e+02	-7.403783e-02
74            	warmPlate	3.223760e+02	3.238338e+02	9.497185e-02
74            	OVC	-2.296249e+02	-2.291187e+02	-7.389702e-02
75            	warmPlate	3.211438e+02	3.225955e+02	9.460872e-02
75            	OVC	-2.292217e+02	-2.287161e+02	-7.376705e-02
76            	warmPlate	3.199536e+02	3.213994e+02	9.425794e-02
76            	OVC	-2.288504e+02	-2.283454e+02	-7.364738e-02
77            	warmPlate	3.188036e+02	3.202436e+02	9.391900e-02
77            	OVC	-2.285094e+02	-2.280050e+02	-7.353748e-02
78            	warmPlate	3.176920e+02	3.191265e+02	9.359140e-02
78            	OVC	-2.281973e+02	-2.276934e+02	-7.343687e-02
79            	warmPlate	3.166173e+02	3.180465e+02	9.327468e-02
79            	OVC	-2.279125e+02	-2.274090e+02	-7.334506e-02
80            	warmPlate	3.155780e+02	3.170020e+02	9.296837e-02
80            	OVC	-2.276537e+02	-2.271506e+02	-7.326162e-02
81            	warmPlate	3.145725e+02	3.159915e+02	9.267205e-02
81            	OVC	-2.274195e+02	-2.269168e+02	-7.318612e-02
82            	warmPlate	3.135995e+02	3.150138e+02	9.238530e-02
82            	OVC	-2.272087e+02	-2.267062e+02	-7.311814e-02
83            	warmPlate	3.126577e+02	3.140673e+02	9.210774e-02
83            	OVC	-2.270200e+02	-2.265178e+02	-7.305729e-02
84            	warmPlate	3.117458e+02	3.131509e+02	9.183899e-02
84            	OVC	-2.268524e+02	-2.263504e+02	-7.300321e-02
85            	warmPlate	3.108625e+02	3.122632e+02	9.157869e-02
85            	OVC	-2.267046e+02	-2.262028e+02	-7.295554e-02
86            	warmPlate	3.100068e+02	3.114033e+02	9.132649e-02
86            	OVC	-2.265757e+02	-2.260740e+02	-7.291394e-02
87            	warmPlate	3.091775e+02	3.105698e+02	9.108208e-02
87            	OVC	-2.264646e+02	-2.259631e+02	-7.287809e-02
88            	warmPlate	3.083734e+02	3.097619e+02	9.084513e-02
88            	OVC	-2.263705e+02	-2.258690e+02	-7.284769e-02
89            	warmPlate	3.075938e+02	3.089783e+02	9.061536e-02
89            	OVC	-2.262923e+02	-2.257909e+02	-7.282244e-02
90            	warmPlate	3.068374e+02	3.082183e+02	9.039247e-02
90            	OVC	-2.262292e+02	-2.257279e+02	-7.280206e-02
91            	warmPlate	3.061035e+02	3.074808e+02	9.017619e-02
91            	OVC	-2.261805e+02	-2.256791e+02	-7.278629e-02
92            	warmPlate	3.053912e+02	3.067650e+02	8.996627e-02
92            	OVC	-2.261452e+02	-2.256439e+02	-7.277487e-02
93            	warmPlate	3.046996e+02	3.060699e+02	8.976244e-02
93            	OVC	-2.261228e+02	-2.256214e+02	-7.276757e-02
94            	warmPlate	3.040278e+02	3.053949e+02	8.956449e-02
94            	OVC	-2.261124e+02	-2.256109e+02	-7.276414e-02
95            	warmPlate	3.033752e+02	3.047391e+02	8.937217e-02
95            	OVC	-2.261133e+02	-2.256118e+02	-7.276439e-02
96            	warmPlate	3.027410e+02	3.041018e+02	8.918527e-02
96            	OVC	-2.261250e+02	-2.256234e+02	-7.276809e-02
97            	warmPlate	3.021245e+02	3.034823e+02	8.900358e-02
97            	OVC	-2.261468e+02	-2.256450e+02	-7.277504e-02
98            	warmPlate	3.015250e+02	3.028798e+02	8.882691e-02
98            	OVC	-2.261781e+02	-2.256762e+02	-7.278507e-02
99            	warmPlate	3.009418e+02	3.022938e+02	8.865505e-02
99            	OVC	-2.262184e+02	-2.257164e+02	-7.279798e-02
100           	warmPlate	3.003744e+02	3.017236e+02	8.848784e-02
100           	OVC	-2.262672e+02	-2.257649e+02	-7.281362e-02
101           	warmPlate	2.998222e+02	3.011687e+02	8.832510e-02
101           	OVC	-2.263238e+02	-2.258214e+02	-7.283181e-02
102           	warmPlate	2.992845e+02	3.006284e+02	8.816666e-02
102           	OVC	-2.263879e+02	-2.258853e+02	-7.285239e-02
103           	warmPlate	2.987609e+02	3.001023e+02	8.801235e-02
103           	OVC	-2.264590e+02	-2.259562e+02	-7.287523e-02
104           	warmPlate	2.982508e+02	2.995897e+02	8.786204e-02
104           	OVC	-2.265367e+02	-2.260337e+02	-7.290018e-02
105           	warmPlate	2.977537e+02	2.990902e+02	8.771557e-02
105           	OVC	-2.266205e+02	-2.261172e+02	-7.292711e-02
106           	warmPlate	2.972693e+02	2.986034e+02	8.757280e-02
106           	OVC	-2.267100e+02	-2.262065e+02	-7.295589e-02
107           	warmPlate	2.967969e+02	2.981288e+02	8.743360e-02
107           	OVC	-2.268049e+02	-2.263012e+02	-7.298640e-02
108           	warmPlate	2.963362e+02	2.976658e+02	8.729784e-02
108           	OVC	-2.269048e+02	-2.264008e+02	-7.301852e-02
109           	warmPlate	2.958868e+02	2.972142e+02	8.716540e-02
109           	OVC	-2.270094e+02	-2.265052e+02	-7.305215e-02
110           	warmPlate	2.954482e+02	2.967735e+02	8.703617e-02
110           	OVC	-2.271183e+02	-2.266138e+02	-7.308718e-02
111           	warmPlate	2.950201e+02	2.963434e+02	8.691002e-02
111           	OVC	-2.272313e+02	-2.267265e+02	-7.312351e-02
112           	warmPlate	2.946021e+02	2.959234e+02	8.678685e-02
112           	OVC	-2.273480e+02	-2.268430e+02	-7.316105e-02
113           	warmPlate	2.941939e+02	2.955132e+02	8.666656e-02
113           	OVC	-2.274682e+02	-2.269629e+02	-7.319971e-02
114           	warmPlate	2.937951e+02	2.951125e+02	8.654905e-02
114           	OVC	-2.275916e+02	-2.270860e+02	-7.323941e-02
115           	warmPlate	2.934055e+02	2.947210e+02	8.643422e-02
115           	OVC	-2.277180e+02	-2.272121e+02	-7.328006e-02
116           	warmPlate	2.930246e+02	2.943382e+02	8.632199e-02
116           	OVC	-2.278471e+02	-2.273409e+02	-7.332159e-02
117           	warmPlate	2.926522e+02	2.939641e+02	8.621226e-02
117           	OVC	-2.279787e+02	-2.274721e+02	-7.336392e-02
118           	warmPlate	2.922881e+02	2.935982e+02	8.610496e-02
118           	OVC	-2.281125e+02	-2.276057e+02	-7.340699e-02
119           	warmPlate	2.919319e+02	2.932403e+02	8.600000e-02
119           	OVC	-2.282485e+02	-2.277414e+02	-7.345073e-02
120           	warmPlate	2.915834e+02	2.928901e+02	8.589731e-02
120           	OVC	-2.283864e+02	-2.278789e+02	-7.349508e-02
121           	warmPlate	2.912423e+02	2.925475e+02	8.579681e-02
121           	OVC	-2.285259e+02	-2.280181e+02	-7.353998e-02
122           	warmPlate	2.909085e+02	2.922120e+02	8.569844e-02
122           	OVC	-2.286670e+02	-2.281589e+02	-7.358537e-02
123           	warmPlate	2.905816e+02	2.918836e+02	8.560212e-02
123           	OVC	-2.288095e+02	-2.283010e+02	-7.363121e-02
124           	warmPlate	2.902615e+02	2.915619e+02	8.550779e-02
124           	OVC	-2.289531e+02	-2.284444e+02	-7.367744e-02
125           	warmPlate	2.899479e+02	2.912469e+02	8.541539e-02
125           	OVC	-2.290979e+02	-2.285888e+02	-7.372401e-02
126           	warmPlate	2.896407e+02	2.909382e+02	8.532486e-02
126           	OVC	-2.292435e+02	-2.287341e+02	-7.377088e-02
127           	warmPlate	2.893396e+02	2.906356e+02	8.523614e-02
127           	OVC	-2.293900e+02	-2.288803e+02	-7.381801e-02
128           	warmPlate	2.890445e+02	2.903391e+02	8.514918e-02
128           	OVC	-2.295371e+02	-2.290271e+02	-7.386536e-02
129           	warmPlate	2.887551e+02	2.900484e+02	8.506392e-02
129           	OVC	-2.296848e+02	-2.291744e+02	-7.391288e-02
130           	warmPlate	2.884714e+02	2.897633e+02	8.498031e-02
130           	OVC	-2.298329e+02	-2.293222e+02	-7.396055e-02
131           	warmPlate	2.881931e+02	2.894837e+02	8.489831e-02
131           	OVC	-2.299814e+02	-2.294704e+02	-7.400832e-02
132           	warmPlate	2.879201e+02	2.892093e+02	8.481786e-02
132           	OVC	-2.301301e+02	-2.296187e+02	-7.405617e-02
133           	warmPlate	2.876522e+02	2.889402e+02	8.473893e-02
133           	OVC	-2.302789e+02	-2.297673e+02	-7.410407e-02
134           	warmPlate	2.873893e+02	2.886760e+02	8.466146e-02
134           	OVC	-2.304278e+02	-2.299158e+02	-7.415199e-02
135           	warmPlate	2.871312e+02	2.884168e+02	8.458542e-02
135           	OVC	-2.305767e+02	-2.300644e+02	-7.419989e-02
136           	warmPlate	2.868779e+02	2.881622e+02	8.451077e-02
136           	OVC	-2.307254e+02	-2.302128e+02	-7.424776e-02
137           	warmPlate	2.866291e+02	2.879122e+02	8.443747e-02
137           	OVC	-2.308740e+02	-2.303610e+02	-7.429557e-02
138           	warmPlate	2.863848e+02	2.876668e+02	8.436548e-02
138           	OVC	-2.310223e+02	-2.305090e+02	-7.434330e-02
139           	warmPlate	2.861448e+02	2.874256e+02	8.429476e-02
139           	OVC	-2.311703e+02	-2.306567e+02	-7.439092e-02
140           	warmPlate	2.859090e+02	2.871887e+02	8.422529e-02
140           	OVC	-2.313179e+02	-2.308040e+02	-7.443843e-02
141           	warmPlate	2.856773e+02	2.869559e+02	8.415702e-02
141           	OVC	-2.314650e+02	-2.309508e+02	-7.448579e-02
142           	warmPlate	2.854496e+02	2.867272e+02	8.408993e-02
142           	OVC	-2.316117e+02	-2.310971e+02	-7.453299e-02
143           	warmPlate	2.852258e+02	2.865023e+02	8.402399e-02
143           	OVC	-2.317578e+02	-2.312429e+02	-7.458001e-02
144           	warmPlate	2.850058e+02	2.862813e+02	8.395916e-02
144           	OVC	-2.319033e+02	-2.313882e+02	-7.462685e-02
145           	warmPlate	2.847895e+02	2.860639e+02	8.389542e-02
145           	OVC	-2.320482e+02	-2.315327e+02	-7.467347e-02
146           	warmPlate	2.845768e+02	2.858502e+02	8.383275e-02
146           	OVC	-2.321924e+02	-2.316766e+02	-7.471988e-02
147           	warmPlate	2.843676e+02	2.856400e+02	8.377110e-02
147           	OVC	-2.323359e+02	-2.318198e+02	-7.476606e-02
148           	warmPlate	2.841618e+02	2.854333e+02	8.371047e-02
148           	OVC	-2.324786e+02	-2.319622e+02	-7.481199e-02
149           	warmPlate	2.839593e+02	2.852299e+02	8.365082e-02
149           	OVC	-2.326205e+02	-2.321038e+02	-7.485766e-02
150           	warmPlate	2.837601e+02	2.850297e+02	8.359213e-02
150           	OVC	-2.327616e+02	-2.322446e+02	-7.490307e-02
151           	warmPlate	2.835641e+02	2.848328e+02	8.353438e-02
151           	OVC	-2.329018e+02	-2.323845e+02	-7.494820e-02
152           	warmPlate	2.833712e+02	2.846390e+02	8.347754e-02
152           	OVC	-2.330412e+02	-2.325236e+02	-7.499305e-02
153           	warmPlate	2.831814e+02	2.844483e+02	8.342160e-02
153           	OVC	-2.331796e+02	-2.326617e+02	-7.503761e-02
154           	warmPlate	2.829945e+02	2.842605e+02	8.336653e-02
154           	OVC	-2.333171e+02	-2.327989e+02	-7.508187e-02
155           	warmPlate	2.828105e+02	2.840756e+02	8.331232e-02
155           	OVC	-2.334537e+02	-2.329352e+02	-7.512582e-02
156           	warmPlate	2.826293e+02	2.838936e+02	8.325894e-02
156           	OVC	-2.335893e+02	-2.330705e+02	-7.516946e-02
157           	warmPlate	2.824509e+02	2.837144e+02	8.320638e-02
157           	OVC	-2.337239e+02	-2.332048e+02	-7.521278e-02
158           	warmPlate	2.822752e+02	2.835379e+02	8.315461e-02
158           	OVC	-2.338574e+02	-2.333381e+02	-7.525577e-02
159           	warmPlate	2.821022e+02	2.833640e+02	8.310363e-02
159           	OVC	-2.339900e+02	-2.334704e+02	-7.529844e-02
160           	warmPlate	2.819318e+02	2.831928e+02	8.305341e-02
160           	OVC	-2.341215e+02	-2.336016e+02	-7.534077e-02
161           	warmPlate	2.817639e+02	2.830241e+02	8.300394e-02
161           	OVC	-2.342520e+02	-2.337318e+02	-7.538277e-02
162           	warmPlate	2.815984e+02	2.828579e+02	8.295520e-02
162           	OVC	-2.343814e+02	-2.338609e+02	-7.542442e-02
163           	warmPlate	2.814355e+02	2.826941e+02	8.290718e-02
163           	OVC	-2.345098e+02	-2.339890e+02	-7.546573e-02
164           	warmPlate	2.812749e+02	2.825328e+02	8.285985e-02
164           	OVC	-2.346370e+02	-2.341160e+02	-7.550669e-02
165           	warmPlate	2.811166e+02	2.823738e+02	8.281322e-02
165           	OVC	-2.347632e+02	-2.342419e+02	-7.554730e-02
166           	warmPlate	2.809606e+02	2.822171e+02	8.276726e-02
166           	OVC	-2.348883e+02	-2.343667e+02	-7.558756e-02
167           	warmPlate	2.808069e+02	2.820626e+02	8.272196e-02
167           	OVC	-2.350123e+02	-2.344904e+02	-7.562746e-02
168           	warmPlate	2.806553e+02	2.819103e+02	8.267731e-02
168           	OVC	-2.351351e+02	-2.346131e+02	-7.566701e-02
169           	warmPlate	2.805059e+02	2.817602e+02	8.263330e-02
169           	OVC	-2.352569e+02	-2.347346e+02	-7.570621e-02
170           	warmPlate	2.803587e+02	2.816123e+02	8.258990e-02
170           	OVC	-2.353776e+02	-2.348550e+02	-7.574504e-02
171           	warmPlate	2.802134e+02	2.814664e+02	8.254712e-02
171           	OVC	-2.354971e+02	-2.349743e+02	-7.578352e-02
172           	warmPlate	2.800703e+02	2.813226e+02	8.250494e-02
172           	OVC	-2.356155e+02	-2.350924e+02	-7.582164e-02
173           	warmPlate	2.799291e+02	2.811807e+02	8.246334e-02
173           	OVC	-2.357329e+02	-2.352095e+02	-7.585940e-02
174           	warmPlate	2.797899e+02	2.810409e+02	8.242232e-02
174           	OVC	-2.358491e+02	-2.353255e+02	-7.589680e-02
175           	warmPlate	2.796526e+02	2.809029e+02	8.238187e-02
175           	OVC	-2.359641e+02	-2.354403e+02	-7.593384e-02
176           	warmPlate	2.795172e+02	2.807669e+02	8.234197e-02
176           	OVC	-2.360781e+02	-2.355540e+02	-7.597053e-02
177           	warmPlate	2.793836e+02	2.806327e+02	8.230262e-02
177           	OVC	-2.361910e+02	-2.356667e+02	-7.600685e-02
178           	warmPlate	2.792519e+02	2.805003e+02	8.226381e-02
178           	OVC	-2.363027e+02	-2.357782e+02	-7.604282e-02
179           	warmPlate	2.791219e+02	2.803698e+02	8.222552e-02
179           	OVC	-2.364133e+02	-2.358886e+02	-7.607843e-02
180           	warmPlate	2.789937e+02	2.802410e+02	8.218775e-02
180           	OVC	-2.365229e+02	-2.359979e+02	-7.611369e-02
181           	warmPlate	2.788673e+02	2.801139e+02	8.215049e-02
181           	OVC	-2.366313e+02	-2.361061e+02	-7.614859e-02
182           	warmPlate	2.787425e+02	2.799886e+02	8.211373e-02
182           	OVC	-2.367386e+02	-2.362132e+02	-7.618314e-02
183           	warmPlate	2.786194e+02	2.798649e+02	8.207746e-02
183           	OVC	-2.368449e+02	-2.363192e+02	-7.621733e-02
184           	warmPlate	2.784980e+02	2.797429e+02	8.204167e-02
184           	OVC	-2.369500e+02	-2.364241e+02	-7.625118e-02
185           	warmPlate	2.783781e+02	2.796225e+02	8.200636e-02
185           	OVC	-2.370541e+02	-2.365280e+02	-7.628468e-02
186           	warmPlate	2.782598e+02	2.795037e+02	8.197151e-02
186           	OVC	-2.371571e+02	-2.366308e+02	-7.631783e-02
187           	warmPlate	2.781431e+02	2.793864e+02	8.193713e-02
187           	OVC	-2.372590e+02	-2.367325e+02	-7.635063e-02
188           	warmPlate	2.780280e+02	2.792707e+02	8.190320e-02
188           	OVC	-2.373599e+02	-2.368331e+02	-7.638309e-02
189           	warmPlate	2.779143e+02	2.791565e+02	8.186971e-02
189           	OVC	-2.374596e+02	-2.369327e+02	-7.641521e-02
190           	warmPlate	2.778021e+02	2.790438e+02	8.183666e-02
190           	OVC	-2.375584e+02	-2.370312e+02	-7.644699e-02
191           	warmPlate	2.776914e+02	2.789326e+02	8.180404e-02
191           	OVC	-2.376561e+02	-2.371287e+02	-7.647843e-02
192           	warmPlate	2.775821e+02	2.788228e+02	8.177184e-02
192           	OVC	-2.377527e+02	-2.372251e+02	-7.650953e-02
193           	warmPlate	2.774743e+02	2.787144e+02	8.174006e-02
193           	OVC	-2.378483e+02	-2.373205e+02	-7.654031e-02
194           	warmPlate	2.773678e+02	2.786075e+02	8.170869e-02
194           	OVC	-2.379429e+02	-2.374149e+02	-7.657075e-02
195           	warmPlate	2.772627e+02	2.785019e+02	8.167773e-02
195           	OVC	-2.380364e+02	-2.375082e+02	-7.660086e-02
196           	warmPlate	2.771590e+02	2.783977e+02	8.164716e-02
196           	OVC	-2.381290e+02	-2.376006e+02	-7.663065e-02
197           	warmPlate	2.770566e+02	2.782948e+02	8.161698e-02
197           	OVC	-2.382205e+02	-2.376919e+02	-7.666011e-02
198           	warmPlate	2.769555e+02	2.781932e+02	8.158720e-02
198           	OVC	-2.383110e+02	-2.377823e+02	-7.668926e-02
199           	warmPlate	2.768557e+02	2.780929e+02	8.155779e-02
199           	OVC	-2.384006e+02	-2.378716e+02	-7.671808e-02
200           	warmPlate	2.767571e+02	2.779939e+02	8.152875e-02
200           	OVC	-2.384892e+02	-2.379600e+02	-7.674658e-02
201           	warmPlate	2.766598e+02	2.778962e+02	8.150009e-02
201           	OVC	-2.385767e+02	-2.380474e+02	-7.677478e-02
202           	warmPlate	2.765638e+02	2.777997e+02	8.147179e-02
202           	OVC	-2.386634e+02	-2.381339e+02	-7.680266e-02
203           	warmPlate	2.764689e+02	2.777044e+02	8.144384e-02
203           	OVC	-2.387490e+02	-2.382193e+02	-7.683023e-02
204           	warmPlate	2.763753e+02	2.776103e+02	8.141625e-02
204           	OVC	-2.388337e+02	-2.383039e+02	-7.685750e-02
205           	warmPlate	2.762828e+02	2.775174e+02	8.138901e-02
205           	OVC	-2.389175e+02	-2.383875e+02	-7.688446e-02
206           	warmPlate	2.761915e+02	2.774257e+02	8.136211e-02
206           	OVC	-2.390003e+02	-2.384701e+02	-7.691112e-02
207           	warmPlate	2.761014e+02	2.773351e+02	8.133555e-02
207           	OVC	-2.390822e+02	-2.385519e+02	-7.693749e-02
208           	warmPlate	2.760123e+02	2.772457e+02	8.130932e-02
208           	OVC	-2.391632e+02	-2.386327e+02	-7.696356e-02
209           	warmPlate	2.759244e+02	2.771574e+02	8.128342e-02
209           	OVC	-2.392433e+02	-2.387126e+02	-7.698933e-02
210           	warmPlate	2.758376e+02	2.770701e+02	8.125784e-02
210           	OVC	-2.393225e+02	-2.387916e+02	-7.701482e-02
211           	warmPlate	2.757519e+02	2.769840e+02	8.123258e-02
211           	OVC	-2.394008e+02	-2.388697e+02	-7.704001e-02
212           	warmPlate	2.756672e+02	2.768990e+02	8.120764e-02
212           	OVC	-2.394782e+02	-2.389469e+02	-7.706493e-02
213           	warmPlate	2.755836e+02	2.768150e+02	8.118301e-02
213           	OVC	-2.395547e+02	-2.390233e+02	-7.708956e-02
214           	warmPlate	2.755011e+02	2.767320e+02	8.115868e-02
214           	OVC	-2.396303e+02	-2.390988e+02	-7.711391e-02
215           	warmPlate	2.754195e+02	2.766501e+02	8.113465e-02
215           	OVC	-2.397051e+02	-2.391734e+02	-7.713799e-02
216           	warmPlate	2.753390e+02	2.765692e+02	8.111093e-02
216           	OVC	-2.397791e+02	-2.392472e+02	-7.716179e-02
217           	warmPlate	2.752595e+02	2.764893e+02	8.108749e-02
217           	OVC	-2.398522e+02	-2.393202e+02	-7.718532e-02
218           	warmPlate	2.751809e+02	2.764104e+02	8.106435e-02
218           	OVC	-2.399245e+02	-2.393923e+02	-7.720858e-02
219           	warmPlate	2.751033e+02	2.763324e+02	8.104149e-02
219           	OVC	-2.399959e+02	-2.394636e+02	-7.723157e-02
220           	warmPlate	2.750267e+02	2.762554e+02	8.101891e-02
220           	OVC	-2.400665e+02	-2.395341e+02	-7.725430e-02
221           	warmPlate	2.749510e+02	2.761794e+02	8.099661e-02
221           	OVC	-2.401363e+02	-2.396037e+02	-7.727677e-02
222           	warmPlate	2.748763e+02	2.761043e+02	8.097459e-02
222           	OVC	-2.402053e+02	-2.396726e+02	-7.729899e-02
223           	warmPlate	2.748024e+02	2.760301e+02	8.095283e-02
223           	OVC	-2.402735e+02	-2.397407e+02	-7.732094e-02
224           	warmPlate	2.747295e+02	2.759569e+02	8.093135e-02
224           	OVC	-2.403410e+02	-2.398079e+02	-7.734265e-02
225           	warmPlate	2.746575e+02	2.758845e+02	8.091012e-02
225           	OVC	-2.404076e+02	-2.398745e+02	-7.736410e-02
226           	warmPlate	2.745863e+02	2.758130e+02	8.088916e-02
226           	OVC	-2.404735e+02	-2.399402e+02	-7.738531e-02
227           	warmPlate	2.745160e+02	2.757424e+02	8.086845e-02
227           	OVC	-2.405386e+02	-2.400052e+02	-7.740627e-02
228           	warmPlate	2.744466e+02	2.756727e+02	8.084800e-02
228           	OVC	-2.406030e+02	-2.400694e+02	-7.742699e-02
229           	warmPlate	2.743780e+02	2.756038e+02	8.082780e-02
229           	OVC	-2.406666e+02	-2.401329e+02	-7.744747e-02
230           	warmPlate	2.743103e+02	2.755357e+02	8.080784e-02
230           	OVC	-2.407295e+02	-2.401957e+02	-7.746771e-02
231           	warmPlate	2.742434e+02	2.754685e+02	8.078813e-02
231           	OVC	-2.407917e+02	-2.402577e+02	-7.748772e-02
232           	warmPlate	2.741773e+02	2.754021e+02	8.076865e-02
232           	OVC	-2.408531e+02	-2.403190e+02	-7.750750e-02
233           	warmPlate	2.741120e+02	2.753365e+02	8.074942e-02
233           	OVC	-2.409138e+02	-2.403796e+02	-7.752704e-02
234           	warmPlate	2.740475e+02	2.752717e+02	8.073041e-02
234           	OVC	-2.409739e+02	-2.404395e+02	-7.754636e-02
235           	warmPlate	2.739838e+02	2.752077e+02	8.071164e-02
235           	OVC	-2.410332e+02	-2.404987e+02	-7.756545e-02
236           	warmPlate	2.739209e+02	2.751445e+02	8.069310e-02
236           	OVC	-2.410918e+02	-2.405572e+02	-7.758432e-02
237           	warmPlate	2.738587e+02	2.750820e+02	8.067478e-02
237           	OVC	-2.411497e+02	-2.406150e+02	-7.760298e-02
238           	warmPlate	2.737973e+02	2.750203e+02	8.065668e-02
238           	OVC	-2.412070e+02	-2.406722e+02	-7.762141e-02
239           	warmPlate	2.737366e+02	2.749593e+02	8.063881e-02
239           	OVC	-2.412636e+02	-2.407286e+02	-7.763963e-02
240           	warmPlate	2.736767e+02	2.748991e+02	8.062115e-02
240           	OVC	-2.413195e+02	-2.407845e+02	-7.765763e-02
241           	warmPlate	2.736174e+02	2.748396e+02	8.060370e-02
241           	OVC	-2.413748e+02	-2.408396e+02	-7.767543e-02
242           	warmPlate	2.735590e+02	2.747809e+02	8.058647e-02
242           	OVC	-2.414295e+02	-2.408942e+02	-7.769301e-02
243           	warmPlate	2.735012e+02	2.747228e+02	8.056944e-02
243           	OVC	-2.414835e+02	-2.409480e+02	-7.771039e-02
244           	warmPlate	2.734441e+02	2.746655e+02	8.055262e-02
244           	OVC	-2.415368e+02	-2.410013e+02	-7.772757e-02
245           	warmPlate	2.733877e+02	2.746088e+02	8.053601e-02
245           	OVC	-2.415896e+02	-2.410539e+02	-7.774455e-02
246           	warmPlate	2.733320e+02	2.745528e+02	8.051959e-02
246           	OVC	-2.416417e+02	-2.411059e+02	-7.776132e-02
247           	warmPlate	2.732769e+02	2.744975e+02	8.050337e-02
247           	OVC	-2.416932e+02	-2.411573e+02	-7.777790e-02
248           	warmPlate	2.732225e+02	2.744429e+02	8.048735e-02
248           	OVC	-2.417441e+02	-2.412081e+02	-7.779429e-02
249           	warmPlate	2.731688e+02	2.743889e+02	8.047152e-02
249           	OVC	-2.417944e+02	-2.412583e+02	-7.781048e-02
250           	warmPlate	2.731157e+02	2.743356e+02	8.045588e-02
250           	OVC	-2.418441e+02	-2.413079e+02	-7.782648e-02
251           	warmPlate	2.730633e+02	2.742829e+02	8.044044e-02
251           	OVC	-2.418933e+02	-2.413570e+02	-7.784230e-02
252           	warmPlate	2.730115e+02	2.742309e+02	8.042517e-02
252           	OVC	-2.419418e+02	-2.414054e+02	-7.785793e-02
253           	warmPlate	2.729603e+02	2.741795e+02	8.041009e-02
253           	OVC	-2.419898e+02	-2.414533e+02	-7.787337e-02
254           	warmPlate	2.729098e+02	2.741287e+02	8.039520e-02
254           	OVC	-2.420372e+02	-2.415006e+02	-7.788863e-02
255           	warmPlate	2.728598e+02	2.740785e+02	8.038048e-02
255           	OVC	-2.420841e+02	-2.415474e+02	-7.790372e-02
256           	warmPlate	2.728105e+02	2.740289e+02	8.036594e-02
256           	OVC	-2.421304e+02	-2.415936e+02	-7.791862e-02
257           	warmPlate	2.727617e+02	2.739799e+02	8.035157e-02
257           	OVC	-2.421761e+02	-2.416393e+02	-7.793335e-02
258           	warmPlate	2.727135e+02	2.739315e+02	8.033738e-02
258           	OVC	-2.422214e+02	-2.416844e+02	-7.794791e-02
259           	warmPlate	2.726659e+02	2.738837e+02	8.032335e-02
259           	OVC	-2.422660e+02	-2.417290e+02	-7.796229e-02
260           	warmPlate	2.726189e+02	2.738364e+02	8.030950e-02
260           	OVC	-2.423102e+02	-2.417730e+02	-7.797651e-02
261           	warmPlate	2.725724e+02	2.737898e+02	8.029581e-02
261           	OVC	-2.423538e+02	-2.418166e+02	-7.799055e-02
262           	warmPlate	2.725265e+02	2.737437e+02	8.028229e-02
262           	OVC	-2.423970e+02	-2.418596e+02	-7.800443e-02
263           	warmPlate	2.724812e+02	2.736981e+02	8.026893e-02
263           	OVC	-2.424396e+02	-2.419021e+02	-7.801815e-02
264           	warmPlate	2.724364e+02	2.736531e+02	8.025572e-02
264           	OVC	-2.424817e+02	-2.419442e+02	-7.803171e-02
265           	warmPlate	2.723921e+02	2.736086e+02	8.024268e-02
265           	OVC	-2.425233e+02	-2.419857e+02	-7.804510e-02
266           	warmPlate	2.723484e+02	2.735647e+02	8.022980e-02
266           	OVC	-2.425644e+02	-2.420267e+02	-7.805834e-02
267           	warmPlate	2.723052e+02	2.735213e+02	8.021706e-02
267           	OVC	-2.426051e+02	-2.420673e+02	-7.807142e-02
268           	warmPlate	2.722625e+02	2.734784e+02	8.020449e-02
268           	OVC	-2.426452e+02	-2.421074e+02	-7.808434e-02
269           	warmPlate	2.722203e+02	2.734360e+02	8.019206e-02
269           	OVC	-2.426849e+02	-2.421470e+02	-7.809712e-02
270           	warmPlate	2.721786e+02	2.733941e+02	8.017978e-02
270           	OVC	-2.427241e+02	-2.421861e+02	-7.810974e-02
271           	warmPlate	2.721374e+02	2.733528e+02	8.016765e-02
271           	OVC	-2.427629e+02	-2.422248e+02	-7.812221e-02
272           	warmPlate	2.720968e+02	2.733119e+02	8.015566e-02
272           	OVC	-2.428012e+02	-2.422630e+02	-7.813453e-02
273           	warmPlate	2.720566e+02	2.732715e+02	8.014382e-02
273           	OVC	-2.428390e+02	-2.423007e+02	-7.814671e-02
274           	warmPlate	2.720168e+02	2.732316e+02	8.013212e-02
274           	OVC	-2.428764e+02	-2.423380e+02	-7.815875e-02
275           	warmPlate	2.719776e+02	2.731922e+02	8.012055e-02
275           	OVC	-2.429133e+02	-2.423749e+02	-7.817064e-02
276           	warmPlate	2.719388e+02	2.731532e+02	8.010913e-02
276           	OVC	-2.429498e+02	-2.424113e+02	-7.818239e-02
277           	warmPlate	2.719005e+02	2.731147e+02	8.009785e-02
277           	OVC	-2.429859e+02	-2.424473e+02	-7.819400e-02
278           	warmPlate	2.718627e+02	2.730767e+02	8.008669e-02
278           	OVC	-2.430215e+02	-2.424829e+02	-7.820548e-02
279           	warmPlate	2.718253e+02	2.730392e+02	8.007568e-02
279           	OVC	-2.430568e+02	-2.425180e+02	-7.821681e-02
280           	warmPlate	2.717883e+02	2.730020e+02	8.006479e-02
280           	OVC	-2.430916e+02	-2.425528e+02	-7.822802e-02
281           	warmPlate	2.717518e+02	2.729654e+02	8.005404e-02
281           	OVC	-2.431260e+02	-2.425871e+02	-7.823909e-02
282           	warmPlate	2.717158e+02	2.729291e+02	8.004341e-02
282           	OVC	-2.431600e+02	-2.426210e+02	-7.825003e-02
283           	warmPlate	2.716801e+02	2.728933e+02	8.003291e-02
283           	OVC	-2.431935e+02	-2.426545e+02	-7.826084e-02
284           	warmPlate	2.716449e+02	2.728579e+02	8.002253e-02
284           	OVC	-2.432267e+02	-2.426876e+02	-7.827152e-02
285           	warmPlate	2.716101e+02	2.728230e+02	8.001228e-02
285           	OVC	-2.432595e+02	-2.427204e+02	-7.828208e-02
286           	warmPlate	2.715758e+02	2.727885e+02	8.000216e-02
286           	OVC	-2.432919e+02	-2.427527e+02	-7.829251e-02
287           	warmPlate	2.715418e+02	2.727543e+02	7.999215e-02
287           	OVC	-2.433239e+02	-2.427847e+02	-7.830281e-02
288           	warmPlate	2.715082e+02	2.727206e+02	7.998226e-02
288           	OVC	-2.433556e+02	-2.428162e+02	-7.831300e-02
289           	warmPlate	2.714751e+02	2.726873e+02	7.997249e-02
289           	OVC	-2.433868e+02	-2.428474e+02	-7.832306e-02
290           	warmPlate	2.714423e+02	2.726544e+02	7.996284e-02
290           	OVC	-2.434177e+02	-2.428782e+02	-7.833300e-02
291           	warmPlate	2.714100e+02	2.726219e+02	7.995330e-02
291           	OVC	-2.434483e+02	-2.429087e+02	-7.834283e-02
292           	warmPlate	2.713780e+02	2.725898e+02	7.994388e-02
292           	OVC	-2.434784e+02	-2.429388e+02	-7.835254e-02
293           	warmPlate	2.713464e+02	2.725580e+02	7.993457e-02
293           	OVC	-2.435082e+02	-2.429685e+02	-7.836213e-02
294           	warmPlate	2.713151e+02	2.725266e+02	7.992537e-02
294           	OVC	-2.435377e+02	-2.429979e+02	-7.837161e-02
295           	warmPlate	2.712843e+02	2.724956e+02	7.991628e-02
295           	OVC	-2.435668e+02	-2.430270e+02	-7.838098e-02
296           	warmPlate	2.712538e+02	2.724650e+02	7.990730e-02
296           	OVC	-2.435955e+02	-2.430557e+02	-7.839023e-02
297           	warmPlate	2.712237e+02	2.724348e+02	7.989843e-02
297           	OVC	-2.436239e+02	-2.430840e+02	-7.839938e-02
298           	warmPlate	2.711939e+02	2.724049e+02	7.988966e-02
298           	OVC	-2.436520e+02	-2.431120e+02	-7.840841e-02
299           	warmPlate	2.711645e+02	2.723753e+02	7.988100e-02
299           	OVC	-2.436798e+02	-2.431397e+02	-7.841734e-02
300           	warmPlate	2.711355e+02	2.723461e+02	7.987244e-02
300           	OVC	-2.437072e+02	-2.431671e+02	-7.842617e-02
301           	warmPlate	2.711068e+02	2.723173e+02	7.986398e-02
301           	OVC	-2.437343e+02	-2.431941e+02	-7.843489e-02
302           	warmPlate	2.710784e+02	2.722888e+02	7.985562e-02
302           	OVC	-2.437610e+02	-2.432208e+02	-7.844350e-02
303           	warmPlate	2.710504e+02	2.722607e+02	7.984737e-02
303           	OVC	-2.437875e+02	-2.432472e+02	-7.845201e-02
304           	warmPlate	2.710227e+02	2.722328e+02	7.983921e-02
304           	OVC	-2.438136e+02	-2.432733e+02	-7.846043e-02
305           	warmPlate	2.709953e+02	2.722053e+02	7.983115e-02
305           	OVC	-2.438394e+02	-2.432991e+02	-7.846874e-02
306           	warmPlate	2.709683e+02	2.721782e+02	7.982318e-02
306           	OVC	-2.438649e+02	-2.433245e+02	-7.847695e-02
307           	warmPlate	2.709416e+02	2.721514e+02	7.981531e-02
307           	OVC	-2.438902e+02	-2.433497e+02	-7.848507e-02
308           	warmPlate	2.709152e+02	2.721248e+02	7.980754e-02
308           	OVC	-2.439151e+02	-2.433745e+02	-7.849308e-02
309           	warmPlate	2.708891e+02	2.720986e+02	7.979985e-02
309           	OVC	-2.439397e+02	-2.433991e+02	-7.850101e-02
310           	warmPlate	2.708634e+02	2.720728e+02	7.979226e-02
310           	OVC	-2.439640e+02	-2.434234e+02	-7.850884e-02
311           	warmPlate	2.708379e+02	2.720472e+02	7.978476e-02
311           	OVC	-2.439880e+02	-2.434474e+02	-7.851657e-02
312           	warmPlate	2.708128e+02	2.720219e+02	7.977735e-02
312           	OVC	-2.440118e+02	-2.434711e+02	-7.852422e-02
313           	warmPlate	2.707879e+02	2.719969e+02	7.977003e-02
313           	OVC	-2.440353e+02	-2.434945e+02	-7.853177e-02
314           	warmPlate	2.707633e+02	2.719723e+02	7.976279e-02
314           	OVC	-2.440584e+02	-2.435176e+02	-7.853923e-02
315           	warmPlate	2.707391e+02	2.719479e+02	7.975564e-02
315           	OVC	-2.440813e+02	-2.435405e+02	-7.854661e-02
316           	warmPlate	2.707151e+02	2.719238e+02	7.974858e-02
316           	OVC	-2.441040e+02	-2.435631e+02	-7.855390e-02
317           	warmPlate	2.706914e+02	2.719000e+02	7.974160e-02
317           	OVC	-2.441264e+02	-2.435854e+02	-7.856110e-02
318           	warmPlate	2.706680e+02	2.718765e+02	7.973470e-02
318           	OVC	-2.441485e+02	-2.436074e+02	-7.856821e-02
319           	warmPlate	2.706449e+02	2.718532e+02	7.972789e-02
319           	OVC	-2.441703e+02	-2.436292e+02	-7.857524e-02
320           	warmPlate	2.706220e+02	2.718303e+02	7.972115e-02
320           	OVC	-2.441919e+02	-2.436508e+02	-7.858219e-02
321           	warmPlate	2.705994e+02	2.718076e+02	7.971450e-02
321           	OVC	-2.442132e+02	-2.436721e+02	-7.858905e-02
322           	warmPlate	2.705771e+02	2.717852e+02	7.970793e-02
322           	OVC	-2.442343e+02	-2.436931e+02	-7.859583e-02
323           	warmPlate	2.705551e+02	2.717630e+02	7.970143e-02
323           	OVC	-2.442551e+02	-2.437139e+02	-7.860254e-02
324           	warmPlate	2.705333e+02	2.717412e+02	7.969501e-02
324           	OVC	-2.442757e+02	-2.437344e+02	-7.860916e-02
325           	warmPlate	2.705118e+02	2.717195e+02	7.968867e-02
325           	OVC	-2.442960e+02	-2.437547e+02	-7.861570e-02
326           	warmPlate	2.704905e+02	2.716982e+02	7.968241e-02
326           	OVC	-2.443161e+02	-2.437747e+02	-7.862217e-02
327           	warmPlate	2.704695e+02	2.716771e+02	7.967622e-02
327           	OVC	-2.443359e+02	-2.437945e+02	-7.862855e-02
328           	warmPlate	2.704487e+02	2.716562e+02	7.967010e-02
328           	OVC	-2.443555e+02	-2.438141e+02	-7.863487e-02
329           	warmPlate	2.704282e+02	2.716356e+02	7.966405e-02
329           	OVC	-2.443749e+02	-2.438334e+02	-7.864110e-02
330           	warmPlate	2.704079e+02	2.716152e+02	7.965808e-02
330           	OVC	-2.443941e+02	-2.438525e+02	-7.864727e-02
331           	warmPlate	2.703879e+02	2.715951e+02	7.965218e-02
331           	OVC	-2.444130e+02	-2.438714e+02	-7.865336e-02
332           	warmPlate	2.703681e+02	2.715752e+02	7.964635e-02
332           	OVC	-2.444317e+02	-2.438901e+02	-7.865937e-02
333           	warmPlate	2.703486e+02	2.715556e+02	7.964059e-02
333           	OVC	-2.444501e+02	-2.439085e+02	-7.866532e-02
334           	warmPlate	2.703293e+02	2.715362e+02	7.963490e-02
334           	OVC	-2.444684e+02	-2.439267e+02	-7.867119e-02
335           	warmPlate	2.703102e+02	2.715170e+02	7.962927e-02
335           	OVC	-2.444864e+02	-2.439447e+02	-7.867700e-02
336           	warmPlate	2.702913e+02	2.714980e+02	7.962371e-02
336           	OVC	-2.445043e+02	-2.439625e+02	-7.868273e-02
337           	warmPlate	2.702727e+02	2.714793e+02	7.961822e-02
337           	OVC	-2.445219e+02	-2.439801e+02	-7.868840e-02
338           	warmPlate	2.702542e+02	2.714608e+02	7.961280e-02
338           	OVC	-2.445393e+02	-2.439974e+02	-7.869400e-02
339           	warmPlate	2.702360e+02	2.714425e+02	7.960743e-02
339           	OVC	-2.445564e+02	-2.440146e+02	-7.869954e-02
340           	warmPlate	2.702181e+02	2.714245e+02	7.960214e-02
340           	OVC	-2.445734e+02	-2.440315e+02	-7.870500e-02
341           	warmPlate	2.702003e+02	2.714066e+02	7.959690e-02
341           	OVC	-2.445902e+02	-2.440483e+02	-7.871041e-02
342           	warmPlate	2.701827e+02	2.713890e+02	7.959173e-02
342           	OVC	-2.446068e+02	-2.440648e+02	-7.871574e-02
343           	warmPlate	2.701654e+02	2.713715e+02	7.958662e-02
343           	OVC	-2.446232e+02	-2.440812e+02	-7.872102e-02
344           	warmPlate	2.701483e+02	2.713543e+02	7.958157e-02
344           	OVC	-2.446394e+02	-2.440973e+02	-7.872623e-02
345           	warmPlate	2.701313e+02	2.713373e+02	7.957658e-02
345           	OVC	-2.446554e+02	-2.441133e+02	-7.873138e-02
346           	warmPlate	2.701146e+02	2.713205e+02	7.957165e-02
346           	OVC	-2.446712e+02	-2.441291e+02	-7.873647e-02
347           	warmPlate	2.700981e+02	2.713039e+02	7.956678e-02
347           	OVC	-2.446868e+02	-2.441447e+02	-7.874150e-02
348           	warmPlate	2.700817e+02	2.712875e+02	7.956197e-02
348           	OVC	-2.447023e+02	-2.441601e+02	-7.874647e-02
349           	warmPlate	2.700656e+02	2.712713e+02	7.955721e-02
349           	OVC	-2.447175e+02	-2.441753e+02	-7.875138e-02
350           	warmPlate	2.700496e+02	2.712552e+02	7.955251e-02
350           	OVC	-2.447326e+02	-2.441903e+02	-7.875623e-02
351           	warmPlate	2.700339e+02	2.712394e+02	7.954787e-02
351           	OVC	-2.447475e+02	-2.442052e+02	-7.876102e-02
352           	warmPlate	2.700183e+02	2.712238e+02	7.954328e-02
352           	OVC	-2.447622e+02	-2.442199e+02	-7.876576e-02
353           	warmPlate	2.700029e+02	2.712083e+02	7.953875e-02
353           	OVC	-2.447767e+02	-2.442344e+02	-7.877044e-02
354           	warmPlate	2.699877e+02	2.711930e+02	7.953427e-02
354           	OVC	-2.447911e+02	-2.442487e+02	-7.877506e-02
355           	warmPlate	2.699727e+02	2.711779e+02	7.952984e-02
355           	OVC	-2.448053e+02	-2.442629e+02	-7.877963e-02
356           	warmPlate	2.699578e+02	2.711630e+02	7.952547e-02
356           	OVC	-2.448193e+02	-2.442769e+02	-7.878414e-02
357           	warmPlate	2.699432e+02	2.711483e+02	7.952115e-02
357           	OVC	-2.448332e+02	-2.442907e+02	-7.878860e-02
358           	warmPlate	2.699287e+02	2.711337e+02	7.951688e-02
358           	OVC	-2.448469e+02	-2.443044e+02	-7.879301e-02
359           	warmPlate	2.699144e+02	2.711193e+02	7.951266e-02
359           	OVC	-2.448604e+02	-2.443179e+02	-7.879737e-02
360           	warmPlate	2.699002e+02	2.711051e+02	7.950849e-02
360           	OVC	-2.448738e+02	-2.443312e+02	-7.880167e-02
361           	warmPlate	2.698862e+02	2.710911e+02	7.950437e-02
361           	OVC	-2.448870e+02	-2.443444e+02	-7.880592e-02
362           	warmPlate	2.698724e+02	2.710772e+02	7.950030e-02
362           	OVC	-2.449000e+02	-2.443574e+02	-7.881012e-02
363           	warmPlate	2.698588e+02	2.710635e+02	7.949628e-02
363           	OVC	-2.449129e+02	-2.443703e+02	-7.881428e-02
364           	warmPlate	2.698453e+02	2.710499e+02	7.949231e-02
364           	OVC	-2.449257e+02	-2.443830e+02	-7.881838e-02
365           	warmPlate	2.698320e+02	2.710366e+02	7.948838e-02
365           	OVC	-2.449382e+02	-2.443956e+02	-7.882243e-02
366           	warmPlate	2.698188e+02	2.710233e+02	7.948450e-02
366           	OVC	-2.449507e+02	-2.444080e+02	-7.882644e-02
367           	warmPlate	2.698058e+02	2.710103e+02	7.948067e-02
367           	OVC	-2.449630e+02	-2.444203e+02	-7.883039e-02
368           	warmPlate	2.697929e+02	2.709973e+02	7.947688e-02
368           	OVC	-2.449751e+02	-2.444324e+02	-7.883430e-02
369           	warmPlate	2.697802e+02	2.709846e+02	7.947314e-02
369           	OVC	-2.449871e+02	-2.444444e+02	-7.883817e-02
370           	warmPlate	2.697677e+02	2.709720e+02	7.946944e-02
370           	OVC	-2.449990e+02	-2.444562e+02	-7.884198e-02
371           	warmPlate	2.697553e+02	2.709595e+02	7.946579e-02
371           	OVC	-2.450107e+02	-2.444679e+02	-7.884576e-02
372           	warmPlate	2.697430e+02	2.709472e+02	7.946218e-02
372           	OVC	-2.450223e+02	-2.444795e+02	-7.884948e-02
373           	warmPlate	2.697309e+02	2.709350e+02	7.945861e-02
373           	OVC	-2.450337e+02	-2.444909e+02	-7.885317e-02
374           	warmPlate	2.697190e+02	2.709230e+02	7.945508e-02
374           	OVC	-2.450450e+02	-2.445022e+02	-7.885681e-02
375           	warmPlate	2.697071e+02	2.709111e+02	7.945160e-02
375           	OVC	-2.450562e+02	-2.445133e+02	-7.886040e-02
376           	warmPlate	2.696955e+02	2.708994e+02	7.944816e-02
376           	OVC	-2.450673e+02	-2.445243e+02	-7.886396e-02
377           	warmPlate	2.696839e+02	2.708878e+02	7.944476e-02
377           	OVC	-2.450782e+02	-2.445352e+02	-7.886747e-02
378           	warmPlate	2.696725e+02	2.708764e+02	7.944140e-02
378           	OVC	-2.450889e+02	-2.445460e+02	-7.887094e-02
379           	warmPlate	2.696612e+02	2.708650e+02	7.943808e-02
379           	OVC	-2.450996e+02	-2.445566e+02	-7.887436e-02
380           	warmPlate	2.696501e+02	2.708539e+02	7.943480e-02
380           	OVC	-2.451101e+02	-2.445671e+02	-7.887775e-02
381           	warmPlate	2.696391e+02	2.708428e+02	7.943156e-02
381           	OVC	-2.451205e+02	-2.445775e+02	-7.888110e-02
382           	warmPlate	2.696282e+02	2.708319e+02	7.942835e-02
382           	OVC	-2.451308e+02	-2.445877e+02	-7.888440e-02
383           	warmPlate	2.696175e+02	2.708211e+02	7.942519e-02
383           	OVC	-2.451409e+02	-2.445978e+02	-7.888767e-02
384           	warmPlate	2.696069e+02	2.708104e+02	7.942206e-02
384           	OVC	-2.451510e+02	-2.446078e+02	-7.889090e-02
385           	warmPlate	2.695964e+02	2.707999e+02	7.941897e-02
385           	OVC	-2.451609e+02	-2.446177e+02	-7.889409e-02
386           	warmPlate	2.695860e+02	2.707895e+02	7.941592e-02
386           	OVC	-2.451707e+02	-2.446275e+02	-7.889724e-02
387           	warmPlate	2.695758e+02	2.707792e+02	7.941290e-02
387           	OVC	-2.451803e+02	-2.446372e+02	-7.890036e-02
388           	warmPlate	2.695657e+02	2.707690e+02	7.940992e-02
388           	OVC	-2.451899e+02	-2.446467e+02	-7.890343e-02
389           	warmPlate	2.695557e+02	2.707590e+02	7.940698e-02
389           	OVC	-2.451993e+02	-2.446561e+02	-7.890647e-02
390           	warmPlate	2.695458e+02	2.707491e+02	7.940407e-02
390           	OVC	-2.452087e+02	-2.446654e+02	-7.890948e-02
391           	warmPlate	2.695360e+02	2.707393e+02	7.940119e-02
391           	OVC	-2.452179e+02	-2.446747e+02	-7.891245e-02
392           	warmPlate	2.695264e+02	2.707296e+02	7.939835e-02
392           	OVC	-2.452270e+02	-2.446837e+02	-7.891538e-02
393           	warmPlate	2.695169e+02	2.707200e+02	7.939554e-02
393           	OVC	-2.452360e+02	-2.446927e+02	-7.891828e-02
394           	warmPlate	2.695075e+02	2.707105e+02	7.939277e-02
394           	OVC	-2.452449e+02	-2.447016e+02	-7.892114e-02
395           	warmPlate	2.694982e+02	2.707012e+02	7.939003e-02
395           	OVC	-2.452537e+02	-2.447104e+02	-7.892397e-02
396           	warmPlate	2.694890e+02	2.706920e+02	7.938732e-02
396           	OVC	-2.452624e+02	-2.447191e+02	-7.892677e-02
397           	warmPlate	2.694799e+02	2.706828e+02	7.938464e-02
397           	OVC	-2.452710e+02	-2.447276e+02	-7.892953e-02
398           	warmPlate	2.694709e+02	2.706738e+02	7.938200e-02
398           	OVC	-2.452795e+02	-2.447361e+02	-7.893226e-02
399           	warmPlate	2.694620e+02	2.706649e+02	7.937939e-02
399           	OVC	-2.452879e+02	-2.447445e+02	-7.893496e-02
400           	warmPlate	2.694533e+02	2.706561e+02	7.937681e-02
400           	OVC	-2.452961e+02	-2.447527e+02	-7.893763e-02
401           	warmPlate	2.694446e+02	2.706474e+02	7.937425e-02
401           	OVC	-2.453043e+02	-2.447609e+02	-7.894026e-02
402           	warmPlate	2.694361e+02	2.706388e+02	7.937173e-02
402           	OVC	-2.453124e+02	-2.447689e+02	-7.894286e-02
403           	warmPlate	2.694276e+02	2.706303e+02	7.936924e-02
403           	OVC	-2.453204e+02	-2.447769e+02	-7.894544e-02
404           	warmPlate	2.694193e+02	2.706219e+02	7.936678e-02
404           	OVC	-2.453283e+02	-2.447848e+02	-7.894798e-02
405           	warmPlate	2.694110e+02	2.706136e+02	7.936435e-02
405           	OVC	-2.453361e+02	-2.447926e+02	-7.895049e-02
406           	warmPlate	2.694029e+02	2.706054e+02	7.936195e-02
406           	OVC	-2.453438e+02	-2.448003e+02	-7.895297e-02
407           	warmPlate	2.693948e+02	2.705974e+02	7.935957e-02
407           	OVC	-2.453514e+02	-2.448079e+02	-7.895542e-02
408           	warmPlate	2.693868e+02	2.705894e+02	7.935723e-02
408           	OVC	-2.453589e+02	-2.448154e+02	-7.895784e-02
409           	warmPlate	2.693790e+02	2.705815e+02	7.935491e-02
409           	OVC	-2.453664e+02	-2.448228e+02	-7.896023e-02
410           	warmPlate	2.693712e+02	2.705736e+02	7.935262e-02
410           	OVC	-2.453737e+02	-2.448301e+02	-7.896260e-02
411           	warmPlate	2.693635e+02	2.705659e+02	7.935036e-02
411           	OVC	-2.453810e+02	-2.448374e+02	-7.896494e-02
412           	warmPlate	2.693559e+02	2.705583e+02	7.934812e-02
412           	OVC	-2.453881e+02	-2.448445e+02	-7.896724e-02
413           	warmPlate	2.693484e+02	2.705508e+02	7.934591e-02
413           	OVC	-2.453952e+02	-2.448516e+02	-7.896953e-02
414           	warmPlate	2.693410e+02	2.705433e+02	7.934373e-02
414           	OVC	-2.454022e+02	-2.448586e+02	-7.897178e-02
415           	warmPlate	2.693337e+02	2.705360e+02	7.934157e-02
415           	OVC	-2.454092e+02	-2.448655e+02	-7.897401e-02
416           	warmPlate	2.693265e+02	2.705287e+02	7.933944e-02
416           	OVC	-2.454160e+02	-2.448723e+02	-7.897621e-02
417           	warmPlate	2.693193e+02	2.705215e+02	7.933733e-02
417           	OVC	-2.454227e+02	-2.448791e+02	-7.897838e-02
418           	warmPlate	2.693122e+02	2.705144e+02	7.933525e-02
418           	OVC	-2.454294e+02	-2.448857e+02	-7.898053e-02
419           	warmPlate	2.693053e+02	2.705074e+02	7.933320e-02
419           	OVC	-2.454360e+02	-2.448923e+02	-7.898265e-02
420           	warmPlate	2.692984e+02	2.705005e+02	7.933117e-02
420           	OVC	-2.454425e+02	-2.448988e+02	-7.898475e-02
421           	warmPlate	2.692916e+02	2.704936e+02	7.932916e-02
421           	OVC	-2.454490e+02	-2.449052e+02	-7.898683e-02
422           	warmPlate	2.692848e+02	2.704869e+02	7.932717e-02
422           	OVC	-2.454553e+02	-2.449116e+02	-7.898887e-02
423           	warmPlate	2.692782e+02	2.704802e+02	7.932521e-02
423           	OVC	-2.454616e+02	-2.449179e+02	-7.899090e-02
424           	warmPlate	2.692716e+02	2.704736e+02	7.932328e-02
424           	OVC	-2.454678e+02	-2.449241e+02	-7.899290e-02
425           	warmPlate	2.692651e+02	2.704671e+02	7.932136e-02
425           	OVC	-2.454740e+02	-2.449302e+02	-7.899487e-02
426           	warmPlate	2.692587e+02	2.704606e+02	7.931947e-02
426           	OVC	-2.454800e+02	-2.449362e+02	-7.899683e-02
427           	warmPlate	2.692523e+02	2.704542e+02	7.931760e-02
427           	OVC	-2.454860e+02	-2.449422e+02	-7.899876e-02
428           	warmPlate	2.692461e+02	2.704479e+02	7.931576e-02
428           	OVC	-2.454920e+02	-2.449481e+02	-7.900066e-02
429           	warmPlate	2.692399e+02	2.704417e+02	7.931393e-02
429           	OVC	-2.454978e+02	-2.449540e+02	-7.900254e-02
430           	warmPlate	2.692338e+02	2.704356e+02	7.931213e-02
430           	OVC	-2.455036e+02	-2.449597e+02	-7.900441e-02
431           	warmPlate	2.692277e+02	2.704295e+02	7.931035e-02
431           	OVC	-2.455093e+02	-2.449654e+02	-7.900625e-02
432           	warmPlate	2.692218e+02	2.704235e+02	7.930859e-02
432           	OVC	-2.455150e+02	-2.449711e+02	-7.900806e-02
433           	warmPlate	2.692159e+02	2.704176e+02	7.930685e-02
433           	OVC	-2.455205e+02	-2.449766e+02	-7.900986e-02
434           	warmPlate	2.692100e+02	2.704117e+02	7.930513e-02
434           	OVC	-2.455260e+02	-2.449821e+02	-7.901163e-02
435           	warmPlate	2.692043e+02	2.704059e+02	7.930344e-02
435           	OVC	-2.455315e+02	-2.449876e+02	-7.901338e-02
436           	warmPlate	2.691986e+02	2.704002e+02	7.930176e-02
436           	OVC	-2.455369e+02	-2.449929e+02	-7.901512e-02
437           	warmPlate	2.691929e+02	2.703946e+02	7.930010e-02
437           	OVC	-2.455422e+02	-2.449983e+02	-7.901683e-02
438           	warmPlate	2.691874e+02	2.703890e+02	7.929846e-02
438           	OVC	-2.455474e+02	-2.450035e+02	-7.901852e-02
439           	warmPlate	2.691819e+02	2.703835e+02	7.929685e-02
439           	OVC	-2.455526e+02	-2.450087e+02	-7.902019e-02
440           	warmPlate	2.691765e+02	2.703780e+02	7.929525e-02
440           	OVC	-2.455578e+02	-2.450138e+02	-7.902184e-02
441           	warmPlate	2.691711e+02	2.703726e+02	7.929367e-02
441           	OVC	-2.455628e+02	-2.450189e+02	-7.902347e-02
442           	warmPlate	2.691658e+02	2.703673e+02	7.929211e-02
442           	OVC	-2.455678e+02	-2.450239e+02	-7.902508e-02
443           	warmPlate	2.691606e+02	2.703620e+02	7.929056e-02
443           	OVC	-2.455728e+02	-2.450288e+02	-7.902668e-02
444           	warmPlate	2.691554e+02	2.703568e+02	7.928904e-02
444           	OVC	-2.455777e+02	-2.450337e+02	-7.902825e-02
445           	warmPlate	2.691503e+02	2.703517e+02	7.928753e-02
445           	OVC	-2.455825e+02	-2.450385e+02	-7.902981e-02
446           	warmPlate	2.691452e+02	2.703466e+02	7.928604e-02
446           	OVC	-2.455873e+02	-2.450433e+02	-7.903134e-02
447           	warmPlate	2.691402e+02	2.703416e+02	7.928457e-02
447           	OVC	-2.455920e+02	-2.450480e+02	-7.903286e-02
448           	warmPlate	2.691353e+02	2.703367e+02	7.928312e-02
448           	OVC	-2.455967e+02	-2.450526e+02	-7.903436e-02
449           	warmPlate	2.691304e+02	2.703318e+02	7.928169e-02
449           	OVC	-2.456013e+02	-2.450572e+02	-7.903584e-02
450           	warmPlate	2.691256e+02	2.703269e+02	7.928027e-02
450           	OVC	-2.456058e+02	-2.450617e+02	-7.903731e-02
451           	warmPlate	2.691209e+02	2.703221e+02	7.927886e-02
451           	OVC	-2.456103e+02	-2.450662e+02	-7.903876e-02
452           	warmPlate	2.691162e+02	2.703174e+02	7.927748e-02
452           	OVC	-2.456148e+02	-2.450707e+02	-7.904019e-02
453           	warmPlate	2.691115e+02	2.703128e+02	7.927611e-02
453           	OVC	-2.456191e+02	-2.450751e+02	-7.904160e-02
454           	warmPlate	2.691069e+02	2.703081e+02	7.927476e-02
454           	OVC	-2.456235e+02	-2.450794e+02	-7.904300e-02
455           	warmPlate	2.691024e+02	2.703036e+02	7.927342e-02
455           	OVC	-2.456278e+02	-2.450837e+02	-7.904438e-02
456           	warmPlate	2.690979e+02	2.702991e+02	7.927210e-02
456           	OVC	-2.456320e+02	-2.450879e+02	-7.904574e-02
457           	warmPlate	2.690935e+02	2.702946e+02	7.927080e-02
457           	OVC	-2.456362e+02	-2.450921e+02	-7.904709e-02
458           	warmPlate	2.690891e+02	2.702902e+02	7.926951e-02
458           	OVC	-2.456403e+02	-2.450962e+02	-7.904842e-02
459           	warmPlate	2.690848e+02	2.702859e+02	7.926824e-02
459           	OVC	-2.456444e+02	-2.451003e+02	-7.904973e-02
460           	warmPlate	2.690805e+02	2.702816e+02	7.926698e-02
460           	OVC	-2.456484e+02	-2.451043e+02	-7.905103e-02
461           	warmPlate	2.690763e+02	2.702774e+02	7.926573e-02
461           	OVC	-2.456524e+02	-2.451083e+02	-7.905232e-02
462           	warmPlate	2.690721e+02	2.702732e+02	7.926450e-02
462           	OVC	-2.456564e+02	-2.451122e+02	-7.905358e-02
463           	warmPlate	2.690680e+02	2.702690e+02	7.926329e-02
463           	OVC	-2.456603e+02	-2.451161e+02	-7.905484e-02
464           	warmPlate	2.690639e+02	2.702649e+02	7.926209e-02
464           	OVC	-2.456641e+02	-2.451199e+02	-7.905608e-02
465           	warmPlate	2.690599e+02	2.702609e+02	7.926091e-02
465           	OVC	-2.456679e+02	-2.451237e+02	-7.905730e-02
466           	warmPlate	2.690559e+02	2.702569e+02	7.925973e-02
466           	OVC	-2.456717e+02	-2.451275e+02	-7.905851e-02
467           	warmPlate	2.690520e+02	2.702530e+02	7.925858e-02
467           	OVC	-2.456754e+02	-2.451312e+02	-7.905970e-02
468           	warmPlate	2.690481e+02	2.702491e+02	7.925743e-02
468           	OVC	-2.456791e+02	-2.451348e+02	-7.906089e-02
469           	warmPlate	2.690443e+02	2.702452e+02	7.925630e-02
469           	OVC	-2.456827e+02	-2.451385e+02	-7.906205e-02
470           	warmPlate	2.690405e+02	2.702414e+02	7.925519e-02
470           	OVC	-2.456863e+02	-2.451420e+02	-7.906320e-02
471           	warmPlate	2.690368e+02	2.702376e+02	7.925408e-02
471           	OVC	-2.456898e+02	-2.451456e+02	-7.906434e-02
472           	warmPlate	2.690331e+02	2.702339e+02	7.925299e-02
472           	OVC	-2.456933e+02	-2.451491e+02	-7.906547e-02
473           	warmPlate	2.690294e+02	2.702303e+02	7.925192e-02
473           	OVC	-2.456968e+02	-2.451525e+02	-7.906658e-02
474           	warmPlate	2.690258e+02	2.702266e+02	7.925085e-02
474           	OVC	-2.457002e+02	-2.451559e+02	-7.906768e-02
475           	warmPlate	2.690222e+02	2.702230e+02	7.924980e-02
475           	OVC	-2.457035e+02	-2.451593e+02	-7.906877e-02
476           	warmPlate	2.690187e+02	2.702195e+02	7.924876e-02
476           	OVC	-2.457069e+02	-2.451626e+02	-7.906984e-02
477           	warmPlate	2.690152e+02	2.702160e+02	7.924773e-02
477           	OVC	-2.457102e+02	-2.451659e+02	-7.907090e-02
478           	warmPlate	2.690118e+02	2.702125e+02	7.924672e-02
478           	OVC	-2.457134e+02	-2.451691e+02	-7.907195e-02
479           	warmPlate	2.690084e+02	2.702091e+02	7.924572e-02
479           	OVC	-2.457166e+02	-2.451723e+02	-7.907298e-02
480           	warmPlate	2.690050e+02	2.702057e+02	7.924473e-02
480           	OVC	-2.457198e+02	-2.451755e+02	-7.907400e-02
481           	warmPlate	2.690017e+02	2.702024e+02	7.924375e-02
481           	OVC	-2.457230e+02	-2.451786e+02	-7.907502e-02
482           	warmPlate	2.689984e+02	2.701991e+02	7.924278e-02
482           	OVC	-2.457261e+02	-2.451817e+02	-7.907601e-02
483           	warmPlate	2.689951e+02	2.701958e+02	7.924183e-02
483           	OVC	-2.457291e+02	-2.451848e+02	-7.907700e-02
484           	warmPlate	2.689919e+02	2.701926e+02	7.924088e-02
484           	OVC	-2.457321e+02	-2.451878e+02	-7.907798e-02
485           	warmPlate	2.689888e+02	2.701894e+02	7.923995e-02
485           	OVC	-2.457351e+02	-2.451908e+02	-7.907894e-02
486           	warmPlate	2.689856e+02	2.701863e+02	7.923903e-02
486           	OVC	-2.457381e+02	-2.451938e+02	-7.907989e-02
487           	warmPlate	2.689826e+02	2.701832e+02	7.923812e-02
487           	OVC	-2.457410e+02	-2.451967e+02	-7.908083e-02
488           	warmPlate	2.689795e+02	2.701801e+02	7.923722e-02
488           	OVC	-2.457439e+02	-2.451996e+02	-7.908176e-02
489           	warmPlate	2.689765e+02	2.701771e+02	7.923633e-02
489           	OVC	-2.457468e+02	-2.452024e+02	-7.908268e-02
490           	warmPlate	2.689735e+02	2.701741e+02	7.923545e-02
490           	OVC	-2.457496e+02	-2.452052e+02	-7.908359e-02
491           	warmPlate	2.689706e+02	2.701711e+02	7.923458e-02
491           	OVC	-2.457524e+02	-2.452080e+02	-7.908448e-02
492           	warmPlate	2.689676e+02	2.701682e+02	7.923372e-02
492           	OVC	-2.457551e+02	-2.452107e+02	-7.908537e-02
493           	warmPlate	2.689648e+02	2.701653e+02	7.923287e-02
493           	OVC	-2.457578e+02	-2.452135e+02	-7.908624e-02
494           	warmPlate	2.689619e+02	2.701625e+02	7.923204e-02
494           	OVC	-2.457605e+02	-2.452161e+02	-7.908711e-02
495           	warmPlate	2.689591e+02	2.701596e+02	7.923121e-02
495           	OVC	-2.457632e+02	-2.452188e+02	-7.908796e-02
496           	warmPlate	2.689563e+02	2.701569e+02	7.923039e-02
496           	OVC	-2.457658e+02	-2.452214e+02	-7.908881e-02
497           	warmPlate	2.689536e+02	2.701541e+02	7.922958e-02
497           	OVC	-2.457684e+02	-2.452240e+02	-7.908964e-02
498           	warmPlate	2.689509e+02	2.701514e+02	7.922878e-02
498           	OVC	-2.457710e+02	-2.452265e+02	-7.909047e-02
499           	warmPlate	2.689482e+02	2.701487e+02	7.922799e-02
499           	OVC	-2.457735e+02	-2.452291e+02	-7.909128e-02
500           	warmPlate	2.689456e+02	2.701460e+02	7.922722e-02
500           	OVC	-2.457760e+02	-2.452316e+02	-7.909208e-02
501           	warmPlate	2.689429e+02	2.701434e+02	7.922644e-02
501           	OVC	-2.457785e+02	-2.452340e+02	-7.909288e-02
502           	warmPlate	2.689404e+02	2.701408e+02	7.922568e-02
502           	OVC	-2.457809e+02	-2.452365e+02	-7.909367e-02
503           	warmPlate	2.689378e+02	2.701382e+02	7.922493e-02
503           	OVC	-2.457833e+02	-2.452389e+02	-7.909444e-02
504           	warmPlate	2.689353e+02	2.701357e+02	7.922419e-02
504           	OVC	-2.457857e+02	-2.452413e+02	-7.909521e-02
505           	warmPlate	2.689328e+02	2.701332e+02	7.922345e-02
505           	OVC	-2.457880e+02	-2.452436e+02	-7.909597e-02
506           	warmPlate	2.689303e+02	2.701307e+02	7.922273e-02
506           	OVC	-2.457904e+02	-2.452459e+02	-7.909672e-02
507           	warmPlate	2.689279e+02	2.701283e+02	7.922201e-02
507           	OVC	-2.457927e+02	-2.452482e+02	-7.909746e-02
508           	warmPlate	2.689255e+02	2.701259e+02	7.922130e-02
508           	OVC	-2.457949e+02	-2.452505e+02	-7.909819e-02
509           	warmPlate	2.689231e+02	2.701235e+02	7.922060e-02
509           	OVC	-2.457972e+02	-2.452527e+02	-7.909891e-02
510           	warmPlate	2.689208e+02	2.701211e+02	7.921991e-02
510           	OVC	-2.457994e+02	-2.452549e+02	-7.909963e-02
511           	warmPlate	2.689184e+02	2.701188e+02	7.921923e-02
511           	OVC	-2.458016e+02	-2.452571e+02	-7.910033e-02
512           	warmPlate	2.689162e+02	2.701165e+02	7.921855e-02
512           	OVC	-2.458038e+02	-2.452593e+02	-7.910103e-02
513           	warmPlate	2.689139e+02	2.701142e+02	7.921789e-02
513           	OVC	-2.458059e+02	-2.452614e+02	-7.910172e-02
514           	warmPlate	2.689117e+02	2.701120e+02	7.921723e-02
514           	OVC	-2.458080e+02	-2.452635e+02	-7.910240e-02
515           	warmPlate	2.689094e+02	2.701097e+02	7.921657e-02
515           	OVC	-2.458101e+02	-2.452656e+02	-7.910307e-02
516           	warmPlate	2.689073e+02	2.701075e+02	7.921593e-02
516           	OVC	-2.458122e+02	-2.452677e+02	-7.910373e-02
517           	warmPlate	2.689051e+02	2.701054e+02	7.921529e-02
517           	OVC	-2.458142e+02	-2.452697e+02	-7.910439e-02
518           	warmPlate	2.689030e+02	2.701032e+02	7.921467e-02
518           	OVC	-2.458162e+02	-2.452717e+02	-7.910504e-02
519           	warmPlate	2.689009e+02	2.701011e+02	7.921405e-02
519           	OVC	-2.458182e+02	-2.452737e+02	-7.910568e-02
520           	warmPlate	2.688988e+02	2.700990e+02	7.921343e-02
520           	OVC	-2.458202e+02	-2.452757e+02	-7.910631e-02
521           	warmPlate	2.688967e+02	2.700970e+02	7.921283e-02
521           	OVC	-2.458221e+02	-2.452776e+02	-7.910694e-02
522           	warmPlate	2.688947e+02	2.700949e+02	7.921223e-02
522           	OVC	-2.458241e+02	-2.452795e+02	-7.910756e-02
523           	warmPlate	2.688927e+02	2.700929e+02	7.921163e-02
523           	OVC	-2.458260e+02	-2.452814e+02	-7.910817e-02
524           	warmPlate	2.688907e+02	2.700909e+02	7.921105e-02
524           	OVC	-2.458278e+02	-2.452833e+02	-7.910877e-02
525           	warmPlate	2.688887e+02	2.700889e+02	7.921047e-02
525           	OVC	-2.458297e+02	-2.452852e+02	-7.910937e-02
526           	warmPlate	2.688868e+02	2.700870e+02	7.920990e-02
526           	OVC	-2.458315e+02	-2.452870e+02	-7.910996e-02
527           	warmPlate	2.688849e+02	2.700851e+02	7.920934e-02
527           	OVC	-2.458333e+02	-2.452888e+02	-7.911054e-02
528           	warmPlate	2.688830e+02	2.700832e+02	7.920878e-02
528           	OVC	-2.458351e+02	-2.452906e+02	-7.911112e-02
529           	warmPlate	2.688811e+02	2.700813e+02	7.920823e-02
529           	OVC	-2.458369e+02	-2.452923e+02	-7.911169e-02
530           	warmPlate	2.688793e+02	2.700794e+02	7.920768e-02
530           	OVC	-2.458386e+02	-2.452941e+02	-7.911225e-02
531           	warmPlate	2.688774e+02	2.700776e+02	7.920715e-02
531           	OVC	-2.458404e+02	-2.452958e+02	-7.911280e-02
532           	warmPlate	2.688756e+02	2.700758e+02	7.920661e-02
532           	OVC	-2.458421e+02	-2.452975e+02	-7.911335e-02
533           	warmPlate	2.688739e+02	2.700740e+02	7.920609e-02
533           	OVC	-2.458437e+02	-2.452992e+02	-7.911390e-02
534           	warmPlate	2.688721e+02	2.700722e+02	7.920557e-02
534           	OVC	-2.458454e+02	-2.453008e+02	-7.911443e-02
535           	warmPlate	2.688704e+02	2.700705e+02	7.920506e-02
535           	OVC	-2.458471e+02	-2.453025e+02	-7.911496e-02
536           	warmPlate	2.688686e+02	2.700687e+02	7.920455e-02
536           	OVC	-2.458487e+02	-2.453041e+02	-7.911548e-02
537           	warmPlate	2.688669e+02	2.700670e+02	7.920405e-02
537           	OVC	-2.458503e+02	-2.453057e+02	-7.911600e-02
538           	warmPlate	2.688653e+02	2.700653e+02	7.920356e-02
538           	OVC	-2.458519e+02	-2.453073e+02	-7.911651e-02
539           	warmPlate	2.688636e+02	2.700637e+02	7.920307e-02
539           	OVC	-2.458534e+02	-2.453089e+02	-7.911702e-02
540           	warmPlate	2.688620e+02	2.700620e+02	7.920258e-02
540           	OVC	-2.458550e+02	-2.453104e+02	-7.911751e-02
541           	warmPlate	2.688603e+02	2.700604e+02	7.920211e-02
541           	OVC	-2.458565e+02	-2.453119e+02	-7.911801e-02
542           	warmPlate	2.688587e+02	2.700588e+02	7.920163e-02
542           	OVC	-2.458580e+02	-2.453134e+02	-7.911849e-02
543           	warmPlate	2.688572e+02	2.700572e+02	7.920117e-02
543           	OVC	-2.458595e+02	-2.453149e+02	-7.911897e-02
544           	warmPlate	2.688556e+02	2.700556e+02	7.920071e-02
544           	OVC	-2.458610e+02	-2.453164e+02	-7.911945e-02
545           	warmPlate	2.688540e+02	2.700541e+02	7.920025e-02
545           	OVC	-2.458625e+02	-2.453179e+02	-7.911992e-02
546           	warmPlate	2.688525e+02	2.700526e+02	7.919980e-02
546           	OVC	-2.458639e+02	-2.453193e+02	-7.912038e-02
547           	warmPlate	2.688510e+02	2.700510e+02	7.919936e-02
547           	OVC	-2.458653e+02	-2.453207e+02	-7.912084e-02
548           	warmPlate	2.688495e+02	2.700495e+02	7.919892e-02
548           	OVC	-2.458667e+02	-2.453221e+02	-7.912129e-02
549           	warmPlate	2.688481e+02	2.700481e+02	7.919849e-02
549           	OVC	-2.458681e+02	-2.453235e+02	-7.912174e-02
550           	warmPlate	2.688466e+02	2.700466e+02	7.919806e-02
550           	OVC	-2.458695e+02	-2.453249e+02	-7.912218e-02
551           	warmPlate	2.688452e+02	2.700452e+02	7.919764e-02
551           	OVC	-2.458709e+02	-2.453262e+02	-7.912262e-02
552           	warmPlate	2.688437e+02	2.700437e+02	7.919722e-02
552           	OVC	-2.458722e+02	-2.453276e+02	-7.912305e-02
553           	warmPlate	2.688423e+02	2.700423e+02	7.919680e-02
553           	OVC	-2.458735e+02	-2.453289e+02	-7.912348e-02
554           	warmPlate	2.688410e+02	2.700409e+02	7.919640e-02
554           	OVC	-2.458748e+02	-2.453302e+02	-7.912390e-02
555           	warmPlate	2.688396e+02	2.700396e+02	7.919599e-02
555           	OVC	-2.458761e+02	-2.453315e+02	-7.912432e-02
556           	warmPlate	2.688382e+02	2.700382e+02	7.919559e-02
556           	OVC	-2.458774e+02	-2.453328e+02	-7.912473e-02
557           	warmPlate	2.688369e+02	2.700369e+02	7.919520e-02
557           	OVC	-2.458787e+02	-2.453340e+02	-7.912514e-02
558           	warmPlate	2.688356e+02	2.700355e+02	7.919481e-02
558           	OVC	-2.458799e+02	-2.453353e+02	-7.912554e-02
559           	warmPlate	2.688343e+02	2.700342e+02	7.919442e-02
559           	OVC	-2.458811e+02	-2.453365e+02	-7.912594e-02
560           	warmPlate	2.688330e+02	2.700329e+02	7.919404e-02
560           	OVC	-2.458824e+02	-2.453377e+02	-7.912633e-02
561           	warmPlate	2.688317e+02	2.700316e+02	7.919367e-02
561           	OVC	-2.458836e+02	-2.453389e+02	-7.912672e-02
562           	warmPlate	2.688304e+02	2.700304e+02	7.919330e-02
562           	OVC	-2.458848e+02	-2.453401e+02	-7.912710e-02
563           	warmPlate	2.688292e+02	2.700291e+02	7.919293e-02
563           	OVC	-2.458859e+02	-2.453413e+02	-7.912748e-02
564           	warmPlate	2.688280e+02	2.700279e+02	7.919257e-02
564           	OVC	-2.458871e+02	-2.453424e+02	-7.912785e-02
565           	warmPlate	2.688267e+02	2.700267e+02	7.919221e-02
565           	OVC	-2.458882e+02	-2.453436e+02	-7.912822e-02
566           	warmPlate	2.688255e+02	2.700255e+02	7.919186e-02
566           	OVC	-2.458894e+02	-2.453447e+02	-7.912859e-02
567           	warmPlate	2.688244e+02	2.700243e+02	7.919151e-02
567           	OVC	-2.458905e+02	-2.453458e+02	-7.912895e-02
568           	warmPlate	2.688232e+02	2.700231e+02	7.919116e-02
568           	OVC	-2.458916e+02	-2.453470e+02	-7.912930e-02
569           	warmPlate	2.688220e+02	2.700219e+02	7.919082e-02
569           	OVC	-2.458927e+02	-2.453480e+02	-7.912966e-02
570           	warmPlate	2.688209e+02	2.700208e+02	7.919048e-02
570           	OVC	-2.458938e+02	-2.453491e+02	-7.913000e-02
571           	warmPlate	2.688198e+02	2.700196e+02	7.919015e-02
571           	OVC	-2.458949e+02	-2.453502e+02	-7.913035e-02
572           	warmPlate	2.688186e+02	2.700185e+02	7.918982e-02
572           	OVC	-2.458959e+02	-2.453512e+02	-7.913069e-02
573           	warmPlate	2.688175e+02	2.700174e+02	7.918950e-02
573           	OVC	-2.458970e+02	-2.453523e+02	-7.913102e-02
574           	warmPlate	2.688164e+02	2.700163e+02	7.918917e-02
574           	OVC	-2.458980e+02	-2.453533e+02	-7.913135e-02
575           	warmPlate	2.688154e+02	2.700152e+02	7.918886e-02
575           	OVC	-2.458990e+02	-2.453543e+02	-7.913168e-02
576           	warmPlate	2.688143e+02	2.700142e+02	7.918854e-02
576           	OVC	-2.459000e+02	-2.453553e+02	-7.913201e-02
577           	warmPlate	2.688132e+02	2.700131e+02	7.918823e-02
577           	OVC	-2.459010e+02	-2.453563e+02	-7.913233e-02
578           	warmPlate	2.688122e+02	2.700121e+02	7.918793e-02
578           	OVC	-2.459020e+02	-2.453573e+02	-7.913264e-02
579           	warmPlate	2.688112e+02	2.700110e+02	7.918762e-02
579           	OVC	-2.459030e+02	-2.453583e+02	-7.913296e-02
580           	warmPlate	2.688102e+02	2.700100e+02	7.918732e-02
580           	OVC	-2.459039e+02	-2.453592e+02	-7.913326e-02
581           	warmPlate	2.688092e+02	2.700090e+02	7.918703e-02
581           	OVC	-2.459049e+02	-2.453602e+02	-7.913357e-02
582           	warmPlate	2.688082e+02	2.700080e+02	7.918674e-02
582           	OVC	-2.459058e+02	-2.453611e+02	-7.913387e-02
583           	warmPlate	2.688072e+02	2.700070e+02	7.918645e-02
583           	OVC	-2.459067e+02	-2.453620e+02	-7.913417e-02
584           	warmPlate	2.688062e+02	2.700060e+02	7.918616e-02
584           	OVC	-2.459076e+02	-2.453629e+02	-7.913446e-02
585           	warmPlate	2.688053e+02	2.700051e+02	7.918588e-02
585           	OVC	-2.459085e+02	-2.453639e+02	-7.913475e-02
586           	warmPlate	2.688043e+02	2.700041e+02	7.918560e-02
586           	OVC	-2.459094e+02	-2.453647e+02	-7.913504e-02
587           	warmPlate	2.688034e+02	2.700032e+02	7.918533e-02
587           	OVC	-2.459103e+02	-2.453656e+02	-7.913533e-02
588           	warmPlate	2.688025e+02	2.700023e+02	7.918505e-02
588           	OVC	-2.459112e+02	-2.453665e+02	-7.913561e-02
589           	warmPlate	2.688016e+02	2.700014e+02	7.918479e-02
589           	OVC	-2.459121e+02	-2.453674e+02	-7.913588e-02
590           	warmPlate	2.688006e+02	2.700004e+02	7.918452e-02
590           	OVC	-2.459129e+02	-2.453682e+02	-7.913616e-02
591           	warmPlate	2.687998e+02	2.699996e+02	7.918426e-02
591           	OVC	-2.459137e+02	-2.453690e+02	-7.913643e-02
592           	warmPlate	2.687989e+02	2.699987e+02	7.918400e-02
592           	OVC	-2.459146e+02	-2.453699e+02	-7.913669e-02
593           	warmPlate	2.687980e+02	2.699978e+02	7.918374e-02
593           	OVC	-2.459154e+02	-2.453707e+02	-7.913696e-02
594           	warmPlate	2.687972e+02	2.699969e+02	7.918349e-02
594           	OVC	-2.459162e+02	-2.453715e+02	-7.913722e-02
595           	warmPlate	2.687963e+02	2.699961e+02	7.918324e-02
595           	OVC	-2.459170e+02	-2.453723e+02	-7.913748e-02
596           	warmPlate	2.687955e+02	2.699952e+02	7.918299e-02
596           	OVC	-2.459178e+02	-2.453731e+02	-7.913773e-02
597           	warmPlate	2.687946e+02	2.699944e+02	7.918275e-02
597           	OVC	-2.459186e+02	-2.453739e+02	-7.913799e-02
598           	warmPlate	2.687938e+02	2.699936e+02	7.918251e-02
598           	OVC	-2.459194e+02	-2.453746e+02	-7.913823e-02
599           	warmPlate	2.687930e+02	2.699928e+02	7.918227e-02
599           	OVC	-2.459201e+02	-2.453754e+02	-7.913848e-02
600           	warmPlate	2.687922e+02	2.699920e+02	7.918203e-02
600           	OVC	-2.459209e+02	-2.453762e+02	-7.913872e-02
601           	warmPlate	2.687914e+02	2.699912e+02	7.918180e-02
601           	OVC	-2.459216e+02	-2.453769e+02	-7.913896e-02
602           	warmPlate	2.687906e+02	2.699904e+02	7.918157e-02
602           	OVC	-2.459224e+02	-2.453776e+02	-7.913920e-02
603           	warmPlate	2.687899e+02	2.699896e+02	7.918134e-02
603           	OVC	-2.459231e+02	-2.453784e+02	-7.913943e-02
604           	warmPlate	2.687891e+02	2.699888e+02	7.918112e-02
604           	OVC	-2.459238e+02	-2.453791e+02	-7.913967e-02
605           	warmPlate	2.687884e+02	2.699881e+02	7.918090e-02
605           	OVC	-2.459245e+02	-2.453798e+02	-7.913990e-02
606           	warmPlate	2.687876e+02	2.699873e+02	7.918068e-02
606           	OVC	-2.459252e+02	-2.453805e+02	-7.914012e-02
607           	warmPlate	2.687869e+02	2.699866e+02	7.918046e-02
607           	OVC	-2.459259e+02	-2.453812e+02	-7.914035e-02
608           	warmPlate	2.687861e+02	2.699859e+02	7.918025e-02
608           	OVC	-2.459266e+02	-2.453819e+02	-7.914057e-02
609           	warmPlate	2.687854e+02	2.699852e+02	7.918004e-02
609           	OVC	-2.459273e+02	-2.453825e+02	-7.914078e-02
610           	warmPlate	2.687847e+02	2.699844e+02	7.917983e-02
610           	OVC	-2.459279e+02	-2.453832e+02	-7.914100e-02
611           	warmPlate	2.687840e+02	2.699837e+02	7.917962e-02
611           	OVC	-2.459286e+02	-2.453839e+02	-7.914121e-02
612           	warmPlate	2.687833e+02	2.699830e+02	7.917942e-02
612           	OVC	-2.459293e+02	-2.453845e+02	-7.914142e-02
613           	warmPlate	2.687826e+02	2.699824e+02	7.917922e-02
613           	OVC	-2.459299e+02	-2.453852e+02	-7.914163e-02
614           	warmPlate	2.687820e+02	2.699817e+02	7.917902e-02
614           	OVC	-2.459305e+02	-2.453858e+02	-7.914184e-02
615           	warmPlate	2.687813e+02	2.699810e+02	7.917882e-02
615           	OVC	-2.459312e+02	-2.453864e+02	-7.914204e-02
616           	warmPlate	2.687806e+02	2.699803e+02	7.917863e-02
616           	OVC	-2.459318e+02	-2.453871e+02	-7.914224e-02
617           	warmPlate	2.687800e+02	2.699797e+02	7.917843e-02
617           	OVC	-2.459324e+02	-2.453877e+02	-7.914244e-02
618           	warmPlate	2.687793e+02	2.699790e+02	7.917824e-02
618           	OVC	-2.459330e+02	-2.453883e+02	-7.914263e-02
619           	warmPlate	2.687787e+02	2.699784e+02	7.917806e-02
619           	OVC	-2.459336e+02	-2.453889e+02	-7.914283e-02
620           	warmPlate	2.687781e+02	2.699778e+02	7.917787e-02
620           	OVC	-2.459342e+02	-2.453895e+02	-7.914302e-02
621           	warmPlate	2.687775e+02	2.699771e+02	7.917769e-02
621           	OVC	-2.459348e+02	-2.453901e+02	-7.914321e-02
622           	warmPlate	2.687768e+02	2.699765e+02	7.917751e-02
622           	OVC	-2.459354e+02	-2.453906e+02	-7.914340e-02
623           	warmPlate	2.687762e+02	2.699759e+02	7.917733e-02
623           	OVC	-2.459360e+02	-2.453912e+02	-7.914358e-02
624           	warmPlate	2.687756e+02	2.699753e+02	7.917715e-02
624           	OVC	-2.459365e+02	-2.453918e+02	-7.914376e-02
625           	warmPlate	2.687750e+02	2.699747e+02	7.917698e-02
625           	OVC	-2.459371e+02	-2.453923e+02	-7.914394e-02
626           	warmPlate	2.687745e+02	2.699741e+02	7.917680e-02
626           	OVC	-2.459376e+02	-2.453929e+02	-7.914412e-02
627           	warmPlate	2.687739e+02	2.699735e+02	7.917663e-02
627           	OVC	-2.459382e+02	-2.453934e+02	-7.914430e-02
628           	warmPlate	2.687733e+02	2.699730e+02	7.917646e-02
628           	OVC	-2.459387e+02	-2.453940e+02	-7.914447e-02
629           	warmPlate	2.687727e+02	2.699724e+02	7.917630e-02
629           	OVC	-2.459393e+02	-2.453945e+02	-7.914464e-02
630           	warmPlate	2.687722e+02	2.699718e+02	7.917613e-02
630           	OVC	-2.459398e+02	-2.453950e+02	-7.914481e-02
631           	warmPlate	2.687716e+02	2.699713e+02	7.917597e-02
631           	OVC	-2.459403e+02	-2.453956e+02	-7.914498e-02
632           	warmPlate	2.687711e+02	2.699707e+02	7.917581e-02
632           	OVC	-2.459408e+02	-2.453961e+02	-7.914514e-02
633           	warmPlate	2.687705e+02	2.699702e+02	7.917565e-02
633           	OVC	-2.459413e+02	-2.453966e+02	-7.914531e-02
634           	warmPlate	2.687700e+02	2.699697e+02	7.917550e-02
634           	OVC	-2.459418e+02	-2.453971e+02	-7.914547e-02
635           	warmPlate	2.687695e+02	2.699691e+02	7.917534e-02
635           	OVC	-2.459423e+02	-2.453976e+02	-7.914563e-02
636           	warmPlate	2.687690e+02	2.699686e+02	7.917519e-02
636           	OVC	-2.459428e+02	-2.453981e+02	-7.914579e-02
637           	warmPlate	2.687685e+02	2.699681e+02	7.917504e-02
637           	OVC	-2.459433e+02	-2.453985e+02	-7.914594e-02
638           	warmPlate	2.687680e+02	2.699676e+02	7.917489e-02
638           	OVC	-2.459438e+02	-2.453990e+02	-7.914610e-02
639           	warmPlate	2.687675e+02	2.699671e+02	7.917474e-02
639           	OVC	-2.459443e+02	-2.453995e+02	-7.914625e-02
640           	warmPlate	2.687670e+02	2.699666e+02	7.917459e-02
640           	OVC	-2.459447e+02	-2.454000e+02	-7.914640e-02
641           	warmPlate	2.687665e+02	2.699661e+02	7.917445e-02
641           	OVC	-2.459452e+02	-2.454004e+02	-7.914655e-02
642           	warmPlate	2.687660e+02	2.699656e+02	7.917431e-02
642           	OVC	-2.459456e+02	-2.454009e+02	-7.914670e-02
643           	warmPlate	2.687655e+02	2.699651e+02	7.917417e-02
643           	OVC	-2.459461e+02	-2.454013e+02	-7.914684e-02
644           	warmPlate	2.687650e+02	2.699647e+02	7.917403e-02
644           	OVC	-2.459465e+02	-2.454018e+02	-7.914698e-02
645           	warmPlate	2.687646e+02	2.699642e+02	7.917389e-02
645           	OVC	-2.459470e+02	-2.454022e+02	-7.914713e-02
646           	warmPlate	2.687641e+02	2.699637e+02	7.917375e-02
646           	OVC	-2.459474e+02	-2.454026e+02	-7.914727e-02
647           	warmPlate	2.687637e+02	2.699633e+02	7.917362e-02
647           	OVC	-2.459478e+02	-2.454031e+02	-7.914741e-02
648           	warmPlate	2.687632e+02	2.699628e+02	7.917349e-02
648           	OVC	-2.459483e+02	-2.454035e+02	-7.914754e-02
649           	warmPlate	2.687628e+02	2.699624e+02	7.917336e-02
649           	OVC	-2.459487e+02	-2.454039e+02	-7.914768e-02
650           	warmPlate	2.687623e+02	2.699619e+02	7.917323e-02
650           	OVC	-2.459491e+02	-2.454043e+02	-7.914781e-02
651           	warmPlate	2.687619e+02	2.699615e+02	7.917310e-02
651           	OVC	-2.459495e+02	-2.454047e+02	-7.914794e-02
652           	warmPlate	2.687615e+02	2.699611e+02	7.917297e-02
652           	OVC	-2.459499e+02	-2.454051e+02	-7.914807e-02
653           	warmPlate	2.687610e+02	2.699606e+02	7.917285e-02
653           	OVC	-2.459503e+02	-2.454055e+02	-7.914820e-02
654           	warmPlate	2.687606e+02	2.699602e+02	7.917272e-02
654           	OVC	-2.459507e+02	-2.454059e+02	-7.914833e-02
655           	warmPlate	2.687602e+02	2.699598e+02	7.917260e-02
655           	OVC	-2.459511e+02	-2.454063e+02	-7.914845e-02
656           	warmPlate	2.687598e+02	2.699594e+02	7.917248e-02
656           	OVC	-2.459515e+02	-2.454067e+02	-7.914858e-02
657           	warmPlate	2.687594e+02	2.699590e+02	7.917236e-02
657           	OVC	-2.459519e+02	-2.454071e+02	-7.914870e-02
658           	warmPlate	2.687590e+02	2.699586e+02	7.917225e-02
658           	OVC	-2.459523e+02	-2.454075e+02	-7.914882e-02
659           	warmPlate	2.687586e+02	2.699582e+02	7.917213e-02
659           	OVC	-2.459526e+02	-2.454078e+02	-7.914894e-02
660           	warmPlate	2.687582e+02	2.699578e+02	7.917201e-02
660           	OVC	-2.459530e+02	-2.454082e+02	-7.914906e-02
661           	warmPlate	2.687578e+02	2.699574e+02	7.917190e-02
661           	OVC	-2.459534e+02	-2.454086e+02	-7.914918e-02
662           	warmPlate	2.687574e+02	2.699570e+02	7.917179e-02
662           	OVC	-2.459537e+02	-2.454089e+02	-7.914929e-02
663           	warmPlate	2.687571e+02	2.699567e+02	7.917168e-02
663           	OVC	-2.459541e+02	-2.454093e+02	-7.914941e-02
664           	warmPlate	2.687567e+02	2.699563e+02	7.917157e-02
664           	OVC	-2.459544e+02	-2.454096e+02	-7.914952e-02
665           	warmPlate	2.687563e+02	2.699559e+02	7.917146e-02
665           	OVC	-2.459548e+02	-2.454100e+02	-7.914963e-02
666           	warmPlate	2.687560e+02	2.699555e+02	7.917135e-02
666           	OVC	-2.459551e+02	-2.454103e+02	-7.914974e-02
667           	warmPlate	2.687556e+02	2.699552e+02	7.917125e-02
667           	OVC	-2.459554e+02	-2.454107e+02	-7.914985e-02
668           	warmPlate	2.687552e+02	2.699548e+02	7.917114e-02
668           	OVC	-2.459558e+02	-2.454110e+02	-7.914996e-02
669           	warmPlate	2.687549e+02	2.699545e+02	7.917104e-02
669           	OVC	-2.459561e+02	-2.454113e+02	-7.915007e-02
670           	warmPlate	2.687545e+02	2.699541e+02	7.917094e-02
670           	OVC	-2.459564e+02	-2.454116e+02	-7.915017e-02
671           	warmPlate	2.687542e+02	2.699538e+02	7.917084e-02
671           	OVC	-2.459568e+02	-2.454120e+02	-7.915027e-02
672           	warmPlate	2.687539e+02	2.699534e+02	7.917074e-02
672           	OVC	-2.459571e+02	-2.454123e+02	-7.915038e-02
673           	warmPlate	2.687535e+02	2.699531e+02	7.917064e-02
673           	OVC	-2.459574e+02	-2.454126e+02	-7.915048e-02
674           	warmPlate	2.687532e+02	2.699528e+02	7.917054e-02
674           	OVC	-2.459577e+02	-2.454129e+02	-7.915058e-02
675           	warmPlate	2.687529e+02	2.699525e+02	7.917045e-02
675           	OVC	-2.459580e+02	-2.454132e+02	-7.915068e-02
676           	warmPlate	2.687526e+02	2.699521e+02	7.917035e-02
676           	OVC	-2.459583e+02	-2.454135e+02	-7.915078e-02
677           	warmPlate	2.687522e+02	2.699518e+02	7.917026e-02
677           	OVC	-2.459586e+02	-2.454138e+02	-7.915087e-02
678           	warmPlate	2.687519e+02	2.699515e+02	7.917017e-02
678           	OVC	-2.459589e+02	-2.454141e+02	-7.915097e-02
679           	warmPlate	2.687516e+02	2.699512e+02	7.917007e-02
679           	OVC	-2.459592e+02	-2.454144e+02	-7.915106e-02
680           	warmPlate	2.687513e+02	2.699509e+02	7.916998e-02
680           	OVC	-2.459595e+02	-2.454147e+02	-7.915116e-02
681           	warmPlate	2.687510e+02	2.699506e+02	7.916989e-02
681           	OVC	-2.459598e+02	-2.454150e+02	-7.915125e-02
682           	warmPlate	2.687507e+02	2.699503e+02	7.916981e-02
682           	OVC	-2.459601e+02	-2.454153e+02	-7.915134e-02
683           	warmPlate	2.687504e+02	2.699500e+02	7.916972e-02
683           	OVC	-2.459603e+02	-2.454155e+02	-7.915143e-02
684           	warmPlate	2.687501e+02	2.699497e+02	7.916963e-02
684           	OVC	-2.459606e+02	-2.454158e+02	-7.915152e-02
685           	warmPlate	2.687498e+02	2.699494e+02	7.916955e-02
685           	OVC	-2.459609e+02	-2.454161e+02	-7.915161e-02
686           	warmPlate	2.687495e+02	2.699491e+02	7.916946e-02
686           	OVC	-2.459612e+02	-2.454164e+02	-7.915169e-02
687           	warmPlate	2.687493e+02	2.699488e+02	7.916938e-02
687           	OVC	-2.459614e+02	-2.454166e+02	-7.915178e-02
688           	warmPlate	2.687490e+02	2.699485e+02	7.916930e-02
688           	OVC	-2.459617e+02	-2.454169e+02	-7.915186e-02
689           	warmPlate	2.687487e+02	2.699483e+02	7.916922e-02
689           	OVC	-2.459620e+02	-2.454172e+02	-7.915195e-02
690           	warmPlate	2.687484e+02	2.699480e+02	7.916914e-02
690           	OVC	-2.459622e+02	-2.454174e+02	-7.915203e-02
691           	warmPlate	2.687482e+02	2.699477e+02	7.916906e-02
691           	OVC	-2.459625e+02	-2.454177e+02	-7.915211e-02
692           	warmPlate	2.687479e+02	2.699475e+02	7.916898e-02
692           	OVC	-2.459627e+02	-2.454179e+02	-7.915219e-02
693           	warmPlate	2.687476e+02	2.699472e+02	7.916890e-02
693           	OVC	-2.459630e+02	-2.454182e+02	-7.915227e-02
694           	warmPlate	2.687474e+02	2.699469e+02	7.916883e-02
694           	OVC	-2.459632e+02	-2.454184e+02	-7.915235e-02
695           	warmPlate	2.687471e+02	2.699467e+02	7.916875e-02
695           	OVC	-2.459635e+02	-2.454186e+02	-7.915243e-02
696           	warmPlate	2.687469e+02	2.699464e+02	7.916868e-02
696           	OVC	-2.459637e+02	-2.454189e+02	-7.915250e-02
697           	warmPlate	2.687466e+02	2.699462e+02	7.916860e-02
697           	OVC	-2.459639e+02	-2.454191e+02	-7.915258e-02
698           	warmPlate	2.687464e+02	2.699459e+02	7.916853e-02
698           	OVC	-2.459642e+02	-2.454194e+02	-7.915266e-02
699           	warmPlate	2.687461e+02	2.699457e+02	7.916846e-02
699           	OVC	-2.459644e+02	-2.454196e+02	-7.915273e-02
700           	warmPlate	2.687459e+02	2.699454e+02	7.916839e-02
700           	OVC	-2.459646e+02	-2.454198e+02	-7.915280e-02
701           	warmPlate	2.687456e+02	2.699452e+02	7.916832e-02
701           	OVC	-2.459648e+02	-2.454200e+02	-7.915288e-02
702           	warmPlate	2.687454e+02	2.699450e+02	7.916825e-02
702           	OVC	-2.459651e+02	-2.454203e+02	-7.915295e-02
703           	warmPlate	2.687452e+02	2.699447e+02	7.916818e-02
703           	OVC	-2.459653e+02	-2.454205e+02	-7.915302e-02
704           	warmPlate	2.687449e+02	2.699445e+02	7.916811e-02
704           	OVC	-2.459655e+02	-2.454207e+02	-7.915309e-02
705           	warmPlate	2.687447e+02	2.699443e+02	7.916804e-02
705           	OVC	-2.459657e+02	-2.454209e+02	-7.915316e-02
706           	warmPlate	2.687445e+02	2.699440e+02	7.916798e-02
706           	OVC	-2.459659e+02	-2.454211e+02	-7.915323e-02
707           	warmPlate	2.687443e+02	2.699438e+02	7.916791e-02
707           	OVC	-2.459661e+02	-2.454213e+02	-7.915329e-02
708           	warmPlate	2.687441e+02	2.699436e+02	7.916785e-02
708           	OVC	-2.459663e+02	-2.454215e+02	-7.915336e-02
709           	warmPlate	2.687438e+02	2.699434e+02	7.916778e-02
709           	OVC	-2.459666e+02	-2.454217e+02	-7.915343e-02
710           	warmPlate	2.687436e+02	2.699432e+02	7.916772e-02
710           	OVC	-2.459668e+02	-2.454219e+02	-7.915349e-02
711           	warmPlate	2.687434e+02	2.699429e+02	7.916766e-02
711           	OVC	-2.459670e+02	-2.454221e+02	-7.915355e-02
712           	warmPlate	2.687432e+02	2.699427e+02	7.916760e-02
712           	OVC	-2.459671e+02	-2.454223e+02	-7.915362e-02
713           	warmPlate	2.687430e+02	2.699425e+02	7.916753e-02
713           	OVC	-2.459673e+02	-2.454225e+02	-7.915368e-02
714           	warmPlate	2.687428e+02	2.699423e+02	7.916747e-02
714           	OVC	-2.459675e+02	-2.454227e+02	-7.915374e-02
715           	warmPlate	2.687426e+02	2.699421e+02	7.916742e-02
715           	OVC	-2.459677e+02	-2.454229e+02	-7.915380e-02
716           	warmPlate	2.687424e+02	2.699419e+02	7.916736e-02
716           	OVC	-2.459679e+02	-2.454231e+02	-7.915386e-02
717           	warmPlate	2.687422e+02	2.699417e+02	7.916730e-02
717           	OVC	-2.459681e+02	-2.454233e+02	-7.915392e-02
718           	warmPlate	2.687420e+02	2.699415e+02	7.916724e-02
718           	OVC	-2.459683e+02	-2.454235e+02	-7.915398e-02
719           	warmPlate	2.687418e+02	2.699413e+02	7.916718e-02
719           	OVC	-2.459685e+02	-2.454236e+02	-7.915404e-02
720           	warmPlate	2.687416e+02	2.699411e+02	7.916713e-02
720           	OVC	-2.459686e+02	-2.454238e+02	-7.915410e-02
721           	warmPlate	2.687414e+02	2.699410e+02	7.916707e-02
721           	OVC	-2.459688e+02	-2.454240e+02	-7.915416e-02
722           	warmPlate	2.687412e+02	2.699408e+02	7.916702e-02
722           	OVC	-2.459690e+02	-2.454242e+02	-7.915421e-02
723           	warmPlate	2.687411e+02	2.699406e+02	7.916696e-02
723           	OVC	-2.459692e+02	-2.454244e+02	-7.915427e-02
724           	warmPlate	2.687409e+02	2.699404e+02	7.916691e-02
724           	OVC	-2.459693e+02	-2.454245e+02	-7.915432e-02
725           	warmPlate	2.687407e+02	2.699402e+02	7.916686e-02
725           	OVC	-2.459695e+02	-2.454247e+02	-7.915438e-02
726           	warmPlate	2.687405e+02	2.699400e+02	7.916681e-02
726           	OVC	-2.459697e+02	-2.454249e+02	-7.915443e-02
727           	warmPlate	2.687404e+02	2.699399e+02	7.916675e-02
727           	OVC	-2.459698e+02	-2.454250e+02	-7.915449e-02
728           	warmPlate	2.687402e+02	2.699397e+02	7.916670e-02
728           	OVC	-2.459700e+02	-2.454252e+02	-7.915454e-02
729           	warmPlate	2.687400e+02	2.699395e+02	7.916665e-02
729           	OVC	-2.459702e+02	-2.454253e+02	-7.915459e-02
730           	warmPlate	2.687398e+02	2.699394e+02	7.916660e-02
730           	OVC	-2.459703e+02	-2.454255e+02	-7.915464e-02
731           	warmPlate	2.687397e+02	2.699392e+02	7.916655e-02
731           	OVC	-2.459705e+02	-2.454257e+02	-7.915469e-02
732           	warmPlate	2.687395e+02	2.699390e+02	7.916651e-02
732           	OVC	-2.459706e+02	-2.454258e+02	-7.915474e-02
733           	warmPlate	2.687393e+02	2.699389e+02	7.916646e-02
733           	OVC	-2.459708e+02	-2.454260e+02	-7.915479e-02
734           	warmPlate	2.687392e+02	2.699387e+02	7.916641e-02
734           	OVC	-2.459709e+02	-2.454261e+02	-7.915484e-02
735           	warmPlate	2.687390e+02	2.699385e+02	7.916636e-02
735           	OVC	-2.459711e+02	-2.454263e+02	-7.915489e-02
736           	warmPlate	2.687389e+02	2.699384e+02	7.916632e-02
736           	OVC	-2.459712e+02	-2.454264e+02	-7.915494e-02
737           	warmPlate	2.687387e+02	2.699382e+02	7.916627e-02
737           	OVC	-2.459714e+02	-2.454266e+02	-7.915498e-02
738           	warmPlate	2.687386e+02	2.699381e+02	7.916623e-02
738           	OVC	-2.459715e+02	-2.454267e+02	-7.915503e-02
739           	warmPlate	2.687384e+02	2.699379e+02	7.916618e-02
739           	OVC	-2.459717e+02	-2.454269e+02	-7.915508e-02
740           	warmPlate	2.687383e+02	2.699378e+02	7.916614e-02
740           	OVC	-2.459718e+02	-2.454270e+02	-7.915512e-02
741           	warmPlate	2.687381e+02	2.699376e+02	7.916610e-02
741           	OVC	-2.459720e+02	-2.454271e+02	-7.915517e-02
742           	warmPlate	2.687380e+02	2.699375e+02	7.916605e-02
742           	OVC	-2.459721e+02	-2.454273e+02	-7.915521e-02
743           	warmPlate	2.687378e+02	2.699373e+02	7.916601e-02
743           	OVC	-2.459722e+02	-2.454274e+02	-7.915525e-02
744           	warmPlate	2.687377e+02	2.699372e+02	7.916597e-02
744           	OVC	-2.459724e+02	-2.454275e+02	-7.915529e-02
745           	warmPlate	2.687375e+02	2.699371e+02	7.916593e-02
745           	OVC	-2.459725e+02	-2.454277e+02	-7.915534e-02
746           	warmPlate	2.687374e+02	2.699369e+02	7.916589e-02
746           	OVC	-2.459726e+02	-2.454278e+02	-7.915538e-02
747           	warmPlate	2.687373e+02	2.699368e+02	7.916585e-02
747           	OVC	-2.459727e+02	-2.454279e+02	-7.915542e-02
748           	warmPlate	2.687371e+02	2.699366e+02	7.916581e-02
748           	OVC	-2.459729e+02	-2.454280e+02	-7.915546e-02
749           	warmPlate	2.687370e+02	2.699365e+02	7.916577e-02
749           	OVC	-2.459730e+02	-2.454282e+02	-7.915550e-02
750           	warmPlate	2.687369e+02	2.699364e+02	7.916574e-02
750           	OVC	-2.459731e+02	-2.454283e+02	-7.915554e-02
751           	warmPlate	2.687368e+02	2.699363e+02	7.916570e-02
751           	OVC	-2.459732e+02	-2.454284e+02	-7.915558e-02
752           	warmPlate	2.687366e+02	2.699361e+02	7.916566e-02
752           	OVC	-2.459733e+02	-2.454285e+02	-7.915561e-02
753           	warmPlate	2.687365e+02	2.699360e+02	7.916562e-02
753           	OVC	-2.459735e+02	-2.454286e+02	-7.915565e-02
754           	warmPlate	2.687364e+02	2.699359e+02	7.916559e-02
754           	OVC	-2.459736e+02	-2.454288e+02	-7.915569e-02
755           	warmPlate	2.687363e+02	2.699358e+02	7.916555e-02
755           	OVC	-2.459737e+02	-2.454289e+02	-7.915573e-02
756           	warmPlate	2.687361e+02	2.699356e+02	7.916552e-02
756           	OVC	-2.459738e+02	-2.454290e+02	-7.915576e-02
757           	warmPlate	2.687360e+02	2.699355e+02	7.916548e-02
757           	OVC	-2.459739e+02	-2.454291e+02	-7.915580e-02
758           	warmPlate	2.687359e+02	2.699354e+02	7.916545e-02
758           	OVC	-2.459740e+02	-2.454292e+02	-7.915583e-02
759           	warmPlate	2.687358e+02	2.699353e+02	7.916541e-02
759           	OVC	-2.459741e+02	-2.454293e+02	-7.915587e-02
760           	warmPlate	2.687357e+02	2.699352e+02	7.916538e-02
760           	OVC	-2.459743e+02	-2.454294e+02	-7.915590e-02
761           	warmPlate	2.687356e+02	2.699351e+02	7.916535e-02
761           	OVC	-2.459744e+02	-2.454295e+02	-7.915594e-02
762           	warmPlate	2.687355e+02	2.699349e+02	7.916531e-02
762           	OVC	-2.459745e+02	-2.454296e+02	-7.915597e-02
763           	warmPlate	2.687353e+02	2.699348e+02	7.916528e-02
763           	OVC	-2.459746e+02	-2.454297e+02	-7.915601e-02
764           	warmPlate	2.687352e+02	2.699347e+02	7.916525e-02
764           	OVC	-2.459747e+02	-2.454298e+02	-7.915604e-02
765           	warmPlate	2.687351e+02	2.699346e+02	7.916522e-02
765           	OVC	-2.459748e+02	-2.454299e+02	-7.915607e-02
766           	warmPlate	2.687350e+02	2.699345e+02	7.916518e-02
766           	OVC	-2.459749e+02	-2.454300e+02	-7.915610e-02
767           	warmPlate	2.687349e+02	2.699344e+02	7.916515e-02
767           	OVC	-2.459750e+02	-2.454301e+02	-7.915614e-02
768           	warmPlate	2.687348e+02	2.699343e+02	7.916512e-02
768           	OVC	-2.459751e+02	-2.454302e+02	-7.915617e-02
769           	warmPlate	2.687347e+02	2.699342e+02	7.916509e-02
769           	OVC	-2.459752e+02	-2.454303e+02	-7.915620e-02
770           	warmPlate	2.687346e+02	2.699341e+02	7.916506e-02
770           	OVC	-2.459753e+02	-2.454304e+02	-7.915623e-02
771           	warmPlate	2.687345e+02	2.699340e+02	7.916503e-02
771           	OVC	-2.459754e+02	-2.454305e+02	-7.915626e-02
772           	warmPlate	2.687344e+02	2.699339e+02	7.916501e-02
772           	OVC	-2.459754e+02	-2.454306e+02	-7.915629e-02
773           	warmPlate	2.687343e+02	2.699338e+02	7.916498e-02
773           	OVC	-2.459755e+02	-2.454307e+02	-7.915632e-02
774           	warmPlate	2.687342e+02	2.699337e+02	7.916495e-02
774           	OVC	-2.459756e+02	-2.454308e+02	-7.915635e-02
775           	warmPlate	2.687341e+02	2.699336e+02	7.916492e-02
775           	OVC	-2.459757e+02	-2.454309e+02	-7.915637e-02
776           	warmPlate	2.687340e+02	2.699335e+02	7.916490e-02
776           	OVC	-2.459758e+02	-2.454310e+02	-7.915640e-02
777           	warmPlate	2.687340e+02	2.699334e+02	7.916487e-02
777           	OVC	-2.459759e+02	-2.454310e+02	-7.915643e-02
778           	warmPlate	2.687339e+02	2.699334e+02	7.916484e-02
778           	OVC	-2.459760e+02	-2.454311e+02	-7.915646e-02
779           	warmPlate	2.687338e+02	2.699333e+02	7.916482e-02
779           	OVC	-2.459760e+02	-2.454312e+02	-7.915648e-02
780           	warmPlate	2.687337e+02	2.699332e+02	7.916479e-02
780           	OVC	-2.459761e+02	-2.454313e+02	-7.915651e-02
781           	warmPlate	2.687336e+02	2.699331e+02	7.916477e-02
781           	OVC	-2.459762e+02	-2.454314e+02	-7.915654e-02
782           	warmPlate	2.687335e+02	2.699330e+02	7.916474e-02
782           	OVC	-2.459763e+02	-2.454315e+02	-7.915656e-02
783           	warmPlate	2.687334e+02	2.699329e+02	7.916472e-02
783           	OVC	-2.459764e+02	-2.454315e+02	-7.915659e-02
784           	warmPlate	2.687334e+02	2.699328e+02	7.916469e-02
784           	OVC	-2.459765e+02	-2.454316e+02	-7.915661e-02
785           	warmPlate	2.687333e+02	2.699327e+02	7.916467e-02
785           	OVC	-2.459765e+02	-2.454317e+02	-7.915664e-02
786           	warmPlate	2.687332e+02	2.699327e+02	7.916464e-02
786           	OVC	-2.459766e+02	-2.454318e+02	-7.915666e-02
787           	warmPlate	2.687331e+02	2.699326e+02	7.916462e-02
787           	OVC	-2.459767e+02	-2.454318e+02	-7.915669e-02
788           	warmPlate	2.687330e+02	2.699325e+02	7.916460e-02
788           	OVC	-2.459768e+02	-2.454319e+02	-7.915671e-02
789           	warmPlate	2.687329e+02	2.699324e+02	7.916457e-02
789           	OVC	-2.459768e+02	-2.454320e+02	-7.915673e-02
790           	warmPlate	2.687329e+02	2.699323e+02	7.916455e-02
790           	OVC	-2.459769e+02	-2.454321e+02	-7.915676e-02
791           	warmPlate	2.687328e+02	2.699323e+02	7.916453e-02
791           	OVC	-2.459770e+02	-2.454321e+02	-7.915678e-02
792           	warmPlate	2.687327e+02	2.699322e+02	7.916451e-02
792           	OVC	-2.459771e+02	-2.454322e+02	-7.915681e-02
793           	warmPlate	2.687326e+02	2.699321e+02	7.916448e-02
793           	OVC	-2.459771e+02	-2.454323e+02	-7.915683e-02
794           	warmPlate	2.687326e+02	2.699320e+02	7.916446e-02
794           	OVC	-2.459772e+02	-2.454324e+02	-7.915685e-02
795           	warmPlate	2.687325e+02	2.699320e+02	7.916444e-02
795           	OVC	-2.459773e+02	-2.454324e+02	-7.915687e-02
796           	warmPlate	2.687324e+02	2.699319e+02	7.916442e-02
796           	OVC	-2.459773e+02	-2.454325e+02	-7.915690e-02
797           	warmPlate	2.687323e+02	2.699318e+02	7.916440e-02
797           	OVC	-2.459774e+02	-2.454326e+02	-7.915692e-02
798           	warmPlate	2.687323e+02	2.699318e+02	7.916438e-02
798           	OVC	-2.459775e+02	-2.454326e+02	-7.915694e-02
799           	warmPlate	2.687322e+02	2.699317e+02	7.916436e-02
799           	OVC	-2.459775e+02	-2.454327e+02	-7.915696e-02
800           	warmPlate	2.687321e+02	2.699316e+02	7.916434e-02
800           	OVC	-2.459776e+02	-2.454328e+02	-7.915698e-02
801           	warmPlate	2.687321e+02	2.699316e+02	7.916432e-02
801           	OVC	-2.459777e+02	-2.454328e+02	-7.915700e-02
802           	warmPlate	2.687320e+02	2.699315e+02	7.916430e-02
802           	OVC	-2.459777e+02	-2.454329e+02	-7.915702e-02
803           	warmPlate	2.687320e+02	2.699314e+02	7.916428e-02
803           	OVC	-2.459778e+02	-2.454329e+02	-7.915704e-02
804           	warmPlate	2.687319e+02	2.699314e+02	7.916426e-02
804           	OVC	-2.459778e+02	-2.454330e+02	-7.915706e-02
805           	warmPlate	2.687318e+02	2.699313e+02	7.916424e-02
805           	OVC	-2.459779e+02	-2.454331e+02	-7.915708e-02
806           	warmPlate	2.687318e+02	2.699312e+02	7.916423e-02
806           	OVC	-2.459779e+02	-2.454331e+02	-7.915709e-02
807           	warmPlate	2.687317e+02	2.699312e+02	7.916421e-02
807           	OVC	-2.459780e+02	-2.454332e+02	-7.915711e-02
808           	warmPlate	2.687316e+02	2.699311e+02	7.916419e-02
808           	OVC	-2.459781e+02	-2.454332e+02	-7.915713e-02
809           	warmPlate	2.687316e+02	2.699311e+02	7.916417e-02
809           	OVC	-2.459781e+02	-2.454333e+02	-7.915715e-02
810           	warmPlate	2.687315e+02	2.699310e+02	7.916415e-02
810           	OVC	-2.459782e+02	-2.454333e+02	-7.915717e-02
811           	warmPlate	2.687315e+02	2.699309e+02	7.916414e-02
811           	OVC	-2.459782e+02	-2.454334e+02	-7.915718e-02
812           	warmPlate	2.687314e+02	2.699309e+02	7.916412e-02
812           	OVC	-2.459783e+02	-2.454334e+02	-7.915720e-02
813           	warmPlate	2.687314e+02	2.699308e+02	7.916410e-02
813           	OVC	-2.459783e+02	-2.454335e+02	-7.915722e-02
814           	warmPlate	2.687313e+02	2.699308e+02	7.916409e-02
814           	OVC	-2.459784e+02	-2.454336e+02	-7.915724e-02
815           	warmPlate	2.687312e+02	2.699307e+02	7.916407e-02
815           	OVC	-2.459784e+02	-2.454336e+02	-7.915725e-02
816           	warmPlate	2.687312e+02	2.699307e+02	7.916405e-02
816           	OVC	-2.459785e+02	-2.454337e+02	-7.915727e-02
817           	warmPlate	2.687311e+02	2.699306e+02	7.916404e-02
817           	OVC	-2.459785e+02	-2.454337e+02	-7.915729e-02
818           	warmPlate	2.687311e+02	2.699305e+02	7.916402e-02
818           	OVC	-2.459786e+02	-2.454338e+02	-7.915730e-02
819           	warmPlate	2.687310e+02	2.699305e+02	7.916401e-02
819           	OVC	-2.459786e+02	-2.454338e+02	-7.915732e-02
820           	warmPlate	2.687310e+02	2.699304e+02	7.916399e-02
820           	OVC	-2.459787e+02	-2.454339e+02	-7.915734e-02
821           	warmPlate	2.687309e+02	2.699304e+02	7.916397e-02
821           	OVC	-2.459787e+02	-2.454339e+02	-7.915735e-02
822           	warmPlate	2.687309e+02	2.699303e+02	7.916396e-02
822           	OVC	-2.459788e+02	-2.454340e+02	-7.915737e-02
823           	warmPlate	2.687308e+02	2.699303e+02	7.916394e-02
823           	OVC	-2.459788e+02	-2.454340e+02	-7.915738e-02
824           	warmPlate	2.687308e+02	2.699302e+02	7.916393e-02
824           	OVC	-2.459789e+02	-2.454341e+02	-7.915740e-02
825           	warmPlate	2.687307e+02	2.699302e+02	7.916391e-02
825           	OVC	-2.459789e+02	-2.454341e+02	-7.915741e-02
826           	warmPlate	2.687307e+02	2.699301e+02	7.916390e-02
826           	OVC	-2.459790e+02	-2.454341e+02	-7.915743e-02
827           	warmPlate	2.687306e+02	2.699301e+02	7.916389e-02
827           	OVC	-2.459790e+02	-2.454342e+02	-7.915744e-02
828           	warmPlate	2.687306e+02	2.699300e+02	7.916387e-02
828           	OVC	-2.459791e+02	-2.454342e+02	-7.915746e-02
829           	warmPlate	2.687305e+02	2.699300e+02	7.916386e-02
829           	OVC	-2.459791e+02	-2.454343e+02	-7.915747e-02
830           	warmPlate	2.687305e+02	2.699299e+02	7.916384e-02
830           	OVC	-2.459792e+02	-2.454343e+02	-7.915749e-02
831           	warmPlate	2.687304e+02	2.699299e+02	7.916383e-02
831           	OVC	-2.459792e+02	-2.454344e+02	-7.915750e-02
832           	warmPlate	2.687304e+02	2.699299e+02	7.916382e-02
832           	OVC	-2.459792e+02	-2.454344e+02	-7.915751e-02
833           	warmPlate	2.687303e+02	2.699298e+02	7.916381e-02
833           	OVC	-2.459793e+02	-2.454344e+02	-7.915752e-02
834           	warmPlate	2.687303e+02	2.699298e+02	7.916379e-02
834           	OVC	-2.459793e+02	-2.454345e+02	-7.915754e-02
835           	warmPlate	2.687303e+02	2.699297e+02	7.916378e-02
835           	OVC	-2.459794e+02	-2.454345e+02	-7.915755e-02
836           	warmPlate	2.687302e+02	2.699297e+02	7.916377e-02
836           	OVC	-2.459794e+02	-2.454346e+02	-7.915756e-02
837           	warmPlate	2.687302e+02	2.699296e+02	7.916376e-02
837           	OVC	-2.459794e+02	-2.454346e+02	-7.915757e-02
838           	warmPlate	2.687301e+02	2.699296e+02	7.916375e-02
838           	OVC	-2.459795e+02	-2.454346e+02	-7.915759e-02
839           	warmPlate	2.687301e+02	2.699296e+02	7.916374e-02
839           	OVC	-2.459795e+02	-2.454347e+02	-7.915760e-02
840           	warmPlate	2.687301e+02	2.699295e+02	7.916372e-02
840           	OVC	-2.459796e+02	-2.454347e+02	-7.915761e-02
841           	warmPlate	2.687300e+02	2.699295e+02	7.916371e-02
841           	OVC	-2.459796e+02	-2.454347e+02	-7.915762e-02
842           	warmPlate	2.687300e+02	2.699295e+02	7.916370e-02
842           	OVC	-2.459796e+02	-2.454348e+02	-7.915763e-02
843           	warmPlate	2.687299e+02	2.699294e+02	7.916369e-02
843           	OVC	-2.459797e+02	-2.454348e+02	-7.915765e-02
844           	warmPlate	2.687299e+02	2.699294e+02	7.916368e-02
844           	OVC	-2.459797e+02	-2.454349e+02	-7.915766e-02
845           	warmPlate	2.687299e+02	2.699293e+02	7.916367e-02
845           	OVC	-2.459797e+02	-2.454349e+02	-7.915767e-02
846           	warmPlate	2.687298e+02	2.699293e+02	7.916366e-02
846           	OVC	-2.459798e+02	-2.454349e+02	-7.915768e-02
847           	warmPlate	2.687298e+02	2.699293e+02	7.916364e-02
847           	OVC	-2.459798e+02	-2.454350e+02	-7.915769e-02
848           	warmPlate	2.687298e+02	2.699292e+02	7.916363e-02
848           	OVC	-2.459798e+02	-2.454350e+02	-7.915770e-02
849           	warmPlate	2.687297e+02	2.699292e+02	7.916362e-02
849           	OVC	-2.459799e+02	-2.454350e+02	-7.915771e-02
850           	warmPlate	2.687297e+02	2.699292e+02	7.916361e-02
850           	OVC	-2.459799e+02	-2.454351e+02	-7.915772e-02
851           	warmPlate	2.687296e+02	2.699291e+02	7.916360e-02
851           	OVC	-2.459799e+02	-2.454351e+02	-7.915774e-02
852           	warmPlate	2.687296e+02	2.699291e+02	7.916359e-02
852           	OVC	-2.459800e+02	-2.454351e+02	-7.915775e-02
853           	warmPlate	2.687296e+02	2.699290e+02	7.916358e-02
853           	OVC	-2.459800e+02	-2.454352e+02	-7.915776e-02
854           	warmPlate	2.687295e+02	2.699290e+02	7.916357e-02
854           	OVC	-2.459800e+02	-2.454352e+02	-7.915777e-02
855           	warmPlate	2.687295e+02	2.699290e+02	7.916356e-02
855           	OVC	-2.459801e+02	-2.454352e+02	-7.915778e-02
856           	warmPlate	2.687295e+02	2.699289e+02	7.916355e-02
856           	OVC	-2.459801e+02	-2.454353e+02	-7.915779e-02
857           	warmPlate	2.687294e+02	2.699289e+02	7.916354e-02
857           	OVC	-2.459801e+02	-2.454353e+02	-7.915780e-02
858           	warmPlate	2.687294e+02	2.699289e+02	7.916353e-02
858           	OVC	-2.459802e+02	-2.454353e+02	-7.915781e-02
859           	warmPlate	2.687294e+02	2.699288e+02	7.916352e-02
859           	OVC	-2.459802e+02	-2.454354e+02	-7.915782e-02
860           	warmPlate	2.687293e+02	2.699288e+02	7.916351e-02
860           	OVC	-2.459802e+02	-2.454354e+02	-7.915783e-02
861           	warmPlate	2.687293e+02	2.699288e+02	7.916350e-02
861           	OVC	-2.459803e+02	-2.454354e+02	-7.915784e-02
862           	warmPlate	2.687293e+02	2.699287e+02	7.916349e-02
862           	OVC	-2.459803e+02	-2.454354e+02	-7.915785e-02
863           	warmPlate	2.687293e+02	2.699287e+02	7.916349e-02
863           	OVC	-2.459803e+02	-2.454355e+02	-7.915786e-02
864           	warmPlate	2.687292e+02	2.699287e+02	7.916348e-02
864           	OVC	-2.459803e+02	-2.454355e+02	-7.915786e-02
865           	warmPlate	2.687292e+02	2.699287e+02	7.916347e-02
865           	OVC	-2.459804e+02	-2.454355e+02	-7.915787e-02
866           	warmPlate	2.687292e+02	2.699286e+02	7.916346e-02
866           	OVC	-2.459804e+02	-2.454355e+02	-7.915788e-02
867           	warmPlate	2.687291e+02	2.699286e+02	7.916345e-02
867           	OVC	-2.459804e+02	-2.454356e+02	-7.915789e-02
868           	warmPlate	2.687291e+02	2.699286e+02	7.916345e-02
868           	OVC	-2.459804e+02	-2.454356e+02	-7.915790e-02
869           	warmPlate	2.687291e+02	2.699286e+02	7.916344e-02
869           	OVC	-2.459805e+02	-2.454356e+02	-7.915790e-02
870           	warmPlate	2.687291e+02	2.699285e+02	7.916343e-02
870           	OVC	-2.459805e+02	-2.454356e+02	-7.915791e-02
871           	warmPlate	2.687290e+02	2.699285e+02	7.916342e-02
871           	OVC	-2.459805e+02	-2.454357e+02	-7.915792e-02
872           	warmPlate	2.687290e+02	2.699285e+02	7.916342e-02
872           	OVC	-2.459805e+02	-2.454357e+02	-7.915793e-02
873           	warmPlate	2.687290e+02	2.699285e+02	7.916341e-02
873           	OVC	-2.459806e+02	-2.454357e+02	-7.915793e-02
874           	warmPlate	2.687290e+02	2.699284e+02	7.916340e-02
874           	OVC	-2.459806e+02	-2.454357e+02	-7.915794e-02
875           	warmPlate	2.687289e+02	2.699284e+02	7.916339e-02
875           	OVC	-2.459806e+02	-2.454358e+02	-7.915795e-02
876           	warmPlate	2.687289e+02	2.699284e+02	7.916339e-02
876           	OVC	-2.459806e+02	-2.454358e+02	-7.915796e-02
877           	warmPlate	2.687289e+02	2.699284e+02	7.916338e-02
877           	OVC	-2.459807e+02	-2.454358e+02	-7.915796e-02
878           	warmPlate	2.687289e+02	2.699283e+02	7.916337e-02
878           	OVC	-2.459807e+02	-2.454358e+02	-7.915797e-02
879           	warmPlate	2.687288e+02	2.699283e+02	7.916336e-02
879           	OVC	-2.459807e+02	-2.454359e+02	-7.915798e-02
880           	warmPlate	2.687288e+02	2.699283e+02	7.916336e-02
880           	OVC	-2.459807e+02	-2.454359e+02	-7.915799e-02
881           	warmPlate	2.687288e+02	2.699283e+02	7.916335e-02
881           	OVC	-2.459807e+02	-2.454359e+02	-7.915799e-02
882           	warmPlate	2.687288e+02	2.699282e+02	7.916334e-02
882           	OVC	-2.459808e+02	-2.454359e+02	-7.915800e-02
883           	warmPlate	2.687288e+02	2.699282e+02	7.916334e-02
883           	OVC	-2.459808e+02	-2.454359e+02	-7.915801e-02
884           	warmPlate	2.687287e+02	2.699282e+02	7.916333e-02
884           	OVC	-2.459808e+02	-2.454360e+02	-7.915801e-02
885           	warmPlate	2.687287e+02	2.699282e+02	7.916332e-02
885           	OVC	-2.459808e+02	-2.454360e+02	-7.915802e-02
886           	warmPlate	2.687287e+02	2.699281e+02	7.916332e-02
886           	OVC	-2.459809e+02	-2.454360e+02	-7.915803e-02
887           	warmPlate	2.687287e+02	2.699281e+02	7.916331e-02
887           	OVC	-2.459809e+02	-2.454360e+02	-7.915804e-02
888           	warmPlate	2.687286e+02	2.699281e+02	7.916330e-02
888           	OVC	-2.459809e+02	-2.454361e+02	-7.915804e-02
889           	warmPlate	2.687286e+02	2.699281e+02	7.916330e-02
889           	OVC	-2.459809e+02	-2.454361e+02	-7.915805e-02
890           	warmPlate	2.687286e+02	2.699281e+02	7.916329e-02
890           	OVC	-2.459809e+02	-2.454361e+02	-7.915806e-02
891           	warmPlate	2.687286e+02	2.699280e+02	7.916328e-02
891           	OVC	-2.459810e+02	-2.454361e+02	-7.915806e-02
892           	warmPlate	2.687285e+02	2.699280e+02	7.916328e-02
892           	OVC	-2.459810e+02	-2.454361e+02	-7.915807e-02
893           	warmPlate	2.687285e+02	2.699280e+02	7.916327e-02
893           	OVC	-2.459810e+02	-2.454362e+02	-7.915808e-02
894           	warmPlate	2.687285e+02	2.699280e+02	7.916327e-02
894           	OVC	-2.459810e+02	-2.454362e+02	-7.915808e-02
895           	warmPlate	2.687285e+02	2.699279e+02	7.916326e-02
895           	OVC	-2.459810e+02	-2.454362e+02	-7.915809e-02
896           	warmPlate	2.687285e+02	2.699279e+02	7.916325e-02
896           	OVC	-2.459811e+02	-2.454362e+02	-7.915809e-02
897           	warmPlate	2.687284e+02	2.699279e+02	7.916325e-02
897           	OVC	-2.459811e+02	-2.454362e+02	-7.915810e-02
898           	warmPlate	2.687284e+02	2.699279e+02	7.916324e-02
898           	OVC	-2.459811e+02	-2.454363e+02	-7.915811e-02
899           	warmPlate	2.687284e+02	2.699279e+02	7.916323e-02
899           	OVC	-2.459811e+02	-2.454363e+02	-7.915811e-02
900           	warmPlate	2.687284e+02	2.699278e+02	7.916323e-02
900           	OVC	-2.459811e+02	-2.454363e+02	-7.915812e-02
901           	warmPlate	2.687284e+02	2.699278e+02	7.916322e-02
901           	OVC	-2.459812e+02	-2.454363e+02	-7.915813e-02
902           	warmPlate	2.687283e+02	2.699278e+02	7.916322e-02
902           	OVC	-2.459812e+02	-2.454363e+02	-7.915813e-02
903           	warmPlate	2.687283e+02	2.699278e+02	7.916321e-02
903           	OVC	-2.459812e+02	-2.454363e+02	-7.915813e-02
904           	warmPlate	2.687283e+02	2.699278e+02	7.916321e-02
904           	OVC	-2.459812e+02	-2.454364e+02	-7.915814e-02
905           	warmPlate	2.687283e+02	2.699278e+02	7.916320e-02
905           	OVC	-2.459812e+02	-2.454364e+02	-7.915814e-02
906           	warmPlate	2.687283e+02	2.699277e+02	7.916320e-02
906           	OVC	-2.459812e+02	-2.454364e+02	-7.915815e-02
907           	warmPlate	2.687283e+02	2.699277e+02	7.916320e-02
907           	OVC	-2.459812e+02	-2.454364e+02	-7.915815e-02
908           	warmPlate	2.687283e+02	2.699277e+02	7.916319e-02
908           	OVC	-2.459813e+02	-2.454364e+02	-7.915816e-02
909           	warmPlate	2.687282e+02	2.699277e+02	7.916319e-02
909           	OVC	-2.459813e+02	-2.454364e+02	-7.915816e-02
910           	warmPlate	2.687282e+02	2.699277e+02	7.916318e-02
910           	OVC	-2.459813e+02	-2.454364e+02	-7.915817e-02
911           	warmPlate	2.687282e+02	2.699277e+02	7.916318e-02
911           	OVC	-2.459813e+02	-2.454364e+02	-7.915817e-02
912           	warmPlate	2.687282e+02	2.699277e+02	7.916317e-02
912           	OVC	-2.459813e+02	-2.454365e+02	-7.915817e-02
913           	warmPlate	2.687282e+02	2.699276e+02	7.916317e-02
913           	OVC	-2.459813e+02	-2.454365e+02	-7.915818e-02
914           	warmPlate	2.687282e+02	2.699276e+02	7.916317e-02
914           	OVC	-2.459813e+02	-2.454365e+02	-7.915818e-02
915           	warmPlate	2.687282e+02	2.699276e+02	7.916316e-02
915           	OVC	-2.459813e+02	-2.454365e+02	-7.915819e-02
916           	warmPlate	2.687281e+02	2.699276e+02	7.916316e-02
916           	OVC	-2.459814e+02	-2.454365e+02	-7.915819e-02
917           	warmPlate	2.687281e+02	2.699276e+02	7.916315e-02
917           	OVC	-2.459814e+02	-2.454365e+02	-7.915820e-02
918           	warmPlate	2.687281e+02	2.699276e+02	7.916315e-02
918           	OVC	-2.459814e+02	-2.454365e+02	-7.915820e-02
919           	warmPlate	2.687281e+02	2.699276e+02	7.916315e-02
919           	OVC	-2.459814e+02	-2.454366e+02	-7.915820e-02
920           	warmPlate	2.687281e+02	2.699275e+02	7.916314e-02
920           	OVC	-2.459814e+02	-2.454366e+02	-7.915821e-02
921           	warmPlate	2.687281e+02	2.699275e+02	7.916314e-02
921           	OVC	-2.459814e+02	-2.454366e+02	-7.915821e-02
922           	warmPlate	2.687281e+02	2.699275e+02	7.916313e-02
922           	OVC	-2.459814e+02	-2.454366e+02	-7.915822e-02
923           	warmPlate	2.687280e+02	2.699275e+02	7.916313e-02
923           	OVC	-2.459814e+02	-2.454366e+02	-7.915822e-02
924           	warmPlate	2.687280e+02	2.699275e+02	7.916313e-02
924           	OVC	-2.459815e+02	-2.454366e+02	-7.915823e-02
925           	warmPlate	2.687280e+02	2.699275e+02	7.916312e-02
925           	OVC	-2.459815e+02	-2.454366e+02	-7.915823e-02
926           	warmPlate	2.687280e+02	2.699275e+02	7.916312e-02
926           	OVC	-2.459815e+02	-2.454366e+02	-7.915823e-02
927           	warmPlate	2.687280e+02	2.699275e+02	7.916311e-02
927           	OVC	-2.459815e+02	-2.454367e+02	-7.915824e-02
928           	warmPlate	2.687280e+02	2.699274e+02	7.916311e-02
928           	OVC	-2.459815e+02	-2.454367e+02	-7.915824e-02
929           	warmPlate	2.687280e+02	2.699274e+02	7.916311e-02
929           	OVC	-2.459815e+02	-2.454367e+02	-7.915824e-02
930           	warmPlate	2.687280e+02	2.699274e+02	7.916310e-02
930           	OVC	-2.459815e+02	-2.454367e+02	-7.915825e-02
931           	warmPlate	2.687279e+02	2.699274e+02	7.916310e-02
931           	OVC	-2.459815e+02	-2.454367e+02	-7.915825e-02
932           	warmPlate	2.687279e+02	2.699274e+02	7.916309e-02
932           	OVC	-2.459816e+02	-2.454367e+02	-7.915826e-02
933           	warmPlate	2.687279e+02	2.699274e+02	7.916309e-02
933           	OVC	-2.459816e+02	-2.454367e+02	-7.915826e-02
934           	warmPlate	2.687279e+02	2.699274e+02	7.916309e-02
934           	OVC	-2.459816e+02	-2.454367e+02	-7.915826e-02
935           	warmPlate	2.687279e+02	2.699273e+02	7.916308e-02
935           	OVC	-2.459816e+02	-2.454367e+02	-7.915827e-02
936           	warmPlate	2.687279e+02	2.699273e+02	7.916308e-02
936           	OVC	-2.459816e+02	-2.454368e+02	-7.915827e-02
937           	warmPlate	2.687279e+02	2.699273e+02	7.916308e-02
937           	OVC	-2.459816e+02	-2.454368e+02	-7.915828e-02
938           	warmPlate	2.687279e+02	2.699273e+02	7.916307e-02
938           	OVC	-2.459816e+02	-2.454368e+02	-7.915828e-02
939           	warmPlate	2.687278e+02	2.699273e+02	7.916307e-02
939           	OVC	-2.459816e+02	-2.454368e+02	-7.915828e-02
940           	warmPlate	2.687278e+02	2.699273e+02	7.916307e-02
940           	OVC	-2.459817e+02	-2.454368e+02	-7.915829e-02
941           	warmPlate	2.687278e+02	2.699273e+02	7.916306e-02
941           	OVC	-2.459817e+02	-2.454368e+02	-7.915829e-02
942           	warmPlate	2.687278e+02	2.699273e+02	7.916306e-02
942           	OVC	-2.459817e+02	-2.454368e+02	-7.915829e-02
943           	warmPlate	2.687278e+02	2.699272e+02	7.916305e-02
943           	OVC	-2.459817e+02	-2.454368e+02	-7.915830e-02
944           	warmPlate	2.687278e+02	2.699272e+02	7.916305e-02
944           	OVC	-2.459817e+02	-2.454369e+02	-7.915830e-02
945           	warmPlate	2.687278e+02	2.699272e+02	7.916305e-02
945           	OVC	-2.459817e+02	-2.454369e+02	-7.915830e-02
946           	warmPlate	2.687278e+02	2.699272e+02	7.916304e-02
946           	OVC	-2.459817e+02	-2.454369e+02	-7.915831e-02
947           	warmPlate	2.687277e+02	2.699272e+02	7.916304e-02
947           	OVC	-2.459817e+02	-2.454369e+02	-7.915831e-02
948           	warmPlate	2.687277e+02	2.699272e+02	7.916304e-02
948           	OVC	-2.459817e+02	-2.454369e+02	-7.915831e-02
949           	warmPlate	2.687277e+02	2.699272e+02	7.916303e-02
949           	OVC	-2.459818e+02	-2.454369e+02	-7.915832e-02
950           	warmPlate	2.687277e+02	2.699272e+02	7.916303e-02
950           	OVC	-2.459818e+02	-2.454369e+02	-7.915832e-02
951           	warmPlate	2.687277e+02	2.699272e+02	7.916303e-02
951           	OVC	-2.459818e+02	-2.454369e+02	-7.915833e-02
952           	warmPlate	2.687277e+02	2.699271e+02	7.916302e-02
952           	OVC	-2.459818e+02	-2.454369e+02	-7.915833e-02
953           	warmPlate	2.687277e+02	2.699271e+02	7.916302e-02
953           	OVC	-2.459818e+02	-2.454369e+02	-7.915833e-02
954           	warmPlate	2.687277e+02	2.699271e+02	7.916302e-02
954           	OVC	-2.459818e+02	-2.454370e+02	-7.915833e-02
955           	warmPlate	2.687277e+02	2.699271e+02	7.916302e-02
955           	OVC	-2.459818e+02	-2.454370e+02	-7.915834e-02
956           	warmPlate	2.687277e+02	2.699271e+02	7.916302e-02
956           	OVC	-2.459818e+02	-2.454370e+02	-7.915834e-02
957           	warmPlate	2.687277e+02	2.699271e+02	7.916301e-02
957           	OVC	-2.459818e+02	-2.454370e+02	-7.915834e-02
958           	warmPlate	2.687276e+02	2.699271e+02	7.916301e-02
958           	OVC	-2.459818e+02	-2.454370e+02	-7.915834e-02
959           	warmPlate	2.687276e+02	2.699271e+02	7.916301e-02
959           	OVC	-2.459818e+02	-2.454370e+02	-7.915834e-02
960           	warmPlate	2.687276e+02	2.699271e+02	7.916301e-02
960           	OVC	-2.459818e+02	-2.454370e+02	-7.915835e-02
961           	warmPlate	2.687276e+02	2.699271e+02	7.916301e-02
961           	OVC	-2.459818e+02	-2.454370e+02	-7.915835e-02
962           	warmPlate	2.687276e+02	2.699271e+02	7.916300e-02
962           	OVC	-2.459818e+02	-2.454370e+02	-7.915835e-02
963           	warmPlate	2.687276e+02	2.699271e+02	7.916300e-02
963           	OVC	-2.459819e+02	-2.454370e+02	-7.915835e-02
964           	warmPlate	2.687276e+02	2.699271e+02	7.916300e-02
964           	OVC	-2.459819e+02	-2.454370e+02	-7.915835e-02
965           	warmPlate	2.687276e+02	2.699271e+02	7.916300e-02
965           	OVC	-2.459819e+02	-2.454370e+02	-7.915836e-02
966           	warmPlate	2.687276e+02	2.699271e+02	7.916300e-02
966           	OVC	-2.459819e+02	-2.454370e+02	-7.915836e-02
967           	warmPlate	2.687276e+02	2.699270e+02	7.916299e-02
967           	OVC	-2.459819e+02	-2.454370e+02	-7.915836e-02
968           	warmPlate	2.687276e+02	2.699270e+02	7.916299e-02
968           	OVC	-2.459819e+02	-2.454370e+02	-7.915836e-02
969           	warmPlate	2.687276e+02	2.699270e+02	7.916299e-02
969           	OVC	-2.459819e+02	-2.454370e+02	-7.915836e-02
970           	warmPlate	2.687276e+02	2.699270e+02	7.916299e-02
970           	OVC	-2.459819e+02	-2.454370e+02	-7.915836e-02
971           	warmPlate	2.687276e+02	2.699270e+02	7.916299e-02
971           	OVC	-2.459819e+02	-2.454371e+02	-7.915837e-02
972           	warmPlate	2.687276e+02	2.699270e+02	7.916299e-02
972           	OVC	-2.459819e+02	-2.454371e+02	-7.915837e-02
973           	warmPlate	2.687276e+02	2.699270e+02	7.916298e-02
973           	OVC	-2.459819e+02	-2.454371e+02	-7.915837e-02
974           	warmPlate	2.687275e+02	2.699270e+02	7.916298e-02
974           	OVC	-2.459819e+02	-2.454371e+02	-7.915837e-02
975           	warmPlate	2.687275e+02	2.699270e+02	7.916298e-02
975           	OVC	-2.459819e+02	-2.454371e+02	-7.915837e-02
976           	warmPlate	2.687275e+02	2.699270e+02	7.916298e-02
976           	OVC	-2.459819e+02	-2.454371e+02	-7.915838e-02
977           	warmPlate	2.687275e+02	2.699270e+02	7.916298e-02
977           	OVC	-2.459819e+02	-2.454371e+02	-7.915838e-02
978           	warmPlate	2.687275e+02	2.699270e+02	7.916298e-02
978           	OVC	-2.459819e+02	-2.454371e+02	-7.915838e-02
979           	warmPlate	2.687275e+02	2.699270e+02	7.916297e-02
979           	OVC	-2.459819e+02	-2.454371e+02	-7.915838e-02
980           	warmPlate	2.687275e+02	2.699270e+02	7.916297e-02
980           	OVC	-2.459820e+02	-2.454371e+02	-7.915838e-02
981           	warmPlate	2.687275e+02	2.699270e+02	7.916297e-02
981           	OVC	-2.459820e+02	-2.454371e+02	-7.915838e-02
982           	warmPlate	2.687275e+02	2.699270e+02	7.916297e-02
982           	OVC	-2.459820e+02	-2.454371e+02	-7.915839e-02
983           	warmPlate	2.687275e+02	2.699269e+02	7.916297e-02
983           	OVC	-2.459820e+02	-2.454371e+02	-7.915839e-02
984           	warmPlate	2.687275e+02	2.699269e+02	7.916297e-02
984           	OVC	-2.459820e+02	-2.454371e+02	-7.915839e-02
985           	warmPlate	2.687275e+02	2.699269e+02	7.916296e-02
985           	OVC	-2.459820e+02	-2.454371e+02	-7.915839e-02
986           	warmPlate	2.687275e+02	2.699269e+02	7.916296e-02
986           	OVC	-2.459820e+02	-2.454371e+02	-7.915839e-02
987           	warmPlate	2.687275e+02	2.699269e+02	7.916296e-02
987           	OVC	-2.459820e+02	-2.454371e+02	-7.915839e-02
988           	warmPlate	2.687275e+02	2.699269e+02	7.916296e-02
988           	OVC	-2.459820e+02	-2.454371e+02	-7.915840e-02
989           	warmPlate	2.687275e+02	2.699269e+02	7.916296e-02
989           	OVC	-2.459820e+02	-2.454372e+02	-7.915840e-02
990           	warmPlate	2.687275e+02	2.699269e+02	7.916295e-02
990           	OVC	-2.459820e+02	-2.454372e+02	-7.915840e-02
991           	warmPlate	2.687274e+02	2.699269e+02	7.916295e-02
991           	OVC	-2.459820e+02	-2.454372e+02	-7.915840e-02
992           	warmPlate	2.687274e+02	2.699269e+02	7.916295e-02
992           	OVC	-2.459820e+02	-2.454372e+02	-7.915840e-02
993           	warmPlate	2.687274e+02	2.699269e+02	7.916295e-02
993           	OVC	-2.459820e+02	-2.454372e+02	-7.915840e-02
994           	warmPlate	2.687274e+02	2.699269e+02	7.916295e-02
994           	OVC	-2.459820e+02	-2.454372e+02	-7.915841e-02
995           	warmPlate	2.687274e+02	2.699269e+02	7.916295e-02
995           	OVC	-2.459820e+02	-2.454372e+02	-7.915841e-02
996           	warmPlate	2.687274e+02	2.699269e+02	7.916294e-02
996           	OVC	-2.459820e+02	-2.454372e+02	-7.915841e-02
997           	warmPlate	2.687274e+02	2.699269e+02	7.916294e-02
997           	OVC	-2.459820e+02	-2.454372e+02	-7.915841e-02
998           	warmPlate	2.687274e+02	2.699269e+02	7.916294e-02
998           	OVC	-2.459820e+02	-2.454372e+02	-7.915841e-02
999           	warmPlate	2.687274e+02	2.699269e+02	7.916294e-02
999           	OVC	-2.459821e+02	-2.454372e+02	-7.915841e-02
1000          	warmPlate	2.687274e+02	2.699269e+02	7.916294e-02
1000          	OVC	-2.459821e+02	-2.454372e+02	-7.915842e-02
1001          	warmPlate	2.687274e+02	2.699268e+02	7.916294e-02
1001          	OVC	-2.459821e+02	-2.454372e+02	-7.915842e-02
1002          	warmPlate	2.687274e+02	2.699268e+02	7.916294e-02
1002          	OVC	-2.459821e+02	-2.454372e+02	-7.915842e-02
1003          	warmPlate	2.687274e+02	2.699268e+02	7.916293e-02
1003          	OVC	-2.459821e+02	-2.454372e+02	-7.915842e-02
1004          	warmPlate	2.687274e+02	2.699268e+02	7.916293e-02
1004          	OVC	-2.459821e+02	-2.454372e+02	-7.915842e-02
1005          	warmPlate	2.687274e+02	2.699268e+02	7.916293e-02
1005          	OVC	-2.459821e+02	-2.454372e+02	-7.915842e-02
1006          	warmPlate	2.687274e+02	2.699268e+02	7.916293e-02
1006          	OVC	-2.459821e+02	-2.454372e+02	-7.915843e-02
1007          	warmPlate	2.687274e+02	2.699268e+02	7.916293e-02
1007          	OVC	-2.459821e+02	-2.454372e+02	-7.915843e-02
1008          	warmPlate	2.687274e+02	2.699268e+02	7.916293e-02
1008          	OVC	-2.459821e+02	-2.454373e+02	-7.915843e-02
1009          	warmPlate	2.687273e+02	2.699268e+02	7.916292e-02
1009          	OVC	-2.459821e+02	-2.454373e+02	-7.915843e-02
1010          	warmPlate	2.687273e+02	2.699268e+02	7.916292e-02
1010          	OVC	-2.459821e+02	-2.454373e+02	-7.915843e-02
1011          	warmPlate	2.687273e+02	2.699268e+02	7.916292e-02
1011          	OVC	-2.459821e+02	-2.454373e+02	-7.915843e-02
1012          	warmPlate	2.687273e+02	2.699268e+02	7.916292e-02
1012          	OVC	-2.459821e+02	-2.454373e+02	-7.915844e-02
1013          	warmPlate	2.687273e+02	2.699268e+02	7.916292e-02
1013          	OVC	-2.459821e+02	-2.454373e+02	-7.915844e-02
1014          	warmPlate	2.687273e+02	2.699268e+02	7.916292e-02
1014          	OVC	-2.459821e+02	-2.454373e+02	-7.915844e-02
1015          	warmPlate	2.687273e+02	2.699268e+02	7.916291e-02
1015          	OVC	-2.459821e+02	-2.454373e+02	-7.915844e-02
1016          	warmPlate	2.687273e+02	2.699268e+02	7.916291e-02
1016          	OVC	-2.459821e+02	-2.454373e+02	-7.915844e-02
1017          	warmPlate	2.687273e+02	2.699268e+02	7.916291e-02
1017          	OVC	-2.459821e+02	-2.454373e+02	-7.915844e-02
1018          	warmPlate	2.687273e+02	2.699268e+02	7.916291e-02
1018          	OVC	-2.459821e+02	-2.454373e+02	-7.915845e-02
1019          	warmPlate	2.687273e+02	2.699268e+02	7.916291e-02
1019          	OVC	-2.459822e+02	-2.454373e+02	-7.915845e-02
1020          	warmPlate	2.687273e+02	2.699267e+02	7.916291e-02
1020          	OVC	-2.459822e+02	-2.454373e+02	-7.915845e-02
1021          	warmPlate	2.687273e+02	2.699267e+02	7.916291e-02
1021          	OVC	-2.459822e+02	-2.454373e+02	-7.915845e-02
1022          	warmPlate	2.687273e+02	2.699267e+02	7.916290e-02
1022          	OVC	-2.459822e+02	-2.454373e+02	-7.915845e-02
1023          	warmPlate	2.687273e+02	2.699267e+02	7.916290e-02
1023          	OVC	-2.459822e+02	-2.454373e+02	-7.915845e-02
1024          	warmPlate	2.687273e+02	2.699267e+02	7.916290e-02
1024          	OVC	-2.459822e+02	-2.454373e+02	-7.915845e-02
1025          	warmPlate	2.687273e+02	2.699267e+02	7.916290e-02
1025          	OVC	-2.459822e+02	-2.454373e+02	-7.915846e-02
1026          	warmPlate	2.687273e+02	2.699267e+02	7.916290e-02
1026          	OVC	-2.459822e+02	-2.454373e+02	-7.915846e-02
1027          	warmPlate	2.687273e+02	2.699267e+02	7.916290e-02
1027          	OVC	-2.459822e+02	-2.454373e+02	-7.915846e-02
1028          	warmPlate	2.687273e+02	2.699267e+02	7.916290e-02
1028          	OVC	-2.459822e+02	-2.454373e+02	-7.915846e-02
1029          	warmPlate	2.687272e+02	2.699267e+02	7.916289e-02
1029          	OVC	-2.459822e+02	-2.454374e+02	-7.915846e-02
1030          	warmPlate	2.687272e+02	2.699267e+02	7.916289e-02
1030          	OVC	-2.459822e+02	-2.454374e+02	-7.915846e-02
1031          	warmPlate	2.687272e+02	2.699267e+02	7.916289e-02
1031          	OVC	-2.459822e+02	-2.454374e+02	-7.915846e-02
1032          	warmPlate	2.687272e+02	2.699267e+02	7.916289e-02
1032          	OVC	-2.459822e+02	-2.454374e+02	-7.915847e-02
1033          	warmPlate	2.687272e+02	2.699267e+02	7.916289e-02
1033          	OVC	-2.459822e+02	-2.454374e+02	-7.915847e-02
1034          	warmPlate	2.687272e+02	2.699267e+02	7.916289e-02
1034          	OVC	-2.459822e+02	-2.454374e+02	-7.915847e-02
1035          	warmPlate	2.687272e+02	2.699267e+02	7.916289e-02
1035          	OVC	-2.459822e+02	-2.454374e+02	-7.915847e-02
1036          	warmPlate	2.687272e+02	2.699267e+02	7.916288e-02
1036          	OVC	-2.459822e+02	-2.454374e+02	-7.915847e-02
1037          	warmPlate	2.687272e+02	2.699267e+02	7.916288e-02
1037          	OVC	-2.459822e+02	-2.454374e+02	-7.915847e-02
1038          	warmPlate	2.687272e+02	2.699267e+02	7.916288e-02
1038          	OVC	-2.459822e+02	-2.454374e+02	-7.915847e-02
1039          	warmPlate	2.687272e+02	2.699267e+02	7.916288e-02
1039          	OVC	-2.459822e+02	-2.454374e+02	-7.915848e-02
1040          	warmPlate	2.687272e+02	2.699266e+02	7.916288e-02
1040          	OVC	-2.459822e+02	-2.454374e+02	-7.915848e-02
1041          	warmPlate	2.687272e+02	2.699266e+02	7.916288e-02
1041          	OVC	-2.459823e+02	-2.454374e+02	-7.915848e-02
1042          	warmPlate	2.687272e+02	2.699266e+02	7.916288e-02
1042          	OVC	-2.459823e+02	-2.454374e+02	-7.915848e-02
1043          	warmPlate	2.687272e+02	2.699266e+02	7.916288e-02
1043          	OVC	-2.459823e+02	-2.454374e+02	-7.915848e-02
1044          	warmPlate	2.687272e+02	2.699266e+02	7.916288e-02
1044          	OVC	-2.459823e+02	-2.454374e+02	-7.915848e-02
1045          	warmPlate	2.687272e+02	2.699266e+02	7.916288e-02
1045          	OVC	-2.459823e+02	-2.454374e+02	-7.915848e-02
1046          	warmPlate	2.687272e+02	2.699266e+02	7.916288e-02
1046          	OVC	-2.459823e+02	-2.454374e+02	-7.915848e-02
1047          	warmPlate	2.687272e+02	2.699266e+02	7.916288e-02
1047          	OVC	-2.459823e+02	-2.454374e+02	-7.915848e-02
1048          	warmPlate	2.687272e+02	2.699266e+02	7.916288e-02
1048          	OVC	-2.459823e+02	-2.454374e+02	-7.915848e-02
1049          	warmPlate	2.687272e+02	2.699266e+02	7.916288e-02
1049          	OVC	-2.459823e+02	-2.454374e+02	-7.915848e-02
1050          	warmPlate	2.687272e+02	2.699266e+02	7.916288e-02
1050          	OVC	-2.459823e+02	-2.454374e+02	-7.915848e-02
1051          	warmPlate	2.687272e+02	2.699266e+02	7.916288e-02
1051          	OVC	-2.459823e+02	-2.454374e+02	-7.915848e-02
1052          	warmPlate	2.687272e+02	2.699266e+02	7.916288e-02
1052          	OVC	-2.459823e+02	-2.454374e+02	-7.915848e-02
1053          	warmPlate	2.687272e+02	2.699266e+02	7.916288e-02
1053          	OVC	-2.459823e+02	-2.454374e+02	-7.915848e-02
1054          	warmPlate	2.687272e+02	2.699266e+02	7.916288e-02
1054          	OVC	-2.459823e+02	-2.454374e+02	-7.915848e-02
1055          	warmPlate	2.687272e+02	2.699266e+02	7.916288e-02
1055          	OVC	-2.459823e+02	-2.454374e+02	-7.915848e-02
1056          	warmPlate	2.687272e+02	2.699266e+02	7.916288e-02
1056          	OVC	-2.459823e+02	-2.454374e+02	-7.915848e-02
1057          	warmPlate	2.687272e+02	2.699266e+02	7.916288e-02
1057          	OVC	-2.459823e+02	-2.454374e+02	-7.915848e-02
1058          	warmPlate	2.687272e+02	2.699266e+02	7.916288e-02
1058          	OVC	-2.459823e+02	-2.454374e+02	-7.915848e-02
1059          	warmPlate	2.687272e+02	2.699266e+02	7.916288e-02
1059          	OVC	-2.459823e+02	-2.454374e+02	-7.915848e-02
1060          	warmPlate	2.687272e+02	2.699266e+02	7.916288e-02
1060          	OVC	-2.459823e+02	-2.454374e+02	-7.915848e-02
1061          	warmPlate	2.687272e+02	2.699266e+02	7.916288e-02
1061          	OVC	-2.459823e+02	-2.454374e+02	-7.915848e-02
1062          	warmPlate	2.687272e+02	2.699266e+02	7.916288e-02
1062          	OVC	-2.459823e+02	-2.454374e+02	-7.915848e-02
1063          	warmPlate	2.687272e+02	2.699266e+02	7.916288e-02
1063          	OVC	-2.459823e+02	-2.454374e+02	-7.915848e-02
1064          	warmPlate	2.687272e+02	2.699266e+02	7.916288e-02
1064          	OVC	-2.459823e+02	-2.454374e+02	-7.915848e-02
1065          	warmPlate	2.687272e+02	2.699266e+02	7.916288e-02
1065          	OVC	-2.459823e+02	-2.454374e+02	-7.915848e-02
1066          	warmPlate	2.687272e+02	2.699266e+02	7.916288e-02
1066          	OVC	-2.459823e+02	-2.454374e+02	-7.915848e-02
1067          	warmPlate	2.687272e+02	2.699266e+02	7.916288e-02
1067          	OVC	-2.459823e+02	-2.454374e+02	-7.915848e-02
1068          	warmPlate	2.687272e+02	2.699266e+02	7.916288e-02
1068          	OVC	-2.459823e+02	-2.454374e+02	-7.915848e-02
1069          	warmPlate	2.687272e+02	2.699266e+02	7.916288e-02
1069          	OVC	-2.459823e+02	-2.454374e+02	-7.915848e-02
1070          	warmPlate	2.687272e+02	2.699266e+02	7.916288e-02
1070          	OVC	-2.459823e+02	-2.454374e+02	-7.915848e-02
1071          	warmPlate	2.687272e+02	2.699266e+02	7.916288e-02
1071          	OVC	-2.459823e+02	-2.454374e+02	-7.915848e-02
1072          	warmPlate	2.687272e+02	2.699266e+02	7.916288e-02
1072          	OVC	-2.459823e+02	-2.454374e+02	-7.915848e-02
1073          	warmPlate	2.687272e+02	2.699266e+02	7.916288e-02
1073          	OVC	-2.459823e+02	-2.454374e+02	-7.915848e-02
1074          	warmPlate	2.687272e+02	2.699266e+02	7.916288e-02
1074          	OVC	-2.459823e+02	-2.454374e+02	-7.915848e-02
1075          	warmPlate	2.687272e+02	2.699266e+02	7.916288e-02
1075          	OVC	-2.459823e+02	-2.454374e+02	-7.915848e-02
1076          	warmPlate	2.687272e+02	2.699266e+02	7.916288e-02
1076          	OVC	-2.459823e+02	-2.454374e+02	-7.915848e-02
1077          	warmPlate	2.687272e+02	2.699266e+02	7.916288e-02
1077          	OVC	-2.459823e+02	-2.454374e+02	-7.915848e-02
1078          	warmPlate	2.687272e+02	2.699266e+02	7.916288e-02
1078          	OVC	-2.459823e+02	-2.454374e+02	-7.915848e-02
1079          	warmPlate	2.687272e+02	2.699266e+02	7.916288e-02
1079          	OVC	-2.459823e+02	-2.454374e+02	-7.915848e-02
1080          	warmPlate	2.687272e+02	2.699266e+02	7.916288e-02
1080          	OVC	-2.459823e+02	-2.454374e+02	-7.915848e-02
1081          	warmPlate	2.687272e+02	2.699266e+02	7.916288e-02
1081          	OVC	-2.459823e+02	-2.454374e+02	-7.915848e-02
1082          	warmPlate	2.687272e+02	2.699266e+02	7.916288e-02
1082          	OVC	-2.459823e+02	-2.454374e+02	-7.915848e-02
1083          	warmPlate	2.687272e+02	2.699266e+02	7.916288e-02
1083          	OVC	-2.459823e+02	-2.454374e+02	-7.915848e-02
1084          	warmPlate	2.687272e+02	2.699266e+02	7.916288e-02
1084          	OVC	-2.459823e+02	-2.454374e+02	-7.915848e-02
1085          	warmPlate	2.687272e+02	2.699266e+02	7.916288e-02
1085          	OVC	-2.459823e+02	-2.454374e+02	-7.915848e-02
1086          	warmPlate	2.687272e+02	2.699266e+02	7.916288e-02
1086          	OVC	-2.459823e+02	-2.454374e+02	-7.915848e-02
1087          	warmPlate	2.687272e+02	2.699266e+02	7.916288e-02
1087          	OVC	-2.459823e+02	-2.454374e+02	-7.915848e-02
1088          	warmPlate	2.687272e+02	2.699266e+02	7.916288e-02
1088          	OVC	-2.459823e+02	-2.454374e+02	-7.915848e-02
1089          	warmPlate	2.687272e+02	2.699266e+02	7.916288e-02
1089          	OVC	-2.459823e+02	-2.454374e+02	-7.915848e-02
1090          	warmPlate	2.687272e+02	2.699266e+02	7.916288e-02
1090          	OVC	-2.459823e+02	-2.454374e+02	-7.915848e-02
1091          	warmPlate	2.687272e+02	2.699266e+02	7.916288e-02
1091          	OVC	-2.459823e+02	-2.454374e+02	-7.915848e-02
1092          	warmPlate	2.687272e+02	2.699266e+02	7.916288e-02
1092          	OVC	-2.459823e+02	-2.454374e+02	-7.915848e-02
1093          	warmPlate	2.687272e+02	2.699266e+02	7.916288e-02
1093          	OVC	-2.459823e+02	-2.454374e+02	-7.915848e-02
1094          	warmPlate	2.687272e+02	2.699266e+02	7.916288e-02
1094          	OVC	-2.459823e+02	-2.454374e+02	-7.915848e-02
1095          	warmPlate	2.687272e+02	2.699266e+02	7.916288e-02
1095          	OVC	-2.459823e+02	-2.454374e+02	-7.915848e-02
1096          	warmPlate	2.687272e+02	2.699266e+02	7.916288e-02
1096          	OVC	-2.459823e+02	-2.454374e+02	-7.915848e-02
1097          	warmPlate	2.687272e+02	2.699266e+02	7.916288e-02
1097          	OVC	-2.459823e+02	-2.454374e+02	-7.915848e-02
1098          	warmPlate	2.687272e+02	2.699266e+02	7.916288e-02
1098          	OVC	-2.459823e+02	-2.454374e+02	-7.915848e-02
1099          	warmPlate	2.687272e+02	2.699266e+02	7.916288e-02
1099          	OVC	-2.459823e+02	-2.454374e+02	-7.915848e-02
1100          	warmPlate	2.687272e+02	2.699266e+02	7.916288e-02
1100          	OVC	-2.459823e+02	-2.454374e+02	-7.915848e-02
1101          	warmPlate	2.687272e+02	2.699266e+02	7.916288e-02
1101          	OVC	-2.459823e+02	-2.454374e+02	-7.915848e-02
1102          	warmPlate	2.687272e+02	2.699266e+02	7.916288e-02
1102          	OVC	-2.459823e+02	-2.454374e+02	-7.915848e-02
1103          	warmPlate	2.687272e+02	2.699266e+02	7.916288e-02
1103          	OVC	-2.459823e+02	-2.454374e+02	-7.915848e-02
1104          	warmPlate	2.687272e+02	2.699266e+02	7.916288e-02
1104          	OVC	-2.459823e+02	-2.454374e+02	-7.915848e-02
1105          	warmPlate	2.687272e+02	2.699266e+02	7.916288e-02
1105          	OVC	-2.459823e+02	-2.454374e+02	-7.915848e-02
1106          	warmPlate	2.687272e+02	2.699266e+02	7.916288e-02
1106          	OVC	-2.459823e+02	-2.454374e+02	-7.915848e-02
1107          	warmPlate	2.687272e+02	2.699266e+02	7.916288e-02
1107          	OVC	-2.459823e+02	-2.454374e+02	-7.915848e-02
1108          	warmPlate	2.687272e+02	2.699266e+02	7.916288e-02
1108          	OVC	-2.459823e+02	-2.454374e+02	-7.915848e-02
1109          	warmPlate	2.687272e+02	2.699266e+02	7.916288e-02
1109          	OVC	-2.459823e+02	-2.454374e+02	-7.915848e-02
1110          	warmPlate	2.687272e+02	2.699266e+02	7.916288e-02
1110          	OVC	-2.459823e+02	-2.454374e+02	-7.915848e-02
1111          	warmPlate	2.687272e+02	2.699266e+02	7.916288e-02
1111          	OVC	-2.459823e+02	-2.454374e+02	-7.915848e-02
1112          	warmPlate	2.687272e+02	2.699266e+02	7.916288e-02
1112          	OVC	-2.459823e+02	-2.454374e+02	-7.915848e-02
1113          	warmPlate	2.687272e+02	2.699266e+02	7.916288e-02
1113          	OVC	-2.459823e+02	-2.454374e+02	-7.915848e-02
1114          	warmPlate	2.687272e+02	2.699266e+02	7.916288e-02
1114          	OVC	-2.459823e+02	-2.454374e+02	-7.915848e-02
1115          	warmPlate	2.687272e+02	2.699266e+02	7.916288e-02
1115          	OVC	-2.459823e+02	-2.454374e+02	-7.915848e-02
1116          	warmPlate	2.687272e+02	2.699266e+02	7.916288e-02
1116          	OVC	-2.459823e+02	-2.454374e+02	-7.915848e-02
1117          	warmPlate	2.687272e+02	2.699266e+02	7.916288e-02
1117          	OVC	-2.459823e+02	-2.454374e+02	-7.915848e-02
1118          	warmPlate	2.687272e+02	2.699266e+02	7.916288e-02
1118          	OVC	-2.459823e+02	-2.454374e+02	-7.915848e-02
1119          	warmPlate	2.687272e+02	2.699266e+02	7.916288e-02
1119          	OVC	-2.459823e+02	-2.454374e+02	-7.915848e-02
1120          	warmPlate	2.687272e+02	2.699266e+02	7.916288e-02
1120          	OVC	-2.459823e+02	-2.454374e+02	-7.915848e-02
1121          	warmPlate	2.687272e+02	2.699266e+02	7.916288e-02
1121          	OVC	-2.459823e+02	-2.454374e+02	-7.915848e-02
1122          	warmPlate	2.687272e+02	2.699266e+02	7.916288e-02
1122          	OVC	-2.459823e+02	-2.454374e+02	-7.915848e-02
1123          	warmPlate	2.687272e+02	2.699266e+02	7.916288e-02
1123          	OVC	-2.459823e+02	-2.454374e+02	-7.915848e-02
1124          	warmPlate	2.687272e+02	2.699266e+02	7.916288e-02
1124          	OVC	-2.459823e+02	-2.454374e+02	-7.915848e-02
1125          	warmPlate	2.687272e+02	2.699266e+02	7.916288e-02
1125          	OVC	-2.459823e+02	-2.454374e+02	-7.915848e-02
1126          	warmPlate	2.687272e+02	2.699266e+02	7.916288e-02
1126          	OVC	-2.459823e+02	-2.454374e+02	-7.915848e-02
1127          	warmPlate	2.687272e+02	2.699266e+02	7.916288e-02
1127          	OVC	-2.459823e+02	-2.454374e+02	-7.915848e-02
1128          	warmPlate	2.687272e+02	2.699266e+02	7.916288e-02
1128          	OVC	-2.459823e+02	-2.454374e+02	-7.915848e-02
1129          	warmPlate	2.687272e+02	2.699266e+02	7.916288e-02
1129          	OVC	-2.459823e+02	-2.454374e+02	-7.915848e-02
1130          	warmPlate	2.687272e+02	2.699266e+02	7.916288e-02
1130          	OVC	-2.459823e+02	-2.454374e+02	-7.915848e-02
1131          	warmPlate	2.687272e+02	2.699266e+02	7.916288e-02
1131          	OVC	-2.459823e+02	-2.454374e+02	-7.915848e-02
1132          	warmPlate	2.687272e+02	2.699266e+02	7.916288e-02
1132          	OVC	-2.459823e+02	-2.454374e+02	-7.915848e-02
1133          	warmPlate	2.687272e+02	2.699266e+02	7.916288e-02
1133          	OVC	-2.459823e+02	-2.454374e+02	-7.915848e-02
1134          	warmPlate	2.687272e+02	2.699266e+02	7.916288e-02
1134          	OVC	-2.459823e+02	-2.454374e+02	-7.915848e-02
1135          	warmPlate	2.687272e+02	2.699266e+02	7.916288e-02
1135          	OVC	-2.459823e+02	-2.454374e+02	-7.915848e-02
1136          	warmPlate	2.687272e+02	2.699266e+02	7.916288e-02
1136          	OVC	-2.459823e+02	-2.454374e+02	-7.915848e-02
1137          	warmPlate	2.687272e+02	2.699266e+02	7.916288e-02
1137          	OVC	-2.459823e+02	-2.454374e+02	-7.915848e-02
1138          	warmPlate	2.687272e+02	2.699266e+02	7.916288e-02
1138          	OVC	-2.459823e+02	-2.454374e+02	-7.915848e-02
1139          	warmPlate	2.687272e+02	2.699266e+02	7.916288e-02
1139          	OVC	-2.459823e+02	-2.454374e+02	-7.915848e-02
1140          	warmPlate	2.687272e+02	2.699266e+02	7.916288e-02
1140          	OVC	-2.459823e+02	-2.454374e+02	-7.915848e-02
1141          	warmPlate	2.687272e+02	2.699266e+02	7.916288e-02
1141          	OVC	-2.459823e+02	-2.454374e+02	-7.915848e-02
1142          	warmPlate	2.687272e+02	2.699266e+02	7.916288e-02
1142          	OVC	-2.459823e+02	-2.454374e+02	-7.915848e-02
1143          	warmPlate	2.687272e+02	2.699266e+02	7.916288e-02
1143          	OVC	-2.459823e+02	-2.454374e+02	-7.915848e-02
1144          	warmPlate	2.687272e+02	2.699266e+02	7.916288e-02
1144          	OVC	-2.459823e+02	-2.454374e+02	-7.915848e-02
1145          	warmPlate	2.687272e+02	2.699266e+02	7.916288e-02
1145          	OVC	-2.459823e+02	-2.454374e+02	-7.915848e-02
1146          	warmPlate	2.687272e+02	2.699266e+02	7.916288e-02
1146          	OVC	-2.459823e+02	-2.454374e+02	-7.915848e-02
1147          	warmPlate	2.687272e+02	2.699266e+02	7.916288e-02
1147          	OVC	-2.459823e+02	-2.454374e+02	-7.915848e-02
1148          	warmPlate	2.687272e+02	2.699266e+02	7.916288e-02
1148          	OVC	-2.459823e+02	-2.454374e+02	-7.915848e-02
1149          	warmPlate	2.687272e+02	2.699266e+02	7.916288e-02
1149          	OVC	-2.459823e+02	-2.454374e+02	-7.915848e-02
1150          	warmPlate	2.687272e+02	2.699266e+02	7.916288e-02
1150          	OVC	-2.459823e+02	-2.454374e+02	-7.915848e-02
1151          	warmPlate	2.687272e+02	2.699266e+02	7.916288e-02
1151          	OVC	-2.459823e+02	-2.454374e+02	-7.915848e-02
1152          	warmPlate	2.687272e+02	2.699266e+02	7.916288e-02
1152          	OVC	-2.459823e+02	-2.454374e+02	-7.915848e-02
1153          	warmPlate	2.687272e+02	2.699266e+02	7.916288e-02
1153          	OVC	-2.459823e+02	-2.454374e+02	-7.915848e-02
1154          	warmPlate	2.687272e+02	2.699266e+02	7.916288e-02
1154          	OVC	-2.459823e+02	-2.454374e+02	-7.915848e-02
1155          	warmPlate	2.687272e+02	2.699266e+02	7.916288e-02
1155          	OVC	-2.459823e+02	-2.454374e+02	-7.915848e-02
1156          	warmPlate	2.687272e+02	2.699266e+02	7.916288e-02
1156          	OVC	-2.459823e+02	-2.454374e+02	-7.915848e-02
1157          	warmPlate	2.687272e+02	2.699266e+02	7.916288e-02
1157          	OVC	-2.459823e+02	-2.454374e+02	-7.915848e-02
1158          	warmPlate	2.687272e+02	2.699266e+02	7.916288e-02
1158          	OVC	-2.459823e+02	-2.454374e+02	-7.915848e-02
1159          	warmPlate	2.687272e+02	2.699266e+02	7.916288e-02
1159          	OVC	-2.459823e+02	-2.454374e+02	-7.915848e-02
1160          	warmPlate	2.687272e+02	2.699266e+02	7.916288e-02
1160          	OVC	-2.459823e+02	-2.454374e+02	-7.915848e-02
1161          	warmPlate	2.687272e+02	2.699266e+02	7.916288e-02
1161          	OVC	-2.459823e+02	-2.454374e+02	-7.915848e-02
1162          	warmPlate	2.687272e+02	2.699266e+02	7.916288e-02
1162          	OVC	-2.459823e+02	-2.454374e+02	-7.915848e-02
1163          	warmPlate	2.687272e+02	2.699266e+02	7.916288e-02
1163          	OVC	-2.459823e+02	-2.454374e+02	-7.915848e-02
1164          	warmPlate	2.687272e+02	2.699266e+02	7.916288e-02
1164          	OVC	-2.459823e+02	-2.454374e+02	-7.915848e-02
1165          	warmPlate	2.687272e+02	2.699266e+02	7.916288e-02
1165          	OVC	-2.459823e+02	-2.454374e+02	-7.915848e-02
1166          	warmPlate	2.687272e+02	2.699266e+02	7.916288e-02
1166          	OVC	-2.459823e+02	-2.454374e+02	-7.915848e-02
1167          	warmPlate	2.687272e+02	2.699266e+02	7.916288e-02
1167          	OVC	-2.459823e+02	-2.454374e+02	-7.915848e-02
1168          	warmPlate	2.687272e+02	2.699266e+02	7.916288e-02
1168          	OVC	-2.459823e+02	-2.454374e+02	-7.915848e-02
1169          	warmPlate	2.687272e+02	2.699266e+02	7.916288e-02
1169          	OVC	-2.459823e+02	-2.454374e+02	-7.915848e-02
1170          	warmPlate	2.687272e+02	2.699266e+02	7.916288e-02
1170          	OVC	-2.459823e+02	-2.454374e+02	-7.915848e-02
1171          	warmPlate	2.687272e+02	2.699266e+02	7.916288e-02
1171          	OVC	-2.459823e+02	-2.454374e+02	-7.915848e-02
1172          	warmPlate	2.687272e+02	2.699266e+02	7.916288e-02
1172          	OVC	-2.459823e+02	-2.454374e+02	-7.915848e-02
1173          	warmPlate	2.687272e+02	2.699266e+02	7.916288e-02
1173          	OVC	-2.459823e+02	-2.454374e+02	-7.915848e-02
1174          	warmPlate	2.687272e+02	2.699266e+02	7.916288e-02
1174          	OVC	-2.459823e+02	-2.454374e+02	-7.915848e-02
1175          	warmPlate	2.687272e+02	2.699266e+02	7.916288e-02
1175          	OVC	-2.459823e+02	-2.454374e+02	-7.915848e-02
1176          	warmPlate	2.687272e+02	2.699266e+02	7.916288e-02
1176          	OVC	-2.459823e+02	-2.454374e+02	-7.915848e-02
1177          	warmPlate	2.687272e+02	2.699266e+02	7.916288e-02
1177          	OVC	-2.459823e+02	-2.454374e+02	-7.915848e-02
1178          	warmPlate	2.687272e+02	2.699266e+02	7.916288e-02
1178          	OVC	-2.459823e+02	-2.454374e+02	-7.915848e-02
1179          	warmPlate	2.687272e+02	2.699266e+02	7.916288e-02
1179          	OVC	-2.459823e+02	-2.454374e+02	-7.915848e-02
1180          	warmPlate	2.687272e+02	2.699266e+02	7.916288e-02
1180          	OVC	-2.459823e+02	-2.454374e+02	-7.915848e-02
1181          	warmPlate	2.687272e+02	2.699266e+02	7.916288e-02
1181          	OVC	-2.459823e+02	-2.454374e+02	-7.915848e-02
1182          	warmPlate	2.687272e+02	2.699266e+02	7.916288e-02
1182          	OVC	-2.459823e+02	-2.454374e+02	-7.915848e-02
1183          	warmPlate	2.687272e+02	2.699266e+02	7.916288e-02
1183          	OVC	-2.459823e+02	-2.454374e+02	-7.915848e-02
1184          	warmPlate	2.687272e+02	2.699266e+02	7.916288e-02
1184          	OVC	-2.459823e+02	-2.454374e+02	-7.915848e-02
1185          	warmPlate	2.687272e+02	2.699266e+02	7.916288e-02
1185          	OVC	-2.459823e+02	-2.454374e+02	-7.915848e-02
1186          	warmPlate	2.687272e+02	2.699266e+02	7.916288e-02
1186          	OVC	-2.459823e+02	-2.454374e+02	-7.915848e-02
1187          	warmPlate	2.687272e+02	2.699266e+02	7.916288e-02
1187          	OVC	-2.459823e+02	-2.454374e+02	-7.915848e-02
1188          	warmPlate	2.687272e+02	2.699266e+02	7.916288e-02
1188          	OVC	-2.459823e+02	-2.454374e+02	-7.915848e-02
1189          	warmPlate	2.687272e+02	2.699266e+02	7.916288e-02
1189          	OVC	-2.459823e+02	-2.454374e+02	-7.915848e-02
1190          	warmPlate	2.687272e+02	2.699266e+02	7.916288e-02
1190          	OVC	-2.459823e+02	-2.454374e+02	-7.915848e-02
1191          	warmPlate	2.687272e+02	2.699266e+02	7.916288e-02
1191          	OVC	-2.459823e+02	-2.454374e+02	-7.915848e-02
1192          	warmPlate	2.687272e+02	2.699266e+02	7.916288e-02
1192          	OVC	-2.459823e+02	-2.454374e+02	-7.915848e-02
1193          	warmPlate	2.687272e+02	2.699266e+02	7.916288e-02
1193          	OVC	-2.459823e+02	-2.454374e+02	-7.915848e-02
1194          	warmPlate	2.687272e+02	2.699266e+02	7.916288e-02
1194          	OVC	-2.459823e+02	-2.454374e+02	-7.915848e-02
1195          	warmPlate	2.687272e+02	2.699266e+02	7.916288e-02
1195          	OVC	-2.459823e+02	-2.454374e+02	-7.915848e-02
1196          	warmPlate	2.687272e+02	2.699266e+02	7.916288e-02
1196          	OVC	-2.459823e+02	-2.454374e+02	-7.915848e-02
1197          	warmPlate	2.687272e+02	2.699266e+02	7.916288e-02
1197          	OVC	-2.459823e+02	-2.454374e+02	-7.915848e-02
1198          	warmPlate	2.687272e+02	2.699266e+02	7.916288e-02
1198          	OVC	-2.459823e+02	-2.454374e+02	-7.915848e-02
1199          	warmPlate	2.687272e+02	2.699266e+02	7.916288e-02
1199          	OVC	-2.459823e+02	-2.454374e+02	-7.915848e-02
1200          	warmPlate	2.687272e+02	2.699266e+02	7.916288e-02
1200          	OVC	-2.459823e+02	-2.454374e+02	-7.915848e-02
1201          	warmPlate	2.687272e+02	2.699266e+02	7.916288e-02
1201          	OVC	-2.459823e+02	-2.454374e+02	-7.915848e-02
1202          	warmPlate	2.687272e+02	2.699266e+02	7.916288e-02
1202          	OVC	-2.459823e+02	-2.454374e+02	-7.915848e-02
1203          	warmPlate	2.687272e+02	2.699266e+02	7.916288e-02
1203          	OVC	-2.459823e+02	-2.454374e+02	-7.915848e-02
1204          	warmPlate	2.687272e+02	2.699266e+02	7.916288e-02
1204          	OVC	-2.459823e+02	-2.454374e+02	-7.915848e-02
1205          	warmPlate	2.687272e+02	2.699266e+02	7.916288e-02
1205          	OVC	-2.459823e+02	-2.454374e+02	-7.915848e-02
1206          	warmPlate	2.687272e+02	2.699266e+02	7.916288e-02
1206          	OVC	-2.459823e+02	-2.454374e+02	-7.915848e-02
1207          	warmPlate	2.687272e+02	2.699266e+02	7.916288e-02
1207          	OVC	-2.459823e+02	-2.454374e+02	-7.915848e-02
1208          	warmPlate	2.687272e+02	2.699266e+02	7.916288e-02
1208          	OVC	-2.459823e+02	-2.454374e+02	-7.915848e-02
1209          	warmPlate	2.687272e+02	2.699266e+02	7.916288e-02
1209          	OVC	-2.459823e+02	-2.454374e+02	-7.915848e-02
1210          	warmPlate	2.687272e+02	2.699266e+02	7.916288e-02
1210          	OVC	-2.459823e+02	-2.454374e+02	-7.915848e-02
1211          	warmPlate	2.687272e+02	2.699266e+02	7.916288e-02
1211          	OVC	-2.459823e+02	-2.454374e+02	-7.915848e-02
1212          	warmPlate	2.687272e+02	2.699266e+02	7.916288e-02
1212          	OVC	-2.459823e+02	-2.454374e+02	-7.915848e-02
1213          	warmPlate	2.687272e+02	2.699266e+02	7.916288e-02
1213          	OVC	-2.459823e+02	-2.454374e+02	-7.915848e-02
1214          	warmPlate	2.687272e+02	2.699266e+02	7.916288e-02
1214          	OVC	-2.459823e+02	-2.454374e+02	-7.915848e-02
1215          	warmPlate	2.687272e+02	2.699266e+02	7.916288e-02
1215          	OVC	-2.459823e+02	-2.454374e+02	-7.915848e-02
1216          	warmPlate	2.687272e+02	2.699266e+02	7.916288e-02
1216          	OVC	-2.459823e+02	-2.454374e+02	-7.915848e-02
1217          	warmPlate	2.687272e+02	2.699266e+02	7.916288e-02
1217          	OVC	-2.459823e+02	-2.454374e+02	-7.915848e-02
1218          	warmPlate	2.687272e+02	2.699266e+02	7.916288e-02
1218          	OVC	-2.459823e+02	-2.454374e+02	-7.915848e-02
1219          	warmPlate	2.687272e+02	2.699266e+02	7.916288e-02
1219          	OVC	-2.459823e+02	-2.454374e+02	-7.915848e-02
1220          	warmPlate	2.687272e+02	2.699266e+02	7.916288e-02
1220          	OVC	-2.459823e+02	-2.454374e+02	-7.915848e-02
1221          	warmPlate	2.687272e+02	2.699266e+02	7.916288e-02
1221          	OVC	-2.459823e+02	-2.454374e+02	-7.915848e-02
1222          	warmPlate	2.687272e+02	2.699266e+02	7.916288e-02
1222          	OVC	-2.459823e+02	-2.454374e+02	-7.915848e-02
1223          	warmPlate	2.687272e+02	2.699266e+02	7.916288e-02
1223          	OVC	-2.459823e+02	-2.454374e+02	-7.915848e-02
1224          	warmPlate	2.687272e+02	2.699266e+02	7.916288e-02
1224          	OVC	-2.459823e+02	-2.454374e+02	-7.915848e-02
1225          	warmPlate	2.687272e+02	2.699266e+02	7.916288e-02
1225          	OVC	-2.459823e+02	-2.454374e+02	-7.915848e-02
1226          	warmPlate	2.687272e+02	2.699266e+02	7.916288e-02
1226          	OVC	-2.459823e+02	-2.454374e+02	-7.915848e-02
1227          	warmPlate	2.687272e+02	2.699266e+02	7.916288e-02
1227          	OVC	-2.459823e+02	-2.454374e+02	-7.915848e-02
1228          	warmPlate	2.687272e+02	2.699266e+02	7.916288e-02
1228          	OVC	-2.459823e+02	-2.454374e+02	-7.915848e-02
1229          	warmPlate	2.687272e+02	2.699266e+02	7.916288e-02
1229          	OVC	-2.459823e+02	-2.454374e+02	-7.915848e-02
1230          	warmPlate	2.687272e+02	2.699266e+02	7.916288e-02
1230          	OVC	-2.459823e+02	-2.454374e+02	-7.915848e-02
1231          	warmPlate	2.687272e+02	2.699266e+02	7.916288e-02
1231          	OVC	-2.459823e+02	-2.454374e+02	-7.915848e-02
1232          	warmPlate	2.687272e+02	2.699266e+02	7.916288e-02
1232          	OVC	-2.459823e+02	-2.454374e+02	-7.915848e-02
1233          	warmPlate	2.687272e+02	2.699266e+02	7.916288e-02
1233          	OVC	-2.459823e+02	-2.454374e+02	-7.915848e-02
1234          	warmPlate	2.687272e+02	2.699266e+02	7.916288e-02
1234          	OVC	-2.459823e+02	-2.454374e+02	-7.915848e-02
1235          	warmPlate	2.687272e+02	2.699266e+02	7.916288e-02
1235          	OVC	-2.459823e+02	-2.454374e+02	-7.915848e-02
1236          	warmPlate	2.687272e+02	2.699266e+02	7.916288e-02
1236          	OVC	-2.459823e+02	-2.454374e+02	-7.915848e-02
1237          	warmPlate	2.687272e+02	2.699266e+02	7.916288e-02
1237          	OVC	-2.459823e+02	-2.454374e+02	-7.915848e-02
1238          	warmPlate	2.687272e+02	2.699266e+02	7.916288e-02
1238          	OVC	-2.459823e+02	-2.454374e+02	-7.915848e-02
1239          	warmPlate	2.687272e+02	2.699266e+02	7.916288e-02
1239          	OVC	-2.459823e+02	-2.454374e+02	-7.915848e-02
1240          	warmPlate	2.687272e+02	2.699266e+02	7.916288e-02
1240          	OVC	-2.459823e+02	-2.454374e+02	-7.915848e-02
1241          	warmPlate	2.687272e+02	2.699266e+02	7.916288e-02
1241          	OVC	-2.459823e+02	-2.454374e+02	-7.915848e-02
1242          	warmPlate	2.687272e+02	2.699266e+02	7.916288e-02
1242          	OVC	-2.459823e+02	-2.454374e+02	-7.915848e-02
1243          	warmPlate	2.687272e+02	2.699266e+02	7.916288e-02
1243          	OVC	-2.459823e+02	-2.454374e+02	-7.915848e-02
1244          	warmPlate	2.687272e+02	2.699266e+02	7.916288e-02
1244          	OVC	-2.459823e+02	-2.454374e+02	-7.915848e-02
1245          	warmPlate	2.687272e+02	2.699266e+02	7.916288e-02
1245          	OVC	-2.459823e+02	-2.454374e+02	-7.915848e-02
1246          	warmPlate	2.687272e+02	2.699266e+02	7.916288e-02
1246          	OVC	-2.459823e+02	-2.454374e+02	-7.915848e-02
1247          	warmPlate	2.687272e+02	2.699266e+02	7.916288e-02
1247          	OVC	-2.459823e+02	-2.454374e+02	-7.915848e-02
1248          	warmPlate	2.687272e+02	2.699266e+02	7.916288e-02
1248          	OVC	-2.459823e+02	-2.454374e+02	-7.915848e-02
1249          	warmPlate	2.687272e+02	2.699266e+02	7.916288e-02
1249          	OVC	-2.459823e+02	-2.454374e+02	-7.915848e-02
1250          	warmPlate	2.687272e+02	2.699266e+02	7.916288e-02
1250          	OVC	-2.459823e+02	-2.454374e+02	-7.915848e-02
1251          	warmPlate	2.687272e+02	2.699266e+02	7.916288e-02
1251          	OVC	-2.459823e+02	-2.454374e+02	-7.915848e-02
1252          	warmPlate	2.687272e+02	2.699266e+02	7.916288e-02
1252          	OVC	-2.459823e+02	-2.454374e+02	-7.915848e-02
1253          	warmPlate	2.687272e+02	2.699266e+02	7.916288e-02
1253          	OVC	-2.459823e+02	-2.454374e+02	-7.915848e-02
1254          	warmPlate	2.687272e+02	2.699266e+02	7.916288e-02
1254          	OVC	-2.459823e+02	-2.454374e+02	-7.915848e-02
1255          	warmPlate	2.687272e+02	2.699266e+02	7.916288e-02
1255          	OVC	-2.459823e+02	-2.454374e+02	-7.915848e-02
1256          	warmPlate	2.687272e+02	2.699266e+02	7.916288e-02
1256          	OVC	-2.459823e+02	-2.454374e+02	-7.915848e-02
1257          	warmPlate	2.687272e+02	2.699266e+02	7.916288e-02
1257          	OVC	-2.459823e+02	-2.454374e+02	-7.915848e-02
1258          	warmPlate	2.687272e+02	2.699266e+02	7.916288e-02
1258          	OVC	-2.459823e+02	-2.454374e+02	-7.915848e-02
1259          	warmPlate	2.687272e+02	2.699266e+02	7.916288e-02
1259          	OVC	-2.459823e+02	-2.454374e+02	-7.915848e-02
1260          	warmPlate	2.687272e+02	2.699266e+02	7.916288e-02
1260          	OVC	-2.459823e+02	-2.454374e+02	-7.915848e-02
1261          	warmPlate	2.687272e+02	2.699266e+02	7.916288e-02
1261          	OVC	-2.459823e+02	-2.454374e+02	-7.915848e-02
1262          	warmPlate	2.687272e+02	2.699266e+02	7.916288e-02
1262          	OVC	-2.459823e+02	-2.454374e+02	-7.915848e-02
1263          	warmPlate	2.687272e+02	2.699266e+02	7.916288e-02
1263          	OVC	-2.459823e+02	-2.454374e+02	-7.915848e-02
1264          	warmPlate	2.687272e+02	2.699266e+02	7.916288e-02
1264          	OVC	-2.459823e+02	-2.454374e+02	-7.915848e-02
1265          	warmPlate	2.687272e+02	2.699266e+02	7.916288e-02
1265          	OVC	-2.459823e+02	-2.454374e+02	-7.915848e-02
1266          	warmPlate	2.687272e+02	2.699266e+02	7.916288e-02
1266          	OVC	-2.459823e+02	-2.454374e+02	-7.915848e-02
1267          	warmPlate	2.687272e+02	2.699266e+02	7.916288e-02
1267          	OVC	-2.459823e+02	-2.454374e+02	-7.915848e-02
1268          	warmPlate	2.687272e+02	2.699266e+02	7.916288e-02
1268          	OVC	-2.459823e+02	-2.454374e+02	-7.915848e-02
1269          	warmPlate	2.687272e+02	2.699266e+02	7.916288e-02
1269          	OVC	-2.459823e+02	-2.454374e+02	-7.915848e-02
1270          	warmPlate	2.687272e+02	2.699266e+02	7.916288e-02
1270          	OVC	-2.459823e+02	-2.454374e+02	-7.915848e-02
1271          	warmPlate	2.687272e+02	2.699266e+02	7.916288e-02
1271          	OVC	-2.459823e+02	-2.454374e+02	-7.915848e-02
1272          	warmPlate	2.687272e+02	2.699266e+02	7.916288e-02
1272          	OVC	-2.459823e+02	-2.454374e+02	-7.915848e-02
1273          	warmPlate	2.687272e+02	2.699266e+02	7.916288e-02
1273          	OVC	-2.459823e+02	-2.454374e+02	-7.915848e-02
1274          	warmPlate	2.687272e+02	2.699266e+02	7.916288e-02
1274          	OVC	-2.459823e+02	-2.454374e+02	-7.915848e-02
1275          	warmPlate	2.687272e+02	2.699266e+02	7.916288e-02
1275          	OVC	-2.459823e+02	-2.454374e+02	-7.915848e-02
1276          	warmPlate	2.687272e+02	2.699266e+02	7.916288e-02
1276          	OVC	-2.459823e+02	-2.454374e+02	-7.915848e-02
1277          	warmPlate	2.687272e+02	2.699266e+02	7.916288e-02
1277          	OVC	-2.459823e+02	-2.454374e+02	-7.915848e-02
1278          	warmPlate	2.687272e+02	2.699266e+02	7.916288e-02
1278          	OVC	-2.459823e+02	-2.454374e+02	-7.915848e-02
1279          	warmPlate	2.687272e+02	2.699266e+02	7.916288e-02
1279          	OVC	-2.459823e+02	-2.454374e+02	-7.915848e-02
1280          	warmPlate	2.687272e+02	2.699266e+02	7.916288e-02
1280          	OVC	-2.459823e+02	-2.454374e+02	-7.915848e-02
1281          	warmPlate	2.687272e+02	2.699266e+02	7.916288e-02
1281          	OVC	-2.459823e+02	-2.454374e+02	-7.915848e-02
1282          	warmPlate	2.687272e+02	2.699266e+02	7.916288e-02
1282          	OVC	-2.459823e+02	-2.454374e+02	-7.915848e-02
1283          	warmPlate	2.687272e+02	2.699266e+02	7.916288e-02
1283          	OVC	-2.459823e+02	-2.454374e+02	-7.915848e-02
1284          	warmPlate	2.687272e+02	2.699266e+02	7.916288e-02
1284          	OVC	-2.459823e+02	-2.454374e+02	-7.915848e-02
1285          	warmPlate	2.687272e+02	2.699266e+02	7.916288e-02
1285          	OVC	-2.459823e+02	-2.454374e+02	-7.915848e-02
1286          	warmPlate	2.687272e+02	2.699266e+02	7.916288e-02
1286          	OVC	-2.459823e+02	-2.454374e+02	-7.915848e-02
1287          	warmPlate	2.687272e+02	2.699266e+02	7.916288e-02
1287          	OVC	-2.459823e+02	-2.454374e+02	-7.915848e-02
1288          	warmPlate	2.687272e+02	2.699266e+02	7.916288e-02
1288          	OVC	-2.459823e+02	-2.454374e+02	-7.915848e-02
1289          	warmPlate	2.687272e+02	2.699266e+02	7.916288e-02
1289          	OVC	-2.459823e+02	-2.454374e+02	-7.915848e-02
1290          	warmPlate	2.687272e+02	2.699266e+02	7.916288e-02
1290          	OVC	-2.459823e+02	-2.454374e+02	-7.915848e-02
1291          	warmPlate	2.687272e+02	2.699266e+02	7.916288e-02
1291          	OVC	-2.459823e+02	-2.454374e+02	-7.915848e-02
1292          	warmPlate	2.687272e+02	2.699266e+02	7.916288e-02
1292          	OVC	-2.459823e+02	-2.454374e+02	-7.915848e-02
1293          	warmPlate	2.687272e+02	2.699266e+02	7.916288e-02
1293          	OVC	-2.459823e+02	-2.454374e+02	-7.915848e-02
1294          	warmPlate	2.687272e+02	2.699266e+02	7.916288e-02
1294          	OVC	-2.459823e+02	-2.454374e+02	-7.915848e-02
1295          	warmPlate	2.687272e+02	2.699266e+02	7.916288e-02
1295          	OVC	-2.459823e+02	-2.454374e+02	-7.915848e-02
1296          	warmPlate	2.687272e+02	2.699266e+02	7.916288e-02
1296          	OVC	-2.459823e+02	-2.454374e+02	-7.915848e-02
1297          	warmPlate	2.687272e+02	2.699266e+02	7.916288e-02
1297          	OVC	-2.459823e+02	-2.454374e+02	-7.915848e-02
1298          	warmPlate	2.687272e+02	2.699266e+02	7.916288e-02
1298          	OVC	-2.459823e+02	-2.454374e+02	-7.915848e-02
1299          	warmPlate	2.687272e+02	2.699266e+02	7.916288e-02
1299          	OVC	-2.459823e+02	-2.454374e+02	-7.915848e-02
1300          	warmPlate	2.687272e+02	2.699266e+02	7.916288e-02
1300          	OVC	-2.459823e+02	-2.454374e+02	-7.915848e-02
1301          	warmPlate	2.687272e+02	2.699266e+02	7.916288e-02
1301          	OVC	-2.459823e+02	-2.454374e+02	-7.915848e-02
1302          	warmPlate	2.687272e+02	2.699266e+02	7.916288e-02
1302          	OVC	-2.459823e+02	-2.454374e+02	-7.915848e-02
1303          	warmPlate	2.687272e+02	2.699266e+02	7.916288e-02
1303          	OVC	-2.459823e+02	-2.454374e+02	-7.915848e-02
1304          	warmPlate	2.687272e+02	2.699266e+02	7.916288e-02
1304          	OVC	-2.459823e+02	-2.454374e+02	-7.915848e-02
1305          	warmPlate	2.687272e+02	2.699266e+02	7.916288e-02
1305          	OVC	-2.459823e+02	-2.454374e+02	-7.915848e-02
1306          	warmPlate	2.687272e+02	2.699266e+02	7.916288e-02
1306          	OVC	-2.459823e+02	-2.454374e+02	-7.915848e-02
1307          	warmPlate	2.687272e+02	2.699266e+02	7.916288e-02
1307          	OVC	-2.459823e+02	-2.454374e+02	-7.915848e-02
1308          	warmPlate	2.687272e+02	2.699266e+02	7.916288e-02
1308          	OVC	-2.459823e+02	-2.454374e+02	-7.915848e-02
1309          	warmPlate	2.687272e+02	2.699266e+02	7.916288e-02
1309          	OVC	-2.459823e+02	-2.454374e+02	-7.915848e-02
1310          	warmPlate	2.687272e+02	2.699266e+02	7.916288e-02
1310          	OVC	-2.459823e+02	-2.454374e+02	-7.915848e-02
1311          	warmPlate	2.687272e+02	2.699266e+02	7.916288e-02
1311          	OVC	-2.459823e+02	-2.454374e+02	-7.915848e-02
1312          	warmPlate	2.687272e+02	2.699266e+02	7.916288e-02
1312          	OVC	-2.459823e+02	-2.454374e+02	-7.915848e-02
1313          	warmPlate	2.687272e+02	2.699266e+02	7.916288e-02
1313          	OVC	-2.459823e+02	-2.454374e+02	-7.915848e-02
1314          	warmPlate	2.687272e+02	2.699266e+02	7.916288e-02
1314          	OVC	-2.459823e+02	-2.454374e+02	-7.915848e-02
1315          	warmPlate	2.687272e+02	2.699266e+02	7.916288e-02
1315          	OVC	-2.459823e+02	-2.454374e+02	-7.915848e-02
1316          	warmPlate	2.687272e+02	2.699266e+02	7.916288e-02
1316          	OVC	-2.459823e+02	-2.454374e+02	-7.915848e-02
1317          	warmPlate	2.687272e+02	2.699266e+02	7.916288e-02
1317          	OVC	-2.459823e+02	-2.454374e+02	-7.915848e-02
1318          	warmPlate	2.687272e+02	2.699266e+02	7.916288e-02
1318          	OVC	-2.459823e+02	-2.454374e+02	-7.915848e-02
1319          	warmPlate	2.687272e+02	2.699266e+02	7.916288e-02
1319          	OVC	-2.459823e+02	-2.454374e+02	-7.915848e-02
1320          	warmPlate	2.687272e+02	2.699266e+02	7.916288e-02
1320          	OVC	-2.459823e+02	-2.454374e+02	-7.915848e-02
1321          	warmPlate	2.687272e+02	2.699266e+02	7.916288e-02
1321          	OVC	-2.459823e+02	-2.454374e+02	-7.915848e-02
1322          	warmPlate	2.687272e+02	2.699266e+02	7.916288e-02
1322          	OVC	-2.459823e+02	-2.454374e+02	-7.915848e-02
1323          	warmPlate	2.687272e+02	2.699266e+02	7.916288e-02
1323          	OVC	-2.459823e+02	-2.454374e+02	-7.915848e-02
1324          	warmPlate	2.687272e+02	2.699266e+02	7.916288e-02
1324          	OVC	-2.459823e+02	-2.454374e+02	-7.915848e-02
1325          	warmPlate	2.687272e+02	2.699266e+02	7.916288e-02
1325          	OVC	-2.459823e+02	-2.454374e+02	-7.915848e-02
1326          	warmPlate	2.687272e+02	2.699266e+02	7.916288e-02
1326          	OVC	-2.459823e+02	-2.454374e+02	-7.915848e-02
1327          	warmPlate	2.687272e+02	2.699266e+02	7.916288e-02
1327          	OVC	-2.459823e+02	-2.454374e+02	-7.915848e-02
1328          	warmPlate	2.687272e+02	2.699266e+02	7.916288e-02
1328          	OVC	-2.459823e+02	-2.454374e+02	-7.915848e-02
1329          	warmPlate	2.687272e+02	2.699266e+02	7.916288e-02
1329          	OVC	-2.459823e+02	-2.454374e+02	-7.915848e-02
1330          	warmPlate	2.687272e+02	2.699266e+02	7.916288e-02
1330          	OVC	-2.459823e+02	-2.454374e+02	-7.915848e-02
1331          	warmPlate	2.687272e+02	2.699266e+02	7.916288e-02
1331          	OVC	-2.459823e+02	-2.454374e+02	-7.915848e-02
1332          	warmPlate	2.687272e+02	2.699266e+02	7.916288e-02
1332          	OVC	-2.459823e+02	-2.454374e+02	-7.915848e-02
1333          	warmPlate	2.687272e+02	2.699266e+02	7.916288e-02
1333          	OVC	-2.459823e+02	-2.454374e+02	-7.915848e-02
1334          	warmPlate	2.687272e+02	2.699266e+02	7.916288e-02
1334          	OVC	-2.459823e+02	-2.454374e+02	-7.915848e-02
1335          	warmPlate	2.687272e+02	2.699266e+02	7.916288e-02
1335          	OVC	-2.459823e+02	-2.454374e+02	-7.915848e-02
1336          	warmPlate	2.687272e+02	2.699266e+02	7.916288e-02
1336          	OVC	-2.459823e+02	-2.454374e+02	-7.915848e-02
1337          	warmPlate	2.687272e+02	2.699266e+02	7.916288e-02
1337          	OVC	-2.459823e+02	-2.454374e+02	-7.915848e-02
1338          	warmPlate	2.687272e+02	2.699266e+02	7.916288e-02
1338          	OVC	-2.459823e+02	-2.454374e+02	-7.915848e-02
1339          	warmPlate	2.687272e+02	2.699266e+02	7.916288e-02
1339          	OVC	-2.459823e+02	-2.454374e+02	-7.915848e-02
1340          	warmPlate	2.687272e+02	2.699266e+02	7.916288e-02
1340          	OVC	-2.459823e+02	-2.454374e+02	-7.915848e-02
1341          	warmPlate	2.687272e+02	2.699266e+02	7.916288e-02
1341          	OVC	-2.459823e+02	-2.454374e+02	-7.915848e-02
1342          	warmPlate	2.687272e+02	2.699266e+02	7.916288e-02
1342          	OVC	-2.459823e+02	-2.454374e+02	-7.915848e-02
1343          	warmPlate	2.687272e+02	2.699266e+02	7.916288e-02
1343          	OVC	-2.459823e+02	-2.454374e+02	-7.915848e-02
1344          	warmPlate	2.687272e+02	2.699266e+02	7.916288e-02
1344          	OVC	-2.459823e+02	-2.454374e+02	-7.915848e-02
1345          	warmPlate	2.687272e+02	2.699266e+02	7.916288e-02
1345          	OVC	-2.459823e+02	-2.454374e+02	-7.915848e-02
1346          	warmPlate	2.687272e+02	2.699266e+02	7.916288e-02
1346          	OVC	-2.459823e+02	-2.454374e+02	-7.915848e-02
1347          	warmPlate	2.687272e+02	2.699266e+02	7.916288e-02
1347          	OVC	-2.459823e+02	-2.454374e+02	-7.915848e-02
1348          	warmPlate	2.687272e+02	2.699266e+02	7.916288e-02
1348          	OVC	-2.459823e+02	-2.454374e+02	-7.915848e-02
1349          	warmPlate	2.687272e+02	2.699266e+02	7.916288e-02
1349          	OVC	-2.459823e+02	-2.454374e+02	-7.915848e-02
1350          	warmPlate	2.687272e+02	2.699266e+02	7.916288e-02
1350          	OVC	-2.459823e+02	-2.454374e+02	-7.915848e-02
1351          	warmPlate	2.687272e+02	2.699266e+02	7.916288e-02
1351          	OVC	-2.459823e+02	-2.454374e+02	-7.915848e-02
1352          	warmPlate	2.687272e+02	2.699266e+02	7.916288e-02
1352          	OVC	-2.459823e+02	-2.454374e+02	-7.915848e-02
1353          	warmPlate	2.687272e+02	2.699266e+02	7.916288e-02
1353          	OVC	-2.459823e+02	-2.454374e+02	-7.915848e-02
1354          	warmPlate	2.687272e+02	2.699266e+02	7.916288e-02
1354          	OVC	-2.459823e+02	-2.454374e+02	-7.915848e-02
1355          	warmPlate	2.687272e+02	2.699266e+02	7.916288e-02
1355          	OVC	-2.459823e+02	-2.454374e+02	-7.915848e-02
1356          	warmPlate	2.687272e+02	2.699266e+02	7.916288e-02
1356          	OVC	-2.459823e+02	-2.454374e+02	-7.915848e-02
1357          	warmPlate	2.687272e+02	2.699266e+02	7.916288e-02
1357          	OVC	-2.459823e+02	-2.454374e+02	-7.915848e-02
1358          	warmPlate	2.687272e+02	2.699266e+02	7.916288e-02
1358          	OVC	-2.459823e+02	-2.454374e+02	-7.915848e-02
1359          	warmPlate	2.687272e+02	2.699266e+02	7.916288e-02
1359          	OVC	-2.459823e+02	-2.454374e+02	-7.915848e-02
1360          	warmPlate	2.687272e+02	2.699266e+02	7.916288e-02
1360          	OVC	-2.459823e+02	-2.454374e+02	-7.915848e-02
1361          	warmPlate	2.687272e+02	2.699266e+02	7.916288e-02
1361          	OVC	-2.459823e+02	-2.454374e+02	-7.915848e-02
1362          	warmPlate	2.687272e+02	2.699266e+02	7.916288e-02
1362          	OVC	-2.459823e+02	-2.454374e+02	-7.915848e-02
1363          	warmPlate	2.687272e+02	2.699266e+02	7.916288e-02
1363          	OVC	-2.459823e+02	-2.454374e+02	-7.915848e-02
1364          	warmPlate	2.687272e+02	2.699266e+02	7.916288e-02
1364          	OVC	-2.459823e+02	-2.454374e+02	-7.915848e-02
1365          	warmPlate	2.687272e+02	2.699266e+02	7.916288e-02
1365          	OVC	-2.459823e+02	-2.454374e+02	-7.915848e-02
1366          	warmPlate	2.687272e+02	2.699266e+02	7.916288e-02
1366          	OVC	-2.459823e+02	-2.454374e+02	-7.915848e-02
1367          	warmPlate	2.687272e+02	2.699266e+02	7.916288e-02
1367          	OVC	-2.459823e+02	-2.454374e+02	-7.915848e-02
1368          	warmPlate	2.687272e+02	2.699266e+02	7.916288e-02
1368          	OVC	-2.459823e+02	-2.454374e+02	-7.915848e-02
1369          	warmPlate	2.687272e+02	2.699266e+02	7.916288e-02
1369          	OVC	-2.459823e+02	-2.454374e+02	-7.915848e-02
1370          	warmPlate	2.687272e+02	2.699266e+02	7.916288e-02
1370          	OVC	-2.459823e+02	-2.454374e+02	-7.915848e-02
1371          	warmPlate	2.687272e+02	2.699266e+02	7.916288e-02
1371          	OVC	-2.459823e+02	-2.454374e+02	-7.915848e-02
1372          	warmPlate	2.687272e+02	2.699266e+02	7.916288e-02
1372          	OVC	-2.459823e+02	-2.454374e+02	-7.915848e-02
1373          	warmPlate	2.687272e+02	2.699266e+02	7.916288e-02
1373          	OVC	-2.459823e+02	-2.454374e+02	-7.915848e-02
1374          	warmPlate	2.687272e+02	2.699266e+02	7.916288e-02
1374          	OVC	-2.459823e+02	-2.454374e+02	-7.915848e-02
1375          	warmPlate	2.687272e+02	2.699266e+02	7.916288e-02
1375          	OVC	-2.459823e+02	-2.454374e+02	-7.915848e-02
1376          	warmPlate	2.687272e+02	2.699266e+02	7.916288e-02
1376          	OVC	-2.459823e+02	-2.454374e+02	-7.915848e-02
1377          	warmPlate	2.687272e+02	2.699266e+02	7.916288e-02
1377          	OVC	-2.459823e+02	-2.454374e+02	-7.915848e-02
1378          	warmPlate	2.687272e+02	2.699266e+02	7.916288e-02
1378          	OVC	-2.459823e+02	-2.454374e+02	-7.915848e-02
1379          	warmPlate	2.687272e+02	2.699266e+02	7.916288e-02
1379          	OVC	-2.459823e+02	-2.454374e+02	-7.915848e-02
1380          	warmPlate	2.687272e+02	2.699266e+02	7.916288e-02
1380          	OVC	-2.459823e+02	-2.454374e+02	-7.915848e-02
1381          	warmPlate	2.687272e+02	2.699266e+02	7.916288e-02
1381          	OVC	-2.459823e+02	-2.454374e+02	-7.915848e-02
1382          	warmPlate	2.687272e+02	2.699266e+02	7.916288e-02
1382          	OVC	-2.459823e+02	-2.454374e+02	-7.915848e-02
1383          	warmPlate	2.687272e+02	2.699266e+02	7.916288e-02
1383          	OVC	-2.459823e+02	-2.454374e+02	-7.915848e-02
1384          	warmPlate	2.687272e+02	2.699266e+02	7.916288e-02
1384          	OVC	-2.459823e+02	-2.454374e+02	-7.915848e-02
1385          	warmPlate	2.687272e+02	2.699266e+02	7.916288e-02
1385          	OVC	-2.459823e+02	-2.454374e+02	-7.915848e-02
1386          	warmPlate	2.687272e+02	2.699266e+02	7.916288e-02
1386          	OVC	-2.459823e+02	-2.454374e+02	-7.915848e-02
1387          	warmPlate	2.687272e+02	2.699266e+02	7.916288e-02
1387          	OVC	-2.459823e+02	-2.454374e+02	-7.915848e-02
1388          	warmPlate	2.687272e+02	2.699266e+02	7.916288e-02
1388          	OVC	-2.459823e+02	-2.454374e+02	-7.915848e-02
1389          	warmPlate	2.687272e+02	2.699266e+02	7.916288e-02
1389          	OVC	-2.459823e+02	-2.454374e+02	-7.915848e-02
1390          	warmPlate	2.687272e+02	2.699266e+02	7.916288e-02
1390          	OVC	-2.459823e+02	-2.454374e+02	-7.915848e-02
1391          	warmPlate	2.687272e+02	2.699266e+02	7.916288e-02
1391          	OVC	-2.459823e+02	-2.454374e+02	-7.915848e-02
1392          	warmPlate	2.687272e+02	2.699266e+02	7.916288e-02
1392          	OVC	-2.459823e+02	-2.454374e+02	-7.915848e-02
1393          	warmPlate	2.687272e+02	2.699266e+02	7.916288e-02
1393          	OVC	-2.459823e+02	-2.454374e+02	-7.915848e-02
1394          	warmPlate	2.687272e+02	2.699266e+02	7.916288e-02
1394          	OVC	-2.459823e+02	-2.454374e+02	-7.915848e-02
1395          	warmPlate	2.687272e+02	2.699266e+02	7.916288e-02
1395          	OVC	-2.459823e+02	-2.454374e+02	-7.915848e-02
1396          	warmPlate	2.687272e+02	2.699266e+02	7.916288e-02
1396          	OVC	-2.459823e+02	-2.454374e+02	-7.915848e-02
1397          	warmPlate	2.687272e+02	2.699266e+02	7.916288e-02
1397          	OVC	-2.459823e+02	-2.454374e+02	-7.915848e-02
1398          	warmPlate	2.687272e+02	2.699266e+02	7.916288e-02
1398          	OVC	-2.459823e+02	-2.454374e+02	-7.915848e-02
1399          	warmPlate	2.687272e+02	2.699266e+02	7.916288e-02
1399          	OVC	-2.459823e+02	-2.454374e+02	-7.915848e-02
1400          	warmPlate	2.687272e+02	2.699266e+02	7.916288e-02
1400          	OVC	-2.459823e+02	-2.454374e+02	-7.915848e-02
1401          	warmPlate	2.687272e+02	2.699266e+02	7.916288e-02
1401          	OVC	-2.459823e+02	-2.454374e+02	-7.915848e-02
1402          	warmPlate	2.687272e+02	2.699266e+02	7.916288e-02
1402          	OVC	-2.459823e+02	-2.454374e+02	-7.915848e-02
1403          	warmPlate	2.687272e+02	2.699266e+02	7.916288e-02
1403          	OVC	-2.459823e+02	-2.454374e+02	-7.915848e-02
1404          	warmPlate	2.687272e+02	2.699266e+02	7.916288e-02
1404          	OVC	-2.459823e+02	-2.454374e+02	-7.915848e-02
1405          	warmPlate	2.687272e+02	2.699266e+02	7.916288e-02
1405          	OVC	-2.459823e+02	-2.454374e+02	-7.915848e-02
1406          	warmPlate	2.687272e+02	2.699266e+02	7.916288e-02
1406          	OVC	-2.459823e+02	-2.454374e+02	-7.915848e-02
1407          	warmPlate	2.687272e+02	2.699266e+02	7.916288e-02
1407          	OVC	-2.459823e+02	-2.454374e+02	-7.915848e-02
1408          	warmPlate	2.687272e+02	2.699266e+02	7.916288e-02
1408          	OVC	-2.459823e+02	-2.454374e+02	-7.915848e-02
1409          	warmPlate	2.687272e+02	2.699266e+02	7.916288e-02
1409          	OVC	-2.459823e+02	-2.454374e+02	-7.915848e-02
1410          	warmPlate	2.687272e+02	2.699266e+02	7.916288e-02
1410          	OVC	-2.459823e+02	-2.454374e+02	-7.915848e-02
1411          	warmPlate	2.687272e+02	2.699266e+02	7.916288e-02
1411          	OVC	-2.459823e+02	-2.454374e+02	-7.915848e-02
1412          	warmPlate	2.687272e+02	2.699266e+02	7.916288e-02
1412          	OVC	-2.459823e+02	-2.454374e+02	-7.915848e-02
1413          	warmPlate	2.687272e+02	2.699266e+02	7.916288e-02
1413          	OVC	-2.459823e+02	-2.454374e+02	-7.915848e-02
1414          	warmPlate	2.687272e+02	2.699266e+02	7.916288e-02
1414          	OVC	-2.459823e+02	-2.454374e+02	-7.915848e-02
1415          	warmPlate	2.687272e+02	2.699266e+02	7.916288e-02
1415          	OVC	-2.459823e+02	-2.454374e+02	-7.915848e-02
1416          	warmPlate	2.687272e+02	2.699266e+02	7.916288e-02
1416          	OVC	-2.459823e+02	-2.454374e+02	-7.915848e-02
1417          	warmPlate	2.687272e+02	2.699266e+02	7.916288e-02
1417          	OVC	-2.459823e+02	-2.454374e+02	-7.915848e-02
1418          	warmPlate	2.687272e+02	2.699266e+02	7.916288e-02
1418          	OVC	-2.459823e+02	-2.454374e+02	-7.915848e-02
1419          	warmPlate	2.687272e+02	2.699266e+02	7.916288e-02
1419          	OVC	-2.459823e+02	-2.454374e+02	-7.915848e-02
1420          	warmPlate	2.687272e+02	2.699266e+02	7.916288e-02
1420          	OVC	-2.459823e+02	-2.454374e+02	-7.915848e-02
1421          	warmPlate	2.687272e+02	2.699266e+02	7.916288e-02
1421          	OVC	-2.459823e+02	-2.454374e+02	-7.915848e-02
1422          	warmPlate	2.687272e+02	2.699266e+02	7.916288e-02
1422          	OVC	-2.459823e+02	-2.454374e+02	-7.915848e-02
1423          	warmPlate	2.687272e+02	2.699266e+02	7.916288e-02
1423          	OVC	-2.459823e+02	-2.454374e+02	-7.915848e-02
1424          	warmPlate	2.687272e+02	2.699266e+02	7.916288e-02
1424          	OVC	-2.459823e+02	-2.454374e+02	-7.915848e-02
1425          	warmPlate	2.687272e+02	2.699266e+02	7.916288e-02
1425          	OVC	-2.459823e+02	-2.454374e+02	-7.915848e-02
1426          	warmPlate	2.687272e+02	2.699266e+02	7.916288e-02
1426          	OVC	-2.459823e+02	-2.454374e+02	-7.915848e-02
1427          	warmPlate	2.687272e+02	2.699266e+02	7.916288e-02
1427          	OVC	-2.459823e+02	-2.454374e+02	-7.915848e-02
1428          	warmPlate	2.687272e+02	2.699266e+02	7.916288e-02
1428          	OVC	-2.459823e+02	-2.454374e+02	-7.915848e-02
1429          	warmPlate	2.687272e+02	2.699266e+02	7.916288e-02
1429          	OVC	-2.459823e+02	-2.454374e+02	-7.915848e-02
1430          	warmPlate	2.687272e+02	2.699266e+02	7.916288e-02
1430          	OVC	-2.459823e+02	-2.454374e+02	-7.915848e-02
1431          	warmPlate	2.687272e+02	2.699266e+02	7.916288e-02
1431          	OVC	-2.459823e+02	-2.454374e+02	-7.915848e-02
1432          	warmPlate	2.687272e+02	2.699266e+02	7.916288e-02
1432          	OVC	-2.459823e+02	-2.454374e+02	-7.915848e-02
1433          	warmPlate	2.687272e+02	2.699266e+02	7.916288e-02
1433          	OVC	-2.459823e+02	-2.454374e+02	-7.915848e-02
1434          	warmPlate	2.687272e+02	2.699266e+02	7.916288e-02
1434          	OVC	-2.459823e+02	-2.454374e+02	-7.915848e-02
1435          	warmPlate	2.687272e+02	2.699266e+02	7.916288e-02
1435          	OVC	-2.459823e+02	-2.454374e+02	-7.915848e-02
1436          	warmPlate	2.687272e+02	2.699266e+02	7.916288e-02
1436          	OVC	-2.459823e+02	-2.454374e+02	-7.915848e-02
1437          	warmPlate	2.687272e+02	2.699266e+02	7.916288e-02
1437          	OVC	-2.459823e+02	-2.454374e+02	-7.915848e-02
1438          	warmPlate	2.687272e+02	2.699266e+02	7.916288e-02
1438          	OVC	-2.459823e+02	-2.454374e+02	-7.915848e-02
1439          	warmPlate	2.687272e+02	2.699266e+02	7.916288e-02
1439          	OVC	-2.459823e+02	-2.454374e+02	-7.915848e-02
1440          	warmPlate	2.687272e+02	2.699266e+02	7.916288e-02
1440          	OVC	-2.459823e+02	-2.454374e+02	-7.915848e-02
1441          	warmPlate	2.687272e+02	2.699266e+02	7.916288e-02
1441          	OVC	-2.459823e+02	-2.454374e+02	-7.915848e-02
1442          	warmPlate	2.687272e+02	2.699266e+02	7.916288e-02
1442          	OVC	-2.459823e+02	-2.454374e+02	-7.915848e-02
1443          	warmPlate	2.687272e+02	2.699266e+02	7.916288e-02
1443          	OVC	-2.459823e+02	-2.454374e+02	-7.915848e-02
1444          	warmPlate	2.687272e+02	2.699266e+02	7.916288e-02
1444          	OVC	-2.459823e+02	-2.454374e+02	-7.915848e-02
1445          	warmPlate	2.687272e+02	2.699266e+02	7.916288e-02
1445          	OVC	-2.459823e+02	-2.454374e+02	-7.915848e-02
1446          	warmPlate	2.687272e+02	2.699266e+02	7.916288e-02
1446          	OVC	-2.459823e+02	-2.454374e+02	-7.915848e-02
1447          	warmPlate	2.687272e+02	2.699266e+02	7.916288e-02
1447          	OVC	-2.459823e+02	-2.454374e+02	-7.915848e-02
1448          	warmPlate	2.687272e+02	2.699266e+02	7.916288e-02
1448          	OVC	-2.459823e+02	-2.454374e+02	-7.915848e-02
1449          	warmPlate	2.687272e+02	2.699266e+02	7.916288e-02
1449          	OVC	-2.459823e+02	-2.454374e+02	-7.915848e-02
1450          	warmPlate	2.687272e+02	2.699266e+02	7.916288e-02
1450          	OVC	-2.459823e+02	-2.454374e+02	-7.915848e-02
1451          	warmPlate	2.687272e+02	2.699266e+02	7.916288e-02
1451          	OVC	-2.459823e+02	-2.454374e+02	-7.915848e-02
1452          	warmPlate	2.687272e+02	2.699266e+02	7.916288e-02
1452          	OVC	-2.459823e+02	-2.454374e+02	-7.915848e-02
1453          	warmPlate	2.687272e+02	2.699266e+02	7.916288e-02
1453          	OVC	-2.459823e+02	-2.454374e+02	-7.915848e-02
1454          	warmPlate	2.687272e+02	2.699266e+02	7.916288e-02
1454          	OVC	-2.459823e+02	-2.454374e+02	-7.915848e-02
1455          	warmPlate	2.687272e+02	2.699266e+02	7.916288e-02
1455          	OVC	-2.459823e+02	-2.454374e+02	-7.915848e-02
1456          	warmPlate	2.687272e+02	2.699266e+02	7.916288e-02
1456          	OVC	-2.459823e+02	-2.454374e+02	-7.915848e-02
1457          	warmPlate	2.687272e+02	2.699266e+02	7.916288e-02
1457          	OVC	-2.459823e+02	-2.454374e+02	-7.915848e-02
1458          	warmPlate	2.687272e+02	2.699266e+02	7.916288e-02
1458          	OVC	-2.459823e+02	-2.454374e+02	-7.915848e-02
1459          	warmPlate	2.687272e+02	2.699266e+02	7.916288e-02
1459          	OVC	-2.459823e+02	-2.454374e+02	-7.915848e-02
1460          	warmPlate	2.687272e+02	2.699266e+02	7.916288e-02
1460          	OVC	-2.459823e+02	-2.454374e+02	-7.915848e-02
1461          	warmPlate	2.687272e+02	2.699266e+02	7.916288e-02
1461          	OVC	-2.459823e+02	-2.454374e+02	-7.915848e-02
1462          	warmPlate	2.687272e+02	2.699266e+02	7.916288e-02
1462          	OVC	-2.459823e+02	-2.454374e+02	-7.915848e-02
1463          	warmPlate	2.687272e+02	2.699266e+02	7.916288e-02
1463          	OVC	-2.459823e+02	-2.454374e+02	-7.915848e-02
1464          	warmPlate	2.687272e+02	2.699266e+02	7.916288e-02
1464          	OVC	-2.459823e+02	-2.454374e+02	-7.915848e-02
1465          	warmPlate	2.687272e+02	2.699266e+02	7.916288e-02
1465          	OVC	-2.459823e+02	-2.454374e+02	-7.915848e-02
1466          	warmPlate	2.687272e+02	2.699266e+02	7.916288e-02
1466          	OVC	-2.459823e+02	-2.454374e+02	-7.915848e-02
1467          	warmPlate	2.687272e+02	2.699266e+02	7.916288e-02
1467          	OVC	-2.459823e+02	-2.454374e+02	-7.915848e-02
1468          	warmPlate	2.687272e+02	2.699266e+02	7.916288e-02
1468          	OVC	-2.459823e+02	-2.454374e+02	-7.915848e-02
1469          	warmPlate	2.687272e+02	2.699266e+02	7.916288e-02
1469          	OVC	-2.459823e+02	-2.454374e+02	-7.915848e-02
1470          	warmPlate	2.687272e+02	2.699266e+02	7.916288e-02
1470          	OVC	-2.459823e+02	-2.454374e+02	-7.915848e-02
1471          	warmPlate	2.687272e+02	2.699266e+02	7.916288e-02
1471          	OVC	-2.459823e+02	-2.454374e+02	-7.915848e-02
1472          	warmPlate	2.687272e+02	2.699266e+02	7.916288e-02
1472          	OVC	-2.459823e+02	-2.454374e+02	-7.915848e-02
1473          	warmPlate	2.687272e+02	2.699266e+02	7.916288e-02
1473          	OVC	-2.459823e+02	-2.454374e+02	-7.915848e-02
1474          	warmPlate	2.687272e+02	2.699266e+02	7.916288e-02
1474          	OVC	-2.459823e+02	-2.454374e+02	-7.915848e-02
1475          	warmPlate	2.687272e+02	2.699266e+02	7.916288e-02
1475          	OVC	-2.459823e+02	-2.454374e+02	-7.915848e-02
1476          	warmPlate	2.687272e+02	2.699266e+02	7.916288e-02
1476          	OVC	-2.459823e+02	-2.454374e+02	-7.915848e-02
1477          	warmPlate	2.687272e+02	2.699266e+02	7.916288e-02
1477          	OVC	-2.459823e+02	-2.454374e+02	-7.915848e-02
1478          	warmPlate	2.687272e+02	2.699266e+02	7.916288e-02
1478          	OVC	-2.459823e+02	-2.454374e+02	-7.915848e-02
1479          	warmPlate	2.687272e+02	2.699266e+02	7.916288e-02
1479          	OVC	-2.459823e+02	-2.454374e+02	-7.915848e-02
1480          	warmPlate	2.687272e+02	2.699266e+02	7.916288e-02
1480          	OVC	-2.459823e+02	-2.454374e+02	-7.915848e-02
1481          	warmPlate	2.687272e+02	2.699266e+02	7.916288e-02
1481          	OVC	-2.459823e+02	-2.454374e+02	-7.915848e-02
1482          	warmPlate	2.687272e+02	2.699266e+02	7.916288e-02
1482          	OVC	-2.459823e+02	-2.454374e+02	-7.915848e-02
1483          	warmPlate	2.687272e+02	2.699266e+02	7.916288e-02
1483          	OVC	-2.459823e+02	-2.454374e+02	-7.915848e-02
1484          	warmPlate	2.687272e+02	2.699266e+02	7.916288e-02
1484          	OVC	-2.459823e+02	-2.454374e+02	-7.915848e-02
1485          	warmPlate	2.687272e+02	2.699266e+02	7.916288e-02
1485          	OVC	-2.459823e+02	-2.454374e+02	-7.915848e-02
1486          	warmPlate	2.687272e+02	2.699266e+02	7.916288e-02
1486          	OVC	-2.459823e+02	-2.454374e+02	-7.915848e-02
1487          	warmPlate	2.687272e+02	2.699266e+02	7.916288e-02
1487          	OVC	-2.459823e+02	-2.454374e+02	-7.915848e-02
1488          	warmPlate	2.687272e+02	2.699266e+02	7.916288e-02
1488          	OVC	-2.459823e+02	-2.454374e+02	-7.915848e-02
1489          	warmPlate	2.687272e+02	2.699266e+02	7.916288e-02
1489          	OVC	-2.459823e+02	-2.454374e+02	-7.915848e-02
1490          	warmPlate	2.687272e+02	2.699266e+02	7.916288e-02
1490          	OVC	-2.459823e+02	-2.454374e+02	-7.915848e-02
1491          	warmPlate	2.687272e+02	2.699266e+02	7.916288e-02
1491          	OVC	-2.459823e+02	-2.454374e+02	-7.915848e-02
1492          	warmPlate	2.687272e+02	2.699266e+02	7.916288e-02
1492          	OVC	-2.459823e+02	-2.454374e+02	-7.915848e-02
1493          	warmPlate	2.687272e+02	2.699266e+02	7.916288e-02
1493          	OVC	-2.459823e+02	-2.454374e+02	-7.915848e-02
1494          	warmPlate	2.687272e+02	2.699266e+02	7.916288e-02
1494          	OVC	-2.459823e+02	-2.454374e+02	-7.915848e-02
1495          	warmPlate	2.687272e+02	2.699266e+02	7.916288e-02
1495          	OVC	-2.459823e+02	-2.454374e+02	-7.915848e-02
1496          	warmPlate	2.687272e+02	2.699266e+02	7.916288e-02
1496          	OVC	-2.459823e+02	-2.454374e+02	-7.915848e-02
1497          	warmPlate	2.687272e+02	2.699266e+02	7.916288e-02
1497          	OVC	-2.459823e+02	-2.454374e+02	-7.915848e-02
1498          	warmPlate	2.687272e+02	2.699266e+02	7.916288e-02
1498          	OVC	-2.459823e+02	-2.454374e+02	-7.915848e-02
1499          	warmPlate	2.687272e+02	2.699266e+02	7.916288e-02
1499          	OVC	-2.459823e+02	-2.454374e+02	-7.915848e-02
1500          	warmPlate	2.687272e+02	2.699266e+02	7.916288e-02
1500          	OVC	-2.459823e+02	-2.454374e+02	-7.915848e-02
1501          	warmPlate	2.687272e+02	2.699266e+02	7.916288e-02
1501          	OVC	-2.459823e+02	-2.454374e+02	-7.915848e-02
1502          	warmPlate	2.687272e+02	2.699266e+02	7.916288e-02
1502          	OVC	-2.459823e+02	-2.454374e+02	-7.915848e-02
1503          	warmPlate	2.687272e+02	2.699266e+02	7.916288e-02
1503          	OVC	-2.459823e+02	-2.454374e+02	-7.915848e-02
1504          	warmPlate	2.687272e+02	2.699266e+02	7.916288e-02
1504          	OVC	-2.459823e+02	-2.454374e+02	-7.915848e-02
1505          	warmPlate	2.687272e+02	2.699266e+02	7.916288e-02
1505          	OVC	-2.459823e+02	-2.454374e+02	-7.915848e-02
1506          	warmPlate	2.687272e+02	2.699266e+02	7.916288e-02
1506          	OVC	-2.459823e+02	-2.454374e+02	-7.915848e-02
1507          	warmPlate	2.687272e+02	2.699266e+02	7.916288e-02
1507          	OVC	-2.459823e+02	-2.454374e+02	-7.915848e-02
1508          	warmPlate	2.687272e+02	2.699266e+02	7.916288e-02
1508          	OVC	-2.459823e+02	-2.454374e+02	-7.915848e-02
1509          	warmPlate	2.687272e+02	2.699266e+02	7.916288e-02
1509          	OVC	-2.459823e+02	-2.454374e+02	-7.915848e-02
1510          	warmPlate	2.687272e+02	2.699266e+02	7.916288e-02
1510          	OVC	-2.459823e+02	-2.454374e+02	-7.915848e-02
1511          	warmPlate	2.687272e+02	2.699266e+02	7.916288e-02
1511          	OVC	-2.459823e+02	-2.454374e+02	-7.915848e-02
1512          	warmPlate	2.687272e+02	2.699266e+02	7.916288e-02
1512          	OVC	-2.459823e+02	-2.454374e+02	-7.915848e-02
1513          	warmPlate	2.687272e+02	2.699266e+02	7.916288e-02
1513          	OVC	-2.459823e+02	-2.454374e+02	-7.915848e-02
1514          	warmPlate	2.687272e+02	2.699266e+02	7.916288e-02
1514          	OVC	-2.459823e+02	-2.454374e+02	-7.915848e-02
1515          	warmPlate	2.687272e+02	2.699266e+02	7.916288e-02
1515          	OVC	-2.459823e+02	-2.454374e+02	-7.915848e-02
1516          	warmPlate	2.687272e+02	2.699266e+02	7.916288e-02
1516          	OVC	-2.459823e+02	-2.454374e+02	-7.915848e-02
1517          	warmPlate	2.687272e+02	2.699266e+02	7.916288e-02
1517          	OVC	-2.459823e+02	-2.454374e+02	-7.915848e-02
1518          	warmPlate	2.687272e+02	2.699266e+02	7.916288e-02
1518          	OVC	-2.459823e+02	-2.454374e+02	-7.915848e-02
1519          	warmPlate	2.687272e+02	2.699266e+02	7.916288e-02
1519          	OVC	-2.459823e+02	-2.454374e+02	-7.915848e-02
1520          	warmPlate	2.687272e+02	2.699266e+02	7.916288e-02
1520          	OVC	-2.459823e+02	-2.454374e+02	-7.915848e-02
1521          	warmPlate	2.687272e+02	2.699266e+02	7.916288e-02
1521          	OVC	-2.459823e+02	-2.454374e+02	-7.915848e-02
1522          	warmPlate	2.687272e+02	2.699266e+02	7.916288e-02
1522          	OVC	-2.459823e+02	-2.454374e+02	-7.915848e-02
1523          	warmPlate	2.687272e+02	2.699266e+02	7.916288e-02
1523          	OVC	-2.459823e+02	-2.454374e+02	-7.915848e-02
1524          	warmPlate	2.687272e+02	2.699266e+02	7.916288e-02
1524          	OVC	-2.459823e+02	-2.454374e+02	-7.915848e-02
1525          	warmPlate	2.687272e+02	2.699266e+02	7.916288e-02
1525          	OVC	-2.459823e+02	-2.454374e+02	-7.915848e-02
1526          	warmPlate	2.687272e+02	2.699266e+02	7.916288e-02
1526          	OVC	-2.459823e+02	-2.454374e+02	-7.915848e-02
1527          	warmPlate	2.687272e+02	2.699266e+02	7.916288e-02
1527          	OVC	-2.459823e+02	-2.454374e+02	-7.915848e-02
1528          	warmPlate	2.687272e+02	2.699266e+02	7.916288e-02
1528          	OVC	-2.459823e+02	-2.454374e+02	-7.915848e-02
1529          	warmPlate	2.687272e+02	2.699266e+02	7.916288e-02
1529          	OVC	-2.459823e+02	-2.454374e+02	-7.915848e-02
1530          	warmPlate	2.687272e+02	2.699266e+02	7.916288e-02
1530          	OVC	-2.459823e+02	-2.454374e+02	-7.915848e-02
1531          	warmPlate	2.687272e+02	2.699266e+02	7.916288e-02
1531          	OVC	-2.459823e+02	-2.454374e+02	-7.915848e-02
1532          	warmPlate	2.687272e+02	2.699266e+02	7.916288e-02
1532          	OVC	-2.459823e+02	-2.454374e+02	-7.915848e-02
1533          	warmPlate	2.687272e+02	2.699266e+02	7.916288e-02
1533          	OVC	-2.459823e+02	-2.454374e+02	-7.915848e-02
1534          	warmPlate	2.687272e+02	2.699266e+02	7.916288e-02
1534          	OVC	-2.459823e+02	-2.454374e+02	-7.915848e-02
1535          	warmPlate	2.687272e+02	2.699266e+02	7.916288e-02
1535          	OVC	-2.459823e+02	-2.454374e+02	-7.915848e-02
1536          	warmPlate	2.687272e+02	2.699266e+02	7.916288e-02
1536          	OVC	-2.459823e+02	-2.454374e+02	-7.915848e-02
1537          	warmPlate	2.687272e+02	2.699266e+02	7.916288e-02
1537          	OVC	-2.459823e+02	-2.454374e+02	-7.915848e-02
1538          	warmPlate	2.687272e+02	2.699266e+02	7.916288e-02
1538          	OVC	-2.459823e+02	-2.454374e+02	-7.915848e-02
1539          	warmPlate	2.687272e+02	2.699266e+02	7.916288e-02
1539          	OVC	-2.459823e+02	-2.454374e+02	-7.915848e-02
1540          	warmPlate	2.687272e+02	2.699266e+02	7.916288e-02
1540          	OVC	-2.459823e+02	-2.454374e+02	-7.915848e-02
1541          	warmPlate	2.687272e+02	2.699266e+02	7.916288e-02
1541          	OVC	-2.459823e+02	-2.454374e+02	-7.915848e-02
1542          	warmPlate	2.687272e+02	2.699266e+02	7.916288e-02
1542          	OVC	-2.459823e+02	-2.454374e+02	-7.915848e-02
1543          	warmPlate	2.687272e+02	2.699266e+02	7.916288e-02
1543          	OVC	-2.459823e+02	-2.454374e+02	-7.915848e-02
1544          	warmPlate	2.687272e+02	2.699266e+02	7.916288e-02
1544          	OVC	-2.459823e+02	-2.454374e+02	-7.915848e-02
1545          	warmPlate	2.687272e+02	2.699266e+02	7.916288e-02
1545          	OVC	-2.459823e+02	-2.454374e+02	-7.915848e-02
1546          	warmPlate	2.687272e+02	2.699266e+02	7.916288e-02
1546          	OVC	-2.459823e+02	-2.454374e+02	-7.915848e-02
1547          	warmPlate	2.687272e+02	2.699266e+02	7.916288e-02
1547          	OVC	-2.459823e+02	-2.454374e+02	-7.915848e-02
1548          	warmPlate	2.687272e+02	2.699266e+02	7.916288e-02
1548          	OVC	-2.459823e+02	-2.454374e+02	-7.915848e-02
1549          	warmPlate	2.687272e+02	2.699266e+02	7.916288e-02
1549          	OVC	-2.459823e+02	-2.454374e+02	-7.915848e-02
1550          	warmPlate	2.687272e+02	2.699266e+02	7.916288e-02
1550          	OVC	-2.459823e+02	-2.454374e+02	-7.915848e-02
1551          	warmPlate	2.687272e+02	2.699266e+02	7.916288e-02
1551          	OVC	-2.459823e+02	-2.454374e+02	-7.915848e-02
1552          	warmPlate	2.687272e+02	2.699266e+02	7.916288e-02
1552          	OVC	-2.459823e+02	-2.454374e+02	-7.915848e-02
1553          	warmPlate	2.687272e+02	2.699266e+02	7.916288e-02
1553          	OVC	-2.459823e+02	-2.454374e+02	-7.915848e-02
1554          	warmPlate	2.687272e+02	2.699266e+02	7.916288e-02
1554          	OVC	-2.459823e+02	-2.454374e+02	-7.915848e-02
1555          	warmPlate	2.687272e+02	2.699266e+02	7.916288e-02
1555          	OVC	-2.459823e+02	-2.454374e+02	-7.915848e-02
1556          	warmPlate	2.687272e+02	2.699266e+02	7.916288e-02
1556          	OVC	-2.459823e+02	-2.454374e+02	-7.915848e-02
1557          	warmPlate	2.687272e+02	2.699266e+02	7.916288e-02
1557          	OVC	-2.459823e+02	-2.454374e+02	-7.915848e-02
1558          	warmPlate	2.687272e+02	2.699266e+02	7.916288e-02
1558          	OVC	-2.459823e+02	-2.454374e+02	-7.915848e-02
1559          	warmPlate	2.687272e+02	2.699266e+02	7.916288e-02
1559          	OVC	-2.459823e+02	-2.454374e+02	-7.915848e-02
1560          	warmPlate	2.687272e+02	2.699266e+02	7.916288e-02
1560          	OVC	-2.459823e+02	-2.454374e+02	-7.915848e-02
1561          	warmPlate	2.687272e+02	2.699266e+02	7.916288e-02
1561          	OVC	-2.459823e+02	-2.454374e+02	-7.915848e-02
1562          	warmPlate	2.687272e+02	2.699266e+02	7.916288e-02
1562          	OVC	-2.459823e+02	-2.454374e+02	-7.915848e-02
1563          	warmPlate	2.687272e+02	2.699266e+02	7.916288e-02
1563          	OVC	-2.459823e+02	-2.454374e+02	-7.915848e-02
1564          	warmPlate	2.687272e+02	2.699266e+02	7.916288e-02
1564          	OVC	-2.459823e+02	-2.454374e+02	-7.915848e-02
1565          	warmPlate	2.687272e+02	2.699266e+02	7.916288e-02
1565          	OVC	-2.459823e+02	-2.454374e+02	-7.915848e-02
1566          	warmPlate	2.687272e+02	2.699266e+02	7.916288e-02
1566          	OVC	-2.459823e+02	-2.454374e+02	-7.915848e-02
1567          	warmPlate	2.687272e+02	2.699266e+02	7.916288e-02
1567          	OVC	-2.459823e+02	-2.454374e+02	-7.915848e-02
1568          	warmPlate	2.687272e+02	2.699266e+02	7.916288e-02
1568          	OVC	-2.459823e+02	-2.454374e+02	-7.915848e-02
1569          	warmPlate	2.687272e+02	2.699266e+02	7.916288e-02
1569          	OVC	-2.459823e+02	-2.454374e+02	-7.915848e-02
1570          	warmPlate	2.687272e+02	2.699266e+02	7.916288e-02
1570          	OVC	-2.459823e+02	-2.454374e+02	-7.915848e-02
1571          	warmPlate	2.687272e+02	2.699266e+02	7.916288e-02
1571          	OVC	-2.459823e+02	-2.454374e+02	-7.915848e-02
1572          	warmPlate	2.687272e+02	2.699266e+02	7.916288e-02
1572          	OVC	-2.459823e+02	-2.454374e+02	-7.915848e-02
1573          	warmPlate	2.687272e+02	2.699266e+02	7.916288e-02
1573          	OVC	-2.459823e+02	-2.454374e+02	-7.915848e-02
1574          	warmPlate	2.687272e+02	2.699266e+02	7.916288e-02
1574          	OVC	-2.459823e+02	-2.454374e+02	-7.915848e-02
1575          	warmPlate	2.687272e+02	2.699266e+02	7.916288e-02
1575          	OVC	-2.459823e+02	-2.454374e+02	-7.915848e-02
1576          	warmPlate	2.687272e+02	2.699266e+02	7.916288e-02
1576          	OVC	-2.459823e+02	-2.454374e+02	-7.915848e-02
1577          	warmPlate	2.687272e+02	2.699266e+02	7.916288e-02
1577          	OVC	-2.459823e+02	-2.454374e+02	-7.915848e-02
1578          	warmPlate	2.687272e+02	2.699266e+02	7.916288e-02
1578          	OVC	-2.459823e+02	-2.454374e+02	-7.915848e-02
1579          	warmPlate	2.687272e+02	2.699266e+02	7.916288e-02
1579          	OVC	-2.459823e+02	-2.454374e+02	-7.915848e-02
1580          	warmPlate	2.687272e+02	2.699266e+02	7.916288e-02
1580          	OVC	-2.459823e+02	-2.454374e+02	-7.915848e-02
1581          	warmPlate	2.687272e+02	2.699266e+02	7.916288e-02
1581          	OVC	-2.459823e+02	-2.454374e+02	-7.915848e-02
1582          	warmPlate	2.687272e+02	2.699266e+02	7.916288e-02
1582          	OVC	-2.459823e+02	-2.454374e+02	-7.915848e-02
1583          	warmPlate	2.687272e+02	2.699266e+02	7.916288e-02
1583          	OVC	-2.459823e+02	-2.454374e+02	-7.915848e-02
1584          	warmPlate	2.687272e+02	2.699266e+02	7.916288e-02
1584          	OVC	-2.459823e+02	-2.454374e+02	-7.915848e-02
1585          	warmPlate	2.687272e+02	2.699266e+02	7.916288e-02
1585          	OVC	-2.459823e+02	-2.454374e+02	-7.915848e-02
1586          	warmPlate	2.687272e+02	2.699266e+02	7.916288e-02
1586          	OVC	-2.459823e+02	-2.454374e+02	-7.915848e-02
1587          	warmPlate	2.687272e+02	2.699266e+02	7.916288e-02
1587          	OVC	-2.459823e+02	-2.454374e+02	-7.915848e-02
1588          	warmPlate	2.687272e+02	2.699266e+02	7.916288e-02
1588          	OVC	-2.459823e+02	-2.454374e+02	-7.915848e-02
1589          	warmPlate	2.687272e+02	2.699266e+02	7.916288e-02
1589          	OVC	-2.459823e+02	-2.454374e+02	-7.915848e-02
1590          	warmPlate	2.687272e+02	2.699266e+02	7.916288e-02
1590          	OVC	-2.459823e+02	-2.454374e+02	-7.915848e-02
1591          	warmPlate	2.687272e+02	2.699266e+02	7.916288e-02
1591          	OVC	-2.459823e+02	-2.454374e+02	-7.915848e-02
1592          	warmPlate	2.687272e+02	2.699266e+02	7.916288e-02
1592          	OVC	-2.459823e+02	-2.454374e+02	-7.915848e-02
1593          	warmPlate	2.687272e+02	2.699266e+02	7.916288e-02
1593          	OVC	-2.459823e+02	-2.454374e+02	-7.915848e-02
1594          	warmPlate	2.687272e+02	2.699266e+02	7.916288e-02
1594          	OVC	-2.459823e+02	-2.454374e+02	-7.915848e-02
1595          	warmPlate	2.687272e+02	2.699266e+02	7.916288e-02
1595          	OVC	-2.459823e+02	-2.454374e+02	-7.915848e-02
1596          	warmPlate	2.687272e+02	2.699266e+02	7.916288e-02
1596          	OVC	-2.459823e+02	-2.454374e+02	-7.915848e-02
1597          	warmPlate	2.687272e+02	2.699266e+02	7.916288e-02
1597          	OVC	-2.459823e+02	-2.454374e+02	-7.915848e-02
1598          	warmPlate	2.687272e+02	2.699266e+02	7.916288e-02
1598          	OVC	-2.459823e+02	-2.454374e+02	-7.915848e-02
1599          	warmPlate	2.687272e+02	2.699266e+02	7.916288e-02
1599          	OVC	-2.459823e+02	-2.454374e+02	-7.915848e-02
1600          	warmPlate	2.687272e+02	2.699266e+02	7.916288e-02
1600          	OVC	-2.459823e+02	-2.454374e+02	-7.915848e-02
1601          	warmPlate	2.687272e+02	2.699266e+02	7.916288e-02
1601          	OVC	-2.459823e+02	-2.454374e+02	-7.915848e-02
1602          	warmPlate	2.687272e+02	2.699266e+02	7.916288e-02
1602          	OVC	-2.459823e+02	-2.454374e+02	-7.915848e-02
1603          	warmPlate	2.687272e+02	2.699266e+02	7.916288e-02
1603          	OVC	-2.459823e+02	-2.454374e+02	-7.915848e-02
1604          	warmPlate	2.687272e+02	2.699266e+02	7.916288e-02
1604          	OVC	-2.459823e+02	-2.454374e+02	-7.915848e-02
1605          	warmPlate	2.687272e+02	2.699266e+02	7.916288e-02
1605          	OVC	-2.459823e+02	-2.454374e+02	-7.915848e-02
1606          	warmPlate	2.687272e+02	2.699266e+02	7.916288e-02
1606          	OVC	-2.459823e+02	-2.454374e+02	-7.915848e-02
1607          	warmPlate	2.687272e+02	2.699266e+02	7.916288e-02
1607          	OVC	-2.459823e+02	-2.454374e+02	-7.915848e-02
1608          	warmPlate	2.687272e+02	2.699266e+02	7.916288e-02
1608          	OVC	-2.459823e+02	-2.454374e+02	-7.915848e-02
1609          	warmPlate	2.687272e+02	2.699266e+02	7.916288e-02
1609          	OVC	-2.459823e+02	-2.454374e+02	-7.915848e-02
1610          	warmPlate	2.687272e+02	2.699266e+02	7.916288e-02
1610          	OVC	-2.459823e+02	-2.454374e+02	-7.915848e-02
1611          	warmPlate	2.687272e+02	2.699266e+02	7.916288e-02
1611          	OVC	-2.459823e+02	-2.454374e+02	-7.915848e-02
1612          	warmPlate	2.687272e+02	2.699266e+02	7.916288e-02
1612          	OVC	-2.459823e+02	-2.454374e+02	-7.915848e-02
1613          	warmPlate	2.687272e+02	2.699266e+02	7.916288e-02
1613          	OVC	-2.459823e+02	-2.454374e+02	-7.915848e-02
1614          	warmPlate	2.687272e+02	2.699266e+02	7.916288e-02
1614          	OVC	-2.459823e+02	-2.454374e+02	-7.915848e-02
1615          	warmPlate	2.687272e+02	2.699266e+02	7.916288e-02
1615          	OVC	-2.459823e+02	-2.454374e+02	-7.915848e-02
1616          	warmPlate	2.687272e+02	2.699266e+02	7.916288e-02
1616          	OVC	-2.459823e+02	-2.454374e+02	-7.915848e-02
1617          	warmPlate	2.687272e+02	2.699266e+02	7.916288e-02
1617          	OVC	-2.459823e+02	-2.454374e+02	-7.915848e-02
1618          	warmPlate	2.687272e+02	2.699266e+02	7.916288e-02
1618          	OVC	-2.459823e+02	-2.454374e+02	-7.915848e-02
1619          	warmPlate	2.687272e+02	2.699266e+02	7.916288e-02
1619          	OVC	-2.459823e+02	-2.454374e+02	-7.915848e-02
1620          	warmPlate	2.687272e+02	2.699266e+02	7.916288e-02
1620          	OVC	-2.459823e+02	-2.454374e+02	-7.915848e-02
1621          	warmPlate	2.687272e+02	2.699266e+02	7.916288e-02
1621          	OVC	-2.459823e+02	-2.454374e+02	-7.915848e-02
1622          	warmPlate	2.687272e+02	2.699266e+02	7.916288e-02
1622          	OVC	-2.459823e+02	-2.454374e+02	-7.915848e-02
1623          	warmPlate	2.687272e+02	2.699266e+02	7.916288e-02
1623          	OVC	-2.459823e+02	-2.454374e+02	-7.915848e-02
1624          	warmPlate	2.687272e+02	2.699266e+02	7.916288e-02
1624          	OVC	-2.459823e+02	-2.454374e+02	-7.915848e-02
1625          	warmPlate	2.687272e+02	2.699266e+02	7.916288e-02
1625          	OVC	-2.459823e+02	-2.454374e+02	-7.915848e-02
1626          	warmPlate	2.687272e+02	2.699266e+02	7.916288e-02
1626          	OVC	-2.459823e+02	-2.454374e+02	-7.915848e-02
1627          	warmPlate	2.687272e+02	2.699266e+02	7.916288e-02
1627          	OVC	-2.459823e+02	-2.454374e+02	-7.915848e-02
1628          	warmPlate	2.687272e+02	2.699266e+02	7.916288e-02
1628          	OVC	-2.459823e+02	-2.454374e+02	-7.915848e-02
1629          	warmPlate	2.687272e+02	2.699266e+02	7.916288e-02
1629          	OVC	-2.459823e+02	-2.454374e+02	-7.915848e-02
1630          	warmPlate	2.687272e+02	2.699266e+02	7.916288e-02
1630          	OVC	-2.459823e+02	-2.454374e+02	-7.915848e-02
1631          	warmPlate	2.687272e+02	2.699266e+02	7.916288e-02
1631          	OVC	-2.459823e+02	-2.454374e+02	-7.915848e-02
1632          	warmPlate	2.687272e+02	2.699266e+02	7.916288e-02
1632          	OVC	-2.459823e+02	-2.454374e+02	-7.915848e-02
1633          	warmPlate	2.687272e+02	2.699266e+02	7.916288e-02
1633          	OVC	-2.459823e+02	-2.454374e+02	-7.915848e-02
1634          	warmPlate	2.687272e+02	2.699266e+02	7.916288e-02
1634          	OVC	-2.459823e+02	-2.454374e+02	-7.915848e-02
1635          	warmPlate	2.687272e+02	2.699266e+02	7.916288e-02
1635          	OVC	-2.459823e+02	-2.454374e+02	-7.915848e-02
1636          	warmPlate	2.687272e+02	2.699266e+02	7.916288e-02
1636          	OVC	-2.459823e+02	-2.454374e+02	-7.915848e-02
1637          	warmPlate	2.687272e+02	2.699266e+02	7.916288e-02
1637          	OVC	-2.459823e+02	-2.454374e+02	-7.915848e-02
1638          	warmPlate	2.687272e+02	2.699266e+02	7.916288e-02
1638          	OVC	-2.459823e+02	-2.454374e+02	-7.915848e-02
1639          	warmPlate	2.687272e+02	2.699266e+02	7.916288e-02
1639          	OVC	-2.459823e+02	-2.454374e+02	-7.915848e-02
1640          	warmPlate	2.687272e+02	2.699266e+02	7.916288e-02
1640          	OVC	-2.459823e+02	-2.454374e+02	-7.915848e-02
1641          	warmPlate	2.687272e+02	2.699266e+02	7.916288e-02
1641          	OVC	-2.459823e+02	-2.454374e+02	-7.915848e-02
1642          	warmPlate	2.687272e+02	2.699266e+02	7.916288e-02
1642          	OVC	-2.459823e+02	-2.454374e+02	-7.915848e-02
1643          	warmPlate	2.687272e+02	2.699266e+02	7.916288e-02
1643          	OVC	-2.459823e+02	-2.454374e+02	-7.915848e-02
1644          	warmPlate	2.687272e+02	2.699266e+02	7.916288e-02
1644          	OVC	-2.459823e+02	-2.454374e+02	-7.915848e-02
1645          	warmPlate	2.687272e+02	2.699266e+02	7.916288e-02
1645          	OVC	-2.459823e+02	-2.454374e+02	-7.915848e-02
1646          	warmPlate	2.687272e+02	2.699266e+02	7.916288e-02
1646          	OVC	-2.459823e+02	-2.454374e+02	-7.915848e-02
1647          	warmPlate	2.687272e+02	2.699266e+02	7.916288e-02
1647          	OVC	-2.459823e+02	-2.454374e+02	-7.915848e-02
1648          	warmPlate	2.687272e+02	2.699266e+02	7.916288e-02
1648          	OVC	-2.459823e+02	-2.454374e+02	-7.915848e-02
1649          	warmPlate	2.687272e+02	2.699266e+02	7.916288e-02
1649          	OVC	-2.459823e+02	-2.454374e+02	-7.915848e-02
1650          	warmPlate	2.687272e+02	2.699266e+02	7.916288e-02
1650          	OVC	-2.459823e+02	-2.454374e+02	-7.915848e-02
1651          	warmPlate	2.687272e+02	2.699266e+02	7.916288e-02
1651          	OVC	-2.459823e+02	-2.454374e+02	-7.915848e-02
1652          	warmPlate	2.687272e+02	2.699266e+02	7.916288e-02
1652          	OVC	-2.459823e+02	-2.454374e+02	-7.915848e-02
1653          	warmPlate	2.687272e+02	2.699266e+02	7.916288e-02
1653          	OVC	-2.459823e+02	-2.454374e+02	-7.915848e-02
1654          	warmPlate	2.687272e+02	2.699266e+02	7.916288e-02
1654          	OVC	-2.459823e+02	-2.454374e+02	-7.915848e-02
1655          	warmPlate	2.687272e+02	2.699266e+02	7.916288e-02
1655          	OVC	-2.459823e+02	-2.454374e+02	-7.915848e-02
1656          	warmPlate	2.687272e+02	2.699266e+02	7.916288e-02
1656          	OVC	-2.459823e+02	-2.454374e+02	-7.915848e-02
1657          	warmPlate	2.687272e+02	2.699266e+02	7.916288e-02
1657          	OVC	-2.459823e+02	-2.454374e+02	-7.915848e-02
1658          	warmPlate	2.687272e+02	2.699266e+02	7.916288e-02
1658          	OVC	-2.459823e+02	-2.454374e+02	-7.915848e-02
1659          	warmPlate	2.687272e+02	2.699266e+02	7.916288e-02
1659          	OVC	-2.459823e+02	-2.454374e+02	-7.915848e-02
1660          	warmPlate	2.687272e+02	2.699266e+02	7.916288e-02
1660          	OVC	-2.459823e+02	-2.454374e+02	-7.915848e-02
1661          	warmPlate	2.687272e+02	2.699266e+02	7.916288e-02
1661          	OVC	-2.459823e+02	-2.454374e+02	-7.915848e-02
1662          	warmPlate	2.687272e+02	2.699266e+02	7.916288e-02
1662          	OVC	-2.459823e+02	-2.454374e+02	-7.915848e-02
1663          	warmPlate	2.687272e+02	2.699266e+02	7.916288e-02
1663          	OVC	-2.459823e+02	-2.454374e+02	-7.915848e-02
1664          	warmPlate	2.687272e+02	2.699266e+02	7.916288e-02
1664          	OVC	-2.459823e+02	-2.454374e+02	-7.915848e-02
1665          	warmPlate	2.687272e+02	2.699266e+02	7.916288e-02
1665          	OVC	-2.459823e+02	-2.454374e+02	-7.915848e-02
1666          	warmPlate	2.687272e+02	2.699266e+02	7.916288e-02
1666          	OVC	-2.459823e+02	-2.454374e+02	-7.915848e-02
1667          	warmPlate	2.687272e+02	2.699266e+02	7.916288e-02
1667          	OVC	-2.459823e+02	-2.454374e+02	-7.915848e-02
1668          	warmPlate	2.687272e+02	2.699266e+02	7.916288e-02
1668          	OVC	-2.459823e+02	-2.454374e+02	-7.915848e-02
1669          	warmPlate	2.687272e+02	2.699266e+02	7.916288e-02
1669          	OVC	-2.459823e+02	-2.454374e+02	-7.915848e-02
1670          	warmPlate	2.687272e+02	2.699266e+02	7.916288e-02
1670          	OVC	-2.459823e+02	-2.454374e+02	-7.915848e-02
1671          	warmPlate	2.687272e+02	2.699266e+02	7.916288e-02
1671          	OVC	-2.459823e+02	-2.454374e+02	-7.915848e-02
1672          	warmPlate	2.687272e+02	2.699266e+02	7.916288e-02
1672          	OVC	-2.459823e+02	-2.454374e+02	-7.915848e-02
1673          	warmPlate	2.687272e+02	2.699266e+02	7.916288e-02
1673          	OVC	-2.459823e+02	-2.454374e+02	-7.915848e-02
1674          	warmPlate	2.687272e+02	2.699266e+02	7.916288e-02
1674          	OVC	-2.459823e+02	-2.454374e+02	-7.915848e-02
1675          	warmPlate	2.687272e+02	2.699266e+02	7.916288e-02
1675          	OVC	-2.459823e+02	-2.454374e+02	-7.915848e-02
1676          	warmPlate	2.687272e+02	2.699266e+02	7.916288e-02
1676          	OVC	-2.459823e+02	-2.454374e+02	-7.915848e-02
1677          	warmPlate	2.687272e+02	2.699266e+02	7.916288e-02
1677          	OVC	-2.459823e+02	-2.454374e+02	-7.915848e-02
1678          	warmPlate	2.687272e+02	2.699266e+02	7.916288e-02
1678          	OVC	-2.459823e+02	-2.454374e+02	-7.915848e-02
1679          	warmPlate	2.687272e+02	2.699266e+02	7.916288e-02
1679          	OVC	-2.459823e+02	-2.454374e+02	-7.915848e-02
1680          	warmPlate	2.687272e+02	2.699266e+02	7.916288e-02
1680          	OVC	-2.459823e+02	-2.454374e+02	-7.915848e-02
1681          	warmPlate	2.687272e+02	2.699266e+02	7.916288e-02
1681          	OVC	-2.459823e+02	-2.454374e+02	-7.915848e-02
1682          	warmPlate	2.687272e+02	2.699266e+02	7.916288e-02
1682          	OVC	-2.459823e+02	-2.454374e+02	-7.915848e-02
1683          	warmPlate	2.687272e+02	2.699266e+02	7.916288e-02
1683          	OVC	-2.459823e+02	-2.454374e+02	-7.915848e-02
1684          	warmPlate	2.687272e+02	2.699266e+02	7.916288e-02
1684          	OVC	-2.459823e+02	-2.454374e+02	-7.915848e-02
1685          	warmPlate	2.687272e+02	2.699266e+02	7.916288e-02
1685          	OVC	-2.459823e+02	-2.454374e+02	-7.915848e-02
1686          	warmPlate	2.687272e+02	2.699266e+02	7.916288e-02
1686          	OVC	-2.459823e+02	-2.454374e+02	-7.915848e-02
1687          	warmPlate	2.687272e+02	2.699266e+02	7.916288e-02
1687          	OVC	-2.459823e+02	-2.454374e+02	-7.915848e-02
1688          	warmPlate	2.687272e+02	2.699266e+02	7.916288e-02
1688          	OVC	-2.459823e+02	-2.454374e+02	-7.915848e-02
1689          	warmPlate	2.687272e+02	2.699266e+02	7.916288e-02
1689          	OVC	-2.459823e+02	-2.454374e+02	-7.915848e-02
1690          	warmPlate	2.687272e+02	2.699266e+02	7.916288e-02
1690          	OVC	-2.459823e+02	-2.454374e+02	-7.915848e-02
1691          	warmPlate	2.687272e+02	2.699266e+02	7.916288e-02
1691          	OVC	-2.459823e+02	-2.454374e+02	-7.915848e-02
1692          	warmPlate	2.687272e+02	2.699266e+02	7.916288e-02
1692          	OVC	-2.459823e+02	-2.454374e+02	-7.915848e-02
1693          	warmPlate	2.687272e+02	2.699266e+02	7.916288e-02
1693          	OVC	-2.459823e+02	-2.454374e+02	-7.915848e-02
1694          	warmPlate	2.687272e+02	2.699266e+02	7.916288e-02
1694          	OVC	-2.459823e+02	-2.454374e+02	-7.915848e-02
1695          	warmPlate	2.687272e+02	2.699266e+02	7.916288e-02
1695          	OVC	-2.459823e+02	-2.454374e+02	-7.915848e-02
1696          	warmPlate	2.687272e+02	2.699266e+02	7.916288e-02
1696          	OVC	-2.459823e+02	-2.454374e+02	-7.915848e-02
1697          	warmPlate	2.687272e+02	2.699266e+02	7.916288e-02
1697          	OVC	-2.459823e+02	-2.454374e+02	-7.915848e-02
1698          	warmPlate	2.687272e+02	2.699266e+02	7.916288e-02
1698          	OVC	-2.459823e+02	-2.454374e+02	-7.915848e-02
1699          	warmPlate	2.687272e+02	2.699266e+02	7.916288e-02
1699          	OVC	-2.459823e+02	-2.454374e+02	-7.915848e-02
1700          	warmPlate	2.687272e+02	2.699266e+02	7.916288e-02
1700          	OVC	-2.459823e+02	-2.454374e+02	-7.915848e-02
1701          	warmPlate	2.687272e+02	2.699266e+02	7.916288e-02
1701          	OVC	-2.459823e+02	-2.454374e+02	-7.915848e-02
1702          	warmPlate	2.687272e+02	2.699266e+02	7.916288e-02
1702          	OVC	-2.459823e+02	-2.454374e+02	-7.915848e-02
1703          	warmPlate	2.687272e+02	2.699266e+02	7.916288e-02
1703          	OVC	-2.459823e+02	-2.454374e+02	-7.915848e-02
1704          	warmPlate	2.687272e+02	2.699266e+02	7.916288e-02
1704          	OVC	-2.459823e+02	-2.454374e+02	-7.915848e-02
1705          	warmPlate	2.687272e+02	2.699266e+02	7.916288e-02
1705          	OVC	-2.459823e+02	-2.454374e+02	-7.915848e-02
1706          	warmPlate	2.687272e+02	2.699266e+02	7.916288e-02
1706          	OVC	-2.459823e+02	-2.454374e+02	-7.915848e-02
1707          	warmPlate	2.687272e+02	2.699266e+02	7.916288e-02
1707          	OVC	-2.459823e+02	-2.454374e+02	-7.915848e-02
1708          	warmPlate	2.687272e+02	2.699266e+02	7.916288e-02
1708          	OVC	-2.459823e+02	-2.454374e+02	-7.915848e-02
1709          	warmPlate	2.687272e+02	2.699266e+02	7.916288e-02
1709          	OVC	-2.459823e+02	-2.454374e+02	-7.915848e-02
1710          	warmPlate	2.687272e+02	2.699266e+02	7.916288e-02
1710          	OVC	-2.459823e+02	-2.454374e+02	-7.915848e-02
1711          	warmPlate	2.687272e+02	2.699266e+02	7.916288e-02
1711          	OVC	-2.459823e+02	-2.454374e+02	-7.915848e-02
1712          	warmPlate	2.687272e+02	2.699266e+02	7.916288e-02
1712          	OVC	-2.459823e+02	-2.454374e+02	-7.915848e-02
1713          	warmPlate	2.687272e+02	2.699266e+02	7.916288e-02
1713          	OVC	-2.459823e+02	-2.454374e+02	-7.915848e-02
1714          	warmPlate	2.687272e+02	2.699266e+02	7.916288e-02
1714          	OVC	-2.459823e+02	-2.454374e+02	-7.915848e-02
1715          	warmPlate	2.687272e+02	2.699266e+02	7.916288e-02
1715          	OVC	-2.459823e+02	-2.454374e+02	-7.915848e-02
1716          	warmPlate	2.687272e+02	2.699266e+02	7.916288e-02
1716          	OVC	-2.459823e+02	-2.454374e+02	-7.915848e-02
1717          	warmPlate	2.687272e+02	2.699266e+02	7.916288e-02
1717          	OVC	-2.459823e+02	-2.454374e+02	-7.915848e-02
1718          	warmPlate	2.687272e+02	2.699266e+02	7.916288e-02
1718          	OVC	-2.459823e+02	-2.454374e+02	-7.915848e-02
1719          	warmPlate	2.687272e+02	2.699266e+02	7.916288e-02
1719          	OVC	-2.459823e+02	-2.454374e+02	-7.915848e-02
1720          	warmPlate	2.687272e+02	2.699266e+02	7.916288e-02
1720          	OVC	-2.459823e+02	-2.454374e+02	-7.915848e-02
1721          	warmPlate	2.687272e+02	2.699266e+02	7.916288e-02
1721          	OVC	-2.459823e+02	-2.454374e+02	-7.915848e-02
1722          	warmPlate	2.687272e+02	2.699266e+02	7.916288e-02
1722          	OVC	-2.459823e+02	-2.454374e+02	-7.915848e-02
1723          	warmPlate	2.687272e+02	2.699266e+02	7.916288e-02
1723          	OVC	-2.459823e+02	-2.454374e+02	-7.915848e-02
1724          	warmPlate	2.687272e+02	2.699266e+02	7.916288e-02
1724          	OVC	-2.459823e+02	-2.454374e+02	-7.915848e-02
1725          	warmPlate	2.687272e+02	2.699266e+02	7.916288e-02
1725          	OVC	-2.459823e+02	-2.454374e+02	-7.915848e-02
1726          	warmPlate	2.687272e+02	2.699266e+02	7.916288e-02
1726          	OVC	-2.459823e+02	-2.454374e+02	-7.915848e-02
1727          	warmPlate	2.687272e+02	2.699266e+02	7.916288e-02
1727          	OVC	-2.459823e+02	-2.454374e+02	-7.915848e-02
1728          	warmPlate	2.687272e+02	2.699266e+02	7.916288e-02
1728          	OVC	-2.459823e+02	-2.454374e+02	-7.915848e-02
1729          	warmPlate	2.687272e+02	2.699266e+02	7.916288e-02
1729          	OVC	-2.459823e+02	-2.454374e+02	-7.915848e-02
1730          	warmPlate	2.687272e+02	2.699266e+02	7.916288e-02
1730          	OVC	-2.459823e+02	-2.454374e+02	-7.915848e-02
1731          	warmPlate	2.687272e+02	2.699266e+02	7.916288e-02
1731          	OVC	-2.459823e+02	-2.454374e+02	-7.915848e-02
1732          	warmPlate	2.687272e+02	2.699266e+02	7.916288e-02
1732          	OVC	-2.459823e+02	-2.454374e+02	-7.915848e-02
1733          	warmPlate	2.687272e+02	2.699266e+02	7.916288e-02
1733          	OVC	-2.459823e+02	-2.454374e+02	-7.915848e-02
1734          	warmPlate	2.687272e+02	2.699266e+02	7.916288e-02
1734          	OVC	-2.459823e+02	-2.454374e+02	-7.915848e-02
1735          	warmPlate	2.687272e+02	2.699266e+02	7.916288e-02
1735          	OVC	-2.459823e+02	-2.454374e+02	-7.915848e-02
1736          	warmPlate	2.687272e+02	2.699266e+02	7.916288e-02
1736          	OVC	-2.459823e+02	-2.454374e+02	-7.915848e-02
1737          	warmPlate	2.687272e+02	2.699266e+02	7.916288e-02
1737          	OVC	-2.459823e+02	-2.454374e+02	-7.915848e-02
1738          	warmPlate	2.687272e+02	2.699266e+02	7.916288e-02
1738          	OVC	-2.459823e+02	-2.454374e+02	-7.915848e-02
1739          	warmPlate	2.687272e+02	2.699266e+02	7.916288e-02
1739          	OVC	-2.459823e+02	-2.454374e+02	-7.915848e-02
1740          	warmPlate	2.687272e+02	2.699266e+02	7.916288e-02
1740          	OVC	-2.459823e+02	-2.454374e+02	-7.915848e-02
1741          	warmPlate	2.687272e+02	2.699266e+02	7.916288e-02
1741          	OVC	-2.459823e+02	-2.454374e+02	-7.915848e-02
1742          	warmPlate	2.687272e+02	2.699266e+02	7.916288e-02
1742          	OVC	-2.459823e+02	-2.454374e+02	-7.915848e-02
1743          	warmPlate	2.687272e+02	2.699266e+02	7.916288e-02
1743          	OVC	-2.459823e+02	-2.454374e+02	-7.915848e-02
1744          	warmPlate	2.687272e+02	2.699266e+02	7.916288e-02
1744          	OVC	-2.459823e+02	-2.454374e+02	-7.915848e-02
1745          	warmPlate	2.687272e+02	2.699266e+02	7.916288e-02
1745          	OVC	-2.459823e+02	-2.454374e+02	-7.915848e-02
1746          	warmPlate	2.687272e+02	2.699266e+02	7.916288e-02
1746          	OVC	-2.459823e+02	-2.454374e+02	-7.915848e-02
1747          	warmPlate	2.687272e+02	2.699266e+02	7.916288e-02
1747          	OVC	-2.459823e+02	-2.454374e+02	-7.915848e-02
1748          	warmPlate	2.687272e+02	2.699266e+02	7.916288e-02
1748          	OVC	-2.459823e+02	-2.454374e+02	-7.915848e-02
1749          	warmPlate	2.687272e+02	2.699266e+02	7.916288e-02
1749          	OVC	-2.459823e+02	-2.454374e+02	-7.915848e-02
1750          	warmPlate	2.687272e+02	2.699266e+02	7.916288e-02
1750          	OVC	-2.459823e+02	-2.454374e+02	-7.915848e-02
1751          	warmPlate	2.687272e+02	2.699266e+02	7.916288e-02
1751          	OVC	-2.459823e+02	-2.454374e+02	-7.915848e-02
1752          	warmPlate	2.687272e+02	2.699266e+02	7.916288e-02
1752          	OVC	-2.459823e+02	-2.454374e+02	-7.915848e-02
1753          	warmPlate	2.687272e+02	2.699266e+02	7.916288e-02
1753          	OVC	-2.459823e+02	-2.454374e+02	-7.915848e-02
1754          	warmPlate	2.687272e+02	2.699266e+02	7.916288e-02
1754          	OVC	-2.459823e+02	-2.454374e+02	-7.915848e-02
1755          	warmPlate	2.687272e+02	2.699266e+02	7.916288e-02
1755          	OVC	-2.459823e+02	-2.454374e+02	-7.915848e-02
1756          	warmPlate	2.687272e+02	2.699266e+02	7.916288e-02
1756          	OVC	-2.459823e+02	-2.454374e+02	-7.915848e-02
1757          	warmPlate	2.687272e+02	2.699266e+02	7.916288e-02
1757          	OVC	-2.459823e+02	-2.454374e+02	-7.915848e-02
1758          	warmPlate	2.687272e+02	2.699266e+02	7.916288e-02
1758          	OVC	-2.459823e+02	-2.454374e+02	-7.915848e-02
1759          	warmPlate	2.687272e+02	2.699266e+02	7.916288e-02
1759          	OVC	-2.459823e+02	-2.454374e+02	-7.915848e-02
1760          	warmPlate	2.687272e+02	2.699266e+02	7.916288e-02
1760          	OVC	-2.459823e+02	-2.454374e+02	-7.915848e-02
1761          	warmPlate	2.687272e+02	2.699266e+02	7.916288e-02
1761          	OVC	-2.459823e+02	-2.454374e+02	-7.915848e-02
1762          	warmPlate	2.687272e+02	2.699266e+02	7.916288e-02
1762          	OVC	-2.459823e+02	-2.454374e+02	-7.915848e-02
1763          	warmPlate	2.687272e+02	2.699266e+02	7.916288e-02
1763          	OVC	-2.459823e+02	-2.454374e+02	-7.915848e-02
1764          	warmPlate	2.687272e+02	2.699266e+02	7.916288e-02
1764          	OVC	-2.459823e+02	-2.454374e+02	-7.915848e-02
1765          	warmPlate	2.687272e+02	2.699266e+02	7.916288e-02
1765          	OVC	-2.459823e+02	-2.454374e+02	-7.915848e-02
1766          	warmPlate	2.687272e+02	2.699266e+02	7.916288e-02
1766          	OVC	-2.459823e+02	-2.454374e+02	-7.915848e-02
1767          	warmPlate	2.687272e+02	2.699266e+02	7.916288e-02
1767          	OVC	-2.459823e+02	-2.454374e+02	-7.915848e-02
1768          	warmPlate	2.687272e+02	2.699266e+02	7.916288e-02
1768          	OVC	-2.459823e+02	-2.454374e+02	-7.915848e-02
1769          	warmPlate	2.687272e+02	2.699266e+02	7.916288e-02
1769          	OVC	-2.459823e+02	-2.454374e+02	-7.915848e-02
1770          	warmPlate	2.687272e+02	2.699266e+02	7.916288e-02
1770          	OVC	-2.459823e+02	-2.454374e+02	-7.915848e-02
1771          	warmPlate	2.687272e+02	2.699266e+02	7.916288e-02
1771          	OVC	-2.459823e+02	-2.454374e+02	-7.915848e-02
1772          	warmPlate	2.687272e+02	2.699266e+02	7.916288e-02
1772          	OVC	-2.459823e+02	-2.454374e+02	-7.915848e-02
1773          	warmPlate	2.687272e+02	2.699266e+02	7.916288e-02
1773          	OVC	-2.459823e+02	-2.454374e+02	-7.915848e-02
1774          	warmPlate	2.687272e+02	2.699266e+02	7.916288e-02
1774          	OVC	-2.459823e+02	-2.454374e+02	-7.915848e-02
1775          	warmPlate	2.687272e+02	2.699266e+02	7.916288e-02
1775          	OVC	-2.459823e+02	-2.454374e+02	-7.915848e-02
1776          	warmPlate	2.687272e+02	2.699266e+02	7.916288e-02
1776          	OVC	-2.459823e+02	-2.454374e+02	-7.915848e-02
1777          	warmPlate	2.687272e+02	2.699266e+02	7.916288e-02
1777          	OVC	-2.459823e+02	-2.454374e+02	-7.915848e-02
1778          	warmPlate	2.687272e+02	2.699266e+02	7.916288e-02
1778          	OVC	-2.459823e+02	-2.454374e+02	-7.915848e-02
1779          	warmPlate	2.687272e+02	2.699266e+02	7.916288e-02
1779          	OVC	-2.459823e+02	-2.454374e+02	-7.915848e-02
1780          	warmPlate	2.687272e+02	2.699266e+02	7.916288e-02
1780          	OVC	-2.459823e+02	-2.454374e+02	-7.915848e-02
1781          	warmPlate	2.687272e+02	2.699266e+02	7.916288e-02
1781          	OVC	-2.459823e+02	-2.454374e+02	-7.915848e-02
1782          	warmPlate	2.687272e+02	2.699266e+02	7.916288e-02
1782          	OVC	-2.459823e+02	-2.454374e+02	-7.915848e-02
1783          	warmPlate	2.687272e+02	2.699266e+02	7.916288e-02
1783          	OVC	-2.459823e+02	-2.454374e+02	-7.915848e-02
1784          	warmPlate	2.687272e+02	2.699266e+02	7.916288e-02
1784          	OVC	-2.459823e+02	-2.454374e+02	-7.915848e-02
1785          	warmPlate	2.687272e+02	2.699266e+02	7.916288e-02
1785          	OVC	-2.459823e+02	-2.454374e+02	-7.915848e-02
1786          	warmPlate	2.687272e+02	2.699266e+02	7.916288e-02
1786          	OVC	-2.459823e+02	-2.454374e+02	-7.915848e-02
1787          	warmPlate	2.687272e+02	2.699266e+02	7.916288e-02
1787          	OVC	-2.459823e+02	-2.454374e+02	-7.915848e-02
1788          	warmPlate	2.687272e+02	2.699266e+02	7.916288e-02
1788          	OVC	-2.459823e+02	-2.454374e+02	-7.915848e-02
1789          	warmPlate	2.687272e+02	2.699266e+02	7.916288e-02
1789          	OVC	-2.459823e+02	-2.454374e+02	-7.915848e-02
1790          	warmPlate	2.687272e+02	2.699266e+02	7.916288e-02
1790          	OVC	-2.459823e+02	-2.454374e+02	-7.915848e-02
1791          	warmPlate	2.687272e+02	2.699266e+02	7.916288e-02
1791          	OVC	-2.459823e+02	-2.454374e+02	-7.915848e-02
1792          	warmPlate	2.687272e+02	2.699266e+02	7.916288e-02
1792          	OVC	-2.459823e+02	-2.454374e+02	-7.915848e-02
1793          	warmPlate	2.687272e+02	2.699266e+02	7.916288e-02
1793          	OVC	-2.459823e+02	-2.454374e+02	-7.915848e-02
1794          	warmPlate	2.687272e+02	2.699266e+02	7.916288e-02
1794          	OVC	-2.459823e+02	-2.454374e+02	-7.915848e-02
1795          	warmPlate	2.687272e+02	2.699266e+02	7.916288e-02
1795          	OVC	-2.459823e+02	-2.454374e+02	-7.915848e-02
1796          	warmPlate	2.687272e+02	2.699266e+02	7.916288e-02
1796          	OVC	-2.459823e+02	-2.454374e+02	-7.915848e-02
1797          	warmPlate	2.687272e+02	2.699266e+02	7.916288e-02
1797          	OVC	-2.459823e+02	-2.454374e+02	-7.915848e-02
1798          	warmPlate	2.687272e+02	2.699266e+02	7.916288e-02
1798          	OVC	-2.459823e+02	-2.454374e+02	-7.915848e-02
1799          	warmPlate	2.687272e+02	2.699266e+02	7.916288e-02
1799          	OVC	-2.459823e+02	-2.454374e+02	-7.915848e-02
1800          	warmPlate	2.687272e+02	2.699266e+02	7.916288e-02
1800          	OVC	-2.459823e+02	-2.454374e+02	-7.915848e-02
1801          	warmPlate	2.687272e+02	2.699266e+02	7.916288e-02
1801          	OVC	-2.459823e+02	-2.454374e+02	-7.915848e-02
1802          	warmPlate	2.687272e+02	2.699266e+02	7.916288e-02
1802          	OVC	-2.459823e+02	-2.454374e+02	-7.915848e-02
1803          	warmPlate	2.687272e+02	2.699266e+02	7.916288e-02
1803          	OVC	-2.459823e+02	-2.454374e+02	-7.915848e-02
1804          	warmPlate	2.687272e+02	2.699266e+02	7.916288e-02
1804          	OVC	-2.459823e+02	-2.454374e+02	-7.915848e-02
1805          	warmPlate	2.687272e+02	2.699266e+02	7.916288e-02
1805          	OVC	-2.459823e+02	-2.454374e+02	-7.915848e-02
1806          	warmPlate	2.687272e+02	2.699266e+02	7.916288e-02
1806          	OVC	-2.459823e+02	-2.454374e+02	-7.915848e-02
1807          	warmPlate	2.687272e+02	2.699266e+02	7.916288e-02
1807          	OVC	-2.459823e+02	-2.454374e+02	-7.915848e-02
1808          	warmPlate	2.687272e+02	2.699266e+02	7.916288e-02
1808          	OVC	-2.459823e+02	-2.454374e+02	-7.915848e-02
1809          	warmPlate	2.687272e+02	2.699266e+02	7.916288e-02
1809          	OVC	-2.459823e+02	-2.454374e+02	-7.915848e-02
1810          	warmPlate	2.687272e+02	2.699266e+02	7.916288e-02
1810          	OVC	-2.459823e+02	-2.454374e+02	-7.915848e-02
1811          	warmPlate	2.687272e+02	2.699266e+02	7.916288e-02
1811          	OVC	-2.459823e+02	-2.454374e+02	-7.915848e-02
1812          	warmPlate	2.687272e+02	2.699266e+02	7.916288e-02
1812          	OVC	-2.459823e+02	-2.454374e+02	-7.915848e-02
1813          	warmPlate	2.687272e+02	2.699266e+02	7.916288e-02
1813          	OVC	-2.459823e+02	-2.454374e+02	-7.915848e-02
1814          	warmPlate	2.687272e+02	2.699266e+02	7.916288e-02
1814          	OVC	-2.459823e+02	-2.454374e+02	-7.915848e-02
1815          	warmPlate	2.687272e+02	2.699266e+02	7.916288e-02
1815          	OVC	-2.459823e+02	-2.454374e+02	-7.915848e-02
1816          	warmPlate	2.687272e+02	2.699266e+02	7.916288e-02
1816          	OVC	-2.459823e+02	-2.454374e+02	-7.915848e-02
1817          	warmPlate	2.687272e+02	2.699266e+02	7.916288e-02
1817          	OVC	-2.459823e+02	-2.454374e+02	-7.915848e-02
1818          	warmPlate	2.687272e+02	2.699266e+02	7.916288e-02
1818          	OVC	-2.459823e+02	-2.454374e+02	-7.915848e-02
1819          	warmPlate	2.687272e+02	2.699266e+02	7.916288e-02
1819          	OVC	-2.459823e+02	-2.454374e+02	-7.915848e-02
1820          	warmPlate	2.687272e+02	2.699266e+02	7.916288e-02
1820          	OVC	-2.459823e+02	-2.454374e+02	-7.915848e-02
1821          	warmPlate	2.687272e+02	2.699266e+02	7.916288e-02
1821          	OVC	-2.459823e+02	-2.454374e+02	-7.915848e-02
1822          	warmPlate	2.687272e+02	2.699266e+02	7.916288e-02
1822          	OVC	-2.459823e+02	-2.454374e+02	-7.915848e-02
1823          	warmPlate	2.687272e+02	2.699266e+02	7.916288e-02
1823          	OVC	-2.459823e+02	-2.454374e+02	-7.915848e-02
1824          	warmPlate	2.687272e+02	2.699266e+02	7.916288e-02
1824          	OVC	-2.459823e+02	-2.454374e+02	-7.915848e-02
1825          	warmPlate	2.687272e+02	2.699266e+02	7.916288e-02
1825          	OVC	-2.459823e+02	-2.454374e+02	-7.915848e-02
1826          	warmPlate	2.687272e+02	2.699266e+02	7.916288e-02
1826          	OVC	-2.459823e+02	-2.454374e+02	-7.915848e-02
1827          	warmPlate	2.687272e+02	2.699266e+02	7.916288e-02
1827          	OVC	-2.459823e+02	-2.454374e+02	-7.915848e-02
1828          	warmPlate	2.687272e+02	2.699266e+02	7.916288e-02
1828          	OVC	-2.459823e+02	-2.454374e+02	-7.915848e-02
1829          	warmPlate	2.687272e+02	2.699266e+02	7.916288e-02
1829          	OVC	-2.459823e+02	-2.454374e+02	-7.915848e-02
1830          	warmPlate	2.687272e+02	2.699266e+02	7.916288e-02
1830          	OVC	-2.459823e+02	-2.454374e+02	-7.915848e-02
1831          	warmPlate	2.687272e+02	2.699266e+02	7.916288e-02
1831          	OVC	-2.459823e+02	-2.454374e+02	-7.915848e-02
1832          	warmPlate	2.687272e+02	2.699266e+02	7.916288e-02
1832          	OVC	-2.459823e+02	-2.454374e+02	-7.915848e-02
1833          	warmPlate	2.687272e+02	2.699266e+02	7.916288e-02
1833          	OVC	-2.459823e+02	-2.454374e+02	-7.915848e-02
1834          	warmPlate	2.687272e+02	2.699266e+02	7.916288e-02
1834          	OVC	-2.459823e+02	-2.454374e+02	-7.915848e-02
1835          	warmPlate	2.687272e+02	2.699266e+02	7.916288e-02
1835          	OVC	-2.459823e+02	-2.454374e+02	-7.915848e-02
1836          	warmPlate	2.687272e+02	2.699266e+02	7.916288e-02
1836          	OVC	-2.459823e+02	-2.454374e+02	-7.915848e-02
1837          	warmPlate	2.687272e+02	2.699266e+02	7.916288e-02
1837          	OVC	-2.459823e+02	-2.454374e+02	-7.915848e-02
1838          	warmPlate	2.687272e+02	2.699266e+02	7.916288e-02
1838          	OVC	-2.459823e+02	-2.454374e+02	-7.915848e-02
1839          	warmPlate	2.687272e+02	2.699266e+02	7.916288e-02
1839          	OVC	-2.459823e+02	-2.454374e+02	-7.915848e-02
1840          	warmPlate	2.687272e+02	2.699266e+02	7.916288e-02
1840          	OVC	-2.459823e+02	-2.454374e+02	-7.915848e-02
1841          	warmPlate	2.687272e+02	2.699266e+02	7.916288e-02
1841          	OVC	-2.459823e+02	-2.454374e+02	-7.915848e-02
1842          	warmPlate	2.687272e+02	2.699266e+02	7.916288e-02
1842          	OVC	-2.459823e+02	-2.454374e+02	-7.915848e-02
1843          	warmPlate	2.687272e+02	2.699266e+02	7.916288e-02
1843          	OVC	-2.459823e+02	-2.454374e+02	-7.915848e-02
1844          	warmPlate	2.687272e+02	2.699266e+02	7.916288e-02
1844          	OVC	-2.459823e+02	-2.454374e+02	-7.915848e-02
1845          	warmPlate	2.687272e+02	2.699266e+02	7.916288e-02
1845          	OVC	-2.459823e+02	-2.454374e+02	-7.915848e-02
1846          	warmPlate	2.687272e+02	2.699266e+02	7.916288e-02
1846          	OVC	-2.459823e+02	-2.454374e+02	-7.915848e-02
1847          	warmPlate	2.687272e+02	2.699266e+02	7.916288e-02
1847          	OVC	-2.459823e+02	-2.454374e+02	-7.915848e-02
1848          	warmPlate	2.687272e+02	2.699266e+02	7.916288e-02
1848          	OVC	-2.459823e+02	-2.454374e+02	-7.915848e-02
1849          	warmPlate	2.687272e+02	2.699266e+02	7.916288e-02
1849          	OVC	-2.459823e+02	-2.454374e+02	-7.915848e-02
1850          	warmPlate	2.687272e+02	2.699266e+02	7.916288e-02
1850          	OVC	-2.459823e+02	-2.454374e+02	-7.915848e-02
1851          	warmPlate	2.687272e+02	2.699266e+02	7.916288e-02
1851          	OVC	-2.459823e+02	-2.454374e+02	-7.915848e-02
1852          	warmPlate	2.687272e+02	2.699266e+02	7.916288e-02
1852          	OVC	-2.459823e+02	-2.454374e+02	-7.915848e-02
1853          	warmPlate	2.687272e+02	2.699266e+02	7.916288e-02
1853          	OVC	-2.459823e+02	-2.454374e+02	-7.915848e-02
1854          	warmPlate	2.687272e+02	2.699266e+02	7.916288e-02
1854          	OVC	-2.459823e+02	-2.454374e+02	-7.915848e-02
1855          	warmPlate	2.687272e+02	2.699266e+02	7.916288e-02
1855          	OVC	-2.459823e+02	-2.454374e+02	-7.915848e-02
1856          	warmPlate	2.687272e+02	2.699266e+02	7.916288e-02
1856          	OVC	-2.459823e+02	-2.454374e+02	-7.915848e-02
1857          	warmPlate	2.687272e+02	2.699266e+02	7.916288e-02
1857          	OVC	-2.459823e+02	-2.454374e+02	-7.915848e-02
1858          	warmPlate	2.687272e+02	2.699266e+02	7.916288e-02
1858          	OVC	-2.459823e+02	-2.454374e+02	-7.915848e-02
1859          	warmPlate	2.687272e+02	2.699266e+02	7.916288e-02
1859          	OVC	-2.459823e+02	-2.454374e+02	-7.915848e-02
1860          	warmPlate	2.687272e+02	2.699266e+02	7.916288e-02
1860          	OVC	-2.459823e+02	-2.454374e+02	-7.915848e-02
1861          	warmPlate	2.687272e+02	2.699266e+02	7.916288e-02
1861          	OVC	-2.459823e+02	-2.454374e+02	-7.915848e-02
1862          	warmPlate	2.687272e+02	2.699266e+02	7.916288e-02
1862          	OVC	-2.459823e+02	-2.454374e+02	-7.915848e-02
1863          	warmPlate	2.687272e+02	2.699266e+02	7.916288e-02
1863          	OVC	-2.459823e+02	-2.454374e+02	-7.915848e-02
1864          	warmPlate	2.687272e+02	2.699266e+02	7.916288e-02
1864          	OVC	-2.459823e+02	-2.454374e+02	-7.915848e-02
1865          	warmPlate	2.687272e+02	2.699266e+02	7.916288e-02
1865          	OVC	-2.459823e+02	-2.454374e+02	-7.915848e-02
1866          	warmPlate	2.687272e+02	2.699266e+02	7.916288e-02
1866          	OVC	-2.459823e+02	-2.454374e+02	-7.915848e-02
1867          	warmPlate	2.687272e+02	2.699266e+02	7.916288e-02
1867          	OVC	-2.459823e+02	-2.454374e+02	-7.915848e-02
1868          	warmPlate	2.687272e+02	2.699266e+02	7.916288e-02
1868          	OVC	-2.459823e+02	-2.454374e+02	-7.915848e-02
1869          	warmPlate	2.687272e+02	2.699266e+02	7.916288e-02
1869          	OVC	-2.459823e+02	-2.454374e+02	-7.915848e-02
1870          	warmPlate	2.687272e+02	2.699266e+02	7.916288e-02
1870          	OVC	-2.459823e+02	-2.454374e+02	-7.915848e-02
1871          	warmPlate	2.687272e+02	2.699266e+02	7.916288e-02
1871          	OVC	-2.459823e+02	-2.454374e+02	-7.915848e-02
1872          	warmPlate	2.687272e+02	2.699266e+02	7.916288e-02
1872          	OVC	-2.459823e+02	-2.454374e+02	-7.915848e-02
1873          	warmPlate	2.687272e+02	2.699266e+02	7.916288e-02
1873          	OVC	-2.459823e+02	-2.454374e+02	-7.915848e-02
1874          	warmPlate	2.687272e+02	2.699266e+02	7.916288e-02
1874          	OVC	-2.459823e+02	-2.454374e+02	-7.915848e-02
1875          	warmPlate	2.687272e+02	2.699266e+02	7.916288e-02
1875          	OVC	-2.459823e+02	-2.454374e+02	-7.915848e-02
1876          	warmPlate	2.687272e+02	2.699266e+02	7.916288e-02
1876          	OVC	-2.459823e+02	-2.454374e+02	-7.915848e-02
1877          	warmPlate	2.687272e+02	2.699266e+02	7.916288e-02
1877          	OVC	-2.459823e+02	-2.454374e+02	-7.915848e-02
1878          	warmPlate	2.687272e+02	2.699266e+02	7.916288e-02
1878          	OVC	-2.459823e+02	-2.454374e+02	-7.915848e-02
1879          	warmPlate	2.687272e+02	2.699266e+02	7.916288e-02
1879          	OVC	-2.459823e+02	-2.454374e+02	-7.915848e-02
1880          	warmPlate	2.687272e+02	2.699266e+02	7.916288e-02
1880          	OVC	-2.459823e+02	-2.454374e+02	-7.915848e-02
1881          	warmPlate	2.687272e+02	2.699266e+02	7.916288e-02
1881          	OVC	-2.459823e+02	-2.454374e+02	-7.915848e-02
1882          	warmPlate	2.687272e+02	2.699266e+02	7.916288e-02
1882          	OVC	-2.459823e+02	-2.454374e+02	-7.915848e-02
1883          	warmPlate	2.687272e+02	2.699266e+02	7.916288e-02
1883          	OVC	-2.459823e+02	-2.454374e+02	-7.915848e-02
1884          	warmPlate	2.687272e+02	2.699266e+02	7.916288e-02
1884          	OVC	-2.459823e+02	-2.454374e+02	-7.915848e-02
1885          	warmPlate	2.687272e+02	2.699266e+02	7.916288e-02
1885          	OVC	-2.459823e+02	-2.454374e+02	-7.915848e-02
1886          	warmPlate	2.687272e+02	2.699266e+02	7.916288e-02
1886          	OVC	-2.459823e+02	-2.454374e+02	-7.915848e-02
1887          	warmPlate	2.687272e+02	2.699266e+02	7.916288e-02
1887          	OVC	-2.459823e+02	-2.454374e+02	-7.915848e-02
1888          	warmPlate	2.687272e+02	2.699266e+02	7.916288e-02
1888          	OVC	-2.459823e+02	-2.454374e+02	-7.915848e-02
1889          	warmPlate	2.687272e+02	2.699266e+02	7.916288e-02
1889          	OVC	-2.459823e+02	-2.454374e+02	-7.915848e-02
1890          	warmPlate	2.687272e+02	2.699266e+02	7.916288e-02
1890          	OVC	-2.459823e+02	-2.454374e+02	-7.915848e-02
1891          	warmPlate	2.687272e+02	2.699266e+02	7.916288e-02
1891          	OVC	-2.459823e+02	-2.454374e+02	-7.915848e-02
1892          	warmPlate	2.687272e+02	2.699266e+02	7.916288e-02
1892          	OVC	-2.459823e+02	-2.454374e+02	-7.915848e-02
1893          	warmPlate	2.687272e+02	2.699266e+02	7.916288e-02
1893          	OVC	-2.459823e+02	-2.454374e+02	-7.915848e-02
1894          	warmPlate	2.687272e+02	2.699266e+02	7.916288e-02
1894          	OVC	-2.459823e+02	-2.454374e+02	-7.915848e-02
1895          	warmPlate	2.687272e+02	2.699266e+02	7.916288e-02
1895          	OVC	-2.459823e+02	-2.454374e+02	-7.915848e-02
1896          	warmPlate	2.687272e+02	2.699266e+02	7.916288e-02
1896          	OVC	-2.459823e+02	-2.454374e+02	-7.915848e-02
1897          	warmPlate	2.687272e+02	2.699266e+02	7.916288e-02
1897          	OVC	-2.459823e+02	-2.454374e+02	-7.915848e-02
1898          	warmPlate	2.687272e+02	2.699266e+02	7.916288e-02
1898          	OVC	-2.459823e+02	-2.454374e+02	-7.915848e-02
1899          	warmPlate	2.687272e+02	2.699266e+02	7.916288e-02
1899          	OVC	-2.459823e+02	-2.454374e+02	-7.915848e-02
1900          	warmPlate	2.687272e+02	2.699266e+02	7.916288e-02
1900          	OVC	-2.459823e+02	-2.454374e+02	-7.915848e-02
1901          	warmPlate	2.687272e+02	2.699266e+02	7.916288e-02
1901          	OVC	-2.459823e+02	-2.454374e+02	-7.915848e-02
1902          	warmPlate	2.687272e+02	2.699266e+02	7.916288e-02
1902          	OVC	-2.459823e+02	-2.454374e+02	-7.915848e-02
1903          	warmPlate	2.687272e+02	2.699266e+02	7.916288e-02
1903          	OVC	-2.459823e+02	-2.454374e+02	-7.915848e-02
1904          	warmPlate	2.687272e+02	2.699266e+02	7.916288e-02
1904          	OVC	-2.459823e+02	-2.454374e+02	-7.915848e-02
1905          	warmPlate	2.687272e+02	2.699266e+02	7.916288e-02
1905          	OVC	-2.459823e+02	-2.454374e+02	-7.915848e-02
1906          	warmPlate	2.687272e+02	2.699266e+02	7.916288e-02
1906          	OVC	-2.459823e+02	-2.454374e+02	-7.915848e-02
1907          	warmPlate	2.687272e+02	2.699266e+02	7.916288e-02
1907          	OVC	-2.459823e+02	-2.454374e+02	-7.915848e-02
1908          	warmPlate	2.687272e+02	2.699266e+02	7.916288e-02
1908          	OVC	-2.459823e+02	-2.454374e+02	-7.915848e-02
1909          	warmPlate	2.687272e+02	2.699266e+02	7.916288e-02
1909          	OVC	-2.459823e+02	-2.454374e+02	-7.915848e-02
1910          	warmPlate	2.687272e+02	2.699266e+02	7.916288e-02
1910          	OVC	-2.459823e+02	-2.454374e+02	-7.915848e-02
1911          	warmPlate	2.687272e+02	2.699266e+02	7.916288e-02
1911          	OVC	-2.459823e+02	-2.454374e+02	-7.915848e-02
1912          	warmPlate	2.687272e+02	2.699266e+02	7.916288e-02
1912          	OVC	-2.459823e+02	-2.454374e+02	-7.915848e-02
1913          	warmPlate	2.687272e+02	2.699266e+02	7.916288e-02
1913          	OVC	-2.459823e+02	-2.454374e+02	-7.915848e-02
1914          	warmPlate	2.687272e+02	2.699266e+02	7.916288e-02
1914          	OVC	-2.459823e+02	-2.454374e+02	-7.915848e-02
1915          	warmPlate	2.687272e+02	2.699266e+02	7.916288e-02
1915          	OVC	-2.459823e+02	-2.454374e+02	-7.915848e-02
1916          	warmPlate	2.687272e+02	2.699266e+02	7.916288e-02
1916          	OVC	-2.459823e+02	-2.454374e+02	-7.915848e-02
1917          	warmPlate	2.687272e+02	2.699266e+02	7.916288e-02
1917          	OVC	-2.459823e+02	-2.454374e+02	-7.915848e-02
1918          	warmPlate	2.687272e+02	2.699266e+02	7.916288e-02
1918          	OVC	-2.459823e+02	-2.454374e+02	-7.915848e-02
1919          	warmPlate	2.687272e+02	2.699266e+02	7.916288e-02
1919          	OVC	-2.459823e+02	-2.454374e+02	-7.915848e-02
1920          	warmPlate	2.687272e+02	2.699266e+02	7.916288e-02
1920          	OVC	-2.459823e+02	-2.454374e+02	-7.915848e-02
1921          	warmPlate	2.687272e+02	2.699266e+02	7.916288e-02
1921          	OVC	-2.459823e+02	-2.454374e+02	-7.915848e-02
1922          	warmPlate	2.687272e+02	2.699266e+02	7.916288e-02
1922          	OVC	-2.459823e+02	-2.454374e+02	-7.915848e-02
1923          	warmPlate	2.687272e+02	2.699266e+02	7.916288e-02
1923          	OVC	-2.459823e+02	-2.454374e+02	-7.915848e-02
1924          	warmPlate	2.687272e+02	2.699266e+02	7.916288e-02
1924          	OVC	-2.459823e+02	-2.454374e+02	-7.915848e-02
1925          	warmPlate	2.687272e+02	2.699266e+02	7.916288e-02
1925          	OVC	-2.459823e+02	-2.454374e+02	-7.915848e-02
1926          	warmPlate	2.687272e+02	2.699266e+02	7.916288e-02
1926          	OVC	-2.459823e+02	-2.454374e+02	-7.915848e-02
1927          	warmPlate	2.687272e+02	2.699266e+02	7.916288e-02
1927          	OVC	-2.459823e+02	-2.454374e+02	-7.915848e-02
1928          	warmPlate	2.687272e+02	2.699266e+02	7.916288e-02
1928          	OVC	-2.459823e+02	-2.454374e+02	-7.915848e-02
1929          	warmPlate	2.687272e+02	2.699266e+02	7.916288e-02
1929          	OVC	-2.459823e+02	-2.454374e+02	-7.915848e-02
1930          	warmPlate	2.687272e+02	2.699266e+02	7.916288e-02
1930          	OVC	-2.459823e+02	-2.454374e+02	-7.915848e-02
1931          	warmPlate	2.687272e+02	2.699266e+02	7.916288e-02
1931          	OVC	-2.459823e+02	-2.454374e+02	-7.915848e-02
1932          	warmPlate	2.687272e+02	2.699266e+02	7.916288e-02
1932          	OVC	-2.459823e+02	-2.454374e+02	-7.915848e-02
1933          	warmPlate	2.687272e+02	2.699266e+02	7.916288e-02
1933          	OVC	-2.459823e+02	-2.454374e+02	-7.915848e-02
1934          	warmPlate	2.687272e+02	2.699266e+02	7.916288e-02
1934          	OVC	-2.459823e+02	-2.454374e+02	-7.915848e-02
1935          	warmPlate	2.687272e+02	2.699266e+02	7.916288e-02
1935          	OVC	-2.459823e+02	-2.454374e+02	-7.915848e-02
1936          	warmPlate	2.687272e+02	2.699266e+02	7.916288e-02
1936          	OVC	-2.459823e+02	-2.454374e+02	-7.915848e-02
1937          	warmPlate	2.687272e+02	2.699266e+02	7.916288e-02
1937          	OVC	-2.459823e+02	-2.454374e+02	-7.915848e-02
1938          	warmPlate	2.687272e+02	2.699266e+02	7.916288e-02
1938          	OVC	-2.459823e+02	-2.454374e+02	-7.915848e-02
1939          	warmPlate	2.687272e+02	2.699266e+02	7.916288e-02
1939          	OVC	-2.459823e+02	-2.454374e+02	-7.915848e-02
1940          	warmPlate	2.687272e+02	2.699266e+02	7.916288e-02
1940          	OVC	-2.459823e+02	-2.454374e+02	-7.915848e-02
1941          	warmPlate	2.687272e+02	2.699266e+02	7.916288e-02
1941          	OVC	-2.459823e+02	-2.454374e+02	-7.915848e-02
1942          	warmPlate	2.687272e+02	2.699266e+02	7.916288e-02
1942          	OVC	-2.459823e+02	-2.454374e+02	-7.915848e-02
1943          	warmPlate	2.687272e+02	2.699266e+02	7.916288e-02
1943          	OVC	-2.459823e+02	-2.454374e+02	-7.915848e-02
1944          	warmPlate	2.687272e+02	2.699266e+02	7.916288e-02
1944          	OVC	-2.459823e+02	-2.454374e+02	-7.915848e-02
1945          	warmPlate	2.687272e+02	2.699266e+02	7.916288e-02
1945          	OVC	-2.459823e+02	-2.454374e+02	-7.915848e-02
1946          	warmPlate	2.687272e+02	2.699266e+02	7.916288e-02
1946          	OVC	-2.459823e+02	-2.454374e+02	-7.915848e-02
1947          	warmPlate	2.687272e+02	2.699266e+02	7.916288e-02
1947          	OVC	-2.459823e+02	-2.454374e+02	-7.915848e-02
1948          	warmPlate	2.687272e+02	2.699266e+02	7.916288e-02
1948          	OVC	-2.459823e+02	-2.454374e+02	-7.915848e-02
1949          	warmPlate	2.687272e+02	2.699266e+02	7.916288e-02
1949          	OVC	-2.459823e+02	-2.454374e+02	-7.915848e-02
1950          	warmPlate	2.687272e+02	2.699266e+02	7.916288e-02
1950          	OVC	-2.459823e+02	-2.454374e+02	-7.915848e-02
1951          	warmPlate	2.687272e+02	2.699266e+02	7.916288e-02
1951          	OVC	-2.459823e+02	-2.454374e+02	-7.915848e-02
1952          	warmPlate	2.687272e+02	2.699266e+02	7.916288e-02
1952          	OVC	-2.459823e+02	-2.454374e+02	-7.915848e-02
1953          	warmPlate	2.687272e+02	2.699266e+02	7.916288e-02
1953          	OVC	-2.459823e+02	-2.454374e+02	-7.915848e-02
1954          	warmPlate	2.687272e+02	2.699266e+02	7.916288e-02
1954          	OVC	-2.459823e+02	-2.454374e+02	-7.915848e-02
1955          	warmPlate	2.687272e+02	2.699266e+02	7.916288e-02
1955          	OVC	-2.459823e+02	-2.454374e+02	-7.915848e-02
1956          	warmPlate	2.687272e+02	2.699266e+02	7.916288e-02
1956          	OVC	-2.459823e+02	-2.454374e+02	-7.915848e-02
1957          	warmPlate	2.687272e+02	2.699266e+02	7.916288e-02
1957          	OVC	-2.459823e+02	-2.454374e+02	-7.915848e-02
1958          	warmPlate	2.687272e+02	2.699266e+02	7.916288e-02
1958          	OVC	-2.459823e+02	-2.454374e+02	-7.915848e-02
1959          	warmPlate	2.687272e+02	2.699266e+02	7.916288e-02
1959          	OVC	-2.459823e+02	-2.454374e+02	-7.915848e-02
1960          	warmPlate	2.687272e+02	2.699266e+02	7.916288e-02
1960          	OVC	-2.459823e+02	-2.454374e+02	-7.915848e-02
1961          	warmPlate	2.687272e+02	2.699266e+02	7.916288e-02
1961          	OVC	-2.459823e+02	-2.454374e+02	-7.915848e-02
1962          	warmPlate	2.687272e+02	2.699266e+02	7.916288e-02
1962          	OVC	-2.459823e+02	-2.454374e+02	-7.915848e-02
1963          	warmPlate	2.687272e+02	2.699266e+02	7.916288e-02
1963          	OVC	-2.459823e+02	-2.454374e+02	-7.915848e-02
1964          	warmPlate	2.687272e+02	2.699266e+02	7.916288e-02
1964          	OVC	-2.459823e+02	-2.454374e+02	-7.915848e-02
1965          	warmPlate	2.687272e+02	2.699266e+02	7.916288e-02
1965          	OVC	-2.459823e+02	-2.454374e+02	-7.915848e-02
1966          	warmPlate	2.687272e+02	2.699266e+02	7.916288e-02
1966          	OVC	-2.459823e+02	-2.454374e+02	-7.915848e-02
1967          	warmPlate	2.687272e+02	2.699266e+02	7.916288e-02
1967          	OVC	-2.459823e+02	-2.454374e+02	-7.915848e-02
1968          	warmPlate	2.687272e+02	2.699266e+02	7.916288e-02
1968          	OVC	-2.459823e+02	-2.454374e+02	-7.915848e-02
1969          	warmPlate	2.687272e+02	2.699266e+02	7.916288e-02
1969          	OVC	-2.459823e+02	-2.454374e+02	-7.915848e-02
1970          	warmPlate	2.687272e+02	2.699266e+02	7.916288e-02
1970          	OVC	-2.459823e+02	-2.454374e+02	-7.915848e-02
1971          	warmPlate	2.687272e+02	2.699266e+02	7.916288e-02
1971          	OVC	-2.459823e+02	-2.454374e+02	-7.915848e-02
1972          	warmPlate	2.687272e+02	2.699266e+02	7.916288e-02
1972          	OVC	-2.459823e+02	-2.454374e+02	-7.915848e-02
1973          	warmPlate	2.687272e+02	2.699266e+02	7.916288e-02
1973          	OVC	-2.459823e+02	-2.454374e+02	-7.915848e-02
1974          	warmPlate	2.687272e+02	2.699266e+02	7.916288e-02
1974          	OVC	-2.459823e+02	-2.454374e+02	-7.915848e-02
1975          	warmPlate	2.687272e+02	2.699266e+02	7.916288e-02
1975          	OVC	-2.459823e+02	-2.454374e+02	-7.915848e-02
1976          	warmPlate	2.687272e+02	2.699266e+02	7.916288e-02
1976          	OVC	-2.459823e+02	-2.454374e+02	-7.915848e-02
1977          	warmPlate	2.687272e+02	2.699266e+02	7.916288e-02
1977          	OVC	-2.459823e+02	-2.454374e+02	-7.915848e-02
1978          	warmPlate	2.687272e+02	2.699266e+02	7.916288e-02
1978          	OVC	-2.459823e+02	-2.454374e+02	-7.915848e-02
1979          	warmPlate	2.687272e+02	2.699266e+02	7.916288e-02
1979          	OVC	-2.459823e+02	-2.454374e+02	-7.915848e-02
1980          	warmPlate	2.687272e+02	2.699266e+02	7.916288e-02
1980          	OVC	-2.459823e+02	-2.454374e+02	-7.915848e-02
1981          	warmPlate	2.687272e+02	2.699266e+02	7.916288e-02
1981          	OVC	-2.459823e+02	-2.454374e+02	-7.915848e-02
1982          	warmPlate	2.687272e+02	2.699266e+02	7.916288e-02
1982          	OVC	-2.459823e+02	-2.454374e+02	-7.915848e-02
1983          	warmPlate	2.687272e+02	2.699266e+02	7.916288e-02
1983          	OVC	-2.459823e+02	-2.454374e+02	-7.915848e-02
1984          	warmPlate	2.687272e+02	2.699266e+02	7.916288e-02
1984          	OVC	-2.459823e+02	-2.454374e+02	-7.915848e-02
1985          	warmPlate	2.687272e+02	2.699266e+02	7.916288e-02
1985          	OVC	-2.459823e+02	-2.454374e+02	-7.915848e-02
1986          	warmPlate	2.687272e+02	2.699266e+02	7.916288e-02
1986          	OVC	-2.459823e+02	-2.454374e+02	-7.915848e-02
1987          	warmPlate	2.687272e+02	2.699266e+02	7.916288e-02
1987          	OVC	-2.459823e+02	-2.454374e+02	-7.915848e-02
1988          	warmPlate	2.687272e+02	2.699266e+02	7.916288e-02
1988          	OVC	-2.459823e+02	-2.454374e+02	-7.915848e-02
1989          	warmPlate	2.687272e+02	2.699266e+02	7.916288e-02
1989          	OVC	-2.459823e+02	-2.454374e+02	-7.915848e-02
1990          	warmPlate	2.687272e+02	2.699266e+02	7.916288e-02
1990          	OVC	-2.459823e+02	-2.454374e+02	-7.915848e-02
1991          	warmPlate	2.687272e+02	2.699266e+02	7.916288e-02
1991          	OVC	-2.459823e+02	-2.454374e+02	-7.915848e-02
1992          	warmPlate	2.687272e+02	2.699266e+02	7.916288e-02
1992          	OVC	-2.459823e+02	-2.454374e+02	-7.915848e-02
1993          	warmPlate	2.687272e+02	2.699266e+02	7.916288e-02
1993          	OVC	-2.459823e+02	-2.454374e+02	-7.915848e-02
1994          	warmPlate	2.687272e+02	2.699266e+02	7.916288e-02
1994          	OVC	-2.459823e+02	-2.454374e+02	-7.915848e-02
1995          	warmPlate	2.687272e+02	2.699266e+02	7.916288e-02
1995          	OVC	-2.459823e+02	-2.454374e+02	-7.915848e-02
1996          	warmPlate	2.687272e+02	2.699266e+02	7.916288e-02
1996          	OVC	-2.459823e+02	-2.454374e+02	-7.915848e-02
1997          	warmPlate	2.687272e+02	2.699266e+02	7.916288e-02
1997          	OVC	-2.459823e+02	-2.454374e+02	-7.915848e-02
1998          	warmPlate	2.687272e+02	2.699266e+02	7.916288e-02
1998          	OVC	-2.459823e+02	-2.454374e+02	-7.915848e-02
1999          	warmPlate	2.687272e+02	2.699266e+02	7.916288e-02
1999          	OVC	-2.459823e+02	-2.454374e+02	-7.915848e-02
2000          	warmPlate	2.687272e+02	2.699266e+02	7.916288e-02
2000          	OVC	-2.459823e+02	-2.454374e+02	-7.915848e-02
2001          	warmPlate	2.687272e+02	2.699266e+02	7.916288e-02
2001          	OVC	-2.459823e+02	-2.454374e+02	-7.915848e-02
2002          	warmPlate	2.687272e+02	2.699266e+02	7.916288e-02
2002          	OVC	-2.459823e+02	-2.454374e+02	-7.915848e-02
2003          	warmPlate	2.687272e+02	2.699266e+02	7.916288e-02
2003          	OVC	-2.459823e+02	-2.454374e+02	-7.915848e-02
2004          	warmPlate	2.687272e+02	2.699266e+02	7.916288e-02
2004          	OVC	-2.459823e+02	-2.454374e+02	-7.915848e-02
2005          	warmPlate	2.687272e+02	2.699266e+02	7.916288e-02
2005          	OVC	-2.459823e+02	-2.454374e+02	-7.915848e-02
2006          	warmPlate	2.687272e+02	2.699266e+02	7.916288e-02
2006          	OVC	-2.459823e+02	-2.454374e+02	-7.915848e-02
2007          	warmPlate	2.687272e+02	2.699266e+02	7.916288e-02
2007          	OVC	-2.459823e+02	-2.454374e+02	-7.915848e-02
2008          	warmPlate	2.687272e+02	2.699266e+02	7.916288e-02
2008          	OVC	-2.459823e+02	-2.454374e+02	-7.915848e-02
2009          	warmPlate	2.687272e+02	2.699266e+02	7.916288e-02
2009          	OVC	-2.459823e+02	-2.454374e+02	-7.915848e-02
2010          	warmPlate	2.687272e+02	2.699266e+02	7.916288e-02
2010          	OVC	-2.459823e+02	-2.454374e+02	-7.915848e-02
2011          	warmPlate	2.687272e+02	2.699266e+02	7.916288e-02
2011          	OVC	-2.459823e+02	-2.454374e+02	-7.915848e-02
2012          	warmPlate	2.687272e+02	2.699266e+02	7.916288e-02
2012          	OVC	-2.459823e+02	-2.454374e+02	-7.915848e-02
2013          	warmPlate	2.687272e+02	2.699266e+02	7.916288e-02
2013          	OVC	-2.459823e+02	-2.454374e+02	-7.915848e-02
2014          	warmPlate	2.687272e+02	2.699266e+02	7.916288e-02
2014          	OVC	-2.459823e+02	-2.454374e+02	-7.915848e-02
2015          	warmPlate	2.687272e+02	2.699266e+02	7.916288e-02
2015          	OVC	-2.459823e+02	-2.454374e+02	-7.915848e-02
2016          	warmPlate	2.687272e+02	2.699266e+02	7.916288e-02
2016          	OVC	-2.459823e+02	-2.454374e+02	-7.915848e-02
2017          	warmPlate	2.687272e+02	2.699266e+02	7.916288e-02
2017          	OVC	-2.459823e+02	-2.454374e+02	-7.915848e-02
2018          	warmPlate	2.687272e+02	2.699266e+02	7.916288e-02
2018          	OVC	-2.459823e+02	-2.454374e+02	-7.915848e-02
2019          	warmPlate	2.687272e+02	2.699266e+02	7.916288e-02
2019          	OVC	-2.459823e+02	-2.454374e+02	-7.915848e-02
2020          	warmPlate	2.687272e+02	2.699266e+02	7.916288e-02
2020          	OVC	-2.459823e+02	-2.454374e+02	-7.915848e-02
2021          	warmPlate	2.687272e+02	2.699266e+02	7.916288e-02
2021          	OVC	-2.459823e+02	-2.454374e+02	-7.915848e-02
2022          	warmPlate	2.687272e+02	2.699266e+02	7.916288e-02
2022          	OVC	-2.459823e+02	-2.454374e+02	-7.915848e-02
2023          	warmPlate	2.687272e+02	2.699266e+02	7.916288e-02
2023          	OVC	-2.459823e+02	-2.454374e+02	-7.915848e-02
2024          	warmPlate	2.687272e+02	2.699266e+02	7.916288e-02
2024          	OVC	-2.459823e+02	-2.454374e+02	-7.915848e-02
2025          	warmPlate	2.687272e+02	2.699266e+02	7.916288e-02
2025          	OVC	-2.459823e+02	-2.454374e+02	-7.915848e-02
2026          	warmPlate	2.687272e+02	2.699266e+02	7.916288e-02
2026          	OVC	-2.459823e+02	-2.454374e+02	-7.915848e-02
2027          	warmPlate	2.687272e+02	2.699266e+02	7.916288e-02
2027          	OVC	-2.459823e+02	-2.454374e+02	-7.915848e-02
2028          	warmPlate	2.687272e+02	2.699266e+02	7.916288e-02
2028          	OVC	-2.459823e+02	-2.454374e+02	-7.915848e-02
2029          	warmPlate	2.687272e+02	2.699266e+02	7.916288e-02
2029          	OVC	-2.459823e+02	-2.454374e+02	-7.915848e-02
2030          	warmPlate	2.687272e+02	2.699266e+02	7.916288e-02
2030          	OVC	-2.459823e+02	-2.454374e+02	-7.915848e-02
2031          	warmPlate	2.687272e+02	2.699266e+02	7.916288e-02
2031          	OVC	-2.459823e+02	-2.454374e+02	-7.915848e-02
2032          	warmPlate	2.687272e+02	2.699266e+02	7.916288e-02
2032          	OVC	-2.459823e+02	-2.454374e+02	-7.915848e-02
2033          	warmPlate	2.687272e+02	2.699266e+02	7.916288e-02
2033          	OVC	-2.459823e+02	-2.454374e+02	-7.915848e-02
2034          	warmPlate	2.687272e+02	2.699266e+02	7.916288e-02
2034          	OVC	-2.459823e+02	-2.454374e+02	-7.915848e-02
2035          	warmPlate	2.687272e+02	2.699266e+02	7.916288e-02
2035          	OVC	-2.459823e+02	-2.454374e+02	-7.915848e-02
2036          	warmPlate	2.687272e+02	2.699266e+02	7.916288e-02
2036          	OVC	-2.459823e+02	-2.454374e+02	-7.915848e-02
2037          	warmPlate	2.687272e+02	2.699266e+02	7.916288e-02
2037          	OVC	-2.459823e+02	-2.454374e+02	-7.915848e-02
2038          	warmPlate	2.687272e+02	2.699266e+02	7.916288e-02
2038          	OVC	-2.459823e+02	-2.454374e+02	-7.915848e-02
2039          	warmPlate	2.687272e+02	2.699266e+02	7.916288e-02
2039          	OVC	-2.459823e+02	-2.454374e+02	-7.915848e-02
2040          	warmPlate	2.687272e+02	2.699266e+02	7.916288e-02
2040          	OVC	-2.459823e+02	-2.454374e+02	-7.915848e-02
2041          	warmPlate	2.687272e+02	2.699266e+02	7.916288e-02
2041          	OVC	-2.459823e+02	-2.454374e+02	-7.915848e-02
2042          	warmPlate	2.687272e+02	2.699266e+02	7.916288e-02
2042          	OVC	-2.459823e+02	-2.454374e+02	-7.915848e-02
2043          	warmPlate	2.687272e+02	2.699266e+02	7.916288e-02
2043          	OVC	-2.459823e+02	-2.454374e+02	-7.915848e-02
2044          	warmPlate	2.687272e+02	2.699266e+02	7.916288e-02
2044          	OVC	-2.459823e+02	-2.454374e+02	-7.915848e-02
2045          	warmPlate	2.687272e+02	2.699266e+02	7.916288e-02
2045          	OVC	-2.459823e+02	-2.454374e+02	-7.915848e-02
2046          	warmPlate	2.687272e+02	2.699266e+02	7.916288e-02
2046          	OVC	-2.459823e+02	-2.454374e+02	-7.915848e-02
2047          	warmPlate	2.687272e+02	2.699266e+02	7.916288e-02
2047          	OVC	-2.459823e+02	-2.454374e+02	-7.915848e-02
2048          	warmPlate	2.687272e+02	2.699266e+02	7.916288e-02
2048          	OVC	-2.459823e+02	-2.454374e+02	-7.915848e-02
2049          	warmPlate	2.687272e+02	2.699266e+02	7.916288e-02
2049          	OVC	-2.459823e+02	-2.454374e+02	-7.915848e-02
2050          	warmPlate	2.687272e+02	2.699266e+02	7.916288e-02
2050          	OVC	-2.459823e+02	-2.454374e+02	-7.915848e-02
2051          	warmPlate	2.687272e+02	2.699266e+02	7.916288e-02
2051          	OVC	-2.459823e+02	-2.454374e+02	-7.915848e-02
2052          	warmPlate	2.687272e+02	2.699266e+02	7.916288e-02
2052          	OVC	-2.459823e+02	-2.454374e+02	-7.915848e-02
2053          	warmPlate	2.687272e+02	2.699266e+02	7.916288e-02
2053          	OVC	-2.459823e+02	-2.454374e+02	-7.915848e-02
2054          	warmPlate	2.687272e+02	2.699266e+02	7.916288e-02
2054          	OVC	-2.459823e+02	-2.454374e+02	-7.915848e-02
2055          	warmPlate	2.687272e+02	2.699266e+02	7.916288e-02
2055          	OVC	-2.459823e+02	-2.454374e+02	-7.915848e-02
2056          	warmPlate	2.687272e+02	2.699266e+02	7.916288e-02
2056          	OVC	-2.459823e+02	-2.454374e+02	-7.915848e-02
2057          	warmPlate	2.687272e+02	2.699266e+02	7.916288e-02
2057          	OVC	-2.459823e+02	-2.454374e+02	-7.915848e-02
2058          	warmPlate	2.687272e+02	2.699266e+02	7.916288e-02
2058          	OVC	-2.459823e+02	-2.454374e+02	-7.915848e-02
2059          	warmPlate	2.687272e+02	2.699266e+02	7.916288e-02
2059          	OVC	-2.459823e+02	-2.454374e+02	-7.915848e-02
2060          	warmPlate	2.687272e+02	2.699266e+02	7.916288e-02
2060          	OVC	-2.459823e+02	-2.454374e+02	-7.915848e-02
2061          	warmPlate	2.687272e+02	2.699266e+02	7.916288e-02
2061          	OVC	-2.459823e+02	-2.454374e+02	-7.915848e-02
2062          	warmPlate	2.687272e+02	2.699266e+02	7.916288e-02
2062          	OVC	-2.459823e+02	-2.454374e+02	-7.915848e-02
2063          	warmPlate	2.687272e+02	2.699266e+02	7.916288e-02
2063          	OVC	-2.459823e+02	-2.454374e+02	-7.915848e-02
2064          	warmPlate	2.687272e+02	2.699266e+02	7.916288e-02
2064          	OVC	-2.459823e+02	-2.454374e+02	-7.915848e-02
2065          	warmPlate	2.687272e+02	2.699266e+02	7.916288e-02
2065          	OVC	-2.459823e+02	-2.454374e+02	-7.915848e-02
2066          	warmPlate	2.687272e+02	2.699266e+02	7.916288e-02
2066          	OVC	-2.459823e+02	-2.454374e+02	-7.915848e-02
2067          	warmPlate	2.687272e+02	2.699266e+02	7.916288e-02
2067          	OVC	-2.459823e+02	-2.454374e+02	-7.915848e-02
2068          	warmPlate	2.687272e+02	2.699266e+02	7.916288e-02
2068          	OVC	-2.459823e+02	-2.454374e+02	-7.915848e-02
2069          	warmPlate	2.687272e+02	2.699266e+02	7.916288e-02
2069          	OVC	-2.459823e+02	-2.454374e+02	-7.915848e-02
2070          	warmPlate	2.687272e+02	2.699266e+02	7.916288e-02
2070          	OVC	-2.459823e+02	-2.454374e+02	-7.915848e-02
2071          	warmPlate	2.687272e+02	2.699266e+02	7.916288e-02
2071          	OVC	-2.459823e+02	-2.454374e+02	-7.915848e-02
2072          	warmPlate	2.687272e+02	2.699266e+02	7.916288e-02
2072          	OVC	-2.459823e+02	-2.454374e+02	-7.915848e-02
2073          	warmPlate	2.687272e+02	2.699266e+02	7.916288e-02
2073          	OVC	-2.459823e+02	-2.454374e+02	-7.915848e-02
2074          	warmPlate	2.687272e+02	2.699266e+02	7.916288e-02
2074          	OVC	-2.459823e+02	-2.454374e+02	-7.915848e-02
2075          	warmPlate	2.687272e+02	2.699266e+02	7.916288e-02
2075          	OVC	-2.459823e+02	-2.454374e+02	-7.915848e-02
2076          	warmPlate	2.687272e+02	2.699266e+02	7.916288e-02
2076          	OVC	-2.459823e+02	-2.454374e+02	-7.915848e-02
2077          	warmPlate	2.687272e+02	2.699266e+02	7.916288e-02
2077          	OVC	-2.459823e+02	-2.454374e+02	-7.915848e-02
2078          	warmPlate	2.687272e+02	2.699266e+02	7.916288e-02
2078          	OVC	-2.459823e+02	-2.454374e+02	-7.915848e-02
2079          	warmPlate	2.687272e+02	2.699266e+02	7.916288e-02
2079          	OVC	-2.459823e+02	-2.454374e+02	-7.915848e-02
2080          	warmPlate	2.687272e+02	2.699266e+02	7.916288e-02
2080          	OVC	-2.459823e+02	-2.454374e+02	-7.915848e-02
2081          	warmPlate	2.687272e+02	2.699266e+02	7.916288e-02
2081          	OVC	-2.459823e+02	-2.454374e+02	-7.915848e-02
2082          	warmPlate	2.687272e+02	2.699266e+02	7.916288e-02
2082          	OVC	-2.459823e+02	-2.454374e+02	-7.915848e-02
2083          	warmPlate	2.687272e+02	2.699266e+02	7.916288e-02
2083          	OVC	-2.459823e+02	-2.454374e+02	-7.915848e-02
2084          	warmPlate	2.687272e+02	2.699266e+02	7.916288e-02
2084          	OVC	-2.459823e+02	-2.454374e+02	-7.915848e-02
2085          	warmPlate	2.687272e+02	2.699266e+02	7.916288e-02
2085          	OVC	-2.459823e+02	-2.454374e+02	-7.915848e-02
2086          	warmPlate	2.687272e+02	2.699266e+02	7.916288e-02
2086          	OVC	-2.459823e+02	-2.454374e+02	-7.915848e-02
2087          	warmPlate	2.687272e+02	2.699266e+02	7.916288e-02
2087          	OVC	-2.459823e+02	-2.454374e+02	-7.915848e-02
2088          	warmPlate	2.687272e+02	2.699266e+02	7.916288e-02
2088          	OVC	-2.459823e+02	-2.454374e+02	-7.915848e-02
2089          	warmPlate	2.687272e+02	2.699266e+02	7.916288e-02
2089          	OVC	-2.459823e+02	-2.454374e+02	-7.915848e-02
2090          	warmPlate	2.687272e+02	2.699266e+02	7.916288e-02
2090          	OVC	-2.459823e+02	-2.454374e+02	-7.915848e-02
2091          	warmPlate	2.687272e+02	2.699266e+02	7.916288e-02
2091          	OVC	-2.459823e+02	-2.454374e+02	-7.915848e-02
2092          	warmPlate	2.687272e+02	2.699266e+02	7.916288e-02
2092          	OVC	-2.459823e+02	-2.454374e+02	-7.915848e-02
2093          	warmPlate	2.687272e+02	2.699266e+02	7.916288e-02
2093          	OVC	-2.459823e+02	-2.454374e+02	-7.915848e-02
2094          	warmPlate	2.687272e+02	2.699266e+02	7.916288e-02
2094          	OVC	-2.459823e+02	-2.454374e+02	-7.915848e-02
2095          	warmPlate	2.687272e+02	2.699266e+02	7.916288e-02
2095          	OVC	-2.459823e+02	-2.454374e+02	-7.915848e-02
2096          	warmPlate	2.687272e+02	2.699266e+02	7.916288e-02
2096          	OVC	-2.459823e+02	-2.454374e+02	-7.915848e-02
2097          	warmPlate	2.687272e+02	2.699266e+02	7.916288e-02
2097          	OVC	-2.459823e+02	-2.454374e+02	-7.915848e-02
2098          	warmPlate	2.687272e+02	2.699266e+02	7.916288e-02
2098          	OVC	-2.459823e+02	-2.454374e+02	-7.915848e-02
2099          	warmPlate	2.687272e+02	2.699266e+02	7.916288e-02
2099          	OVC	-2.459823e+02	-2.454374e+02	-7.915848e-02
2100          	warmPlate	2.687272e+02	2.699266e+02	7.916288e-02
2100          	OVC	-2.459823e+02	-2.454374e+02	-7.915848e-02
2101          	warmPlate	2.687272e+02	2.699266e+02	7.916288e-02
2101          	OVC	-2.459823e+02	-2.454374e+02	-7.915848e-02
2102          	warmPlate	2.687272e+02	2.699266e+02	7.916288e-02
2102          	OVC	-2.459823e+02	-2.454374e+02	-7.915848e-02
2103          	warmPlate	2.687272e+02	2.699266e+02	7.916288e-02
2103          	OVC	-2.459823e+02	-2.454374e+02	-7.915848e-02
2104          	warmPlate	2.687272e+02	2.699266e+02	7.916288e-02
2104          	OVC	-2.459823e+02	-2.454374e+02	-7.915848e-02
2105          	warmPlate	2.687272e+02	2.699266e+02	7.916288e-02
2105          	OVC	-2.459823e+02	-2.454374e+02	-7.915848e-02
2106          	warmPlate	2.687272e+02	2.699266e+02	7.916288e-02
2106          	OVC	-2.459823e+02	-2.454374e+02	-7.915848e-02
2107          	warmPlate	2.687272e+02	2.699266e+02	7.916288e-02
2107          	OVC	-2.459823e+02	-2.454374e+02	-7.915848e-02
2108          	warmPlate	2.687272e+02	2.699266e+02	7.916288e-02
2108          	OVC	-2.459823e+02	-2.454374e+02	-7.915848e-02
2109          	warmPlate	2.687272e+02	2.699266e+02	7.916288e-02
2109          	OVC	-2.459823e+02	-2.454374e+02	-7.915848e-02
2110          	warmPlate	2.687272e+02	2.699266e+02	7.916288e-02
2110          	OVC	-2.459823e+02	-2.454374e+02	-7.915848e-02
2111          	warmPlate	2.687272e+02	2.699266e+02	7.916288e-02
2111          	OVC	-2.459823e+02	-2.454374e+02	-7.915848e-02
2112          	warmPlate	2.687272e+02	2.699266e+02	7.916288e-02
2112          	OVC	-2.459823e+02	-2.454374e+02	-7.915848e-02
2113          	warmPlate	2.687272e+02	2.699266e+02	7.916288e-02
2113          	OVC	-2.459823e+02	-2.454374e+02	-7.915848e-02
2114          	warmPlate	2.687272e+02	2.699266e+02	7.916288e-02
2114          	OVC	-2.459823e+02	-2.454374e+02	-7.915848e-02
2115          	warmPlate	2.687272e+02	2.699266e+02	7.916288e-02
2115          	OVC	-2.459823e+02	-2.454374e+02	-7.915848e-02
2116          	warmPlate	2.687272e+02	2.699266e+02	7.916288e-02
2116          	OVC	-2.459823e+02	-2.454374e+02	-7.915848e-02
2117          	warmPlate	2.687272e+02	2.699266e+02	7.916288e-02
2117          	OVC	-2.459823e+02	-2.454374e+02	-7.915848e-02
2118          	warmPlate	2.687272e+02	2.699266e+02	7.916288e-02
2118          	OVC	-2.459823e+02	-2.454374e+02	-7.915848e-02
2119          	warmPlate	2.687272e+02	2.699266e+02	7.916288e-02
2119          	OVC	-2.459823e+02	-2.454374e+02	-7.915848e-02
2120          	warmPlate	2.687272e+02	2.699266e+02	7.916288e-02
2120          	OVC	-2.459823e+02	-2.454374e+02	-7.915848e-02
2121          	warmPlate	2.687272e+02	2.699266e+02	7.916288e-02
2121          	OVC	-2.459823e+02	-2.454374e+02	-7.915848e-02
2122          	warmPlate	2.687272e+02	2.699266e+02	7.916288e-02
2122          	OVC	-2.459823e+02	-2.454374e+02	-7.915848e-02
2123          	warmPlate	2.687272e+02	2.699266e+02	7.916288e-02
2123          	OVC	-2.459823e+02	-2.454374e+02	-7.915848e-02
2124          	warmPlate	2.687272e+02	2.699266e+02	7.916288e-02
2124          	OVC	-2.459823e+02	-2.454374e+02	-7.915848e-02
2125          	warmPlate	2.687272e+02	2.699266e+02	7.916288e-02
2125          	OVC	-2.459823e+02	-2.454374e+02	-7.915848e-02
2126          	warmPlate	2.687272e+02	2.699266e+02	7.916288e-02
2126          	OVC	-2.459823e+02	-2.454374e+02	-7.915848e-02
2127          	warmPlate	2.687272e+02	2.699266e+02	7.916288e-02
2127          	OVC	-2.459823e+02	-2.454374e+02	-7.915848e-02
2128          	warmPlate	2.687272e+02	2.699266e+02	7.916288e-02
2128          	OVC	-2.459823e+02	-2.454374e+02	-7.915848e-02
2129          	warmPlate	2.687272e+02	2.699266e+02	7.916288e-02
2129          	OVC	-2.459823e+02	-2.454374e+02	-7.915848e-02
2130          	warmPlate	2.687272e+02	2.699266e+02	7.916288e-02
2130          	OVC	-2.459823e+02	-2.454374e+02	-7.915848e-02
2131          	warmPlate	2.687272e+02	2.699266e+02	7.916288e-02
2131          	OVC	-2.459823e+02	-2.454374e+02	-7.915848e-02
2132          	warmPlate	2.687272e+02	2.699266e+02	7.916288e-02
2132          	OVC	-2.459823e+02	-2.454374e+02	-7.915848e-02
2133          	warmPlate	2.687272e+02	2.699266e+02	7.916288e-02
2133          	OVC	-2.459823e+02	-2.454374e+02	-7.915848e-02
2134          	warmPlate	2.687272e+02	2.699266e+02	7.916288e-02
2134          	OVC	-2.459823e+02	-2.454374e+02	-7.915848e-02
2135          	warmPlate	2.687272e+02	2.699266e+02	7.916288e-02
2135          	OVC	-2.459823e+02	-2.454374e+02	-7.915848e-02
2136          	warmPlate	2.687272e+02	2.699266e+02	7.916288e-02
2136          	OVC	-2.459823e+02	-2.454374e+02	-7.915848e-02
2137          	warmPlate	2.687272e+02	2.699266e+02	7.916288e-02
2137          	OVC	-2.459823e+02	-2.454374e+02	-7.915848e-02
2138          	warmPlate	2.687272e+02	2.699266e+02	7.916288e-02
2138          	OVC	-2.459823e+02	-2.454374e+02	-7.915848e-02
2139          	warmPlate	2.687272e+02	2.699266e+02	7.916288e-02
2139          	OVC	-2.459823e+02	-2.454374e+02	-7.915848e-02
2140          	warmPlate	2.687272e+02	2.699266e+02	7.916288e-02
2140          	OVC	-2.459823e+02	-2.454374e+02	-7.915848e-02
2141          	warmPlate	2.687272e+02	2.699266e+02	7.916288e-02
2141          	OVC	-2.459823e+02	-2.454374e+02	-7.915848e-02
2142          	warmPlate	2.687272e+02	2.699266e+02	7.916288e-02
2142          	OVC	-2.459823e+02	-2.454374e+02	-7.915848e-02
2143          	warmPlate	2.687272e+02	2.699266e+02	7.916288e-02
2143          	OVC	-2.459823e+02	-2.454374e+02	-7.915848e-02
2144          	warmPlate	2.687272e+02	2.699266e+02	7.916288e-02
2144          	OVC	-2.459823e+02	-2.454374e+02	-7.915848e-02
2145          	warmPlate	2.687272e+02	2.699266e+02	7.916288e-02
2145          	OVC	-2.459823e+02	-2.454374e+02	-7.915848e-02
2146          	warmPlate	2.687272e+02	2.699266e+02	7.916288e-02
2146          	OVC	-2.459823e+02	-2.454374e+02	-7.915848e-02
2147          	warmPlate	2.687272e+02	2.699266e+02	7.916288e-02
2147          	OVC	-2.459823e+02	-2.454374e+02	-7.915848e-02
2148          	warmPlate	2.687272e+02	2.699266e+02	7.916288e-02
2148          	OVC	-2.459823e+02	-2.454374e+02	-7.915848e-02
2149          	warmPlate	2.687272e+02	2.699266e+02	7.916288e-02
2149          	OVC	-2.459823e+02	-2.454374e+02	-7.915848e-02
2150          	warmPlate	2.687272e+02	2.699266e+02	7.916288e-02
2150          	OVC	-2.459823e+02	-2.454374e+02	-7.915848e-02
2151          	warmPlate	2.687272e+02	2.699266e+02	7.916288e-02
2151          	OVC	-2.459823e+02	-2.454374e+02	-7.915848e-02
2152          	warmPlate	2.687272e+02	2.699266e+02	7.916288e-02
2152          	OVC	-2.459823e+02	-2.454374e+02	-7.915848e-02
2153          	warmPlate	2.687272e+02	2.699266e+02	7.916288e-02
2153          	OVC	-2.459823e+02	-2.454374e+02	-7.915848e-02
2154          	warmPlate	2.687272e+02	2.699266e+02	7.916288e-02
2154          	OVC	-2.459823e+02	-2.454374e+02	-7.915848e-02
2155          	warmPlate	2.687272e+02	2.699266e+02	7.916288e-02
2155          	OVC	-2.459823e+02	-2.454374e+02	-7.915848e-02
2156          	warmPlate	2.687272e+02	2.699266e+02	7.916288e-02
2156          	OVC	-2.459823e+02	-2.454374e+02	-7.915848e-02
2157          	warmPlate	2.687272e+02	2.699266e+02	7.916288e-02
2157          	OVC	-2.459823e+02	-2.454374e+02	-7.915848e-02
2158          	warmPlate	2.687272e+02	2.699266e+02	7.916288e-02
2158          	OVC	-2.459823e+02	-2.454374e+02	-7.915848e-02
2159          	warmPlate	2.687272e+02	2.699266e+02	7.916288e-02
2159          	OVC	-2.459823e+02	-2.454374e+02	-7.915848e-02
2160          	warmPlate	2.687272e+02	2.699266e+02	7.916288e-02
2160          	OVC	-2.459823e+02	-2.454374e+02	-7.915848e-02
2161          	warmPlate	2.687272e+02	2.699266e+02	7.916288e-02
2161          	OVC	-2.459823e+02	-2.454374e+02	-7.915848e-02
2162          	warmPlate	2.687272e+02	2.699266e+02	7.916288e-02
2162          	OVC	-2.459823e+02	-2.454374e+02	-7.915848e-02
2163          	warmPlate	2.687272e+02	2.699266e+02	7.916288e-02
2163          	OVC	-2.459823e+02	-2.454374e+02	-7.915848e-02
2164          	warmPlate	2.687272e+02	2.699266e+02	7.916288e-02
2164          	OVC	-2.459823e+02	-2.454374e+02	-7.915848e-02
2165          	warmPlate	2.687272e+02	2.699266e+02	7.916288e-02
2165          	OVC	-2.459823e+02	-2.454374e+02	-7.915848e-02
2166          	warmPlate	2.687272e+02	2.699266e+02	7.916288e-02
2166          	OVC	-2.459823e+02	-2.454374e+02	-7.915848e-02
2167          	warmPlate	2.687272e+02	2.699266e+02	7.916288e-02
2167          	OVC	-2.459823e+02	-2.454374e+02	-7.915848e-02
2168          	warmPlate	2.687272e+02	2.699266e+02	7.916288e-02
2168          	OVC	-2.459823e+02	-2.454374e+02	-7.915848e-02
2169          	warmPlate	2.687272e+02	2.699266e+02	7.916288e-02
2169          	OVC	-2.459823e+02	-2.454374e+02	-7.915848e-02
2170          	warmPlate	2.687272e+02	2.699266e+02	7.916288e-02
2170          	OVC	-2.459823e+02	-2.454374e+02	-7.915848e-02
2171          	warmPlate	2.687272e+02	2.699266e+02	7.916288e-02
2171          	OVC	-2.459823e+02	-2.454374e+02	-7.915848e-02
2172          	warmPlate	2.687272e+02	2.699266e+02	7.916288e-02
2172          	OVC	-2.459823e+02	-2.454374e+02	-7.915848e-02
2173          	warmPlate	2.687272e+02	2.699266e+02	7.916288e-02
2173          	OVC	-2.459823e+02	-2.454374e+02	-7.915848e-02
2174          	warmPlate	2.687272e+02	2.699266e+02	7.916288e-02
2174          	OVC	-2.459823e+02	-2.454374e+02	-7.915848e-02
2175          	warmPlate	2.687272e+02	2.699266e+02	7.916288e-02
2175          	OVC	-2.459823e+02	-2.454374e+02	-7.915848e-02
2176          	warmPlate	2.687272e+02	2.699266e+02	7.916288e-02
2176          	OVC	-2.459823e+02	-2.454374e+02	-7.915848e-02
2177          	warmPlate	2.687272e+02	2.699266e+02	7.916288e-02
2177          	OVC	-2.459823e+02	-2.454374e+02	-7.915848e-02
2178          	warmPlate	2.687272e+02	2.699266e+02	7.916288e-02
2178          	OVC	-2.459823e+02	-2.454374e+02	-7.915848e-02
2179          	warmPlate	2.687272e+02	2.699266e+02	7.916288e-02
2179          	OVC	-2.459823e+02	-2.454374e+02	-7.915848e-02
2180          	warmPlate	2.687272e+02	2.699266e+02	7.916288e-02
2180          	OVC	-2.459823e+02	-2.454374e+02	-7.915848e-02
2181          	warmPlate	2.687272e+02	2.699266e+02	7.916288e-02
2181          	OVC	-2.459823e+02	-2.454374e+02	-7.915848e-02
2182          	warmPlate	2.687272e+02	2.699266e+02	7.916288e-02
2182          	OVC	-2.459823e+02	-2.454374e+02	-7.915848e-02
2183          	warmPlate	2.687272e+02	2.699266e+02	7.916288e-02
2183          	OVC	-2.459823e+02	-2.454374e+02	-7.915848e-02
2184          	warmPlate	2.687272e+02	2.699266e+02	7.916288e-02
2184          	OVC	-2.459823e+02	-2.454374e+02	-7.915848e-02
2185          	warmPlate	2.687272e+02	2.699266e+02	7.916288e-02
2185          	OVC	-2.459823e+02	-2.454374e+02	-7.915848e-02
2186          	warmPlate	2.687272e+02	2.699266e+02	7.916288e-02
2186          	OVC	-2.459823e+02	-2.454374e+02	-7.915848e-02
2187          	warmPlate	2.687272e+02	2.699266e+02	7.916288e-02
2187          	OVC	-2.459823e+02	-2.454374e+02	-7.915848e-02
2188          	warmPlate	2.687272e+02	2.699266e+02	7.916288e-02
2188          	OVC	-2.459823e+02	-2.454374e+02	-7.915848e-02
2189          	warmPlate	2.687272e+02	2.699266e+02	7.916288e-02
2189          	OVC	-2.459823e+02	-2.454374e+02	-7.915848e-02
2190          	warmPlate	2.687272e+02	2.699266e+02	7.916288e-02
2190          	OVC	-2.459823e+02	-2.454374e+02	-7.915848e-02
2191          	warmPlate	2.687272e+02	2.699266e+02	7.916288e-02
2191          	OVC	-2.459823e+02	-2.454374e+02	-7.915848e-02
2192          	warmPlate	2.687272e+02	2.699266e+02	7.916288e-02
2192          	OVC	-2.459823e+02	-2.454374e+02	-7.915848e-02
2193          	warmPlate	2.687272e+02	2.699266e+02	7.916288e-02
2193          	OVC	-2.459823e+02	-2.454374e+02	-7.915848e-02
2194          	warmPlate	2.687272e+02	2.699266e+02	7.916288e-02
2194          	OVC	-2.459823e+02	-2.454374e+02	-7.915848e-02
2195          	warmPlate	2.687272e+02	2.699266e+02	7.916288e-02
2195          	OVC	-2.459823e+02	-2.454374e+02	-7.915848e-02
2196          	warmPlate	2.687272e+02	2.699266e+02	7.916288e-02
2196          	OVC	-2.459823e+02	-2.454374e+02	-7.915848e-02
2197          	warmPlate	2.687272e+02	2.699266e+02	7.916288e-02
2197          	OVC	-2.459823e+02	-2.454374e+02	-7.915848e-02
2198          	warmPlate	2.687272e+02	2.699266e+02	7.916288e-02
2198          	OVC	-2.459823e+02	-2.454374e+02	-7.915848e-02
2199          	warmPlate	2.687272e+02	2.699266e+02	7.916288e-02
2199          	OVC	-2.459823e+02	-2.454374e+02	-7.915848e-02
2200          	warmPlate	2.687272e+02	2.699266e+02	7.916288e-02
2200          	OVC	-2.459823e+02	-2.454374e+02	-7.915848e-02
2201          	warmPlate	2.687272e+02	2.699266e+02	7.916288e-02
2201          	OVC	-2.459823e+02	-2.454374e+02	-7.915848e-02
2202          	warmPlate	2.687272e+02	2.699266e+02	7.916288e-02
2202          	OVC	-2.459823e+02	-2.454374e+02	-7.915848e-02
2203          	warmPlate	2.687272e+02	2.699266e+02	7.916288e-02
2203          	OVC	-2.459823e+02	-2.454374e+02	-7.915848e-02
2204          	warmPlate	2.687272e+02	2.699266e+02	7.916288e-02
2204          	OVC	-2.459823e+02	-2.454374e+02	-7.915848e-02
2205          	warmPlate	2.687272e+02	2.699266e+02	7.916288e-02
2205          	OVC	-2.459823e+02	-2.454374e+02	-7.915848e-02
2206          	warmPlate	2.687272e+02	2.699266e+02	7.916288e-02
2206          	OVC	-2.459823e+02	-2.454374e+02	-7.915848e-02
2207          	warmPlate	2.687272e+02	2.699266e+02	7.916288e-02
2207          	OVC	-2.459823e+02	-2.454374e+02	-7.915848e-02
2208          	warmPlate	2.687272e+02	2.699266e+02	7.916288e-02
2208          	OVC	-2.459823e+02	-2.454374e+02	-7.915848e-02
2209          	warmPlate	2.687272e+02	2.699266e+02	7.916288e-02
2209          	OVC	-2.459823e+02	-2.454374e+02	-7.915848e-02
2210          	warmPlate	2.687272e+02	2.699266e+02	7.916288e-02
2210          	OVC	-2.459823e+02	-2.454374e+02	-7.915848e-02
2211          	warmPlate	2.687272e+02	2.699266e+02	7.916288e-02
2211          	OVC	-2.459823e+02	-2.454374e+02	-7.915848e-02
2212          	warmPlate	2.687272e+02	2.699266e+02	7.916288e-02
2212          	OVC	-2.459823e+02	-2.454374e+02	-7.915848e-02
2213          	warmPlate	2.687272e+02	2.699266e+02	7.916288e-02
2213          	OVC	-2.459823e+02	-2.454374e+02	-7.915848e-02
2214          	warmPlate	2.687272e+02	2.699266e+02	7.916288e-02
2214          	OVC	-2.459823e+02	-2.454374e+02	-7.915848e-02
2215          	warmPlate	2.687272e+02	2.699266e+02	7.916288e-02
2215          	OVC	-2.459823e+02	-2.454374e+02	-7.915848e-02
2216          	warmPlate	2.687272e+02	2.699266e+02	7.916288e-02
2216          	OVC	-2.459823e+02	-2.454374e+02	-7.915848e-02
2217          	warmPlate	2.687272e+02	2.699266e+02	7.916288e-02
2217          	OVC	-2.459823e+02	-2.454374e+02	-7.915848e-02
2218          	warmPlate	2.687272e+02	2.699266e+02	7.916288e-02
2218          	OVC	-2.459823e+02	-2.454374e+02	-7.915848e-02
2219          	warmPlate	2.687272e+02	2.699266e+02	7.916288e-02
2219          	OVC	-2.459823e+02	-2.454374e+02	-7.915848e-02
2220          	warmPlate	2.687272e+02	2.699266e+02	7.916288e-02
2220          	OVC	-2.459823e+02	-2.454374e+02	-7.915848e-02
2221          	warmPlate	2.687272e+02	2.699266e+02	7.916288e-02
2221          	OVC	-2.459823e+02	-2.454374e+02	-7.915848e-02
2222          	warmPlate	2.687272e+02	2.699266e+02	7.916288e-02
2222          	OVC	-2.459823e+02	-2.454374e+02	-7.915848e-02
2223          	warmPlate	2.687272e+02	2.699266e+02	7.916288e-02
2223          	OVC	-2.459823e+02	-2.454374e+02	-7.915848e-02
2224          	warmPlate	2.687272e+02	2.699266e+02	7.916288e-02
2224          	OVC	-2.459823e+02	-2.454374e+02	-7.915848e-02
2225          	warmPlate	2.687272e+02	2.699266e+02	7.916288e-02
2225          	OVC	-2.459823e+02	-2.454374e+02	-7.915848e-02
2226          	warmPlate	2.687272e+02	2.699266e+02	7.916288e-02
2226          	OVC	-2.459823e+02	-2.454374e+02	-7.915848e-02
2227          	warmPlate	2.687272e+02	2.699266e+02	7.916288e-02
2227          	OVC	-2.459823e+02	-2.454374e+02	-7.915848e-02
2228          	warmPlate	2.687272e+02	2.699266e+02	7.916288e-02
2228          	OVC	-2.459823e+02	-2.454374e+02	-7.915848e-02
2229          	warmPlate	2.687272e+02	2.699266e+02	7.916288e-02
2229          	OVC	-2.459823e+02	-2.454374e+02	-7.915848e-02
2230          	warmPlate	2.687272e+02	2.699266e+02	7.916288e-02
2230          	OVC	-2.459823e+02	-2.454374e+02	-7.915848e-02
2231          	warmPlate	2.687272e+02	2.699266e+02	7.916288e-02
2231          	OVC	-2.459823e+02	-2.454374e+02	-7.915848e-02
2232          	warmPlate	2.687272e+02	2.699266e+02	7.916288e-02
2232          	OVC	-2.459823e+02	-2.454374e+02	-7.915848e-02
2233          	warmPlate	2.687272e+02	2.699266e+02	7.916288e-02
2233          	OVC	-2.459823e+02	-2.454374e+02	-7.915848e-02
2234          	warmPlate	2.687272e+02	2.699266e+02	7.916288e-02
2234          	OVC	-2.459823e+02	-2.454374e+02	-7.915848e-02
2235          	warmPlate	2.687272e+02	2.699266e+02	7.916288e-02
2235          	OVC	-2.459823e+02	-2.454374e+02	-7.915848e-02
2236          	warmPlate	2.687272e+02	2.699266e+02	7.916288e-02
2236          	OVC	-2.459823e+02	-2.454374e+02	-7.915848e-02
2237          	warmPlate	2.687272e+02	2.699266e+02	7.916288e-02
2237          	OVC	-2.459823e+02	-2.454374e+02	-7.915848e-02
2238          	warmPlate	2.687272e+02	2.699266e+02	7.916288e-02
2238          	OVC	-2.459823e+02	-2.454374e+02	-7.915848e-02
2239          	warmPlate	2.687272e+02	2.699266e+02	7.916288e-02
2239          	OVC	-2.459823e+02	-2.454374e+02	-7.915848e-02
2240          	warmPlate	2.687272e+02	2.699266e+02	7.916288e-02
2240          	OVC	-2.459823e+02	-2.454374e+02	-7.915848e-02
2241          	warmPlate	2.687272e+02	2.699266e+02	7.916288e-02
2241          	OVC	-2.459823e+02	-2.454374e+02	-7.915848e-02
2242          	warmPlate	2.687272e+02	2.699266e+02	7.916288e-02
2242          	OVC	-2.459823e+02	-2.454374e+02	-7.915848e-02
2243          	warmPlate	2.687272e+02	2.699266e+02	7.916288e-02
2243          	OVC	-2.459823e+02	-2.454374e+02	-7.915848e-02
2244          	warmPlate	2.687272e+02	2.699266e+02	7.916288e-02
2244          	OVC	-2.459823e+02	-2.454374e+02	-7.915848e-02
2245          	warmPlate	2.687272e+02	2.699266e+02	7.916288e-02
2245          	OVC	-2.459823e+02	-2.454374e+02	-7.915848e-02
2246          	warmPlate	2.687272e+02	2.699266e+02	7.916288e-02
2246          	OVC	-2.459823e+02	-2.454374e+02	-7.915848e-02
2247          	warmPlate	2.687272e+02	2.699266e+02	7.916288e-02
2247          	OVC	-2.459823e+02	-2.454374e+02	-7.915848e-02
2248          	warmPlate	2.687272e+02	2.699266e+02	7.916288e-02
2248          	OVC	-2.459823e+02	-2.454374e+02	-7.915848e-02
2249          	warmPlate	2.687272e+02	2.699266e+02	7.916288e-02
2249          	OVC	-2.459823e+02	-2.454374e+02	-7.915848e-02
2250          	warmPlate	2.687272e+02	2.699266e+02	7.916288e-02
2250          	OVC	-2.459823e+02	-2.454374e+02	-7.915848e-02
2251          	warmPlate	2.687272e+02	2.699266e+02	7.916288e-02
2251          	OVC	-2.459823e+02	-2.454374e+02	-7.915848e-02
2252          	warmPlate	2.687272e+02	2.699266e+02	7.916288e-02
2252          	OVC	-2.459823e+02	-2.454374e+02	-7.915848e-02
2253          	warmPlate	2.687272e+02	2.699266e+02	7.916288e-02
2253          	OVC	-2.459823e+02	-2.454374e+02	-7.915848e-02
2254          	warmPlate	2.687272e+02	2.699266e+02	7.916288e-02
2254          	OVC	-2.459823e+02	-2.454374e+02	-7.915848e-02
2255          	warmPlate	2.687272e+02	2.699266e+02	7.916288e-02
2255          	OVC	-2.459823e+02	-2.454374e+02	-7.915848e-02
2256          	warmPlate	2.687272e+02	2.699266e+02	7.916288e-02
2256          	OVC	-2.459823e+02	-2.454374e+02	-7.915848e-02
2257          	warmPlate	2.687272e+02	2.699266e+02	7.916288e-02
2257          	OVC	-2.459823e+02	-2.454374e+02	-7.915848e-02
2258          	warmPlate	2.687272e+02	2.699266e+02	7.916288e-02
2258          	OVC	-2.459823e+02	-2.454374e+02	-7.915848e-02
2259          	warmPlate	2.687272e+02	2.699266e+02	7.916288e-02
2259          	OVC	-2.459823e+02	-2.454374e+02	-7.915848e-02
2260          	warmPlate	2.687272e+02	2.699266e+02	7.916288e-02
2260          	OVC	-2.459823e+02	-2.454374e+02	-7.915848e-02
2261          	warmPlate	2.687272e+02	2.699266e+02	7.916288e-02
2261          	OVC	-2.459823e+02	-2.454374e+02	-7.915848e-02
2262          	warmPlate	2.687272e+02	2.699266e+02	7.916288e-02
2262          	OVC	-2.459823e+02	-2.454374e+02	-7.915848e-02
2263          	warmPlate	2.687272e+02	2.699266e+02	7.916288e-02
2263          	OVC	-2.459823e+02	-2.454374e+02	-7.915848e-02
2264          	warmPlate	2.687272e+02	2.699266e+02	7.916288e-02
2264          	OVC	-2.459823e+02	-2.454374e+02	-7.915848e-02
2265          	warmPlate	2.687272e+02	2.699266e+02	7.916288e-02
2265          	OVC	-2.459823e+02	-2.454374e+02	-7.915848e-02
2266          	warmPlate	2.687272e+02	2.699266e+02	7.916288e-02
2266          	OVC	-2.459823e+02	-2.454374e+02	-7.915848e-02
2267          	warmPlate	2.687272e+02	2.699266e+02	7.916288e-02
2267          	OVC	-2.459823e+02	-2.454374e+02	-7.915848e-02
2268          	warmPlate	2.687272e+02	2.699266e+02	7.916288e-02
2268          	OVC	-2.459823e+02	-2.454374e+02	-7.915848e-02
2269          	warmPlate	2.687272e+02	2.699266e+02	7.916288e-02
2269          	OVC	-2.459823e+02	-2.454374e+02	-7.915848e-02
2270          	warmPlate	2.687272e+02	2.699266e+02	7.916288e-02
2270          	OVC	-2.459823e+02	-2.454374e+02	-7.915848e-02
2271          	warmPlate	2.687272e+02	2.699266e+02	7.916288e-02
2271          	OVC	-2.459823e+02	-2.454374e+02	-7.915848e-02
2272          	warmPlate	2.687272e+02	2.699266e+02	7.916288e-02
2272          	OVC	-2.459823e+02	-2.454374e+02	-7.915848e-02
2273          	warmPlate	2.687272e+02	2.699266e+02	7.916288e-02
2273          	OVC	-2.459823e+02	-2.454374e+02	-7.915848e-02
2274          	warmPlate	2.687272e+02	2.699266e+02	7.916288e-02
2274          	OVC	-2.459823e+02	-2.454374e+02	-7.915848e-02
2275          	warmPlate	2.687272e+02	2.699266e+02	7.916288e-02
2275          	OVC	-2.459823e+02	-2.454374e+02	-7.915848e-02
2276          	warmPlate	2.687272e+02	2.699266e+02	7.916288e-02
2276          	OVC	-2.459823e+02	-2.454374e+02	-7.915848e-02
2277          	warmPlate	2.687272e+02	2.699266e+02	7.916288e-02
2277          	OVC	-2.459823e+02	-2.454374e+02	-7.915848e-02
2278          	warmPlate	2.687272e+02	2.699266e+02	7.916288e-02
2278          	OVC	-2.459823e+02	-2.454374e+02	-7.915848e-02
2279          	warmPlate	2.687272e+02	2.699266e+02	7.916288e-02
2279          	OVC	-2.459823e+02	-2.454374e+02	-7.915848e-02
2280          	warmPlate	2.687272e+02	2.699266e+02	7.916288e-02
2280          	OVC	-2.459823e+02	-2.454374e+02	-7.915848e-02
2281          	warmPlate	2.687272e+02	2.699266e+02	7.916288e-02
2281          	OVC	-2.459823e+02	-2.454374e+02	-7.915848e-02
2282          	warmPlate	2.687272e+02	2.699266e+02	7.916288e-02
2282          	OVC	-2.459823e+02	-2.454374e+02	-7.915848e-02
2283          	warmPlate	2.687272e+02	2.699266e+02	7.916288e-02
2283          	OVC	-2.459823e+02	-2.454374e+02	-7.915848e-02
2284          	warmPlate	2.687272e+02	2.699266e+02	7.916288e-02
2284          	OVC	-2.459823e+02	-2.454374e+02	-7.915848e-02
2285          	warmPlate	2.687272e+02	2.699266e+02	7.916288e-02
2285          	OVC	-2.459823e+02	-2.454374e+02	-7.915848e-02
2286          	warmPlate	2.687272e+02	2.699266e+02	7.916288e-02
2286          	OVC	-2.459823e+02	-2.454374e+02	-7.915848e-02
2287          	warmPlate	2.687272e+02	2.699266e+02	7.916288e-02
2287          	OVC	-2.459823e+02	-2.454374e+02	-7.915848e-02
2288          	warmPlate	2.687272e+02	2.699266e+02	7.916288e-02
2288          	OVC	-2.459823e+02	-2.454374e+02	-7.915848e-02
2289          	warmPlate	2.687272e+02	2.699266e+02	7.916288e-02
2289          	OVC	-2.459823e+02	-2.454374e+02	-7.915848e-02
2290          	warmPlate	2.687272e+02	2.699266e+02	7.916288e-02
2290          	OVC	-2.459823e+02	-2.454374e+02	-7.915848e-02
2291          	warmPlate	2.687272e+02	2.699266e+02	7.916288e-02
2291          	OVC	-2.459823e+02	-2.454374e+02	-7.915848e-02
2292          	warmPlate	2.687272e+02	2.699266e+02	7.916288e-02
2292          	OVC	-2.459823e+02	-2.454374e+02	-7.915848e-02
2293          	warmPlate	2.687272e+02	2.699266e+02	7.916288e-02
2293          	OVC	-2.459823e+02	-2.454374e+02	-7.915848e-02
2294          	warmPlate	2.687272e+02	2.699266e+02	7.916288e-02
2294          	OVC	-2.459823e+02	-2.454374e+02	-7.915848e-02
2295          	warmPlate	2.687272e+02	2.699266e+02	7.916288e-02
2295          	OVC	-2.459823e+02	-2.454374e+02	-7.915848e-02
2296          	warmPlate	2.687272e+02	2.699266e+02	7.916288e-02
2296          	OVC	-2.459823e+02	-2.454374e+02	-7.915848e-02
2297          	warmPlate	2.687272e+02	2.699266e+02	7.916288e-02
2297          	OVC	-2.459823e+02	-2.454374e+02	-7.915848e-02
2298          	warmPlate	2.687272e+02	2.699266e+02	7.916288e-02
2298          	OVC	-2.459823e+02	-2.454374e+02	-7.915848e-02
2299          	warmPlate	2.687272e+02	2.699266e+02	7.916288e-02
2299          	OVC	-2.459823e+02	-2.454374e+02	-7.915848e-02
2300          	warmPlate	2.687272e+02	2.699266e+02	7.916288e-02
2300          	OVC	-2.459823e+02	-2.454374e+02	-7.915848e-02
2301          	warmPlate	2.687272e+02	2.699266e+02	7.916288e-02
2301          	OVC	-2.459823e+02	-2.454374e+02	-7.915848e-02
2302          	warmPlate	2.687272e+02	2.699266e+02	7.916288e-02
2302          	OVC	-2.459823e+02	-2.454374e+02	-7.915848e-02
2303          	warmPlate	2.687272e+02	2.699266e+02	7.916288e-02
2303          	OVC	-2.459823e+02	-2.454374e+02	-7.915848e-02
2304          	warmPlate	2.687272e+02	2.699266e+02	7.916288e-02
2304          	OVC	-2.459823e+02	-2.454374e+02	-7.915848e-02
2305          	warmPlate	2.687272e+02	2.699266e+02	7.916288e-02
2305          	OVC	-2.459823e+02	-2.454374e+02	-7.915848e-02
2306          	warmPlate	2.687272e+02	2.699266e+02	7.916288e-02
2306          	OVC	-2.459823e+02	-2.454374e+02	-7.915848e-02
2307          	warmPlate	2.687272e+02	2.699266e+02	7.916288e-02
2307          	OVC	-2.459823e+02	-2.454374e+02	-7.915848e-02
2308          	warmPlate	2.687272e+02	2.699266e+02	7.916288e-02
2308          	OVC	-2.459823e+02	-2.454374e+02	-7.915848e-02
2309          	warmPlate	2.687272e+02	2.699266e+02	7.916288e-02
2309          	OVC	-2.459823e+02	-2.454374e+02	-7.915848e-02
2310          	warmPlate	2.687272e+02	2.699266e+02	7.916288e-02
2310          	OVC	-2.459823e+02	-2.454374e+02	-7.915848e-02
2311          	warmPlate	2.687272e+02	2.699266e+02	7.916288e-02
2311          	OVC	-2.459823e+02	-2.454374e+02	-7.915848e-02
2312          	warmPlate	2.687272e+02	2.699266e+02	7.916288e-02
2312          	OVC	-2.459823e+02	-2.454374e+02	-7.915848e-02
2313          	warmPlate	2.687272e+02	2.699266e+02	7.916288e-02
2313          	OVC	-2.459823e+02	-2.454374e+02	-7.915848e-02
2314          	warmPlate	2.687272e+02	2.699266e+02	7.916288e-02
2314          	OVC	-2.459823e+02	-2.454374e+02	-7.915848e-02
2315          	warmPlate	2.687272e+02	2.699266e+02	7.916288e-02
2315          	OVC	-2.459823e+02	-2.454374e+02	-7.915848e-02
2316          	warmPlate	2.687272e+02	2.699266e+02	7.916288e-02
2316          	OVC	-2.459823e+02	-2.454374e+02	-7.915848e-02
2317          	warmPlate	2.687272e+02	2.699266e+02	7.916288e-02
2317          	OVC	-2.459823e+02	-2.454374e+02	-7.915848e-02
2318          	warmPlate	2.687272e+02	2.699266e+02	7.916288e-02
2318          	OVC	-2.459823e+02	-2.454374e+02	-7.915848e-02
2319          	warmPlate	2.687272e+02	2.699266e+02	7.916288e-02
2319          	OVC	-2.459823e+02	-2.454374e+02	-7.915848e-02
2320          	warmPlate	2.687272e+02	2.699266e+02	7.916288e-02
2320          	OVC	-2.459823e+02	-2.454374e+02	-7.915848e-02
2321          	warmPlate	2.687272e+02	2.699266e+02	7.916288e-02
2321          	OVC	-2.459823e+02	-2.454374e+02	-7.915848e-02
2322          	warmPlate	2.687272e+02	2.699266e+02	7.916288e-02
2322          	OVC	-2.459823e+02	-2.454374e+02	-7.915848e-02
2323          	warmPlate	2.687272e+02	2.699266e+02	7.916288e-02
2323          	OVC	-2.459823e+02	-2.454374e+02	-7.915848e-02
2324          	warmPlate	2.687272e+02	2.699266e+02	7.916288e-02
2324          	OVC	-2.459823e+02	-2.454374e+02	-7.915848e-02
2325          	warmPlate	2.687272e+02	2.699266e+02	7.916288e-02
2325          	OVC	-2.459823e+02	-2.454374e+02	-7.915848e-02
2326          	warmPlate	2.687272e+02	2.699266e+02	7.916288e-02
2326          	OVC	-2.459823e+02	-2.454374e+02	-7.915848e-02
2327          	warmPlate	2.687272e+02	2.699266e+02	7.916288e-02
2327          	OVC	-2.459823e+02	-2.454374e+02	-7.915848e-02
2328          	warmPlate	2.687272e+02	2.699266e+02	7.916288e-02
2328          	OVC	-2.459823e+02	-2.454374e+02	-7.915848e-02
2329          	warmPlate	2.687272e+02	2.699266e+02	7.916288e-02
2329          	OVC	-2.459823e+02	-2.454374e+02	-7.915848e-02
2330          	warmPlate	2.687272e+02	2.699266e+02	7.916288e-02
2330          	OVC	-2.459823e+02	-2.454374e+02	-7.915848e-02
2331          	warmPlate	2.687272e+02	2.699266e+02	7.916288e-02
2331          	OVC	-2.459823e+02	-2.454374e+02	-7.915848e-02
2332          	warmPlate	2.687272e+02	2.699266e+02	7.916288e-02
2332          	OVC	-2.459823e+02	-2.454374e+02	-7.915848e-02
2333          	warmPlate	2.687272e+02	2.699266e+02	7.916288e-02
2333          	OVC	-2.459823e+02	-2.454374e+02	-7.915848e-02
2334          	warmPlate	2.687272e+02	2.699266e+02	7.916288e-02
2334          	OVC	-2.459823e+02	-2.454374e+02	-7.915848e-02
2335          	warmPlate	2.687272e+02	2.699266e+02	7.916288e-02
2335          	OVC	-2.459823e+02	-2.454374e+02	-7.915848e-02
2336          	warmPlate	2.687272e+02	2.699266e+02	7.916288e-02
2336          	OVC	-2.459823e+02	-2.454374e+02	-7.915848e-02
2337          	warmPlate	2.687272e+02	2.699266e+02	7.916288e-02
2337          	OVC	-2.459823e+02	-2.454374e+02	-7.915848e-02
2338          	warmPlate	2.687272e+02	2.699266e+02	7.916288e-02
2338          	OVC	-2.459823e+02	-2.454374e+02	-7.915848e-02
2339          	warmPlate	2.687272e+02	2.699266e+02	7.916288e-02
2339          	OVC	-2.459823e+02	-2.454374e+02	-7.915848e-02
2340          	warmPlate	2.687272e+02	2.699266e+02	7.916288e-02
2340          	OVC	-2.459823e+02	-2.454374e+02	-7.915848e-02
2341          	warmPlate	2.687272e+02	2.699266e+02	7.916288e-02
2341          	OVC	-2.459823e+02	-2.454374e+02	-7.915848e-02
2342          	warmPlate	2.687272e+02	2.699266e+02	7.916288e-02
2342          	OVC	-2.459823e+02	-2.454374e+02	-7.915848e-02
2343          	warmPlate	2.687272e+02	2.699266e+02	7.916288e-02
2343          	OVC	-2.459823e+02	-2.454374e+02	-7.915848e-02
2344          	warmPlate	2.687272e+02	2.699266e+02	7.916288e-02
2344          	OVC	-2.459823e+02	-2.454374e+02	-7.915848e-02
2345          	warmPlate	2.687272e+02	2.699266e+02	7.916288e-02
2345          	OVC	-2.459823e+02	-2.454374e+02	-7.915848e-02
2346          	warmPlate	2.687272e+02	2.699266e+02	7.916288e-02
2346          	OVC	-2.459823e+02	-2.454374e+02	-7.915848e-02
2347          	warmPlate	2.687272e+02	2.699266e+02	7.916288e-02
2347          	OVC	-2.459823e+02	-2.454374e+02	-7.915848e-02
2348          	warmPlate	2.687272e+02	2.699266e+02	7.916288e-02
2348          	OVC	-2.459823e+02	-2.454374e+02	-7.915848e-02
2349          	warmPlate	2.687272e+02	2.699266e+02	7.916288e-02
2349          	OVC	-2.459823e+02	-2.454374e+02	-7.915848e-02
2350          	warmPlate	2.687272e+02	2.699266e+02	7.916288e-02
2350          	OVC	-2.459823e+02	-2.454374e+02	-7.915848e-02
2351          	warmPlate	2.687272e+02	2.699266e+02	7.916288e-02
2351          	OVC	-2.459823e+02	-2.454374e+02	-7.915848e-02
2352          	warmPlate	2.687272e+02	2.699266e+02	7.916288e-02
2352          	OVC	-2.459823e+02	-2.454374e+02	-7.915848e-02
2353          	warmPlate	2.687272e+02	2.699266e+02	7.916288e-02
2353          	OVC	-2.459823e+02	-2.454374e+02	-7.915848e-02
2354          	warmPlate	2.687272e+02	2.699266e+02	7.916288e-02
2354          	OVC	-2.459823e+02	-2.454374e+02	-7.915848e-02
2355          	warmPlate	2.687272e+02	2.699266e+02	7.916288e-02
2355          	OVC	-2.459823e+02	-2.454374e+02	-7.915848e-02
2356          	warmPlate	2.687272e+02	2.699266e+02	7.916288e-02
2356          	OVC	-2.459823e+02	-2.454374e+02	-7.915848e-02
2357          	warmPlate	2.687272e+02	2.699266e+02	7.916288e-02
2357          	OVC	-2.459823e+02	-2.454374e+02	-7.915848e-02
2358          	warmPlate	2.687272e+02	2.699266e+02	7.916288e-02
2358          	OVC	-2.459823e+02	-2.454374e+02	-7.915848e-02
2359          	warmPlate	2.687272e+02	2.699266e+02	7.916288e-02
2359          	OVC	-2.459823e+02	-2.454374e+02	-7.915848e-02
2360          	warmPlate	2.687272e+02	2.699266e+02	7.916288e-02
2360          	OVC	-2.459823e+02	-2.454374e+02	-7.915848e-02
2361          	warmPlate	2.687272e+02	2.699266e+02	7.916288e-02
2361          	OVC	-2.459823e+02	-2.454374e+02	-7.915848e-02
2362          	warmPlate	2.687272e+02	2.699266e+02	7.916288e-02
2362          	OVC	-2.459823e+02	-2.454374e+02	-7.915848e-02
2363          	warmPlate	2.687272e+02	2.699266e+02	7.916288e-02
2363          	OVC	-2.459823e+02	-2.454374e+02	-7.915848e-02
2364          	warmPlate	2.687272e+02	2.699266e+02	7.916288e-02
2364          	OVC	-2.459823e+02	-2.454374e+02	-7.915848e-02
2365          	warmPlate	2.687272e+02	2.699266e+02	7.916288e-02
2365          	OVC	-2.459823e+02	-2.454374e+02	-7.915848e-02
2366          	warmPlate	2.687272e+02	2.699266e+02	7.916288e-02
2366          	OVC	-2.459823e+02	-2.454374e+02	-7.915848e-02
2367          	warmPlate	2.687272e+02	2.699266e+02	7.916288e-02
2367          	OVC	-2.459823e+02	-2.454374e+02	-7.915848e-02
2368          	warmPlate	2.687272e+02	2.699266e+02	7.916288e-02
2368          	OVC	-2.459823e+02	-2.454374e+02	-7.915848e-02
2369          	warmPlate	2.687272e+02	2.699266e+02	7.916288e-02
2369          	OVC	-2.459823e+02	-2.454374e+02	-7.915848e-02
2370          	warmPlate	2.687272e+02	2.699266e+02	7.916288e-02
2370          	OVC	-2.459823e+02	-2.454374e+02	-7.915848e-02
2371          	warmPlate	2.687272e+02	2.699266e+02	7.916288e-02
2371          	OVC	-2.459823e+02	-2.454374e+02	-7.915848e-02
2372          	warmPlate	2.687272e+02	2.699266e+02	7.916288e-02
2372          	OVC	-2.459823e+02	-2.454374e+02	-7.915848e-02
2373          	warmPlate	2.687272e+02	2.699266e+02	7.916288e-02
2373          	OVC	-2.459823e+02	-2.454374e+02	-7.915848e-02
2374          	warmPlate	2.687272e+02	2.699266e+02	7.916288e-02
2374          	OVC	-2.459823e+02	-2.454374e+02	-7.915848e-02
2375          	warmPlate	2.687272e+02	2.699266e+02	7.916288e-02
2375          	OVC	-2.459823e+02	-2.454374e+02	-7.915848e-02
2376          	warmPlate	2.687272e+02	2.699266e+02	7.916288e-02
2376          	OVC	-2.459823e+02	-2.454374e+02	-7.915848e-02
2377          	warmPlate	2.687272e+02	2.699266e+02	7.916288e-02
2377          	OVC	-2.459823e+02	-2.454374e+02	-7.915848e-02
2378          	warmPlate	2.687272e+02	2.699266e+02	7.916288e-02
2378          	OVC	-2.459823e+02	-2.454374e+02	-7.915848e-02
2379          	warmPlate	2.687272e+02	2.699266e+02	7.916288e-02
2379          	OVC	-2.459823e+02	-2.454374e+02	-7.915848e-02
2380          	warmPlate	2.687272e+02	2.699266e+02	7.916288e-02
2380          	OVC	-2.459823e+02	-2.454374e+02	-7.915848e-02
2381          	warmPlate	2.687272e+02	2.699266e+02	7.916288e-02
2381          	OVC	-2.459823e+02	-2.454374e+02	-7.915848e-02
2382          	warmPlate	2.687272e+02	2.699266e+02	7.916288e-02
2382          	OVC	-2.459823e+02	-2.454374e+02	-7.915848e-02
2383          	warmPlate	2.687272e+02	2.699266e+02	7.916288e-02
2383          	OVC	-2.459823e+02	-2.454374e+02	-7.915848e-02
2384          	warmPlate	2.687272e+02	2.699266e+02	7.916288e-02
2384          	OVC	-2.459823e+02	-2.454374e+02	-7.915848e-02
2385          	warmPlate	2.687272e+02	2.699266e+02	7.916288e-02
2385          	OVC	-2.459823e+02	-2.454374e+02	-7.915848e-02
2386          	warmPlate	2.687272e+02	2.699266e+02	7.916288e-02
2386          	OVC	-2.459823e+02	-2.454374e+02	-7.915848e-02
2387          	warmPlate	2.687272e+02	2.699266e+02	7.916288e-02
2387          	OVC	-2.459823e+02	-2.454374e+02	-7.915848e-02
2388          	warmPlate	2.687272e+02	2.699266e+02	7.916288e-02
2388          	OVC	-2.459823e+02	-2.454374e+02	-7.915848e-02
2389          	warmPlate	2.687272e+02	2.699266e+02	7.916288e-02
2389          	OVC	-2.459823e+02	-2.454374e+02	-7.915848e-02
2390          	warmPlate	2.687272e+02	2.699266e+02	7.916288e-02
2390          	OVC	-2.459823e+02	-2.454374e+02	-7.915848e-02
2391          	warmPlate	2.687272e+02	2.699266e+02	7.916288e-02
2391          	OVC	-2.459823e+02	-2.454374e+02	-7.915848e-02
2392          	warmPlate	2.687272e+02	2.699266e+02	7.916288e-02
2392          	OVC	-2.459823e+02	-2.454374e+02	-7.915848e-02
2393          	warmPlate	2.687272e+02	2.699266e+02	7.916288e-02
2393          	OVC	-2.459823e+02	-2.454374e+02	-7.915848e-02
2394          	warmPlate	2.687272e+02	2.699266e+02	7.916288e-02
2394          	OVC	-2.459823e+02	-2.454374e+02	-7.915848e-02
2395          	warmPlate	2.687272e+02	2.699266e+02	7.916288e-02
2395          	OVC	-2.459823e+02	-2.454374e+02	-7.915848e-02
2396          	warmPlate	2.687272e+02	2.699266e+02	7.916288e-02
2396          	OVC	-2.459823e+02	-2.454374e+02	-7.915848e-02
2397          	warmPlate	2.687272e+02	2.699266e+02	7.916288e-02
2397          	OVC	-2.459823e+02	-2.454374e+02	-7.915848e-02
2398          	warmPlate	2.687272e+02	2.699266e+02	7.916288e-02
2398          	OVC	-2.459823e+02	-2.454374e+02	-7.915848e-02
2399          	warmPlate	2.687272e+02	2.699266e+02	7.916288e-02
2399          	OVC	-2.459823e+02	-2.454374e+02	-7.915848e-02
2400          	warmPlate	2.687272e+02	2.699266e+02	7.916288e-02
2400          	OVC	-2.459823e+02	-2.454374e+02	-7.915848e-02
2401          	warmPlate	2.687272e+02	2.699266e+02	7.916288e-02
2401          	OVC	-2.459823e+02	-2.454374e+02	-7.915848e-02
2402          	warmPlate	2.687272e+02	2.699266e+02	7.916288e-02
2402          	OVC	-2.459823e+02	-2.454374e+02	-7.915848e-02
2403          	warmPlate	2.687272e+02	2.699266e+02	7.916288e-02
2403          	OVC	-2.459823e+02	-2.454374e+02	-7.915848e-02
2404          	warmPlate	2.687272e+02	2.699266e+02	7.916288e-02
2404          	OVC	-2.459823e+02	-2.454374e+02	-7.915848e-02
2405          	warmPlate	2.687272e+02	2.699266e+02	7.916288e-02
2405          	OVC	-2.459823e+02	-2.454374e+02	-7.915848e-02
2406          	warmPlate	2.687272e+02	2.699266e+02	7.916288e-02
2406          	OVC	-2.459823e+02	-2.454374e+02	-7.915848e-02
2407          	warmPlate	2.687272e+02	2.699266e+02	7.916288e-02
2407          	OVC	-2.459823e+02	-2.454374e+02	-7.915848e-02
2408          	warmPlate	2.687272e+02	2.699266e+02	7.916288e-02
2408          	OVC	-2.459823e+02	-2.454374e+02	-7.915848e-02
2409          	warmPlate	2.687272e+02	2.699266e+02	7.916288e-02
2409          	OVC	-2.459823e+02	-2.454374e+02	-7.915848e-02
2410          	warmPlate	2.687272e+02	2.699266e+02	7.916288e-02
2410          	OVC	-2.459823e+02	-2.454374e+02	-7.915848e-02
2411          	warmPlate	2.687272e+02	2.699266e+02	7.916288e-02
2411          	OVC	-2.459823e+02	-2.454374e+02	-7.915848e-02
2412          	warmPlate	2.687272e+02	2.699266e+02	7.916288e-02
2412          	OVC	-2.459823e+02	-2.454374e+02	-7.915848e-02
2413          	warmPlate	2.687272e+02	2.699266e+02	7.916288e-02
2413          	OVC	-2.459823e+02	-2.454374e+02	-7.915848e-02
2414          	warmPlate	2.687272e+02	2.699266e+02	7.916288e-02
2414          	OVC	-2.459823e+02	-2.454374e+02	-7.915848e-02
2415          	warmPlate	2.687272e+02	2.699266e+02	7.916288e-02
2415          	OVC	-2.459823e+02	-2.454374e+02	-7.915848e-02
2416          	warmPlate	2.687272e+02	2.699266e+02	7.916288e-02
2416          	OVC	-2.459823e+02	-2.454374e+02	-7.915848e-02
2417          	warmPlate	2.687272e+02	2.699266e+02	7.916288e-02
2417          	OVC	-2.459823e+02	-2.454374e+02	-7.915848e-02
2418          	warmPlate	2.687272e+02	2.699266e+02	7.916288e-02
2418          	OVC	-2.459823e+02	-2.454374e+02	-7.915848e-02
2419          	warmPlate	2.687272e+02	2.699266e+02	7.916288e-02
2419          	OVC	-2.459823e+02	-2.454374e+02	-7.915848e-02
2420          	warmPlate	2.687272e+02	2.699266e+02	7.916288e-02
2420          	OVC	-2.459823e+02	-2.454374e+02	-7.915848e-02
2421          	warmPlate	2.687272e+02	2.699266e+02	7.916288e-02
2421          	OVC	-2.459823e+02	-2.454374e+02	-7.915848e-02
2422          	warmPlate	2.687272e+02	2.699266e+02	7.916288e-02
2422          	OVC	-2.459823e+02	-2.454374e+02	-7.915848e-02
2423          	warmPlate	2.687272e+02	2.699266e+02	7.916288e-02
2423          	OVC	-2.459823e+02	-2.454374e+02	-7.915848e-02
2424          	warmPlate	2.687272e+02	2.699266e+02	7.916288e-02
2424          	OVC	-2.459823e+02	-2.454374e+02	-7.915848e-02
2425          	warmPlate	2.687272e+02	2.699266e+02	7.916288e-02
2425          	OVC	-2.459823e+02	-2.454374e+02	-7.915848e-02
2426          	warmPlate	2.687272e+02	2.699266e+02	7.916288e-02
2426          	OVC	-2.459823e+02	-2.454374e+02	-7.915848e-02
2427          	warmPlate	2.687272e+02	2.699266e+02	7.916288e-02
2427          	OVC	-2.459823e+02	-2.454374e+02	-7.915848e-02
2428          	warmPlate	2.687272e+02	2.699266e+02	7.916288e-02
2428          	OVC	-2.459823e+02	-2.454374e+02	-7.915848e-02
2429          	warmPlate	2.687272e+02	2.699266e+02	7.916288e-02
2429          	OVC	-2.459823e+02	-2.454374e+02	-7.915848e-02
2430          	warmPlate	2.687272e+02	2.699266e+02	7.916288e-02
2430          	OVC	-2.459823e+02	-2.454374e+02	-7.915848e-02
2431          	warmPlate	2.687272e+02	2.699266e+02	7.916288e-02
2431          	OVC	-2.459823e+02	-2.454374e+02	-7.915848e-02
2432          	warmPlate	2.687272e+02	2.699266e+02	7.916288e-02
2432          	OVC	-2.459823e+02	-2.454374e+02	-7.915848e-02
2433          	warmPlate	2.687272e+02	2.699266e+02	7.916288e-02
2433          	OVC	-2.459823e+02	-2.454374e+02	-7.915848e-02
2434          	warmPlate	2.687272e+02	2.699266e+02	7.916288e-02
2434          	OVC	-2.459823e+02	-2.454374e+02	-7.915848e-02
2435          	warmPlate	2.687272e+02	2.699266e+02	7.916288e-02
2435          	OVC	-2.459823e+02	-2.454374e+02	-7.915848e-02
2436          	warmPlate	2.687272e+02	2.699266e+02	7.916288e-02
2436          	OVC	-2.459823e+02	-2.454374e+02	-7.915848e-02
2437          	warmPlate	2.687272e+02	2.699266e+02	7.916288e-02
2437          	OVC	-2.459823e+02	-2.454374e+02	-7.915848e-02
2438          	warmPlate	2.687272e+02	2.699266e+02	7.916288e-02
2438          	OVC	-2.459823e+02	-2.454374e+02	-7.915848e-02
2439          	warmPlate	2.687272e+02	2.699266e+02	7.916288e-02
2439          	OVC	-2.459823e+02	-2.454374e+02	-7.915848e-02
2440          	warmPlate	2.687272e+02	2.699266e+02	7.916288e-02
2440          	OVC	-2.459823e+02	-2.454374e+02	-7.915848e-02
2441          	warmPlate	2.687272e+02	2.699266e+02	7.916288e-02
2441          	OVC	-2.459823e+02	-2.454374e+02	-7.915848e-02
2442          	warmPlate	2.687272e+02	2.699266e+02	7.916288e-02
2442          	OVC	-2.459823e+02	-2.454374e+02	-7.915848e-02
2443          	warmPlate	2.687272e+02	2.699266e+02	7.916288e-02
2443          	OVC	-2.459823e+02	-2.454374e+02	-7.915848e-02
2444          	warmPlate	2.687272e+02	2.699266e+02	7.916288e-02
2444          	OVC	-2.459823e+02	-2.454374e+02	-7.915848e-02
2445          	warmPlate	2.687272e+02	2.699266e+02	7.916288e-02
2445          	OVC	-2.459823e+02	-2.454374e+02	-7.915848e-02
2446          	warmPlate	2.687272e+02	2.699266e+02	7.916288e-02
2446          	OVC	-2.459823e+02	-2.454374e+02	-7.915848e-02
2447          	warmPlate	2.687272e+02	2.699266e+02	7.916288e-02
2447          	OVC	-2.459823e+02	-2.454374e+02	-7.915848e-02
2448          	warmPlate	2.687272e+02	2.699266e+02	7.916288e-02
2448          	OVC	-2.459823e+02	-2.454374e+02	-7.915848e-02
2449          	warmPlate	2.687272e+02	2.699266e+02	7.916288e-02
2449          	OVC	-2.459823e+02	-2.454374e+02	-7.915848e-02
2450          	warmPlate	2.687272e+02	2.699266e+02	7.916288e-02
2450          	OVC	-2.459823e+02	-2.454374e+02	-7.915848e-02
2451          	warmPlate	2.687272e+02	2.699266e+02	7.916288e-02
2451          	OVC	-2.459823e+02	-2.454374e+02	-7.915848e-02
2452          	warmPlate	2.687272e+02	2.699266e+02	7.916288e-02
2452          	OVC	-2.459823e+02	-2.454374e+02	-7.915848e-02
2453          	warmPlate	2.687272e+02	2.699266e+02	7.916288e-02
2453          	OVC	-2.459823e+02	-2.454374e+02	-7.915848e-02
2454          	warmPlate	2.687272e+02	2.699266e+02	7.916288e-02
2454          	OVC	-2.459823e+02	-2.454374e+02	-7.915848e-02
2455          	warmPlate	2.687272e+02	2.699266e+02	7.916288e-02
2455          	OVC	-2.459823e+02	-2.454374e+02	-7.915848e-02
2456          	warmPlate	2.687272e+02	2.699266e+02	7.916288e-02
2456          	OVC	-2.459823e+02	-2.454374e+02	-7.915848e-02
2457          	warmPlate	2.687272e+02	2.699266e+02	7.916288e-02
2457          	OVC	-2.459823e+02	-2.454374e+02	-7.915848e-02
2458          	warmPlate	2.687272e+02	2.699266e+02	7.916288e-02
2458          	OVC	-2.459823e+02	-2.454374e+02	-7.915848e-02
2459          	warmPlate	2.687272e+02	2.699266e+02	7.916288e-02
2459          	OVC	-2.459823e+02	-2.454374e+02	-7.915848e-02
2460          	warmPlate	2.687272e+02	2.699266e+02	7.916288e-02
2460          	OVC	-2.459823e+02	-2.454374e+02	-7.915848e-02
2461          	warmPlate	2.687272e+02	2.699266e+02	7.916288e-02
2461          	OVC	-2.459823e+02	-2.454374e+02	-7.915848e-02
2462          	warmPlate	2.687272e+02	2.699266e+02	7.916288e-02
2462          	OVC	-2.459823e+02	-2.454374e+02	-7.915848e-02
2463          	warmPlate	2.687272e+02	2.699266e+02	7.916288e-02
2463          	OVC	-2.459823e+02	-2.454374e+02	-7.915848e-02
2464          	warmPlate	2.687272e+02	2.699266e+02	7.916288e-02
2464          	OVC	-2.459823e+02	-2.454374e+02	-7.915848e-02
2465          	warmPlate	2.687272e+02	2.699266e+02	7.916288e-02
2465          	OVC	-2.459823e+02	-2.454374e+02	-7.915848e-02
2466          	warmPlate	2.687272e+02	2.699266e+02	7.916288e-02
2466          	OVC	-2.459823e+02	-2.454374e+02	-7.915848e-02
2467          	warmPlate	2.687272e+02	2.699266e+02	7.916288e-02
2467          	OVC	-2.459823e+02	-2.454374e+02	-7.915848e-02
2468          	warmPlate	2.687272e+02	2.699266e+02	7.916288e-02
2468          	OVC	-2.459823e+02	-2.454374e+02	-7.915848e-02
2469          	warmPlate	2.687272e+02	2.699266e+02	7.916288e-02
2469          	OVC	-2.459823e+02	-2.454374e+02	-7.915848e-02
2470          	warmPlate	2.687272e+02	2.699266e+02	7.916288e-02
2470          	OVC	-2.459823e+02	-2.454374e+02	-7.915848e-02
2471          	warmPlate	2.687272e+02	2.699266e+02	7.916288e-02
2471          	OVC	-2.459823e+02	-2.454374e+02	-7.915848e-02
2472          	warmPlate	2.687272e+02	2.699266e+02	7.916288e-02
2472          	OVC	-2.459823e+02	-2.454374e+02	-7.915848e-02
2473          	warmPlate	2.687272e+02	2.699266e+02	7.916288e-02
2473          	OVC	-2.459823e+02	-2.454374e+02	-7.915848e-02
2474          	warmPlate	2.687272e+02	2.699266e+02	7.916288e-02
2474          	OVC	-2.459823e+02	-2.454374e+02	-7.915848e-02
2475          	warmPlate	2.687272e+02	2.699266e+02	7.916288e-02
2475          	OVC	-2.459823e+02	-2.454374e+02	-7.915848e-02
2476          	warmPlate	2.687272e+02	2.699266e+02	7.916288e-02
2476          	OVC	-2.459823e+02	-2.454374e+02	-7.915848e-02
2477          	warmPlate	2.687272e+02	2.699266e+02	7.916288e-02
2477          	OVC	-2.459823e+02	-2.454374e+02	-7.915848e-02
2478          	warmPlate	2.687272e+02	2.699266e+02	7.916288e-02
2478          	OVC	-2.459823e+02	-2.454374e+02	-7.915848e-02
2479          	warmPlate	2.687272e+02	2.699266e+02	7.916288e-02
2479          	OVC	-2.459823e+02	-2.454374e+02	-7.915848e-02
2480          	warmPlate	2.687272e+02	2.699266e+02	7.916288e-02
2480          	OVC	-2.459823e+02	-2.454374e+02	-7.915848e-02
2481          	warmPlate	2.687272e+02	2.699266e+02	7.916288e-02
2481          	OVC	-2.459823e+02	-2.454374e+02	-7.915848e-02
2482          	warmPlate	2.687272e+02	2.699266e+02	7.916288e-02
2482          	OVC	-2.459823e+02	-2.454374e+02	-7.915848e-02
2483          	warmPlate	2.687272e+02	2.699266e+02	7.916288e-02
2483          	OVC	-2.459823e+02	-2.454374e+02	-7.915848e-02
2484          	warmPlate	2.687272e+02	2.699266e+02	7.916288e-02
2484          	OVC	-2.459823e+02	-2.454374e+02	-7.915848e-02
2485          	warmPlate	2.687272e+02	2.699266e+02	7.916288e-02
2485          	OVC	-2.459823e+02	-2.454374e+02	-7.915848e-02
2486          	warmPlate	2.687272e+02	2.699266e+02	7.916288e-02
2486          	OVC	-2.459823e+02	-2.454374e+02	-7.915848e-02
2487          	warmPlate	2.687272e+02	2.699266e+02	7.916288e-02
2487          	OVC	-2.459823e+02	-2.454374e+02	-7.915848e-02
2488          	warmPlate	2.687272e+02	2.699266e+02	7.916288e-02
2488          	OVC	-2.459823e+02	-2.454374e+02	-7.915848e-02
2489          	warmPlate	2.687272e+02	2.699266e+02	7.916288e-02
2489          	OVC	-2.459823e+02	-2.454374e+02	-7.915848e-02
2490          	warmPlate	2.687272e+02	2.699266e+02	7.916288e-02
2490          	OVC	-2.459823e+02	-2.454374e+02	-7.915848e-02
2491          	warmPlate	2.687272e+02	2.699266e+02	7.916288e-02
2491          	OVC	-2.459823e+02	-2.454374e+02	-7.915848e-02
2492          	warmPlate	2.687272e+02	2.699266e+02	7.916288e-02
2492          	OVC	-2.459823e+02	-2.454374e+02	-7.915848e-02
2493          	warmPlate	2.687272e+02	2.699266e+02	7.916288e-02
2493          	OVC	-2.459823e+02	-2.454374e+02	-7.915848e-02
2494          	warmPlate	2.687272e+02	2.699266e+02	7.916288e-02
2494          	OVC	-2.459823e+02	-2.454374e+02	-7.915848e-02
2495          	warmPlate	2.687272e+02	2.699266e+02	7.916288e-02
2495          	OVC	-2.459823e+02	-2.454374e+02	-7.915848e-02
2496          	warmPlate	2.687272e+02	2.699266e+02	7.916288e-02
2496          	OVC	-2.459823e+02	-2.454374e+02	-7.915848e-02
2497          	warmPlate	2.687272e+02	2.699266e+02	7.916288e-02
2497          	OVC	-2.459823e+02	-2.454374e+02	-7.915848e-02
2498          	warmPlate	2.687272e+02	2.699266e+02	7.916288e-02
2498          	OVC	-2.459823e+02	-2.454374e+02	-7.915848e-02
2499          	warmPlate	2.687272e+02	2.699266e+02	7.916288e-02
2499          	OVC	-2.459823e+02	-2.454374e+02	-7.915848e-02
2500          	warmPlate	2.687272e+02	2.699266e+02	7.916288e-02
2500          	OVC	-2.459823e+02	-2.454374e+02	-7.915848e-02
2501          	warmPlate	2.687272e+02	2.699266e+02	7.916288e-02
2501          	OVC	-2.459823e+02	-2.454374e+02	-7.915848e-02
2502          	warmPlate	2.687272e+02	2.699266e+02	7.916288e-02
2502          	OVC	-2.459823e+02	-2.454374e+02	-7.915848e-02
2503          	warmPlate	2.687272e+02	2.699266e+02	7.916288e-02
2503          	OVC	-2.459823e+02	-2.454374e+02	-7.915848e-02
2504          	warmPlate	2.687272e+02	2.699266e+02	7.916288e-02
2504          	OVC	-2.459823e+02	-2.454374e+02	-7.915848e-02
2505          	warmPlate	2.687272e+02	2.699266e+02	7.916288e-02
2505          	OVC	-2.459823e+02	-2.454374e+02	-7.915848e-02
2506          	warmPlate	2.687272e+02	2.699266e+02	7.916288e-02
2506          	OVC	-2.459823e+02	-2.454374e+02	-7.915848e-02
2507          	warmPlate	2.687272e+02	2.699266e+02	7.916288e-02
2507          	OVC	-2.459823e+02	-2.454374e+02	-7.915848e-02
2508          	warmPlate	2.687272e+02	2.699266e+02	7.916288e-02
2508          	OVC	-2.459823e+02	-2.454374e+02	-7.915848e-02
2509          	warmPlate	2.687272e+02	2.699266e+02	7.916288e-02
2509          	OVC	-2.459823e+02	-2.454374e+02	-7.915848e-02
2510          	warmPlate	2.687272e+02	2.699266e+02	7.916288e-02
2510          	OVC	-2.459823e+02	-2.454374e+02	-7.915848e-02
2511          	warmPlate	2.687272e+02	2.699266e+02	7.916288e-02
2511          	OVC	-2.459823e+02	-2.454374e+02	-7.915848e-02
2512          	warmPlate	2.687272e+02	2.699266e+02	7.916288e-02
2512          	OVC	-2.459823e+02	-2.454374e+02	-7.915848e-02
2513          	warmPlate	2.687272e+02	2.699266e+02	7.916288e-02
2513          	OVC	-2.459823e+02	-2.454374e+02	-7.915848e-02
2514          	warmPlate	2.687272e+02	2.699266e+02	7.916288e-02
2514          	OVC	-2.459823e+02	-2.454374e+02	-7.915848e-02
2515          	warmPlate	2.687272e+02	2.699266e+02	7.916288e-02
2515          	OVC	-2.459823e+02	-2.454374e+02	-7.915848e-02
2516          	warmPlate	2.687272e+02	2.699266e+02	7.916288e-02
2516          	OVC	-2.459823e+02	-2.454374e+02	-7.915848e-02
2517          	warmPlate	2.687272e+02	2.699266e+02	7.916288e-02
2517          	OVC	-2.459823e+02	-2.454374e+02	-7.915848e-02
2518          	warmPlate	2.687272e+02	2.699266e+02	7.916288e-02
2518          	OVC	-2.459823e+02	-2.454374e+02	-7.915848e-02
2519          	warmPlate	2.687272e+02	2.699266e+02	7.916288e-02
2519          	OVC	-2.459823e+02	-2.454374e+02	-7.915848e-02
2520          	warmPlate	2.687272e+02	2.699266e+02	7.916288e-02
2520          	OVC	-2.459823e+02	-2.454374e+02	-7.915848e-02
2521          	warmPlate	2.687272e+02	2.699266e+02	7.916288e-02
2521          	OVC	-2.459823e+02	-2.454374e+02	-7.915848e-02
2522          	warmPlate	2.687272e+02	2.699266e+02	7.916288e-02
2522          	OVC	-2.459823e+02	-2.454374e+02	-7.915848e-02
2523          	warmPlate	2.687272e+02	2.699266e+02	7.916288e-02
2523          	OVC	-2.459823e+02	-2.454374e+02	-7.915848e-02
2524          	warmPlate	2.687272e+02	2.699266e+02	7.916288e-02
2524          	OVC	-2.459823e+02	-2.454374e+02	-7.915848e-02
2525          	warmPlate	2.687272e+02	2.699266e+02	7.916288e-02
2525          	OVC	-2.459823e+02	-2.454374e+02	-7.915848e-02
2526          	warmPlate	2.687272e+02	2.699266e+02	7.916288e-02
2526          	OVC	-2.459823e+02	-2.454374e+02	-7.915848e-02
2527          	warmPlate	2.687272e+02	2.699266e+02	7.916288e-02
2527          	OVC	-2.459823e+02	-2.454374e+02	-7.915848e-02
2528          	warmPlate	2.687272e+02	2.699266e+02	7.916288e-02
2528          	OVC	-2.459823e+02	-2.454374e+02	-7.915848e-02
2529          	warmPlate	2.687272e+02	2.699266e+02	7.916288e-02
2529          	OVC	-2.459823e+02	-2.454374e+02	-7.915848e-02
2530          	warmPlate	2.687272e+02	2.699266e+02	7.916288e-02
2530          	OVC	-2.459823e+02	-2.454374e+02	-7.915848e-02
2531          	warmPlate	2.687272e+02	2.699266e+02	7.916288e-02
2531          	OVC	-2.459823e+02	-2.454374e+02	-7.915848e-02
2532          	warmPlate	2.687272e+02	2.699266e+02	7.916288e-02
2532          	OVC	-2.459823e+02	-2.454374e+02	-7.915848e-02
2533          	warmPlate	2.687272e+02	2.699266e+02	7.916288e-02
2533          	OVC	-2.459823e+02	-2.454374e+02	-7.915848e-02
2534          	warmPlate	2.687272e+02	2.699266e+02	7.916288e-02
2534          	OVC	-2.459823e+02	-2.454374e+02	-7.915848e-02
2535          	warmPlate	2.687272e+02	2.699266e+02	7.916288e-02
2535          	OVC	-2.459823e+02	-2.454374e+02	-7.915848e-02
2536          	warmPlate	2.687272e+02	2.699266e+02	7.916288e-02
2536          	OVC	-2.459823e+02	-2.454374e+02	-7.915848e-02
2537          	warmPlate	2.687272e+02	2.699266e+02	7.916288e-02
2537          	OVC	-2.459823e+02	-2.454374e+02	-7.915848e-02
2538          	warmPlate	2.687272e+02	2.699266e+02	7.916288e-02
2538          	OVC	-2.459823e+02	-2.454374e+02	-7.915848e-02
2539          	warmPlate	2.687272e+02	2.699266e+02	7.916288e-02
2539          	OVC	-2.459823e+02	-2.454374e+02	-7.915848e-02
2540          	warmPlate	2.687272e+02	2.699266e+02	7.916288e-02
2540          	OVC	-2.459823e+02	-2.454374e+02	-7.915848e-02
2541          	warmPlate	2.687272e+02	2.699266e+02	7.916288e-02
2541          	OVC	-2.459823e+02	-2.454374e+02	-7.915848e-02
2542          	warmPlate	2.687272e+02	2.699266e+02	7.916288e-02
2542          	OVC	-2.459823e+02	-2.454374e+02	-7.915848e-02
2543          	warmPlate	2.687272e+02	2.699266e+02	7.916288e-02
2543          	OVC	-2.459823e+02	-2.454374e+02	-7.915848e-02
2544          	warmPlate	2.687272e+02	2.699266e+02	7.916288e-02
2544          	OVC	-2.459823e+02	-2.454374e+02	-7.915848e-02
2545          	warmPlate	2.687272e+02	2.699266e+02	7.916288e-02
2545          	OVC	-2.459823e+02	-2.454374e+02	-7.915848e-02
2546          	warmPlate	2.687272e+02	2.699266e+02	7.916288e-02
2546          	OVC	-2.459823e+02	-2.454374e+02	-7.915848e-02
2547          	warmPlate	2.687272e+02	2.699266e+02	7.916288e-02
2547          	OVC	-2.459823e+02	-2.454374e+02	-7.915848e-02
2548          	warmPlate	2.687272e+02	2.699266e+02	7.916288e-02
2548          	OVC	-2.459823e+02	-2.454374e+02	-7.915848e-02
2549          	warmPlate	2.687272e+02	2.699266e+02	7.916288e-02
2549          	OVC	-2.459823e+02	-2.454374e+02	-7.915848e-02
2550          	warmPlate	2.687272e+02	2.699266e+02	7.916288e-02
2550          	OVC	-2.459823e+02	-2.454374e+02	-7.915848e-02
2551          	warmPlate	2.687272e+02	2.699266e+02	7.916288e-02
2551          	OVC	-2.459823e+02	-2.454374e+02	-7.915848e-02
2552          	warmPlate	2.687272e+02	2.699266e+02	7.916288e-02
2552          	OVC	-2.459823e+02	-2.454374e+02	-7.915848e-02
2553          	warmPlate	2.687272e+02	2.699266e+02	7.916288e-02
2553          	OVC	-2.459823e+02	-2.454374e+02	-7.915848e-02
2554          	warmPlate	2.687272e+02	2.699266e+02	7.916288e-02
2554          	OVC	-2.459823e+02	-2.454374e+02	-7.915848e-02
2555          	warmPlate	2.687272e+02	2.699266e+02	7.916288e-02
2555          	OVC	-2.459823e+02	-2.454374e+02	-7.915848e-02
2556          	warmPlate	2.687272e+02	2.699266e+02	7.916288e-02
2556          	OVC	-2.459823e+02	-2.454374e+02	-7.915848e-02
2557          	warmPlate	2.687272e+02	2.699266e+02	7.916288e-02
2557          	OVC	-2.459823e+02	-2.454374e+02	-7.915848e-02
2558          	warmPlate	2.687272e+02	2.699266e+02	7.916288e-02
2558          	OVC	-2.459823e+02	-2.454374e+02	-7.915848e-02
2559          	warmPlate	2.687272e+02	2.699266e+02	7.916288e-02
2559          	OVC	-2.459823e+02	-2.454374e+02	-7.915848e-02
2560          	warmPlate	2.687272e+02	2.699266e+02	7.916288e-02
2560          	OVC	-2.459823e+02	-2.454374e+02	-7.915848e-02
2561          	warmPlate	2.687272e+02	2.699266e+02	7.916288e-02
2561          	OVC	-2.459823e+02	-2.454374e+02	-7.915848e-02
2562          	warmPlate	2.687272e+02	2.699266e+02	7.916288e-02
2562          	OVC	-2.459823e+02	-2.454374e+02	-7.915848e-02
2563          	warmPlate	2.687272e+02	2.699266e+02	7.916288e-02
2563          	OVC	-2.459823e+02	-2.454374e+02	-7.915848e-02
2564          	warmPlate	2.687272e+02	2.699266e+02	7.916288e-02
2564          	OVC	-2.459823e+02	-2.454374e+02	-7.915848e-02
2565          	warmPlate	2.687272e+02	2.699266e+02	7.916288e-02
2565          	OVC	-2.459823e+02	-2.454374e+02	-7.915848e-02
2566          	warmPlate	2.687272e+02	2.699266e+02	7.916288e-02
2566          	OVC	-2.459823e+02	-2.454374e+02	-7.915848e-02
2567          	warmPlate	2.687272e+02	2.699266e+02	7.916288e-02
2567          	OVC	-2.459823e+02	-2.454374e+02	-7.915848e-02
2568          	warmPlate	2.687272e+02	2.699266e+02	7.916288e-02
2568          	OVC	-2.459823e+02	-2.454374e+02	-7.915848e-02
2569          	warmPlate	2.687272e+02	2.699266e+02	7.916288e-02
2569          	OVC	-2.459823e+02	-2.454374e+02	-7.915848e-02
2570          	warmPlate	2.687272e+02	2.699266e+02	7.916288e-02
2570          	OVC	-2.459823e+02	-2.454374e+02	-7.915848e-02
2571          	warmPlate	2.687272e+02	2.699266e+02	7.916288e-02
2571          	OVC	-2.459823e+02	-2.454374e+02	-7.915848e-02
2572          	warmPlate	2.687272e+02	2.699266e+02	7.916288e-02
2572          	OVC	-2.459823e+02	-2.454374e+02	-7.915848e-02
2573          	warmPlate	2.687272e+02	2.699266e+02	7.916288e-02
2573          	OVC	-2.459823e+02	-2.454374e+02	-7.915848e-02
2574          	warmPlate	2.687272e+02	2.699266e+02	7.916288e-02
2574          	OVC	-2.459823e+02	-2.454374e+02	-7.915848e-02
2575          	warmPlate	2.687272e+02	2.699266e+02	7.916288e-02
2575          	OVC	-2.459823e+02	-2.454374e+02	-7.915848e-02
2576          	warmPlate	2.687272e+02	2.699266e+02	7.916288e-02
2576          	OVC	-2.459823e+02	-2.454374e+02	-7.915848e-02
2577          	warmPlate	2.687272e+02	2.699266e+02	7.916288e-02
2577          	OVC	-2.459823e+02	-2.454374e+02	-7.915848e-02
2578          	warmPlate	2.687272e+02	2.699266e+02	7.916288e-02
2578          	OVC	-2.459823e+02	-2.454374e+02	-7.915848e-02
2579          	warmPlate	2.687272e+02	2.699266e+02	7.916288e-02
2579          	OVC	-2.459823e+02	-2.454374e+02	-7.915848e-02
2580          	warmPlate	2.687272e+02	2.699266e+02	7.916288e-02
2580          	OVC	-2.459823e+02	-2.454374e+02	-7.915848e-02
2581          	warmPlate	2.687272e+02	2.699266e+02	7.916288e-02
2581          	OVC	-2.459823e+02	-2.454374e+02	-7.915848e-02
2582          	warmPlate	2.687272e+02	2.699266e+02	7.916288e-02
2582          	OVC	-2.459823e+02	-2.454374e+02	-7.915848e-02
2583          	warmPlate	2.687272e+02	2.699266e+02	7.916288e-02
2583          	OVC	-2.459823e+02	-2.454374e+02	-7.915848e-02
2584          	warmPlate	2.687272e+02	2.699266e+02	7.916288e-02
2584          	OVC	-2.459823e+02	-2.454374e+02	-7.915848e-02
2585          	warmPlate	2.687272e+02	2.699266e+02	7.916288e-02
2585          	OVC	-2.459823e+02	-2.454374e+02	-7.915848e-02
2586          	warmPlate	2.687272e+02	2.699266e+02	7.916288e-02
2586          	OVC	-2.459823e+02	-2.454374e+02	-7.915848e-02
2587          	warmPlate	2.687272e+02	2.699266e+02	7.916288e-02
2587          	OVC	-2.459823e+02	-2.454374e+02	-7.915848e-02
2588          	warmPlate	2.687272e+02	2.699266e+02	7.916288e-02
2588          	OVC	-2.459823e+02	-2.454374e+02	-7.915848e-02
2589          	warmPlate	2.687272e+02	2.699266e+02	7.916288e-02
2589          	OVC	-2.459823e+02	-2.454374e+02	-7.915848e-02
2590          	warmPlate	2.687272e+02	2.699266e+02	7.916288e-02
2590          	OVC	-2.459823e+02	-2.454374e+02	-7.915848e-02
2591          	warmPlate	2.687272e+02	2.699266e+02	7.916288e-02
2591          	OVC	-2.459823e+02	-2.454374e+02	-7.915848e-02
2592          	warmPlate	2.687272e+02	2.699266e+02	7.916288e-02
2592          	OVC	-2.459823e+02	-2.454374e+02	-7.915848e-02
2593          	warmPlate	2.687272e+02	2.699266e+02	7.916288e-02
2593          	OVC	-2.459823e+02	-2.454374e+02	-7.915848e-02
2594          	warmPlate	2.687272e+02	2.699266e+02	7.916288e-02
2594          	OVC	-2.459823e+02	-2.454374e+02	-7.915848e-02
2595          	warmPlate	2.687272e+02	2.699266e+02	7.916288e-02
2595          	OVC	-2.459823e+02	-2.454374e+02	-7.915848e-02
2596          	warmPlate	2.687272e+02	2.699266e+02	7.916288e-02
2596          	OVC	-2.459823e+02	-2.454374e+02	-7.915848e-02
2597          	warmPlate	2.687272e+02	2.699266e+02	7.916288e-02
2597          	OVC	-2.459823e+02	-2.454374e+02	-7.915848e-02
2598          	warmPlate	2.687272e+02	2.699266e+02	7.916288e-02
2598          	OVC	-2.459823e+02	-2.454374e+02	-7.915848e-02
2599          	warmPlate	2.687272e+02	2.699266e+02	7.916288e-02
2599          	OVC	-2.459823e+02	-2.454374e+02	-7.915848e-02
2600          	warmPlate	2.687272e+02	2.699266e+02	7.916288e-02
2600          	OVC	-2.459823e+02	-2.454374e+02	-7.915848e-02
2601          	warmPlate	2.687272e+02	2.699266e+02	7.916288e-02
2601          	OVC	-2.459823e+02	-2.454374e+02	-7.915848e-02
2602          	warmPlate	2.687272e+02	2.699266e+02	7.916288e-02
2602          	OVC	-2.459823e+02	-2.454374e+02	-7.915848e-02
2603          	warmPlate	2.687272e+02	2.699266e+02	7.916288e-02
2603          	OVC	-2.459823e+02	-2.454374e+02	-7.915848e-02
2604          	warmPlate	2.687272e+02	2.699266e+02	7.916288e-02
2604          	OVC	-2.459823e+02	-2.454374e+02	-7.915848e-02
2605          	warmPlate	2.687272e+02	2.699266e+02	7.916288e-02
2605          	OVC	-2.459823e+02	-2.454374e+02	-7.915848e-02
2606          	warmPlate	2.687272e+02	2.699266e+02	7.916288e-02
2606          	OVC	-2.459823e+02	-2.454374e+02	-7.915848e-02
2607          	warmPlate	2.687272e+02	2.699266e+02	7.916288e-02
2607          	OVC	-2.459823e+02	-2.454374e+02	-7.915848e-02
2608          	warmPlate	2.687272e+02	2.699266e+02	7.916288e-02
2608          	OVC	-2.459823e+02	-2.454374e+02	-7.915848e-02
2609          	warmPlate	2.687272e+02	2.699266e+02	7.916288e-02
2609          	OVC	-2.459823e+02	-2.454374e+02	-7.915848e-02
2610          	warmPlate	2.687272e+02	2.699266e+02	7.916288e-02
2610          	OVC	-2.459823e+02	-2.454374e+02	-7.915848e-02
2611          	warmPlate	2.687272e+02	2.699266e+02	7.916288e-02
2611          	OVC	-2.459823e+02	-2.454374e+02	-7.915848e-02
2612          	warmPlate	2.687272e+02	2.699266e+02	7.916288e-02
2612          	OVC	-2.459823e+02	-2.454374e+02	-7.915848e-02
2613          	warmPlate	2.687272e+02	2.699266e+02	7.916288e-02
2613          	OVC	-2.459823e+02	-2.454374e+02	-7.915848e-02
2614          	warmPlate	2.687272e+02	2.699266e+02	7.916288e-02
2614          	OVC	-2.459823e+02	-2.454374e+02	-7.915848e-02
2615          	warmPlate	2.687272e+02	2.699266e+02	7.916288e-02
2615          	OVC	-2.459823e+02	-2.454374e+02	-7.915848e-02
2616          	warmPlate	2.687272e+02	2.699266e+02	7.916288e-02
2616          	OVC	-2.459823e+02	-2.454374e+02	-7.915848e-02
2617          	warmPlate	2.687272e+02	2.699266e+02	7.916288e-02
2617          	OVC	-2.459823e+02	-2.454374e+02	-7.915848e-02
2618          	warmPlate	2.687272e+02	2.699266e+02	7.916288e-02
2618          	OVC	-2.459823e+02	-2.454374e+02	-7.915848e-02
2619          	warmPlate	2.687272e+02	2.699266e+02	7.916288e-02
2619          	OVC	-2.459823e+02	-2.454374e+02	-7.915848e-02
2620          	warmPlate	2.687272e+02	2.699266e+02	7.916288e-02
2620          	OVC	-2.459823e+02	-2.454374e+02	-7.915848e-02
2621          	warmPlate	2.687272e+02	2.699266e+02	7.916288e-02
2621          	OVC	-2.459823e+02	-2.454374e+02	-7.915848e-02
2622          	warmPlate	2.687272e+02	2.699266e+02	7.916288e-02
2622          	OVC	-2.459823e+02	-2.454374e+02	-7.915848e-02
2623          	warmPlate	2.687272e+02	2.699266e+02	7.916288e-02
2623          	OVC	-2.459823e+02	-2.454374e+02	-7.915848e-02
2624          	warmPlate	2.687272e+02	2.699266e+02	7.916288e-02
2624          	OVC	-2.459823e+02	-2.454374e+02	-7.915848e-02
2625          	warmPlate	2.687272e+02	2.699266e+02	7.916288e-02
2625          	OVC	-2.459823e+02	-2.454374e+02	-7.915848e-02
2626          	warmPlate	2.687272e+02	2.699266e+02	7.916288e-02
2626          	OVC	-2.459823e+02	-2.454374e+02	-7.915848e-02
2627          	warmPlate	2.687272e+02	2.699266e+02	7.916288e-02
2627          	OVC	-2.459823e+02	-2.454374e+02	-7.915848e-02
2628          	warmPlate	2.687272e+02	2.699266e+02	7.916288e-02
2628          	OVC	-2.459823e+02	-2.454374e+02	-7.915848e-02
2629          	warmPlate	2.687272e+02	2.699266e+02	7.916288e-02
2629          	OVC	-2.459823e+02	-2.454374e+02	-7.915848e-02
2630          	warmPlate	2.687272e+02	2.699266e+02	7.916288e-02
2630          	OVC	-2.459823e+02	-2.454374e+02	-7.915848e-02
2631          	warmPlate	2.687272e+02	2.699266e+02	7.916288e-02
2631          	OVC	-2.459823e+02	-2.454374e+02	-7.915848e-02
2632          	warmPlate	2.687272e+02	2.699266e+02	7.916288e-02
2632          	OVC	-2.459823e+02	-2.454374e+02	-7.915848e-02
2633          	warmPlate	2.687272e+02	2.699266e+02	7.916288e-02
2633          	OVC	-2.459823e+02	-2.454374e+02	-7.915848e-02
2634          	warmPlate	2.687272e+02	2.699266e+02	7.916288e-02
2634          	OVC	-2.459823e+02	-2.454374e+02	-7.915848e-02
2635          	warmPlate	2.687272e+02	2.699266e+02	7.916288e-02
2635          	OVC	-2.459823e+02	-2.454374e+02	-7.915848e-02
2636          	warmPlate	2.687272e+02	2.699266e+02	7.916288e-02
2636          	OVC	-2.459823e+02	-2.454374e+02	-7.915848e-02
2637          	warmPlate	2.687272e+02	2.699266e+02	7.916288e-02
2637          	OVC	-2.459823e+02	-2.454374e+02	-7.915848e-02
2638          	warmPlate	2.687272e+02	2.699266e+02	7.916288e-02
2638          	OVC	-2.459823e+02	-2.454374e+02	-7.915848e-02
2639          	warmPlate	2.687272e+02	2.699266e+02	7.916288e-02
2639          	OVC	-2.459823e+02	-2.454374e+02	-7.915848e-02
2640          	warmPlate	2.687272e+02	2.699266e+02	7.916288e-02
2640          	OVC	-2.459823e+02	-2.454374e+02	-7.915848e-02
2641          	warmPlate	2.687272e+02	2.699266e+02	7.916288e-02
2641          	OVC	-2.459823e+02	-2.454374e+02	-7.915848e-02
2642          	warmPlate	2.687272e+02	2.699266e+02	7.916288e-02
2642          	OVC	-2.459823e+02	-2.454374e+02	-7.915848e-02
2643          	warmPlate	2.687272e+02	2.699266e+02	7.916288e-02
2643          	OVC	-2.459823e+02	-2.454374e+02	-7.915848e-02
2644          	warmPlate	2.687272e+02	2.699266e+02	7.916288e-02
2644          	OVC	-2.459823e+02	-2.454374e+02	-7.915848e-02
2645          	warmPlate	2.687272e+02	2.699266e+02	7.916288e-02
2645          	OVC	-2.459823e+02	-2.454374e+02	-7.915848e-02
2646          	warmPlate	2.687272e+02	2.699266e+02	7.916288e-02
2646          	OVC	-2.459823e+02	-2.454374e+02	-7.915848e-02
2647          	warmPlate	2.687272e+02	2.699266e+02	7.916288e-02
2647          	OVC	-2.459823e+02	-2.454374e+02	-7.915848e-02
2648          	warmPlate	2.687272e+02	2.699266e+02	7.916288e-02
2648          	OVC	-2.459823e+02	-2.454374e+02	-7.915848e-02
2649          	warmPlate	2.687272e+02	2.699266e+02	7.916288e-02
2649          	OVC	-2.459823e+02	-2.454374e+02	-7.915848e-02
2650          	warmPlate	2.687272e+02	2.699266e+02	7.916288e-02
2650          	OVC	-2.459823e+02	-2.454374e+02	-7.915848e-02
2651          	warmPlate	2.687272e+02	2.699266e+02	7.916288e-02
2651          	OVC	-2.459823e+02	-2.454374e+02	-7.915848e-02
2652          	warmPlate	2.687272e+02	2.699266e+02	7.916288e-02
2652          	OVC	-2.459823e+02	-2.454374e+02	-7.915848e-02
2653          	warmPlate	2.687272e+02	2.699266e+02	7.916288e-02
2653          	OVC	-2.459823e+02	-2.454374e+02	-7.915848e-02
2654          	warmPlate	2.687272e+02	2.699266e+02	7.916288e-02
2654          	OVC	-2.459823e+02	-2.454374e+02	-7.915848e-02
2655          	warmPlate	2.687272e+02	2.699266e+02	7.916288e-02
2655          	OVC	-2.459823e+02	-2.454374e+02	-7.915848e-02
2656          	warmPlate	2.687272e+02	2.699266e+02	7.916288e-02
2656          	OVC	-2.459823e+02	-2.454374e+02	-7.915848e-02
2657          	warmPlate	2.687272e+02	2.699266e+02	7.916288e-02
2657          	OVC	-2.459823e+02	-2.454374e+02	-7.915848e-02
2658          	warmPlate	2.687272e+02	2.699266e+02	7.916288e-02
2658          	OVC	-2.459823e+02	-2.454374e+02	-7.915848e-02
2659          	warmPlate	2.687272e+02	2.699266e+02	7.916288e-02
2659          	OVC	-2.459823e+02	-2.454374e+02	-7.915848e-02
2660          	warmPlate	2.687272e+02	2.699266e+02	7.916288e-02
2660          	OVC	-2.459823e+02	-2.454374e+02	-7.915848e-02
2661          	warmPlate	2.687272e+02	2.699266e+02	7.916288e-02
2661          	OVC	-2.459823e+02	-2.454374e+02	-7.915848e-02
2662          	warmPlate	2.687272e+02	2.699266e+02	7.916288e-02
2662          	OVC	-2.459823e+02	-2.454374e+02	-7.915848e-02
2663          	warmPlate	2.687272e+02	2.699266e+02	7.916288e-02
2663          	OVC	-2.459823e+02	-2.454374e+02	-7.915848e-02
2664          	warmPlate	2.687272e+02	2.699266e+02	7.916288e-02
2664          	OVC	-2.459823e+02	-2.454374e+02	-7.915848e-02
2665          	warmPlate	2.687272e+02	2.699266e+02	7.916288e-02
2665          	OVC	-2.459823e+02	-2.454374e+02	-7.915848e-02
2666          	warmPlate	2.687272e+02	2.699266e+02	7.916288e-02
2666          	OVC	-2.459823e+02	-2.454374e+02	-7.915848e-02
2667          	warmPlate	2.687272e+02	2.699266e+02	7.916288e-02
2667          	OVC	-2.459823e+02	-2.454374e+02	-7.915848e-02
2668          	warmPlate	2.687272e+02	2.699266e+02	7.916288e-02
2668          	OVC	-2.459823e+02	-2.454374e+02	-7.915848e-02
2669          	warmPlate	2.687272e+02	2.699266e+02	7.916288e-02
2669          	OVC	-2.459823e+02	-2.454374e+02	-7.915848e-02
2670          	warmPlate	2.687272e+02	2.699266e+02	7.916288e-02
2670          	OVC	-2.459823e+02	-2.454374e+02	-7.915848e-02
2671          	warmPlate	2.687272e+02	2.699266e+02	7.916288e-02
2671          	OVC	-2.459823e+02	-2.454374e+02	-7.915848e-02
2672          	warmPlate	2.687272e+02	2.699266e+02	7.916288e-02
2672          	OVC	-2.459823e+02	-2.454374e+02	-7.915848e-02
2673          	warmPlate	2.687272e+02	2.699266e+02	7.916288e-02
2673          	OVC	-2.459823e+02	-2.454374e+02	-7.915848e-02
2674          	warmPlate	2.687272e+02	2.699266e+02	7.916288e-02
2674          	OVC	-2.459823e+02	-2.454374e+02	-7.915848e-02
2675          	warmPlate	2.687272e+02	2.699266e+02	7.916288e-02
2675          	OVC	-2.459823e+02	-2.454374e+02	-7.915848e-02
2676          	warmPlate	2.687272e+02	2.699266e+02	7.916288e-02
2676          	OVC	-2.459823e+02	-2.454374e+02	-7.915848e-02
2677          	warmPlate	2.687272e+02	2.699266e+02	7.916288e-02
2677          	OVC	-2.459823e+02	-2.454374e+02	-7.915848e-02
2678          	warmPlate	2.687272e+02	2.699266e+02	7.916288e-02
2678          	OVC	-2.459823e+02	-2.454374e+02	-7.915848e-02
2679          	warmPlate	2.687272e+02	2.699266e+02	7.916288e-02
2679          	OVC	-2.459823e+02	-2.454374e+02	-7.915848e-02
2680          	warmPlate	2.687272e+02	2.699266e+02	7.916288e-02
2680          	OVC	-2.459823e+02	-2.454374e+02	-7.915848e-02
2681          	warmPlate	2.687272e+02	2.699266e+02	7.916288e-02
2681          	OVC	-2.459823e+02	-2.454374e+02	-7.915848e-02
2682          	warmPlate	2.687272e+02	2.699266e+02	7.916288e-02
2682          	OVC	-2.459823e+02	-2.454374e+02	-7.915848e-02
2683          	warmPlate	2.687272e+02	2.699266e+02	7.916288e-02
2683          	OVC	-2.459823e+02	-2.454374e+02	-7.915848e-02
2684          	warmPlate	2.687272e+02	2.699266e+02	7.916288e-02
2684          	OVC	-2.459823e+02	-2.454374e+02	-7.915848e-02
2685          	warmPlate	2.687272e+02	2.699266e+02	7.916288e-02
2685          	OVC	-2.459823e+02	-2.454374e+02	-7.915848e-02
2686          	warmPlate	2.687272e+02	2.699266e+02	7.916288e-02
2686          	OVC	-2.459823e+02	-2.454374e+02	-7.915848e-02
2687          	warmPlate	2.687272e+02	2.699266e+02	7.916288e-02
2687          	OVC	-2.459823e+02	-2.454374e+02	-7.915848e-02
2688          	warmPlate	2.687272e+02	2.699266e+02	7.916288e-02
2688          	OVC	-2.459823e+02	-2.454374e+02	-7.915848e-02
2689          	warmPlate	2.687272e+02	2.699266e+02	7.916288e-02
2689          	OVC	-2.459823e+02	-2.454374e+02	-7.915848e-02
2690          	warmPlate	2.687272e+02	2.699266e+02	7.916288e-02
2690          	OVC	-2.459823e+02	-2.454374e+02	-7.915848e-02
2691          	warmPlate	2.687272e+02	2.699266e+02	7.916288e-02
2691          	OVC	-2.459823e+02	-2.454374e+02	-7.915848e-02
2692          	warmPlate	2.687272e+02	2.699266e+02	7.916288e-02
2692          	OVC	-2.459823e+02	-2.454374e+02	-7.915848e-02
2693          	warmPlate	2.687272e+02	2.699266e+02	7.916288e-02
2693          	OVC	-2.459823e+02	-2.454374e+02	-7.915848e-02
2694          	warmPlate	2.687272e+02	2.699266e+02	7.916288e-02
2694          	OVC	-2.459823e+02	-2.454374e+02	-7.915848e-02
2695          	warmPlate	2.687272e+02	2.699266e+02	7.916288e-02
2695          	OVC	-2.459823e+02	-2.454374e+02	-7.915848e-02
2696          	warmPlate	2.687272e+02	2.699266e+02	7.916288e-02
2696          	OVC	-2.459823e+02	-2.454374e+02	-7.915848e-02
2697          	warmPlate	2.687272e+02	2.699266e+02	7.916288e-02
2697          	OVC	-2.459823e+02	-2.454374e+02	-7.915848e-02
2698          	warmPlate	2.687272e+02	2.699266e+02	7.916288e-02
2698          	OVC	-2.459823e+02	-2.454374e+02	-7.915848e-02
2699          	warmPlate	2.687272e+02	2.699266e+02	7.916288e-02
2699          	OVC	-2.459823e+02	-2.454374e+02	-7.915848e-02
2700          	warmPlate	2.687272e+02	2.699266e+02	7.916288e-02
2700          	OVC	-2.459823e+02	-2.454374e+02	-7.915848e-02
2701          	warmPlate	2.687272e+02	2.699266e+02	7.916288e-02
2701          	OVC	-2.459823e+02	-2.454374e+02	-7.915848e-02
2702          	warmPlate	2.687272e+02	2.699266e+02	7.916288e-02
2702          	OVC	-2.459823e+02	-2.454374e+02	-7.915848e-02
2703          	warmPlate	2.687272e+02	2.699266e+02	7.916288e-02
2703          	OVC	-2.459823e+02	-2.454374e+02	-7.915848e-02
2704          	warmPlate	2.687272e+02	2.699266e+02	7.916288e-02
2704          	OVC	-2.459823e+02	-2.454374e+02	-7.915848e-02
2705          	warmPlate	2.687272e+02	2.699266e+02	7.916288e-02
2705          	OVC	-2.459823e+02	-2.454374e+02	-7.915848e-02
2706          	warmPlate	2.687272e+02	2.699266e+02	7.916288e-02
2706          	OVC	-2.459823e+02	-2.454374e+02	-7.915848e-02
2707          	warmPlate	2.687272e+02	2.699266e+02	7.916288e-02
2707          	OVC	-2.459823e+02	-2.454374e+02	-7.915848e-02
2708          	warmPlate	2.687272e+02	2.699266e+02	7.916288e-02
2708          	OVC	-2.459823e+02	-2.454374e+02	-7.915848e-02
2709          	warmPlate	2.687272e+02	2.699266e+02	7.916288e-02
2709          	OVC	-2.459823e+02	-2.454374e+02	-7.915848e-02
2710          	warmPlate	2.687272e+02	2.699266e+02	7.916288e-02
2710          	OVC	-2.459823e+02	-2.454374e+02	-7.915848e-02
2711          	warmPlate	2.687272e+02	2.699266e+02	7.916288e-02
2711          	OVC	-2.459823e+02	-2.454374e+02	-7.915848e-02
2712          	warmPlate	2.687272e+02	2.699266e+02	7.916288e-02
2712          	OVC	-2.459823e+02	-2.454374e+02	-7.915848e-02
2713          	warmPlate	2.687272e+02	2.699266e+02	7.916288e-02
2713          	OVC	-2.459823e+02	-2.454374e+02	-7.915848e-02
2714          	warmPlate	2.687272e+02	2.699266e+02	7.916288e-02
2714          	OVC	-2.459823e+02	-2.454374e+02	-7.915848e-02
2715          	warmPlate	2.687272e+02	2.699266e+02	7.916288e-02
2715          	OVC	-2.459823e+02	-2.454374e+02	-7.915848e-02
2716          	warmPlate	2.687272e+02	2.699266e+02	7.916288e-02
2716          	OVC	-2.459823e+02	-2.454374e+02	-7.915848e-02
2717          	warmPlate	2.687272e+02	2.699266e+02	7.916288e-02
2717          	OVC	-2.459823e+02	-2.454374e+02	-7.915848e-02
2718          	warmPlate	2.687272e+02	2.699266e+02	7.916288e-02
2718          	OVC	-2.459823e+02	-2.454374e+02	-7.915848e-02
2719          	warmPlate	2.687272e+02	2.699266e+02	7.916288e-02
2719          	OVC	-2.459823e+02	-2.454374e+02	-7.915848e-02
2720          	warmPlate	2.687272e+02	2.699266e+02	7.916288e-02
2720          	OVC	-2.459823e+02	-2.454374e+02	-7.915848e-02
2721          	warmPlate	2.687272e+02	2.699266e+02	7.916288e-02
2721          	OVC	-2.459823e+02	-2.454374e+02	-7.915848e-02
2722          	warmPlate	2.687272e+02	2.699266e+02	7.916288e-02
2722          	OVC	-2.459823e+02	-2.454374e+02	-7.915848e-02
2723          	warmPlate	2.687272e+02	2.699266e+02	7.916288e-02
2723          	OVC	-2.459823e+02	-2.454374e+02	-7.915848e-02
2724          	warmPlate	2.687272e+02	2.699266e+02	7.916288e-02
2724          	OVC	-2.459823e+02	-2.454374e+02	-7.915848e-02
2725          	warmPlate	2.687272e+02	2.699266e+02	7.916288e-02
2725          	OVC	-2.459823e+02	-2.454374e+02	-7.915848e-02
2726          	warmPlate	2.687272e+02	2.699266e+02	7.916288e-02
2726          	OVC	-2.459823e+02	-2.454374e+02	-7.915848e-02
2727          	warmPlate	2.687272e+02	2.699266e+02	7.916288e-02
2727          	OVC	-2.459823e+02	-2.454374e+02	-7.915848e-02
2728          	warmPlate	2.687272e+02	2.699266e+02	7.916288e-02
2728          	OVC	-2.459823e+02	-2.454374e+02	-7.915848e-02
2729          	warmPlate	2.687272e+02	2.699266e+02	7.916288e-02
2729          	OVC	-2.459823e+02	-2.454374e+02	-7.915848e-02
2730          	warmPlate	2.687272e+02	2.699266e+02	7.916288e-02
2730          	OVC	-2.459823e+02	-2.454374e+02	-7.915848e-02
2731          	warmPlate	2.687272e+02	2.699266e+02	7.916288e-02
2731          	OVC	-2.459823e+02	-2.454374e+02	-7.915848e-02
2732          	warmPlate	2.687272e+02	2.699266e+02	7.916288e-02
2732          	OVC	-2.459823e+02	-2.454374e+02	-7.915848e-02
2733          	warmPlate	2.687272e+02	2.699266e+02	7.916288e-02
2733          	OVC	-2.459823e+02	-2.454374e+02	-7.915848e-02
2734          	warmPlate	2.687272e+02	2.699266e+02	7.916288e-02
2734          	OVC	-2.459823e+02	-2.454374e+02	-7.915848e-02
2735          	warmPlate	2.687272e+02	2.699266e+02	7.916288e-02
2735          	OVC	-2.459823e+02	-2.454374e+02	-7.915848e-02
2736          	warmPlate	2.687272e+02	2.699266e+02	7.916288e-02
2736          	OVC	-2.459823e+02	-2.454374e+02	-7.915848e-02
2737          	warmPlate	2.687272e+02	2.699266e+02	7.916288e-02
2737          	OVC	-2.459823e+02	-2.454374e+02	-7.915848e-02
2738          	warmPlate	2.687272e+02	2.699266e+02	7.916288e-02
2738          	OVC	-2.459823e+02	-2.454374e+02	-7.915848e-02
2739          	warmPlate	2.687272e+02	2.699266e+02	7.916288e-02
2739          	OVC	-2.459823e+02	-2.454374e+02	-7.915848e-02
2740          	warmPlate	2.687272e+02	2.699266e+02	7.916288e-02
2740          	OVC	-2.459823e+02	-2.454374e+02	-7.915848e-02
2741          	warmPlate	2.687272e+02	2.699266e+02	7.916288e-02
2741          	OVC	-2.459823e+02	-2.454374e+02	-7.915848e-02
2742          	warmPlate	2.687272e+02	2.699266e+02	7.916288e-02
2742          	OVC	-2.459823e+02	-2.454374e+02	-7.915848e-02
2743          	warmPlate	2.687272e+02	2.699266e+02	7.916288e-02
2743          	OVC	-2.459823e+02	-2.454374e+02	-7.915848e-02
2744          	warmPlate	2.687272e+02	2.699266e+02	7.916288e-02
2744          	OVC	-2.459823e+02	-2.454374e+02	-7.915848e-02
2745          	warmPlate	2.687272e+02	2.699266e+02	7.916288e-02
2745          	OVC	-2.459823e+02	-2.454374e+02	-7.915848e-02
2746          	warmPlate	2.687272e+02	2.699266e+02	7.916288e-02
2746          	OVC	-2.459823e+02	-2.454374e+02	-7.915848e-02
2747          	warmPlate	2.687272e+02	2.699266e+02	7.916288e-02
2747          	OVC	-2.459823e+02	-2.454374e+02	-7.915848e-02
2748          	warmPlate	2.687272e+02	2.699266e+02	7.916288e-02
2748          	OVC	-2.459823e+02	-2.454374e+02	-7.915848e-02
2749          	warmPlate	2.687272e+02	2.699266e+02	7.916288e-02
2749          	OVC	-2.459823e+02	-2.454374e+02	-7.915848e-02
2750          	warmPlate	2.687272e+02	2.699266e+02	7.916288e-02
2750          	OVC	-2.459823e+02	-2.454374e+02	-7.915848e-02
2751          	warmPlate	2.687272e+02	2.699266e+02	7.916288e-02
2751          	OVC	-2.459823e+02	-2.454374e+02	-7.915848e-02
2752          	warmPlate	2.687272e+02	2.699266e+02	7.916288e-02
2752          	OVC	-2.459823e+02	-2.454374e+02	-7.915848e-02
2753          	warmPlate	2.687272e+02	2.699266e+02	7.916288e-02
2753          	OVC	-2.459823e+02	-2.454374e+02	-7.915848e-02
2754          	warmPlate	2.687272e+02	2.699266e+02	7.916288e-02
2754          	OVC	-2.459823e+02	-2.454374e+02	-7.915848e-02
2755          	warmPlate	2.687272e+02	2.699266e+02	7.916288e-02
2755          	OVC	-2.459823e+02	-2.454374e+02	-7.915848e-02
2756          	warmPlate	2.687272e+02	2.699266e+02	7.916288e-02
2756          	OVC	-2.459823e+02	-2.454374e+02	-7.915848e-02
2757          	warmPlate	2.687272e+02	2.699266e+02	7.916288e-02
2757          	OVC	-2.459823e+02	-2.454374e+02	-7.915848e-02
2758          	warmPlate	2.687272e+02	2.699266e+02	7.916288e-02
2758          	OVC	-2.459823e+02	-2.454374e+02	-7.915848e-02
2759          	warmPlate	2.687272e+02	2.699266e+02	7.916288e-02
2759          	OVC	-2.459823e+02	-2.454374e+02	-7.915848e-02
2760          	warmPlate	2.687272e+02	2.699266e+02	7.916288e-02
2760          	OVC	-2.459823e+02	-2.454374e+02	-7.915848e-02
2761          	warmPlate	2.687272e+02	2.699266e+02	7.916288e-02
2761          	OVC	-2.459823e+02	-2.454374e+02	-7.915848e-02
2762          	warmPlate	2.687272e+02	2.699266e+02	7.916288e-02
2762          	OVC	-2.459823e+02	-2.454374e+02	-7.915848e-02
2763          	warmPlate	2.687272e+02	2.699266e+02	7.916288e-02
2763          	OVC	-2.459823e+02	-2.454374e+02	-7.915848e-02
2764          	warmPlate	2.687272e+02	2.699266e+02	7.916288e-02
2764          	OVC	-2.459823e+02	-2.454374e+02	-7.915848e-02
2765          	warmPlate	2.687272e+02	2.699266e+02	7.916288e-02
2765          	OVC	-2.459823e+02	-2.454374e+02	-7.915848e-02
2766          	warmPlate	2.687272e+02	2.699266e+02	7.916288e-02
2766          	OVC	-2.459823e+02	-2.454374e+02	-7.915848e-02
2767          	warmPlate	2.687272e+02	2.699266e+02	7.916288e-02
2767          	OVC	-2.459823e+02	-2.454374e+02	-7.915848e-02
2768          	warmPlate	2.687272e+02	2.699266e+02	7.916288e-02
2768          	OVC	-2.459823e+02	-2.454374e+02	-7.915848e-02
2769          	warmPlate	2.687272e+02	2.699266e+02	7.916288e-02
2769          	OVC	-2.459823e+02	-2.454374e+02	-7.915848e-02
2770          	warmPlate	2.687272e+02	2.699266e+02	7.916288e-02
2770          	OVC	-2.459823e+02	-2.454374e+02	-7.915848e-02
2771          	warmPlate	2.687272e+02	2.699266e+02	7.916288e-02
2771          	OVC	-2.459823e+02	-2.454374e+02	-7.915848e-02
2772          	warmPlate	2.687272e+02	2.699266e+02	7.916288e-02
2772          	OVC	-2.459823e+02	-2.454374e+02	-7.915848e-02
2773          	warmPlate	2.687272e+02	2.699266e+02	7.916288e-02
2773          	OVC	-2.459823e+02	-2.454374e+02	-7.915848e-02
2774          	warmPlate	2.687272e+02	2.699266e+02	7.916288e-02
2774          	OVC	-2.459823e+02	-2.454374e+02	-7.915848e-02
2775          	warmPlate	2.687272e+02	2.699266e+02	7.916288e-02
2775          	OVC	-2.459823e+02	-2.454374e+02	-7.915848e-02
2776          	warmPlate	2.687272e+02	2.699266e+02	7.916288e-02
2776          	OVC	-2.459823e+02	-2.454374e+02	-7.915848e-02
2777          	warmPlate	2.687272e+02	2.699266e+02	7.916288e-02
2777          	OVC	-2.459823e+02	-2.454374e+02	-7.915848e-02
2778          	warmPlate	2.687272e+02	2.699266e+02	7.916288e-02
2778          	OVC	-2.459823e+02	-2.454374e+02	-7.915848e-02
2779          	warmPlate	2.687272e+02	2.699266e+02	7.916288e-02
2779          	OVC	-2.459823e+02	-2.454374e+02	-7.915848e-02
2780          	warmPlate	2.687272e+02	2.699266e+02	7.916288e-02
2780          	OVC	-2.459823e+02	-2.454374e+02	-7.915848e-02
2781          	warmPlate	2.687272e+02	2.699266e+02	7.916288e-02
2781          	OVC	-2.459823e+02	-2.454374e+02	-7.915848e-02
2782          	warmPlate	2.687272e+02	2.699266e+02	7.916288e-02
2782          	OVC	-2.459823e+02	-2.454374e+02	-7.915848e-02
2783          	warmPlate	2.687272e+02	2.699266e+02	7.916288e-02
2783          	OVC	-2.459823e+02	-2.454374e+02	-7.915848e-02
2784          	warmPlate	2.687272e+02	2.699266e+02	7.916288e-02
2784          	OVC	-2.459823e+02	-2.454374e+02	-7.915848e-02
2785          	warmPlate	2.687272e+02	2.699266e+02	7.916288e-02
2785          	OVC	-2.459823e+02	-2.454374e+02	-7.915848e-02
2786          	warmPlate	2.687272e+02	2.699266e+02	7.916288e-02
2786          	OVC	-2.459823e+02	-2.454374e+02	-7.915848e-02
2787          	warmPlate	2.687272e+02	2.699266e+02	7.916288e-02
2787          	OVC	-2.459823e+02	-2.454374e+02	-7.915848e-02
2788          	warmPlate	2.687272e+02	2.699266e+02	7.916288e-02
2788          	OVC	-2.459823e+02	-2.454374e+02	-7.915848e-02
2789          	warmPlate	2.687272e+02	2.699266e+02	7.916288e-02
2789          	OVC	-2.459823e+02	-2.454374e+02	-7.915848e-02
2790          	warmPlate	2.687272e+02	2.699266e+02	7.916288e-02
2790          	OVC	-2.459823e+02	-2.454374e+02	-7.915848e-02
2791          	warmPlate	2.687272e+02	2.699266e+02	7.916288e-02
2791          	OVC	-2.459823e+02	-2.454374e+02	-7.915848e-02
2792          	warmPlate	2.687272e+02	2.699266e+02	7.916288e-02
2792          	OVC	-2.459823e+02	-2.454374e+02	-7.915848e-02
2793          	warmPlate	2.687272e+02	2.699266e+02	7.916288e-02
2793          	OVC	-2.459823e+02	-2.454374e+02	-7.915848e-02
2794          	warmPlate	2.687272e+02	2.699266e+02	7.916288e-02
2794          	OVC	-2.459823e+02	-2.454374e+02	-7.915848e-02
2795          	warmPlate	2.687272e+02	2.699266e+02	7.916288e-02
2795          	OVC	-2.459823e+02	-2.454374e+02	-7.915848e-02
2796          	warmPlate	2.687272e+02	2.699266e+02	7.916288e-02
2796          	OVC	-2.459823e+02	-2.454374e+02	-7.915848e-02
2797          	warmPlate	2.687272e+02	2.699266e+02	7.916288e-02
2797          	OVC	-2.459823e+02	-2.454374e+02	-7.915848e-02
2798          	warmPlate	2.687272e+02	2.699266e+02	7.916288e-02
2798          	OVC	-2.459823e+02	-2.454374e+02	-7.915848e-02
2799          	warmPlate	2.687272e+02	2.699266e+02	7.916288e-02
2799          	OVC	-2.459823e+02	-2.454374e+02	-7.915848e-02
2800          	warmPlate	2.687272e+02	2.699266e+02	7.916288e-02
2800          	OVC	-2.459823e+02	-2.454374e+02	-7.915848e-02
2801          	warmPlate	2.687272e+02	2.699266e+02	7.916288e-02
2801          	OVC	-2.459823e+02	-2.454374e+02	-7.915848e-02
2802          	warmPlate	2.687272e+02	2.699266e+02	7.916288e-02
2802          	OVC	-2.459823e+02	-2.454374e+02	-7.915848e-02
2803          	warmPlate	2.687272e+02	2.699266e+02	7.916288e-02
2803          	OVC	-2.459823e+02	-2.454374e+02	-7.915848e-02
2804          	warmPlate	2.687272e+02	2.699266e+02	7.916288e-02
2804          	OVC	-2.459823e+02	-2.454374e+02	-7.915848e-02
2805          	warmPlate	2.687272e+02	2.699266e+02	7.916288e-02
2805          	OVC	-2.459823e+02	-2.454374e+02	-7.915848e-02
2806          	warmPlate	2.687272e+02	2.699266e+02	7.916288e-02
2806          	OVC	-2.459823e+02	-2.454374e+02	-7.915848e-02
2807          	warmPlate	2.687272e+02	2.699266e+02	7.916288e-02
2807          	OVC	-2.459823e+02	-2.454374e+02	-7.915848e-02
2808          	warmPlate	2.687272e+02	2.699266e+02	7.916288e-02
2808          	OVC	-2.459823e+02	-2.454374e+02	-7.915848e-02
2809          	warmPlate	2.687272e+02	2.699266e+02	7.916288e-02
2809          	OVC	-2.459823e+02	-2.454374e+02	-7.915848e-02
2810          	warmPlate	2.687272e+02	2.699266e+02	7.916288e-02
2810          	OVC	-2.459823e+02	-2.454374e+02	-7.915848e-02
2811          	warmPlate	2.687272e+02	2.699266e+02	7.916288e-02
2811          	OVC	-2.459823e+02	-2.454374e+02	-7.915848e-02
2812          	warmPlate	2.687272e+02	2.699266e+02	7.916288e-02
2812          	OVC	-2.459823e+02	-2.454374e+02	-7.915848e-02
2813          	warmPlate	2.687272e+02	2.699266e+02	7.916288e-02
2813          	OVC	-2.459823e+02	-2.454374e+02	-7.915848e-02
2814          	warmPlate	2.687272e+02	2.699266e+02	7.916288e-02
2814          	OVC	-2.459823e+02	-2.454374e+02	-7.915848e-02
2815          	warmPlate	2.687272e+02	2.699266e+02	7.916288e-02
2815          	OVC	-2.459823e+02	-2.454374e+02	-7.915848e-02
2816          	warmPlate	2.687272e+02	2.699266e+02	7.916288e-02
2816          	OVC	-2.459823e+02	-2.454374e+02	-7.915848e-02
2817          	warmPlate	2.687272e+02	2.699266e+02	7.916288e-02
2817          	OVC	-2.459823e+02	-2.454374e+02	-7.915848e-02
2818          	warmPlate	2.687272e+02	2.699266e+02	7.916288e-02
2818          	OVC	-2.459823e+02	-2.454374e+02	-7.915848e-02
2819          	warmPlate	2.687272e+02	2.699266e+02	7.916288e-02
2819          	OVC	-2.459823e+02	-2.454374e+02	-7.915848e-02
2820          	warmPlate	2.687272e+02	2.699266e+02	7.916288e-02
2820          	OVC	-2.459823e+02	-2.454374e+02	-7.915848e-02
2821          	warmPlate	2.687272e+02	2.699266e+02	7.916288e-02
2821          	OVC	-2.459823e+02	-2.454374e+02	-7.915848e-02
2822          	warmPlate	2.687272e+02	2.699266e+02	7.916288e-02
2822          	OVC	-2.459823e+02	-2.454374e+02	-7.915848e-02
2823          	warmPlate	2.687272e+02	2.699266e+02	7.916288e-02
2823          	OVC	-2.459823e+02	-2.454374e+02	-7.915848e-02
2824          	warmPlate	2.687272e+02	2.699266e+02	7.916288e-02
2824          	OVC	-2.459823e+02	-2.454374e+02	-7.915848e-02
2825          	warmPlate	2.687272e+02	2.699266e+02	7.916288e-02
2825          	OVC	-2.459823e+02	-2.454374e+02	-7.915848e-02
2826          	warmPlate	2.687272e+02	2.699266e+02	7.916288e-02
2826          	OVC	-2.459823e+02	-2.454374e+02	-7.915848e-02
2827          	warmPlate	2.687272e+02	2.699266e+02	7.916288e-02
2827          	OVC	-2.459823e+02	-2.454374e+02	-7.915848e-02
2828          	warmPlate	2.687272e+02	2.699266e+02	7.916288e-02
2828          	OVC	-2.459823e+02	-2.454374e+02	-7.915848e-02
2829          	warmPlate	2.687272e+02	2.699266e+02	7.916288e-02
2829          	OVC	-2.459823e+02	-2.454374e+02	-7.915848e-02
2830          	warmPlate	2.687272e+02	2.699266e+02	7.916288e-02
2830          	OVC	-2.459823e+02	-2.454374e+02	-7.915848e-02
2831          	warmPlate	2.687272e+02	2.699266e+02	7.916288e-02
2831          	OVC	-2.459823e+02	-2.454374e+02	-7.915848e-02
2832          	warmPlate	2.687272e+02	2.699266e+02	7.916288e-02
2832          	OVC	-2.459823e+02	-2.454374e+02	-7.915848e-02
2833          	warmPlate	2.687272e+02	2.699266e+02	7.916288e-02
2833          	OVC	-2.459823e+02	-2.454374e+02	-7.915848e-02
2834          	warmPlate	2.687272e+02	2.699266e+02	7.916288e-02
2834          	OVC	-2.459823e+02	-2.454374e+02	-7.915848e-02
2835          	warmPlate	2.687272e+02	2.699266e+02	7.916288e-02
2835          	OVC	-2.459823e+02	-2.454374e+02	-7.915848e-02
2836          	warmPlate	2.687272e+02	2.699266e+02	7.916288e-02
2836          	OVC	-2.459823e+02	-2.454374e+02	-7.915848e-02
2837          	warmPlate	2.687272e+02	2.699266e+02	7.916288e-02
2837          	OVC	-2.459823e+02	-2.454374e+02	-7.915848e-02
2838          	warmPlate	2.687272e+02	2.699266e+02	7.916288e-02
2838          	OVC	-2.459823e+02	-2.454374e+02	-7.915848e-02
2839          	warmPlate	2.687272e+02	2.699266e+02	7.916288e-02
2839          	OVC	-2.459823e+02	-2.454374e+02	-7.915848e-02
2840          	warmPlate	2.687272e+02	2.699266e+02	7.916288e-02
2840          	OVC	-2.459823e+02	-2.454374e+02	-7.915848e-02
2841          	warmPlate	2.687272e+02	2.699266e+02	7.916288e-02
2841          	OVC	-2.459823e+02	-2.454374e+02	-7.915848e-02
2842          	warmPlate	2.687272e+02	2.699266e+02	7.916288e-02
2842          	OVC	-2.459823e+02	-2.454374e+02	-7.915848e-02
2843          	warmPlate	2.687272e+02	2.699266e+02	7.916288e-02
2843          	OVC	-2.459823e+02	-2.454374e+02	-7.915848e-02
2844          	warmPlate	2.687272e+02	2.699266e+02	7.916288e-02
2844          	OVC	-2.459823e+02	-2.454374e+02	-7.915848e-02
2845          	warmPlate	2.687272e+02	2.699266e+02	7.916288e-02
2845          	OVC	-2.459823e+02	-2.454374e+02	-7.915848e-02
2846          	warmPlate	2.687272e+02	2.699266e+02	7.916288e-02
2846          	OVC	-2.459823e+02	-2.454374e+02	-7.915848e-02
2847          	warmPlate	2.687272e+02	2.699266e+02	7.916288e-02
2847          	OVC	-2.459823e+02	-2.454374e+02	-7.915848e-02
2848          	warmPlate	2.687272e+02	2.699266e+02	7.916288e-02
2848          	OVC	-2.459823e+02	-2.454374e+02	-7.915848e-02
2849          	warmPlate	2.687272e+02	2.699266e+02	7.916288e-02
2849          	OVC	-2.459823e+02	-2.454374e+02	-7.915848e-02
2850          	warmPlate	2.687272e+02	2.699266e+02	7.916288e-02
2850          	OVC	-2.459823e+02	-2.454374e+02	-7.915848e-02
2851          	warmPlate	2.687272e+02	2.699266e+02	7.916288e-02
2851          	OVC	-2.459823e+02	-2.454374e+02	-7.915848e-02
2852          	warmPlate	2.687272e+02	2.699266e+02	7.916288e-02
2852          	OVC	-2.459823e+02	-2.454374e+02	-7.915848e-02
2853          	warmPlate	2.687272e+02	2.699266e+02	7.916288e-02
2853          	OVC	-2.459823e+02	-2.454374e+02	-7.915848e-02
2854          	warmPlate	2.687272e+02	2.699266e+02	7.916288e-02
2854          	OVC	-2.459823e+02	-2.454374e+02	-7.915848e-02
2855          	warmPlate	2.687272e+02	2.699266e+02	7.916288e-02
2855          	OVC	-2.459823e+02	-2.454374e+02	-7.915848e-02
2856          	warmPlate	2.687272e+02	2.699266e+02	7.916288e-02
2856          	OVC	-2.459823e+02	-2.454374e+02	-7.915848e-02
2857          	warmPlate	2.687272e+02	2.699266e+02	7.916288e-02
2857          	OVC	-2.459823e+02	-2.454374e+02	-7.915848e-02
2858          	warmPlate	2.687272e+02	2.699266e+02	7.916288e-02
2858          	OVC	-2.459823e+02	-2.454374e+02	-7.915848e-02
2859          	warmPlate	2.687272e+02	2.699266e+02	7.916288e-02
2859          	OVC	-2.459823e+02	-2.454374e+02	-7.915848e-02
2860          	warmPlate	2.687272e+02	2.699266e+02	7.916288e-02
2860          	OVC	-2.459823e+02	-2.454374e+02	-7.915848e-02
2861          	warmPlate	2.687272e+02	2.699266e+02	7.916288e-02
2861          	OVC	-2.459823e+02	-2.454374e+02	-7.915848e-02
2862          	warmPlate	2.687272e+02	2.699266e+02	7.916288e-02
2862          	OVC	-2.459823e+02	-2.454374e+02	-7.915848e-02
2863          	warmPlate	2.687272e+02	2.699266e+02	7.916288e-02
2863          	OVC	-2.459823e+02	-2.454374e+02	-7.915848e-02
2864          	warmPlate	2.687272e+02	2.699266e+02	7.916288e-02
2864          	OVC	-2.459823e+02	-2.454374e+02	-7.915848e-02
2865          	warmPlate	2.687272e+02	2.699266e+02	7.916288e-02
2865          	OVC	-2.459823e+02	-2.454374e+02	-7.915848e-02
2866          	warmPlate	2.687272e+02	2.699266e+02	7.916288e-02
2866          	OVC	-2.459823e+02	-2.454374e+02	-7.915848e-02
2867          	warmPlate	2.687272e+02	2.699266e+02	7.916288e-02
2867          	OVC	-2.459823e+02	-2.454374e+02	-7.915848e-02
2868          	warmPlate	2.687272e+02	2.699266e+02	7.916288e-02
2868          	OVC	-2.459823e+02	-2.454374e+02	-7.915848e-02
2869          	warmPlate	2.687272e+02	2.699266e+02	7.916288e-02
2869          	OVC	-2.459823e+02	-2.454374e+02	-7.915848e-02
2870          	warmPlate	2.687272e+02	2.699266e+02	7.916288e-02
2870          	OVC	-2.459823e+02	-2.454374e+02	-7.915848e-02
2871          	warmPlate	2.687272e+02	2.699266e+02	7.916288e-02
2871          	OVC	-2.459823e+02	-2.454374e+02	-7.915848e-02
2872          	warmPlate	2.687272e+02	2.699266e+02	7.916288e-02
2872          	OVC	-2.459823e+02	-2.454374e+02	-7.915848e-02
2873          	warmPlate	2.687272e+02	2.699266e+02	7.916288e-02
2873          	OVC	-2.459823e+02	-2.454374e+02	-7.915848e-02
2874          	warmPlate	2.687272e+02	2.699266e+02	7.916288e-02
2874          	OVC	-2.459823e+02	-2.454374e+02	-7.915848e-02
2875          	warmPlate	2.687272e+02	2.699266e+02	7.916288e-02
2875          	OVC	-2.459823e+02	-2.454374e+02	-7.915848e-02
2876          	warmPlate	2.687272e+02	2.699266e+02	7.916288e-02
2876          	OVC	-2.459823e+02	-2.454374e+02	-7.915848e-02
2877          	warmPlate	2.687272e+02	2.699266e+02	7.916288e-02
2877          	OVC	-2.459823e+02	-2.454374e+02	-7.915848e-02
2878          	warmPlate	2.687272e+02	2.699266e+02	7.916288e-02
2878          	OVC	-2.459823e+02	-2.454374e+02	-7.915848e-02
2879          	warmPlate	2.687272e+02	2.699266e+02	7.916288e-02
2879          	OVC	-2.459823e+02	-2.454374e+02	-7.915848e-02
2880          	warmPlate	2.687272e+02	2.699266e+02	7.916288e-02
2880          	OVC	-2.459823e+02	-2.454374e+02	-7.915848e-02
2881          	warmPlate	2.687272e+02	2.699266e+02	7.916288e-02
2881          	OVC	-2.459823e+02	-2.454374e+02	-7.915848e-02
2882          	warmPlate	2.687272e+02	2.699266e+02	7.916288e-02
2882          	OVC	-2.459823e+02	-2.454374e+02	-7.915848e-02
2883          	warmPlate	2.687272e+02	2.699266e+02	7.916288e-02
2883          	OVC	-2.459823e+02	-2.454374e+02	-7.915848e-02
2884          	warmPlate	2.687272e+02	2.699266e+02	7.916288e-02
2884          	OVC	-2.459823e+02	-2.454374e+02	-7.915848e-02
2885          	warmPlate	2.687272e+02	2.699266e+02	7.916288e-02
2885          	OVC	-2.459823e+02	-2.454374e+02	-7.915848e-02
2886          	warmPlate	2.687272e+02	2.699266e+02	7.916288e-02
2886          	OVC	-2.459823e+02	-2.454374e+02	-7.915848e-02
2887          	warmPlate	2.687272e+02	2.699266e+02	7.916288e-02
2887          	OVC	-2.459823e+02	-2.454374e+02	-7.915848e-02
2888          	warmPlate	2.687272e+02	2.699266e+02	7.916288e-02
2888          	OVC	-2.459823e+02	-2.454374e+02	-7.915848e-02
2889          	warmPlate	2.687272e+02	2.699266e+02	7.916288e-02
2889          	OVC	-2.459823e+02	-2.454374e+02	-7.915848e-02
2890          	warmPlate	2.687272e+02	2.699266e+02	7.916288e-02
2890          	OVC	-2.459823e+02	-2.454374e+02	-7.915848e-02
2891          	warmPlate	2.687272e+02	2.699266e+02	7.916288e-02
2891          	OVC	-2.459823e+02	-2.454374e+02	-7.915848e-02
2892          	warmPlate	2.687272e+02	2.699266e+02	7.916288e-02
2892          	OVC	-2.459823e+02	-2.454374e+02	-7.915848e-02
2893          	warmPlate	2.687272e+02	2.699266e+02	7.916288e-02
2893          	OVC	-2.459823e+02	-2.454374e+02	-7.915848e-02
2894          	warmPlate	2.687272e+02	2.699266e+02	7.916288e-02
2894          	OVC	-2.459823e+02	-2.454374e+02	-7.915848e-02
2895          	warmPlate	2.687272e+02	2.699266e+02	7.916288e-02
2895          	OVC	-2.459823e+02	-2.454374e+02	-7.915848e-02
2896          	warmPlate	2.687272e+02	2.699266e+02	7.916288e-02
2896          	OVC	-2.459823e+02	-2.454374e+02	-7.915848e-02
2897          	warmPlate	2.687272e+02	2.699266e+02	7.916288e-02
2897          	OVC	-2.459823e+02	-2.454374e+02	-7.915848e-02
2898          	warmPlate	2.687272e+02	2.699266e+02	7.916288e-02
2898          	OVC	-2.459823e+02	-2.454374e+02	-7.915848e-02
2899          	warmPlate	2.687272e+02	2.699266e+02	7.916288e-02
2899          	OVC	-2.459823e+02	-2.454374e+02	-7.915848e-02
2900          	warmPlate	2.687272e+02	2.699266e+02	7.916288e-02
2900          	OVC	-2.459823e+02	-2.454374e+02	-7.915848e-02
