# Region type : patch heatedWall
# Faces         : 16200
# Area          : 1.50000000e-02
# Scale factor  : 1.00000000e+00
# Time          	min(T)
6001            	4.67178390e+01
6002            	4.66998297e+01
6003            	4.67016888e+01
6004            	4.67003568e+01
6005            	4.66970790e+01
6006            	4.66955814e+01
6007            	4.66960299e+01
6008            	4.66951501e+01
6009            	4.66950666e+01
6010            	4.66961965e+01
6011            	4.66960666e+01
6012            	4.66959651e+01
6013            	4.66963420e+01
6014            	4.66962078e+01
6015            	4.66961221e+01
6016            	4.66961792e+01
6017            	4.66962911e+01
6018            	4.66962272e+01
6019            	4.66967104e+01
6020            	4.66961557e+01
6021            	4.66961786e+01
6022            	4.66962524e+01
6023            	4.66961943e+01
6024            	4.66961572e+01
6025            	4.66969913e+01
6026            	4.66961643e+01
6027            	4.66961672e+01
6028            	4.66973129e+01
6029            	4.66961854e+01
6030            	4.66961895e+01
6031            	4.66970659e+01
6032            	4.66961552e+01
6033            	4.66962229e+01
6034            	4.66973321e+01
6035            	4.66961603e+01
6036            	4.66961481e+01
6037            	4.66971610e+01
6038            	4.66961564e+01
6039            	4.66962188e+01
6040            	4.66968610e+01
6041            	4.66961628e+01
6042            	4.66961684e+01
6043            	4.66965304e+01
6044            	4.66961498e+01
6045            	4.66961877e+01
6046            	4.66961418e+01
6047            	4.66961353e+01
6048            	4.66961537e+01
6049            	4.66966682e+01
6050            	4.66961368e+01
6051            	4.66961663e+01
6052            	4.66960785e+01
6053            	4.66961410e+01
6054            	4.66961437e+01
6055            	4.66965804e+01
6056            	4.66961514e+01
6057            	4.66961909e+01
6058            	4.66961860e+01
6059            	4.66961604e+01
6060            	4.66961445e+01
6061            	4.66967091e+01
6062            	4.66961755e+01
6063            	4.66962017e+01
6064            	4.66964137e+01
6065            	4.66961737e+01
6066            	4.66961758e+01
6067            	4.66975776e+01
6068            	4.66962126e+01
6069            	4.66962346e+01
6070            	4.66970953e+01
6071            	4.66962100e+01
6072            	4.66961083e+01
6073            	4.66976156e+01
6074            	4.66962676e+01
6075            	4.66962372e+01
6076            	4.66970088e+01
6077            	4.66962312e+01
6078            	4.66962317e+01
6079            	4.66976215e+01
6080            	4.66962757e+01
6081            	4.66962769e+01
6082            	4.66967563e+01
6083            	4.66962416e+01
6084            	4.66962356e+01
6085            	4.66970792e+01
6086            	4.66962977e+01
6087            	4.66963005e+01
6088            	4.66972239e+01
6089            	4.66962709e+01
6090            	4.66962581e+01
6091            	4.66969290e+01
6092            	4.66962158e+01
6093            	4.66963045e+01
6094            	4.66974018e+01
6095            	4.66962582e+01
6096            	4.66962466e+01
6097            	4.66971228e+01
6098            	4.66962905e+01
6099            	4.66963018e+01
6100            	4.66971418e+01
6101            	4.66962647e+01
6102            	4.66962420e+01
6103            	4.66967253e+01
6104            	4.66963130e+01
6105            	4.66962996e+01
6106            	4.66967917e+01
6107            	4.66962738e+01
6108            	4.66962644e+01
6109            	4.66969657e+01
6110            	4.66962173e+01
6111            	4.66963051e+01
6112            	4.66974823e+01
6113            	4.66962768e+01
6114            	4.66962667e+01
6115            	4.66970550e+01
6116            	4.66963010e+01
6117            	4.66963068e+01
6118            	4.66971981e+01
6119            	4.66963012e+01
6120            	4.66962866e+01
6121            	4.66968904e+01
6122            	4.66963149e+01
6123            	4.66963286e+01
6124            	4.66965747e+01
6125            	4.66963087e+01
6126            	4.66962791e+01
6127            	4.66971690e+01
6128            	4.66963087e+01
6129            	4.66963308e+01
6130            	4.66972748e+01
6131            	4.66963143e+01
6132            	4.66962920e+01
6133            	4.66971386e+01
6134            	4.66963285e+01
6135            	4.66963318e+01
6136            	4.66973052e+01
6137            	4.66963161e+01
6138            	4.66963069e+01
6139            	4.66969109e+01
6140            	4.66962056e+01
6141            	4.66963395e+01
6142            	4.66975014e+01
6143            	4.66963190e+01
6144            	4.66963201e+01
6145            	4.66970989e+01
6146            	4.66963225e+01
6147            	4.66963482e+01
6148            	4.66971676e+01
6149            	4.66963317e+01
6150            	4.66963158e+01
6151            	4.66967702e+01
6152            	4.66963332e+01
6153            	4.66963477e+01
6154            	4.66967242e+01
6155            	4.66963182e+01
6156            	4.66963066e+01
6157            	4.66970714e+01
6158            	4.66962725e+01
6159            	4.66963445e+01
6160            	4.66974540e+01
6161            	4.66963413e+01
6162            	4.66963186e+01
6163            	4.66971902e+01
6164            	4.66963237e+01
6165            	4.66963103e+01
6166            	4.66970779e+01
6167            	4.66963154e+01
6168            	4.66963163e+01
6169            	4.66966493e+01
6170            	4.66963642e+01
6171            	4.66963549e+01
6172            	4.66962577e+01
6173            	4.66963324e+01
6174            	4.66963311e+01
6175            	4.66968125e+01
6176            	4.66963499e+01
6177            	4.66963372e+01
6178            	4.66962654e+01
6179            	4.66963317e+01
6180            	4.66963419e+01
6181            	4.66967993e+01
6182            	4.66963428e+01
6183            	4.66963298e+01
6184            	4.66963069e+01
6185            	4.66963314e+01
6186            	4.66963317e+01
6187            	4.66966881e+01
6188            	4.66963409e+01
6189            	4.66963547e+01
6190            	4.66963295e+01
6191            	4.66963299e+01
6192            	4.66963248e+01
6193            	4.66967899e+01
6194            	4.66963186e+01
6195            	4.66963603e+01
6196            	4.66962701e+01
6197            	4.66963103e+01
6198            	4.66963186e+01
6199            	4.66967951e+01
6200            	4.66963055e+01
6201            	4.66963125e+01
6202            	4.66963347e+01
6203            	4.66963295e+01
6204            	4.66963087e+01
6205            	4.66967873e+01
6206            	4.66963117e+01
6207            	4.66963683e+01
6208            	4.66962239e+01
6209            	4.66963440e+01
6210            	4.66963375e+01
6211            	4.66967567e+01
6212            	4.66963406e+01
6213            	4.66963490e+01
6214            	4.66963808e+01
6215            	4.66963330e+01
6216            	4.66963329e+01
6217            	4.66968661e+01
6218            	4.66963517e+01
6219            	4.66963567e+01
6220            	4.66967546e+01
6221            	4.66963520e+01
6222            	4.66963315e+01
6223            	4.66968883e+01
6224            	4.66961819e+01
6225            	4.66963395e+01
6226            	4.66975805e+01
6227            	4.66963569e+01
6228            	4.66963651e+01
6229            	4.66965713e+01
6230            	4.66963474e+01
6231            	4.66963456e+01
6232            	4.66968628e+01
6233            	4.66963578e+01
6234            	4.66963300e+01
6235            	4.66976658e+01
6236            	4.66963232e+01
6237            	4.66963195e+01
6238            	4.66966101e+01
6239            	4.66963490e+01
6240            	4.66963329e+01
6241            	4.66968332e+01
6242            	4.66963393e+01
6243            	4.66963408e+01
6244            	4.66967309e+01
6245            	4.66963524e+01
6246            	4.66963300e+01
6247            	4.66967235e+01
6248            	4.66963334e+01
6249            	4.66963583e+01
6250            	4.66965690e+01
6251            	4.66963371e+01
6252            	4.66963204e+01
6253            	4.66976679e+01
6254            	4.66963423e+01
6255            	4.66963391e+01
6256            	4.66961814e+01
6257            	4.66963336e+01
6258            	4.66963316e+01
6259            	4.66966369e+01
6260            	4.66963392e+01
6261            	4.66963536e+01
6262            	4.66968840e+01
6263            	4.66962648e+01
6264            	4.66963306e+01
6265            	4.66973557e+01
6266            	4.66963218e+01
6267            	4.66963501e+01
6268            	4.66971813e+01
6269            	4.66963524e+01
6270            	4.66963307e+01
6271            	4.66972801e+01
6272            	4.66963305e+01
6273            	4.66963521e+01
6274            	4.66968637e+01
6275            	4.66963481e+01
6276            	4.66963404e+01
6277            	4.66966084e+01
6278            	4.66963202e+01
6279            	4.66963531e+01
6280            	4.66967280e+01
6281            	4.66963625e+01
6282            	4.66963392e+01
6283            	4.66966599e+01
6284            	4.66963329e+01
6285            	4.66963603e+01
6286            	4.66967523e+01
6287            	4.66963370e+01
6288            	4.66963406e+01
6289            	4.66964585e+01
6290            	4.66963377e+01
6291            	4.66963751e+01
6292            	4.66968483e+01
6293            	4.66963571e+01
6294            	4.66963446e+01
6295            	4.66967660e+01
6296            	4.66963392e+01
6297            	4.66963483e+01
6298            	4.66974422e+01
6299            	4.66963345e+01
6300            	4.66963397e+01
6301            	4.66970553e+01
6302            	4.66963433e+01
6303            	4.66960141e+01
6304            	4.66976972e+01
6305            	4.66963388e+01
6306            	4.66963086e+01
6307            	4.66977054e+01
6308            	4.66963359e+01
6309            	4.66962513e+01
6310            	4.66977119e+01
6311            	4.66963505e+01
6312            	4.66963491e+01
6313            	4.66977068e+01
6314            	4.66963383e+01
6315            	4.66963118e+01
6316            	4.66977007e+01
6317            	4.66963527e+01
6318            	4.66963341e+01
6319            	4.66976929e+01
6320            	4.66963334e+01
6321            	4.66962972e+01
6322            	4.66976951e+01
6323            	4.66963192e+01
6324            	4.66963119e+01
6325            	4.66976769e+01
6326            	4.66963197e+01
6327            	4.66963226e+01
6328            	4.66977016e+01
6329            	4.66963278e+01
6330            	4.66963278e+01
6331            	4.66976608e+01
6332            	4.66963197e+01
6333            	4.66963345e+01
6334            	4.66977056e+01
6335            	4.66963246e+01
6336            	4.66963103e+01
6337            	4.66976972e+01
6338            	4.66963275e+01
6339            	4.66963474e+01
6340            	4.66976852e+01
6341            	4.66963324e+01
6342            	4.66963136e+01
6343            	4.66976674e+01
6344            	4.66962975e+01
6345            	4.66963411e+01
6346            	4.66976870e+01
6347            	4.66963131e+01
6348            	4.66963291e+01
6349            	4.66977016e+01
6350            	4.66963231e+01
6351            	4.66963359e+01
6352            	4.66976888e+01
6353            	4.66963428e+01
6354            	4.66963034e+01
6355            	4.66976888e+01
6356            	4.66963372e+01
6357            	4.66963575e+01
6358            	4.66976804e+01
6359            	4.66963617e+01
6360            	4.66963215e+01
6361            	4.66976956e+01
6362            	4.66963556e+01
6363            	4.66963516e+01
6364            	4.66976935e+01
6365            	4.66963481e+01
6366            	4.66963310e+01
6367            	4.66976884e+01
6368            	4.66963252e+01
6369            	4.66963327e+01
6370            	4.66977146e+01
6371            	4.66963497e+01
6372            	4.66963362e+01
6373            	4.66976836e+01
6374            	4.66963292e+01
6375            	4.66963592e+01
6376            	4.66976907e+01
6377            	4.66963466e+01
6378            	4.66963388e+01
6379            	4.66976997e+01
6380            	4.66963676e+01
6381            	4.66963412e+01
6382            	4.66976657e+01
6383            	4.66963296e+01
6384            	4.66963279e+01
6385            	4.66976689e+01
6386            	4.66963419e+01
6387            	4.66963211e+01
6388            	4.66976559e+01
6389            	4.66963004e+01
6390            	4.66963160e+01
6391            	4.66976828e+01
6392            	4.66963565e+01
6393            	4.66963597e+01
6394            	4.66976787e+01
6395            	4.66963066e+01
6396            	4.66963506e+01
6397            	4.66977114e+01
6398            	4.66963488e+01
6399            	4.66963633e+01
6400            	4.66976557e+01
6401            	4.66963146e+01
6402            	4.66963427e+01
6403            	4.66976950e+01
6404            	4.66963437e+01
6405            	4.66963300e+01
6406            	4.66976884e+01
6407            	4.66963273e+01
6408            	4.66963330e+01
6409            	4.66977095e+01
6410            	4.66963261e+01
6411            	4.66963671e+01
6412            	4.66976991e+01
6413            	4.66963492e+01
6414            	4.66963439e+01
6415            	4.66976769e+01
6416            	4.66963434e+01
6417            	4.66963558e+01
6418            	4.66977032e+01
6419            	4.66963462e+01
6420            	4.66963270e+01
6421            	4.66976827e+01
6422            	4.66963443e+01
6423            	4.66963439e+01
6424            	4.66976911e+01
6425            	4.66963223e+01
6426            	4.66963282e+01
6427            	4.66977143e+01
6428            	4.66963312e+01
6429            	4.66963322e+01
6430            	4.66976950e+01
6431            	4.66963556e+01
6432            	4.66963346e+01
6433            	4.66977047e+01
6434            	4.66963384e+01
6435            	4.66963165e+01
6436            	4.66976987e+01
6437            	4.66963355e+01
6438            	4.66963296e+01
6439            	4.66977013e+01
6440            	4.66963677e+01
6441            	4.66963524e+01
6442            	4.66976940e+01
6443            	4.66963415e+01
6444            	4.66963213e+01
6445            	4.66977219e+01
6446            	4.66963424e+01
6447            	4.66963565e+01
6448            	4.66976917e+01
6449            	4.66963335e+01
6450            	4.66963287e+01
6451            	4.66977081e+01
6452            	4.66963555e+01
6453            	4.66963586e+01
6454            	4.66977099e+01
6455            	4.66963135e+01
6456            	4.66963455e+01
6457            	4.66977123e+01
6458            	4.66963606e+01
6459            	4.66963817e+01
6460            	4.66976788e+01
6461            	4.66963074e+01
6462            	4.66963357e+01
6463            	4.66976923e+01
6464            	4.66963542e+01
6465            	4.66963636e+01
6466            	4.66976713e+01
6467            	4.66963070e+01
6468            	4.66963257e+01
6469            	4.66976878e+01
6470            	4.66963227e+01
6471            	4.66963374e+01
6472            	4.66976684e+01
6473            	4.66963207e+01
6474            	4.66963062e+01
6475            	4.66977113e+01
6476            	4.66963309e+01
6477            	4.66963411e+01
6478            	4.66976881e+01
6479            	4.66963221e+01
6480            	4.66963232e+01
6481            	4.66976676e+01
6482            	4.66963066e+01
6483            	4.66963487e+01
6484            	4.66977043e+01
6485            	4.66963400e+01
6486            	4.66963278e+01
6487            	4.66977026e+01
6488            	4.66963181e+01
6489            	4.66963327e+01
6490            	4.66976780e+01
6491            	4.66963395e+01
6492            	4.66963195e+01
6493            	4.66976676e+01
6494            	4.66963169e+01
6495            	4.66963362e+01
6496            	4.66977122e+01
6497            	4.66963396e+01
6498            	4.66963356e+01
6499            	4.66976832e+01
6500            	4.66963430e+01
6501            	4.66963500e+01
6502            	4.66976862e+01
6503            	4.66963558e+01
6504            	4.66963393e+01
6505            	4.66976799e+01
6506            	4.66963505e+01
6507            	4.66963332e+01
6508            	4.66976944e+01
6509            	4.66963719e+01
6510            	4.66963204e+01
6511            	4.66977063e+01
6512            	4.66963682e+01
6513            	4.66963558e+01
6514            	4.66977052e+01
6515            	4.66963520e+01
6516            	4.66963189e+01
6517            	4.66977011e+01
6518            	4.66963401e+01
6519            	4.66963489e+01
6520            	4.66977000e+01
6521            	4.66963339e+01
6522            	4.66963258e+01
6523            	4.66977060e+01
6524            	4.66963481e+01
6525            	4.66963552e+01
6526            	4.66976794e+01
6527            	4.66963485e+01
6528            	4.66963400e+01
6529            	4.66977121e+01
6530            	4.66963534e+01
6531            	4.66963355e+01
6532            	4.66977068e+01
6533            	4.66963184e+01
6534            	4.66963167e+01
6535            	4.66977066e+01
6536            	4.66963213e+01
6537            	4.66963451e+01
6538            	4.66976864e+01
6539            	4.66963149e+01
6540            	4.66963198e+01
6541            	4.66976965e+01
6542            	4.66963171e+01
6543            	4.66963480e+01
6544            	4.66976909e+01
6545            	4.66963170e+01
6546            	4.66963130e+01
6547            	4.66976848e+01
6548            	4.66963291e+01
6549            	4.66963233e+01
6550            	4.66976729e+01
6551            	4.66962921e+01
6552            	4.66963037e+01
6553            	4.66976747e+01
6554            	4.66963260e+01
6555            	4.66963284e+01
6556            	4.66976545e+01
6557            	4.66963217e+01
6558            	4.66963277e+01
6559            	4.66976716e+01
6560            	4.66963460e+01
6561            	4.66963308e+01
6562            	4.66976782e+01
6563            	4.66963416e+01
6564            	4.66963131e+01
6565            	4.66976871e+01
6566            	4.66963452e+01
6567            	4.66963452e+01
6568            	4.66977010e+01
6569            	4.66963354e+01
6570            	4.66963261e+01
6571            	4.66976930e+01
6572            	4.66963642e+01
6573            	4.66963679e+01
6574            	4.66977034e+01
6575            	4.66963598e+01
6576            	4.66963354e+01
6577            	4.66977208e+01
6578            	4.66963449e+01
6579            	4.66963546e+01
6580            	4.66976975e+01
6581            	4.66963536e+01
6582            	4.66963489e+01
6583            	4.66977099e+01
6584            	4.66963641e+01
6585            	4.66963764e+01
6586            	4.66977015e+01
6587            	4.66963485e+01
6588            	4.66963461e+01
6589            	4.66977015e+01
6590            	4.66963527e+01
6591            	4.66963541e+01
6592            	4.66976973e+01
6593            	4.66963609e+01
6594            	4.66963452e+01
6595            	4.66977144e+01
6596            	4.66963454e+01
6597            	4.66963600e+01
6598            	4.66977119e+01
6599            	4.66963450e+01
6600            	4.66963553e+01
6601            	4.66976786e+01
6602            	4.66963504e+01
6603            	4.66963644e+01
6604            	4.66976807e+01
6605            	4.66963342e+01
6606            	4.66963406e+01
6607            	4.66976853e+01
6608            	4.66963310e+01
6609            	4.66963558e+01
6610            	4.66976671e+01
6611            	4.66963373e+01
6612            	4.66963316e+01
6613            	4.66976972e+01
6614            	4.66963325e+01
6615            	4.66963577e+01
6616            	4.66976906e+01
6617            	4.66963311e+01
6618            	4.66963427e+01
6619            	4.66977012e+01
6620            	4.66963383e+01
6621            	4.66963618e+01
6622            	4.66976929e+01
6623            	4.66963526e+01
6624            	4.66963422e+01
6625            	4.66976968e+01
6626            	4.66963445e+01
6627            	4.66963560e+01
6628            	4.66976830e+01
6629            	4.66963198e+01
6630            	4.66963339e+01
6631            	4.66976970e+01
6632            	4.66963452e+01
6633            	4.66963422e+01
6634            	4.66976895e+01
6635            	4.66963557e+01
6636            	4.66963297e+01
6637            	4.66977014e+01
6638            	4.66963435e+01
6639            	4.66963576e+01
6640            	4.66977027e+01
6641            	4.66963580e+01
6642            	4.66963216e+01
6643            	4.66977199e+01
6644            	4.66963639e+01
6645            	4.66963586e+01
6646            	4.66976959e+01
6647            	4.66963435e+01
6648            	4.66963318e+01
6649            	4.66977096e+01
6650            	4.66963484e+01
6651            	4.66963353e+01
6652            	4.66976905e+01
6653            	4.66963396e+01
6654            	4.66963406e+01
6655            	4.66976825e+01
6656            	4.66963394e+01
6657            	4.66963633e+01
6658            	4.66976877e+01
6659            	4.66963545e+01
6660            	4.66963423e+01
6661            	4.66976808e+01
6662            	4.66963249e+01
6663            	4.66963450e+01
6664            	4.66976642e+01
6665            	4.66963387e+01
6666            	4.66963489e+01
6667            	4.66976782e+01
6668            	4.66963215e+01
6669            	4.66963267e+01
6670            	4.66976842e+01
6671            	4.66963498e+01
6672            	4.66963323e+01
6673            	4.66976768e+01
6674            	4.66963283e+01
6675            	4.66963432e+01
6676            	4.66976843e+01
6677            	4.66963607e+01
6678            	4.66963263e+01
6679            	4.66976828e+01
6680            	4.66963249e+01
6681            	4.66963177e+01
6682            	4.66977025e+01
6683            	4.66963312e+01
6684            	4.66963359e+01
6685            	4.66976805e+01
6686            	4.66963161e+01
6687            	4.66963430e+01
6688            	4.66977012e+01
6689            	4.66963381e+01
6690            	4.66963311e+01
6691            	4.66976758e+01
6692            	4.66963202e+01
6693            	4.66963312e+01
6694            	4.66976780e+01
6695            	4.66963455e+01
6696            	4.66963266e+01
6697            	4.66976830e+01
6698            	4.66963266e+01
6699            	4.66963280e+01
6700            	4.66976836e+01
6701            	4.66963194e+01
6702            	4.66963243e+01
6703            	4.66976717e+01
6704            	4.66963228e+01
6705            	4.66963389e+01
6706            	4.66976793e+01
6707            	4.66963242e+01
6708            	4.66963323e+01
6709            	4.66976734e+01
6710            	4.66963512e+01
6711            	4.66963420e+01
6712            	4.66976888e+01
6713            	4.66963260e+01
6714            	4.66963144e+01
6715            	4.66976986e+01
6716            	4.66963432e+01
6717            	4.66963463e+01
6718            	4.66976808e+01
6719            	4.66963381e+01
6720            	4.66963389e+01
6721            	4.66976828e+01
6722            	4.66963086e+01
6723            	4.66963429e+01
6724            	4.66976934e+01
6725            	4.66963306e+01
6726            	4.66963403e+01
6727            	4.66976897e+01
6728            	4.66963256e+01
6729            	4.66963595e+01
6730            	4.66976966e+01
6731            	4.66963402e+01
6732            	4.66963378e+01
6733            	4.66976966e+01
6734            	4.66963642e+01
6735            	4.66963484e+01
6736            	4.66976854e+01
6737            	4.66963477e+01
6738            	4.66963317e+01
6739            	4.66977192e+01
6740            	4.66963506e+01
6741            	4.66963556e+01
6742            	4.66976775e+01
6743            	4.66963096e+01
6744            	4.66963474e+01
6745            	4.66977035e+01
6746            	4.66963468e+01
6747            	4.66963280e+01
6748            	4.66976538e+01
6749            	4.66963231e+01
6750            	4.66963266e+01
6751            	4.66977061e+01
6752            	4.66963400e+01
6753            	4.66963441e+01
6754            	4.66976738e+01
6755            	4.66963498e+01
6756            	4.66963204e+01
6757            	4.66976948e+01
6758            	4.66963527e+01
6759            	4.66963078e+01
6760            	4.66976790e+01
6761            	4.66963453e+01
6762            	4.66963282e+01
6763            	4.66977031e+01
6764            	4.66963388e+01
6765            	4.66963127e+01
6766            	4.66976793e+01
6767            	4.66963448e+01
6768            	4.66963308e+01
6769            	4.66976999e+01
6770            	4.66963441e+01
6771            	4.66963341e+01
6772            	4.66976773e+01
6773            	4.66963154e+01
6774            	4.66963363e+01
6775            	4.66977014e+01
6776            	4.66963669e+01
6777            	4.66963495e+01
6778            	4.66976792e+01
6779            	4.66963571e+01
6780            	4.66963415e+01
6781            	4.66976783e+01
6782            	4.66963464e+01
6783            	4.66963432e+01
6784            	4.66976748e+01
6785            	4.66963581e+01
6786            	4.66963295e+01
6787            	4.66977061e+01
6788            	4.66963511e+01
6789            	4.66963291e+01
6790            	4.66976774e+01
6791            	4.66963363e+01
6792            	4.66963177e+01
6793            	4.66976916e+01
6794            	4.66963327e+01
6795            	4.66963653e+01
6796            	4.66976817e+01
6797            	4.66963500e+01
6798            	4.66963407e+01
6799            	4.66976997e+01
6800            	4.66963679e+01
6801            	4.66963585e+01
6802            	4.66976775e+01
6803            	4.66963519e+01
6804            	4.66963368e+01
6805            	4.66976818e+01
6806            	4.66963198e+01
6807            	4.66963632e+01
6808            	4.66976813e+01
6809            	4.66963490e+01
6810            	4.66963307e+01
6811            	4.66976865e+01
6812            	4.66963545e+01
6813            	4.66963477e+01
6814            	4.66976919e+01
6815            	4.66963288e+01
6816            	4.66963120e+01
6817            	4.66976574e+01
6818            	4.66963010e+01
6819            	4.66963614e+01
6820            	4.66976747e+01
6821            	4.66963227e+01
6822            	4.66963330e+01
6823            	4.66976811e+01
6824            	4.66963430e+01
6825            	4.66963569e+01
6826            	4.66976891e+01
6827            	4.66963075e+01
6828            	4.66963283e+01
6829            	4.66976633e+01
6830            	4.66963302e+01
6831            	4.66963250e+01
6832            	4.66976742e+01
6833            	4.66963352e+01
6834            	4.66963148e+01
6835            	4.66976708e+01
6836            	4.66963474e+01
6837            	4.66963406e+01
6838            	4.66976647e+01
6839            	4.66963211e+01
6840            	4.66963122e+01
6841            	4.66976951e+01
6842            	4.66963314e+01
6843            	4.66963191e+01
6844            	4.66976478e+01
6845            	4.66962967e+01
6846            	4.66963334e+01
6847            	4.66976722e+01
6848            	4.66963373e+01
6849            	4.66963411e+01
6850            	4.66976997e+01
6851            	4.66963305e+01
6852            	4.66963203e+01
6853            	4.66976795e+01
6854            	4.66963274e+01
6855            	4.66963382e+01
6856            	4.66976858e+01
6857            	4.66963462e+01
6858            	4.66963220e+01
6859            	4.66976842e+01
6860            	4.66963413e+01
6861            	4.66963448e+01
6862            	4.66977075e+01
6863            	4.66963633e+01
6864            	4.66963331e+01
6865            	4.66976753e+01
6866            	4.66963281e+01
6867            	4.66963304e+01
6868            	4.66977084e+01
6869            	4.66963470e+01
6870            	4.66963249e+01
6871            	4.66976872e+01
6872            	4.66963023e+01
6873            	4.66963294e+01
6874            	4.66976783e+01
6875            	4.66963514e+01
6876            	4.66963172e+01
6877            	4.66976653e+01
6878            	4.66963122e+01
6879            	4.66963371e+01
6880            	4.66977006e+01
6881            	4.66963613e+01
6882            	4.66963377e+01
6883            	4.66976724e+01
6884            	4.66963413e+01
6885            	4.66963198e+01
6886            	4.66976967e+01
6887            	4.66963456e+01
6888            	4.66963232e+01
6889            	4.66976640e+01
6890            	4.66963229e+01
6891            	4.66963448e+01
6892            	4.66976937e+01
6893            	4.66963232e+01
6894            	4.66963272e+01
6895            	4.66976845e+01
6896            	4.66963217e+01
6897            	4.66963446e+01
6898            	4.66976788e+01
6899            	4.66963358e+01
6900            	4.66963252e+01
6901            	4.66976758e+01
6902            	4.66963216e+01
6903            	4.66963406e+01
6904            	4.66976756e+01
6905            	4.66963406e+01
6906            	4.66963188e+01
6907            	4.66976864e+01
6908            	4.66963372e+01
6909            	4.66963396e+01
6910            	4.66976944e+01
6911            	4.66963254e+01
6912            	4.66963110e+01
6913            	4.66976617e+01
6914            	4.66963394e+01
6915            	4.66963104e+01
6916            	4.66977029e+01
6917            	4.66963332e+01
6918            	4.66963202e+01
6919            	4.66976641e+01
6920            	4.66963380e+01
6921            	4.66963537e+01
6922            	4.66977152e+01
6923            	4.66963344e+01
6924            	4.66963251e+01
6925            	4.66976610e+01
6926            	4.66963294e+01
6927            	4.66963294e+01
6928            	4.66977073e+01
6929            	4.66963194e+01
6930            	4.66963228e+01
6931            	4.66976719e+01
6932            	4.66963315e+01
6933            	4.66963294e+01
6934            	4.66976845e+01
6935            	4.66963331e+01
6936            	4.66963303e+01
6937            	4.66976856e+01
6938            	4.66963199e+01
6939            	4.66963439e+01
6940            	4.66976523e+01
6941            	4.66963159e+01
6942            	4.66963173e+01
6943            	4.66976821e+01
6944            	4.66963160e+01
6945            	4.66963288e+01
6946            	4.66976593e+01
6947            	4.66963127e+01
6948            	4.66963312e+01
6949            	4.66976673e+01
6950            	4.66963373e+01
6951            	4.66963351e+01
6952            	4.66976596e+01
6953            	4.66963260e+01
6954            	4.66963061e+01
6955            	4.66976919e+01
6956            	4.66963107e+01
6957            	4.66963158e+01
6958            	4.66976673e+01
6959            	4.66963185e+01
6960            	4.66963255e+01
6961            	4.66976467e+01
6962            	4.66962793e+01
6963            	4.66963302e+01
6964            	4.66976617e+01
6965            	4.66963032e+01
6966            	4.66963236e+01
6967            	4.66976623e+01
6968            	4.66962948e+01
6969            	4.66963051e+01
6970            	4.66976882e+01
6971            	4.66963095e+01
6972            	4.66963198e+01
6973            	4.66976647e+01
6974            	4.66963471e+01
6975            	4.66963150e+01
6976            	4.66976759e+01
6977            	4.66963277e+01
6978            	4.66963230e+01
6979            	4.66976742e+01
6980            	4.66963163e+01
6981            	4.66963309e+01
6982            	4.66977050e+01
6983            	4.66963398e+01
6984            	4.66963240e+01
6985            	4.66976582e+01
6986            	4.66963294e+01
6987            	4.66963485e+01
6988            	4.66976903e+01
6989            	4.66963491e+01
6990            	4.66963199e+01
6991            	4.66976781e+01
6992            	4.66963259e+01
6993            	4.66963274e+01
6994            	4.66977138e+01
6995            	4.66963444e+01
6996            	4.66963476e+01
6997            	4.66976850e+01
6998            	4.66963224e+01
6999            	4.66963266e+01
7000            	4.66976828e+01
7001            	4.66963411e+01
7002            	4.66963159e+01
7003            	4.66976969e+01
7004            	4.66963098e+01
7005            	4.66963173e+01
7006            	4.66976923e+01
7007            	4.66963063e+01
7008            	4.66963276e+01
7009            	4.66976588e+01
7010            	4.66963217e+01
7011            	4.66963140e+01
7012            	4.66976966e+01
7013            	4.66963503e+01
7014            	4.66963284e+01
7015            	4.66976972e+01
7016            	4.66963215e+01
7017            	4.66963565e+01
7018            	4.66976908e+01
7019            	4.66963244e+01
7020            	4.66963249e+01
7021            	4.66976822e+01
7022            	4.66963221e+01
7023            	4.66963292e+01
7024            	4.66976819e+01
7025            	4.66963431e+01
7026            	4.66963262e+01
7027            	4.66976660e+01
7028            	4.66963244e+01
7029            	4.66963294e+01
7030            	4.66976749e+01
7031            	4.66963294e+01
7032            	4.66963144e+01
7033            	4.66976825e+01
7034            	4.66963166e+01
7035            	4.66963590e+01
7036            	4.66976706e+01
7037            	4.66963458e+01
7038            	4.66963342e+01
7039            	4.66976882e+01
7040            	4.66963345e+01
7041            	4.66963572e+01
7042            	4.66977024e+01
7043            	4.66963551e+01
7044            	4.66963334e+01
7045            	4.66977012e+01
7046            	4.66963635e+01
7047            	4.66963464e+01
7048            	4.66976978e+01
7049            	4.66963446e+01
7050            	4.66963257e+01
7051            	4.66976814e+01
7052            	4.66963302e+01
7053            	4.66963407e+01
7054            	4.66976995e+01
7055            	4.66963269e+01
7056            	4.66963257e+01
7057            	4.66976613e+01
7058            	4.66963542e+01
7059            	4.66963338e+01
7060            	4.66976836e+01
7061            	4.66963627e+01
7062            	4.66963527e+01
7063            	4.66976720e+01
7064            	4.66963351e+01
7065            	4.66963535e+01
7066            	4.66976984e+01
7067            	4.66963501e+01
7068            	4.66963267e+01
7069            	4.66976888e+01
7070            	4.66963295e+01
7071            	4.66963616e+01
7072            	4.66976771e+01
7073            	4.66963346e+01
7074            	4.66963079e+01
7075            	4.66976809e+01
7076            	4.66963395e+01
7077            	4.66963236e+01
7078            	4.66976657e+01
7079            	4.66963193e+01
7080            	4.66963240e+01
7081            	4.66976856e+01
7082            	4.66963544e+01
7083            	4.66963377e+01
7084            	4.66976649e+01
7085            	4.66963150e+01
7086            	4.66963331e+01
7087            	4.66977094e+01
7088            	4.66963726e+01
7089            	4.66963486e+01
7090            	4.66976678e+01
7091            	4.66963204e+01
7092            	4.66963225e+01
7093            	4.66977038e+01
7094            	4.66963659e+01
7095            	4.66963512e+01
7096            	4.66976655e+01
7097            	4.66963176e+01
7098            	4.66963333e+01
7099            	4.66977143e+01
7100            	4.66963625e+01
7101            	4.66963670e+01
7102            	4.66976721e+01
7103            	4.66963418e+01
7104            	4.66963337e+01
7105            	4.66976899e+01
7106            	4.66963310e+01
7107            	4.66963510e+01
7108            	4.66976894e+01
7109            	4.66963556e+01
7110            	4.66963277e+01
7111            	4.66977360e+01
7112            	4.66963495e+01
7113            	4.66963564e+01
7114            	4.66976947e+01
7115            	4.66963303e+01
7116            	4.66963299e+01
7117            	4.66977264e+01
7118            	4.66963637e+01
7119            	4.66963506e+01
7120            	4.66976796e+01
7121            	4.66963332e+01
7122            	4.66963173e+01
7123            	4.66976902e+01
7124            	4.66963434e+01
7125            	4.66963474e+01
7126            	4.66976822e+01
7127            	4.66963286e+01
7128            	4.66963064e+01
7129            	4.66977052e+01
7130            	4.66963390e+01
7131            	4.66963492e+01
7132            	4.66976637e+01
7133            	4.66963356e+01
7134            	4.66963157e+01
7135            	4.66976823e+01
7136            	4.66963483e+01
7137            	4.66963338e+01
7138            	4.66976588e+01
7139            	4.66963495e+01
7140            	4.66963021e+01
7141            	4.66976829e+01
7142            	4.66963235e+01
7143            	4.66963507e+01
7144            	4.66976941e+01
7145            	4.66963434e+01
7146            	4.66963230e+01
7147            	4.66976779e+01
7148            	4.66962750e+01
7149            	4.66963340e+01
7150            	4.66976915e+01
7151            	4.66963473e+01
7152            	4.66963172e+01
7153            	4.66976654e+01
7154            	4.66963245e+01
7155            	4.66963414e+01
7156            	4.66976927e+01
7157            	4.66963441e+01
7158            	4.66963066e+01
7159            	4.66976698e+01
7160            	4.66963248e+01
7161            	4.66963346e+01
7162            	4.66976644e+01
7163            	4.66963119e+01
7164            	4.66963128e+01
7165            	4.66976510e+01
7166            	4.66963100e+01
7167            	4.66963457e+01
7168            	4.66976978e+01
7169            	4.66963457e+01
7170            	4.66962893e+01
7171            	4.66976630e+01
7172            	4.66963030e+01
7173            	4.66963229e+01
7174            	4.66976856e+01
7175            	4.66963311e+01
7176            	4.66963051e+01
7177            	4.66976622e+01
7178            	4.66963196e+01
7179            	4.66963378e+01
7180            	4.66977107e+01
7181            	4.66963157e+01
7182            	4.66963176e+01
7183            	4.66976425e+01
7184            	4.66963014e+01
7185            	4.66963357e+01
7186            	4.66976760e+01
7187            	4.66963060e+01
7188            	4.66963148e+01
7189            	4.66976454e+01
7190            	4.66962794e+01
7191            	4.66963400e+01
7192            	4.66976627e+01
7193            	4.66963104e+01
7194            	4.66963099e+01
7195            	4.66976655e+01
7196            	4.66962976e+01
7197            	4.66963297e+01
7198            	4.66976714e+01
7199            	4.66963302e+01
7200            	4.66963053e+01
7201            	4.66976613e+01
7202            	4.66962913e+01
7203            	4.66963454e+01
7204            	4.66976756e+01
7205            	4.66963170e+01
7206            	4.66962973e+01
7207            	4.66976766e+01
7208            	4.66963114e+01
7209            	4.66963442e+01
7210            	4.66976738e+01
7211            	4.66963211e+01
7212            	4.66963130e+01
7213            	4.66976628e+01
7214            	4.66963336e+01
7215            	4.66963348e+01
7216            	4.66976709e+01
7217            	4.66963520e+01
7218            	4.66963216e+01
7219            	4.66976631e+01
7220            	4.66963375e+01
7221            	4.66963425e+01
7222            	4.66976432e+01
7223            	4.66963246e+01
7224            	4.66963019e+01
7225            	4.66976840e+01
7226            	4.66963374e+01
7227            	4.66963533e+01
7228            	4.66976550e+01
7229            	4.66963287e+01
7230            	4.66963192e+01
7231            	4.66976805e+01
7232            	4.66963259e+01
7233            	4.66963519e+01
7234            	4.66976646e+01
7235            	4.66963237e+01
7236            	4.66963318e+01
7237            	4.66976668e+01
7238            	4.66963238e+01
7239            	4.66963435e+01
7240            	4.66976812e+01
7241            	4.66963207e+01
7242            	4.66963219e+01
7243            	4.66976769e+01
7244            	4.66962988e+01
7245            	4.66963496e+01
7246            	4.66976736e+01
7247            	4.66963268e+01
7248            	4.66962972e+01
7249            	4.66976654e+01
7250            	4.66963221e+01
7251            	4.66963296e+01
7252            	4.66976489e+01
7253            	4.66963074e+01
7254            	4.66963042e+01
7255            	4.66976619e+01
7256            	4.66962904e+01
7257            	4.66962913e+01
7258            	4.66976565e+01
7259            	4.66963143e+01
7260            	4.66963082e+01
7261            	4.66976681e+01
7262            	4.66963143e+01
7263            	4.66962996e+01
7264            	4.66976838e+01
7265            	4.66963292e+01
7266            	4.66963162e+01
7267            	4.66976627e+01
7268            	4.66963298e+01
7269            	4.66963056e+01
7270            	4.66976772e+01
7271            	4.66963063e+01
7272            	4.66963004e+01
7273            	4.66976958e+01
7274            	4.66963120e+01
7275            	4.66963149e+01
7276            	4.66976680e+01
7277            	4.66963001e+01
7278            	4.66963054e+01
7279            	4.66976796e+01
7280            	4.66963224e+01
7281            	4.66963383e+01
7282            	4.66976787e+01
7283            	4.66963360e+01
7284            	4.66963180e+01
7285            	4.66976645e+01
7286            	4.66963129e+01
7287            	4.66963409e+01
7288            	4.66976967e+01
7289            	4.66963364e+01
7290            	4.66963256e+01
7291            	4.66976835e+01
7292            	4.66963158e+01
7293            	4.66963285e+01
7294            	4.66976741e+01
7295            	4.66963209e+01
7296            	4.66963207e+01
7297            	4.66976914e+01
7298            	4.66963137e+01
7299            	4.66963299e+01
7300            	4.66976758e+01
7301            	4.66963286e+01
7302            	4.66963047e+01
7303            	4.66976930e+01
7304            	4.66963213e+01
7305            	4.66963105e+01
7306            	4.66976659e+01
7307            	4.66963219e+01
7308            	4.66963139e+01
7309            	4.66977032e+01
7310            	4.66963176e+01
7311            	4.66963295e+01
7312            	4.66976959e+01
7313            	4.66963264e+01
7314            	4.66963025e+01
7315            	4.66976511e+01
7316            	4.66963080e+01
7317            	4.66963281e+01
7318            	4.66976759e+01
7319            	4.66963331e+01
7320            	4.66963079e+01
7321            	4.66976549e+01
7322            	4.66963491e+01
7323            	4.66963286e+01
7324            	4.66976681e+01
7325            	4.66963398e+01
7326            	4.66962919e+01
7327            	4.66976815e+01
7328            	4.66963222e+01
7329            	4.66963238e+01
7330            	4.66976595e+01
7331            	4.66963292e+01
7332            	4.66962990e+01
7333            	4.66976508e+01
7334            	4.66963093e+01
7335            	4.66963325e+01
7336            	4.66976840e+01
7337            	4.66963305e+01
7338            	4.66963084e+01
7339            	4.66977030e+01
7340            	4.66963373e+01
7341            	4.66963328e+01
7342            	4.66976601e+01
7343            	4.66963039e+01
7344            	4.66963306e+01
7345            	4.66976777e+01
7346            	4.66963189e+01
7347            	4.66963193e+01
7348            	4.66977025e+01
7349            	4.66963387e+01
7350            	4.66963287e+01
7351            	4.66976788e+01
7352            	4.66963270e+01
7353            	4.66963316e+01
7354            	4.66976837e+01
7355            	4.66963332e+01
7356            	4.66963241e+01
7357            	4.66976828e+01
7358            	4.66963425e+01
7359            	4.66963245e+01
7360            	4.66976659e+01
7361            	4.66963513e+01
7362            	4.66963285e+01
7363            	4.66976863e+01
7364            	4.66963122e+01
7365            	4.66963030e+01
7366            	4.66976779e+01
7367            	4.66963408e+01
7368            	4.66963344e+01
7369            	4.66976672e+01
7370            	4.66963197e+01
7371            	4.66963446e+01
7372            	4.66976842e+01
7373            	4.66963608e+01
7374            	4.66963317e+01
7375            	4.66976858e+01
7376            	4.66963316e+01
7377            	4.66963429e+01
7378            	4.66976886e+01
7379            	4.66963539e+01
7380            	4.66963071e+01
7381            	4.66976764e+01
7382            	4.66963459e+01
7383            	4.66963272e+01
7384            	4.66976779e+01
7385            	4.66963467e+01
7386            	4.66963103e+01
7387            	4.66976590e+01
7388            	4.66963220e+01
7389            	4.66963489e+01
7390            	4.66976872e+01
7391            	4.66963399e+01
7392            	4.66963268e+01
7393            	4.66976783e+01
7394            	4.66963292e+01
7395            	4.66963375e+01
7396            	4.66976800e+01
7397            	4.66963414e+01
7398            	4.66963511e+01
7399            	4.66976981e+01
7400            	4.66963423e+01
7401            	4.66963515e+01
7402            	4.66977109e+01
7403            	4.66963538e+01
7404            	4.66963377e+01
7405            	4.66977006e+01
7406            	4.66963325e+01
7407            	4.66963461e+01
7408            	4.66977042e+01
7409            	4.66963706e+01
7410            	4.66963266e+01
7411            	4.66976672e+01
7412            	4.66963375e+01
7413            	4.66963587e+01
7414            	4.66977023e+01
7415            	4.66963722e+01
7416            	4.66963376e+01
7417            	4.66976951e+01
7418            	4.66963631e+01
7419            	4.66963407e+01
7420            	4.66977204e+01
7421            	4.66963600e+01
7422            	4.66963158e+01
7423            	4.66976998e+01
7424            	4.66963559e+01
7425            	4.66963119e+01
7426            	4.66977243e+01
7427            	4.66963746e+01
7428            	4.66963259e+01
7429            	4.66976956e+01
7430            	4.66963442e+01
7431            	4.66963696e+01
7432            	4.66977232e+01
7433            	4.66963627e+01
7434            	4.66963553e+01
7435            	4.66976825e+01
7436            	4.66963612e+01
7437            	4.66963712e+01
7438            	4.66977202e+01
7439            	4.66963648e+01
7440            	4.66963376e+01
7441            	4.66976942e+01
7442            	4.66963540e+01
7443            	4.66963606e+01
7444            	4.66977048e+01
7445            	4.66963686e+01
7446            	4.66963448e+01
7447            	4.66976829e+01
7448            	4.66963487e+01
7449            	4.66963518e+01
7450            	4.66977206e+01
7451            	4.66963668e+01
7452            	4.66963419e+01
7453            	4.66976845e+01
7454            	4.66963434e+01
7455            	4.66963574e+01
7456            	4.66977279e+01
7457            	4.66963914e+01
7458            	4.66963495e+01
7459            	4.66976851e+01
7460            	4.66963485e+01
7461            	4.66963496e+01
7462            	4.66977183e+01
7463            	4.66963792e+01
7464            	4.66963347e+01
7465            	4.66976676e+01
7466            	4.66963251e+01
7467            	4.66963232e+01
7468            	4.66976937e+01
7469            	4.66963798e+01
7470            	4.66963367e+01
7471            	4.66976699e+01
7472            	4.66963342e+01
7473            	4.66963623e+01
7474            	4.66977008e+01
7475            	4.66963622e+01
7476            	4.66963310e+01
7477            	4.66976807e+01
7478            	4.66963627e+01
7479            	4.66963532e+01
7480            	4.66977119e+01
7481            	4.66963583e+01
7482            	4.66963579e+01
7483            	4.66977229e+01
7484            	4.66963618e+01
7485            	4.66963531e+01
7486            	4.66976960e+01
7487            	4.66963600e+01
7488            	4.66963497e+01
7489            	4.66977085e+01
7490            	4.66963627e+01
7491            	4.66963438e+01
7492            	4.66977021e+01
7493            	4.66963568e+01
7494            	4.66963285e+01
7495            	4.66976808e+01
7496            	4.66963478e+01
7497            	4.66963519e+01
7498            	4.66977131e+01
7499            	4.66963405e+01
7500            	4.66963582e+01
7501            	4.66977104e+01
7502            	4.66963726e+01
7503            	4.66963771e+01
7504            	4.66977079e+01
7505            	4.66963551e+01
7506            	4.66963785e+01
7507            	4.66976857e+01
7508            	4.66963667e+01
7509            	4.66963640e+01
7510            	4.66977196e+01
7511            	4.66963540e+01
7512            	4.66963425e+01
7513            	4.66976805e+01
7514            	4.66963432e+01
7515            	4.66963558e+01
7516            	4.66977109e+01
7517            	4.66963610e+01
7518            	4.66963506e+01
7519            	4.66976962e+01
7520            	4.66963660e+01
7521            	4.66963595e+01
7522            	4.66977059e+01
7523            	4.66963690e+01
7524            	4.66963364e+01
7525            	4.66977003e+01
7526            	4.66963493e+01
7527            	4.66963567e+01
7528            	4.66977174e+01
7529            	4.66963787e+01
7530            	4.66963398e+01
7531            	4.66977065e+01
7532            	4.66963587e+01
7533            	4.66963366e+01
7534            	4.66977191e+01
7535            	4.66963572e+01
7536            	4.66963285e+01
7537            	4.66977017e+01
7538            	4.66963284e+01
7539            	4.66963203e+01
7540            	4.66976962e+01
7541            	4.66963326e+01
7542            	4.66963351e+01
7543            	4.66976920e+01
7544            	4.66963541e+01
7545            	4.66963123e+01
7546            	4.66976771e+01
7547            	4.66963498e+01
7548            	4.66963400e+01
7549            	4.66977098e+01
7550            	4.66963485e+01
7551            	4.66963345e+01
7552            	4.66976797e+01
7553            	4.66963423e+01
7554            	4.66963336e+01
7555            	4.66977011e+01
7556            	4.66963620e+01
7557            	4.66963440e+01
7558            	4.66976901e+01
7559            	4.66963566e+01
7560            	4.66963188e+01
7561            	4.66977165e+01
7562            	4.66963647e+01
7563            	4.66963614e+01
7564            	4.66977176e+01
7565            	4.66963656e+01
7566            	4.66963606e+01
7567            	4.66977260e+01
7568            	4.66963889e+01
7569            	4.66963697e+01
7570            	4.66977348e+01
7571            	4.66963687e+01
7572            	4.66963504e+01
7573            	4.66977312e+01
7574            	4.66963882e+01
7575            	4.66963735e+01
7576            	4.66977233e+01
7577            	4.66963647e+01
7578            	4.66963403e+01
7579            	4.66976978e+01
7580            	4.66963540e+01
7581            	4.66963611e+01
7582            	4.66976969e+01
7583            	4.66963261e+01
7584            	4.66963450e+01
7585            	4.66977049e+01
7586            	4.66963672e+01
7587            	4.66963632e+01
7588            	4.66976690e+01
7589            	4.66963377e+01
7590            	4.66963336e+01
7591            	4.66976832e+01
7592            	4.66963321e+01
7593            	4.66963364e+01
7594            	4.66976542e+01
7595            	4.66962993e+01
7596            	4.66963274e+01
7597            	4.66976757e+01
7598            	4.66963227e+01
7599            	4.66963390e+01
7600            	4.66976694e+01
7601            	4.66963447e+01
7602            	4.66963207e+01
7603            	4.66976505e+01
7604            	4.66963117e+01
7605            	4.66963526e+01
7606            	4.66976696e+01
7607            	4.66963258e+01
7608            	4.66963222e+01
7609            	4.66976534e+01
7610            	4.66962994e+01
7611            	4.66963680e+01
7612            	4.66976834e+01
7613            	4.66963445e+01
7614            	4.66963544e+01
7615            	4.66976631e+01
7616            	4.66963238e+01
7617            	4.66963493e+01
7618            	4.66976787e+01
7619            	4.66963243e+01
7620            	4.66963373e+01
7621            	4.66976916e+01
7622            	4.66963316e+01
7623            	4.66963725e+01
7624            	4.66976819e+01
7625            	4.66963465e+01
7626            	4.66963535e+01
7627            	4.66977081e+01
7628            	4.66963534e+01
7629            	4.66963667e+01
7630            	4.66976914e+01
7631            	4.66963409e+01
7632            	4.66963282e+01
7633            	4.66977006e+01
7634            	4.66963467e+01
7635            	4.66963239e+01
7636            	4.66976807e+01
7637            	4.66963754e+01
7638            	4.66963366e+01
7639            	4.66976916e+01
7640            	4.66963451e+01
7641            	4.66963542e+01
7642            	4.66976989e+01
7643            	4.66963421e+01
7644            	4.66963300e+01
7645            	4.66976888e+01
7646            	4.66963359e+01
7647            	4.66963507e+01
7648            	4.66976913e+01
7649            	4.66963450e+01
7650            	4.66963105e+01
7651            	4.66976751e+01
7652            	4.66963235e+01
7653            	4.66963567e+01
7654            	4.66977102e+01
7655            	4.66963499e+01
7656            	4.66963189e+01
7657            	4.66976633e+01
7658            	4.66963334e+01
7659            	4.66963527e+01
7660            	4.66977293e+01
7661            	4.66963251e+01
7662            	4.66963247e+01
7663            	4.66976809e+01
7664            	4.66963297e+01
7665            	4.66963411e+01
7666            	4.66976724e+01
7667            	4.66963222e+01
7668            	4.66963268e+01
7669            	4.66976779e+01
7670            	4.66963267e+01
7671            	4.66963440e+01
7672            	4.66977074e+01
7673            	4.66963504e+01
7674            	4.66963352e+01
7675            	4.66976800e+01
7676            	4.66963568e+01
7677            	4.66963534e+01
7678            	4.66977210e+01
7679            	4.66963683e+01
7680            	4.66963431e+01
7681            	4.66976842e+01
7682            	4.66963290e+01
7683            	4.66963686e+01
7684            	4.66977168e+01
7685            	4.66963655e+01
7686            	4.66963611e+01
7687            	4.66977108e+01
7688            	4.66963421e+01
7689            	4.66963727e+01
7690            	4.66977191e+01
7691            	4.66963600e+01
7692            	4.66963481e+01
7693            	4.66976799e+01
7694            	4.66963371e+01
7695            	4.66963566e+01
7696            	4.66977287e+01
7697            	4.66963590e+01
7698            	4.66963306e+01
7699            	4.66976985e+01
7700            	4.66963296e+01
7701            	4.66963374e+01
7702            	4.66976853e+01
7703            	4.66963297e+01
7704            	4.66963243e+01
7705            	4.66976684e+01
7706            	4.66963130e+01
7707            	4.66963210e+01
7708            	4.66976567e+01
7709            	4.66963414e+01
7710            	4.66963133e+01
7711            	4.66976881e+01
7712            	4.66963296e+01
7713            	4.66963284e+01
7714            	4.66976790e+01
7715            	4.66963392e+01
7716            	4.66963223e+01
7717            	4.66976873e+01
7718            	4.66963390e+01
7719            	4.66963531e+01
7720            	4.66976798e+01
7721            	4.66963514e+01
7722            	4.66963328e+01
7723            	4.66976785e+01
7724            	4.66963488e+01
7725            	4.66963578e+01
7726            	4.66977068e+01
7727            	4.66963670e+01
7728            	4.66963460e+01
7729            	4.66976908e+01
7730            	4.66963535e+01
7731            	4.66963634e+01
7732            	4.66977117e+01
7733            	4.66963557e+01
7734            	4.66963335e+01
7735            	4.66976875e+01
7736            	4.66963393e+01
7737            	4.66963512e+01
7738            	4.66977118e+01
7739            	4.66963495e+01
7740            	4.66963402e+01
7741            	4.66976987e+01
7742            	4.66963171e+01
7743            	4.66963147e+01
7744            	4.66977039e+01
7745            	4.66963582e+01
7746            	4.66963160e+01
7747            	4.66976695e+01
7748            	4.66963407e+01
7749            	4.66963472e+01
7750            	4.66976778e+01
7751            	4.66963109e+01
7752            	4.66963355e+01
7753            	4.66976667e+01
7754            	4.66963288e+01
7755            	4.66963423e+01
7756            	4.66976691e+01
7757            	4.66963047e+01
7758            	4.66963365e+01
7759            	4.66976884e+01
7760            	4.66963311e+01
7761            	4.66963348e+01
7762            	4.66976963e+01
7763            	4.66963419e+01
7764            	4.66963171e+01
7765            	4.66976923e+01
7766            	4.66963499e+01
7767            	4.66963347e+01
7768            	4.66976909e+01
7769            	4.66963507e+01
7770            	4.66963294e+01
7771            	4.66976841e+01
7772            	4.66963497e+01
7773            	4.66963474e+01
7774            	4.66976955e+01
7775            	4.66963511e+01
7776            	4.66963342e+01
7777            	4.66977120e+01
7778            	4.66963617e+01
7779            	4.66963246e+01
7780            	4.66977016e+01
7781            	4.66963443e+01
7782            	4.66963441e+01
7783            	4.66976923e+01
7784            	4.66963614e+01
7785            	4.66963420e+01
7786            	4.66977026e+01
7787            	4.66963577e+01
7788            	4.66963295e+01
7789            	4.66976993e+01
7790            	4.66963677e+01
7791            	4.66963515e+01
7792            	4.66977002e+01
7793            	4.66963474e+01
7794            	4.66963419e+01
7795            	4.66977067e+01
7796            	4.66963576e+01
7797            	4.66963333e+01
7798            	4.66976989e+01
7799            	4.66963404e+01
7800            	4.66963236e+01
7801            	4.66976898e+01
7802            	4.66963050e+01
7803            	4.66963187e+01
7804            	4.66976851e+01
7805            	4.66963314e+01
7806            	4.66963232e+01
7807            	4.66976607e+01
7808            	4.66962955e+01
7809            	4.66963149e+01
7810            	4.66976601e+01
7811            	4.66963139e+01
7812            	4.66963183e+01
7813            	4.66976629e+01
7814            	4.66963525e+01
7815            	4.66963200e+01
7816            	4.66976736e+01
7817            	4.66963387e+01
7818            	4.66963312e+01
7819            	4.66976861e+01
7820            	4.66963425e+01
7821            	4.66963436e+01
7822            	4.66976701e+01
7823            	4.66963516e+01
7824            	4.66963407e+01
7825            	4.66976880e+01
7826            	4.66963508e+01
7827            	4.66963445e+01
7828            	4.66976737e+01
7829            	4.66963419e+01
7830            	4.66963325e+01
7831            	4.66976779e+01
7832            	4.66963235e+01
7833            	4.66963349e+01
7834            	4.66976921e+01
7835            	4.66963541e+01
7836            	4.66963460e+01
7837            	4.66976767e+01
7838            	4.66963524e+01
7839            	4.66963600e+01
7840            	4.66976717e+01
7841            	4.66963256e+01
7842            	4.66963184e+01
7843            	4.66976786e+01
7844            	4.66963294e+01
7845            	4.66963468e+01
7846            	4.66976736e+01
7847            	4.66963388e+01
7848            	4.66963101e+01
7849            	4.66976958e+01
7850            	4.66963257e+01
7851            	4.66963491e+01
7852            	4.66976535e+01
7853            	4.66963277e+01
7854            	4.66962960e+01
7855            	4.66976862e+01
7856            	4.66963148e+01
7857            	4.66963445e+01
7858            	4.66976747e+01
7859            	4.66963274e+01
7860            	4.66963180e+01
7861            	4.66976590e+01
7862            	4.66963245e+01
7863            	4.66963583e+01
7864            	4.66976923e+01
7865            	4.66963434e+01
7866            	4.66963251e+01
7867            	4.66976783e+01
7868            	4.66963450e+01
7869            	4.66963301e+01
7870            	4.66976763e+01
7871            	4.66963782e+01
7872            	4.66963265e+01
7873            	4.66977121e+01
7874            	4.66963434e+01
7875            	4.66963457e+01
7876            	4.66977187e+01
7877            	4.66963535e+01
7878            	4.66963599e+01
7879            	4.66977026e+01
7880            	4.66963558e+01
7881            	4.66963308e+01
7882            	4.66977051e+01
7883            	4.66963396e+01
7884            	4.66962995e+01
7885            	4.66976905e+01
7886            	4.66963487e+01
7887            	4.66963353e+01
7888            	4.66976849e+01
7889            	4.66963393e+01
7890            	4.66963349e+01
7891            	4.66976463e+01
7892            	4.66963331e+01
7893            	4.66963432e+01
7894            	4.66976996e+01
7895            	4.66963427e+01
7896            	4.66963164e+01
7897            	4.66976823e+01
7898            	4.66963515e+01
7899            	4.66963596e+01
7900            	4.66976974e+01
7901            	4.66963367e+01
7902            	4.66963312e+01
7903            	4.66976547e+01
7904            	4.66963358e+01
7905            	4.66963563e+01
7906            	4.66977132e+01
7907            	4.66963497e+01
7908            	4.66963207e+01
7909            	4.66976775e+01
7910            	4.66963349e+01
7911            	4.66963800e+01
7912            	4.66977061e+01
7913            	4.66963538e+01
7914            	4.66963513e+01
7915            	4.66976751e+01
7916            	4.66963506e+01
7917            	4.66963731e+01
7918            	4.66977065e+01
7919            	4.66963474e+01
7920            	4.66963478e+01
7921            	4.66976704e+01
7922            	4.66963531e+01
7923            	4.66963662e+01
7924            	4.66976782e+01
7925            	4.66963207e+01
7926            	4.66963502e+01
7927            	4.66976670e+01
7928            	4.66963417e+01
7929            	4.66963595e+01
7930            	4.66976761e+01
7931            	4.66963199e+01
7932            	4.66963291e+01
7933            	4.66976665e+01
7934            	4.66963175e+01
7935            	4.66963393e+01
7936            	4.66976916e+01
7937            	4.66963450e+01
7938            	4.66963122e+01
7939            	4.66976551e+01
7940            	4.66963173e+01
7941            	4.66963497e+01
7942            	4.66977027e+01
7943            	4.66963269e+01
7944            	4.66963153e+01
7945            	4.66977118e+01
7946            	4.66963358e+01
7947            	4.66963572e+01
7948            	4.66977097e+01
7949            	4.66963496e+01
7950            	4.66963048e+01
7951            	4.66976983e+01
7952            	4.66963367e+01
7953            	4.66963379e+01
7954            	4.66977144e+01
7955            	4.66963478e+01
7956            	4.66963204e+01
7957            	4.66977083e+01
7958            	4.66963354e+01
7959            	4.66963401e+01
7960            	4.66977420e+01
7961            	4.66963822e+01
7962            	4.66963291e+01
7963            	4.66976850e+01
7964            	4.66963306e+01
7965            	4.66963475e+01
7966            	4.66977397e+01
7967            	4.66963840e+01
7968            	4.66963257e+01
7969            	4.66976783e+01
7970            	4.66963305e+01
7971            	4.66963444e+01
7972            	4.66977206e+01
7973            	4.66963537e+01
7974            	4.66963425e+01
7975            	4.66976945e+01
7976            	4.66963254e+01
7977            	4.66963448e+01
7978            	4.66977131e+01
7979            	4.66963456e+01
7980            	4.66963402e+01
7981            	4.66977022e+01
7982            	4.66963418e+01
7983            	4.66963619e+01
7984            	4.66976674e+01
7985            	4.66963027e+01
7986            	4.66963217e+01
7987            	4.66976694e+01
7988            	4.66963300e+01
7989            	4.66963526e+01
7990            	4.66976819e+01
7991            	4.66963406e+01
7992            	4.66963187e+01
7993            	4.66976628e+01
7994            	4.66963311e+01
7995            	4.66963368e+01
7996            	4.66976976e+01
7997            	4.66963492e+01
7998            	4.66963362e+01
7999            	4.66976975e+01
8000            	4.66963454e+01
8001            	4.66963198e+01
8002            	4.66977046e+01
8003            	4.66963620e+01
8004            	4.66963295e+01
8005            	4.66976743e+01
8006            	4.66963449e+01
8007            	4.66963436e+01
8008            	4.66977087e+01
8009            	4.66963604e+01
8010            	4.66963211e+01
8011            	4.66976853e+01
8012            	4.66963370e+01
8013            	4.66963453e+01
8014            	4.66976984e+01
8015            	4.66963450e+01
8016            	4.66963402e+01
8017            	4.66976927e+01
8018            	4.66963631e+01
8019            	4.66963398e+01
8020            	4.66977069e+01
8021            	4.66963604e+01
8022            	4.66963389e+01
8023            	4.66976924e+01
8024            	4.66963335e+01
8025            	4.66963477e+01
8026            	4.66976788e+01
8027            	4.66963403e+01
8028            	4.66963047e+01
8029            	4.66976739e+01
8030            	4.66963214e+01
8031            	4.66963022e+01
8032            	4.66976437e+01
8033            	4.66963176e+01
8034            	4.66963237e+01
8035            	4.66976719e+01
8036            	4.66963394e+01
8037            	4.66962927e+01
8038            	4.66976664e+01
8039            	4.66963584e+01
8040            	4.66963182e+01
8041            	4.66976724e+01
8042            	4.66963160e+01
8043            	4.66963246e+01
8044            	4.66976768e+01
8045            	4.66963432e+01
8046            	4.66962986e+01
8047            	4.66976955e+01
8048            	4.66963405e+01
8049            	4.66963172e+01
8050            	4.66976853e+01
8051            	4.66963399e+01
8052            	4.66963293e+01
8053            	4.66976744e+01
8054            	4.66963381e+01
8055            	4.66963446e+01
8056            	4.66976906e+01
8057            	4.66963447e+01
8058            	4.66963462e+01
8059            	4.66977241e+01
8060            	4.66963401e+01
8061            	4.66963341e+01
8062            	4.66977037e+01
8063            	4.66963554e+01
8064            	4.66963584e+01
8065            	4.66976853e+01
8066            	4.66963567e+01
8067            	4.66963531e+01
8068            	4.66976963e+01
8069            	4.66963517e+01
8070            	4.66963465e+01
8071            	4.66977294e+01
8072            	4.66963744e+01
8073            	4.66963689e+01
8074            	4.66977079e+01
8075            	4.66963725e+01
8076            	4.66963453e+01
8077            	4.66976732e+01
8078            	4.66963387e+01
8079            	4.66963460e+01
8080            	4.66977073e+01
8081            	4.66963553e+01
8082            	4.66963434e+01
8083            	4.66976449e+01
8084            	4.66963029e+01
8085            	4.66963320e+01
8086            	4.66976948e+01
8087            	4.66963178e+01
8088            	4.66963236e+01
8089            	4.66976978e+01
8090            	4.66963052e+01
8091            	4.66963041e+01
8092            	4.66976888e+01
8093            	4.66963380e+01
8094            	4.66963253e+01
8095            	4.66976578e+01
8096            	4.66963296e+01
8097            	4.66963153e+01
8098            	4.66976986e+01
8099            	4.66963437e+01
8100            	4.66963333e+01
8101            	4.66976754e+01
8102            	4.66963382e+01
8103            	4.66963429e+01
8104            	4.66977023e+01
8105            	4.66963348e+01
8106            	4.66963398e+01
8107            	4.66976926e+01
8108            	4.66963260e+01
8109            	4.66963277e+01
8110            	4.66976992e+01
8111            	4.66963555e+01
8112            	4.66963374e+01
8113            	4.66976953e+01
8114            	4.66963537e+01
8115            	4.66963362e+01
8116            	4.66977022e+01
8117            	4.66963584e+01
8118            	4.66963100e+01
8119            	4.66976875e+01
8120            	4.66963201e+01
8121            	4.66963567e+01
8122            	4.66977092e+01
8123            	4.66963671e+01
8124            	4.66963088e+01
8125            	4.66976930e+01
8126            	4.66963517e+01
8127            	4.66963341e+01
8128            	4.66977084e+01
8129            	4.66963256e+01
8130            	4.66963162e+01
8131            	4.66976802e+01
8132            	4.66963066e+01
8133            	4.66963473e+01
8134            	4.66976921e+01
8135            	4.66963240e+01
8136            	4.66963228e+01
8137            	4.66976631e+01
8138            	4.66963110e+01
8139            	4.66963506e+01
8140            	4.66976641e+01
8141            	4.66963233e+01
8142            	4.66963252e+01
8143            	4.66976664e+01
8144            	4.66963231e+01
8145            	4.66963413e+01
8146            	4.66976800e+01
8147            	4.66963071e+01
8148            	4.66963290e+01
8149            	4.66976949e+01
8150            	4.66963348e+01
8151            	4.66963207e+01
8152            	4.66976910e+01
8153            	4.66963246e+01
8154            	4.66963266e+01
8155            	4.66976819e+01
8156            	4.66963391e+01
8157            	4.66963298e+01
8158            	4.66976660e+01
8159            	4.66963462e+01
8160            	4.66963344e+01
8161            	4.66977012e+01
8162            	4.66963711e+01
8163            	4.66963223e+01
8164            	4.66976658e+01
8165            	4.66963262e+01
8166            	4.66963335e+01
8167            	4.66977083e+01
8168            	4.66963700e+01
8169            	4.66963486e+01
8170            	4.66976912e+01
8171            	4.66963581e+01
8172            	4.66963367e+01
8173            	4.66977125e+01
8174            	4.66963580e+01
8175            	4.66963809e+01
8176            	4.66977005e+01
8177            	4.66963479e+01
8178            	4.66963419e+01
8179            	4.66976907e+01
8180            	4.66963323e+01
8181            	4.66963686e+01
8182            	4.66976922e+01
8183            	4.66963213e+01
8184            	4.66963447e+01
8185            	4.66976691e+01
8186            	4.66963462e+01
8187            	4.66963548e+01
8188            	4.66976926e+01
8189            	4.66963237e+01
8190            	4.66963107e+01
8191            	4.66976743e+01
8192            	4.66963530e+01
8193            	4.66963578e+01
8194            	4.66976929e+01
8195            	4.66963484e+01
8196            	4.66963289e+01
8197            	4.66976843e+01
8198            	4.66963380e+01
8199            	4.66963499e+01
8200            	4.66976935e+01
8201            	4.66963015e+01
8202            	4.66963121e+01
8203            	4.66976789e+01
8204            	4.66963588e+01
8205            	4.66963280e+01
8206            	4.66976738e+01
8207            	4.66963686e+01
8208            	4.66963293e+01
8209            	4.66976840e+01
8210            	4.66963277e+01
8211            	4.66963455e+01
8212            	4.66977179e+01
8213            	4.66963752e+01
8214            	4.66963302e+01
8215            	4.66977116e+01
8216            	4.66963634e+01
8217            	4.66963470e+01
8218            	4.66976920e+01
8219            	4.66963646e+01
8220            	4.66963223e+01
8221            	4.66977124e+01
8222            	4.66963518e+01
8223            	4.66963632e+01
8224            	4.66976833e+01
8225            	4.66962973e+01
8226            	4.66963378e+01
8227            	4.66976770e+01
8228            	4.66963329e+01
8229            	4.66963554e+01
8230            	4.66976941e+01
8231            	4.66963440e+01
8232            	4.66963096e+01
8233            	4.66977065e+01
8234            	4.66963569e+01
8235            	4.66963567e+01
8236            	4.66976738e+01
8237            	4.66963186e+01
8238            	4.66963037e+01
8239            	4.66976685e+01
8240            	4.66963391e+01
8241            	4.66963482e+01
8242            	4.66976739e+01
8243            	4.66963383e+01
8244            	4.66963025e+01
8245            	4.66977226e+01
8246            	4.66963411e+01
8247            	4.66963605e+01
8248            	4.66977166e+01
8249            	4.66963383e+01
8250            	4.66963267e+01
8251            	4.66976642e+01
8252            	4.66963337e+01
8253            	4.66963538e+01
8254            	4.66976842e+01
8255            	4.66963368e+01
8256            	4.66963277e+01
8257            	4.66976895e+01
8258            	4.66963423e+01
8259            	4.66963443e+01
8260            	4.66976903e+01
8261            	4.66963452e+01
8262            	4.66963437e+01
8263            	4.66976814e+01
8264            	4.66963355e+01
8265            	4.66963592e+01
8266            	4.66976852e+01
8267            	4.66963368e+01
8268            	4.66963475e+01
8269            	4.66976907e+01
8270            	4.66963378e+01
8271            	4.66963524e+01
8272            	4.66976962e+01
8273            	4.66963439e+01
8274            	4.66963416e+01
8275            	4.66976952e+01
8276            	4.66963517e+01
8277            	4.66963513e+01
8278            	4.66976675e+01
8279            	4.66963335e+01
8280            	4.66963223e+01
8281            	4.66976949e+01
8282            	4.66963457e+01
8283            	4.66963335e+01
8284            	4.66976885e+01
8285            	4.66963536e+01
8286            	4.66963148e+01
8287            	4.66977110e+01
8288            	4.66963489e+01
8289            	4.66963317e+01
8290            	4.66976829e+01
8291            	4.66963303e+01
8292            	4.66963256e+01
8293            	4.66976702e+01
8294            	4.66963511e+01
8295            	4.66963344e+01
8296            	4.66976712e+01
8297            	4.66963459e+01
8298            	4.66963168e+01
8299            	4.66976909e+01
8300            	4.66963459e+01
8301            	4.66963339e+01
8302            	4.66976799e+01
8303            	4.66963247e+01
8304            	4.66962975e+01
8305            	4.66976996e+01
8306            	4.66963449e+01
8307            	4.66963314e+01
8308            	4.66976758e+01
8309            	4.66963391e+01
8310            	4.66963391e+01
8311            	4.66976886e+01
8312            	4.66963521e+01
8313            	4.66963386e+01
8314            	4.66977021e+01
8315            	4.66963479e+01
8316            	4.66963500e+01
8317            	4.66976867e+01
8318            	4.66963326e+01
8319            	4.66963259e+01
8320            	4.66976961e+01
8321            	4.66963423e+01
8322            	4.66963533e+01
8323            	4.66976691e+01
8324            	4.66963126e+01
8325            	4.66963311e+01
8326            	4.66976851e+01
8327            	4.66963465e+01
8328            	4.66963196e+01
8329            	4.66976804e+01
8330            	4.66963264e+01
8331            	4.66963098e+01
8332            	4.66977034e+01
8333            	4.66963454e+01
8334            	4.66963168e+01
8335            	4.66976690e+01
8336            	4.66963117e+01
8337            	4.66963180e+01
8338            	4.66976981e+01
8339            	4.66963585e+01
8340            	4.66963247e+01
8341            	4.66976869e+01
8342            	4.66963243e+01
8343            	4.66963400e+01
8344            	4.66977054e+01
8345            	4.66963450e+01
8346            	4.66963090e+01
8347            	4.66976886e+01
8348            	4.66963516e+01
8349            	4.66963488e+01
8350            	4.66976926e+01
8351            	4.66963422e+01
8352            	4.66963336e+01
8353            	4.66977177e+01
8354            	4.66963485e+01
8355            	4.66963561e+01
8356            	4.66977036e+01
8357            	4.66963638e+01
8358            	4.66963459e+01
8359            	4.66977146e+01
8360            	4.66963544e+01
8361            	4.66963607e+01
8362            	4.66977121e+01
8363            	4.66963734e+01
8364            	4.66963335e+01
8365            	4.66976998e+01
8366            	4.66963434e+01
8367            	4.66963504e+01
8368            	4.66977204e+01
8369            	4.66963612e+01
8370            	4.66963321e+01
8371            	4.66976969e+01
8372            	4.66963680e+01
8373            	4.66963503e+01
8374            	4.66977026e+01
8375            	4.66963133e+01
8376            	4.66962980e+01
8377            	4.66976947e+01
8378            	4.66963242e+01
8379            	4.66963505e+01
8380            	4.66976838e+01
8381            	4.66963314e+01
8382            	4.66963118e+01
8383            	4.66976860e+01
8384            	4.66963445e+01
8385            	4.66963520e+01
8386            	4.66976895e+01
8387            	4.66963367e+01
8388            	4.66963301e+01
8389            	4.66976835e+01
8390            	4.66963285e+01
8391            	4.66963381e+01
8392            	4.66976609e+01
8393            	4.66963209e+01
8394            	4.66963031e+01
8395            	4.66976750e+01
8396            	4.66963480e+01
8397            	4.66963433e+01
8398            	4.66977018e+01
8399            	4.66963400e+01
8400            	4.66963244e+01
8401            	4.66977095e+01
8402            	4.66963384e+01
8403            	4.66963704e+01
8404            	4.66976857e+01
8405            	4.66963276e+01
8406            	4.66963268e+01
8407            	4.66977101e+01
8408            	4.66963428e+01
8409            	4.66963730e+01
8410            	4.66976816e+01
8411            	4.66963289e+01
8412            	4.66963306e+01
8413            	4.66976931e+01
8414            	4.66963538e+01
8415            	4.66963470e+01
8416            	4.66976552e+01
8417            	4.66963107e+01
8418            	4.66963087e+01
8419            	4.66976957e+01
8420            	4.66963312e+01
8421            	4.66963629e+01
8422            	4.66976853e+01
8423            	4.66963229e+01
8424            	4.66963140e+01
8425            	4.66977145e+01
8426            	4.66963490e+01
8427            	4.66963519e+01
8428            	4.66976720e+01
8429            	4.66963389e+01
8430            	4.66963271e+01
8431            	4.66976846e+01
8432            	4.66963296e+01
8433            	4.66963450e+01
8434            	4.66976954e+01
8435            	4.66963532e+01
8436            	4.66963263e+01
8437            	4.66976992e+01
8438            	4.66963564e+01
8439            	4.66963739e+01
8440            	4.66976994e+01
8441            	4.66963256e+01
8442            	4.66963078e+01
8443            	4.66976897e+01
8444            	4.66963798e+01
8445            	4.66963464e+01
8446            	4.66976971e+01
8447            	4.66963388e+01
8448            	4.66963288e+01
8449            	4.66977194e+01
8450            	4.66963515e+01
8451            	4.66963491e+01
8452            	4.66976876e+01
8453            	4.66963369e+01
8454            	4.66963214e+01
8455            	4.66976751e+01
8456            	4.66963142e+01
8457            	4.66963741e+01
8458            	4.66976725e+01
8459            	4.66963182e+01
8460            	4.66963267e+01
8461            	4.66976967e+01
8462            	4.66963134e+01
8463            	4.66963693e+01
8464            	4.66976768e+01
8465            	4.66963409e+01
8466            	4.66963252e+01
8467            	4.66976685e+01
8468            	4.66963465e+01
8469            	4.66963524e+01
8470            	4.66976743e+01
8471            	4.66963405e+01
8472            	4.66963069e+01
8473            	4.66976919e+01
8474            	4.66963392e+01
8475            	4.66963535e+01
8476            	4.66976961e+01
8477            	4.66963490e+01
8478            	4.66963437e+01
8479            	4.66977068e+01
8480            	4.66963483e+01
8481            	4.66963563e+01
8482            	4.66976964e+01
8483            	4.66963358e+01
8484            	4.66963132e+01
8485            	4.66977103e+01
8486            	4.66963486e+01
8487            	4.66963743e+01
8488            	4.66977042e+01
8489            	4.66963712e+01
8490            	4.66963273e+01
8491            	4.66977043e+01
8492            	4.66963694e+01
8493            	4.66963317e+01
8494            	4.66977098e+01
8495            	4.66963480e+01
8496            	4.66963322e+01
8497            	4.66976916e+01
8498            	4.66963554e+01
8499            	4.66963727e+01
8500            	4.66976900e+01
8501            	4.66963517e+01
8502            	4.66963195e+01
8503            	4.66977009e+01
8504            	4.66963709e+01
8505            	4.66963535e+01
8506            	4.66977064e+01
8507            	4.66963225e+01
8508            	4.66963228e+01
8509            	4.66977039e+01
8510            	4.66963494e+01
8511            	4.66963467e+01
8512            	4.66976715e+01
8513            	4.66963211e+01
8514            	4.66963297e+01
8515            	4.66976583e+01
8516            	4.66963275e+01
8517            	4.66963235e+01
8518            	4.66976703e+01
8519            	4.66963365e+01
8520            	4.66963237e+01
8521            	4.66976550e+01
8522            	4.66963037e+01
8523            	4.66963249e+01
8524            	4.66976725e+01
8525            	4.66963331e+01
8526            	4.66963064e+01
8527            	4.66976626e+01
8528            	4.66963144e+01
8529            	4.66963497e+01
8530            	4.66976966e+01
8531            	4.66963345e+01
8532            	4.66963135e+01
8533            	4.66976766e+01
8534            	4.66963196e+01
8535            	4.66963755e+01
8536            	4.66976615e+01
8537            	4.66963358e+01
8538            	4.66963501e+01
8539            	4.66976753e+01
8540            	4.66963354e+01
8541            	4.66963610e+01
8542            	4.66976857e+01
8543            	4.66963467e+01
8544            	4.66963531e+01
8545            	4.66976938e+01
8546            	4.66963326e+01
8547            	4.66963298e+01
8548            	4.66976922e+01
8549            	4.66963603e+01
8550            	4.66963325e+01
8551            	4.66976867e+01
8552            	4.66963378e+01
8553            	4.66963368e+01
8554            	4.66976718e+01
8555            	4.66963178e+01
8556            	4.66963085e+01
8557            	4.66977000e+01
8558            	4.66963372e+01
8559            	4.66963160e+01
8560            	4.66977001e+01
8561            	4.66963220e+01
8562            	4.66963236e+01
8563            	4.66976725e+01
8564            	4.66963404e+01
8565            	4.66963344e+01
8566            	4.66976796e+01
8567            	4.66963367e+01
8568            	4.66963211e+01
8569            	4.66976818e+01
8570            	4.66963171e+01
8571            	4.66963564e+01
8572            	4.66977025e+01
8573            	4.66963606e+01
8574            	4.66963129e+01
8575            	4.66976630e+01
8576            	4.66963148e+01
8577            	4.66963463e+01
8578            	4.66977166e+01
8579            	4.66963561e+01
8580            	4.66963162e+01
8581            	4.66976591e+01
8582            	4.66963220e+01
8583            	4.66963476e+01
8584            	4.66977119e+01
8585            	4.66963517e+01
8586            	4.66963585e+01
8587            	4.66976775e+01
8588            	4.66963181e+01
8589            	4.66963449e+01
8590            	4.66976890e+01
8591            	4.66963559e+01
8592            	4.66963217e+01
8593            	4.66976860e+01
8594            	4.66963417e+01
8595            	4.66963224e+01
8596            	4.66977150e+01
8597            	4.66963633e+01
8598            	4.66963060e+01
8599            	4.66976900e+01
8600            	4.66963418e+01
8601            	4.66963584e+01
8602            	4.66976879e+01
8603            	4.66963387e+01
8604            	4.66963185e+01
8605            	4.66976848e+01
8606            	4.66963185e+01
8607            	4.66963600e+01
8608            	4.66976782e+01
8609            	4.66963458e+01
8610            	4.66962966e+01
8611            	4.66976915e+01
8612            	4.66963471e+01
8613            	4.66963657e+01
8614            	4.66976977e+01
8615            	4.66963323e+01
8616            	4.66963078e+01
8617            	4.66976677e+01
8618            	4.66963368e+01
8619            	4.66963484e+01
8620            	4.66977034e+01
8621            	4.66963392e+01
8622            	4.66963293e+01
8623            	4.66976788e+01
8624            	4.66963290e+01
8625            	4.66963598e+01
8626            	4.66976914e+01
8627            	4.66963267e+01
8628            	4.66963351e+01
8629            	4.66976985e+01
8630            	4.66963230e+01
8631            	4.66963285e+01
8632            	4.66976915e+01
8633            	4.66963221e+01
8634            	4.66963231e+01
8635            	4.66976768e+01
8636            	4.66963228e+01
8637            	4.66963407e+01
8638            	4.66976804e+01
8639            	4.66963224e+01
8640            	4.66963368e+01
8641            	4.66976610e+01
8642            	4.66963158e+01
8643            	4.66963548e+01
8644            	4.66976865e+01
8645            	4.66963464e+01
8646            	4.66963448e+01
8647            	4.66976995e+01
8648            	4.66963394e+01
8649            	4.66963560e+01
8650            	4.66976706e+01
8651            	4.66963307e+01
8652            	4.66963282e+01
8653            	4.66976782e+01
8654            	4.66963220e+01
8655            	4.66963667e+01
8656            	4.66976903e+01
8657            	4.66963324e+01
8658            	4.66963367e+01
8659            	4.66976663e+01
8660            	4.66963339e+01
8661            	4.66963511e+01
8662            	4.66977047e+01
8663            	4.66963490e+01
8664            	4.66963301e+01
8665            	4.66976758e+01
8666            	4.66963669e+01
8667            	4.66963435e+01
8668            	4.66976874e+01
8669            	4.66963539e+01
8670            	4.66963075e+01
8671            	4.66977139e+01
8672            	4.66963666e+01
8673            	4.66963403e+01
8674            	4.66976965e+01
8675            	4.66963435e+01
8676            	4.66963177e+01
8677            	4.66977150e+01
8678            	4.66963613e+01
8679            	4.66963636e+01
8680            	4.66976916e+01
8681            	4.66963217e+01
8682            	4.66963163e+01
8683            	4.66977009e+01
8684            	4.66963587e+01
8685            	4.66963694e+01
8686            	4.66976703e+01
8687            	4.66963142e+01
8688            	4.66963380e+01
8689            	4.66977105e+01
8690            	4.66963276e+01
8691            	4.66963737e+01
8692            	4.66976637e+01
8693            	4.66963076e+01
8694            	4.66963300e+01
8695            	4.66976883e+01
8696            	4.66963351e+01
8697            	4.66963440e+01
8698            	4.66976804e+01
8699            	4.66963023e+01
8700            	4.66963146e+01
8701            	4.66976962e+01
8702            	4.66963415e+01
8703            	4.66963361e+01
8704            	4.66976489e+01
8705            	4.66963014e+01
8706            	4.66963239e+01
8707            	4.66977057e+01
8708            	4.66963416e+01
8709            	4.66963692e+01
8710            	4.66976780e+01
8711            	4.66963359e+01
8712            	4.66963176e+01
8713            	4.66977019e+01
8714            	4.66963428e+01
8715            	4.66963281e+01
8716            	4.66976845e+01
8717            	4.66963486e+01
8718            	4.66963127e+01
8719            	4.66977231e+01
8720            	4.66963685e+01
8721            	4.66963412e+01
8722            	4.66977051e+01
8723            	4.66963600e+01
8724            	4.66963142e+01
8725            	4.66977174e+01
8726            	4.66963820e+01
8727            	4.66963437e+01
8728            	4.66976878e+01
8729            	4.66963760e+01
8730            	4.66963121e+01
8731            	4.66977047e+01
8732            	4.66963979e+01
8733            	4.66963557e+01
8734            	4.66977012e+01
8735            	4.66963619e+01
8736            	4.66963400e+01
8737            	4.66977109e+01
8738            	4.66963416e+01
8739            	4.66963450e+01
8740            	4.66976483e+01
8741            	4.66963329e+01
8742            	4.66963333e+01
8743            	4.66976823e+01
8744            	4.66963177e+01
8745            	4.66963238e+01
8746            	4.66977005e+01
8747            	4.66963415e+01
8748            	4.66963308e+01
8749            	4.66976751e+01
8750            	4.66963047e+01
8751            	4.66963285e+01
8752            	4.66976742e+01
8753            	4.66963375e+01
8754            	4.66963265e+01
8755            	4.66976745e+01
8756            	4.66963174e+01
8757            	4.66963520e+01
8758            	4.66976898e+01
8759            	4.66963495e+01
8760            	4.66963123e+01
8761            	4.66976769e+01
8762            	4.66963244e+01
8763            	4.66963352e+01
8764            	4.66977161e+01
8765            	4.66963732e+01
8766            	4.66963277e+01
8767            	4.66976822e+01
8768            	4.66963329e+01
8769            	4.66963477e+01
8770            	4.66977109e+01
8771            	4.66963680e+01
8772            	4.66963355e+01
8773            	4.66977062e+01
8774            	4.66963376e+01
8775            	4.66963370e+01
8776            	4.66977076e+01
8777            	4.66963544e+01
8778            	4.66963118e+01
8779            	4.66976922e+01
8780            	4.66963602e+01
8781            	4.66963499e+01
8782            	4.66976954e+01
8783            	4.66963547e+01
8784            	4.66963237e+01
8785            	4.66976677e+01
8786            	4.66963237e+01
8787            	4.66963587e+01
8788            	4.66977108e+01
8789            	4.66963487e+01
8790            	4.66963340e+01
8791            	4.66976773e+01
8792            	4.66963417e+01
8793            	4.66963425e+01
8794            	4.66976885e+01
8795            	4.66963580e+01
8796            	4.66963052e+01
8797            	4.66976782e+01
8798            	4.66963144e+01
8799            	4.66963537e+01
8800            	4.66977063e+01
8801            	4.66963662e+01
8802            	4.66963153e+01
8803            	4.66976648e+01
8804            	4.66963314e+01
8805            	4.66963627e+01
8806            	4.66977014e+01
8807            	4.66963558e+01
8808            	4.66963412e+01
8809            	4.66976899e+01
8810            	4.66963525e+01
8811            	4.66963387e+01
8812            	4.66977312e+01
8813            	4.66963487e+01
8814            	4.66963407e+01
8815            	4.66976983e+01
8816            	4.66963483e+01
8817            	4.66963625e+01
8818            	4.66977108e+01
8819            	4.66963526e+01
8820            	4.66963205e+01
8821            	4.66976966e+01
8822            	4.66963520e+01
8823            	4.66963449e+01
8824            	4.66977076e+01
8825            	4.66963581e+01
8826            	4.66963063e+01
8827            	4.66976691e+01
8828            	4.66963158e+01
8829            	4.66963250e+01
8830            	4.66977004e+01
8831            	4.66963460e+01
8832            	4.66963176e+01
8833            	4.66977103e+01
8834            	4.66963453e+01
8835            	4.66963513e+01
8836            	4.66976899e+01
8837            	4.66963291e+01
8838            	4.66963384e+01
8839            	4.66976810e+01
8840            	4.66963432e+01
8841            	4.66963388e+01
8842            	4.66976802e+01
8843            	4.66963197e+01
8844            	4.66963123e+01
8845            	4.66976940e+01
8846            	4.66963441e+01
8847            	4.66963405e+01
8848            	4.66976983e+01
8849            	4.66963080e+01
8850            	4.66963428e+01
8851            	4.66977047e+01
8852            	4.66963323e+01
8853            	4.66963465e+01
8854            	4.66976585e+01
8855            	4.66963363e+01
8856            	4.66963533e+01
8857            	4.66976892e+01
8858            	4.66963579e+01
8859            	4.66963581e+01
8860            	4.66977041e+01
8861            	4.66963567e+01
8862            	4.66963290e+01
8863            	4.66976897e+01
8864            	4.66963339e+01
8865            	4.66963504e+01
8866            	4.66976731e+01
8867            	4.66963249e+01
8868            	4.66963190e+01
8869            	4.66976887e+01
8870            	4.66963547e+01
8871            	4.66963312e+01
8872            	4.66976982e+01
8873            	4.66963240e+01
8874            	4.66963001e+01
8875            	4.66976929e+01
8876            	4.66963426e+01
8877            	4.66963295e+01
8878            	4.66976817e+01
8879            	4.66963439e+01
8880            	4.66963027e+01
8881            	4.66976972e+01
8882            	4.66963294e+01
8883            	4.66963462e+01
8884            	4.66976703e+01
8885            	4.66963317e+01
8886            	4.66963290e+01
8887            	4.66977023e+01
8888            	4.66963443e+01
8889            	4.66963623e+01
8890            	4.66976891e+01
8891            	4.66963567e+01
8892            	4.66963542e+01
8893            	4.66976968e+01
8894            	4.66963552e+01
8895            	4.66963560e+01
8896            	4.66976849e+01
8897            	4.66963399e+01
8898            	4.66963566e+01
8899            	4.66977173e+01
8900            	4.66963508e+01
8901            	4.66963666e+01
8902            	4.66976977e+01
8903            	4.66963526e+01
8904            	4.66963362e+01
8905            	4.66977242e+01
8906            	4.66963439e+01
8907            	4.66963613e+01
8908            	4.66976925e+01
8909            	4.66963300e+01
8910            	4.66963290e+01
8911            	4.66977009e+01
8912            	4.66963276e+01
8913            	4.66963379e+01
8914            	4.66976993e+01
8915            	4.66963207e+01
8916            	4.66963216e+01
8917            	4.66976693e+01
8918            	4.66963136e+01
8919            	4.66963378e+01
8920            	4.66976900e+01
8921            	4.66963286e+01
8922            	4.66963324e+01
8923            	4.66976970e+01
8924            	4.66963365e+01
8925            	4.66963423e+01
8926            	4.66976680e+01
8927            	4.66963381e+01
8928            	4.66963393e+01
8929            	4.66977152e+01
8930            	4.66963484e+01
8931            	4.66963478e+01
8932            	4.66976995e+01
8933            	4.66963458e+01
8934            	4.66963567e+01
8935            	4.66977124e+01
8936            	4.66963616e+01
8937            	4.66963431e+01
8938            	4.66976885e+01
8939            	4.66963631e+01
8940            	4.66963469e+01
8941            	4.66977065e+01
8942            	4.66963638e+01
8943            	4.66963188e+01
8944            	4.66976764e+01
8945            	4.66963473e+01
8946            	4.66963533e+01
8947            	4.66976852e+01
8948            	4.66963199e+01
8949            	4.66963659e+01
8950            	4.66976982e+01
8951            	4.66963228e+01
8952            	4.66963207e+01
8953            	4.66976802e+01
8954            	4.66962947e+01
8955            	4.66963426e+01
8956            	4.66976855e+01
8957            	4.66963111e+01
8958            	4.66963038e+01
8959            	4.66976471e+01
8960            	4.66963048e+01
8961            	4.66963554e+01
8962            	4.66976843e+01
8963            	4.66963317e+01
8964            	4.66963204e+01
8965            	4.66976849e+01
8966            	4.66963052e+01
8967            	4.66963566e+01
8968            	4.66976885e+01
8969            	4.66963423e+01
8970            	4.66963240e+01
8971            	4.66976777e+01
8972            	4.66963552e+01
8973            	4.66963515e+01
8974            	4.66976797e+01
8975            	4.66963453e+01
8976            	4.66963278e+01
8977            	4.66976964e+01
8978            	4.66963433e+01
8979            	4.66963581e+01
8980            	4.66976778e+01
8981            	4.66963208e+01
8982            	4.66963269e+01
8983            	4.66976991e+01
8984            	4.66963608e+01
8985            	4.66963523e+01
8986            	4.66976859e+01
8987            	4.66963430e+01
8988            	4.66963263e+01
8989            	4.66977196e+01
8990            	4.66963723e+01
8991            	4.66963506e+01
8992            	4.66976825e+01
8993            	4.66963214e+01
8994            	4.66963340e+01
8995            	4.66977113e+01
8996            	4.66963459e+01
8997            	4.66963432e+01
8998            	4.66976933e+01
8999            	4.66963197e+01
9000            	4.66963116e+01
9001            	4.66977078e+01
9002            	4.66963476e+01
9003            	4.66963403e+01
9004            	4.66976817e+01
9005            	4.66963339e+01
9006            	4.66963159e+01
9007            	4.66977020e+01
9008            	4.66963528e+01
9009            	4.66963487e+01
9010            	4.66976908e+01
9011            	4.66963281e+01
9012            	4.66963226e+01
9013            	4.66977012e+01
9014            	4.66963360e+01
9015            	4.66963620e+01
9016            	4.66976871e+01
9017            	4.66963483e+01
9018            	4.66963319e+01
9019            	4.66977004e+01
9020            	4.66963339e+01
9021            	4.66963689e+01
9022            	4.66976924e+01
9023            	4.66963349e+01
9024            	4.66963406e+01
9025            	4.66977020e+01
9026            	4.66963537e+01
9027            	4.66963627e+01
9028            	4.66976663e+01
9029            	4.66963304e+01
9030            	4.66963284e+01
9031            	4.66976999e+01
9032            	4.66963481e+01
9033            	4.66963331e+01
9034            	4.66976840e+01
9035            	4.66963473e+01
9036            	4.66963338e+01
9037            	4.66976950e+01
9038            	4.66963282e+01
9039            	4.66963477e+01
9040            	4.66976917e+01
9041            	4.66963498e+01
9042            	4.66963321e+01
9043            	4.66976968e+01
9044            	4.66963161e+01
9045            	4.66963308e+01
9046            	4.66977090e+01
9047            	4.66963418e+01
9048            	4.66963284e+01
9049            	4.66976945e+01
9050            	4.66963492e+01
9051            	4.66963436e+01
9052            	4.66977003e+01
9053            	4.66963466e+01
9054            	4.66963400e+01
9055            	4.66976814e+01
9056            	4.66963292e+01
9057            	4.66963535e+01
9058            	4.66976927e+01
9059            	4.66963778e+01
9060            	4.66963381e+01
9061            	4.66976860e+01
9062            	4.66963298e+01
9063            	4.66963554e+01
9064            	4.66976856e+01
9065            	4.66963656e+01
9066            	4.66963563e+01
9067            	4.66976907e+01
9068            	4.66963366e+01
9069            	4.66963571e+01
9070            	4.66976853e+01
9071            	4.66963518e+01
9072            	4.66963257e+01
9073            	4.66976585e+01
9074            	4.66963181e+01
9075            	4.66963473e+01
9076            	4.66976597e+01
9077            	4.66963456e+01
9078            	4.66963251e+01
9079            	4.66976548e+01
9080            	4.66963372e+01
9081            	4.66963312e+01
9082            	4.66976719e+01
9083            	4.66963202e+01
9084            	4.66963284e+01
9085            	4.66976837e+01
9086            	4.66963109e+01
9087            	4.66963329e+01
9088            	4.66976694e+01
9089            	4.66963132e+01
9090            	4.66963248e+01
9091            	4.66976842e+01
9092            	4.66963337e+01
9093            	4.66963230e+01
9094            	4.66976546e+01
9095            	4.66963305e+01
9096            	4.66963186e+01
9097            	4.66976670e+01
9098            	4.66963524e+01
9099            	4.66963228e+01
9100            	4.66976759e+01
9101            	4.66963523e+01
9102            	4.66963337e+01
9103            	4.66976646e+01
9104            	4.66963210e+01
9105            	4.66963059e+01
9106            	4.66976839e+01
9107            	4.66963356e+01
9108            	4.66963405e+01
9109            	4.66976480e+01
9110            	4.66963144e+01
9111            	4.66962994e+01
9112            	4.66976962e+01
9113            	4.66963366e+01
9114            	4.66963237e+01
9115            	4.66976630e+01
9116            	4.66963204e+01
9117            	4.66963425e+01
9118            	4.66976947e+01
9119            	4.66963316e+01
9120            	4.66963342e+01
9121            	4.66976536e+01
9122            	4.66963427e+01
9123            	4.66963527e+01
9124            	4.66976896e+01
9125            	4.66963444e+01
9126            	4.66963340e+01
9127            	4.66976937e+01
9128            	4.66963437e+01
9129            	4.66963208e+01
9130            	4.66977042e+01
9131            	4.66963638e+01
9132            	4.66963042e+01
9133            	4.66976946e+01
9134            	4.66963648e+01
9135            	4.66963035e+01
9136            	4.66977124e+01
9137            	4.66963567e+01
9138            	4.66962939e+01
9139            	4.66976909e+01
9140            	4.66963586e+01
9141            	4.66962990e+01
9142            	4.66976866e+01
9143            	4.66963381e+01
9144            	4.66963508e+01
9145            	4.66976902e+01
9146            	4.66963214e+01
9147            	4.66963372e+01
9148            	4.66976973e+01
9149            	4.66963491e+01
9150            	4.66963284e+01
9151            	4.66976951e+01
9152            	4.66963417e+01
9153            	4.66963305e+01
9154            	4.66976989e+01
9155            	4.66963389e+01
9156            	4.66963488e+01
9157            	4.66977005e+01
9158            	4.66963212e+01
9159            	4.66963391e+01
9160            	4.66976859e+01
9161            	4.66963312e+01
9162            	4.66963000e+01
9163            	4.66976687e+01
9164            	4.66963179e+01
9165            	4.66963300e+01
9166            	4.66976792e+01
9167            	4.66963329e+01
9168            	4.66963249e+01
9169            	4.66976799e+01
9170            	4.66963146e+01
9171            	4.66963407e+01
9172            	4.66976554e+01
9173            	4.66963248e+01
9174            	4.66963157e+01
9175            	4.66976725e+01
9176            	4.66963246e+01
9177            	4.66963479e+01
9178            	4.66976750e+01
9179            	4.66963411e+01
9180            	4.66963399e+01
9181            	4.66976830e+01
9182            	4.66963257e+01
9183            	4.66963647e+01
9184            	4.66976795e+01
9185            	4.66963335e+01
9186            	4.66963402e+01
9187            	4.66977165e+01
9188            	4.66963246e+01
9189            	4.66963281e+01
9190            	4.66976804e+01
9191            	4.66963364e+01
9192            	4.66963269e+01
9193            	4.66976808e+01
9194            	4.66963437e+01
9195            	4.66963537e+01
9196            	4.66976943e+01
9197            	4.66963536e+01
9198            	4.66963341e+01
9199            	4.66976955e+01
9200            	4.66963206e+01
9201            	4.66963351e+01
9202            	4.66976826e+01
9203            	4.66963290e+01
9204            	4.66963367e+01
9205            	4.66976797e+01
9206            	4.66963324e+01
9207            	4.66963419e+01
9208            	4.66976675e+01
9209            	4.66963349e+01
9210            	4.66963095e+01
9211            	4.66976695e+01
9212            	4.66963332e+01
9213            	4.66963300e+01
9214            	4.66976678e+01
9215            	4.66963437e+01
9216            	4.66963387e+01
9217            	4.66976726e+01
9218            	4.66963526e+01
9219            	4.66963310e+01
9220            	4.66976962e+01
9221            	4.66963517e+01
9222            	4.66963342e+01
9223            	4.66976945e+01
9224            	4.66963661e+01
9225            	4.66963367e+01
9226            	4.66977109e+01
9227            	4.66963439e+01
9228            	4.66963408e+01
9229            	4.66977033e+01
9230            	4.66963550e+01
9231            	4.66963232e+01
9232            	4.66977035e+01
9233            	4.66963511e+01
9234            	4.66963404e+01
9235            	4.66977089e+01
9236            	4.66963528e+01
9237            	4.66963529e+01
9238            	4.66976776e+01
9239            	4.66963448e+01
9240            	4.66963335e+01
9241            	4.66976935e+01
9242            	4.66963335e+01
9243            	4.66963396e+01
9244            	4.66976750e+01
9245            	4.66963256e+01
9246            	4.66963208e+01
9247            	4.66976850e+01
9248            	4.66963291e+01
9249            	4.66963407e+01
9250            	4.66976811e+01
9251            	4.66963136e+01
9252            	4.66963201e+01
9253            	4.66976867e+01
9254            	4.66963364e+01
9255            	4.66963345e+01
9256            	4.66976944e+01
9257            	4.66963431e+01
9258            	4.66963245e+01
9259            	4.66976974e+01
9260            	4.66963411e+01
9261            	4.66963379e+01
9262            	4.66976884e+01
9263            	4.66963404e+01
9264            	4.66963368e+01
9265            	4.66977089e+01
9266            	4.66963438e+01
9267            	4.66963303e+01
9268            	4.66977044e+01
9269            	4.66963499e+01
9270            	4.66963236e+01
9271            	4.66976958e+01
9272            	4.66963464e+01
9273            	4.66963564e+01
9274            	4.66977059e+01
9275            	4.66963656e+01
9276            	4.66963320e+01
9277            	4.66977140e+01
9278            	4.66963250e+01
9279            	4.66963280e+01
9280            	4.66977171e+01
9281            	4.66963636e+01
9282            	4.66963265e+01
9283            	4.66976961e+01
9284            	4.66963228e+01
9285            	4.66963600e+01
9286            	4.66977134e+01
9287            	4.66963401e+01
9288            	4.66963328e+01
9289            	4.66976628e+01
9290            	4.66963185e+01
9291            	4.66963627e+01
9292            	4.66976918e+01
9293            	4.66963380e+01
9294            	4.66963130e+01
9295            	4.66976743e+01
9296            	4.66963096e+01
9297            	4.66963392e+01
9298            	4.66976814e+01
9299            	4.66963449e+01
9300            	4.66963219e+01
9301            	4.66976893e+01
9302            	4.66963471e+01
9303            	4.66963273e+01
9304            	4.66976730e+01
9305            	4.66963495e+01
9306            	4.66963226e+01
9307            	4.66976865e+01
9308            	4.66963368e+01
9309            	4.66963441e+01
9310            	4.66976943e+01
9311            	4.66963615e+01
9312            	4.66963216e+01
9313            	4.66976599e+01
9314            	4.66963087e+01
9315            	4.66963238e+01
9316            	4.66976615e+01
9317            	4.66963507e+01
9318            	4.66963275e+01
9319            	4.66976825e+01
9320            	4.66963453e+01
9321            	4.66963166e+01
9322            	4.66976807e+01
9323            	4.66963370e+01
9324            	4.66963353e+01
9325            	4.66977072e+01
9326            	4.66963395e+01
9327            	4.66963351e+01
9328            	4.66977159e+01
9329            	4.66963536e+01
9330            	4.66963533e+01
9331            	4.66976950e+01
9332            	4.66963438e+01
9333            	4.66963328e+01
9334            	4.66977042e+01
9335            	4.66963541e+01
9336            	4.66963301e+01
9337            	4.66976940e+01
9338            	4.66963351e+01
9339            	4.66963434e+01
9340            	4.66976810e+01
9341            	4.66963216e+01
9342            	4.66963505e+01
9343            	4.66976967e+01
9344            	4.66963397e+01
9345            	4.66963334e+01
9346            	4.66976780e+01
9347            	4.66963237e+01
9348            	4.66963404e+01
9349            	4.66976929e+01
9350            	4.66963414e+01
9351            	4.66963232e+01
9352            	4.66976815e+01
9353            	4.66963316e+01
9354            	4.66963196e+01
9355            	4.66976858e+01
9356            	4.66963346e+01
9357            	4.66963468e+01
9358            	4.66976976e+01
9359            	4.66963607e+01
9360            	4.66963361e+01
9361            	4.66976650e+01
9362            	4.66963462e+01
9363            	4.66963436e+01
9364            	4.66977039e+01
9365            	4.66963462e+01
9366            	4.66963309e+01
9367            	4.66976576e+01
9368            	4.66963342e+01
9369            	4.66963471e+01
9370            	4.66976789e+01
9371            	4.66963416e+01
9372            	4.66963290e+01
9373            	4.66976667e+01
9374            	4.66963345e+01
9375            	4.66963349e+01
9376            	4.66976925e+01
9377            	4.66963289e+01
9378            	4.66963108e+01
9379            	4.66976490e+01
9380            	4.66963288e+01
9381            	4.66963472e+01
9382            	4.66976594e+01
9383            	4.66963339e+01
9384            	4.66963270e+01
9385            	4.66976770e+01
9386            	4.66963206e+01
9387            	4.66963595e+01
9388            	4.66976791e+01
9389            	4.66963273e+01
9390            	4.66963199e+01
9391            	4.66976821e+01
9392            	4.66963362e+01
9393            	4.66963317e+01
9394            	4.66976693e+01
9395            	4.66963385e+01
9396            	4.66963144e+01
9397            	4.66976907e+01
9398            	4.66963439e+01
9399            	4.66963415e+01
9400            	4.66976570e+01
9401            	4.66963305e+01
9402            	4.66963241e+01
9403            	4.66977040e+01
9404            	4.66963315e+01
9405            	4.66963326e+01
9406            	4.66976911e+01
9407            	4.66963218e+01
9408            	4.66963192e+01
9409            	4.66976841e+01
9410            	4.66963514e+01
9411            	4.66963411e+01
9412            	4.66977016e+01
9413            	4.66963335e+01
9414            	4.66962885e+01
9415            	4.66976806e+01
9416            	4.66963370e+01
9417            	4.66963467e+01
9418            	4.66976757e+01
9419            	4.66963209e+01
9420            	4.66963309e+01
9421            	4.66976588e+01
9422            	4.66963234e+01
9423            	4.66963620e+01
9424            	4.66976680e+01
9425            	4.66963358e+01
9426            	4.66963279e+01
9427            	4.66976570e+01
9428            	4.66963529e+01
9429            	4.66963431e+01
9430            	4.66976797e+01
9431            	4.66963491e+01
9432            	4.66963113e+01
9433            	4.66976698e+01
9434            	4.66963444e+01
9435            	4.66963555e+01
9436            	4.66976876e+01
9437            	4.66963251e+01
9438            	4.66963209e+01
9439            	4.66977012e+01
9440            	4.66963289e+01
9441            	4.66963389e+01
9442            	4.66976879e+01
9443            	4.66963259e+01
9444            	4.66963218e+01
9445            	4.66977256e+01
9446            	4.66963456e+01
9447            	4.66963453e+01
9448            	4.66976651e+01
9449            	4.66963082e+01
9450            	4.66963049e+01
9451            	4.66977136e+01
9452            	4.66963416e+01
9453            	4.66963336e+01
9454            	4.66976761e+01
9455            	4.66963197e+01
9456            	4.66962935e+01
9457            	4.66977196e+01
9458            	4.66963374e+01
9459            	4.66963230e+01
9460            	4.66976735e+01
9461            	4.66963294e+01
9462            	4.66963146e+01
9463            	4.66977032e+01
9464            	4.66963345e+01
9465            	4.66963506e+01
9466            	4.66976615e+01
9467            	4.66963194e+01
9468            	4.66963375e+01
9469            	4.66977058e+01
9470            	4.66963345e+01
9471            	4.66963450e+01
9472            	4.66976584e+01
9473            	4.66963236e+01
9474            	4.66963405e+01
9475            	4.66977165e+01
9476            	4.66963409e+01
9477            	4.66963251e+01
9478            	4.66976803e+01
9479            	4.66963317e+01
9480            	4.66963247e+01
9481            	4.66976961e+01
9482            	4.66963484e+01
9483            	4.66963472e+01
9484            	4.66976592e+01
9485            	4.66963155e+01
9486            	4.66963291e+01
9487            	4.66976875e+01
9488            	4.66963400e+01
9489            	4.66963373e+01
9490            	4.66976708e+01
9491            	4.66963369e+01
9492            	4.66963305e+01
9493            	4.66976903e+01
9494            	4.66963357e+01
9495            	4.66963557e+01
9496            	4.66976914e+01
9497            	4.66963153e+01
9498            	4.66963264e+01
9499            	4.66976838e+01
9500            	4.66963491e+01
9501            	4.66963473e+01
9502            	4.66977140e+01
9503            	4.66963412e+01
9504            	4.66963267e+01
9505            	4.66976751e+01
9506            	4.66963516e+01
9507            	4.66963264e+01
9508            	4.66977068e+01
9509            	4.66963434e+01
9510            	4.66963139e+01
9511            	4.66976935e+01
9512            	4.66963460e+01
9513            	4.66963601e+01
9514            	4.66977246e+01
9515            	4.66963508e+01
9516            	4.66963335e+01
9517            	4.66976777e+01
9518            	4.66963280e+01
9519            	4.66963563e+01
9520            	4.66976934e+01
9521            	4.66963586e+01
9522            	4.66963300e+01
9523            	4.66976786e+01
9524            	4.66963246e+01
9525            	4.66963391e+01
9526            	4.66976865e+01
9527            	4.66963281e+01
9528            	4.66963467e+01
9529            	4.66976954e+01
9530            	4.66963119e+01
9531            	4.66963421e+01
9532            	4.66976736e+01
9533            	4.66962992e+01
9534            	4.66963167e+01
9535            	4.66976642e+01
9536            	4.66963282e+01
9537            	4.66963301e+01
9538            	4.66976773e+01
9539            	4.66963211e+01
9540            	4.66963347e+01
9541            	4.66976937e+01
9542            	4.66963358e+01
9543            	4.66963497e+01
9544            	4.66976794e+01
9545            	4.66963452e+01
9546            	4.66963210e+01
9547            	4.66976942e+01
9548            	4.66963182e+01
9549            	4.66963671e+01
9550            	4.66977041e+01
9551            	4.66963734e+01
9552            	4.66963313e+01
9553            	4.66976713e+01
9554            	4.66963371e+01
9555            	4.66963430e+01
9556            	4.66977163e+01
9557            	4.66963384e+01
9558            	4.66963449e+01
9559            	4.66976729e+01
9560            	4.66963416e+01
9561            	4.66963226e+01
9562            	4.66977198e+01
9563            	4.66963659e+01
9564            	4.66963016e+01
9565            	4.66976807e+01
9566            	4.66963360e+01
9567            	4.66963421e+01
9568            	4.66977170e+01
9569            	4.66963601e+01
9570            	4.66963280e+01
9571            	4.66976859e+01
9572            	4.66963535e+01
9573            	4.66963207e+01
9574            	4.66977091e+01
9575            	4.66963518e+01
9576            	4.66963169e+01
9577            	4.66976674e+01
9578            	4.66963316e+01
9579            	4.66963474e+01
9580            	4.66976811e+01
9581            	4.66963331e+01
9582            	4.66963251e+01
9583            	4.66976748e+01
9584            	4.66963316e+01
9585            	4.66963471e+01
9586            	4.66976663e+01
9587            	4.66963332e+01
9588            	4.66963158e+01
9589            	4.66976850e+01
9590            	4.66963249e+01
9591            	4.66963494e+01
9592            	4.66976810e+01
9593            	4.66963308e+01
9594            	4.66963241e+01
9595            	4.66976588e+01
9596            	4.66962980e+01
9597            	4.66963581e+01
9598            	4.66976991e+01
9599            	4.66963456e+01
9600            	4.66963351e+01
9601            	4.66977013e+01
9602            	4.66963503e+01
9603            	4.66963602e+01
9604            	4.66976979e+01
9605            	4.66963733e+01
9606            	4.66963422e+01
9607            	4.66976907e+01
9608            	4.66963316e+01
9609            	4.66963313e+01
9610            	4.66976988e+01
9611            	4.66963740e+01
9612            	4.66963122e+01
9613            	4.66976812e+01
9614            	4.66963696e+01
9615            	4.66963448e+01
9616            	4.66976734e+01
9617            	4.66963450e+01
9618            	4.66963165e+01
9619            	4.66976927e+01
9620            	4.66963333e+01
9621            	4.66963535e+01
9622            	4.66976943e+01
9623            	4.66963370e+01
9624            	4.66963328e+01
9625            	4.66976953e+01
9626            	4.66963496e+01
9627            	4.66963180e+01
9628            	4.66976769e+01
9629            	4.66963478e+01
9630            	4.66963302e+01
9631            	4.66976925e+01
9632            	4.66963284e+01
9633            	4.66963277e+01
9634            	4.66976849e+01
9635            	4.66963385e+01
9636            	4.66963439e+01
9637            	4.66976817e+01
9638            	4.66963249e+01
9639            	4.66963612e+01
9640            	4.66977054e+01
9641            	4.66963395e+01
9642            	4.66963351e+01
9643            	4.66976878e+01
9644            	4.66963356e+01
9645            	4.66963530e+01
9646            	4.66976850e+01
9647            	4.66963425e+01
9648            	4.66963278e+01
9649            	4.66976721e+01
9650            	4.66963342e+01
9651            	4.66963610e+01
9652            	4.66976965e+01
9653            	4.66963159e+01
9654            	4.66963296e+01
9655            	4.66977102e+01
9656            	4.66963485e+01
9657            	4.66963658e+01
9658            	4.66976989e+01
9659            	4.66963311e+01
9660            	4.66963296e+01
9661            	4.66976882e+01
9662            	4.66963585e+01
9663            	4.66963627e+01
9664            	4.66976735e+01
9665            	4.66963273e+01
9666            	4.66963139e+01
9667            	4.66977140e+01
9668            	4.66963687e+01
9669            	4.66963414e+01
9670            	4.66976926e+01
9671            	4.66963348e+01
9672            	4.66963375e+01
9673            	4.66976747e+01
9674            	4.66963304e+01
9675            	4.66963435e+01
9676            	4.66976572e+01
9677            	4.66963153e+01
9678            	4.66963140e+01
9679            	4.66976734e+01
9680            	4.66963435e+01
9681            	4.66963520e+01
9682            	4.66976918e+01
9683            	4.66963416e+01
9684            	4.66963311e+01
9685            	4.66976882e+01
9686            	4.66963459e+01
9687            	4.66963557e+01
9688            	4.66976869e+01
9689            	4.66963230e+01
9690            	4.66963265e+01
9691            	4.66976745e+01
9692            	4.66963202e+01
9693            	4.66963461e+01
9694            	4.66976752e+01
9695            	4.66963210e+01
9696            	4.66963243e+01
9697            	4.66977052e+01
9698            	4.66963359e+01
9699            	4.66963315e+01
9700            	4.66976838e+01
9701            	4.66963289e+01
9702            	4.66963326e+01
9703            	4.66977001e+01
9704            	4.66963430e+01
9705            	4.66963253e+01
9706            	4.66976793e+01
9707            	4.66963391e+01
9708            	4.66963261e+01
9709            	4.66977106e+01
9710            	4.66963740e+01
9711            	4.66963407e+01
9712            	4.66976863e+01
9713            	4.66963392e+01
9714            	4.66963422e+01
9715            	4.66977193e+01
9716            	4.66963670e+01
9717            	4.66963408e+01
9718            	4.66977023e+01
9719            	4.66963612e+01
9720            	4.66963314e+01
9721            	4.66977102e+01
9722            	4.66963631e+01
9723            	4.66963392e+01
9724            	4.66976920e+01
9725            	4.66963361e+01
9726            	4.66963400e+01
9727            	4.66977172e+01
9728            	4.66963311e+01
9729            	4.66963255e+01
9730            	4.66976594e+01
9731            	4.66963210e+01
9732            	4.66963315e+01
9733            	4.66976917e+01
9734            	4.66963612e+01
9735            	4.66963140e+01
9736            	4.66976772e+01
9737            	4.66963315e+01
9738            	4.66963456e+01
9739            	4.66976995e+01
9740            	4.66963413e+01
9741            	4.66963561e+01
9742            	4.66976533e+01
9743            	4.66963402e+01
9744            	4.66963395e+01
9745            	4.66977036e+01
9746            	4.66963524e+01
9747            	4.66963566e+01
9748            	4.66976733e+01
9749            	4.66963388e+01
9750            	4.66963275e+01
9751            	4.66976901e+01
9752            	4.66963441e+01
9753            	4.66963647e+01
9754            	4.66976913e+01
9755            	4.66963773e+01
9756            	4.66963374e+01
9757            	4.66976796e+01
9758            	4.66963515e+01
9759            	4.66963486e+01
9760            	4.66977054e+01
9761            	4.66963763e+01
9762            	4.66963274e+01
9763            	4.66976814e+01
9764            	4.66963289e+01
9765            	4.66963317e+01
9766            	4.66977002e+01
9767            	4.66963571e+01
9768            	4.66963357e+01
9769            	4.66976535e+01
9770            	4.66963503e+01
9771            	4.66963113e+01
9772            	4.66977001e+01
9773            	4.66963474e+01
9774            	4.66963172e+01
9775            	4.66976900e+01
9776            	4.66963272e+01
9777            	4.66963443e+01
9778            	4.66976825e+01
9779            	4.66963508e+01
9780            	4.66963251e+01
9781            	4.66976587e+01
9782            	4.66963209e+01
9783            	4.66963400e+01
9784            	4.66977061e+01
9785            	4.66963633e+01
9786            	4.66963140e+01
9787            	4.66976693e+01
9788            	4.66963418e+01
9789            	4.66963612e+01
9790            	4.66976952e+01
9791            	4.66963716e+01
9792            	4.66963178e+01
9793            	4.66976822e+01
9794            	4.66963530e+01
9795            	4.66963406e+01
9796            	4.66977006e+01
9797            	4.66963611e+01
9798            	4.66963398e+01
9799            	4.66976685e+01
9800            	4.66963314e+01
9801            	4.66963450e+01
9802            	4.66977115e+01
9803            	4.66963506e+01
9804            	4.66963218e+01
9805            	4.66976643e+01
9806            	4.66962996e+01
9807            	4.66963616e+01
9808            	4.66977062e+01
9809            	4.66963362e+01
9810            	4.66963193e+01
9811            	4.66977029e+01
9812            	4.66963182e+01
9813            	4.66963592e+01
9814            	4.66976981e+01
9815            	4.66963443e+01
9816            	4.66963211e+01
9817            	4.66976965e+01
9818            	4.66963276e+01
9819            	4.66963317e+01
9820            	4.66977145e+01
9821            	4.66963667e+01
9822            	4.66963006e+01
9823            	4.66977009e+01
9824            	4.66963424e+01
9825            	4.66963228e+01
9826            	4.66977251e+01
9827            	4.66963528e+01
9828            	4.66963264e+01
9829            	4.66976954e+01
9830            	4.66963286e+01
9831            	4.66963586e+01
9832            	4.66977207e+01
9833            	4.66963437e+01
9834            	4.66963304e+01
9835            	4.66976964e+01
9836            	4.66962962e+01
9837            	4.66963430e+01
9838            	4.66976863e+01
9839            	4.66963307e+01
9840            	4.66963346e+01
9841            	4.66976957e+01
9842            	4.66963382e+01
9843            	4.66963485e+01
9844            	4.66977146e+01
9845            	4.66963560e+01
9846            	4.66963382e+01
9847            	4.66976876e+01
9848            	4.66963377e+01
9849            	4.66963437e+01
9850            	4.66976978e+01
9851            	4.66963519e+01
9852            	4.66963347e+01
9853            	4.66976782e+01
9854            	4.66963221e+01
9855            	4.66963435e+01
9856            	4.66977174e+01
9857            	4.66963573e+01
9858            	4.66963396e+01
9859            	4.66976782e+01
9860            	4.66963194e+01
9861            	4.66963577e+01
9862            	4.66976937e+01
9863            	4.66963377e+01
9864            	4.66963138e+01
9865            	4.66976850e+01
9866            	4.66963199e+01
9867            	4.66963376e+01
9868            	4.66977026e+01
9869            	4.66963335e+01
9870            	4.66963335e+01
9871            	4.66976903e+01
9872            	4.66963351e+01
9873            	4.66963384e+01
9874            	4.66977070e+01
9875            	4.66963599e+01
9876            	4.66963133e+01
9877            	4.66976793e+01
9878            	4.66963101e+01
9879            	4.66963273e+01
9880            	4.66976807e+01
9881            	4.66963172e+01
9882            	4.66963361e+01
9883            	4.66976854e+01
9884            	4.66963312e+01
9885            	4.66963065e+01
9886            	4.66977000e+01
9887            	4.66963376e+01
9888            	4.66963299e+01
9889            	4.66976672e+01
9890            	4.66963054e+01
9891            	4.66963219e+01
9892            	4.66976678e+01
9893            	4.66963361e+01
9894            	4.66963349e+01
9895            	4.66976925e+01
9896            	4.66963425e+01
9897            	4.66963340e+01
9898            	4.66976299e+01
9899            	4.66963189e+01
9900            	4.66963213e+01
9901            	4.66977044e+01
9902            	4.66963398e+01
9903            	4.66963235e+01
9904            	4.66976703e+01
9905            	4.66963081e+01
9906            	4.66963356e+01
9907            	4.66977053e+01
9908            	4.66963426e+01
9909            	4.66963491e+01
9910            	4.66976782e+01
9911            	4.66963428e+01
9912            	4.66963314e+01
9913            	4.66977119e+01
9914            	4.66963619e+01
9915            	4.66963451e+01
9916            	4.66976961e+01
9917            	4.66963358e+01
9918            	4.66963339e+01
9919            	4.66977161e+01
9920            	4.66963674e+01
9921            	4.66963393e+01
9922            	4.66976940e+01
9923            	4.66963289e+01
9924            	4.66963161e+01
9925            	4.66977195e+01
9926            	4.66963647e+01
9927            	4.66963420e+01
9928            	4.66976928e+01
9929            	4.66963327e+01
9930            	4.66963367e+01
9931            	4.66977225e+01
9932            	4.66963638e+01
9933            	4.66963551e+01
9934            	4.66976927e+01
9935            	4.66963391e+01
9936            	4.66963321e+01
9937            	4.66977066e+01
9938            	4.66963508e+01
9939            	4.66963612e+01
9940            	4.66976787e+01
9941            	4.66963369e+01
9942            	4.66962933e+01
9943            	4.66977208e+01
9944            	4.66963393e+01
9945            	4.66963389e+01
9946            	4.66976916e+01
9947            	4.66963222e+01
9948            	4.66963157e+01
9949            	4.66976863e+01
9950            	4.66963445e+01
9951            	4.66963597e+01
9952            	4.66976861e+01
9953            	4.66963322e+01
9954            	4.66963214e+01
9955            	4.66977058e+01
9956            	4.66963188e+01
9957            	4.66963464e+01
9958            	4.66977011e+01
9959            	4.66963164e+01
9960            	4.66963211e+01
9961            	4.66976747e+01
9962            	4.66963349e+01
9963            	4.66963292e+01
9964            	4.66976500e+01
9965            	4.66963216e+01
9966            	4.66963348e+01
9967            	4.66976620e+01
9968            	4.66963522e+01
9969            	4.66963563e+01
9970            	4.66976824e+01
9971            	4.66963126e+01
9972            	4.66963219e+01
9973            	4.66976806e+01
9974            	4.66963501e+01
9975            	4.66963329e+01
9976            	4.66976991e+01
9977            	4.66963560e+01
9978            	4.66963094e+01
9979            	4.66977036e+01
9980            	4.66963567e+01
9981            	4.66963375e+01
9982            	4.66976952e+01
9983            	4.66963793e+01
9984            	4.66963324e+01
9985            	4.66977023e+01
9986            	4.66963536e+01
9987            	4.66963504e+01
9988            	4.66977141e+01
9989            	4.66963740e+01
9990            	4.66963300e+01
9991            	4.66977087e+01
9992            	4.66963440e+01
9993            	4.66963531e+01
9994            	4.66977030e+01
9995            	4.66963576e+01
9996            	4.66963266e+01
9997            	4.66976574e+01
9998            	4.66963311e+01
9999            	4.66963429e+01
10000           	4.66976976e+01
