# Wall heat-flux
# Time        	patch         	min           	max           	integral      
1             	warmPlate	1.221118e+01	1.595031e+01	1.995867e+00
1             	OVC	1.093638e+01	1.590668e+01	1.181544e+01
1             	shield_slave	-3.266178e+00	-1.540789e+00	-1.512205e+00
2             	warmPlate	1.221107e+01	1.595043e+01	1.995853e+00
2             	OVC	1.093626e+01	1.590652e+01	1.181529e+01
2             	shield_slave	-3.265401e+00	-1.540206e+00	-1.511908e+00
3             	warmPlate	1.221098e+01	1.595052e+01	1.995841e+00
3             	OVC	1.093616e+01	1.590640e+01	1.181518e+01
3             	shield_slave	-3.264988e+00	-1.539758e+00	-1.511680e+00
4             	warmPlate	1.221091e+01	1.595059e+01	1.995832e+00
4             	OVC	1.093609e+01	1.590631e+01	1.181509e+01
4             	shield_slave	-3.264811e+00	-1.539420e+00	-1.511506e+00
5             	warmPlate	1.221086e+01	1.595063e+01	1.995824e+00
5             	OVC	1.093602e+01	1.590624e+01	1.181502e+01
5             	shield_slave	-3.264685e+00	-1.539154e+00	-1.511370e+00
6             	warmPlate	1.221081e+01	1.595067e+01	1.995818e+00
6             	OVC	1.093597e+01	1.590618e+01	1.181497e+01
6             	shield_slave	-3.264595e+00	-1.538939e+00	-1.511264e+00
7             	warmPlate	1.221078e+01	1.595069e+01	1.995812e+00
7             	OVC	1.093593e+01	1.590614e+01	1.181492e+01
7             	shield_slave	-3.264531e+00	-1.538769e+00	-1.511180e+00
8             	warmPlate	1.221075e+01	1.595071e+01	1.995808e+00
8             	OVC	1.093590e+01	1.590610e+01	1.181488e+01
8             	shield_slave	-3.264485e+00	-1.538635e+00	-1.511113e+00
9             	warmPlate	1.221072e+01	1.595072e+01	1.995804e+00
9             	OVC	1.093587e+01	1.590607e+01	1.181485e+01
9             	shield_slave	-3.264452e+00	-1.538527e+00	-1.511059e+00
10            	warmPlate	1.221070e+01	1.595073e+01	1.995800e+00
10            	OVC	1.093584e+01	1.590604e+01	1.181483e+01
10            	shield_slave	-3.264429e+00	-1.538435e+00	-1.511016e+00
11            	warmPlate	1.221069e+01	1.595074e+01	1.995798e+00
11            	OVC	1.093582e+01	1.590602e+01	1.181480e+01
11            	shield_slave	-3.264412e+00	-1.538359e+00	-1.510980e+00
12            	warmPlate	1.221067e+01	1.595074e+01	1.995795e+00
12            	OVC	1.093580e+01	1.590600e+01	1.181479e+01
12            	shield_slave	-3.264400e+00	-1.538297e+00	-1.510950e+00
13            	warmPlate	1.221066e+01	1.595075e+01	1.995793e+00
13            	OVC	1.093578e+01	1.590599e+01	1.181477e+01
13            	shield_slave	-3.264392e+00	-1.538245e+00	-1.510926e+00
14            	warmPlate	1.221065e+01	1.595075e+01	1.995792e+00
14            	OVC	1.093576e+01	1.590597e+01	1.181476e+01
14            	shield_slave	-3.264386e+00	-1.538202e+00	-1.510905e+00
15            	warmPlate	1.221064e+01	1.595075e+01	1.995790e+00
15            	OVC	1.093575e+01	1.590596e+01	1.181475e+01
15            	shield_slave	-3.264381e+00	-1.538165e+00	-1.510887e+00
16            	warmPlate	1.221063e+01	1.595075e+01	1.995789e+00
16            	OVC	1.093574e+01	1.590595e+01	1.181474e+01
16            	shield_slave	-3.264378e+00	-1.538134e+00	-1.510872e+00
17            	warmPlate	1.221062e+01	1.595075e+01	1.995788e+00
17            	OVC	1.093573e+01	1.590594e+01	1.181473e+01
17            	shield_slave	-3.264376e+00	-1.538107e+00	-1.510860e+00
18            	warmPlate	1.221062e+01	1.595075e+01	1.995787e+00
18            	OVC	1.093572e+01	1.590593e+01	1.181472e+01
18            	shield_slave	-3.264375e+00	-1.538085e+00	-1.510848e+00
19            	warmPlate	1.221061e+01	1.595075e+01	1.995786e+00
19            	OVC	1.093572e+01	1.590592e+01	1.181471e+01
19            	shield_slave	-3.264374e+00	-1.538065e+00	-1.510839e+00
20            	warmPlate	1.221061e+01	1.595075e+01	1.995785e+00
20            	OVC	1.093571e+01	1.590591e+01	1.181471e+01
20            	shield_slave	-3.264373e+00	-1.538048e+00	-1.510830e+00
21            	warmPlate	1.221060e+01	1.595075e+01	1.995784e+00
21            	OVC	1.093570e+01	1.590590e+01	1.181470e+01
21            	shield_slave	-3.264373e+00	-1.538034e+00	-1.510823e+00
22            	warmPlate	1.221060e+01	1.595075e+01	1.995784e+00
22            	OVC	1.093570e+01	1.590590e+01	1.181470e+01
22            	shield_slave	-3.264372e+00	-1.538021e+00	-1.510816e+00
23            	warmPlate	1.221060e+01	1.595075e+01	1.995783e+00
23            	OVC	1.093569e+01	1.590589e+01	1.181469e+01
23            	shield_slave	-3.264372e+00	-1.538010e+00	-1.510810e+00
24            	warmPlate	1.221059e+01	1.595075e+01	1.995783e+00
24            	OVC	1.093569e+01	1.590589e+01	1.181469e+01
24            	shield_slave	-3.264373e+00	-1.538000e+00	-1.510805e+00
25            	warmPlate	1.221059e+01	1.595075e+01	1.995783e+00
25            	OVC	1.093569e+01	1.590588e+01	1.181469e+01
25            	shield_slave	-3.264373e+00	-1.537992e+00	-1.510801e+00
26            	warmPlate	1.221059e+01	1.595075e+01	1.995782e+00
26            	OVC	1.093568e+01	1.590588e+01	1.181468e+01
26            	shield_slave	-3.264373e+00	-1.537985e+00	-1.510796e+00
27            	warmPlate	1.221058e+01	1.595075e+01	1.995782e+00
27            	OVC	1.093568e+01	1.590588e+01	1.181468e+01
27            	shield_slave	-3.264373e+00	-1.537978e+00	-1.510793e+00
28            	warmPlate	1.221058e+01	1.595075e+01	1.995782e+00
28            	OVC	1.093568e+01	1.590587e+01	1.181468e+01
28            	shield_slave	-3.264374e+00	-1.537973e+00	-1.510789e+00
29            	warmPlate	1.221058e+01	1.595075e+01	1.995781e+00
29            	OVC	1.093568e+01	1.590587e+01	1.181468e+01
29            	shield_slave	-3.264374e+00	-1.537968e+00	-1.510786e+00
30            	warmPlate	1.221058e+01	1.595075e+01	1.995781e+00
30            	OVC	1.093567e+01	1.590587e+01	1.181467e+01
30            	shield_slave	-3.264374e+00	-1.537964e+00	-1.510783e+00
31            	warmPlate	1.221058e+01	1.595075e+01	1.995781e+00
31            	OVC	1.093567e+01	1.590587e+01	1.181467e+01
31            	shield_slave	-3.264375e+00	-1.537960e+00	-1.510781e+00
32            	warmPlate	1.221058e+01	1.595075e+01	1.995781e+00
32            	OVC	1.093567e+01	1.590586e+01	1.181467e+01
32            	shield_slave	-3.264375e+00	-1.537957e+00	-1.510779e+00
33            	warmPlate	1.221058e+01	1.595075e+01	1.995781e+00
33            	OVC	1.093567e+01	1.590586e+01	1.181467e+01
33            	shield_slave	-3.264375e+00	-1.537954e+00	-1.510777e+00
34            	warmPlate	1.221057e+01	1.595075e+01	1.995780e+00
34            	OVC	1.093567e+01	1.590586e+01	1.181467e+01
34            	shield_slave	-3.264376e+00	-1.537951e+00	-1.510775e+00
35            	warmPlate	1.221057e+01	1.595075e+01	1.995780e+00
35            	OVC	1.093567e+01	1.590586e+01	1.181467e+01
35            	shield_slave	-3.264376e+00	-1.537949e+00	-1.510773e+00
36            	warmPlate	1.221057e+01	1.595075e+01	1.995780e+00
36            	OVC	1.093567e+01	1.590586e+01	1.181467e+01
36            	shield_slave	-3.264376e+00	-1.537947e+00	-1.510772e+00
37            	warmPlate	1.221057e+01	1.595075e+01	1.995780e+00
37            	OVC	1.093566e+01	1.590586e+01	1.181467e+01
37            	shield_slave	-3.264377e+00	-1.537945e+00	-1.510770e+00
38            	warmPlate	1.221057e+01	1.595075e+01	1.995780e+00
38            	OVC	1.093566e+01	1.590585e+01	1.181466e+01
38            	shield_slave	-3.264377e+00	-1.537944e+00	-1.510769e+00
39            	warmPlate	1.221057e+01	1.595075e+01	1.995780e+00
39            	OVC	1.093566e+01	1.590585e+01	1.181466e+01
39            	shield_slave	-3.264377e+00	-1.537943e+00	-1.510768e+00
40            	warmPlate	1.221057e+01	1.595075e+01	1.995780e+00
40            	OVC	1.093566e+01	1.590585e+01	1.181466e+01
40            	shield_slave	-3.264378e+00	-1.537942e+00	-1.510767e+00
41            	warmPlate	1.221057e+01	1.595075e+01	1.995780e+00
41            	OVC	1.093566e+01	1.590585e+01	1.181466e+01
41            	shield_slave	-3.264378e+00	-1.537941e+00	-1.510766e+00
42            	warmPlate	1.221057e+01	1.595075e+01	1.995780e+00
42            	OVC	1.093566e+01	1.590585e+01	1.181466e+01
42            	shield_slave	-3.264378e+00	-1.537940e+00	-1.510765e+00
43            	warmPlate	1.221057e+01	1.595075e+01	1.995780e+00
43            	OVC	1.093566e+01	1.590585e+01	1.181466e+01
43            	shield_slave	-3.264379e+00	-1.537939e+00	-1.510764e+00
44            	warmPlate	1.221057e+01	1.595075e+01	1.995780e+00
44            	OVC	1.093566e+01	1.590585e+01	1.181466e+01
44            	shield_slave	-3.264379e+00	-1.537938e+00	-1.510763e+00
45            	warmPlate	1.221057e+01	1.595075e+01	1.995779e+00
45            	OVC	1.093566e+01	1.590585e+01	1.181466e+01
45            	shield_slave	-3.264379e+00	-1.537938e+00	-1.510762e+00
46            	warmPlate	1.221057e+01	1.595075e+01	1.995779e+00
46            	OVC	1.093566e+01	1.590585e+01	1.181466e+01
46            	shield_slave	-3.264380e+00	-1.537937e+00	-1.510762e+00
47            	warmPlate	1.221057e+01	1.595075e+01	1.995779e+00
47            	OVC	1.093566e+01	1.590585e+01	1.181466e+01
47            	shield_slave	-3.264380e+00	-1.537937e+00	-1.510761e+00
48            	warmPlate	1.221057e+01	1.595075e+01	1.995779e+00
48            	OVC	1.093566e+01	1.590585e+01	1.181466e+01
48            	shield_slave	-3.264380e+00	-1.537937e+00	-1.510760e+00
49            	warmPlate	1.221057e+01	1.595075e+01	1.995779e+00
49            	OVC	1.093566e+01	1.590585e+01	1.181466e+01
49            	shield_slave	-3.264380e+00	-1.537936e+00	-1.510760e+00
50            	warmPlate	1.221057e+01	1.595075e+01	1.995779e+00
50            	OVC	1.093566e+01	1.590585e+01	1.181466e+01
50            	shield_slave	-3.264381e+00	-1.537936e+00	-1.510759e+00
51            	warmPlate	1.221057e+01	1.595075e+01	1.995779e+00
51            	OVC	1.093566e+01	1.590585e+01	1.181466e+01
51            	shield_slave	-3.264381e+00	-1.537936e+00	-1.510759e+00
52            	warmPlate	1.221057e+01	1.595075e+01	1.995779e+00
52            	OVC	1.093566e+01	1.590585e+01	1.181466e+01
52            	shield_slave	-3.264381e+00	-1.537936e+00	-1.510758e+00
53            	warmPlate	1.221057e+01	1.595075e+01	1.995779e+00
53            	OVC	1.093566e+01	1.590585e+01	1.181466e+01
53            	shield_slave	-3.264381e+00	-1.537935e+00	-1.510758e+00
54            	warmPlate	1.221057e+01	1.595075e+01	1.995779e+00
54            	OVC	1.093566e+01	1.590585e+01	1.181466e+01
54            	shield_slave	-3.264381e+00	-1.537935e+00	-1.510757e+00
55            	warmPlate	1.221056e+01	1.595075e+01	1.995779e+00
55            	OVC	1.093566e+01	1.590585e+01	1.181466e+01
55            	shield_slave	-3.264382e+00	-1.537935e+00	-1.510757e+00
56            	warmPlate	1.221056e+01	1.595075e+01	1.995779e+00
56            	OVC	1.093566e+01	1.590585e+01	1.181466e+01
56            	shield_slave	-3.264382e+00	-1.537935e+00	-1.510757e+00
57            	warmPlate	1.221056e+01	1.595075e+01	1.995779e+00
57            	OVC	1.093566e+01	1.590584e+01	1.181466e+01
57            	shield_slave	-3.264382e+00	-1.537935e+00	-1.510756e+00
58            	warmPlate	1.221056e+01	1.595075e+01	1.995779e+00
58            	OVC	1.093566e+01	1.590584e+01	1.181466e+01
58            	shield_slave	-3.264382e+00	-1.537935e+00	-1.510756e+00
59            	warmPlate	1.221056e+01	1.595075e+01	1.995779e+00
59            	OVC	1.093566e+01	1.590584e+01	1.181466e+01
59            	shield_slave	-3.264382e+00	-1.537935e+00	-1.510756e+00
60            	warmPlate	1.221056e+01	1.595075e+01	1.995779e+00
60            	OVC	1.093566e+01	1.590584e+01	1.181466e+01
60            	shield_slave	-3.264382e+00	-1.537935e+00	-1.510755e+00
61            	warmPlate	1.221056e+01	1.595075e+01	1.995779e+00
61            	OVC	1.093566e+01	1.590584e+01	1.181466e+01
61            	shield_slave	-3.264383e+00	-1.537935e+00	-1.510755e+00
62            	warmPlate	1.221056e+01	1.595075e+01	1.995779e+00
62            	OVC	1.093566e+01	1.590584e+01	1.181466e+01
62            	shield_slave	-3.264383e+00	-1.537935e+00	-1.510755e+00
63            	warmPlate	1.221056e+01	1.595075e+01	1.995779e+00
63            	OVC	1.093566e+01	1.590584e+01	1.181466e+01
63            	shield_slave	-3.264383e+00	-1.537935e+00	-1.510755e+00
64            	warmPlate	1.221056e+01	1.595075e+01	1.995779e+00
64            	OVC	1.093566e+01	1.590584e+01	1.181466e+01
64            	shield_slave	-3.264383e+00	-1.537935e+00	-1.510754e+00
65            	warmPlate	1.221056e+01	1.595075e+01	1.995779e+00
65            	OVC	1.093566e+01	1.590584e+01	1.181466e+01
65            	shield_slave	-3.264383e+00	-1.537935e+00	-1.510754e+00
66            	warmPlate	1.221056e+01	1.595075e+01	1.995779e+00
66            	OVC	1.093566e+01	1.590584e+01	1.181466e+01
66            	shield_slave	-3.264383e+00	-1.537935e+00	-1.510754e+00
67            	warmPlate	1.221056e+01	1.595075e+01	1.995779e+00
67            	OVC	1.093566e+01	1.590584e+01	1.181466e+01
67            	shield_slave	-3.264383e+00	-1.537935e+00	-1.510754e+00
68            	warmPlate	1.221056e+01	1.595075e+01	1.995779e+00
68            	OVC	1.093566e+01	1.590584e+01	1.181466e+01
68            	shield_slave	-3.264383e+00	-1.537935e+00	-1.510754e+00
69            	warmPlate	1.221056e+01	1.595075e+01	1.995779e+00
69            	OVC	1.093566e+01	1.590584e+01	1.181466e+01
69            	shield_slave	-3.264384e+00	-1.537935e+00	-1.510753e+00
70            	warmPlate	1.221056e+01	1.595075e+01	1.995779e+00
70            	OVC	1.093566e+01	1.590584e+01	1.181466e+01
70            	shield_slave	-3.264384e+00	-1.537935e+00	-1.510753e+00
71            	warmPlate	1.221056e+01	1.595075e+01	1.995779e+00
71            	OVC	1.093566e+01	1.590584e+01	1.181466e+01
71            	shield_slave	-3.264384e+00	-1.537935e+00	-1.510753e+00
72            	warmPlate	1.221056e+01	1.595075e+01	1.995779e+00
72            	OVC	1.093566e+01	1.590584e+01	1.181466e+01
72            	shield_slave	-3.264384e+00	-1.537935e+00	-1.510753e+00
73            	warmPlate	1.221056e+01	1.595075e+01	1.995779e+00
73            	OVC	1.093566e+01	1.590584e+01	1.181466e+01
73            	shield_slave	-3.264384e+00	-1.537935e+00	-1.510753e+00
74            	warmPlate	1.221056e+01	1.595075e+01	1.995779e+00
74            	OVC	1.093566e+01	1.590584e+01	1.181466e+01
74            	shield_slave	-3.264384e+00	-1.537935e+00	-1.510753e+00
75            	warmPlate	1.221056e+01	1.595075e+01	1.995779e+00
75            	OVC	1.093566e+01	1.590584e+01	1.181466e+01
75            	shield_slave	-3.264384e+00	-1.537935e+00	-1.510753e+00
76            	warmPlate	1.221056e+01	1.595075e+01	1.995779e+00
76            	OVC	1.093566e+01	1.590584e+01	1.181466e+01
76            	shield_slave	-3.264384e+00	-1.537935e+00	-1.510752e+00
77            	warmPlate	1.221056e+01	1.595075e+01	1.995779e+00
77            	OVC	1.093566e+01	1.590584e+01	1.181466e+01
77            	shield_slave	-3.264384e+00	-1.537935e+00	-1.510752e+00
78            	warmPlate	1.221056e+01	1.595075e+01	1.995779e+00
78            	OVC	1.093566e+01	1.590584e+01	1.181466e+01
78            	shield_slave	-3.264384e+00	-1.537935e+00	-1.510752e+00
79            	warmPlate	1.221056e+01	1.595075e+01	1.995779e+00
79            	OVC	1.093565e+01	1.590584e+01	1.181466e+01
79            	shield_slave	-3.264384e+00	-1.537935e+00	-1.510752e+00
80            	warmPlate	1.221056e+01	1.595075e+01	1.995779e+00
80            	OVC	1.093565e+01	1.590584e+01	1.181466e+01
80            	shield_slave	-3.264384e+00	-1.537935e+00	-1.510752e+00
81            	warmPlate	1.221056e+01	1.595075e+01	1.995779e+00
81            	OVC	1.093565e+01	1.590584e+01	1.181466e+01
81            	shield_slave	-3.264384e+00	-1.537935e+00	-1.510752e+00
82            	warmPlate	1.221056e+01	1.595075e+01	1.995779e+00
82            	OVC	1.093565e+01	1.590584e+01	1.181466e+01
82            	shield_slave	-3.264384e+00	-1.537935e+00	-1.510752e+00
83            	warmPlate	1.221056e+01	1.595075e+01	1.995779e+00
83            	OVC	1.093565e+01	1.590584e+01	1.181466e+01
83            	shield_slave	-3.264384e+00	-1.537935e+00	-1.510752e+00
84            	warmPlate	1.221056e+01	1.595075e+01	1.995779e+00
84            	OVC	1.093565e+01	1.590584e+01	1.181466e+01
84            	shield_slave	-3.264384e+00	-1.537935e+00	-1.510751e+00
85            	warmPlate	1.221056e+01	1.595075e+01	1.995779e+00
85            	OVC	1.093565e+01	1.590584e+01	1.181466e+01
85            	shield_slave	-3.264385e+00	-1.537935e+00	-1.510751e+00
86            	warmPlate	1.221056e+01	1.595075e+01	1.995779e+00
86            	OVC	1.093565e+01	1.590584e+01	1.181466e+01
86            	shield_slave	-3.264385e+00	-1.537935e+00	-1.510751e+00
87            	warmPlate	1.221056e+01	1.595075e+01	1.995779e+00
87            	OVC	1.093565e+01	1.590584e+01	1.181466e+01
87            	shield_slave	-3.264385e+00	-1.537935e+00	-1.510751e+00
88            	warmPlate	1.221056e+01	1.595075e+01	1.995779e+00
88            	OVC	1.093565e+01	1.590584e+01	1.181466e+01
88            	shield_slave	-3.264385e+00	-1.537935e+00	-1.510751e+00
89            	warmPlate	1.221056e+01	1.595075e+01	1.995779e+00
89            	OVC	1.093565e+01	1.590584e+01	1.181466e+01
89            	shield_slave	-3.264385e+00	-1.537935e+00	-1.510751e+00
90            	warmPlate	1.221056e+01	1.595075e+01	1.995779e+00
90            	OVC	1.093565e+01	1.590584e+01	1.181466e+01
90            	shield_slave	-3.264385e+00	-1.537935e+00	-1.510751e+00
91            	warmPlate	1.221056e+01	1.595075e+01	1.995779e+00
91            	OVC	1.093565e+01	1.590584e+01	1.181466e+01
91            	shield_slave	-3.264385e+00	-1.537935e+00	-1.510751e+00
92            	warmPlate	1.221056e+01	1.595075e+01	1.995779e+00
92            	OVC	1.093565e+01	1.590584e+01	1.181466e+01
92            	shield_slave	-3.264385e+00	-1.537935e+00	-1.510751e+00
93            	warmPlate	1.221056e+01	1.595075e+01	1.995779e+00
93            	OVC	1.093565e+01	1.590584e+01	1.181466e+01
93            	shield_slave	-3.264385e+00	-1.537935e+00	-1.510751e+00
94            	warmPlate	1.221056e+01	1.595075e+01	1.995779e+00
94            	OVC	1.093565e+01	1.590584e+01	1.181466e+01
94            	shield_slave	-3.264385e+00	-1.537935e+00	-1.510751e+00
95            	warmPlate	1.221056e+01	1.595075e+01	1.995779e+00
95            	OVC	1.093565e+01	1.590584e+01	1.181466e+01
95            	shield_slave	-3.264385e+00	-1.537935e+00	-1.510751e+00
96            	warmPlate	1.221056e+01	1.595075e+01	1.995779e+00
96            	OVC	1.093565e+01	1.590584e+01	1.181466e+01
96            	shield_slave	-3.264385e+00	-1.537934e+00	-1.510751e+00
97            	warmPlate	1.221056e+01	1.595075e+01	1.995779e+00
97            	OVC	1.093565e+01	1.590584e+01	1.181466e+01
97            	shield_slave	-3.264385e+00	-1.537934e+00	-1.510750e+00
98            	warmPlate	1.221056e+01	1.595075e+01	1.995779e+00
98            	OVC	1.093565e+01	1.590584e+01	1.181466e+01
98            	shield_slave	-3.264385e+00	-1.537934e+00	-1.510750e+00
99            	warmPlate	1.221056e+01	1.595075e+01	1.995779e+00
99            	OVC	1.093565e+01	1.590584e+01	1.181466e+01
99            	shield_slave	-3.264385e+00	-1.537934e+00	-1.510750e+00
100           	warmPlate	1.221056e+01	1.595075e+01	1.995779e+00
100           	OVC	1.093565e+01	1.590584e+01	1.181466e+01
100           	shield_slave	-3.264385e+00	-1.537934e+00	-1.510750e+00
101           	warmPlate	1.221056e+01	1.595075e+01	1.995779e+00
101           	OVC	1.093565e+01	1.590584e+01	1.181466e+01
101           	shield_slave	-3.264385e+00	-1.537934e+00	-1.510750e+00
102           	warmPlate	1.221056e+01	1.595075e+01	1.995779e+00
102           	OVC	1.093565e+01	1.590584e+01	1.181466e+01
102           	shield_slave	-3.264385e+00	-1.537934e+00	-1.510750e+00
103           	warmPlate	1.221056e+01	1.595075e+01	1.995779e+00
103           	OVC	1.093565e+01	1.590584e+01	1.181466e+01
103           	shield_slave	-3.264385e+00	-1.537934e+00	-1.510750e+00
104           	warmPlate	1.221056e+01	1.595075e+01	1.995779e+00
104           	OVC	1.093565e+01	1.590584e+01	1.181466e+01
104           	shield_slave	-3.264385e+00	-1.537934e+00	-1.510750e+00
105           	warmPlate	1.221056e+01	1.595075e+01	1.995779e+00
105           	OVC	1.093565e+01	1.590584e+01	1.181466e+01
105           	shield_slave	-3.264385e+00	-1.537934e+00	-1.510750e+00
106           	warmPlate	1.221056e+01	1.595075e+01	1.995779e+00
106           	OVC	1.093565e+01	1.590584e+01	1.181466e+01
106           	shield_slave	-3.264385e+00	-1.537934e+00	-1.510750e+00
107           	warmPlate	1.221056e+01	1.595075e+01	1.995779e+00
107           	OVC	1.093565e+01	1.590584e+01	1.181466e+01
107           	shield_slave	-3.264385e+00	-1.537934e+00	-1.510750e+00
108           	warmPlate	1.221056e+01	1.595075e+01	1.995779e+00
108           	OVC	1.093565e+01	1.590584e+01	1.181466e+01
108           	shield_slave	-3.264385e+00	-1.537934e+00	-1.510750e+00
109           	warmPlate	1.221056e+01	1.595075e+01	1.995779e+00
109           	OVC	1.093565e+01	1.590584e+01	1.181466e+01
109           	shield_slave	-3.264385e+00	-1.537934e+00	-1.510750e+00
110           	warmPlate	1.221056e+01	1.595075e+01	1.995779e+00
110           	OVC	1.093565e+01	1.590584e+01	1.181466e+01
110           	shield_slave	-3.264385e+00	-1.537934e+00	-1.510750e+00
111           	warmPlate	1.221056e+01	1.595075e+01	1.995779e+00
111           	OVC	1.093565e+01	1.590584e+01	1.181466e+01
111           	shield_slave	-3.264385e+00	-1.537934e+00	-1.510750e+00
112           	warmPlate	1.221056e+01	1.595075e+01	1.995779e+00
112           	OVC	1.093565e+01	1.590584e+01	1.181466e+01
112           	shield_slave	-3.264385e+00	-1.537934e+00	-1.510750e+00
113           	warmPlate	1.221056e+01	1.595075e+01	1.995779e+00
113           	OVC	1.093565e+01	1.590584e+01	1.181466e+01
113           	shield_slave	-3.264385e+00	-1.537934e+00	-1.510750e+00
114           	warmPlate	1.221056e+01	1.595075e+01	1.995779e+00
114           	OVC	1.093565e+01	1.590584e+01	1.181466e+01
114           	shield_slave	-3.264385e+00	-1.537934e+00	-1.510750e+00
115           	warmPlate	1.221056e+01	1.595075e+01	1.995779e+00
115           	OVC	1.093565e+01	1.590584e+01	1.181466e+01
115           	shield_slave	-3.264385e+00	-1.537934e+00	-1.510750e+00
116           	warmPlate	1.221056e+01	1.595075e+01	1.995779e+00
116           	OVC	1.093565e+01	1.590584e+01	1.181466e+01
116           	shield_slave	-3.264385e+00	-1.537934e+00	-1.510750e+00
117           	warmPlate	1.221056e+01	1.595075e+01	1.995779e+00
117           	OVC	1.093565e+01	1.590584e+01	1.181466e+01
117           	shield_slave	-3.264385e+00	-1.537934e+00	-1.510750e+00
118           	warmPlate	1.221056e+01	1.595075e+01	1.995779e+00
118           	OVC	1.093565e+01	1.590584e+01	1.181466e+01
118           	shield_slave	-3.264385e+00	-1.537934e+00	-1.510749e+00
119           	warmPlate	1.221056e+01	1.595075e+01	1.995779e+00
119           	OVC	1.093565e+01	1.590584e+01	1.181466e+01
119           	shield_slave	-3.264385e+00	-1.537934e+00	-1.510749e+00
120           	warmPlate	1.221056e+01	1.595075e+01	1.995779e+00
120           	OVC	1.093565e+01	1.590584e+01	1.181466e+01
120           	shield_slave	-3.264385e+00	-1.537934e+00	-1.510749e+00
121           	warmPlate	1.221056e+01	1.595075e+01	1.995779e+00
121           	OVC	1.093565e+01	1.590584e+01	1.181466e+01
121           	shield_slave	-3.264385e+00	-1.537934e+00	-1.510749e+00
122           	warmPlate	1.221056e+01	1.595075e+01	1.995779e+00
122           	OVC	1.093565e+01	1.590584e+01	1.181466e+01
122           	shield_slave	-3.264385e+00	-1.537934e+00	-1.510749e+00
123           	warmPlate	1.221056e+01	1.595075e+01	1.995779e+00
123           	OVC	1.093565e+01	1.590584e+01	1.181466e+01
123           	shield_slave	-3.264385e+00	-1.537934e+00	-1.510749e+00
124           	warmPlate	1.221056e+01	1.595075e+01	1.995779e+00
124           	OVC	1.093565e+01	1.590584e+01	1.181466e+01
124           	shield_slave	-3.264385e+00	-1.537934e+00	-1.510749e+00
125           	warmPlate	1.221056e+01	1.595075e+01	1.995779e+00
125           	OVC	1.093565e+01	1.590584e+01	1.181466e+01
125           	shield_slave	-3.264385e+00	-1.537934e+00	-1.510749e+00
126           	warmPlate	1.221056e+01	1.595075e+01	1.995779e+00
126           	OVC	1.093565e+01	1.590584e+01	1.181466e+01
126           	shield_slave	-3.264385e+00	-1.537934e+00	-1.510749e+00
127           	warmPlate	1.221056e+01	1.595075e+01	1.995779e+00
127           	OVC	1.093565e+01	1.590584e+01	1.181466e+01
127           	shield_slave	-3.264385e+00	-1.537934e+00	-1.510749e+00
128           	warmPlate	1.221056e+01	1.595075e+01	1.995779e+00
128           	OVC	1.093565e+01	1.590584e+01	1.181466e+01
128           	shield_slave	-3.264385e+00	-1.537934e+00	-1.510749e+00
129           	warmPlate	1.221056e+01	1.595075e+01	1.995779e+00
129           	OVC	1.093565e+01	1.590584e+01	1.181466e+01
129           	shield_slave	-3.264385e+00	-1.537934e+00	-1.510749e+00
130           	warmPlate	1.221056e+01	1.595075e+01	1.995779e+00
130           	OVC	1.093565e+01	1.590584e+01	1.181466e+01
130           	shield_slave	-3.264385e+00	-1.537934e+00	-1.510749e+00
131           	warmPlate	1.221056e+01	1.595075e+01	1.995779e+00
131           	OVC	1.093565e+01	1.590584e+01	1.181466e+01
131           	shield_slave	-3.264385e+00	-1.537934e+00	-1.510749e+00
132           	warmPlate	1.221056e+01	1.595075e+01	1.995779e+00
132           	OVC	1.093565e+01	1.590584e+01	1.181466e+01
132           	shield_slave	-3.264385e+00	-1.537934e+00	-1.510749e+00
133           	warmPlate	1.221056e+01	1.595075e+01	1.995779e+00
133           	OVC	1.093565e+01	1.590584e+01	1.181466e+01
133           	shield_slave	-3.264385e+00	-1.537934e+00	-1.510749e+00
134           	warmPlate	1.221056e+01	1.595075e+01	1.995779e+00
134           	OVC	1.093565e+01	1.590584e+01	1.181466e+01
134           	shield_slave	-3.264385e+00	-1.537934e+00	-1.510749e+00
135           	warmPlate	1.221056e+01	1.595075e+01	1.995779e+00
135           	OVC	1.093565e+01	1.590584e+01	1.181466e+01
135           	shield_slave	-3.264385e+00	-1.537934e+00	-1.510749e+00
136           	warmPlate	1.221056e+01	1.595075e+01	1.995779e+00
136           	OVC	1.093565e+01	1.590584e+01	1.181466e+01
136           	shield_slave	-3.264385e+00	-1.537934e+00	-1.510749e+00
137           	warmPlate	1.221056e+01	1.595075e+01	1.995779e+00
137           	OVC	1.093565e+01	1.590584e+01	1.181466e+01
137           	shield_slave	-3.264385e+00	-1.537934e+00	-1.510749e+00
138           	warmPlate	1.221056e+01	1.595075e+01	1.995779e+00
138           	OVC	1.093565e+01	1.590584e+01	1.181466e+01
138           	shield_slave	-3.264385e+00	-1.537934e+00	-1.510749e+00
139           	warmPlate	1.221056e+01	1.595075e+01	1.995779e+00
139           	OVC	1.093565e+01	1.590584e+01	1.181466e+01
139           	shield_slave	-3.264385e+00	-1.537934e+00	-1.510749e+00
140           	warmPlate	1.221056e+01	1.595075e+01	1.995779e+00
140           	OVC	1.093565e+01	1.590584e+01	1.181466e+01
140           	shield_slave	-3.264385e+00	-1.537934e+00	-1.510749e+00
141           	warmPlate	1.221056e+01	1.595075e+01	1.995779e+00
141           	OVC	1.093565e+01	1.590584e+01	1.181466e+01
141           	shield_slave	-3.264385e+00	-1.537934e+00	-1.510749e+00
142           	warmPlate	1.221056e+01	1.595075e+01	1.995779e+00
142           	OVC	1.093565e+01	1.590584e+01	1.181466e+01
142           	shield_slave	-3.264385e+00	-1.537934e+00	-1.510749e+00
143           	warmPlate	1.221056e+01	1.595075e+01	1.995779e+00
143           	OVC	1.093565e+01	1.590584e+01	1.181466e+01
143           	shield_slave	-3.264385e+00	-1.537934e+00	-1.510749e+00
144           	warmPlate	1.221056e+01	1.595075e+01	1.995779e+00
144           	OVC	1.093565e+01	1.590584e+01	1.181466e+01
144           	shield_slave	-3.264385e+00	-1.537934e+00	-1.510749e+00
145           	warmPlate	1.221056e+01	1.595075e+01	1.995779e+00
145           	OVC	1.093565e+01	1.590584e+01	1.181466e+01
145           	shield_slave	-3.264385e+00	-1.537934e+00	-1.510749e+00
146           	warmPlate	1.221056e+01	1.595075e+01	1.995779e+00
146           	OVC	1.093565e+01	1.590584e+01	1.181466e+01
146           	shield_slave	-3.264385e+00	-1.537934e+00	-1.510749e+00
147           	warmPlate	1.221056e+01	1.595075e+01	1.995779e+00
147           	OVC	1.093565e+01	1.590584e+01	1.181466e+01
147           	shield_slave	-3.264385e+00	-1.537934e+00	-1.510749e+00
148           	warmPlate	1.221056e+01	1.595075e+01	1.995779e+00
148           	OVC	1.093565e+01	1.590584e+01	1.181466e+01
148           	shield_slave	-3.264385e+00	-1.537934e+00	-1.510749e+00
149           	warmPlate	1.221056e+01	1.595075e+01	1.995779e+00
149           	OVC	1.093565e+01	1.590584e+01	1.181466e+01
149           	shield_slave	-3.264385e+00	-1.537934e+00	-1.510749e+00
150           	warmPlate	1.221056e+01	1.595075e+01	1.995779e+00
150           	OVC	1.093565e+01	1.590584e+01	1.181466e+01
150           	shield_slave	-3.264385e+00	-1.537934e+00	-1.510749e+00
151           	warmPlate	1.221056e+01	1.595075e+01	1.995779e+00
151           	OVC	1.093565e+01	1.590584e+01	1.181466e+01
151           	shield_slave	-3.264385e+00	-1.537934e+00	-1.510749e+00
152           	warmPlate	1.221056e+01	1.595075e+01	1.995779e+00
152           	OVC	1.093565e+01	1.590584e+01	1.181466e+01
152           	shield_slave	-3.264385e+00	-1.537934e+00	-1.510749e+00
153           	warmPlate	1.221056e+01	1.595075e+01	1.995779e+00
153           	OVC	1.093565e+01	1.590584e+01	1.181466e+01
153           	shield_slave	-3.264385e+00	-1.537934e+00	-1.510749e+00
154           	warmPlate	1.221056e+01	1.595075e+01	1.995779e+00
154           	OVC	1.093565e+01	1.590584e+01	1.181466e+01
154           	shield_slave	-3.264385e+00	-1.537934e+00	-1.510749e+00
155           	warmPlate	1.221056e+01	1.595075e+01	1.995779e+00
155           	OVC	1.093565e+01	1.590584e+01	1.181466e+01
155           	shield_slave	-3.264385e+00	-1.537934e+00	-1.510749e+00
156           	warmPlate	1.221056e+01	1.595075e+01	1.995779e+00
156           	OVC	1.093565e+01	1.590584e+01	1.181466e+01
156           	shield_slave	-3.264385e+00	-1.537934e+00	-1.510749e+00
157           	warmPlate	1.221056e+01	1.595075e+01	1.995779e+00
157           	OVC	1.093565e+01	1.590584e+01	1.181466e+01
157           	shield_slave	-3.264385e+00	-1.537934e+00	-1.510749e+00
158           	warmPlate	1.221056e+01	1.595075e+01	1.995779e+00
158           	OVC	1.093565e+01	1.590584e+01	1.181466e+01
158           	shield_slave	-3.264385e+00	-1.537934e+00	-1.510749e+00
159           	warmPlate	1.221056e+01	1.595075e+01	1.995779e+00
159           	OVC	1.093565e+01	1.590584e+01	1.181466e+01
159           	shield_slave	-3.264385e+00	-1.537934e+00	-1.510749e+00
160           	warmPlate	1.221056e+01	1.595075e+01	1.995779e+00
160           	OVC	1.093565e+01	1.590584e+01	1.181466e+01
160           	shield_slave	-3.264385e+00	-1.537934e+00	-1.510749e+00
161           	warmPlate	1.221056e+01	1.595075e+01	1.995779e+00
161           	OVC	1.093565e+01	1.590584e+01	1.181466e+01
161           	shield_slave	-3.264385e+00	-1.537934e+00	-1.510749e+00
162           	warmPlate	1.221056e+01	1.595075e+01	1.995779e+00
162           	OVC	1.093565e+01	1.590584e+01	1.181466e+01
162           	shield_slave	-3.264385e+00	-1.537934e+00	-1.510749e+00
163           	warmPlate	1.221056e+01	1.595075e+01	1.995779e+00
163           	OVC	1.093565e+01	1.590584e+01	1.181466e+01
163           	shield_slave	-3.264385e+00	-1.537934e+00	-1.510749e+00
164           	warmPlate	1.221056e+01	1.595075e+01	1.995779e+00
164           	OVC	1.093565e+01	1.590584e+01	1.181466e+01
164           	shield_slave	-3.264385e+00	-1.537934e+00	-1.510749e+00
165           	warmPlate	1.221056e+01	1.595075e+01	1.995779e+00
165           	OVC	1.093565e+01	1.590584e+01	1.181466e+01
165           	shield_slave	-3.264385e+00	-1.537934e+00	-1.510749e+00
166           	warmPlate	1.221056e+01	1.595075e+01	1.995779e+00
166           	OVC	1.093565e+01	1.590584e+01	1.181466e+01
166           	shield_slave	-3.264385e+00	-1.537934e+00	-1.510749e+00
167           	warmPlate	1.221056e+01	1.595075e+01	1.995779e+00
167           	OVC	1.093565e+01	1.590584e+01	1.181466e+01
167           	shield_slave	-3.264385e+00	-1.537934e+00	-1.510749e+00
168           	warmPlate	1.221056e+01	1.595075e+01	1.995779e+00
168           	OVC	1.093565e+01	1.590584e+01	1.181466e+01
168           	shield_slave	-3.264385e+00	-1.537934e+00	-1.510749e+00
169           	warmPlate	1.221056e+01	1.595075e+01	1.995779e+00
169           	OVC	1.093565e+01	1.590584e+01	1.181466e+01
169           	shield_slave	-3.264385e+00	-1.537934e+00	-1.510749e+00
170           	warmPlate	1.221056e+01	1.595075e+01	1.995779e+00
170           	OVC	1.093565e+01	1.590584e+01	1.181466e+01
170           	shield_slave	-3.264385e+00	-1.537934e+00	-1.510749e+00
171           	warmPlate	1.221056e+01	1.595075e+01	1.995779e+00
171           	OVC	1.093565e+01	1.590584e+01	1.181466e+01
171           	shield_slave	-3.264385e+00	-1.537934e+00	-1.510749e+00
172           	warmPlate	1.221056e+01	1.595075e+01	1.995779e+00
172           	OVC	1.093565e+01	1.590584e+01	1.181466e+01
172           	shield_slave	-3.264385e+00	-1.537934e+00	-1.510749e+00
173           	warmPlate	1.221056e+01	1.595075e+01	1.995779e+00
173           	OVC	1.093565e+01	1.590584e+01	1.181466e+01
173           	shield_slave	-3.264385e+00	-1.537934e+00	-1.510749e+00
174           	warmPlate	1.221056e+01	1.595075e+01	1.995779e+00
174           	OVC	1.093565e+01	1.590584e+01	1.181466e+01
174           	shield_slave	-3.264385e+00	-1.537934e+00	-1.510749e+00
175           	warmPlate	1.221056e+01	1.595075e+01	1.995779e+00
175           	OVC	1.093565e+01	1.590584e+01	1.181466e+01
175           	shield_slave	-3.264385e+00	-1.537934e+00	-1.510749e+00
176           	warmPlate	1.221056e+01	1.595075e+01	1.995779e+00
176           	OVC	1.093565e+01	1.590584e+01	1.181466e+01
176           	shield_slave	-3.264385e+00	-1.537934e+00	-1.510749e+00
177           	warmPlate	1.221056e+01	1.595075e+01	1.995779e+00
177           	OVC	1.093565e+01	1.590584e+01	1.181466e+01
177           	shield_slave	-3.264385e+00	-1.537934e+00	-1.510749e+00
178           	warmPlate	1.221056e+01	1.595075e+01	1.995779e+00
178           	OVC	1.093565e+01	1.590584e+01	1.181466e+01
178           	shield_slave	-3.264385e+00	-1.537934e+00	-1.510749e+00
179           	warmPlate	1.221056e+01	1.595075e+01	1.995779e+00
179           	OVC	1.093565e+01	1.590584e+01	1.181466e+01
179           	shield_slave	-3.264385e+00	-1.537934e+00	-1.510749e+00
180           	warmPlate	1.221056e+01	1.595075e+01	1.995779e+00
180           	OVC	1.093565e+01	1.590584e+01	1.181466e+01
180           	shield_slave	-3.264385e+00	-1.537934e+00	-1.510749e+00
181           	warmPlate	1.221056e+01	1.595075e+01	1.995779e+00
181           	OVC	1.093565e+01	1.590584e+01	1.181466e+01
181           	shield_slave	-3.264385e+00	-1.537934e+00	-1.510749e+00
182           	warmPlate	1.221056e+01	1.595075e+01	1.995779e+00
182           	OVC	1.093565e+01	1.590584e+01	1.181466e+01
182           	shield_slave	-3.264385e+00	-1.537934e+00	-1.510749e+00
183           	warmPlate	1.221056e+01	1.595075e+01	1.995779e+00
183           	OVC	1.093565e+01	1.590584e+01	1.181466e+01
183           	shield_slave	-3.264385e+00	-1.537934e+00	-1.510749e+00
184           	warmPlate	1.221056e+01	1.595075e+01	1.995779e+00
184           	OVC	1.093565e+01	1.590584e+01	1.181466e+01
184           	shield_slave	-3.264385e+00	-1.537934e+00	-1.510749e+00
185           	warmPlate	1.221056e+01	1.595075e+01	1.995779e+00
185           	OVC	1.093565e+01	1.590584e+01	1.181466e+01
185           	shield_slave	-3.264385e+00	-1.537934e+00	-1.510749e+00
186           	warmPlate	1.221056e+01	1.595075e+01	1.995779e+00
186           	OVC	1.093565e+01	1.590584e+01	1.181466e+01
186           	shield_slave	-3.264385e+00	-1.537934e+00	-1.510749e+00
187           	warmPlate	1.221056e+01	1.595075e+01	1.995779e+00
187           	OVC	1.093565e+01	1.590584e+01	1.181466e+01
187           	shield_slave	-3.264385e+00	-1.537934e+00	-1.510749e+00
188           	warmPlate	1.221056e+01	1.595075e+01	1.995779e+00
188           	OVC	1.093565e+01	1.590584e+01	1.181466e+01
188           	shield_slave	-3.264385e+00	-1.537934e+00	-1.510749e+00
189           	warmPlate	1.221056e+01	1.595075e+01	1.995779e+00
189           	OVC	1.093565e+01	1.590584e+01	1.181466e+01
189           	shield_slave	-3.264385e+00	-1.537934e+00	-1.510749e+00
190           	warmPlate	1.221056e+01	1.595075e+01	1.995779e+00
190           	OVC	1.093565e+01	1.590584e+01	1.181466e+01
190           	shield_slave	-3.264385e+00	-1.537934e+00	-1.510748e+00
191           	warmPlate	1.221056e+01	1.595075e+01	1.995779e+00
191           	OVC	1.093565e+01	1.590584e+01	1.181466e+01
191           	shield_slave	-3.264385e+00	-1.537934e+00	-1.510748e+00
192           	warmPlate	1.221056e+01	1.595075e+01	1.995779e+00
192           	OVC	1.093565e+01	1.590584e+01	1.181466e+01
192           	shield_slave	-3.264385e+00	-1.537934e+00	-1.510748e+00
193           	warmPlate	1.221056e+01	1.595075e+01	1.995779e+00
193           	OVC	1.093565e+01	1.590584e+01	1.181466e+01
193           	shield_slave	-3.264385e+00	-1.537934e+00	-1.510748e+00
194           	warmPlate	1.221056e+01	1.595075e+01	1.995779e+00
194           	OVC	1.093565e+01	1.590584e+01	1.181466e+01
194           	shield_slave	-3.264385e+00	-1.537934e+00	-1.510748e+00
195           	warmPlate	1.221056e+01	1.595075e+01	1.995779e+00
195           	OVC	1.093565e+01	1.590584e+01	1.181466e+01
195           	shield_slave	-3.264385e+00	-1.537934e+00	-1.510748e+00
196           	warmPlate	1.221056e+01	1.595075e+01	1.995779e+00
196           	OVC	1.093565e+01	1.590584e+01	1.181466e+01
196           	shield_slave	-3.264385e+00	-1.537934e+00	-1.510748e+00
197           	warmPlate	1.221056e+01	1.595075e+01	1.995779e+00
197           	OVC	1.093565e+01	1.590584e+01	1.181466e+01
197           	shield_slave	-3.264385e+00	-1.537934e+00	-1.510748e+00
198           	warmPlate	1.221056e+01	1.595075e+01	1.995779e+00
198           	OVC	1.093565e+01	1.590584e+01	1.181466e+01
198           	shield_slave	-3.264385e+00	-1.537934e+00	-1.510748e+00
199           	warmPlate	1.221056e+01	1.595075e+01	1.995779e+00
199           	OVC	1.093565e+01	1.590584e+01	1.181466e+01
199           	shield_slave	-3.264385e+00	-1.537934e+00	-1.510748e+00
200           	warmPlate	1.221056e+01	1.595075e+01	1.995779e+00
200           	OVC	1.093565e+01	1.590584e+01	1.181466e+01
200           	shield_slave	-3.264385e+00	-1.537934e+00	-1.510748e+00
201           	warmPlate	1.221056e+01	1.595075e+01	1.995779e+00
201           	OVC	1.093565e+01	1.590584e+01	1.181466e+01
201           	shield_slave	-3.264385e+00	-1.537934e+00	-1.510748e+00
202           	warmPlate	1.221056e+01	1.595075e+01	1.995779e+00
202           	OVC	1.093565e+01	1.590584e+01	1.181466e+01
202           	shield_slave	-3.264385e+00	-1.537934e+00	-1.510748e+00
203           	warmPlate	1.221056e+01	1.595075e+01	1.995779e+00
203           	OVC	1.093565e+01	1.590584e+01	1.181466e+01
203           	shield_slave	-3.264385e+00	-1.537934e+00	-1.510748e+00
204           	warmPlate	1.221056e+01	1.595075e+01	1.995779e+00
204           	OVC	1.093565e+01	1.590584e+01	1.181466e+01
204           	shield_slave	-3.264385e+00	-1.537934e+00	-1.510748e+00
205           	warmPlate	1.221056e+01	1.595075e+01	1.995779e+00
205           	OVC	1.093565e+01	1.590584e+01	1.181466e+01
205           	shield_slave	-3.264385e+00	-1.537934e+00	-1.510748e+00
206           	warmPlate	1.221056e+01	1.595075e+01	1.995779e+00
206           	OVC	1.093565e+01	1.590584e+01	1.181466e+01
206           	shield_slave	-3.264385e+00	-1.537934e+00	-1.510748e+00
207           	warmPlate	1.221056e+01	1.595075e+01	1.995779e+00
207           	OVC	1.093565e+01	1.590584e+01	1.181466e+01
207           	shield_slave	-3.264385e+00	-1.537934e+00	-1.510748e+00
208           	warmPlate	1.221056e+01	1.595075e+01	1.995779e+00
208           	OVC	1.093565e+01	1.590584e+01	1.181466e+01
208           	shield_slave	-3.264385e+00	-1.537934e+00	-1.510748e+00
209           	warmPlate	1.221056e+01	1.595075e+01	1.995779e+00
209           	OVC	1.093565e+01	1.590584e+01	1.181466e+01
209           	shield_slave	-3.264385e+00	-1.537934e+00	-1.510748e+00
210           	warmPlate	1.221056e+01	1.595075e+01	1.995779e+00
210           	OVC	1.093565e+01	1.590584e+01	1.181466e+01
210           	shield_slave	-3.264385e+00	-1.537934e+00	-1.510748e+00
211           	warmPlate	1.221056e+01	1.595075e+01	1.995779e+00
211           	OVC	1.093565e+01	1.590584e+01	1.181466e+01
211           	shield_slave	-3.264385e+00	-1.537934e+00	-1.510748e+00
212           	warmPlate	1.221056e+01	1.595075e+01	1.995779e+00
212           	OVC	1.093565e+01	1.590584e+01	1.181466e+01
212           	shield_slave	-3.264385e+00	-1.537934e+00	-1.510748e+00
213           	warmPlate	1.221056e+01	1.595075e+01	1.995779e+00
213           	OVC	1.093565e+01	1.590584e+01	1.181466e+01
213           	shield_slave	-3.264385e+00	-1.537934e+00	-1.510748e+00
214           	warmPlate	1.221056e+01	1.595075e+01	1.995779e+00
214           	OVC	1.093565e+01	1.590584e+01	1.181466e+01
214           	shield_slave	-3.264385e+00	-1.537934e+00	-1.510748e+00
215           	warmPlate	1.221056e+01	1.595075e+01	1.995779e+00
215           	OVC	1.093565e+01	1.590584e+01	1.181466e+01
215           	shield_slave	-3.264385e+00	-1.537934e+00	-1.510748e+00
216           	warmPlate	1.221056e+01	1.595075e+01	1.995779e+00
216           	OVC	1.093565e+01	1.590584e+01	1.181466e+01
216           	shield_slave	-3.264385e+00	-1.537934e+00	-1.510748e+00
217           	warmPlate	1.221056e+01	1.595075e+01	1.995779e+00
217           	OVC	1.093565e+01	1.590584e+01	1.181466e+01
217           	shield_slave	-3.264385e+00	-1.537934e+00	-1.510748e+00
218           	warmPlate	1.221056e+01	1.595075e+01	1.995779e+00
218           	OVC	1.093565e+01	1.590584e+01	1.181466e+01
218           	shield_slave	-3.264385e+00	-1.537934e+00	-1.510748e+00
219           	warmPlate	1.221056e+01	1.595075e+01	1.995779e+00
219           	OVC	1.093565e+01	1.590584e+01	1.181466e+01
219           	shield_slave	-3.264385e+00	-1.537934e+00	-1.510748e+00
220           	warmPlate	1.221056e+01	1.595075e+01	1.995779e+00
220           	OVC	1.093565e+01	1.590584e+01	1.181466e+01
220           	shield_slave	-3.264385e+00	-1.537934e+00	-1.510748e+00
221           	warmPlate	1.221056e+01	1.595075e+01	1.995779e+00
221           	OVC	1.093565e+01	1.590584e+01	1.181466e+01
221           	shield_slave	-3.264385e+00	-1.537934e+00	-1.510748e+00
222           	warmPlate	1.221056e+01	1.595075e+01	1.995779e+00
222           	OVC	1.093565e+01	1.590584e+01	1.181466e+01
222           	shield_slave	-3.264385e+00	-1.537934e+00	-1.510748e+00
223           	warmPlate	1.221056e+01	1.595075e+01	1.995779e+00
223           	OVC	1.093565e+01	1.590584e+01	1.181466e+01
223           	shield_slave	-3.264385e+00	-1.537934e+00	-1.510748e+00
224           	warmPlate	1.221056e+01	1.595075e+01	1.995779e+00
224           	OVC	1.093565e+01	1.590584e+01	1.181466e+01
224           	shield_slave	-3.264385e+00	-1.537934e+00	-1.510748e+00
225           	warmPlate	1.221056e+01	1.595075e+01	1.995779e+00
225           	OVC	1.093565e+01	1.590584e+01	1.181466e+01
225           	shield_slave	-3.264385e+00	-1.537934e+00	-1.510748e+00
226           	warmPlate	1.221056e+01	1.595075e+01	1.995779e+00
226           	OVC	1.093565e+01	1.590584e+01	1.181466e+01
226           	shield_slave	-3.264385e+00	-1.537934e+00	-1.510748e+00
227           	warmPlate	1.221056e+01	1.595075e+01	1.995779e+00
227           	OVC	1.093565e+01	1.590584e+01	1.181466e+01
227           	shield_slave	-3.264385e+00	-1.537934e+00	-1.510748e+00
228           	warmPlate	1.221056e+01	1.595075e+01	1.995779e+00
228           	OVC	1.093565e+01	1.590584e+01	1.181466e+01
228           	shield_slave	-3.264385e+00	-1.537934e+00	-1.510748e+00
229           	warmPlate	1.221056e+01	1.595075e+01	1.995779e+00
229           	OVC	1.093565e+01	1.590584e+01	1.181466e+01
229           	shield_slave	-3.264385e+00	-1.537934e+00	-1.510748e+00
230           	warmPlate	1.221056e+01	1.595075e+01	1.995779e+00
230           	OVC	1.093565e+01	1.590584e+01	1.181466e+01
230           	shield_slave	-3.264385e+00	-1.537934e+00	-1.510748e+00
231           	warmPlate	1.221056e+01	1.595075e+01	1.995779e+00
231           	OVC	1.093565e+01	1.590584e+01	1.181466e+01
231           	shield_slave	-3.264385e+00	-1.537934e+00	-1.510748e+00
232           	warmPlate	1.221056e+01	1.595075e+01	1.995779e+00
232           	OVC	1.093565e+01	1.590584e+01	1.181466e+01
232           	shield_slave	-3.264385e+00	-1.537934e+00	-1.510748e+00
233           	warmPlate	1.221056e+01	1.595075e+01	1.995779e+00
233           	OVC	1.093565e+01	1.590584e+01	1.181466e+01
233           	shield_slave	-3.264385e+00	-1.537934e+00	-1.510748e+00
234           	warmPlate	1.221056e+01	1.595075e+01	1.995779e+00
234           	OVC	1.093565e+01	1.590584e+01	1.181466e+01
234           	shield_slave	-3.264385e+00	-1.537934e+00	-1.510748e+00
235           	warmPlate	1.221056e+01	1.595075e+01	1.995779e+00
235           	OVC	1.093565e+01	1.590584e+01	1.181466e+01
235           	shield_slave	-3.264385e+00	-1.537934e+00	-1.510748e+00
236           	warmPlate	1.221056e+01	1.595075e+01	1.995779e+00
236           	OVC	1.093565e+01	1.590584e+01	1.181466e+01
236           	shield_slave	-3.264385e+00	-1.537934e+00	-1.510748e+00
237           	warmPlate	1.221056e+01	1.595075e+01	1.995779e+00
237           	OVC	1.093565e+01	1.590584e+01	1.181466e+01
237           	shield_slave	-3.264385e+00	-1.537934e+00	-1.510748e+00
238           	warmPlate	1.221056e+01	1.595075e+01	1.995779e+00
238           	OVC	1.093565e+01	1.590584e+01	1.181466e+01
238           	shield_slave	-3.264385e+00	-1.537934e+00	-1.510748e+00
239           	warmPlate	1.221056e+01	1.595075e+01	1.995779e+00
239           	OVC	1.093565e+01	1.590584e+01	1.181466e+01
239           	shield_slave	-3.264385e+00	-1.537934e+00	-1.510748e+00
240           	warmPlate	1.221056e+01	1.595075e+01	1.995779e+00
240           	OVC	1.093565e+01	1.590584e+01	1.181466e+01
240           	shield_slave	-3.264385e+00	-1.537934e+00	-1.510748e+00
241           	warmPlate	1.221056e+01	1.595075e+01	1.995779e+00
241           	OVC	1.093565e+01	1.590584e+01	1.181466e+01
241           	shield_slave	-3.264385e+00	-1.537934e+00	-1.510748e+00
242           	warmPlate	1.221056e+01	1.595075e+01	1.995779e+00
242           	OVC	1.093565e+01	1.590584e+01	1.181466e+01
242           	shield_slave	-3.264385e+00	-1.537934e+00	-1.510748e+00
243           	warmPlate	1.221056e+01	1.595075e+01	1.995779e+00
243           	OVC	1.093565e+01	1.590584e+01	1.181466e+01
243           	shield_slave	-3.264385e+00	-1.537934e+00	-1.510748e+00
244           	warmPlate	1.221056e+01	1.595075e+01	1.995779e+00
244           	OVC	1.093565e+01	1.590584e+01	1.181466e+01
244           	shield_slave	-3.264385e+00	-1.537934e+00	-1.510748e+00
245           	warmPlate	1.221056e+01	1.595075e+01	1.995779e+00
245           	OVC	1.093565e+01	1.590584e+01	1.181466e+01
245           	shield_slave	-3.264385e+00	-1.537934e+00	-1.510748e+00
246           	warmPlate	1.221056e+01	1.595075e+01	1.995779e+00
246           	OVC	1.093565e+01	1.590584e+01	1.181466e+01
246           	shield_slave	-3.264385e+00	-1.537934e+00	-1.510748e+00
247           	warmPlate	1.221056e+01	1.595075e+01	1.995779e+00
247           	OVC	1.093565e+01	1.590584e+01	1.181466e+01
247           	shield_slave	-3.264385e+00	-1.537934e+00	-1.510748e+00
248           	warmPlate	1.221056e+01	1.595075e+01	1.995779e+00
248           	OVC	1.093565e+01	1.590584e+01	1.181466e+01
248           	shield_slave	-3.264385e+00	-1.537934e+00	-1.510748e+00
249           	warmPlate	1.221056e+01	1.595075e+01	1.995779e+00
249           	OVC	1.093565e+01	1.590584e+01	1.181466e+01
249           	shield_slave	-3.264385e+00	-1.537934e+00	-1.510748e+00
250           	warmPlate	1.221056e+01	1.595075e+01	1.995779e+00
250           	OVC	1.093565e+01	1.590584e+01	1.181466e+01
250           	shield_slave	-3.264385e+00	-1.537934e+00	-1.510748e+00
251           	warmPlate	1.221056e+01	1.595075e+01	1.995779e+00
251           	OVC	1.093565e+01	1.590584e+01	1.181466e+01
251           	shield_slave	-3.264385e+00	-1.537934e+00	-1.510748e+00
252           	warmPlate	1.221056e+01	1.595075e+01	1.995779e+00
252           	OVC	1.093565e+01	1.590584e+01	1.181466e+01
252           	shield_slave	-3.264385e+00	-1.537934e+00	-1.510748e+00
253           	warmPlate	1.221056e+01	1.595075e+01	1.995779e+00
253           	OVC	1.093565e+01	1.590584e+01	1.181466e+01
253           	shield_slave	-3.264385e+00	-1.537934e+00	-1.510748e+00
254           	warmPlate	1.221056e+01	1.595075e+01	1.995779e+00
254           	OVC	1.093565e+01	1.590584e+01	1.181466e+01
254           	shield_slave	-3.264385e+00	-1.537934e+00	-1.510748e+00
255           	warmPlate	1.221056e+01	1.595075e+01	1.995779e+00
255           	OVC	1.093565e+01	1.590584e+01	1.181466e+01
255           	shield_slave	-3.264385e+00	-1.537934e+00	-1.510748e+00
256           	warmPlate	1.221056e+01	1.595075e+01	1.995779e+00
256           	OVC	1.093565e+01	1.590584e+01	1.181466e+01
256           	shield_slave	-3.264385e+00	-1.537934e+00	-1.510748e+00
257           	warmPlate	1.221056e+01	1.595075e+01	1.995779e+00
257           	OVC	1.093565e+01	1.590584e+01	1.181466e+01
257           	shield_slave	-3.264385e+00	-1.537934e+00	-1.510748e+00
258           	warmPlate	1.221056e+01	1.595075e+01	1.995779e+00
258           	OVC	1.093565e+01	1.590584e+01	1.181466e+01
258           	shield_slave	-3.264385e+00	-1.537934e+00	-1.510748e+00
259           	warmPlate	1.221056e+01	1.595075e+01	1.995779e+00
259           	OVC	1.093565e+01	1.590584e+01	1.181466e+01
259           	shield_slave	-3.264385e+00	-1.537934e+00	-1.510748e+00
260           	warmPlate	1.221056e+01	1.595075e+01	1.995779e+00
260           	OVC	1.093565e+01	1.590584e+01	1.181466e+01
260           	shield_slave	-3.264385e+00	-1.537934e+00	-1.510748e+00
261           	warmPlate	1.221056e+01	1.595075e+01	1.995779e+00
261           	OVC	1.093565e+01	1.590584e+01	1.181466e+01
261           	shield_slave	-3.264385e+00	-1.537934e+00	-1.510748e+00
262           	warmPlate	1.221056e+01	1.595075e+01	1.995779e+00
262           	OVC	1.093565e+01	1.590584e+01	1.181466e+01
262           	shield_slave	-3.264385e+00	-1.537934e+00	-1.510748e+00
263           	warmPlate	1.221056e+01	1.595075e+01	1.995779e+00
263           	OVC	1.093565e+01	1.590584e+01	1.181466e+01
263           	shield_slave	-3.264385e+00	-1.537934e+00	-1.510748e+00
264           	warmPlate	1.221056e+01	1.595075e+01	1.995779e+00
264           	OVC	1.093565e+01	1.590584e+01	1.181466e+01
264           	shield_slave	-3.264385e+00	-1.537934e+00	-1.510748e+00
265           	warmPlate	1.221056e+01	1.595075e+01	1.995779e+00
265           	OVC	1.093565e+01	1.590584e+01	1.181466e+01
265           	shield_slave	-3.264385e+00	-1.537934e+00	-1.510748e+00
266           	warmPlate	1.221056e+01	1.595075e+01	1.995779e+00
266           	OVC	1.093565e+01	1.590584e+01	1.181466e+01
266           	shield_slave	-3.264385e+00	-1.537934e+00	-1.510748e+00
267           	warmPlate	1.221056e+01	1.595075e+01	1.995779e+00
267           	OVC	1.093565e+01	1.590584e+01	1.181466e+01
267           	shield_slave	-3.264385e+00	-1.537934e+00	-1.510748e+00
268           	warmPlate	1.221056e+01	1.595075e+01	1.995779e+00
268           	OVC	1.093565e+01	1.590584e+01	1.181466e+01
268           	shield_slave	-3.264385e+00	-1.537934e+00	-1.510748e+00
269           	warmPlate	1.221056e+01	1.595075e+01	1.995779e+00
269           	OVC	1.093565e+01	1.590584e+01	1.181466e+01
269           	shield_slave	-3.264385e+00	-1.537934e+00	-1.510748e+00
270           	warmPlate	1.221056e+01	1.595075e+01	1.995779e+00
270           	OVC	1.093565e+01	1.590584e+01	1.181466e+01
270           	shield_slave	-3.264385e+00	-1.537934e+00	-1.510748e+00
271           	warmPlate	1.221056e+01	1.595075e+01	1.995779e+00
271           	OVC	1.093565e+01	1.590584e+01	1.181466e+01
271           	shield_slave	-3.264385e+00	-1.537934e+00	-1.510748e+00
272           	warmPlate	1.221056e+01	1.595075e+01	1.995779e+00
272           	OVC	1.093565e+01	1.590584e+01	1.181466e+01
272           	shield_slave	-3.264385e+00	-1.537934e+00	-1.510748e+00
273           	warmPlate	1.221056e+01	1.595075e+01	1.995779e+00
273           	OVC	1.093565e+01	1.590584e+01	1.181466e+01
273           	shield_slave	-3.264385e+00	-1.537934e+00	-1.510748e+00
274           	warmPlate	1.221056e+01	1.595075e+01	1.995779e+00
274           	OVC	1.093565e+01	1.590584e+01	1.181466e+01
274           	shield_slave	-3.264385e+00	-1.537934e+00	-1.510748e+00
275           	warmPlate	1.221056e+01	1.595075e+01	1.995779e+00
275           	OVC	1.093565e+01	1.590584e+01	1.181466e+01
275           	shield_slave	-3.264385e+00	-1.537934e+00	-1.510748e+00
276           	warmPlate	1.221056e+01	1.595075e+01	1.995779e+00
276           	OVC	1.093565e+01	1.590584e+01	1.181466e+01
276           	shield_slave	-3.264385e+00	-1.537934e+00	-1.510748e+00
277           	warmPlate	1.221056e+01	1.595075e+01	1.995779e+00
277           	OVC	1.093565e+01	1.590584e+01	1.181466e+01
277           	shield_slave	-3.264385e+00	-1.537934e+00	-1.510748e+00
278           	warmPlate	1.221056e+01	1.595075e+01	1.995779e+00
278           	OVC	1.093565e+01	1.590584e+01	1.181466e+01
278           	shield_slave	-3.264385e+00	-1.537934e+00	-1.510748e+00
279           	warmPlate	1.221056e+01	1.595075e+01	1.995779e+00
279           	OVC	1.093565e+01	1.590584e+01	1.181466e+01
279           	shield_slave	-3.264385e+00	-1.537934e+00	-1.510748e+00
280           	warmPlate	1.221056e+01	1.595075e+01	1.995779e+00
280           	OVC	1.093565e+01	1.590584e+01	1.181466e+01
280           	shield_slave	-3.264385e+00	-1.537934e+00	-1.510748e+00
281           	warmPlate	1.221056e+01	1.595075e+01	1.995779e+00
281           	OVC	1.093565e+01	1.590584e+01	1.181466e+01
281           	shield_slave	-3.264385e+00	-1.537934e+00	-1.510748e+00
282           	warmPlate	1.221056e+01	1.595075e+01	1.995779e+00
282           	OVC	1.093565e+01	1.590584e+01	1.181466e+01
282           	shield_slave	-3.264385e+00	-1.537934e+00	-1.510748e+00
283           	warmPlate	1.221056e+01	1.595075e+01	1.995779e+00
283           	OVC	1.093565e+01	1.590584e+01	1.181466e+01
283           	shield_slave	-3.264385e+00	-1.537934e+00	-1.510748e+00
284           	warmPlate	1.221056e+01	1.595075e+01	1.995779e+00
284           	OVC	1.093565e+01	1.590584e+01	1.181466e+01
284           	shield_slave	-3.264385e+00	-1.537934e+00	-1.510748e+00
285           	warmPlate	1.221056e+01	1.595075e+01	1.995779e+00
285           	OVC	1.093565e+01	1.590584e+01	1.181466e+01
285           	shield_slave	-3.264385e+00	-1.537934e+00	-1.510748e+00
286           	warmPlate	1.221056e+01	1.595075e+01	1.995779e+00
286           	OVC	1.093565e+01	1.590584e+01	1.181466e+01
286           	shield_slave	-3.264385e+00	-1.537934e+00	-1.510748e+00
287           	warmPlate	1.221056e+01	1.595075e+01	1.995779e+00
287           	OVC	1.093565e+01	1.590584e+01	1.181466e+01
287           	shield_slave	-3.264385e+00	-1.537934e+00	-1.510748e+00
288           	warmPlate	1.221056e+01	1.595075e+01	1.995779e+00
288           	OVC	1.093565e+01	1.590584e+01	1.181466e+01
288           	shield_slave	-3.264385e+00	-1.537934e+00	-1.510748e+00
289           	warmPlate	1.221056e+01	1.595075e+01	1.995779e+00
289           	OVC	1.093565e+01	1.590584e+01	1.181466e+01
289           	shield_slave	-3.264385e+00	-1.537934e+00	-1.510748e+00
290           	warmPlate	1.221056e+01	1.595075e+01	1.995779e+00
290           	OVC	1.093565e+01	1.590584e+01	1.181466e+01
290           	shield_slave	-3.264385e+00	-1.537934e+00	-1.510748e+00
291           	warmPlate	1.221056e+01	1.595075e+01	1.995779e+00
291           	OVC	1.093565e+01	1.590584e+01	1.181466e+01
291           	shield_slave	-3.264385e+00	-1.537934e+00	-1.510748e+00
292           	warmPlate	1.221056e+01	1.595075e+01	1.995779e+00
292           	OVC	1.093565e+01	1.590584e+01	1.181466e+01
292           	shield_slave	-3.264385e+00	-1.537934e+00	-1.510748e+00
293           	warmPlate	1.221056e+01	1.595075e+01	1.995779e+00
293           	OVC	1.093565e+01	1.590584e+01	1.181466e+01
293           	shield_slave	-3.264385e+00	-1.537934e+00	-1.510748e+00
294           	warmPlate	1.221056e+01	1.595075e+01	1.995779e+00
294           	OVC	1.093565e+01	1.590584e+01	1.181466e+01
294           	shield_slave	-3.264385e+00	-1.537934e+00	-1.510748e+00
295           	warmPlate	1.221056e+01	1.595075e+01	1.995779e+00
295           	OVC	1.093565e+01	1.590584e+01	1.181466e+01
295           	shield_slave	-3.264385e+00	-1.537934e+00	-1.510748e+00
296           	warmPlate	1.221056e+01	1.595075e+01	1.995779e+00
296           	OVC	1.093565e+01	1.590584e+01	1.181466e+01
296           	shield_slave	-3.264385e+00	-1.537934e+00	-1.510748e+00
297           	warmPlate	1.221056e+01	1.595075e+01	1.995779e+00
297           	OVC	1.093565e+01	1.590584e+01	1.181466e+01
297           	shield_slave	-3.264385e+00	-1.537934e+00	-1.510748e+00
298           	warmPlate	1.221056e+01	1.595075e+01	1.995779e+00
298           	OVC	1.093565e+01	1.590584e+01	1.181466e+01
298           	shield_slave	-3.264385e+00	-1.537934e+00	-1.510748e+00
299           	warmPlate	1.221056e+01	1.595075e+01	1.995779e+00
299           	OVC	1.093565e+01	1.590584e+01	1.181466e+01
299           	shield_slave	-3.264385e+00	-1.537934e+00	-1.510748e+00
300           	warmPlate	1.221056e+01	1.595075e+01	1.995779e+00
300           	OVC	1.093565e+01	1.590584e+01	1.181466e+01
300           	shield_slave	-3.264385e+00	-1.537934e+00	-1.510748e+00
301           	warmPlate	1.221056e+01	1.595075e+01	1.995779e+00
301           	OVC	1.093565e+01	1.590584e+01	1.181466e+01
301           	shield_slave	-3.264385e+00	-1.537934e+00	-1.510748e+00
302           	warmPlate	1.221056e+01	1.595075e+01	1.995779e+00
302           	OVC	1.093565e+01	1.590584e+01	1.181466e+01
302           	shield_slave	-3.264385e+00	-1.537934e+00	-1.510748e+00
303           	warmPlate	1.221056e+01	1.595075e+01	1.995779e+00
303           	OVC	1.093565e+01	1.590584e+01	1.181466e+01
303           	shield_slave	-3.264385e+00	-1.537934e+00	-1.510748e+00
304           	warmPlate	1.221056e+01	1.595075e+01	1.995779e+00
304           	OVC	1.093565e+01	1.590584e+01	1.181466e+01
304           	shield_slave	-3.264385e+00	-1.537934e+00	-1.510748e+00
305           	warmPlate	1.221056e+01	1.595075e+01	1.995779e+00
305           	OVC	1.093565e+01	1.590584e+01	1.181466e+01
305           	shield_slave	-3.264385e+00	-1.537934e+00	-1.510748e+00
306           	warmPlate	1.221056e+01	1.595075e+01	1.995779e+00
306           	OVC	1.093565e+01	1.590584e+01	1.181466e+01
306           	shield_slave	-3.264385e+00	-1.537934e+00	-1.510748e+00
307           	warmPlate	1.221056e+01	1.595075e+01	1.995779e+00
307           	OVC	1.093565e+01	1.590584e+01	1.181466e+01
307           	shield_slave	-3.264385e+00	-1.537934e+00	-1.510748e+00
308           	warmPlate	1.221056e+01	1.595075e+01	1.995779e+00
308           	OVC	1.093565e+01	1.590584e+01	1.181466e+01
308           	shield_slave	-3.264385e+00	-1.537934e+00	-1.510748e+00
309           	warmPlate	1.221056e+01	1.595075e+01	1.995779e+00
309           	OVC	1.093565e+01	1.590584e+01	1.181466e+01
309           	shield_slave	-3.264385e+00	-1.537934e+00	-1.510748e+00
310           	warmPlate	1.221056e+01	1.595075e+01	1.995779e+00
310           	OVC	1.093565e+01	1.590584e+01	1.181466e+01
310           	shield_slave	-3.264385e+00	-1.537934e+00	-1.510748e+00
311           	warmPlate	1.221056e+01	1.595075e+01	1.995779e+00
311           	OVC	1.093565e+01	1.590584e+01	1.181466e+01
311           	shield_slave	-3.264385e+00	-1.537934e+00	-1.510748e+00
312           	warmPlate	1.221056e+01	1.595075e+01	1.995779e+00
312           	OVC	1.093565e+01	1.590584e+01	1.181466e+01
312           	shield_slave	-3.264385e+00	-1.537934e+00	-1.510748e+00
313           	warmPlate	1.221056e+01	1.595075e+01	1.995779e+00
313           	OVC	1.093565e+01	1.590584e+01	1.181466e+01
313           	shield_slave	-3.264385e+00	-1.537934e+00	-1.510748e+00
314           	warmPlate	1.221056e+01	1.595075e+01	1.995779e+00
314           	OVC	1.093565e+01	1.590584e+01	1.181466e+01
314           	shield_slave	-3.264385e+00	-1.537934e+00	-1.510748e+00
315           	warmPlate	1.221056e+01	1.595075e+01	1.995779e+00
315           	OVC	1.093565e+01	1.590584e+01	1.181466e+01
315           	shield_slave	-3.264385e+00	-1.537934e+00	-1.510748e+00
316           	warmPlate	1.221056e+01	1.595075e+01	1.995779e+00
316           	OVC	1.093565e+01	1.590584e+01	1.181466e+01
316           	shield_slave	-3.264385e+00	-1.537934e+00	-1.510748e+00
317           	warmPlate	1.221056e+01	1.595075e+01	1.995779e+00
317           	OVC	1.093565e+01	1.590584e+01	1.181466e+01
317           	shield_slave	-3.264385e+00	-1.537934e+00	-1.510748e+00
318           	warmPlate	1.221056e+01	1.595075e+01	1.995779e+00
318           	OVC	1.093565e+01	1.590584e+01	1.181466e+01
318           	shield_slave	-3.264385e+00	-1.537934e+00	-1.510748e+00
319           	warmPlate	1.221056e+01	1.595075e+01	1.995779e+00
319           	OVC	1.093565e+01	1.590584e+01	1.181466e+01
319           	shield_slave	-3.264385e+00	-1.537934e+00	-1.510748e+00
320           	warmPlate	1.221056e+01	1.595075e+01	1.995779e+00
320           	OVC	1.093565e+01	1.590584e+01	1.181466e+01
320           	shield_slave	-3.264385e+00	-1.537934e+00	-1.510748e+00
321           	warmPlate	1.221056e+01	1.595075e+01	1.995779e+00
321           	OVC	1.093565e+01	1.590584e+01	1.181466e+01
321           	shield_slave	-3.264385e+00	-1.537934e+00	-1.510748e+00
322           	warmPlate	1.221056e+01	1.595075e+01	1.995779e+00
322           	OVC	1.093565e+01	1.590584e+01	1.181466e+01
322           	shield_slave	-3.264385e+00	-1.537934e+00	-1.510748e+00
323           	warmPlate	1.221056e+01	1.595075e+01	1.995779e+00
323           	OVC	1.093565e+01	1.590584e+01	1.181466e+01
323           	shield_slave	-3.264385e+00	-1.537934e+00	-1.510748e+00
324           	warmPlate	1.221056e+01	1.595075e+01	1.995779e+00
324           	OVC	1.093565e+01	1.590584e+01	1.181466e+01
324           	shield_slave	-3.264385e+00	-1.537934e+00	-1.510748e+00
325           	warmPlate	1.221056e+01	1.595075e+01	1.995779e+00
325           	OVC	1.093565e+01	1.590584e+01	1.181466e+01
325           	shield_slave	-3.264385e+00	-1.537934e+00	-1.510748e+00
326           	warmPlate	1.221056e+01	1.595075e+01	1.995779e+00
326           	OVC	1.093565e+01	1.590584e+01	1.181466e+01
326           	shield_slave	-3.264385e+00	-1.537934e+00	-1.510748e+00
327           	warmPlate	1.221056e+01	1.595075e+01	1.995779e+00
327           	OVC	1.093565e+01	1.590584e+01	1.181466e+01
327           	shield_slave	-3.264385e+00	-1.537934e+00	-1.510748e+00
328           	warmPlate	1.221056e+01	1.595075e+01	1.995779e+00
328           	OVC	1.093565e+01	1.590584e+01	1.181466e+01
328           	shield_slave	-3.264385e+00	-1.537934e+00	-1.510748e+00
329           	warmPlate	1.221056e+01	1.595075e+01	1.995779e+00
329           	OVC	1.093565e+01	1.590584e+01	1.181466e+01
329           	shield_slave	-3.264385e+00	-1.537934e+00	-1.510748e+00
330           	warmPlate	1.221056e+01	1.595075e+01	1.995779e+00
330           	OVC	1.093565e+01	1.590584e+01	1.181466e+01
330           	shield_slave	-3.264385e+00	-1.537934e+00	-1.510748e+00
331           	warmPlate	1.221056e+01	1.595075e+01	1.995779e+00
331           	OVC	1.093565e+01	1.590584e+01	1.181466e+01
331           	shield_slave	-3.264385e+00	-1.537934e+00	-1.510748e+00
332           	warmPlate	1.221056e+01	1.595075e+01	1.995779e+00
332           	OVC	1.093565e+01	1.590584e+01	1.181466e+01
332           	shield_slave	-3.264385e+00	-1.537934e+00	-1.510748e+00
333           	warmPlate	1.221056e+01	1.595075e+01	1.995779e+00
333           	OVC	1.093565e+01	1.590584e+01	1.181466e+01
333           	shield_slave	-3.264385e+00	-1.537934e+00	-1.510748e+00
334           	warmPlate	1.221056e+01	1.595075e+01	1.995779e+00
334           	OVC	1.093565e+01	1.590584e+01	1.181466e+01
334           	shield_slave	-3.264385e+00	-1.537934e+00	-1.510748e+00
335           	warmPlate	1.221056e+01	1.595075e+01	1.995779e+00
335           	OVC	1.093565e+01	1.590584e+01	1.181466e+01
335           	shield_slave	-3.264385e+00	-1.537934e+00	-1.510748e+00
336           	warmPlate	1.221056e+01	1.595075e+01	1.995779e+00
336           	OVC	1.093565e+01	1.590584e+01	1.181466e+01
336           	shield_slave	-3.264385e+00	-1.537934e+00	-1.510748e+00
337           	warmPlate	1.221056e+01	1.595075e+01	1.995779e+00
337           	OVC	1.093565e+01	1.590584e+01	1.181466e+01
337           	shield_slave	-3.264385e+00	-1.537934e+00	-1.510748e+00
338           	warmPlate	1.221056e+01	1.595075e+01	1.995779e+00
338           	OVC	1.093565e+01	1.590584e+01	1.181466e+01
338           	shield_slave	-3.264385e+00	-1.537934e+00	-1.510748e+00
339           	warmPlate	1.221056e+01	1.595075e+01	1.995779e+00
339           	OVC	1.093565e+01	1.590584e+01	1.181466e+01
339           	shield_slave	-3.264385e+00	-1.537934e+00	-1.510748e+00
340           	warmPlate	1.221056e+01	1.595075e+01	1.995779e+00
340           	OVC	1.093565e+01	1.590584e+01	1.181466e+01
340           	shield_slave	-3.264385e+00	-1.537934e+00	-1.510748e+00
341           	warmPlate	1.221056e+01	1.595075e+01	1.995779e+00
341           	OVC	1.093565e+01	1.590584e+01	1.181466e+01
341           	shield_slave	-3.264385e+00	-1.537934e+00	-1.510748e+00
342           	warmPlate	1.221056e+01	1.595075e+01	1.995779e+00
342           	OVC	1.093565e+01	1.590584e+01	1.181466e+01
342           	shield_slave	-3.264385e+00	-1.537934e+00	-1.510748e+00
343           	warmPlate	1.221056e+01	1.595075e+01	1.995779e+00
343           	OVC	1.093565e+01	1.590584e+01	1.181466e+01
343           	shield_slave	-3.264385e+00	-1.537934e+00	-1.510748e+00
344           	warmPlate	1.221056e+01	1.595075e+01	1.995779e+00
344           	OVC	1.093565e+01	1.590584e+01	1.181466e+01
344           	shield_slave	-3.264385e+00	-1.537934e+00	-1.510748e+00
345           	warmPlate	1.221056e+01	1.595075e+01	1.995779e+00
345           	OVC	1.093565e+01	1.590584e+01	1.181466e+01
345           	shield_slave	-3.264385e+00	-1.537934e+00	-1.510748e+00
346           	warmPlate	1.221056e+01	1.595075e+01	1.995779e+00
346           	OVC	1.093565e+01	1.590584e+01	1.181466e+01
346           	shield_slave	-3.264385e+00	-1.537934e+00	-1.510748e+00
347           	warmPlate	1.221056e+01	1.595075e+01	1.995779e+00
347           	OVC	1.093565e+01	1.590584e+01	1.181466e+01
347           	shield_slave	-3.264385e+00	-1.537934e+00	-1.510748e+00
348           	warmPlate	1.221056e+01	1.595075e+01	1.995779e+00
348           	OVC	1.093565e+01	1.590584e+01	1.181466e+01
348           	shield_slave	-3.264385e+00	-1.537934e+00	-1.510748e+00
349           	warmPlate	1.221056e+01	1.595075e+01	1.995779e+00
349           	OVC	1.093565e+01	1.590584e+01	1.181466e+01
349           	shield_slave	-3.264385e+00	-1.537934e+00	-1.510748e+00
350           	warmPlate	1.221056e+01	1.595075e+01	1.995779e+00
350           	OVC	1.093565e+01	1.590584e+01	1.181466e+01
350           	shield_slave	-3.264385e+00	-1.537934e+00	-1.510748e+00
351           	warmPlate	1.221056e+01	1.595075e+01	1.995779e+00
351           	OVC	1.093565e+01	1.590584e+01	1.181466e+01
351           	shield_slave	-3.264385e+00	-1.537934e+00	-1.510748e+00
352           	warmPlate	1.221056e+01	1.595075e+01	1.995779e+00
352           	OVC	1.093565e+01	1.590584e+01	1.181466e+01
352           	shield_slave	-3.264385e+00	-1.537934e+00	-1.510748e+00
353           	warmPlate	1.221056e+01	1.595075e+01	1.995779e+00
353           	OVC	1.093565e+01	1.590584e+01	1.181466e+01
353           	shield_slave	-3.264385e+00	-1.537934e+00	-1.510748e+00
354           	warmPlate	1.221056e+01	1.595075e+01	1.995779e+00
354           	OVC	1.093565e+01	1.590584e+01	1.181466e+01
354           	shield_slave	-3.264385e+00	-1.537934e+00	-1.510748e+00
355           	warmPlate	1.221056e+01	1.595075e+01	1.995779e+00
355           	OVC	1.093565e+01	1.590584e+01	1.181466e+01
355           	shield_slave	-3.264385e+00	-1.537934e+00	-1.510748e+00
356           	warmPlate	1.221056e+01	1.595075e+01	1.995779e+00
356           	OVC	1.093565e+01	1.590584e+01	1.181466e+01
356           	shield_slave	-3.264385e+00	-1.537934e+00	-1.510748e+00
357           	warmPlate	1.221056e+01	1.595075e+01	1.995779e+00
357           	OVC	1.093565e+01	1.590584e+01	1.181466e+01
357           	shield_slave	-3.264385e+00	-1.537934e+00	-1.510748e+00
358           	warmPlate	1.221056e+01	1.595075e+01	1.995779e+00
358           	OVC	1.093565e+01	1.590584e+01	1.181466e+01
358           	shield_slave	-3.264385e+00	-1.537934e+00	-1.510748e+00
359           	warmPlate	1.221056e+01	1.595075e+01	1.995779e+00
359           	OVC	1.093565e+01	1.590584e+01	1.181466e+01
359           	shield_slave	-3.264385e+00	-1.537934e+00	-1.510748e+00
360           	warmPlate	1.221056e+01	1.595075e+01	1.995779e+00
360           	OVC	1.093565e+01	1.590584e+01	1.181466e+01
360           	shield_slave	-3.264385e+00	-1.537934e+00	-1.510748e+00
361           	warmPlate	1.221056e+01	1.595075e+01	1.995779e+00
361           	OVC	1.093565e+01	1.590584e+01	1.181466e+01
361           	shield_slave	-3.264385e+00	-1.537934e+00	-1.510748e+00
362           	warmPlate	1.221056e+01	1.595075e+01	1.995779e+00
362           	OVC	1.093565e+01	1.590584e+01	1.181466e+01
362           	shield_slave	-3.264385e+00	-1.537934e+00	-1.510748e+00
363           	warmPlate	1.221056e+01	1.595075e+01	1.995779e+00
363           	OVC	1.093565e+01	1.590584e+01	1.181466e+01
363           	shield_slave	-3.264385e+00	-1.537934e+00	-1.510748e+00
364           	warmPlate	1.221056e+01	1.595075e+01	1.995779e+00
364           	OVC	1.093565e+01	1.590584e+01	1.181466e+01
364           	shield_slave	-3.264385e+00	-1.537934e+00	-1.510748e+00
365           	warmPlate	1.221056e+01	1.595075e+01	1.995779e+00
365           	OVC	1.093565e+01	1.590584e+01	1.181466e+01
365           	shield_slave	-3.264385e+00	-1.537934e+00	-1.510748e+00
366           	warmPlate	1.221056e+01	1.595075e+01	1.995779e+00
366           	OVC	1.093565e+01	1.590584e+01	1.181466e+01
366           	shield_slave	-3.264385e+00	-1.537934e+00	-1.510748e+00
367           	warmPlate	1.221056e+01	1.595075e+01	1.995779e+00
367           	OVC	1.093565e+01	1.590584e+01	1.181466e+01
367           	shield_slave	-3.264385e+00	-1.537934e+00	-1.510748e+00
368           	warmPlate	1.221056e+01	1.595075e+01	1.995779e+00
368           	OVC	1.093565e+01	1.590584e+01	1.181466e+01
368           	shield_slave	-3.264385e+00	-1.537934e+00	-1.510748e+00
369           	warmPlate	1.221056e+01	1.595075e+01	1.995779e+00
369           	OVC	1.093565e+01	1.590584e+01	1.181466e+01
369           	shield_slave	-3.264385e+00	-1.537934e+00	-1.510748e+00
370           	warmPlate	1.221056e+01	1.595075e+01	1.995779e+00
370           	OVC	1.093565e+01	1.590584e+01	1.181466e+01
370           	shield_slave	-3.264385e+00	-1.537934e+00	-1.510748e+00
371           	warmPlate	1.221056e+01	1.595075e+01	1.995779e+00
371           	OVC	1.093565e+01	1.590584e+01	1.181466e+01
371           	shield_slave	-3.264385e+00	-1.537934e+00	-1.510748e+00
372           	warmPlate	1.221056e+01	1.595075e+01	1.995779e+00
372           	OVC	1.093565e+01	1.590584e+01	1.181466e+01
372           	shield_slave	-3.264385e+00	-1.537934e+00	-1.510748e+00
373           	warmPlate	1.221056e+01	1.595075e+01	1.995779e+00
373           	OVC	1.093565e+01	1.590584e+01	1.181466e+01
373           	shield_slave	-3.264385e+00	-1.537934e+00	-1.510748e+00
374           	warmPlate	1.221056e+01	1.595075e+01	1.995779e+00
374           	OVC	1.093565e+01	1.590584e+01	1.181466e+01
374           	shield_slave	-3.264385e+00	-1.537934e+00	-1.510748e+00
375           	warmPlate	1.221056e+01	1.595075e+01	1.995779e+00
375           	OVC	1.093565e+01	1.590584e+01	1.181466e+01
375           	shield_slave	-3.264385e+00	-1.537934e+00	-1.510748e+00
376           	warmPlate	1.221056e+01	1.595075e+01	1.995779e+00
376           	OVC	1.093565e+01	1.590584e+01	1.181466e+01
376           	shield_slave	-3.264385e+00	-1.537934e+00	-1.510748e+00
377           	warmPlate	1.221056e+01	1.595075e+01	1.995779e+00
377           	OVC	1.093565e+01	1.590584e+01	1.181466e+01
377           	shield_slave	-3.264385e+00	-1.537934e+00	-1.510748e+00
378           	warmPlate	1.221056e+01	1.595075e+01	1.995779e+00
378           	OVC	1.093565e+01	1.590584e+01	1.181466e+01
378           	shield_slave	-3.264385e+00	-1.537934e+00	-1.510748e+00
379           	warmPlate	1.221056e+01	1.595075e+01	1.995779e+00
379           	OVC	1.093565e+01	1.590584e+01	1.181466e+01
379           	shield_slave	-3.264385e+00	-1.537934e+00	-1.510748e+00
380           	warmPlate	1.221056e+01	1.595075e+01	1.995779e+00
380           	OVC	1.093565e+01	1.590584e+01	1.181466e+01
380           	shield_slave	-3.264385e+00	-1.537934e+00	-1.510748e+00
381           	warmPlate	1.221056e+01	1.595075e+01	1.995779e+00
381           	OVC	1.093565e+01	1.590584e+01	1.181466e+01
381           	shield_slave	-3.264385e+00	-1.537934e+00	-1.510748e+00
382           	warmPlate	1.221056e+01	1.595075e+01	1.995779e+00
382           	OVC	1.093565e+01	1.590584e+01	1.181466e+01
382           	shield_slave	-3.264385e+00	-1.537934e+00	-1.510748e+00
383           	warmPlate	1.221056e+01	1.595075e+01	1.995779e+00
383           	OVC	1.093565e+01	1.590584e+01	1.181466e+01
383           	shield_slave	-3.264385e+00	-1.537934e+00	-1.510748e+00
384           	warmPlate	1.221056e+01	1.595075e+01	1.995779e+00
384           	OVC	1.093565e+01	1.590584e+01	1.181466e+01
384           	shield_slave	-3.264385e+00	-1.537934e+00	-1.510748e+00
385           	warmPlate	1.221056e+01	1.595075e+01	1.995779e+00
385           	OVC	1.093565e+01	1.590584e+01	1.181466e+01
385           	shield_slave	-3.264385e+00	-1.537934e+00	-1.510748e+00
386           	warmPlate	1.221056e+01	1.595075e+01	1.995779e+00
386           	OVC	1.093565e+01	1.590584e+01	1.181466e+01
386           	shield_slave	-3.264385e+00	-1.537934e+00	-1.510748e+00
387           	warmPlate	1.221056e+01	1.595075e+01	1.995779e+00
387           	OVC	1.093565e+01	1.590584e+01	1.181466e+01
387           	shield_slave	-3.264385e+00	-1.537934e+00	-1.510748e+00
388           	warmPlate	1.221056e+01	1.595075e+01	1.995779e+00
388           	OVC	1.093565e+01	1.590584e+01	1.181466e+01
388           	shield_slave	-3.264385e+00	-1.537934e+00	-1.510748e+00
389           	warmPlate	1.221056e+01	1.595075e+01	1.995779e+00
389           	OVC	1.093565e+01	1.590584e+01	1.181466e+01
389           	shield_slave	-3.264385e+00	-1.537934e+00	-1.510748e+00
390           	warmPlate	1.221056e+01	1.595075e+01	1.995779e+00
390           	OVC	1.093565e+01	1.590584e+01	1.181466e+01
390           	shield_slave	-3.264385e+00	-1.537934e+00	-1.510748e+00
391           	warmPlate	1.221056e+01	1.595075e+01	1.995779e+00
391           	OVC	1.093565e+01	1.590584e+01	1.181466e+01
391           	shield_slave	-3.264385e+00	-1.537934e+00	-1.510748e+00
392           	warmPlate	1.221056e+01	1.595075e+01	1.995779e+00
392           	OVC	1.093565e+01	1.590584e+01	1.181466e+01
392           	shield_slave	-3.264385e+00	-1.537934e+00	-1.510748e+00
393           	warmPlate	1.221056e+01	1.595075e+01	1.995779e+00
393           	OVC	1.093565e+01	1.590584e+01	1.181466e+01
393           	shield_slave	-3.264385e+00	-1.537934e+00	-1.510748e+00
394           	warmPlate	1.221056e+01	1.595075e+01	1.995779e+00
394           	OVC	1.093565e+01	1.590584e+01	1.181466e+01
394           	shield_slave	-3.264385e+00	-1.537934e+00	-1.510748e+00
395           	warmPlate	1.221056e+01	1.595075e+01	1.995779e+00
395           	OVC	1.093565e+01	1.590584e+01	1.181466e+01
395           	shield_slave	-3.264385e+00	-1.537934e+00	-1.510748e+00
396           	warmPlate	1.221056e+01	1.595075e+01	1.995779e+00
396           	OVC	1.093565e+01	1.590584e+01	1.181466e+01
396           	shield_slave	-3.264385e+00	-1.537934e+00	-1.510748e+00
397           	warmPlate	1.221056e+01	1.595075e+01	1.995779e+00
397           	OVC	1.093565e+01	1.590584e+01	1.181466e+01
397           	shield_slave	-3.264385e+00	-1.537934e+00	-1.510748e+00
398           	warmPlate	1.221056e+01	1.595075e+01	1.995779e+00
398           	OVC	1.093565e+01	1.590584e+01	1.181466e+01
398           	shield_slave	-3.264385e+00	-1.537934e+00	-1.510748e+00
399           	warmPlate	1.221056e+01	1.595075e+01	1.995779e+00
399           	OVC	1.093565e+01	1.590584e+01	1.181466e+01
399           	shield_slave	-3.264385e+00	-1.537934e+00	-1.510748e+00
400           	warmPlate	1.221056e+01	1.595075e+01	1.995779e+00
400           	OVC	1.093565e+01	1.590584e+01	1.181466e+01
400           	shield_slave	-3.264385e+00	-1.537934e+00	-1.510748e+00
401           	warmPlate	1.221056e+01	1.595075e+01	1.995779e+00
401           	OVC	1.093565e+01	1.590584e+01	1.181466e+01
401           	shield_slave	-3.264385e+00	-1.537934e+00	-1.510748e+00
402           	warmPlate	1.221056e+01	1.595075e+01	1.995779e+00
402           	OVC	1.093565e+01	1.590584e+01	1.181466e+01
402           	shield_slave	-3.264385e+00	-1.537934e+00	-1.510748e+00
403           	warmPlate	1.221056e+01	1.595075e+01	1.995779e+00
403           	OVC	1.093565e+01	1.590584e+01	1.181466e+01
403           	shield_slave	-3.264385e+00	-1.537934e+00	-1.510748e+00
404           	warmPlate	1.221056e+01	1.595075e+01	1.995779e+00
404           	OVC	1.093565e+01	1.590584e+01	1.181466e+01
404           	shield_slave	-3.264385e+00	-1.537934e+00	-1.510748e+00
405           	warmPlate	1.221056e+01	1.595075e+01	1.995779e+00
405           	OVC	1.093565e+01	1.590584e+01	1.181466e+01
405           	shield_slave	-3.264385e+00	-1.537934e+00	-1.510748e+00
406           	warmPlate	1.221056e+01	1.595075e+01	1.995779e+00
406           	OVC	1.093565e+01	1.590584e+01	1.181466e+01
406           	shield_slave	-3.264385e+00	-1.537934e+00	-1.510748e+00
407           	warmPlate	1.221056e+01	1.595075e+01	1.995779e+00
407           	OVC	1.093565e+01	1.590584e+01	1.181466e+01
407           	shield_slave	-3.264385e+00	-1.537934e+00	-1.510748e+00
408           	warmPlate	1.221056e+01	1.595075e+01	1.995779e+00
408           	OVC	1.093565e+01	1.590584e+01	1.181466e+01
408           	shield_slave	-3.264385e+00	-1.537934e+00	-1.510748e+00
409           	warmPlate	1.221056e+01	1.595075e+01	1.995779e+00
409           	OVC	1.093565e+01	1.590584e+01	1.181466e+01
409           	shield_slave	-3.264385e+00	-1.537934e+00	-1.510748e+00
410           	warmPlate	1.221056e+01	1.595075e+01	1.995779e+00
410           	OVC	1.093565e+01	1.590584e+01	1.181466e+01
410           	shield_slave	-3.264385e+00	-1.537934e+00	-1.510748e+00
411           	warmPlate	1.221056e+01	1.595075e+01	1.995779e+00
411           	OVC	1.093565e+01	1.590584e+01	1.181466e+01
411           	shield_slave	-3.264385e+00	-1.537934e+00	-1.510748e+00
412           	warmPlate	1.221056e+01	1.595075e+01	1.995779e+00
412           	OVC	1.093565e+01	1.590584e+01	1.181466e+01
412           	shield_slave	-3.264385e+00	-1.537934e+00	-1.510748e+00
413           	warmPlate	1.221056e+01	1.595075e+01	1.995779e+00
413           	OVC	1.093565e+01	1.590584e+01	1.181466e+01
413           	shield_slave	-3.264385e+00	-1.537934e+00	-1.510748e+00
414           	warmPlate	1.221056e+01	1.595075e+01	1.995779e+00
414           	OVC	1.093565e+01	1.590584e+01	1.181466e+01
414           	shield_slave	-3.264385e+00	-1.537934e+00	-1.510748e+00
415           	warmPlate	1.221056e+01	1.595075e+01	1.995779e+00
415           	OVC	1.093565e+01	1.590584e+01	1.181466e+01
415           	shield_slave	-3.264385e+00	-1.537934e+00	-1.510748e+00
416           	warmPlate	1.221056e+01	1.595075e+01	1.995779e+00
416           	OVC	1.093565e+01	1.590584e+01	1.181466e+01
416           	shield_slave	-3.264385e+00	-1.537934e+00	-1.510748e+00
417           	warmPlate	1.221056e+01	1.595075e+01	1.995779e+00
417           	OVC	1.093565e+01	1.590584e+01	1.181466e+01
417           	shield_slave	-3.264385e+00	-1.537934e+00	-1.510748e+00
418           	warmPlate	1.221056e+01	1.595075e+01	1.995779e+00
418           	OVC	1.093565e+01	1.590584e+01	1.181466e+01
418           	shield_slave	-3.264385e+00	-1.537934e+00	-1.510748e+00
419           	warmPlate	1.221056e+01	1.595075e+01	1.995779e+00
419           	OVC	1.093565e+01	1.590584e+01	1.181466e+01
419           	shield_slave	-3.264385e+00	-1.537934e+00	-1.510748e+00
420           	warmPlate	1.221056e+01	1.595075e+01	1.995779e+00
420           	OVC	1.093565e+01	1.590584e+01	1.181466e+01
420           	shield_slave	-3.264385e+00	-1.537934e+00	-1.510748e+00
421           	warmPlate	1.221056e+01	1.595075e+01	1.995779e+00
421           	OVC	1.093565e+01	1.590584e+01	1.181466e+01
421           	shield_slave	-3.264385e+00	-1.537934e+00	-1.510748e+00
422           	warmPlate	1.221056e+01	1.595075e+01	1.995779e+00
422           	OVC	1.093565e+01	1.590584e+01	1.181466e+01
422           	shield_slave	-3.264385e+00	-1.537934e+00	-1.510748e+00
423           	warmPlate	1.221056e+01	1.595075e+01	1.995779e+00
423           	OVC	1.093565e+01	1.590584e+01	1.181466e+01
423           	shield_slave	-3.264385e+00	-1.537934e+00	-1.510748e+00
424           	warmPlate	1.221056e+01	1.595075e+01	1.995779e+00
424           	OVC	1.093565e+01	1.590584e+01	1.181466e+01
424           	shield_slave	-3.264385e+00	-1.537934e+00	-1.510748e+00
425           	warmPlate	1.221056e+01	1.595075e+01	1.995779e+00
425           	OVC	1.093565e+01	1.590584e+01	1.181466e+01
425           	shield_slave	-3.264385e+00	-1.537934e+00	-1.510748e+00
426           	warmPlate	1.221056e+01	1.595075e+01	1.995779e+00
426           	OVC	1.093565e+01	1.590584e+01	1.181466e+01
426           	shield_slave	-3.264385e+00	-1.537934e+00	-1.510748e+00
427           	warmPlate	1.221056e+01	1.595075e+01	1.995779e+00
427           	OVC	1.093565e+01	1.590584e+01	1.181466e+01
427           	shield_slave	-3.264385e+00	-1.537934e+00	-1.510748e+00
428           	warmPlate	1.221056e+01	1.595075e+01	1.995779e+00
428           	OVC	1.093565e+01	1.590584e+01	1.181466e+01
428           	shield_slave	-3.264385e+00	-1.537934e+00	-1.510748e+00
429           	warmPlate	1.221056e+01	1.595075e+01	1.995779e+00
429           	OVC	1.093565e+01	1.590584e+01	1.181466e+01
429           	shield_slave	-3.264385e+00	-1.537934e+00	-1.510748e+00
430           	warmPlate	1.221056e+01	1.595075e+01	1.995779e+00
430           	OVC	1.093565e+01	1.590584e+01	1.181466e+01
430           	shield_slave	-3.264385e+00	-1.537934e+00	-1.510748e+00
431           	warmPlate	1.221056e+01	1.595075e+01	1.995779e+00
431           	OVC	1.093565e+01	1.590584e+01	1.181466e+01
431           	shield_slave	-3.264385e+00	-1.537934e+00	-1.510748e+00
432           	warmPlate	1.221056e+01	1.595075e+01	1.995779e+00
432           	OVC	1.093565e+01	1.590584e+01	1.181466e+01
432           	shield_slave	-3.264385e+00	-1.537934e+00	-1.510748e+00
433           	warmPlate	1.221056e+01	1.595075e+01	1.995779e+00
433           	OVC	1.093565e+01	1.590584e+01	1.181466e+01
433           	shield_slave	-3.264385e+00	-1.537934e+00	-1.510748e+00
434           	warmPlate	1.221056e+01	1.595075e+01	1.995779e+00
434           	OVC	1.093565e+01	1.590584e+01	1.181466e+01
434           	shield_slave	-3.264385e+00	-1.537934e+00	-1.510748e+00
435           	warmPlate	1.221056e+01	1.595075e+01	1.995779e+00
435           	OVC	1.093565e+01	1.590584e+01	1.181466e+01
435           	shield_slave	-3.264385e+00	-1.537934e+00	-1.510748e+00
436           	warmPlate	1.221056e+01	1.595075e+01	1.995779e+00
436           	OVC	1.093565e+01	1.590584e+01	1.181466e+01
436           	shield_slave	-3.264385e+00	-1.537934e+00	-1.510748e+00
437           	warmPlate	1.221056e+01	1.595075e+01	1.995779e+00
437           	OVC	1.093565e+01	1.590584e+01	1.181466e+01
437           	shield_slave	-3.264385e+00	-1.537934e+00	-1.510748e+00
438           	warmPlate	1.221056e+01	1.595075e+01	1.995779e+00
438           	OVC	1.093565e+01	1.590584e+01	1.181466e+01
438           	shield_slave	-3.264385e+00	-1.537934e+00	-1.510748e+00
439           	warmPlate	1.221056e+01	1.595075e+01	1.995779e+00
439           	OVC	1.093565e+01	1.590584e+01	1.181466e+01
439           	shield_slave	-3.264385e+00	-1.537934e+00	-1.510748e+00
440           	warmPlate	1.221056e+01	1.595075e+01	1.995779e+00
440           	OVC	1.093565e+01	1.590584e+01	1.181466e+01
440           	shield_slave	-3.264385e+00	-1.537934e+00	-1.510748e+00
441           	warmPlate	1.221056e+01	1.595075e+01	1.995779e+00
441           	OVC	1.093565e+01	1.590584e+01	1.181466e+01
441           	shield_slave	-3.264385e+00	-1.537934e+00	-1.510748e+00
442           	warmPlate	1.221056e+01	1.595075e+01	1.995779e+00
442           	OVC	1.093565e+01	1.590584e+01	1.181466e+01
442           	shield_slave	-3.264385e+00	-1.537934e+00	-1.510748e+00
443           	warmPlate	1.221056e+01	1.595075e+01	1.995779e+00
443           	OVC	1.093565e+01	1.590584e+01	1.181466e+01
443           	shield_slave	-3.264385e+00	-1.537934e+00	-1.510748e+00
444           	warmPlate	1.221056e+01	1.595075e+01	1.995779e+00
444           	OVC	1.093565e+01	1.590584e+01	1.181466e+01
444           	shield_slave	-3.264385e+00	-1.537934e+00	-1.510748e+00
445           	warmPlate	1.221056e+01	1.595075e+01	1.995779e+00
445           	OVC	1.093565e+01	1.590584e+01	1.181466e+01
445           	shield_slave	-3.264385e+00	-1.537934e+00	-1.510748e+00
446           	warmPlate	1.221056e+01	1.595075e+01	1.995779e+00
446           	OVC	1.093565e+01	1.590584e+01	1.181466e+01
446           	shield_slave	-3.264385e+00	-1.537934e+00	-1.510748e+00
447           	warmPlate	1.221056e+01	1.595075e+01	1.995779e+00
447           	OVC	1.093565e+01	1.590584e+01	1.181466e+01
447           	shield_slave	-3.264385e+00	-1.537934e+00	-1.510748e+00
448           	warmPlate	1.221056e+01	1.595075e+01	1.995779e+00
448           	OVC	1.093565e+01	1.590584e+01	1.181466e+01
448           	shield_slave	-3.264385e+00	-1.537934e+00	-1.510748e+00
449           	warmPlate	1.221056e+01	1.595075e+01	1.995779e+00
449           	OVC	1.093565e+01	1.590584e+01	1.181466e+01
449           	shield_slave	-3.264385e+00	-1.537934e+00	-1.510748e+00
450           	warmPlate	1.221056e+01	1.595075e+01	1.995779e+00
450           	OVC	1.093565e+01	1.590584e+01	1.181466e+01
450           	shield_slave	-3.264385e+00	-1.537934e+00	-1.510748e+00
451           	warmPlate	1.221056e+01	1.595075e+01	1.995779e+00
451           	OVC	1.093565e+01	1.590584e+01	1.181466e+01
451           	shield_slave	-3.264385e+00	-1.537934e+00	-1.510748e+00
452           	warmPlate	1.221056e+01	1.595075e+01	1.995779e+00
452           	OVC	1.093565e+01	1.590584e+01	1.181466e+01
452           	shield_slave	-3.264385e+00	-1.537934e+00	-1.510748e+00
453           	warmPlate	1.221056e+01	1.595075e+01	1.995779e+00
453           	OVC	1.093565e+01	1.590584e+01	1.181466e+01
453           	shield_slave	-3.264385e+00	-1.537934e+00	-1.510748e+00
454           	warmPlate	1.221056e+01	1.595075e+01	1.995779e+00
454           	OVC	1.093565e+01	1.590584e+01	1.181466e+01
454           	shield_slave	-3.264385e+00	-1.537934e+00	-1.510748e+00
455           	warmPlate	1.221056e+01	1.595075e+01	1.995779e+00
455           	OVC	1.093565e+01	1.590584e+01	1.181466e+01
455           	shield_slave	-3.264385e+00	-1.537934e+00	-1.510748e+00
456           	warmPlate	1.221056e+01	1.595075e+01	1.995779e+00
456           	OVC	1.093565e+01	1.590584e+01	1.181466e+01
456           	shield_slave	-3.264385e+00	-1.537934e+00	-1.510748e+00
457           	warmPlate	1.221056e+01	1.595075e+01	1.995779e+00
457           	OVC	1.093565e+01	1.590584e+01	1.181466e+01
457           	shield_slave	-3.264385e+00	-1.537934e+00	-1.510748e+00
458           	warmPlate	1.221056e+01	1.595075e+01	1.995779e+00
458           	OVC	1.093565e+01	1.590584e+01	1.181466e+01
458           	shield_slave	-3.264385e+00	-1.537934e+00	-1.510748e+00
459           	warmPlate	1.221056e+01	1.595075e+01	1.995779e+00
459           	OVC	1.093565e+01	1.590584e+01	1.181466e+01
459           	shield_slave	-3.264385e+00	-1.537934e+00	-1.510748e+00
460           	warmPlate	1.221056e+01	1.595075e+01	1.995779e+00
460           	OVC	1.093565e+01	1.590584e+01	1.181466e+01
460           	shield_slave	-3.264385e+00	-1.537934e+00	-1.510748e+00
461           	warmPlate	1.221056e+01	1.595075e+01	1.995779e+00
461           	OVC	1.093565e+01	1.590584e+01	1.181466e+01
461           	shield_slave	-3.264385e+00	-1.537934e+00	-1.510748e+00
462           	warmPlate	1.221056e+01	1.595075e+01	1.995779e+00
462           	OVC	1.093565e+01	1.590584e+01	1.181466e+01
462           	shield_slave	-3.264385e+00	-1.537934e+00	-1.510748e+00
463           	warmPlate	1.221056e+01	1.595075e+01	1.995779e+00
463           	OVC	1.093565e+01	1.590584e+01	1.181466e+01
463           	shield_slave	-3.264385e+00	-1.537934e+00	-1.510748e+00
464           	warmPlate	1.221056e+01	1.595075e+01	1.995779e+00
464           	OVC	1.093565e+01	1.590584e+01	1.181466e+01
464           	shield_slave	-3.264385e+00	-1.537934e+00	-1.510748e+00
465           	warmPlate	1.221056e+01	1.595075e+01	1.995779e+00
465           	OVC	1.093565e+01	1.590584e+01	1.181466e+01
465           	shield_slave	-3.264385e+00	-1.537934e+00	-1.510748e+00
466           	warmPlate	1.221056e+01	1.595075e+01	1.995779e+00
466           	OVC	1.093565e+01	1.590584e+01	1.181466e+01
466           	shield_slave	-3.264385e+00	-1.537934e+00	-1.510748e+00
467           	warmPlate	1.221056e+01	1.595075e+01	1.995779e+00
467           	OVC	1.093565e+01	1.590584e+01	1.181466e+01
467           	shield_slave	-3.264385e+00	-1.537934e+00	-1.510748e+00
468           	warmPlate	1.221056e+01	1.595075e+01	1.995779e+00
468           	OVC	1.093565e+01	1.590584e+01	1.181466e+01
468           	shield_slave	-3.264385e+00	-1.537934e+00	-1.510748e+00
469           	warmPlate	1.221056e+01	1.595075e+01	1.995779e+00
469           	OVC	1.093565e+01	1.590584e+01	1.181466e+01
469           	shield_slave	-3.264385e+00	-1.537934e+00	-1.510748e+00
470           	warmPlate	1.221056e+01	1.595075e+01	1.995779e+00
470           	OVC	1.093565e+01	1.590584e+01	1.181466e+01
470           	shield_slave	-3.264385e+00	-1.537934e+00	-1.510748e+00
471           	warmPlate	1.221056e+01	1.595075e+01	1.995779e+00
471           	OVC	1.093565e+01	1.590584e+01	1.181466e+01
471           	shield_slave	-3.264385e+00	-1.537934e+00	-1.510748e+00
472           	warmPlate	1.221056e+01	1.595075e+01	1.995779e+00
472           	OVC	1.093565e+01	1.590584e+01	1.181466e+01
472           	shield_slave	-3.264385e+00	-1.537934e+00	-1.510748e+00
473           	warmPlate	1.221056e+01	1.595075e+01	1.995779e+00
473           	OVC	1.093565e+01	1.590584e+01	1.181466e+01
473           	shield_slave	-3.264385e+00	-1.537934e+00	-1.510748e+00
474           	warmPlate	1.221056e+01	1.595075e+01	1.995779e+00
474           	OVC	1.093565e+01	1.590584e+01	1.181466e+01
474           	shield_slave	-3.264385e+00	-1.537934e+00	-1.510748e+00
475           	warmPlate	1.221056e+01	1.595075e+01	1.995779e+00
475           	OVC	1.093565e+01	1.590584e+01	1.181466e+01
475           	shield_slave	-3.264385e+00	-1.537934e+00	-1.510748e+00
476           	warmPlate	1.221056e+01	1.595075e+01	1.995779e+00
476           	OVC	1.093565e+01	1.590584e+01	1.181466e+01
476           	shield_slave	-3.264385e+00	-1.537934e+00	-1.510748e+00
477           	warmPlate	1.221056e+01	1.595075e+01	1.995779e+00
477           	OVC	1.093565e+01	1.590584e+01	1.181466e+01
477           	shield_slave	-3.264385e+00	-1.537934e+00	-1.510748e+00
478           	warmPlate	1.221056e+01	1.595075e+01	1.995779e+00
478           	OVC	1.093565e+01	1.590584e+01	1.181466e+01
478           	shield_slave	-3.264385e+00	-1.537934e+00	-1.510748e+00
479           	warmPlate	1.221056e+01	1.595075e+01	1.995779e+00
479           	OVC	1.093565e+01	1.590584e+01	1.181466e+01
479           	shield_slave	-3.264385e+00	-1.537934e+00	-1.510748e+00
480           	warmPlate	1.221056e+01	1.595075e+01	1.995779e+00
480           	OVC	1.093565e+01	1.590584e+01	1.181466e+01
480           	shield_slave	-3.264385e+00	-1.537934e+00	-1.510748e+00
481           	warmPlate	1.221056e+01	1.595075e+01	1.995779e+00
481           	OVC	1.093565e+01	1.590584e+01	1.181466e+01
481           	shield_slave	-3.264385e+00	-1.537934e+00	-1.510748e+00
482           	warmPlate	1.221056e+01	1.595075e+01	1.995779e+00
482           	OVC	1.093565e+01	1.590584e+01	1.181466e+01
482           	shield_slave	-3.264385e+00	-1.537934e+00	-1.510748e+00
483           	warmPlate	1.221056e+01	1.595075e+01	1.995779e+00
483           	OVC	1.093565e+01	1.590584e+01	1.181466e+01
483           	shield_slave	-3.264385e+00	-1.537934e+00	-1.510748e+00
484           	warmPlate	1.221056e+01	1.595075e+01	1.995779e+00
484           	OVC	1.093565e+01	1.590584e+01	1.181466e+01
484           	shield_slave	-3.264385e+00	-1.537934e+00	-1.510748e+00
485           	warmPlate	1.221056e+01	1.595075e+01	1.995779e+00
485           	OVC	1.093565e+01	1.590584e+01	1.181466e+01
485           	shield_slave	-3.264385e+00	-1.537934e+00	-1.510748e+00
486           	warmPlate	1.221056e+01	1.595075e+01	1.995779e+00
486           	OVC	1.093565e+01	1.590584e+01	1.181466e+01
486           	shield_slave	-3.264385e+00	-1.537934e+00	-1.510748e+00
487           	warmPlate	1.221056e+01	1.595075e+01	1.995779e+00
487           	OVC	1.093565e+01	1.590584e+01	1.181466e+01
487           	shield_slave	-3.264385e+00	-1.537934e+00	-1.510748e+00
488           	warmPlate	1.221056e+01	1.595075e+01	1.995779e+00
488           	OVC	1.093565e+01	1.590584e+01	1.181466e+01
488           	shield_slave	-3.264385e+00	-1.537934e+00	-1.510748e+00
489           	warmPlate	1.221056e+01	1.595075e+01	1.995779e+00
489           	OVC	1.093565e+01	1.590584e+01	1.181466e+01
489           	shield_slave	-3.264385e+00	-1.537934e+00	-1.510748e+00
490           	warmPlate	1.221056e+01	1.595075e+01	1.995779e+00
490           	OVC	1.093565e+01	1.590584e+01	1.181466e+01
490           	shield_slave	-3.264385e+00	-1.537934e+00	-1.510748e+00
491           	warmPlate	1.221056e+01	1.595075e+01	1.995779e+00
491           	OVC	1.093565e+01	1.590584e+01	1.181466e+01
491           	shield_slave	-3.264385e+00	-1.537934e+00	-1.510748e+00
492           	warmPlate	1.221056e+01	1.595075e+01	1.995779e+00
492           	OVC	1.093565e+01	1.590584e+01	1.181466e+01
492           	shield_slave	-3.264385e+00	-1.537934e+00	-1.510748e+00
493           	warmPlate	1.221056e+01	1.595075e+01	1.995779e+00
493           	OVC	1.093565e+01	1.590584e+01	1.181466e+01
493           	shield_slave	-3.264385e+00	-1.537934e+00	-1.510748e+00
494           	warmPlate	1.221056e+01	1.595075e+01	1.995779e+00
494           	OVC	1.093565e+01	1.590584e+01	1.181466e+01
494           	shield_slave	-3.264385e+00	-1.537934e+00	-1.510748e+00
495           	warmPlate	1.221056e+01	1.595075e+01	1.995779e+00
495           	OVC	1.093565e+01	1.590584e+01	1.181466e+01
495           	shield_slave	-3.264385e+00	-1.537934e+00	-1.510748e+00
496           	warmPlate	1.221056e+01	1.595075e+01	1.995779e+00
496           	OVC	1.093565e+01	1.590584e+01	1.181466e+01
496           	shield_slave	-3.264385e+00	-1.537934e+00	-1.510748e+00
497           	warmPlate	1.221056e+01	1.595075e+01	1.995779e+00
497           	OVC	1.093565e+01	1.590584e+01	1.181466e+01
497           	shield_slave	-3.264385e+00	-1.537934e+00	-1.510748e+00
498           	warmPlate	1.221056e+01	1.595075e+01	1.995779e+00
498           	OVC	1.093565e+01	1.590584e+01	1.181466e+01
498           	shield_slave	-3.264385e+00	-1.537934e+00	-1.510748e+00
499           	warmPlate	1.221056e+01	1.595075e+01	1.995779e+00
499           	OVC	1.093565e+01	1.590584e+01	1.181466e+01
499           	shield_slave	-3.264385e+00	-1.537934e+00	-1.510748e+00
500           	warmPlate	1.221056e+01	1.595075e+01	1.995779e+00
500           	OVC	1.093565e+01	1.590584e+01	1.181466e+01
500           	shield_slave	-3.264385e+00	-1.537934e+00	-1.510748e+00
501           	warmPlate	1.221056e+01	1.595075e+01	1.995779e+00
501           	OVC	1.093565e+01	1.590584e+01	1.181466e+01
501           	shield_slave	-3.264385e+00	-1.537934e+00	-1.510748e+00
502           	warmPlate	1.221056e+01	1.595075e+01	1.995779e+00
502           	OVC	1.093565e+01	1.590584e+01	1.181466e+01
502           	shield_slave	-3.264385e+00	-1.537934e+00	-1.510748e+00
503           	warmPlate	1.221056e+01	1.595075e+01	1.995779e+00
503           	OVC	1.093565e+01	1.590584e+01	1.181466e+01
503           	shield_slave	-3.264385e+00	-1.537934e+00	-1.510748e+00
504           	warmPlate	1.221056e+01	1.595075e+01	1.995779e+00
504           	OVC	1.093565e+01	1.590584e+01	1.181466e+01
504           	shield_slave	-3.264385e+00	-1.537934e+00	-1.510748e+00
505           	warmPlate	1.221056e+01	1.595075e+01	1.995779e+00
505           	OVC	1.093565e+01	1.590584e+01	1.181466e+01
505           	shield_slave	-3.264385e+00	-1.537934e+00	-1.510748e+00
506           	warmPlate	1.221056e+01	1.595075e+01	1.995779e+00
506           	OVC	1.093565e+01	1.590584e+01	1.181466e+01
506           	shield_slave	-3.264385e+00	-1.537934e+00	-1.510748e+00
507           	warmPlate	1.221056e+01	1.595075e+01	1.995779e+00
507           	OVC	1.093565e+01	1.590584e+01	1.181466e+01
507           	shield_slave	-3.264385e+00	-1.537934e+00	-1.510748e+00
508           	warmPlate	1.221056e+01	1.595075e+01	1.995779e+00
508           	OVC	1.093565e+01	1.590584e+01	1.181466e+01
508           	shield_slave	-3.264385e+00	-1.537934e+00	-1.510748e+00
509           	warmPlate	1.221056e+01	1.595075e+01	1.995779e+00
509           	OVC	1.093565e+01	1.590584e+01	1.181466e+01
509           	shield_slave	-3.264385e+00	-1.537934e+00	-1.510748e+00
510           	warmPlate	1.221056e+01	1.595075e+01	1.995779e+00
510           	OVC	1.093565e+01	1.590584e+01	1.181466e+01
510           	shield_slave	-3.264385e+00	-1.537934e+00	-1.510748e+00
511           	warmPlate	1.221056e+01	1.595075e+01	1.995779e+00
511           	OVC	1.093565e+01	1.590584e+01	1.181466e+01
511           	shield_slave	-3.264385e+00	-1.537934e+00	-1.510748e+00
512           	warmPlate	1.221056e+01	1.595075e+01	1.995779e+00
512           	OVC	1.093565e+01	1.590584e+01	1.181466e+01
512           	shield_slave	-3.264385e+00	-1.537934e+00	-1.510748e+00
513           	warmPlate	1.221056e+01	1.595075e+01	1.995779e+00
513           	OVC	1.093565e+01	1.590584e+01	1.181466e+01
513           	shield_slave	-3.264385e+00	-1.537934e+00	-1.510748e+00
514           	warmPlate	1.221056e+01	1.595075e+01	1.995779e+00
514           	OVC	1.093565e+01	1.590584e+01	1.181466e+01
514           	shield_slave	-3.264385e+00	-1.537934e+00	-1.510748e+00
515           	warmPlate	1.221056e+01	1.595075e+01	1.995779e+00
515           	OVC	1.093565e+01	1.590584e+01	1.181466e+01
515           	shield_slave	-3.264385e+00	-1.537934e+00	-1.510748e+00
516           	warmPlate	1.221056e+01	1.595075e+01	1.995779e+00
516           	OVC	1.093565e+01	1.590584e+01	1.181466e+01
516           	shield_slave	-3.264385e+00	-1.537934e+00	-1.510748e+00
517           	warmPlate	1.221056e+01	1.595075e+01	1.995779e+00
517           	OVC	1.093565e+01	1.590584e+01	1.181466e+01
517           	shield_slave	-3.264385e+00	-1.537934e+00	-1.510748e+00
518           	warmPlate	1.221056e+01	1.595075e+01	1.995779e+00
518           	OVC	1.093565e+01	1.590584e+01	1.181466e+01
518           	shield_slave	-3.264385e+00	-1.537934e+00	-1.510748e+00
519           	warmPlate	1.221056e+01	1.595075e+01	1.995779e+00
519           	OVC	1.093565e+01	1.590584e+01	1.181466e+01
519           	shield_slave	-3.264385e+00	-1.537934e+00	-1.510748e+00
520           	warmPlate	1.221056e+01	1.595075e+01	1.995779e+00
520           	OVC	1.093565e+01	1.590584e+01	1.181466e+01
520           	shield_slave	-3.264385e+00	-1.537934e+00	-1.510748e+00
521           	warmPlate	1.221056e+01	1.595075e+01	1.995779e+00
521           	OVC	1.093565e+01	1.590584e+01	1.181466e+01
521           	shield_slave	-3.264385e+00	-1.537934e+00	-1.510748e+00
522           	warmPlate	1.221056e+01	1.595075e+01	1.995779e+00
522           	OVC	1.093565e+01	1.590584e+01	1.181466e+01
522           	shield_slave	-3.264385e+00	-1.537934e+00	-1.510748e+00
523           	warmPlate	1.221056e+01	1.595075e+01	1.995779e+00
523           	OVC	1.093565e+01	1.590584e+01	1.181466e+01
523           	shield_slave	-3.264385e+00	-1.537934e+00	-1.510748e+00
524           	warmPlate	1.221056e+01	1.595075e+01	1.995779e+00
524           	OVC	1.093565e+01	1.590584e+01	1.181466e+01
524           	shield_slave	-3.264385e+00	-1.537934e+00	-1.510748e+00
525           	warmPlate	1.221056e+01	1.595075e+01	1.995779e+00
525           	OVC	1.093565e+01	1.590584e+01	1.181466e+01
525           	shield_slave	-3.264385e+00	-1.537934e+00	-1.510748e+00
526           	warmPlate	1.221056e+01	1.595075e+01	1.995779e+00
526           	OVC	1.093565e+01	1.590584e+01	1.181466e+01
526           	shield_slave	-3.264385e+00	-1.537934e+00	-1.510748e+00
527           	warmPlate	1.221056e+01	1.595075e+01	1.995779e+00
527           	OVC	1.093565e+01	1.590584e+01	1.181466e+01
527           	shield_slave	-3.264385e+00	-1.537934e+00	-1.510748e+00
528           	warmPlate	1.221056e+01	1.595075e+01	1.995779e+00
528           	OVC	1.093565e+01	1.590584e+01	1.181466e+01
528           	shield_slave	-3.264385e+00	-1.537934e+00	-1.510748e+00
529           	warmPlate	1.221056e+01	1.595075e+01	1.995779e+00
529           	OVC	1.093565e+01	1.590584e+01	1.181466e+01
529           	shield_slave	-3.264385e+00	-1.537934e+00	-1.510748e+00
530           	warmPlate	1.221056e+01	1.595075e+01	1.995779e+00
530           	OVC	1.093565e+01	1.590584e+01	1.181466e+01
530           	shield_slave	-3.264385e+00	-1.537934e+00	-1.510748e+00
531           	warmPlate	1.221056e+01	1.595075e+01	1.995779e+00
531           	OVC	1.093565e+01	1.590584e+01	1.181466e+01
531           	shield_slave	-3.264385e+00	-1.537934e+00	-1.510748e+00
532           	warmPlate	1.221056e+01	1.595075e+01	1.995779e+00
532           	OVC	1.093565e+01	1.590584e+01	1.181466e+01
532           	shield_slave	-3.264385e+00	-1.537934e+00	-1.510748e+00
533           	warmPlate	1.221056e+01	1.595075e+01	1.995779e+00
533           	OVC	1.093565e+01	1.590584e+01	1.181466e+01
533           	shield_slave	-3.264385e+00	-1.537934e+00	-1.510748e+00
534           	warmPlate	1.221056e+01	1.595075e+01	1.995779e+00
534           	OVC	1.093565e+01	1.590584e+01	1.181466e+01
534           	shield_slave	-3.264385e+00	-1.537934e+00	-1.510748e+00
535           	warmPlate	1.221056e+01	1.595075e+01	1.995779e+00
535           	OVC	1.093565e+01	1.590584e+01	1.181466e+01
535           	shield_slave	-3.264385e+00	-1.537934e+00	-1.510748e+00
536           	warmPlate	1.221056e+01	1.595075e+01	1.995779e+00
536           	OVC	1.093565e+01	1.590584e+01	1.181466e+01
536           	shield_slave	-3.264385e+00	-1.537934e+00	-1.510748e+00
537           	warmPlate	1.221056e+01	1.595075e+01	1.995779e+00
537           	OVC	1.093565e+01	1.590584e+01	1.181466e+01
537           	shield_slave	-3.264385e+00	-1.537934e+00	-1.510748e+00
538           	warmPlate	1.221056e+01	1.595075e+01	1.995779e+00
538           	OVC	1.093565e+01	1.590584e+01	1.181466e+01
538           	shield_slave	-3.264385e+00	-1.537934e+00	-1.510748e+00
539           	warmPlate	1.221056e+01	1.595075e+01	1.995779e+00
539           	OVC	1.093565e+01	1.590584e+01	1.181466e+01
539           	shield_slave	-3.264385e+00	-1.537934e+00	-1.510748e+00
540           	warmPlate	1.221056e+01	1.595075e+01	1.995779e+00
540           	OVC	1.093565e+01	1.590584e+01	1.181466e+01
540           	shield_slave	-3.264385e+00	-1.537934e+00	-1.510748e+00
541           	warmPlate	1.221056e+01	1.595075e+01	1.995779e+00
541           	OVC	1.093565e+01	1.590584e+01	1.181466e+01
541           	shield_slave	-3.264385e+00	-1.537934e+00	-1.510748e+00
542           	warmPlate	1.221056e+01	1.595075e+01	1.995779e+00
542           	OVC	1.093565e+01	1.590584e+01	1.181466e+01
542           	shield_slave	-3.264385e+00	-1.537934e+00	-1.510748e+00
543           	warmPlate	1.221056e+01	1.595075e+01	1.995779e+00
543           	OVC	1.093565e+01	1.590584e+01	1.181466e+01
543           	shield_slave	-3.264385e+00	-1.537934e+00	-1.510748e+00
544           	warmPlate	1.221056e+01	1.595075e+01	1.995779e+00
544           	OVC	1.093565e+01	1.590584e+01	1.181466e+01
544           	shield_slave	-3.264385e+00	-1.537934e+00	-1.510748e+00
545           	warmPlate	1.221056e+01	1.595075e+01	1.995779e+00
545           	OVC	1.093565e+01	1.590584e+01	1.181466e+01
545           	shield_slave	-3.264385e+00	-1.537934e+00	-1.510748e+00
546           	warmPlate	1.221056e+01	1.595075e+01	1.995779e+00
546           	OVC	1.093565e+01	1.590584e+01	1.181466e+01
546           	shield_slave	-3.264385e+00	-1.537934e+00	-1.510748e+00
547           	warmPlate	1.221056e+01	1.595075e+01	1.995779e+00
547           	OVC	1.093565e+01	1.590584e+01	1.181466e+01
547           	shield_slave	-3.264385e+00	-1.537934e+00	-1.510748e+00
548           	warmPlate	1.221056e+01	1.595075e+01	1.995779e+00
548           	OVC	1.093565e+01	1.590584e+01	1.181466e+01
548           	shield_slave	-3.264385e+00	-1.537934e+00	-1.510748e+00
549           	warmPlate	1.221056e+01	1.595075e+01	1.995779e+00
549           	OVC	1.093565e+01	1.590584e+01	1.181466e+01
549           	shield_slave	-3.264385e+00	-1.537934e+00	-1.510748e+00
550           	warmPlate	1.221056e+01	1.595075e+01	1.995779e+00
550           	OVC	1.093565e+01	1.590584e+01	1.181466e+01
550           	shield_slave	-3.264385e+00	-1.537934e+00	-1.510748e+00
551           	warmPlate	1.221056e+01	1.595075e+01	1.995779e+00
551           	OVC	1.093565e+01	1.590584e+01	1.181466e+01
551           	shield_slave	-3.264385e+00	-1.537934e+00	-1.510748e+00
552           	warmPlate	1.221056e+01	1.595075e+01	1.995779e+00
552           	OVC	1.093565e+01	1.590584e+01	1.181466e+01
552           	shield_slave	-3.264385e+00	-1.537934e+00	-1.510748e+00
553           	warmPlate	1.221056e+01	1.595075e+01	1.995779e+00
553           	OVC	1.093565e+01	1.590584e+01	1.181466e+01
553           	shield_slave	-3.264385e+00	-1.537934e+00	-1.510748e+00
554           	warmPlate	1.221056e+01	1.595075e+01	1.995779e+00
554           	OVC	1.093565e+01	1.590584e+01	1.181466e+01
554           	shield_slave	-3.264385e+00	-1.537934e+00	-1.510748e+00
555           	warmPlate	1.221056e+01	1.595075e+01	1.995779e+00
555           	OVC	1.093565e+01	1.590584e+01	1.181466e+01
555           	shield_slave	-3.264385e+00	-1.537934e+00	-1.510748e+00
556           	warmPlate	1.221056e+01	1.595075e+01	1.995779e+00
556           	OVC	1.093565e+01	1.590584e+01	1.181466e+01
556           	shield_slave	-3.264385e+00	-1.537934e+00	-1.510748e+00
557           	warmPlate	1.221056e+01	1.595075e+01	1.995779e+00
557           	OVC	1.093565e+01	1.590584e+01	1.181466e+01
557           	shield_slave	-3.264385e+00	-1.537934e+00	-1.510748e+00
558           	warmPlate	1.221056e+01	1.595075e+01	1.995779e+00
558           	OVC	1.093565e+01	1.590584e+01	1.181466e+01
558           	shield_slave	-3.264385e+00	-1.537934e+00	-1.510748e+00
559           	warmPlate	1.221056e+01	1.595075e+01	1.995779e+00
559           	OVC	1.093565e+01	1.590584e+01	1.181466e+01
559           	shield_slave	-3.264385e+00	-1.537934e+00	-1.510748e+00
560           	warmPlate	1.221056e+01	1.595075e+01	1.995779e+00
560           	OVC	1.093565e+01	1.590584e+01	1.181466e+01
560           	shield_slave	-3.264385e+00	-1.537934e+00	-1.510748e+00
561           	warmPlate	1.221056e+01	1.595075e+01	1.995779e+00
561           	OVC	1.093565e+01	1.590584e+01	1.181466e+01
561           	shield_slave	-3.264385e+00	-1.537934e+00	-1.510748e+00
562           	warmPlate	1.221056e+01	1.595075e+01	1.995779e+00
562           	OVC	1.093565e+01	1.590584e+01	1.181466e+01
562           	shield_slave	-3.264385e+00	-1.537934e+00	-1.510748e+00
563           	warmPlate	1.221056e+01	1.595075e+01	1.995779e+00
563           	OVC	1.093565e+01	1.590584e+01	1.181466e+01
563           	shield_slave	-3.264385e+00	-1.537934e+00	-1.510748e+00
564           	warmPlate	1.221056e+01	1.595075e+01	1.995779e+00
564           	OVC	1.093565e+01	1.590584e+01	1.181466e+01
564           	shield_slave	-3.264385e+00	-1.537934e+00	-1.510748e+00
565           	warmPlate	1.221056e+01	1.595075e+01	1.995779e+00
565           	OVC	1.093565e+01	1.590584e+01	1.181466e+01
565           	shield_slave	-3.264385e+00	-1.537934e+00	-1.510748e+00
566           	warmPlate	1.221056e+01	1.595075e+01	1.995779e+00
566           	OVC	1.093565e+01	1.590584e+01	1.181466e+01
566           	shield_slave	-3.264385e+00	-1.537934e+00	-1.510748e+00
567           	warmPlate	1.221056e+01	1.595075e+01	1.995779e+00
567           	OVC	1.093565e+01	1.590584e+01	1.181466e+01
567           	shield_slave	-3.264385e+00	-1.537934e+00	-1.510748e+00
568           	warmPlate	1.221056e+01	1.595075e+01	1.995779e+00
568           	OVC	1.093565e+01	1.590584e+01	1.181466e+01
568           	shield_slave	-3.264385e+00	-1.537934e+00	-1.510748e+00
569           	warmPlate	1.221056e+01	1.595075e+01	1.995779e+00
569           	OVC	1.093565e+01	1.590584e+01	1.181466e+01
569           	shield_slave	-3.264385e+00	-1.537934e+00	-1.510748e+00
570           	warmPlate	1.221056e+01	1.595075e+01	1.995779e+00
570           	OVC	1.093565e+01	1.590584e+01	1.181466e+01
570           	shield_slave	-3.264385e+00	-1.537934e+00	-1.510748e+00
571           	warmPlate	1.221056e+01	1.595075e+01	1.995779e+00
571           	OVC	1.093565e+01	1.590584e+01	1.181466e+01
571           	shield_slave	-3.264385e+00	-1.537934e+00	-1.510748e+00
572           	warmPlate	1.221056e+01	1.595075e+01	1.995779e+00
572           	OVC	1.093565e+01	1.590584e+01	1.181466e+01
572           	shield_slave	-3.264385e+00	-1.537934e+00	-1.510748e+00
573           	warmPlate	1.221056e+01	1.595075e+01	1.995779e+00
573           	OVC	1.093565e+01	1.590584e+01	1.181466e+01
573           	shield_slave	-3.264385e+00	-1.537934e+00	-1.510748e+00
574           	warmPlate	1.221056e+01	1.595075e+01	1.995779e+00
574           	OVC	1.093565e+01	1.590584e+01	1.181466e+01
574           	shield_slave	-3.264385e+00	-1.537934e+00	-1.510748e+00
575           	warmPlate	1.221056e+01	1.595075e+01	1.995779e+00
575           	OVC	1.093565e+01	1.590584e+01	1.181466e+01
575           	shield_slave	-3.264385e+00	-1.537934e+00	-1.510748e+00
576           	warmPlate	1.221056e+01	1.595075e+01	1.995779e+00
576           	OVC	1.093565e+01	1.590584e+01	1.181466e+01
576           	shield_slave	-3.264385e+00	-1.537934e+00	-1.510748e+00
577           	warmPlate	1.221056e+01	1.595075e+01	1.995779e+00
577           	OVC	1.093565e+01	1.590584e+01	1.181466e+01
577           	shield_slave	-3.264385e+00	-1.537934e+00	-1.510748e+00
578           	warmPlate	1.221056e+01	1.595075e+01	1.995779e+00
578           	OVC	1.093565e+01	1.590584e+01	1.181466e+01
578           	shield_slave	-3.264385e+00	-1.537934e+00	-1.510748e+00
579           	warmPlate	1.221056e+01	1.595075e+01	1.995779e+00
579           	OVC	1.093565e+01	1.590584e+01	1.181466e+01
579           	shield_slave	-3.264385e+00	-1.537934e+00	-1.510748e+00
580           	warmPlate	1.221056e+01	1.595075e+01	1.995779e+00
580           	OVC	1.093565e+01	1.590584e+01	1.181466e+01
580           	shield_slave	-3.264385e+00	-1.537934e+00	-1.510748e+00
581           	warmPlate	1.221056e+01	1.595075e+01	1.995779e+00
581           	OVC	1.093565e+01	1.590584e+01	1.181466e+01
581           	shield_slave	-3.264385e+00	-1.537934e+00	-1.510748e+00
582           	warmPlate	1.221056e+01	1.595075e+01	1.995779e+00
582           	OVC	1.093565e+01	1.590584e+01	1.181466e+01
582           	shield_slave	-3.264385e+00	-1.537934e+00	-1.510748e+00
583           	warmPlate	1.221056e+01	1.595075e+01	1.995779e+00
583           	OVC	1.093565e+01	1.590584e+01	1.181466e+01
583           	shield_slave	-3.264385e+00	-1.537934e+00	-1.510748e+00
584           	warmPlate	1.221056e+01	1.595075e+01	1.995779e+00
584           	OVC	1.093565e+01	1.590584e+01	1.181466e+01
584           	shield_slave	-3.264385e+00	-1.537934e+00	-1.510748e+00
585           	warmPlate	1.221056e+01	1.595075e+01	1.995779e+00
585           	OVC	1.093565e+01	1.590584e+01	1.181466e+01
585           	shield_slave	-3.264385e+00	-1.537934e+00	-1.510748e+00
586           	warmPlate	1.221056e+01	1.595075e+01	1.995779e+00
586           	OVC	1.093565e+01	1.590584e+01	1.181466e+01
586           	shield_slave	-3.264385e+00	-1.537934e+00	-1.510748e+00
587           	warmPlate	1.221056e+01	1.595075e+01	1.995779e+00
587           	OVC	1.093565e+01	1.590584e+01	1.181466e+01
587           	shield_slave	-3.264385e+00	-1.537934e+00	-1.510748e+00
588           	warmPlate	1.221056e+01	1.595075e+01	1.995779e+00
588           	OVC	1.093565e+01	1.590584e+01	1.181466e+01
588           	shield_slave	-3.264385e+00	-1.537934e+00	-1.510748e+00
589           	warmPlate	1.221056e+01	1.595075e+01	1.995779e+00
589           	OVC	1.093565e+01	1.590584e+01	1.181466e+01
589           	shield_slave	-3.264385e+00	-1.537934e+00	-1.510748e+00
590           	warmPlate	1.221056e+01	1.595075e+01	1.995779e+00
590           	OVC	1.093565e+01	1.590584e+01	1.181466e+01
590           	shield_slave	-3.264385e+00	-1.537934e+00	-1.510748e+00
591           	warmPlate	1.221056e+01	1.595075e+01	1.995779e+00
591           	OVC	1.093565e+01	1.590584e+01	1.181466e+01
591           	shield_slave	-3.264385e+00	-1.537934e+00	-1.510748e+00
592           	warmPlate	1.221056e+01	1.595075e+01	1.995779e+00
592           	OVC	1.093565e+01	1.590584e+01	1.181466e+01
592           	shield_slave	-3.264385e+00	-1.537934e+00	-1.510748e+00
593           	warmPlate	1.221056e+01	1.595075e+01	1.995779e+00
593           	OVC	1.093565e+01	1.590584e+01	1.181466e+01
593           	shield_slave	-3.264385e+00	-1.537934e+00	-1.510748e+00
594           	warmPlate	1.221056e+01	1.595075e+01	1.995779e+00
594           	OVC	1.093565e+01	1.590584e+01	1.181466e+01
594           	shield_slave	-3.264385e+00	-1.537934e+00	-1.510748e+00
595           	warmPlate	1.221056e+01	1.595075e+01	1.995779e+00
595           	OVC	1.093565e+01	1.590584e+01	1.181466e+01
595           	shield_slave	-3.264385e+00	-1.537934e+00	-1.510748e+00
596           	warmPlate	1.221056e+01	1.595075e+01	1.995779e+00
596           	OVC	1.093565e+01	1.590584e+01	1.181466e+01
596           	shield_slave	-3.264385e+00	-1.537934e+00	-1.510748e+00
597           	warmPlate	1.221056e+01	1.595075e+01	1.995779e+00
597           	OVC	1.093565e+01	1.590584e+01	1.181466e+01
597           	shield_slave	-3.264385e+00	-1.537934e+00	-1.510748e+00
598           	warmPlate	1.221056e+01	1.595075e+01	1.995779e+00
598           	OVC	1.093565e+01	1.590584e+01	1.181466e+01
598           	shield_slave	-3.264385e+00	-1.537934e+00	-1.510748e+00
599           	warmPlate	1.221056e+01	1.595075e+01	1.995779e+00
599           	OVC	1.093565e+01	1.590584e+01	1.181466e+01
599           	shield_slave	-3.264385e+00	-1.537934e+00	-1.510748e+00
600           	warmPlate	1.221056e+01	1.595075e+01	1.995779e+00
600           	OVC	1.093565e+01	1.590584e+01	1.181466e+01
600           	shield_slave	-3.264385e+00	-1.537934e+00	-1.510748e+00
601           	warmPlate	1.221056e+01	1.595075e+01	1.995779e+00
601           	OVC	1.093565e+01	1.590584e+01	1.181466e+01
601           	shield_slave	-3.264385e+00	-1.537934e+00	-1.510748e+00
602           	warmPlate	1.221056e+01	1.595075e+01	1.995779e+00
602           	OVC	1.093565e+01	1.590584e+01	1.181466e+01
602           	shield_slave	-3.264385e+00	-1.537934e+00	-1.510748e+00
603           	warmPlate	1.221056e+01	1.595075e+01	1.995779e+00
603           	OVC	1.093565e+01	1.590584e+01	1.181466e+01
603           	shield_slave	-3.264385e+00	-1.537934e+00	-1.510748e+00
604           	warmPlate	1.221056e+01	1.595075e+01	1.995779e+00
604           	OVC	1.093565e+01	1.590584e+01	1.181466e+01
604           	shield_slave	-3.264385e+00	-1.537934e+00	-1.510748e+00
605           	warmPlate	1.221056e+01	1.595075e+01	1.995779e+00
605           	OVC	1.093565e+01	1.590584e+01	1.181466e+01
605           	shield_slave	-3.264385e+00	-1.537934e+00	-1.510748e+00
606           	warmPlate	1.221056e+01	1.595075e+01	1.995779e+00
606           	OVC	1.093565e+01	1.590584e+01	1.181466e+01
606           	shield_slave	-3.264385e+00	-1.537934e+00	-1.510748e+00
607           	warmPlate	1.221056e+01	1.595075e+01	1.995779e+00
607           	OVC	1.093565e+01	1.590584e+01	1.181466e+01
607           	shield_slave	-3.264385e+00	-1.537934e+00	-1.510748e+00
608           	warmPlate	1.221056e+01	1.595075e+01	1.995779e+00
608           	OVC	1.093565e+01	1.590584e+01	1.181466e+01
608           	shield_slave	-3.264385e+00	-1.537934e+00	-1.510748e+00
609           	warmPlate	1.221056e+01	1.595075e+01	1.995779e+00
609           	OVC	1.093565e+01	1.590584e+01	1.181466e+01
609           	shield_slave	-3.264385e+00	-1.537934e+00	-1.510748e+00
610           	warmPlate	1.221056e+01	1.595075e+01	1.995779e+00
610           	OVC	1.093565e+01	1.590584e+01	1.181466e+01
610           	shield_slave	-3.264385e+00	-1.537934e+00	-1.510748e+00
611           	warmPlate	1.221056e+01	1.595075e+01	1.995779e+00
611           	OVC	1.093565e+01	1.590584e+01	1.181466e+01
611           	shield_slave	-3.264385e+00	-1.537934e+00	-1.510748e+00
612           	warmPlate	1.221056e+01	1.595075e+01	1.995779e+00
612           	OVC	1.093565e+01	1.590584e+01	1.181466e+01
612           	shield_slave	-3.264385e+00	-1.537934e+00	-1.510748e+00
613           	warmPlate	1.221056e+01	1.595075e+01	1.995779e+00
613           	OVC	1.093565e+01	1.590584e+01	1.181466e+01
613           	shield_slave	-3.264385e+00	-1.537934e+00	-1.510748e+00
614           	warmPlate	1.221056e+01	1.595075e+01	1.995779e+00
614           	OVC	1.093565e+01	1.590584e+01	1.181466e+01
614           	shield_slave	-3.264385e+00	-1.537934e+00	-1.510748e+00
615           	warmPlate	1.221056e+01	1.595075e+01	1.995779e+00
615           	OVC	1.093565e+01	1.590584e+01	1.181466e+01
615           	shield_slave	-3.264385e+00	-1.537934e+00	-1.510748e+00
616           	warmPlate	1.221056e+01	1.595075e+01	1.995779e+00
616           	OVC	1.093565e+01	1.590584e+01	1.181466e+01
616           	shield_slave	-3.264385e+00	-1.537934e+00	-1.510748e+00
617           	warmPlate	1.221056e+01	1.595075e+01	1.995779e+00
617           	OVC	1.093565e+01	1.590584e+01	1.181466e+01
617           	shield_slave	-3.264385e+00	-1.537934e+00	-1.510748e+00
618           	warmPlate	1.221056e+01	1.595075e+01	1.995779e+00
618           	OVC	1.093565e+01	1.590584e+01	1.181466e+01
618           	shield_slave	-3.264385e+00	-1.537934e+00	-1.510748e+00
619           	warmPlate	1.221056e+01	1.595075e+01	1.995779e+00
619           	OVC	1.093565e+01	1.590584e+01	1.181466e+01
619           	shield_slave	-3.264385e+00	-1.537934e+00	-1.510748e+00
620           	warmPlate	1.221056e+01	1.595075e+01	1.995779e+00
620           	OVC	1.093565e+01	1.590584e+01	1.181466e+01
620           	shield_slave	-3.264385e+00	-1.537934e+00	-1.510748e+00
621           	warmPlate	1.221056e+01	1.595075e+01	1.995779e+00
621           	OVC	1.093565e+01	1.590584e+01	1.181466e+01
621           	shield_slave	-3.264385e+00	-1.537934e+00	-1.510748e+00
622           	warmPlate	1.221056e+01	1.595075e+01	1.995779e+00
622           	OVC	1.093565e+01	1.590584e+01	1.181466e+01
622           	shield_slave	-3.264385e+00	-1.537934e+00	-1.510748e+00
623           	warmPlate	1.221056e+01	1.595075e+01	1.995779e+00
623           	OVC	1.093565e+01	1.590584e+01	1.181466e+01
623           	shield_slave	-3.264385e+00	-1.537934e+00	-1.510748e+00
624           	warmPlate	1.221056e+01	1.595075e+01	1.995779e+00
624           	OVC	1.093565e+01	1.590584e+01	1.181466e+01
624           	shield_slave	-3.264385e+00	-1.537934e+00	-1.510748e+00
625           	warmPlate	1.221056e+01	1.595075e+01	1.995779e+00
625           	OVC	1.093565e+01	1.590584e+01	1.181466e+01
625           	shield_slave	-3.264385e+00	-1.537934e+00	-1.510748e+00
626           	warmPlate	1.221056e+01	1.595075e+01	1.995779e+00
626           	OVC	1.093565e+01	1.590584e+01	1.181466e+01
626           	shield_slave	-3.264385e+00	-1.537934e+00	-1.510748e+00
627           	warmPlate	1.221056e+01	1.595075e+01	1.995779e+00
627           	OVC	1.093565e+01	1.590584e+01	1.181466e+01
627           	shield_slave	-3.264385e+00	-1.537934e+00	-1.510748e+00
628           	warmPlate	1.221056e+01	1.595075e+01	1.995779e+00
628           	OVC	1.093565e+01	1.590584e+01	1.181466e+01
628           	shield_slave	-3.264385e+00	-1.537934e+00	-1.510748e+00
629           	warmPlate	1.221056e+01	1.595075e+01	1.995779e+00
629           	OVC	1.093565e+01	1.590584e+01	1.181466e+01
629           	shield_slave	-3.264385e+00	-1.537934e+00	-1.510748e+00
630           	warmPlate	1.221056e+01	1.595075e+01	1.995779e+00
630           	OVC	1.093565e+01	1.590584e+01	1.181466e+01
630           	shield_slave	-3.264385e+00	-1.537934e+00	-1.510748e+00
631           	warmPlate	1.221056e+01	1.595075e+01	1.995779e+00
631           	OVC	1.093565e+01	1.590584e+01	1.181466e+01
631           	shield_slave	-3.264385e+00	-1.537934e+00	-1.510748e+00
632           	warmPlate	1.221056e+01	1.595075e+01	1.995779e+00
632           	OVC	1.093565e+01	1.590584e+01	1.181466e+01
632           	shield_slave	-3.264385e+00	-1.537934e+00	-1.510748e+00
633           	warmPlate	1.221056e+01	1.595075e+01	1.995779e+00
633           	OVC	1.093565e+01	1.590584e+01	1.181466e+01
633           	shield_slave	-3.264385e+00	-1.537934e+00	-1.510748e+00
634           	warmPlate	1.221056e+01	1.595075e+01	1.995779e+00
634           	OVC	1.093565e+01	1.590584e+01	1.181466e+01
634           	shield_slave	-3.264385e+00	-1.537934e+00	-1.510748e+00
635           	warmPlate	1.221056e+01	1.595075e+01	1.995779e+00
635           	OVC	1.093565e+01	1.590584e+01	1.181466e+01
635           	shield_slave	-3.264385e+00	-1.537934e+00	-1.510748e+00
636           	warmPlate	1.221056e+01	1.595075e+01	1.995779e+00
636           	OVC	1.093565e+01	1.590584e+01	1.181466e+01
636           	shield_slave	-3.264385e+00	-1.537934e+00	-1.510748e+00
637           	warmPlate	1.221056e+01	1.595075e+01	1.995779e+00
637           	OVC	1.093565e+01	1.590584e+01	1.181466e+01
637           	shield_slave	-3.264385e+00	-1.537934e+00	-1.510748e+00
638           	warmPlate	1.221056e+01	1.595075e+01	1.995779e+00
638           	OVC	1.093565e+01	1.590584e+01	1.181466e+01
638           	shield_slave	-3.264385e+00	-1.537934e+00	-1.510748e+00
639           	warmPlate	1.221056e+01	1.595075e+01	1.995779e+00
639           	OVC	1.093565e+01	1.590584e+01	1.181466e+01
639           	shield_slave	-3.264385e+00	-1.537934e+00	-1.510748e+00
640           	warmPlate	1.221056e+01	1.595075e+01	1.995779e+00
640           	OVC	1.093565e+01	1.590584e+01	1.181466e+01
640           	shield_slave	-3.264385e+00	-1.537934e+00	-1.510748e+00
641           	warmPlate	1.221056e+01	1.595075e+01	1.995779e+00
641           	OVC	1.093565e+01	1.590584e+01	1.181466e+01
641           	shield_slave	-3.264385e+00	-1.537934e+00	-1.510748e+00
642           	warmPlate	1.221056e+01	1.595075e+01	1.995779e+00
642           	OVC	1.093565e+01	1.590584e+01	1.181466e+01
642           	shield_slave	-3.264385e+00	-1.537934e+00	-1.510748e+00
643           	warmPlate	1.221056e+01	1.595075e+01	1.995779e+00
643           	OVC	1.093565e+01	1.590584e+01	1.181466e+01
643           	shield_slave	-3.264385e+00	-1.537934e+00	-1.510748e+00
644           	warmPlate	1.221056e+01	1.595075e+01	1.995779e+00
644           	OVC	1.093565e+01	1.590584e+01	1.181466e+01
644           	shield_slave	-3.264385e+00	-1.537934e+00	-1.510748e+00
645           	warmPlate	1.221056e+01	1.595075e+01	1.995779e+00
645           	OVC	1.093565e+01	1.590584e+01	1.181466e+01
645           	shield_slave	-3.264385e+00	-1.537934e+00	-1.510748e+00
646           	warmPlate	1.221056e+01	1.595075e+01	1.995779e+00
646           	OVC	1.093565e+01	1.590584e+01	1.181466e+01
646           	shield_slave	-3.264385e+00	-1.537934e+00	-1.510748e+00
647           	warmPlate	1.221056e+01	1.595075e+01	1.995779e+00
647           	OVC	1.093565e+01	1.590584e+01	1.181466e+01
647           	shield_slave	-3.264385e+00	-1.537934e+00	-1.510748e+00
648           	warmPlate	1.221056e+01	1.595075e+01	1.995779e+00
648           	OVC	1.093565e+01	1.590584e+01	1.181466e+01
648           	shield_slave	-3.264385e+00	-1.537934e+00	-1.510748e+00
649           	warmPlate	1.221056e+01	1.595075e+01	1.995779e+00
649           	OVC	1.093565e+01	1.590584e+01	1.181466e+01
649           	shield_slave	-3.264385e+00	-1.537934e+00	-1.510748e+00
650           	warmPlate	1.221056e+01	1.595075e+01	1.995779e+00
650           	OVC	1.093565e+01	1.590584e+01	1.181466e+01
650           	shield_slave	-3.264385e+00	-1.537934e+00	-1.510748e+00
651           	warmPlate	1.221056e+01	1.595075e+01	1.995779e+00
651           	OVC	1.093565e+01	1.590584e+01	1.181466e+01
651           	shield_slave	-3.264385e+00	-1.537934e+00	-1.510748e+00
652           	warmPlate	1.221056e+01	1.595075e+01	1.995779e+00
652           	OVC	1.093565e+01	1.590584e+01	1.181466e+01
652           	shield_slave	-3.264385e+00	-1.537934e+00	-1.510748e+00
653           	warmPlate	1.221056e+01	1.595075e+01	1.995779e+00
653           	OVC	1.093565e+01	1.590584e+01	1.181466e+01
653           	shield_slave	-3.264385e+00	-1.537934e+00	-1.510748e+00
654           	warmPlate	1.221056e+01	1.595075e+01	1.995779e+00
654           	OVC	1.093565e+01	1.590584e+01	1.181466e+01
654           	shield_slave	-3.264385e+00	-1.537934e+00	-1.510748e+00
655           	warmPlate	1.221056e+01	1.595075e+01	1.995779e+00
655           	OVC	1.093565e+01	1.590584e+01	1.181466e+01
655           	shield_slave	-3.264385e+00	-1.537934e+00	-1.510748e+00
656           	warmPlate	1.221056e+01	1.595075e+01	1.995779e+00
656           	OVC	1.093565e+01	1.590584e+01	1.181466e+01
656           	shield_slave	-3.264385e+00	-1.537934e+00	-1.510748e+00
657           	warmPlate	1.221056e+01	1.595075e+01	1.995779e+00
657           	OVC	1.093565e+01	1.590584e+01	1.181466e+01
657           	shield_slave	-3.264385e+00	-1.537934e+00	-1.510748e+00
658           	warmPlate	1.221056e+01	1.595075e+01	1.995779e+00
658           	OVC	1.093565e+01	1.590584e+01	1.181466e+01
658           	shield_slave	-3.264385e+00	-1.537934e+00	-1.510748e+00
659           	warmPlate	1.221056e+01	1.595075e+01	1.995779e+00
659           	OVC	1.093565e+01	1.590584e+01	1.181466e+01
659           	shield_slave	-3.264385e+00	-1.537934e+00	-1.510748e+00
660           	warmPlate	1.221056e+01	1.595075e+01	1.995779e+00
660           	OVC	1.093565e+01	1.590584e+01	1.181466e+01
660           	shield_slave	-3.264385e+00	-1.537934e+00	-1.510748e+00
661           	warmPlate	1.221056e+01	1.595075e+01	1.995779e+00
661           	OVC	1.093565e+01	1.590584e+01	1.181466e+01
661           	shield_slave	-3.264385e+00	-1.537934e+00	-1.510748e+00
662           	warmPlate	1.221056e+01	1.595075e+01	1.995779e+00
662           	OVC	1.093565e+01	1.590584e+01	1.181466e+01
662           	shield_slave	-3.264385e+00	-1.537934e+00	-1.510748e+00
663           	warmPlate	1.221056e+01	1.595075e+01	1.995779e+00
663           	OVC	1.093565e+01	1.590584e+01	1.181466e+01
663           	shield_slave	-3.264385e+00	-1.537934e+00	-1.510748e+00
664           	warmPlate	1.221056e+01	1.595075e+01	1.995779e+00
664           	OVC	1.093565e+01	1.590584e+01	1.181466e+01
664           	shield_slave	-3.264385e+00	-1.537934e+00	-1.510748e+00
665           	warmPlate	1.221056e+01	1.595075e+01	1.995779e+00
665           	OVC	1.093565e+01	1.590584e+01	1.181466e+01
665           	shield_slave	-3.264385e+00	-1.537934e+00	-1.510748e+00
666           	warmPlate	1.221056e+01	1.595075e+01	1.995779e+00
666           	OVC	1.093565e+01	1.590584e+01	1.181466e+01
666           	shield_slave	-3.264385e+00	-1.537934e+00	-1.510748e+00
667           	warmPlate	1.221056e+01	1.595075e+01	1.995779e+00
667           	OVC	1.093565e+01	1.590584e+01	1.181466e+01
667           	shield_slave	-3.264385e+00	-1.537934e+00	-1.510748e+00
668           	warmPlate	1.221056e+01	1.595075e+01	1.995779e+00
668           	OVC	1.093565e+01	1.590584e+01	1.181466e+01
668           	shield_slave	-3.264385e+00	-1.537934e+00	-1.510748e+00
669           	warmPlate	1.221056e+01	1.595075e+01	1.995779e+00
669           	OVC	1.093565e+01	1.590584e+01	1.181466e+01
669           	shield_slave	-3.264385e+00	-1.537934e+00	-1.510748e+00
670           	warmPlate	1.221056e+01	1.595075e+01	1.995779e+00
670           	OVC	1.093565e+01	1.590584e+01	1.181466e+01
670           	shield_slave	-3.264385e+00	-1.537934e+00	-1.510748e+00
671           	warmPlate	1.221056e+01	1.595075e+01	1.995779e+00
671           	OVC	1.093565e+01	1.590584e+01	1.181466e+01
671           	shield_slave	-3.264385e+00	-1.537934e+00	-1.510748e+00
672           	warmPlate	1.221056e+01	1.595075e+01	1.995779e+00
672           	OVC	1.093565e+01	1.590584e+01	1.181466e+01
672           	shield_slave	-3.264385e+00	-1.537934e+00	-1.510748e+00
673           	warmPlate	1.221056e+01	1.595075e+01	1.995779e+00
673           	OVC	1.093565e+01	1.590584e+01	1.181466e+01
673           	shield_slave	-3.264385e+00	-1.537934e+00	-1.510748e+00
674           	warmPlate	1.221056e+01	1.595075e+01	1.995779e+00
674           	OVC	1.093565e+01	1.590584e+01	1.181466e+01
674           	shield_slave	-3.264385e+00	-1.537934e+00	-1.510748e+00
675           	warmPlate	1.221056e+01	1.595075e+01	1.995779e+00
675           	OVC	1.093565e+01	1.590584e+01	1.181466e+01
675           	shield_slave	-3.264385e+00	-1.537934e+00	-1.510748e+00
676           	warmPlate	1.221056e+01	1.595075e+01	1.995779e+00
676           	OVC	1.093565e+01	1.590584e+01	1.181466e+01
676           	shield_slave	-3.264385e+00	-1.537934e+00	-1.510748e+00
677           	warmPlate	1.221056e+01	1.595075e+01	1.995779e+00
677           	OVC	1.093565e+01	1.590584e+01	1.181466e+01
677           	shield_slave	-3.264385e+00	-1.537934e+00	-1.510748e+00
678           	warmPlate	1.221056e+01	1.595075e+01	1.995779e+00
678           	OVC	1.093565e+01	1.590584e+01	1.181466e+01
678           	shield_slave	-3.264385e+00	-1.537934e+00	-1.510748e+00
679           	warmPlate	1.221056e+01	1.595075e+01	1.995779e+00
679           	OVC	1.093565e+01	1.590584e+01	1.181466e+01
679           	shield_slave	-3.264385e+00	-1.537934e+00	-1.510748e+00
680           	warmPlate	1.221056e+01	1.595075e+01	1.995779e+00
680           	OVC	1.093565e+01	1.590584e+01	1.181466e+01
680           	shield_slave	-3.264385e+00	-1.537934e+00	-1.510748e+00
681           	warmPlate	1.221056e+01	1.595075e+01	1.995779e+00
681           	OVC	1.093565e+01	1.590584e+01	1.181466e+01
681           	shield_slave	-3.264385e+00	-1.537934e+00	-1.510748e+00
682           	warmPlate	1.221056e+01	1.595075e+01	1.995779e+00
682           	OVC	1.093565e+01	1.590584e+01	1.181466e+01
682           	shield_slave	-3.264385e+00	-1.537934e+00	-1.510748e+00
683           	warmPlate	1.221056e+01	1.595075e+01	1.995779e+00
683           	OVC	1.093565e+01	1.590584e+01	1.181466e+01
683           	shield_slave	-3.264385e+00	-1.537934e+00	-1.510748e+00
684           	warmPlate	1.221056e+01	1.595075e+01	1.995779e+00
684           	OVC	1.093565e+01	1.590584e+01	1.181466e+01
684           	shield_slave	-3.264385e+00	-1.537934e+00	-1.510748e+00
685           	warmPlate	1.221056e+01	1.595075e+01	1.995779e+00
685           	OVC	1.093565e+01	1.590584e+01	1.181466e+01
685           	shield_slave	-3.264385e+00	-1.537934e+00	-1.510748e+00
686           	warmPlate	1.221056e+01	1.595075e+01	1.995779e+00
686           	OVC	1.093565e+01	1.590584e+01	1.181466e+01
686           	shield_slave	-3.264385e+00	-1.537934e+00	-1.510748e+00
687           	warmPlate	1.221056e+01	1.595075e+01	1.995779e+00
687           	OVC	1.093565e+01	1.590584e+01	1.181466e+01
687           	shield_slave	-3.264385e+00	-1.537934e+00	-1.510748e+00
688           	warmPlate	1.221056e+01	1.595075e+01	1.995779e+00
688           	OVC	1.093565e+01	1.590584e+01	1.181466e+01
688           	shield_slave	-3.264385e+00	-1.537934e+00	-1.510748e+00
689           	warmPlate	1.221056e+01	1.595075e+01	1.995779e+00
689           	OVC	1.093565e+01	1.590584e+01	1.181466e+01
689           	shield_slave	-3.264385e+00	-1.537934e+00	-1.510748e+00
690           	warmPlate	1.221056e+01	1.595075e+01	1.995779e+00
690           	OVC	1.093565e+01	1.590584e+01	1.181466e+01
690           	shield_slave	-3.264385e+00	-1.537934e+00	-1.510748e+00
691           	warmPlate	1.221056e+01	1.595075e+01	1.995779e+00
691           	OVC	1.093565e+01	1.590584e+01	1.181466e+01
691           	shield_slave	-3.264385e+00	-1.537934e+00	-1.510748e+00
692           	warmPlate	1.221056e+01	1.595075e+01	1.995779e+00
692           	OVC	1.093565e+01	1.590584e+01	1.181466e+01
692           	shield_slave	-3.264385e+00	-1.537934e+00	-1.510748e+00
693           	warmPlate	1.221056e+01	1.595075e+01	1.995779e+00
693           	OVC	1.093565e+01	1.590584e+01	1.181466e+01
693           	shield_slave	-3.264385e+00	-1.537934e+00	-1.510748e+00
694           	warmPlate	1.221056e+01	1.595075e+01	1.995779e+00
694           	OVC	1.093565e+01	1.590584e+01	1.181466e+01
694           	shield_slave	-3.264385e+00	-1.537934e+00	-1.510748e+00
695           	warmPlate	1.221056e+01	1.595075e+01	1.995779e+00
695           	OVC	1.093565e+01	1.590584e+01	1.181466e+01
695           	shield_slave	-3.264385e+00	-1.537934e+00	-1.510748e+00
696           	warmPlate	1.221056e+01	1.595075e+01	1.995779e+00
696           	OVC	1.093565e+01	1.590584e+01	1.181466e+01
696           	shield_slave	-3.264385e+00	-1.537934e+00	-1.510748e+00
697           	warmPlate	1.221056e+01	1.595075e+01	1.995779e+00
697           	OVC	1.093565e+01	1.590584e+01	1.181466e+01
697           	shield_slave	-3.264385e+00	-1.537934e+00	-1.510748e+00
698           	warmPlate	1.221056e+01	1.595075e+01	1.995779e+00
698           	OVC	1.093565e+01	1.590584e+01	1.181466e+01
698           	shield_slave	-3.264385e+00	-1.537934e+00	-1.510748e+00
699           	warmPlate	1.221056e+01	1.595075e+01	1.995779e+00
699           	OVC	1.093565e+01	1.590584e+01	1.181466e+01
699           	shield_slave	-3.264385e+00	-1.537934e+00	-1.510748e+00
700           	warmPlate	1.221056e+01	1.595075e+01	1.995779e+00
700           	OVC	1.093565e+01	1.590584e+01	1.181466e+01
700           	shield_slave	-3.264385e+00	-1.537934e+00	-1.510748e+00
701           	warmPlate	1.221056e+01	1.595075e+01	1.995779e+00
701           	OVC	1.093565e+01	1.590584e+01	1.181466e+01
701           	shield_slave	-3.264385e+00	-1.537934e+00	-1.510748e+00
702           	warmPlate	1.221056e+01	1.595075e+01	1.995779e+00
702           	OVC	1.093565e+01	1.590584e+01	1.181466e+01
702           	shield_slave	-3.264385e+00	-1.537934e+00	-1.510748e+00
703           	warmPlate	1.221056e+01	1.595075e+01	1.995779e+00
703           	OVC	1.093565e+01	1.590584e+01	1.181466e+01
703           	shield_slave	-3.264385e+00	-1.537934e+00	-1.510748e+00
704           	warmPlate	1.221056e+01	1.595075e+01	1.995779e+00
704           	OVC	1.093565e+01	1.590584e+01	1.181466e+01
704           	shield_slave	-3.264385e+00	-1.537934e+00	-1.510748e+00
705           	warmPlate	1.221056e+01	1.595075e+01	1.995779e+00
705           	OVC	1.093565e+01	1.590584e+01	1.181466e+01
705           	shield_slave	-3.264385e+00	-1.537934e+00	-1.510748e+00
706           	warmPlate	1.221056e+01	1.595075e+01	1.995779e+00
706           	OVC	1.093565e+01	1.590584e+01	1.181466e+01
706           	shield_slave	-3.264385e+00	-1.537934e+00	-1.510748e+00
707           	warmPlate	1.221056e+01	1.595075e+01	1.995779e+00
707           	OVC	1.093565e+01	1.590584e+01	1.181466e+01
707           	shield_slave	-3.264385e+00	-1.537934e+00	-1.510748e+00
708           	warmPlate	1.221056e+01	1.595075e+01	1.995779e+00
708           	OVC	1.093565e+01	1.590584e+01	1.181466e+01
708           	shield_slave	-3.264385e+00	-1.537934e+00	-1.510748e+00
709           	warmPlate	1.221056e+01	1.595075e+01	1.995779e+00
709           	OVC	1.093565e+01	1.590584e+01	1.181466e+01
709           	shield_slave	-3.264385e+00	-1.537934e+00	-1.510748e+00
710           	warmPlate	1.221056e+01	1.595075e+01	1.995779e+00
710           	OVC	1.093565e+01	1.590584e+01	1.181466e+01
710           	shield_slave	-3.264385e+00	-1.537934e+00	-1.510748e+00
711           	warmPlate	1.221056e+01	1.595075e+01	1.995779e+00
711           	OVC	1.093565e+01	1.590584e+01	1.181466e+01
711           	shield_slave	-3.264385e+00	-1.537934e+00	-1.510748e+00
712           	warmPlate	1.221056e+01	1.595075e+01	1.995779e+00
712           	OVC	1.093565e+01	1.590584e+01	1.181466e+01
712           	shield_slave	-3.264385e+00	-1.537934e+00	-1.510748e+00
713           	warmPlate	1.221056e+01	1.595075e+01	1.995779e+00
713           	OVC	1.093565e+01	1.590584e+01	1.181466e+01
713           	shield_slave	-3.264385e+00	-1.537934e+00	-1.510748e+00
714           	warmPlate	1.221056e+01	1.595075e+01	1.995779e+00
714           	OVC	1.093565e+01	1.590584e+01	1.181466e+01
714           	shield_slave	-3.264385e+00	-1.537934e+00	-1.510748e+00
715           	warmPlate	1.221056e+01	1.595075e+01	1.995779e+00
715           	OVC	1.093565e+01	1.590584e+01	1.181466e+01
715           	shield_slave	-3.264385e+00	-1.537934e+00	-1.510748e+00
716           	warmPlate	1.221056e+01	1.595075e+01	1.995779e+00
716           	OVC	1.093565e+01	1.590584e+01	1.181466e+01
716           	shield_slave	-3.264385e+00	-1.537934e+00	-1.510748e+00
717           	warmPlate	1.221056e+01	1.595075e+01	1.995779e+00
717           	OVC	1.093565e+01	1.590584e+01	1.181466e+01
717           	shield_slave	-3.264385e+00	-1.537934e+00	-1.510748e+00
718           	warmPlate	1.221056e+01	1.595075e+01	1.995779e+00
718           	OVC	1.093565e+01	1.590584e+01	1.181466e+01
718           	shield_slave	-3.264385e+00	-1.537934e+00	-1.510748e+00
719           	warmPlate	1.221056e+01	1.595075e+01	1.995779e+00
719           	OVC	1.093565e+01	1.590584e+01	1.181466e+01
719           	shield_slave	-3.264385e+00	-1.537934e+00	-1.510748e+00
720           	warmPlate	1.221056e+01	1.595075e+01	1.995779e+00
720           	OVC	1.093565e+01	1.590584e+01	1.181466e+01
720           	shield_slave	-3.264385e+00	-1.537934e+00	-1.510748e+00
721           	warmPlate	1.221056e+01	1.595075e+01	1.995779e+00
721           	OVC	1.093565e+01	1.590584e+01	1.181466e+01
721           	shield_slave	-3.264385e+00	-1.537934e+00	-1.510748e+00
722           	warmPlate	1.221056e+01	1.595075e+01	1.995779e+00
722           	OVC	1.093565e+01	1.590584e+01	1.181466e+01
722           	shield_slave	-3.264385e+00	-1.537934e+00	-1.510748e+00
723           	warmPlate	1.221056e+01	1.595075e+01	1.995779e+00
723           	OVC	1.093565e+01	1.590584e+01	1.181466e+01
723           	shield_slave	-3.264385e+00	-1.537934e+00	-1.510748e+00
724           	warmPlate	1.221056e+01	1.595075e+01	1.995779e+00
724           	OVC	1.093565e+01	1.590584e+01	1.181466e+01
724           	shield_slave	-3.264385e+00	-1.537934e+00	-1.510748e+00
725           	warmPlate	1.221056e+01	1.595075e+01	1.995779e+00
725           	OVC	1.093565e+01	1.590584e+01	1.181466e+01
725           	shield_slave	-3.264385e+00	-1.537934e+00	-1.510748e+00
726           	warmPlate	1.221056e+01	1.595075e+01	1.995779e+00
726           	OVC	1.093565e+01	1.590584e+01	1.181466e+01
726           	shield_slave	-3.264385e+00	-1.537934e+00	-1.510748e+00
727           	warmPlate	1.221056e+01	1.595075e+01	1.995779e+00
727           	OVC	1.093565e+01	1.590584e+01	1.181466e+01
727           	shield_slave	-3.264385e+00	-1.537934e+00	-1.510748e+00
728           	warmPlate	1.221056e+01	1.595075e+01	1.995779e+00
728           	OVC	1.093565e+01	1.590584e+01	1.181466e+01
728           	shield_slave	-3.264385e+00	-1.537934e+00	-1.510748e+00
729           	warmPlate	1.221056e+01	1.595075e+01	1.995779e+00
729           	OVC	1.093565e+01	1.590584e+01	1.181466e+01
729           	shield_slave	-3.264385e+00	-1.537934e+00	-1.510748e+00
730           	warmPlate	1.221056e+01	1.595075e+01	1.995779e+00
730           	OVC	1.093565e+01	1.590584e+01	1.181466e+01
730           	shield_slave	-3.264385e+00	-1.537934e+00	-1.510748e+00
731           	warmPlate	1.221056e+01	1.595075e+01	1.995779e+00
731           	OVC	1.093565e+01	1.590584e+01	1.181466e+01
731           	shield_slave	-3.264385e+00	-1.537934e+00	-1.510748e+00
732           	warmPlate	1.221056e+01	1.595075e+01	1.995779e+00
732           	OVC	1.093565e+01	1.590584e+01	1.181466e+01
732           	shield_slave	-3.264385e+00	-1.537934e+00	-1.510748e+00
733           	warmPlate	1.221056e+01	1.595075e+01	1.995779e+00
733           	OVC	1.093565e+01	1.590584e+01	1.181466e+01
733           	shield_slave	-3.264385e+00	-1.537934e+00	-1.510748e+00
734           	warmPlate	1.221056e+01	1.595075e+01	1.995779e+00
734           	OVC	1.093565e+01	1.590584e+01	1.181466e+01
734           	shield_slave	-3.264385e+00	-1.537934e+00	-1.510748e+00
735           	warmPlate	1.221056e+01	1.595075e+01	1.995779e+00
735           	OVC	1.093565e+01	1.590584e+01	1.181466e+01
735           	shield_slave	-3.264385e+00	-1.537934e+00	-1.510748e+00
736           	warmPlate	1.221056e+01	1.595075e+01	1.995779e+00
736           	OVC	1.093565e+01	1.590584e+01	1.181466e+01
736           	shield_slave	-3.264385e+00	-1.537934e+00	-1.510748e+00
737           	warmPlate	1.221056e+01	1.595075e+01	1.995779e+00
737           	OVC	1.093565e+01	1.590584e+01	1.181466e+01
737           	shield_slave	-3.264385e+00	-1.537934e+00	-1.510748e+00
738           	warmPlate	1.221056e+01	1.595075e+01	1.995779e+00
738           	OVC	1.093565e+01	1.590584e+01	1.181466e+01
738           	shield_slave	-3.264385e+00	-1.537934e+00	-1.510748e+00
739           	warmPlate	1.221056e+01	1.595075e+01	1.995779e+00
739           	OVC	1.093565e+01	1.590584e+01	1.181466e+01
739           	shield_slave	-3.264385e+00	-1.537934e+00	-1.510748e+00
740           	warmPlate	1.221056e+01	1.595075e+01	1.995779e+00
740           	OVC	1.093565e+01	1.590584e+01	1.181466e+01
740           	shield_slave	-3.264385e+00	-1.537934e+00	-1.510748e+00
741           	warmPlate	1.221056e+01	1.595075e+01	1.995779e+00
741           	OVC	1.093565e+01	1.590584e+01	1.181466e+01
741           	shield_slave	-3.264385e+00	-1.537934e+00	-1.510748e+00
742           	warmPlate	1.221056e+01	1.595075e+01	1.995779e+00
742           	OVC	1.093565e+01	1.590584e+01	1.181466e+01
742           	shield_slave	-3.264385e+00	-1.537934e+00	-1.510748e+00
743           	warmPlate	1.221056e+01	1.595075e+01	1.995779e+00
743           	OVC	1.093565e+01	1.590584e+01	1.181466e+01
743           	shield_slave	-3.264385e+00	-1.537934e+00	-1.510748e+00
744           	warmPlate	1.221056e+01	1.595075e+01	1.995779e+00
744           	OVC	1.093565e+01	1.590584e+01	1.181466e+01
744           	shield_slave	-3.264385e+00	-1.537934e+00	-1.510748e+00
745           	warmPlate	1.221056e+01	1.595075e+01	1.995779e+00
745           	OVC	1.093565e+01	1.590584e+01	1.181466e+01
745           	shield_slave	-3.264385e+00	-1.537934e+00	-1.510748e+00
746           	warmPlate	1.221056e+01	1.595075e+01	1.995779e+00
746           	OVC	1.093565e+01	1.590584e+01	1.181466e+01
746           	shield_slave	-3.264385e+00	-1.537934e+00	-1.510748e+00
747           	warmPlate	1.221056e+01	1.595075e+01	1.995779e+00
747           	OVC	1.093565e+01	1.590584e+01	1.181466e+01
747           	shield_slave	-3.264385e+00	-1.537934e+00	-1.510748e+00
748           	warmPlate	1.221056e+01	1.595075e+01	1.995779e+00
748           	OVC	1.093565e+01	1.590584e+01	1.181466e+01
748           	shield_slave	-3.264385e+00	-1.537934e+00	-1.510748e+00
749           	warmPlate	1.221056e+01	1.595075e+01	1.995779e+00
749           	OVC	1.093565e+01	1.590584e+01	1.181466e+01
749           	shield_slave	-3.264385e+00	-1.537934e+00	-1.510748e+00
750           	warmPlate	1.221056e+01	1.595075e+01	1.995779e+00
750           	OVC	1.093565e+01	1.590584e+01	1.181466e+01
750           	shield_slave	-3.264385e+00	-1.537934e+00	-1.510748e+00
751           	warmPlate	1.221056e+01	1.595075e+01	1.995779e+00
751           	OVC	1.093565e+01	1.590584e+01	1.181466e+01
751           	shield_slave	-3.264385e+00	-1.537934e+00	-1.510748e+00
752           	warmPlate	1.221056e+01	1.595075e+01	1.995779e+00
752           	OVC	1.093565e+01	1.590584e+01	1.181466e+01
752           	shield_slave	-3.264385e+00	-1.537934e+00	-1.510748e+00
753           	warmPlate	1.221056e+01	1.595075e+01	1.995779e+00
753           	OVC	1.093565e+01	1.590584e+01	1.181466e+01
753           	shield_slave	-3.264385e+00	-1.537934e+00	-1.510748e+00
754           	warmPlate	1.221056e+01	1.595075e+01	1.995779e+00
754           	OVC	1.093565e+01	1.590584e+01	1.181466e+01
754           	shield_slave	-3.264385e+00	-1.537934e+00	-1.510748e+00
755           	warmPlate	1.221056e+01	1.595075e+01	1.995779e+00
755           	OVC	1.093565e+01	1.590584e+01	1.181466e+01
755           	shield_slave	-3.264385e+00	-1.537934e+00	-1.510748e+00
756           	warmPlate	1.221056e+01	1.595075e+01	1.995779e+00
756           	OVC	1.093565e+01	1.590584e+01	1.181466e+01
756           	shield_slave	-3.264385e+00	-1.537934e+00	-1.510748e+00
757           	warmPlate	1.221056e+01	1.595075e+01	1.995779e+00
757           	OVC	1.093565e+01	1.590584e+01	1.181466e+01
757           	shield_slave	-3.264385e+00	-1.537934e+00	-1.510748e+00
758           	warmPlate	1.221056e+01	1.595075e+01	1.995779e+00
758           	OVC	1.093565e+01	1.590584e+01	1.181466e+01
758           	shield_slave	-3.264385e+00	-1.537934e+00	-1.510748e+00
759           	warmPlate	1.221056e+01	1.595075e+01	1.995779e+00
759           	OVC	1.093565e+01	1.590584e+01	1.181466e+01
759           	shield_slave	-3.264385e+00	-1.537934e+00	-1.510748e+00
760           	warmPlate	1.221056e+01	1.595075e+01	1.995779e+00
760           	OVC	1.093565e+01	1.590584e+01	1.181466e+01
760           	shield_slave	-3.264385e+00	-1.537934e+00	-1.510748e+00
761           	warmPlate	1.221056e+01	1.595075e+01	1.995779e+00
761           	OVC	1.093565e+01	1.590584e+01	1.181466e+01
761           	shield_slave	-3.264385e+00	-1.537934e+00	-1.510748e+00
762           	warmPlate	1.221056e+01	1.595075e+01	1.995779e+00
762           	OVC	1.093565e+01	1.590584e+01	1.181466e+01
762           	shield_slave	-3.264385e+00	-1.537934e+00	-1.510748e+00
763           	warmPlate	1.221056e+01	1.595075e+01	1.995779e+00
763           	OVC	1.093565e+01	1.590584e+01	1.181466e+01
763           	shield_slave	-3.264385e+00	-1.537934e+00	-1.510748e+00
764           	warmPlate	1.221056e+01	1.595075e+01	1.995779e+00
764           	OVC	1.093565e+01	1.590584e+01	1.181466e+01
764           	shield_slave	-3.264385e+00	-1.537934e+00	-1.510748e+00
765           	warmPlate	1.221056e+01	1.595075e+01	1.995779e+00
765           	OVC	1.093565e+01	1.590584e+01	1.181466e+01
765           	shield_slave	-3.264385e+00	-1.537934e+00	-1.510748e+00
766           	warmPlate	1.221056e+01	1.595075e+01	1.995779e+00
766           	OVC	1.093565e+01	1.590584e+01	1.181466e+01
766           	shield_slave	-3.264385e+00	-1.537934e+00	-1.510748e+00
767           	warmPlate	1.221056e+01	1.595075e+01	1.995779e+00
767           	OVC	1.093565e+01	1.590584e+01	1.181466e+01
767           	shield_slave	-3.264385e+00	-1.537934e+00	-1.510748e+00
768           	warmPlate	1.221056e+01	1.595075e+01	1.995779e+00
768           	OVC	1.093565e+01	1.590584e+01	1.181466e+01
768           	shield_slave	-3.264385e+00	-1.537934e+00	-1.510748e+00
769           	warmPlate	1.221056e+01	1.595075e+01	1.995779e+00
769           	OVC	1.093565e+01	1.590584e+01	1.181466e+01
769           	shield_slave	-3.264385e+00	-1.537934e+00	-1.510748e+00
770           	warmPlate	1.221056e+01	1.595075e+01	1.995779e+00
770           	OVC	1.093565e+01	1.590584e+01	1.181466e+01
770           	shield_slave	-3.264385e+00	-1.537934e+00	-1.510748e+00
771           	warmPlate	1.221056e+01	1.595075e+01	1.995779e+00
771           	OVC	1.093565e+01	1.590584e+01	1.181466e+01
771           	shield_slave	-3.264385e+00	-1.537934e+00	-1.510748e+00
772           	warmPlate	1.221056e+01	1.595075e+01	1.995779e+00
772           	OVC	1.093565e+01	1.590584e+01	1.181466e+01
772           	shield_slave	-3.264385e+00	-1.537934e+00	-1.510748e+00
773           	warmPlate	1.221056e+01	1.595075e+01	1.995779e+00
773           	OVC	1.093565e+01	1.590584e+01	1.181466e+01
773           	shield_slave	-3.264385e+00	-1.537934e+00	-1.510748e+00
774           	warmPlate	1.221056e+01	1.595075e+01	1.995779e+00
774           	OVC	1.093565e+01	1.590584e+01	1.181466e+01
774           	shield_slave	-3.264385e+00	-1.537934e+00	-1.510748e+00
775           	warmPlate	1.221056e+01	1.595075e+01	1.995779e+00
775           	OVC	1.093565e+01	1.590584e+01	1.181466e+01
775           	shield_slave	-3.264385e+00	-1.537934e+00	-1.510748e+00
776           	warmPlate	1.221056e+01	1.595075e+01	1.995779e+00
776           	OVC	1.093565e+01	1.590584e+01	1.181466e+01
776           	shield_slave	-3.264385e+00	-1.537934e+00	-1.510748e+00
777           	warmPlate	1.221056e+01	1.595075e+01	1.995779e+00
777           	OVC	1.093565e+01	1.590584e+01	1.181466e+01
777           	shield_slave	-3.264385e+00	-1.537934e+00	-1.510748e+00
778           	warmPlate	1.221056e+01	1.595075e+01	1.995779e+00
778           	OVC	1.093565e+01	1.590584e+01	1.181466e+01
778           	shield_slave	-3.264385e+00	-1.537934e+00	-1.510748e+00
779           	warmPlate	1.221056e+01	1.595075e+01	1.995779e+00
779           	OVC	1.093565e+01	1.590584e+01	1.181466e+01
779           	shield_slave	-3.264385e+00	-1.537934e+00	-1.510748e+00
780           	warmPlate	1.221056e+01	1.595075e+01	1.995779e+00
780           	OVC	1.093565e+01	1.590584e+01	1.181466e+01
780           	shield_slave	-3.264385e+00	-1.537934e+00	-1.510748e+00
781           	warmPlate	1.221056e+01	1.595075e+01	1.995779e+00
781           	OVC	1.093565e+01	1.590584e+01	1.181466e+01
781           	shield_slave	-3.264385e+00	-1.537934e+00	-1.510748e+00
782           	warmPlate	1.221056e+01	1.595075e+01	1.995779e+00
782           	OVC	1.093565e+01	1.590584e+01	1.181466e+01
782           	shield_slave	-3.264385e+00	-1.537934e+00	-1.510748e+00
783           	warmPlate	1.221056e+01	1.595075e+01	1.995779e+00
783           	OVC	1.093565e+01	1.590584e+01	1.181466e+01
783           	shield_slave	-3.264385e+00	-1.537934e+00	-1.510748e+00
784           	warmPlate	1.221056e+01	1.595075e+01	1.995779e+00
784           	OVC	1.093565e+01	1.590584e+01	1.181466e+01
784           	shield_slave	-3.264385e+00	-1.537934e+00	-1.510748e+00
785           	warmPlate	1.221056e+01	1.595075e+01	1.995779e+00
785           	OVC	1.093565e+01	1.590584e+01	1.181466e+01
785           	shield_slave	-3.264385e+00	-1.537934e+00	-1.510748e+00
786           	warmPlate	1.221056e+01	1.595075e+01	1.995779e+00
786           	OVC	1.093565e+01	1.590584e+01	1.181466e+01
786           	shield_slave	-3.264385e+00	-1.537934e+00	-1.510748e+00
787           	warmPlate	1.221056e+01	1.595075e+01	1.995779e+00
787           	OVC	1.093565e+01	1.590584e+01	1.181466e+01
787           	shield_slave	-3.264385e+00	-1.537934e+00	-1.510748e+00
788           	warmPlate	1.221056e+01	1.595075e+01	1.995779e+00
788           	OVC	1.093565e+01	1.590584e+01	1.181466e+01
788           	shield_slave	-3.264385e+00	-1.537934e+00	-1.510748e+00
789           	warmPlate	1.221056e+01	1.595075e+01	1.995779e+00
789           	OVC	1.093565e+01	1.590584e+01	1.181466e+01
789           	shield_slave	-3.264385e+00	-1.537934e+00	-1.510748e+00
790           	warmPlate	1.221056e+01	1.595075e+01	1.995779e+00
790           	OVC	1.093565e+01	1.590584e+01	1.181466e+01
790           	shield_slave	-3.264385e+00	-1.537934e+00	-1.510748e+00
791           	warmPlate	1.221056e+01	1.595075e+01	1.995779e+00
791           	OVC	1.093565e+01	1.590584e+01	1.181466e+01
791           	shield_slave	-3.264385e+00	-1.537934e+00	-1.510748e+00
792           	warmPlate	1.221056e+01	1.595075e+01	1.995779e+00
792           	OVC	1.093565e+01	1.590584e+01	1.181466e+01
792           	shield_slave	-3.264385e+00	-1.537934e+00	-1.510748e+00
793           	warmPlate	1.221056e+01	1.595075e+01	1.995779e+00
793           	OVC	1.093565e+01	1.590584e+01	1.181466e+01
793           	shield_slave	-3.264385e+00	-1.537934e+00	-1.510748e+00
794           	warmPlate	1.221056e+01	1.595075e+01	1.995779e+00
794           	OVC	1.093565e+01	1.590584e+01	1.181466e+01
794           	shield_slave	-3.264385e+00	-1.537934e+00	-1.510748e+00
795           	warmPlate	1.221056e+01	1.595075e+01	1.995779e+00
795           	OVC	1.093565e+01	1.590584e+01	1.181466e+01
795           	shield_slave	-3.264385e+00	-1.537934e+00	-1.510748e+00
796           	warmPlate	1.221056e+01	1.595075e+01	1.995779e+00
796           	OVC	1.093565e+01	1.590584e+01	1.181466e+01
796           	shield_slave	-3.264385e+00	-1.537934e+00	-1.510748e+00
797           	warmPlate	1.221056e+01	1.595075e+01	1.995779e+00
797           	OVC	1.093565e+01	1.590584e+01	1.181466e+01
797           	shield_slave	-3.264385e+00	-1.537934e+00	-1.510748e+00
798           	warmPlate	1.221056e+01	1.595075e+01	1.995779e+00
798           	OVC	1.093565e+01	1.590584e+01	1.181466e+01
798           	shield_slave	-3.264385e+00	-1.537934e+00	-1.510748e+00
799           	warmPlate	1.221056e+01	1.595075e+01	1.995779e+00
799           	OVC	1.093565e+01	1.590584e+01	1.181466e+01
799           	shield_slave	-3.264385e+00	-1.537934e+00	-1.510748e+00
800           	warmPlate	1.221056e+01	1.595075e+01	1.995779e+00
800           	OVC	1.093565e+01	1.590584e+01	1.181466e+01
800           	shield_slave	-3.264385e+00	-1.537934e+00	-1.510748e+00
801           	warmPlate	1.221056e+01	1.595075e+01	1.995779e+00
801           	OVC	1.093565e+01	1.590584e+01	1.181466e+01
801           	shield_slave	-3.264385e+00	-1.537934e+00	-1.510748e+00
802           	warmPlate	1.221056e+01	1.595075e+01	1.995779e+00
802           	OVC	1.093565e+01	1.590584e+01	1.181466e+01
802           	shield_slave	-3.264385e+00	-1.537934e+00	-1.510748e+00
803           	warmPlate	1.221056e+01	1.595075e+01	1.995779e+00
803           	OVC	1.093565e+01	1.590584e+01	1.181466e+01
803           	shield_slave	-3.264385e+00	-1.537934e+00	-1.510748e+00
804           	warmPlate	1.221056e+01	1.595075e+01	1.995779e+00
804           	OVC	1.093565e+01	1.590584e+01	1.181466e+01
804           	shield_slave	-3.264385e+00	-1.537934e+00	-1.510748e+00
805           	warmPlate	1.221056e+01	1.595075e+01	1.995779e+00
805           	OVC	1.093565e+01	1.590584e+01	1.181466e+01
805           	shield_slave	-3.264385e+00	-1.537934e+00	-1.510748e+00
806           	warmPlate	1.221056e+01	1.595075e+01	1.995779e+00
806           	OVC	1.093565e+01	1.590584e+01	1.181466e+01
806           	shield_slave	-3.264385e+00	-1.537934e+00	-1.510748e+00
807           	warmPlate	1.221056e+01	1.595075e+01	1.995779e+00
807           	OVC	1.093565e+01	1.590584e+01	1.181466e+01
807           	shield_slave	-3.264385e+00	-1.537934e+00	-1.510748e+00
808           	warmPlate	1.221056e+01	1.595075e+01	1.995779e+00
808           	OVC	1.093565e+01	1.590584e+01	1.181466e+01
808           	shield_slave	-3.264385e+00	-1.537934e+00	-1.510748e+00
809           	warmPlate	1.221056e+01	1.595075e+01	1.995779e+00
809           	OVC	1.093565e+01	1.590584e+01	1.181466e+01
809           	shield_slave	-3.264385e+00	-1.537934e+00	-1.510748e+00
810           	warmPlate	1.221056e+01	1.595075e+01	1.995779e+00
810           	OVC	1.093565e+01	1.590584e+01	1.181466e+01
810           	shield_slave	-3.264385e+00	-1.537934e+00	-1.510748e+00
811           	warmPlate	1.221056e+01	1.595075e+01	1.995779e+00
811           	OVC	1.093565e+01	1.590584e+01	1.181466e+01
811           	shield_slave	-3.264385e+00	-1.537934e+00	-1.510748e+00
812           	warmPlate	1.221056e+01	1.595075e+01	1.995779e+00
812           	OVC	1.093565e+01	1.590584e+01	1.181466e+01
812           	shield_slave	-3.264385e+00	-1.537934e+00	-1.510748e+00
813           	warmPlate	1.221056e+01	1.595075e+01	1.995779e+00
813           	OVC	1.093565e+01	1.590584e+01	1.181466e+01
813           	shield_slave	-3.264385e+00	-1.537934e+00	-1.510748e+00
814           	warmPlate	1.221056e+01	1.595075e+01	1.995779e+00
814           	OVC	1.093565e+01	1.590584e+01	1.181466e+01
814           	shield_slave	-3.264385e+00	-1.537934e+00	-1.510748e+00
815           	warmPlate	1.221056e+01	1.595075e+01	1.995779e+00
815           	OVC	1.093565e+01	1.590584e+01	1.181466e+01
815           	shield_slave	-3.264385e+00	-1.537934e+00	-1.510748e+00
816           	warmPlate	1.221056e+01	1.595075e+01	1.995779e+00
816           	OVC	1.093565e+01	1.590584e+01	1.181466e+01
816           	shield_slave	-3.264385e+00	-1.537934e+00	-1.510748e+00
817           	warmPlate	1.221056e+01	1.595075e+01	1.995779e+00
817           	OVC	1.093565e+01	1.590584e+01	1.181466e+01
817           	shield_slave	-3.264385e+00	-1.537934e+00	-1.510748e+00
818           	warmPlate	1.221056e+01	1.595075e+01	1.995779e+00
818           	OVC	1.093565e+01	1.590584e+01	1.181466e+01
818           	shield_slave	-3.264385e+00	-1.537934e+00	-1.510748e+00
819           	warmPlate	1.221056e+01	1.595075e+01	1.995779e+00
819           	OVC	1.093565e+01	1.590584e+01	1.181466e+01
819           	shield_slave	-3.264385e+00	-1.537934e+00	-1.510748e+00
820           	warmPlate	1.221056e+01	1.595075e+01	1.995779e+00
820           	OVC	1.093565e+01	1.590584e+01	1.181466e+01
820           	shield_slave	-3.264385e+00	-1.537934e+00	-1.510748e+00
821           	warmPlate	1.221056e+01	1.595075e+01	1.995779e+00
821           	OVC	1.093565e+01	1.590584e+01	1.181466e+01
821           	shield_slave	-3.264385e+00	-1.537934e+00	-1.510748e+00
822           	warmPlate	1.221056e+01	1.595075e+01	1.995779e+00
822           	OVC	1.093565e+01	1.590584e+01	1.181466e+01
822           	shield_slave	-3.264385e+00	-1.537934e+00	-1.510748e+00
823           	warmPlate	1.221056e+01	1.595075e+01	1.995779e+00
823           	OVC	1.093565e+01	1.590584e+01	1.181466e+01
823           	shield_slave	-3.264385e+00	-1.537934e+00	-1.510748e+00
824           	warmPlate	1.221056e+01	1.595075e+01	1.995779e+00
824           	OVC	1.093565e+01	1.590584e+01	1.181466e+01
824           	shield_slave	-3.264385e+00	-1.537934e+00	-1.510748e+00
825           	warmPlate	1.221056e+01	1.595075e+01	1.995779e+00
825           	OVC	1.093565e+01	1.590584e+01	1.181466e+01
825           	shield_slave	-3.264385e+00	-1.537934e+00	-1.510748e+00
826           	warmPlate	1.221056e+01	1.595075e+01	1.995779e+00
826           	OVC	1.093565e+01	1.590584e+01	1.181466e+01
826           	shield_slave	-3.264385e+00	-1.537934e+00	-1.510748e+00
827           	warmPlate	1.221056e+01	1.595075e+01	1.995779e+00
827           	OVC	1.093565e+01	1.590584e+01	1.181466e+01
827           	shield_slave	-3.264385e+00	-1.537934e+00	-1.510748e+00
828           	warmPlate	1.221056e+01	1.595075e+01	1.995779e+00
828           	OVC	1.093565e+01	1.590584e+01	1.181466e+01
828           	shield_slave	-3.264385e+00	-1.537934e+00	-1.510748e+00
829           	warmPlate	1.221056e+01	1.595075e+01	1.995779e+00
829           	OVC	1.093565e+01	1.590584e+01	1.181466e+01
829           	shield_slave	-3.264385e+00	-1.537934e+00	-1.510748e+00
830           	warmPlate	1.221056e+01	1.595075e+01	1.995779e+00
830           	OVC	1.093565e+01	1.590584e+01	1.181466e+01
830           	shield_slave	-3.264385e+00	-1.537934e+00	-1.510748e+00
831           	warmPlate	1.221056e+01	1.595075e+01	1.995779e+00
831           	OVC	1.093565e+01	1.590584e+01	1.181466e+01
831           	shield_slave	-3.264385e+00	-1.537934e+00	-1.510748e+00
832           	warmPlate	1.221056e+01	1.595075e+01	1.995779e+00
832           	OVC	1.093565e+01	1.590584e+01	1.181466e+01
832           	shield_slave	-3.264385e+00	-1.537934e+00	-1.510748e+00
833           	warmPlate	1.221056e+01	1.595075e+01	1.995779e+00
833           	OVC	1.093565e+01	1.590584e+01	1.181466e+01
833           	shield_slave	-3.264385e+00	-1.537934e+00	-1.510748e+00
834           	warmPlate	1.221056e+01	1.595075e+01	1.995779e+00
834           	OVC	1.093565e+01	1.590584e+01	1.181466e+01
834           	shield_slave	-3.264385e+00	-1.537934e+00	-1.510748e+00
835           	warmPlate	1.221056e+01	1.595075e+01	1.995779e+00
835           	OVC	1.093565e+01	1.590584e+01	1.181466e+01
835           	shield_slave	-3.264385e+00	-1.537934e+00	-1.510748e+00
836           	warmPlate	1.221056e+01	1.595075e+01	1.995779e+00
836           	OVC	1.093565e+01	1.590584e+01	1.181466e+01
836           	shield_slave	-3.264385e+00	-1.537934e+00	-1.510748e+00
837           	warmPlate	1.221056e+01	1.595075e+01	1.995779e+00
837           	OVC	1.093565e+01	1.590584e+01	1.181466e+01
837           	shield_slave	-3.264385e+00	-1.537934e+00	-1.510748e+00
838           	warmPlate	1.221056e+01	1.595075e+01	1.995779e+00
838           	OVC	1.093565e+01	1.590584e+01	1.181466e+01
838           	shield_slave	-3.264385e+00	-1.537934e+00	-1.510748e+00
839           	warmPlate	1.221056e+01	1.595075e+01	1.995779e+00
839           	OVC	1.093565e+01	1.590584e+01	1.181466e+01
839           	shield_slave	-3.264385e+00	-1.537934e+00	-1.510748e+00
840           	warmPlate	1.221056e+01	1.595075e+01	1.995779e+00
840           	OVC	1.093565e+01	1.590584e+01	1.181466e+01
840           	shield_slave	-3.264385e+00	-1.537934e+00	-1.510748e+00
841           	warmPlate	1.221056e+01	1.595075e+01	1.995779e+00
841           	OVC	1.093565e+01	1.590584e+01	1.181466e+01
841           	shield_slave	-3.264385e+00	-1.537934e+00	-1.510748e+00
842           	warmPlate	1.221056e+01	1.595075e+01	1.995779e+00
842           	OVC	1.093565e+01	1.590584e+01	1.181466e+01
842           	shield_slave	-3.264385e+00	-1.537934e+00	-1.510748e+00
843           	warmPlate	1.221056e+01	1.595075e+01	1.995779e+00
843           	OVC	1.093565e+01	1.590584e+01	1.181466e+01
843           	shield_slave	-3.264385e+00	-1.537934e+00	-1.510748e+00
844           	warmPlate	1.221056e+01	1.595075e+01	1.995779e+00
844           	OVC	1.093565e+01	1.590584e+01	1.181466e+01
844           	shield_slave	-3.264385e+00	-1.537934e+00	-1.510748e+00
845           	warmPlate	1.221056e+01	1.595075e+01	1.995779e+00
845           	OVC	1.093565e+01	1.590584e+01	1.181466e+01
845           	shield_slave	-3.264385e+00	-1.537934e+00	-1.510748e+00
846           	warmPlate	1.221056e+01	1.595075e+01	1.995779e+00
846           	OVC	1.093565e+01	1.590584e+01	1.181466e+01
846           	shield_slave	-3.264385e+00	-1.537934e+00	-1.510748e+00
847           	warmPlate	1.221056e+01	1.595075e+01	1.995779e+00
847           	OVC	1.093565e+01	1.590584e+01	1.181466e+01
847           	shield_slave	-3.264385e+00	-1.537934e+00	-1.510748e+00
848           	warmPlate	1.221056e+01	1.595075e+01	1.995779e+00
848           	OVC	1.093565e+01	1.590584e+01	1.181466e+01
848           	shield_slave	-3.264385e+00	-1.537934e+00	-1.510748e+00
849           	warmPlate	1.221056e+01	1.595075e+01	1.995779e+00
849           	OVC	1.093565e+01	1.590584e+01	1.181466e+01
849           	shield_slave	-3.264385e+00	-1.537934e+00	-1.510748e+00
850           	warmPlate	1.221056e+01	1.595075e+01	1.995779e+00
850           	OVC	1.093565e+01	1.590584e+01	1.181466e+01
850           	shield_slave	-3.264385e+00	-1.537934e+00	-1.510748e+00
851           	warmPlate	1.221056e+01	1.595075e+01	1.995779e+00
851           	OVC	1.093565e+01	1.590584e+01	1.181466e+01
851           	shield_slave	-3.264385e+00	-1.537934e+00	-1.510748e+00
852           	warmPlate	1.221056e+01	1.595075e+01	1.995779e+00
852           	OVC	1.093565e+01	1.590584e+01	1.181466e+01
852           	shield_slave	-3.264385e+00	-1.537934e+00	-1.510748e+00
853           	warmPlate	1.221056e+01	1.595075e+01	1.995779e+00
853           	OVC	1.093565e+01	1.590584e+01	1.181466e+01
853           	shield_slave	-3.264385e+00	-1.537934e+00	-1.510748e+00
854           	warmPlate	1.221056e+01	1.595075e+01	1.995779e+00
854           	OVC	1.093565e+01	1.590584e+01	1.181466e+01
854           	shield_slave	-3.264385e+00	-1.537934e+00	-1.510748e+00
855           	warmPlate	1.221056e+01	1.595075e+01	1.995779e+00
855           	OVC	1.093565e+01	1.590584e+01	1.181466e+01
855           	shield_slave	-3.264385e+00	-1.537934e+00	-1.510748e+00
856           	warmPlate	1.221056e+01	1.595075e+01	1.995779e+00
856           	OVC	1.093565e+01	1.590584e+01	1.181466e+01
856           	shield_slave	-3.264385e+00	-1.537934e+00	-1.510748e+00
857           	warmPlate	1.221056e+01	1.595075e+01	1.995779e+00
857           	OVC	1.093565e+01	1.590584e+01	1.181466e+01
857           	shield_slave	-3.264385e+00	-1.537934e+00	-1.510748e+00
858           	warmPlate	1.221056e+01	1.595075e+01	1.995779e+00
858           	OVC	1.093565e+01	1.590584e+01	1.181466e+01
858           	shield_slave	-3.264385e+00	-1.537934e+00	-1.510748e+00
859           	warmPlate	1.221056e+01	1.595075e+01	1.995779e+00
859           	OVC	1.093565e+01	1.590584e+01	1.181466e+01
859           	shield_slave	-3.264385e+00	-1.537934e+00	-1.510748e+00
860           	warmPlate	1.221056e+01	1.595075e+01	1.995779e+00
860           	OVC	1.093565e+01	1.590584e+01	1.181466e+01
860           	shield_slave	-3.264385e+00	-1.537934e+00	-1.510748e+00
861           	warmPlate	1.221056e+01	1.595075e+01	1.995779e+00
861           	OVC	1.093565e+01	1.590584e+01	1.181466e+01
861           	shield_slave	-3.264385e+00	-1.537934e+00	-1.510748e+00
862           	warmPlate	1.221056e+01	1.595075e+01	1.995779e+00
862           	OVC	1.093565e+01	1.590584e+01	1.181466e+01
862           	shield_slave	-3.264385e+00	-1.537934e+00	-1.510748e+00
863           	warmPlate	1.221056e+01	1.595075e+01	1.995779e+00
863           	OVC	1.093565e+01	1.590584e+01	1.181466e+01
863           	shield_slave	-3.264385e+00	-1.537934e+00	-1.510748e+00
864           	warmPlate	1.221056e+01	1.595075e+01	1.995779e+00
864           	OVC	1.093565e+01	1.590584e+01	1.181466e+01
864           	shield_slave	-3.264385e+00	-1.537934e+00	-1.510748e+00
865           	warmPlate	1.221056e+01	1.595075e+01	1.995779e+00
865           	OVC	1.093565e+01	1.590584e+01	1.181466e+01
865           	shield_slave	-3.264385e+00	-1.537934e+00	-1.510748e+00
866           	warmPlate	1.221056e+01	1.595075e+01	1.995779e+00
866           	OVC	1.093565e+01	1.590584e+01	1.181466e+01
866           	shield_slave	-3.264385e+00	-1.537934e+00	-1.510748e+00
867           	warmPlate	1.221056e+01	1.595075e+01	1.995779e+00
867           	OVC	1.093565e+01	1.590584e+01	1.181466e+01
867           	shield_slave	-3.264385e+00	-1.537934e+00	-1.510748e+00
868           	warmPlate	1.221056e+01	1.595075e+01	1.995779e+00
868           	OVC	1.093565e+01	1.590584e+01	1.181466e+01
868           	shield_slave	-3.264385e+00	-1.537934e+00	-1.510748e+00
869           	warmPlate	1.221056e+01	1.595075e+01	1.995779e+00
869           	OVC	1.093565e+01	1.590584e+01	1.181466e+01
869           	shield_slave	-3.264385e+00	-1.537934e+00	-1.510748e+00
870           	warmPlate	1.221056e+01	1.595075e+01	1.995779e+00
870           	OVC	1.093565e+01	1.590584e+01	1.181466e+01
870           	shield_slave	-3.264385e+00	-1.537934e+00	-1.510748e+00
871           	warmPlate	1.221056e+01	1.595075e+01	1.995779e+00
871           	OVC	1.093565e+01	1.590584e+01	1.181466e+01
871           	shield_slave	-3.264385e+00	-1.537934e+00	-1.510748e+00
872           	warmPlate	1.221056e+01	1.595075e+01	1.995779e+00
872           	OVC	1.093565e+01	1.590584e+01	1.181466e+01
872           	shield_slave	-3.264385e+00	-1.537934e+00	-1.510748e+00
873           	warmPlate	1.221056e+01	1.595075e+01	1.995779e+00
873           	OVC	1.093565e+01	1.590584e+01	1.181466e+01
873           	shield_slave	-3.264385e+00	-1.537934e+00	-1.510748e+00
874           	warmPlate	1.221056e+01	1.595075e+01	1.995779e+00
874           	OVC	1.093565e+01	1.590584e+01	1.181466e+01
874           	shield_slave	-3.264385e+00	-1.537934e+00	-1.510748e+00
875           	warmPlate	1.221056e+01	1.595075e+01	1.995779e+00
875           	OVC	1.093565e+01	1.590584e+01	1.181466e+01
875           	shield_slave	-3.264385e+00	-1.537934e+00	-1.510748e+00
876           	warmPlate	1.221056e+01	1.595075e+01	1.995779e+00
876           	OVC	1.093565e+01	1.590584e+01	1.181466e+01
876           	shield_slave	-3.264385e+00	-1.537934e+00	-1.510748e+00
877           	warmPlate	1.221056e+01	1.595075e+01	1.995779e+00
877           	OVC	1.093565e+01	1.590584e+01	1.181466e+01
877           	shield_slave	-3.264385e+00	-1.537934e+00	-1.510748e+00
878           	warmPlate	1.221056e+01	1.595075e+01	1.995779e+00
878           	OVC	1.093565e+01	1.590584e+01	1.181466e+01
878           	shield_slave	-3.264385e+00	-1.537934e+00	-1.510748e+00
879           	warmPlate	1.221056e+01	1.595075e+01	1.995779e+00
879           	OVC	1.093565e+01	1.590584e+01	1.181466e+01
879           	shield_slave	-3.264385e+00	-1.537934e+00	-1.510748e+00
880           	warmPlate	1.221056e+01	1.595075e+01	1.995779e+00
880           	OVC	1.093565e+01	1.590584e+01	1.181466e+01
880           	shield_slave	-3.264385e+00	-1.537934e+00	-1.510748e+00
881           	warmPlate	1.221056e+01	1.595075e+01	1.995779e+00
881           	OVC	1.093565e+01	1.590584e+01	1.181466e+01
881           	shield_slave	-3.264385e+00	-1.537934e+00	-1.510748e+00
882           	warmPlate	1.221056e+01	1.595075e+01	1.995779e+00
882           	OVC	1.093565e+01	1.590584e+01	1.181466e+01
882           	shield_slave	-3.264385e+00	-1.537934e+00	-1.510748e+00
883           	warmPlate	1.221056e+01	1.595075e+01	1.995779e+00
883           	OVC	1.093565e+01	1.590584e+01	1.181466e+01
883           	shield_slave	-3.264385e+00	-1.537934e+00	-1.510748e+00
884           	warmPlate	1.221056e+01	1.595075e+01	1.995779e+00
884           	OVC	1.093565e+01	1.590584e+01	1.181466e+01
884           	shield_slave	-3.264385e+00	-1.537934e+00	-1.510748e+00
885           	warmPlate	1.221056e+01	1.595075e+01	1.995779e+00
885           	OVC	1.093565e+01	1.590584e+01	1.181466e+01
885           	shield_slave	-3.264385e+00	-1.537934e+00	-1.510748e+00
886           	warmPlate	1.221056e+01	1.595075e+01	1.995779e+00
886           	OVC	1.093565e+01	1.590584e+01	1.181466e+01
886           	shield_slave	-3.264385e+00	-1.537934e+00	-1.510748e+00
887           	warmPlate	1.221056e+01	1.595075e+01	1.995779e+00
887           	OVC	1.093565e+01	1.590584e+01	1.181466e+01
887           	shield_slave	-3.264385e+00	-1.537934e+00	-1.510748e+00
888           	warmPlate	1.221056e+01	1.595075e+01	1.995779e+00
888           	OVC	1.093565e+01	1.590584e+01	1.181466e+01
888           	shield_slave	-3.264385e+00	-1.537934e+00	-1.510748e+00
889           	warmPlate	1.221056e+01	1.595075e+01	1.995779e+00
889           	OVC	1.093565e+01	1.590584e+01	1.181466e+01
889           	shield_slave	-3.264385e+00	-1.537934e+00	-1.510748e+00
890           	warmPlate	1.221056e+01	1.595075e+01	1.995779e+00
890           	OVC	1.093565e+01	1.590584e+01	1.181466e+01
890           	shield_slave	-3.264385e+00	-1.537934e+00	-1.510748e+00
891           	warmPlate	1.221056e+01	1.595075e+01	1.995779e+00
891           	OVC	1.093565e+01	1.590584e+01	1.181466e+01
891           	shield_slave	-3.264385e+00	-1.537934e+00	-1.510748e+00
892           	warmPlate	1.221056e+01	1.595075e+01	1.995779e+00
892           	OVC	1.093565e+01	1.590584e+01	1.181466e+01
892           	shield_slave	-3.264385e+00	-1.537934e+00	-1.510748e+00
893           	warmPlate	1.221056e+01	1.595075e+01	1.995779e+00
893           	OVC	1.093565e+01	1.590584e+01	1.181466e+01
893           	shield_slave	-3.264385e+00	-1.537934e+00	-1.510748e+00
894           	warmPlate	1.221056e+01	1.595075e+01	1.995779e+00
894           	OVC	1.093565e+01	1.590584e+01	1.181466e+01
894           	shield_slave	-3.264385e+00	-1.537934e+00	-1.510748e+00
895           	warmPlate	1.221056e+01	1.595075e+01	1.995779e+00
895           	OVC	1.093565e+01	1.590584e+01	1.181466e+01
895           	shield_slave	-3.264385e+00	-1.537934e+00	-1.510748e+00
896           	warmPlate	1.221056e+01	1.595075e+01	1.995779e+00
896           	OVC	1.093565e+01	1.590584e+01	1.181466e+01
896           	shield_slave	-3.264385e+00	-1.537934e+00	-1.510748e+00
897           	warmPlate	1.221056e+01	1.595075e+01	1.995779e+00
897           	OVC	1.093565e+01	1.590584e+01	1.181466e+01
897           	shield_slave	-3.264385e+00	-1.537934e+00	-1.510748e+00
898           	warmPlate	1.221056e+01	1.595075e+01	1.995779e+00
898           	OVC	1.093565e+01	1.590584e+01	1.181466e+01
898           	shield_slave	-3.264385e+00	-1.537934e+00	-1.510748e+00
899           	warmPlate	1.221056e+01	1.595075e+01	1.995779e+00
899           	OVC	1.093565e+01	1.590584e+01	1.181466e+01
899           	shield_slave	-3.264385e+00	-1.537934e+00	-1.510748e+00
900           	warmPlate	1.221056e+01	1.595075e+01	1.995779e+00
900           	OVC	1.093565e+01	1.590584e+01	1.181466e+01
900           	shield_slave	-3.264385e+00	-1.537934e+00	-1.510748e+00
901           	warmPlate	1.221056e+01	1.595075e+01	1.995779e+00
901           	OVC	1.093565e+01	1.590584e+01	1.181466e+01
901           	shield_slave	-3.264385e+00	-1.537934e+00	-1.510748e+00
902           	warmPlate	1.221056e+01	1.595075e+01	1.995779e+00
902           	OVC	1.093565e+01	1.590584e+01	1.181466e+01
902           	shield_slave	-3.264385e+00	-1.537934e+00	-1.510748e+00
903           	warmPlate	1.221056e+01	1.595075e+01	1.995779e+00
903           	OVC	1.093565e+01	1.590584e+01	1.181466e+01
903           	shield_slave	-3.264385e+00	-1.537934e+00	-1.510748e+00
904           	warmPlate	1.221056e+01	1.595075e+01	1.995779e+00
904           	OVC	1.093565e+01	1.590584e+01	1.181466e+01
904           	shield_slave	-3.264385e+00	-1.537934e+00	-1.510748e+00
905           	warmPlate	1.221056e+01	1.595075e+01	1.995779e+00
905           	OVC	1.093565e+01	1.590584e+01	1.181466e+01
905           	shield_slave	-3.264385e+00	-1.537934e+00	-1.510748e+00
906           	warmPlate	1.221056e+01	1.595075e+01	1.995779e+00
906           	OVC	1.093565e+01	1.590584e+01	1.181466e+01
906           	shield_slave	-3.264385e+00	-1.537934e+00	-1.510748e+00
907           	warmPlate	1.221056e+01	1.595075e+01	1.995779e+00
907           	OVC	1.093565e+01	1.590584e+01	1.181466e+01
907           	shield_slave	-3.264385e+00	-1.537934e+00	-1.510748e+00
908           	warmPlate	1.221056e+01	1.595075e+01	1.995779e+00
908           	OVC	1.093565e+01	1.590584e+01	1.181466e+01
908           	shield_slave	-3.264385e+00	-1.537934e+00	-1.510748e+00
909           	warmPlate	1.221056e+01	1.595075e+01	1.995779e+00
909           	OVC	1.093565e+01	1.590584e+01	1.181466e+01
909           	shield_slave	-3.264385e+00	-1.537934e+00	-1.510748e+00
910           	warmPlate	1.221056e+01	1.595075e+01	1.995779e+00
910           	OVC	1.093565e+01	1.590584e+01	1.181466e+01
910           	shield_slave	-3.264385e+00	-1.537934e+00	-1.510748e+00
911           	warmPlate	1.221056e+01	1.595075e+01	1.995779e+00
911           	OVC	1.093565e+01	1.590584e+01	1.181466e+01
911           	shield_slave	-3.264385e+00	-1.537934e+00	-1.510748e+00
912           	warmPlate	1.221056e+01	1.595075e+01	1.995779e+00
912           	OVC	1.093565e+01	1.590584e+01	1.181466e+01
912           	shield_slave	-3.264385e+00	-1.537934e+00	-1.510748e+00
913           	warmPlate	1.221056e+01	1.595075e+01	1.995779e+00
913           	OVC	1.093565e+01	1.590584e+01	1.181466e+01
913           	shield_slave	-3.264385e+00	-1.537934e+00	-1.510748e+00
914           	warmPlate	1.221056e+01	1.595075e+01	1.995779e+00
914           	OVC	1.093565e+01	1.590584e+01	1.181466e+01
914           	shield_slave	-3.264385e+00	-1.537934e+00	-1.510748e+00
915           	warmPlate	1.221056e+01	1.595075e+01	1.995779e+00
915           	OVC	1.093565e+01	1.590584e+01	1.181466e+01
915           	shield_slave	-3.264385e+00	-1.537934e+00	-1.510748e+00
916           	warmPlate	1.221056e+01	1.595075e+01	1.995779e+00
916           	OVC	1.093565e+01	1.590584e+01	1.181466e+01
916           	shield_slave	-3.264385e+00	-1.537934e+00	-1.510748e+00
917           	warmPlate	1.221056e+01	1.595075e+01	1.995779e+00
917           	OVC	1.093565e+01	1.590584e+01	1.181466e+01
917           	shield_slave	-3.264385e+00	-1.537934e+00	-1.510748e+00
918           	warmPlate	1.221056e+01	1.595075e+01	1.995779e+00
918           	OVC	1.093565e+01	1.590584e+01	1.181466e+01
918           	shield_slave	-3.264385e+00	-1.537934e+00	-1.510748e+00
919           	warmPlate	1.221056e+01	1.595075e+01	1.995779e+00
919           	OVC	1.093565e+01	1.590584e+01	1.181466e+01
919           	shield_slave	-3.264385e+00	-1.537934e+00	-1.510748e+00
920           	warmPlate	1.221056e+01	1.595075e+01	1.995779e+00
920           	OVC	1.093565e+01	1.590584e+01	1.181466e+01
920           	shield_slave	-3.264385e+00	-1.537934e+00	-1.510748e+00
921           	warmPlate	1.221056e+01	1.595075e+01	1.995779e+00
921           	OVC	1.093565e+01	1.590584e+01	1.181466e+01
921           	shield_slave	-3.264385e+00	-1.537934e+00	-1.510748e+00
922           	warmPlate	1.221056e+01	1.595075e+01	1.995779e+00
922           	OVC	1.093565e+01	1.590584e+01	1.181466e+01
922           	shield_slave	-3.264385e+00	-1.537934e+00	-1.510748e+00
923           	warmPlate	1.221056e+01	1.595075e+01	1.995779e+00
923           	OVC	1.093565e+01	1.590584e+01	1.181466e+01
923           	shield_slave	-3.264385e+00	-1.537934e+00	-1.510748e+00
924           	warmPlate	1.221056e+01	1.595075e+01	1.995779e+00
924           	OVC	1.093565e+01	1.590584e+01	1.181466e+01
924           	shield_slave	-3.264385e+00	-1.537934e+00	-1.510748e+00
925           	warmPlate	1.221056e+01	1.595075e+01	1.995779e+00
925           	OVC	1.093565e+01	1.590584e+01	1.181466e+01
925           	shield_slave	-3.264385e+00	-1.537934e+00	-1.510748e+00
926           	warmPlate	1.221056e+01	1.595075e+01	1.995779e+00
926           	OVC	1.093565e+01	1.590584e+01	1.181466e+01
926           	shield_slave	-3.264385e+00	-1.537934e+00	-1.510748e+00
927           	warmPlate	1.221056e+01	1.595075e+01	1.995779e+00
927           	OVC	1.093565e+01	1.590584e+01	1.181466e+01
927           	shield_slave	-3.264385e+00	-1.537934e+00	-1.510748e+00
928           	warmPlate	1.221056e+01	1.595075e+01	1.995779e+00
928           	OVC	1.093565e+01	1.590584e+01	1.181466e+01
928           	shield_slave	-3.264385e+00	-1.537934e+00	-1.510748e+00
929           	warmPlate	1.221056e+01	1.595075e+01	1.995779e+00
929           	OVC	1.093565e+01	1.590584e+01	1.181466e+01
929           	shield_slave	-3.264385e+00	-1.537934e+00	-1.510748e+00
930           	warmPlate	1.221056e+01	1.595075e+01	1.995779e+00
930           	OVC	1.093565e+01	1.590584e+01	1.181466e+01
930           	shield_slave	-3.264385e+00	-1.537934e+00	-1.510748e+00
931           	warmPlate	1.221056e+01	1.595075e+01	1.995779e+00
931           	OVC	1.093565e+01	1.590584e+01	1.181466e+01
931           	shield_slave	-3.264385e+00	-1.537934e+00	-1.510748e+00
932           	warmPlate	1.221056e+01	1.595075e+01	1.995779e+00
932           	OVC	1.093565e+01	1.590584e+01	1.181466e+01
932           	shield_slave	-3.264385e+00	-1.537934e+00	-1.510748e+00
933           	warmPlate	1.221056e+01	1.595075e+01	1.995779e+00
933           	OVC	1.093565e+01	1.590584e+01	1.181466e+01
933           	shield_slave	-3.264385e+00	-1.537934e+00	-1.510748e+00
934           	warmPlate	1.221056e+01	1.595075e+01	1.995779e+00
934           	OVC	1.093565e+01	1.590584e+01	1.181466e+01
934           	shield_slave	-3.264385e+00	-1.537934e+00	-1.510748e+00
935           	warmPlate	1.221056e+01	1.595075e+01	1.995779e+00
935           	OVC	1.093565e+01	1.590584e+01	1.181466e+01
935           	shield_slave	-3.264385e+00	-1.537934e+00	-1.510748e+00
936           	warmPlate	1.221056e+01	1.595075e+01	1.995779e+00
936           	OVC	1.093565e+01	1.590584e+01	1.181466e+01
936           	shield_slave	-3.264385e+00	-1.537934e+00	-1.510748e+00
937           	warmPlate	1.221056e+01	1.595075e+01	1.995779e+00
937           	OVC	1.093565e+01	1.590584e+01	1.181466e+01
937           	shield_slave	-3.264385e+00	-1.537934e+00	-1.510748e+00
938           	warmPlate	1.221056e+01	1.595075e+01	1.995779e+00
938           	OVC	1.093565e+01	1.590584e+01	1.181466e+01
938           	shield_slave	-3.264385e+00	-1.537934e+00	-1.510748e+00
939           	warmPlate	1.221056e+01	1.595075e+01	1.995779e+00
939           	OVC	1.093565e+01	1.590584e+01	1.181466e+01
939           	shield_slave	-3.264385e+00	-1.537934e+00	-1.510748e+00
940           	warmPlate	1.221056e+01	1.595075e+01	1.995779e+00
940           	OVC	1.093565e+01	1.590584e+01	1.181466e+01
940           	shield_slave	-3.264385e+00	-1.537934e+00	-1.510748e+00
941           	warmPlate	1.221056e+01	1.595075e+01	1.995779e+00
941           	OVC	1.093565e+01	1.590584e+01	1.181466e+01
941           	shield_slave	-3.264385e+00	-1.537934e+00	-1.510748e+00
942           	warmPlate	1.221056e+01	1.595075e+01	1.995779e+00
942           	OVC	1.093565e+01	1.590584e+01	1.181466e+01
942           	shield_slave	-3.264385e+00	-1.537934e+00	-1.510748e+00
943           	warmPlate	1.221056e+01	1.595075e+01	1.995779e+00
943           	OVC	1.093565e+01	1.590584e+01	1.181466e+01
943           	shield_slave	-3.264385e+00	-1.537934e+00	-1.510748e+00
944           	warmPlate	1.221056e+01	1.595075e+01	1.995779e+00
944           	OVC	1.093565e+01	1.590584e+01	1.181466e+01
944           	shield_slave	-3.264385e+00	-1.537934e+00	-1.510748e+00
945           	warmPlate	1.221056e+01	1.595075e+01	1.995779e+00
945           	OVC	1.093565e+01	1.590584e+01	1.181466e+01
945           	shield_slave	-3.264385e+00	-1.537934e+00	-1.510748e+00
946           	warmPlate	1.221056e+01	1.595075e+01	1.995779e+00
946           	OVC	1.093565e+01	1.590584e+01	1.181466e+01
946           	shield_slave	-3.264385e+00	-1.537934e+00	-1.510748e+00
947           	warmPlate	1.221056e+01	1.595075e+01	1.995779e+00
947           	OVC	1.093565e+01	1.590584e+01	1.181466e+01
947           	shield_slave	-3.264385e+00	-1.537934e+00	-1.510748e+00
948           	warmPlate	1.221056e+01	1.595075e+01	1.995779e+00
948           	OVC	1.093565e+01	1.590584e+01	1.181466e+01
948           	shield_slave	-3.264385e+00	-1.537934e+00	-1.510748e+00
949           	warmPlate	1.221056e+01	1.595075e+01	1.995779e+00
949           	OVC	1.093565e+01	1.590584e+01	1.181466e+01
949           	shield_slave	-3.264385e+00	-1.537934e+00	-1.510748e+00
950           	warmPlate	1.221056e+01	1.595075e+01	1.995779e+00
950           	OVC	1.093565e+01	1.590584e+01	1.181466e+01
950           	shield_slave	-3.264385e+00	-1.537934e+00	-1.510748e+00
951           	warmPlate	1.221056e+01	1.595075e+01	1.995779e+00
951           	OVC	1.093565e+01	1.590584e+01	1.181466e+01
951           	shield_slave	-3.264385e+00	-1.537934e+00	-1.510748e+00
952           	warmPlate	1.221056e+01	1.595075e+01	1.995779e+00
952           	OVC	1.093565e+01	1.590584e+01	1.181466e+01
952           	shield_slave	-3.264385e+00	-1.537934e+00	-1.510748e+00
953           	warmPlate	1.221056e+01	1.595075e+01	1.995779e+00
953           	OVC	1.093565e+01	1.590584e+01	1.181466e+01
953           	shield_slave	-3.264385e+00	-1.537934e+00	-1.510748e+00
954           	warmPlate	1.221056e+01	1.595075e+01	1.995779e+00
954           	OVC	1.093565e+01	1.590584e+01	1.181466e+01
954           	shield_slave	-3.264385e+00	-1.537934e+00	-1.510748e+00
955           	warmPlate	1.221056e+01	1.595075e+01	1.995779e+00
955           	OVC	1.093565e+01	1.590584e+01	1.181466e+01
955           	shield_slave	-3.264385e+00	-1.537934e+00	-1.510748e+00
956           	warmPlate	1.221056e+01	1.595075e+01	1.995779e+00
956           	OVC	1.093565e+01	1.590584e+01	1.181466e+01
956           	shield_slave	-3.264385e+00	-1.537934e+00	-1.510748e+00
957           	warmPlate	1.221056e+01	1.595075e+01	1.995779e+00
957           	OVC	1.093565e+01	1.590584e+01	1.181466e+01
957           	shield_slave	-3.264385e+00	-1.537934e+00	-1.510748e+00
958           	warmPlate	1.221056e+01	1.595075e+01	1.995779e+00
958           	OVC	1.093565e+01	1.590584e+01	1.181466e+01
958           	shield_slave	-3.264385e+00	-1.537934e+00	-1.510748e+00
959           	warmPlate	1.221056e+01	1.595075e+01	1.995779e+00
959           	OVC	1.093565e+01	1.590584e+01	1.181466e+01
959           	shield_slave	-3.264385e+00	-1.537934e+00	-1.510748e+00
960           	warmPlate	1.221056e+01	1.595075e+01	1.995779e+00
960           	OVC	1.093565e+01	1.590584e+01	1.181466e+01
960           	shield_slave	-3.264385e+00	-1.537934e+00	-1.510748e+00
961           	warmPlate	1.221056e+01	1.595075e+01	1.995779e+00
961           	OVC	1.093565e+01	1.590584e+01	1.181466e+01
961           	shield_slave	-3.264385e+00	-1.537934e+00	-1.510748e+00
962           	warmPlate	1.221056e+01	1.595075e+01	1.995779e+00
962           	OVC	1.093565e+01	1.590584e+01	1.181466e+01
962           	shield_slave	-3.264385e+00	-1.537934e+00	-1.510748e+00
963           	warmPlate	1.221056e+01	1.595075e+01	1.995779e+00
963           	OVC	1.093565e+01	1.590584e+01	1.181466e+01
963           	shield_slave	-3.264385e+00	-1.537934e+00	-1.510748e+00
964           	warmPlate	1.221056e+01	1.595075e+01	1.995779e+00
964           	OVC	1.093565e+01	1.590584e+01	1.181466e+01
964           	shield_slave	-3.264385e+00	-1.537934e+00	-1.510748e+00
965           	warmPlate	1.221056e+01	1.595075e+01	1.995779e+00
965           	OVC	1.093565e+01	1.590584e+01	1.181466e+01
965           	shield_slave	-3.264385e+00	-1.537934e+00	-1.510748e+00
966           	warmPlate	1.221056e+01	1.595075e+01	1.995779e+00
966           	OVC	1.093565e+01	1.590584e+01	1.181466e+01
966           	shield_slave	-3.264385e+00	-1.537934e+00	-1.510748e+00
967           	warmPlate	1.221056e+01	1.595075e+01	1.995779e+00
967           	OVC	1.093565e+01	1.590584e+01	1.181466e+01
967           	shield_slave	-3.264385e+00	-1.537934e+00	-1.510748e+00
968           	warmPlate	1.221056e+01	1.595075e+01	1.995779e+00
968           	OVC	1.093565e+01	1.590584e+01	1.181466e+01
968           	shield_slave	-3.264385e+00	-1.537934e+00	-1.510748e+00
969           	warmPlate	1.221056e+01	1.595075e+01	1.995779e+00
969           	OVC	1.093565e+01	1.590584e+01	1.181466e+01
969           	shield_slave	-3.264385e+00	-1.537934e+00	-1.510748e+00
970           	warmPlate	1.221056e+01	1.595075e+01	1.995779e+00
970           	OVC	1.093565e+01	1.590584e+01	1.181466e+01
970           	shield_slave	-3.264385e+00	-1.537934e+00	-1.510748e+00
971           	warmPlate	1.221056e+01	1.595075e+01	1.995779e+00
971           	OVC	1.093565e+01	1.590584e+01	1.181466e+01
971           	shield_slave	-3.264385e+00	-1.537934e+00	-1.510748e+00
972           	warmPlate	1.221056e+01	1.595075e+01	1.995779e+00
972           	OVC	1.093565e+01	1.590584e+01	1.181466e+01
972           	shield_slave	-3.264385e+00	-1.537934e+00	-1.510748e+00
973           	warmPlate	1.221056e+01	1.595075e+01	1.995779e+00
973           	OVC	1.093565e+01	1.590584e+01	1.181466e+01
973           	shield_slave	-3.264385e+00	-1.537934e+00	-1.510748e+00
974           	warmPlate	1.221056e+01	1.595075e+01	1.995779e+00
974           	OVC	1.093565e+01	1.590584e+01	1.181466e+01
974           	shield_slave	-3.264385e+00	-1.537934e+00	-1.510748e+00
975           	warmPlate	1.221056e+01	1.595075e+01	1.995779e+00
975           	OVC	1.093565e+01	1.590584e+01	1.181466e+01
975           	shield_slave	-3.264385e+00	-1.537934e+00	-1.510748e+00
976           	warmPlate	1.221056e+01	1.595075e+01	1.995779e+00
976           	OVC	1.093565e+01	1.590584e+01	1.181466e+01
976           	shield_slave	-3.264385e+00	-1.537934e+00	-1.510748e+00
977           	warmPlate	1.221056e+01	1.595075e+01	1.995779e+00
977           	OVC	1.093565e+01	1.590584e+01	1.181466e+01
977           	shield_slave	-3.264385e+00	-1.537934e+00	-1.510748e+00
978           	warmPlate	1.221056e+01	1.595075e+01	1.995779e+00
978           	OVC	1.093565e+01	1.590584e+01	1.181466e+01
978           	shield_slave	-3.264385e+00	-1.537934e+00	-1.510748e+00
979           	warmPlate	1.221056e+01	1.595075e+01	1.995779e+00
979           	OVC	1.093565e+01	1.590584e+01	1.181466e+01
979           	shield_slave	-3.264385e+00	-1.537934e+00	-1.510748e+00
980           	warmPlate	1.221056e+01	1.595075e+01	1.995779e+00
980           	OVC	1.093565e+01	1.590584e+01	1.181466e+01
980           	shield_slave	-3.264385e+00	-1.537934e+00	-1.510748e+00
981           	warmPlate	1.221056e+01	1.595075e+01	1.995779e+00
981           	OVC	1.093565e+01	1.590584e+01	1.181466e+01
981           	shield_slave	-3.264385e+00	-1.537934e+00	-1.510748e+00
982           	warmPlate	1.221056e+01	1.595075e+01	1.995779e+00
982           	OVC	1.093565e+01	1.590584e+01	1.181466e+01
982           	shield_slave	-3.264385e+00	-1.537934e+00	-1.510748e+00
983           	warmPlate	1.221056e+01	1.595075e+01	1.995779e+00
983           	OVC	1.093565e+01	1.590584e+01	1.181466e+01
983           	shield_slave	-3.264385e+00	-1.537934e+00	-1.510748e+00
984           	warmPlate	1.221056e+01	1.595075e+01	1.995779e+00
984           	OVC	1.093565e+01	1.590584e+01	1.181466e+01
984           	shield_slave	-3.264385e+00	-1.537934e+00	-1.510748e+00
985           	warmPlate	1.221056e+01	1.595075e+01	1.995779e+00
985           	OVC	1.093565e+01	1.590584e+01	1.181466e+01
985           	shield_slave	-3.264385e+00	-1.537934e+00	-1.510748e+00
986           	warmPlate	1.221056e+01	1.595075e+01	1.995779e+00
986           	OVC	1.093565e+01	1.590584e+01	1.181466e+01
986           	shield_slave	-3.264385e+00	-1.537934e+00	-1.510748e+00
987           	warmPlate	1.221056e+01	1.595075e+01	1.995779e+00
987           	OVC	1.093565e+01	1.590584e+01	1.181466e+01
987           	shield_slave	-3.264385e+00	-1.537934e+00	-1.510748e+00
988           	warmPlate	1.221056e+01	1.595075e+01	1.995779e+00
988           	OVC	1.093565e+01	1.590584e+01	1.181466e+01
988           	shield_slave	-3.264385e+00	-1.537934e+00	-1.510748e+00
989           	warmPlate	1.221056e+01	1.595075e+01	1.995779e+00
989           	OVC	1.093565e+01	1.590584e+01	1.181466e+01
989           	shield_slave	-3.264385e+00	-1.537934e+00	-1.510748e+00
990           	warmPlate	1.221056e+01	1.595075e+01	1.995779e+00
990           	OVC	1.093565e+01	1.590584e+01	1.181466e+01
990           	shield_slave	-3.264385e+00	-1.537934e+00	-1.510748e+00
991           	warmPlate	1.221056e+01	1.595075e+01	1.995779e+00
991           	OVC	1.093565e+01	1.590584e+01	1.181466e+01
991           	shield_slave	-3.264385e+00	-1.537934e+00	-1.510748e+00
992           	warmPlate	1.221056e+01	1.595075e+01	1.995779e+00
992           	OVC	1.093565e+01	1.590584e+01	1.181466e+01
992           	shield_slave	-3.264385e+00	-1.537934e+00	-1.510748e+00
993           	warmPlate	1.221056e+01	1.595075e+01	1.995779e+00
993           	OVC	1.093565e+01	1.590584e+01	1.181466e+01
993           	shield_slave	-3.264385e+00	-1.537934e+00	-1.510748e+00
994           	warmPlate	1.221056e+01	1.595075e+01	1.995779e+00
994           	OVC	1.093565e+01	1.590584e+01	1.181466e+01
994           	shield_slave	-3.264385e+00	-1.537934e+00	-1.510748e+00
995           	warmPlate	1.221056e+01	1.595075e+01	1.995779e+00
995           	OVC	1.093565e+01	1.590584e+01	1.181466e+01
995           	shield_slave	-3.264385e+00	-1.537934e+00	-1.510748e+00
996           	warmPlate	1.221056e+01	1.595075e+01	1.995779e+00
996           	OVC	1.093565e+01	1.590584e+01	1.181466e+01
996           	shield_slave	-3.264385e+00	-1.537934e+00	-1.510748e+00
997           	warmPlate	1.221056e+01	1.595075e+01	1.995779e+00
997           	OVC	1.093565e+01	1.590584e+01	1.181466e+01
997           	shield_slave	-3.264385e+00	-1.537934e+00	-1.510748e+00
998           	warmPlate	1.221056e+01	1.595075e+01	1.995779e+00
998           	OVC	1.093565e+01	1.590584e+01	1.181466e+01
998           	shield_slave	-3.264385e+00	-1.537934e+00	-1.510748e+00
999           	warmPlate	1.221056e+01	1.595075e+01	1.995779e+00
999           	OVC	1.093565e+01	1.590584e+01	1.181466e+01
999           	shield_slave	-3.264385e+00	-1.537934e+00	-1.510748e+00
1000          	warmPlate	1.221056e+01	1.595075e+01	1.995779e+00
1000          	OVC	1.093565e+01	1.590584e+01	1.181466e+01
1000          	shield_slave	-3.264385e+00	-1.537934e+00	-1.510748e+00
1001          	warmPlate	1.221056e+01	1.595075e+01	1.995779e+00
1001          	OVC	1.093565e+01	1.590584e+01	1.181466e+01
1001          	shield_slave	-3.264385e+00	-1.537934e+00	-1.510748e+00
1002          	warmPlate	1.221056e+01	1.595075e+01	1.995779e+00
1002          	OVC	1.093565e+01	1.590584e+01	1.181466e+01
1002          	shield_slave	-3.264385e+00	-1.537934e+00	-1.510748e+00
1003          	warmPlate	1.221056e+01	1.595075e+01	1.995779e+00
1003          	OVC	1.093565e+01	1.590584e+01	1.181466e+01
1003          	shield_slave	-3.264385e+00	-1.537934e+00	-1.510748e+00
1004          	warmPlate	1.221056e+01	1.595075e+01	1.995779e+00
1004          	OVC	1.093565e+01	1.590584e+01	1.181466e+01
1004          	shield_slave	-3.264385e+00	-1.537934e+00	-1.510748e+00
1005          	warmPlate	1.221056e+01	1.595075e+01	1.995779e+00
1005          	OVC	1.093565e+01	1.590584e+01	1.181466e+01
1005          	shield_slave	-3.264385e+00	-1.537934e+00	-1.510748e+00
1006          	warmPlate	1.221056e+01	1.595075e+01	1.995779e+00
1006          	OVC	1.093565e+01	1.590584e+01	1.181466e+01
1006          	shield_slave	-3.264385e+00	-1.537934e+00	-1.510748e+00
1007          	warmPlate	1.221056e+01	1.595075e+01	1.995779e+00
1007          	OVC	1.093565e+01	1.590584e+01	1.181466e+01
1007          	shield_slave	-3.264385e+00	-1.537934e+00	-1.510748e+00
1008          	warmPlate	1.221056e+01	1.595075e+01	1.995779e+00
1008          	OVC	1.093565e+01	1.590584e+01	1.181466e+01
1008          	shield_slave	-3.264385e+00	-1.537934e+00	-1.510748e+00
1009          	warmPlate	1.221056e+01	1.595075e+01	1.995779e+00
1009          	OVC	1.093565e+01	1.590584e+01	1.181466e+01
1009          	shield_slave	-3.264385e+00	-1.537934e+00	-1.510748e+00
1010          	warmPlate	1.221056e+01	1.595075e+01	1.995779e+00
1010          	OVC	1.093565e+01	1.590584e+01	1.181466e+01
1010          	shield_slave	-3.264385e+00	-1.537934e+00	-1.510748e+00
1011          	warmPlate	1.221056e+01	1.595075e+01	1.995779e+00
1011          	OVC	1.093565e+01	1.590584e+01	1.181466e+01
1011          	shield_slave	-3.264385e+00	-1.537934e+00	-1.510748e+00
1012          	warmPlate	1.221056e+01	1.595075e+01	1.995779e+00
1012          	OVC	1.093565e+01	1.590584e+01	1.181466e+01
1012          	shield_slave	-3.264385e+00	-1.537934e+00	-1.510748e+00
1013          	warmPlate	1.221056e+01	1.595075e+01	1.995779e+00
1013          	OVC	1.093565e+01	1.590584e+01	1.181466e+01
1013          	shield_slave	-3.264385e+00	-1.537934e+00	-1.510748e+00
1014          	warmPlate	1.221056e+01	1.595075e+01	1.995779e+00
1014          	OVC	1.093565e+01	1.590584e+01	1.181466e+01
1014          	shield_slave	-3.264385e+00	-1.537934e+00	-1.510748e+00
1015          	warmPlate	1.221056e+01	1.595075e+01	1.995779e+00
1015          	OVC	1.093565e+01	1.590584e+01	1.181466e+01
1015          	shield_slave	-3.264385e+00	-1.537934e+00	-1.510748e+00
1016          	warmPlate	1.221056e+01	1.595075e+01	1.995779e+00
1016          	OVC	1.093565e+01	1.590584e+01	1.181466e+01
1016          	shield_slave	-3.264385e+00	-1.537934e+00	-1.510748e+00
1017          	warmPlate	1.221056e+01	1.595075e+01	1.995779e+00
1017          	OVC	1.093565e+01	1.590584e+01	1.181466e+01
1017          	shield_slave	-3.264385e+00	-1.537934e+00	-1.510748e+00
1018          	warmPlate	1.221056e+01	1.595075e+01	1.995779e+00
1018          	OVC	1.093565e+01	1.590584e+01	1.181466e+01
1018          	shield_slave	-3.264385e+00	-1.537934e+00	-1.510748e+00
1019          	warmPlate	1.221056e+01	1.595075e+01	1.995779e+00
1019          	OVC	1.093565e+01	1.590584e+01	1.181466e+01
1019          	shield_slave	-3.264385e+00	-1.537934e+00	-1.510748e+00
1020          	warmPlate	1.221056e+01	1.595075e+01	1.995779e+00
1020          	OVC	1.093565e+01	1.590584e+01	1.181466e+01
1020          	shield_slave	-3.264385e+00	-1.537934e+00	-1.510748e+00
1021          	warmPlate	1.221056e+01	1.595075e+01	1.995779e+00
1021          	OVC	1.093565e+01	1.590584e+01	1.181466e+01
1021          	shield_slave	-3.264385e+00	-1.537934e+00	-1.510748e+00
1022          	warmPlate	1.221056e+01	1.595075e+01	1.995779e+00
1022          	OVC	1.093565e+01	1.590584e+01	1.181466e+01
1022          	shield_slave	-3.264385e+00	-1.537934e+00	-1.510748e+00
1023          	warmPlate	1.221056e+01	1.595075e+01	1.995779e+00
1023          	OVC	1.093565e+01	1.590584e+01	1.181466e+01
1023          	shield_slave	-3.264385e+00	-1.537934e+00	-1.510748e+00
1024          	warmPlate	1.221056e+01	1.595075e+01	1.995779e+00
1024          	OVC	1.093565e+01	1.590584e+01	1.181466e+01
1024          	shield_slave	-3.264385e+00	-1.537934e+00	-1.510748e+00
1025          	warmPlate	1.221056e+01	1.595075e+01	1.995779e+00
1025          	OVC	1.093565e+01	1.590584e+01	1.181466e+01
1025          	shield_slave	-3.264385e+00	-1.537934e+00	-1.510748e+00
1026          	warmPlate	1.221056e+01	1.595075e+01	1.995779e+00
1026          	OVC	1.093565e+01	1.590584e+01	1.181466e+01
1026          	shield_slave	-3.264385e+00	-1.537934e+00	-1.510748e+00
1027          	warmPlate	1.221056e+01	1.595075e+01	1.995779e+00
1027          	OVC	1.093565e+01	1.590584e+01	1.181466e+01
1027          	shield_slave	-3.264385e+00	-1.537934e+00	-1.510748e+00
1028          	warmPlate	1.221056e+01	1.595075e+01	1.995779e+00
1028          	OVC	1.093565e+01	1.590584e+01	1.181466e+01
1028          	shield_slave	-3.264385e+00	-1.537934e+00	-1.510748e+00
1029          	warmPlate	1.221056e+01	1.595075e+01	1.995779e+00
1029          	OVC	1.093565e+01	1.590584e+01	1.181466e+01
1029          	shield_slave	-3.264385e+00	-1.537934e+00	-1.510748e+00
1030          	warmPlate	1.221056e+01	1.595075e+01	1.995779e+00
1030          	OVC	1.093565e+01	1.590584e+01	1.181466e+01
1030          	shield_slave	-3.264385e+00	-1.537934e+00	-1.510748e+00
1031          	warmPlate	1.221056e+01	1.595075e+01	1.995779e+00
1031          	OVC	1.093565e+01	1.590584e+01	1.181466e+01
1031          	shield_slave	-3.264385e+00	-1.537934e+00	-1.510748e+00
1032          	warmPlate	1.221056e+01	1.595075e+01	1.995779e+00
1032          	OVC	1.093565e+01	1.590584e+01	1.181466e+01
1032          	shield_slave	-3.264385e+00	-1.537934e+00	-1.510748e+00
1033          	warmPlate	1.221056e+01	1.595075e+01	1.995779e+00
1033          	OVC	1.093565e+01	1.590584e+01	1.181466e+01
1033          	shield_slave	-3.264385e+00	-1.537934e+00	-1.510748e+00
1034          	warmPlate	1.221056e+01	1.595075e+01	1.995779e+00
1034          	OVC	1.093565e+01	1.590584e+01	1.181466e+01
1034          	shield_slave	-3.264385e+00	-1.537934e+00	-1.510748e+00
1035          	warmPlate	1.221056e+01	1.595075e+01	1.995779e+00
1035          	OVC	1.093565e+01	1.590584e+01	1.181466e+01
1035          	shield_slave	-3.264385e+00	-1.537934e+00	-1.510748e+00
1036          	warmPlate	1.221056e+01	1.595075e+01	1.995779e+00
1036          	OVC	1.093565e+01	1.590584e+01	1.181466e+01
1036          	shield_slave	-3.264385e+00	-1.537934e+00	-1.510748e+00
1037          	warmPlate	1.221056e+01	1.595075e+01	1.995779e+00
1037          	OVC	1.093565e+01	1.590584e+01	1.181466e+01
1037          	shield_slave	-3.264385e+00	-1.537934e+00	-1.510748e+00
1038          	warmPlate	1.221056e+01	1.595075e+01	1.995779e+00
1038          	OVC	1.093565e+01	1.590584e+01	1.181466e+01
1038          	shield_slave	-3.264385e+00	-1.537934e+00	-1.510748e+00
1039          	warmPlate	1.221056e+01	1.595075e+01	1.995779e+00
1039          	OVC	1.093565e+01	1.590584e+01	1.181466e+01
1039          	shield_slave	-3.264385e+00	-1.537934e+00	-1.510748e+00
1040          	warmPlate	1.221056e+01	1.595075e+01	1.995779e+00
1040          	OVC	1.093565e+01	1.590584e+01	1.181466e+01
1040          	shield_slave	-3.264385e+00	-1.537934e+00	-1.510748e+00
1041          	warmPlate	1.221056e+01	1.595075e+01	1.995779e+00
1041          	OVC	1.093565e+01	1.590584e+01	1.181466e+01
1041          	shield_slave	-3.264385e+00	-1.537934e+00	-1.510748e+00
1042          	warmPlate	1.221056e+01	1.595075e+01	1.995779e+00
1042          	OVC	1.093565e+01	1.590584e+01	1.181466e+01
1042          	shield_slave	-3.264385e+00	-1.537934e+00	-1.510748e+00
1043          	warmPlate	1.221056e+01	1.595075e+01	1.995779e+00
1043          	OVC	1.093565e+01	1.590584e+01	1.181466e+01
1043          	shield_slave	-3.264385e+00	-1.537934e+00	-1.510748e+00
1044          	warmPlate	1.221056e+01	1.595075e+01	1.995779e+00
1044          	OVC	1.093565e+01	1.590584e+01	1.181466e+01
1044          	shield_slave	-3.264385e+00	-1.537934e+00	-1.510748e+00
1045          	warmPlate	1.221056e+01	1.595075e+01	1.995779e+00
1045          	OVC	1.093565e+01	1.590584e+01	1.181466e+01
1045          	shield_slave	-3.264385e+00	-1.537934e+00	-1.510748e+00
1046          	warmPlate	1.221056e+01	1.595075e+01	1.995779e+00
1046          	OVC	1.093565e+01	1.590584e+01	1.181466e+01
1046          	shield_slave	-3.264385e+00	-1.537934e+00	-1.510748e+00
1047          	warmPlate	1.221056e+01	1.595075e+01	1.995779e+00
1047          	OVC	1.093565e+01	1.590584e+01	1.181466e+01
1047          	shield_slave	-3.264385e+00	-1.537934e+00	-1.510748e+00
1048          	warmPlate	1.221056e+01	1.595075e+01	1.995779e+00
1048          	OVC	1.093565e+01	1.590584e+01	1.181466e+01
1048          	shield_slave	-3.264385e+00	-1.537934e+00	-1.510748e+00
1049          	warmPlate	1.221056e+01	1.595075e+01	1.995779e+00
1049          	OVC	1.093565e+01	1.590584e+01	1.181466e+01
1049          	shield_slave	-3.264385e+00	-1.537934e+00	-1.510748e+00
1050          	warmPlate	1.221056e+01	1.595075e+01	1.995779e+00
1050          	OVC	1.093565e+01	1.590584e+01	1.181466e+01
1050          	shield_slave	-3.264385e+00	-1.537934e+00	-1.510748e+00
1051          	warmPlate	1.221056e+01	1.595075e+01	1.995779e+00
1051          	OVC	1.093565e+01	1.590584e+01	1.181466e+01
1051          	shield_slave	-3.264385e+00	-1.537934e+00	-1.510748e+00
1052          	warmPlate	1.221056e+01	1.595075e+01	1.995779e+00
1052          	OVC	1.093565e+01	1.590584e+01	1.181466e+01
1052          	shield_slave	-3.264385e+00	-1.537934e+00	-1.510748e+00
1053          	warmPlate	1.221056e+01	1.595075e+01	1.995779e+00
1053          	OVC	1.093565e+01	1.590584e+01	1.181466e+01
1053          	shield_slave	-3.264385e+00	-1.537934e+00	-1.510748e+00
1054          	warmPlate	1.221056e+01	1.595075e+01	1.995779e+00
1054          	OVC	1.093565e+01	1.590584e+01	1.181466e+01
1054          	shield_slave	-3.264385e+00	-1.537934e+00	-1.510748e+00
1055          	warmPlate	1.221056e+01	1.595075e+01	1.995779e+00
1055          	OVC	1.093565e+01	1.590584e+01	1.181466e+01
1055          	shield_slave	-3.264385e+00	-1.537934e+00	-1.510748e+00
1056          	warmPlate	1.221056e+01	1.595075e+01	1.995779e+00
1056          	OVC	1.093565e+01	1.590584e+01	1.181466e+01
1056          	shield_slave	-3.264385e+00	-1.537934e+00	-1.510748e+00
1057          	warmPlate	1.221056e+01	1.595075e+01	1.995779e+00
1057          	OVC	1.093565e+01	1.590584e+01	1.181466e+01
1057          	shield_slave	-3.264385e+00	-1.537934e+00	-1.510748e+00
1058          	warmPlate	1.221056e+01	1.595075e+01	1.995779e+00
1058          	OVC	1.093565e+01	1.590584e+01	1.181466e+01
1058          	shield_slave	-3.264385e+00	-1.537934e+00	-1.510748e+00
1059          	warmPlate	1.221056e+01	1.595075e+01	1.995779e+00
1059          	OVC	1.093565e+01	1.590584e+01	1.181466e+01
1059          	shield_slave	-3.264385e+00	-1.537934e+00	-1.510748e+00
1060          	warmPlate	1.221056e+01	1.595075e+01	1.995779e+00
1060          	OVC	1.093565e+01	1.590584e+01	1.181466e+01
1060          	shield_slave	-3.264385e+00	-1.537934e+00	-1.510748e+00
1061          	warmPlate	1.221056e+01	1.595075e+01	1.995779e+00
1061          	OVC	1.093565e+01	1.590584e+01	1.181466e+01
1061          	shield_slave	-3.264385e+00	-1.537934e+00	-1.510748e+00
1062          	warmPlate	1.221056e+01	1.595075e+01	1.995779e+00
1062          	OVC	1.093565e+01	1.590584e+01	1.181466e+01
1062          	shield_slave	-3.264385e+00	-1.537934e+00	-1.510748e+00
1063          	warmPlate	1.221056e+01	1.595075e+01	1.995779e+00
1063          	OVC	1.093565e+01	1.590584e+01	1.181466e+01
1063          	shield_slave	-3.264385e+00	-1.537934e+00	-1.510748e+00
1064          	warmPlate	1.221056e+01	1.595075e+01	1.995779e+00
1064          	OVC	1.093565e+01	1.590584e+01	1.181466e+01
1064          	shield_slave	-3.264385e+00	-1.537934e+00	-1.510748e+00
1065          	warmPlate	1.221056e+01	1.595075e+01	1.995779e+00
1065          	OVC	1.093565e+01	1.590584e+01	1.181466e+01
1065          	shield_slave	-3.264385e+00	-1.537934e+00	-1.510748e+00
1066          	warmPlate	1.221056e+01	1.595075e+01	1.995779e+00
1066          	OVC	1.093565e+01	1.590584e+01	1.181466e+01
1066          	shield_slave	-3.264385e+00	-1.537934e+00	-1.510748e+00
1067          	warmPlate	1.221056e+01	1.595075e+01	1.995779e+00
1067          	OVC	1.093565e+01	1.590584e+01	1.181466e+01
1067          	shield_slave	-3.264385e+00	-1.537934e+00	-1.510748e+00
1068          	warmPlate	1.221056e+01	1.595075e+01	1.995779e+00
1068          	OVC	1.093565e+01	1.590584e+01	1.181466e+01
1068          	shield_slave	-3.264385e+00	-1.537934e+00	-1.510748e+00
1069          	warmPlate	1.221056e+01	1.595075e+01	1.995779e+00
1069          	OVC	1.093565e+01	1.590584e+01	1.181466e+01
1069          	shield_slave	-3.264385e+00	-1.537934e+00	-1.510748e+00
1070          	warmPlate	1.221056e+01	1.595075e+01	1.995779e+00
1070          	OVC	1.093565e+01	1.590584e+01	1.181466e+01
1070          	shield_slave	-3.264385e+00	-1.537934e+00	-1.510748e+00
1071          	warmPlate	1.221056e+01	1.595075e+01	1.995779e+00
1071          	OVC	1.093565e+01	1.590584e+01	1.181466e+01
1071          	shield_slave	-3.264385e+00	-1.537934e+00	-1.510748e+00
1072          	warmPlate	1.221056e+01	1.595075e+01	1.995779e+00
1072          	OVC	1.093565e+01	1.590584e+01	1.181466e+01
1072          	shield_slave	-3.264385e+00	-1.537934e+00	-1.510748e+00
1073          	warmPlate	1.221056e+01	1.595075e+01	1.995779e+00
1073          	OVC	1.093565e+01	1.590584e+01	1.181466e+01
1073          	shield_slave	-3.264385e+00	-1.537934e+00	-1.510748e+00
1074          	warmPlate	1.221056e+01	1.595075e+01	1.995779e+00
1074          	OVC	1.093565e+01	1.590584e+01	1.181466e+01
1074          	shield_slave	-3.264385e+00	-1.537934e+00	-1.510748e+00
1075          	warmPlate	1.221056e+01	1.595075e+01	1.995779e+00
1075          	OVC	1.093565e+01	1.590584e+01	1.181466e+01
1075          	shield_slave	-3.264385e+00	-1.537934e+00	-1.510748e+00
1076          	warmPlate	1.221056e+01	1.595075e+01	1.995779e+00
1076          	OVC	1.093565e+01	1.590584e+01	1.181466e+01
1076          	shield_slave	-3.264385e+00	-1.537934e+00	-1.510748e+00
1077          	warmPlate	1.221056e+01	1.595075e+01	1.995779e+00
1077          	OVC	1.093565e+01	1.590584e+01	1.181466e+01
1077          	shield_slave	-3.264385e+00	-1.537934e+00	-1.510748e+00
1078          	warmPlate	1.221056e+01	1.595075e+01	1.995779e+00
1078          	OVC	1.093565e+01	1.590584e+01	1.181466e+01
1078          	shield_slave	-3.264385e+00	-1.537934e+00	-1.510748e+00
1079          	warmPlate	1.221056e+01	1.595075e+01	1.995779e+00
1079          	OVC	1.093565e+01	1.590584e+01	1.181466e+01
1079          	shield_slave	-3.264385e+00	-1.537934e+00	-1.510748e+00
1080          	warmPlate	1.221056e+01	1.595075e+01	1.995779e+00
1080          	OVC	1.093565e+01	1.590584e+01	1.181466e+01
1080          	shield_slave	-3.264385e+00	-1.537934e+00	-1.510748e+00
1081          	warmPlate	1.221056e+01	1.595075e+01	1.995779e+00
1081          	OVC	1.093565e+01	1.590584e+01	1.181466e+01
1081          	shield_slave	-3.264385e+00	-1.537934e+00	-1.510748e+00
1082          	warmPlate	1.221056e+01	1.595075e+01	1.995779e+00
1082          	OVC	1.093565e+01	1.590584e+01	1.181466e+01
1082          	shield_slave	-3.264385e+00	-1.537934e+00	-1.510748e+00
1083          	warmPlate	1.221056e+01	1.595075e+01	1.995779e+00
1083          	OVC	1.093565e+01	1.590584e+01	1.181466e+01
1083          	shield_slave	-3.264385e+00	-1.537934e+00	-1.510748e+00
1084          	warmPlate	1.221056e+01	1.595075e+01	1.995779e+00
1084          	OVC	1.093565e+01	1.590584e+01	1.181466e+01
1084          	shield_slave	-3.264385e+00	-1.537934e+00	-1.510748e+00
1085          	warmPlate	1.221056e+01	1.595075e+01	1.995779e+00
1085          	OVC	1.093565e+01	1.590584e+01	1.181466e+01
1085          	shield_slave	-3.264385e+00	-1.537934e+00	-1.510748e+00
1086          	warmPlate	1.221056e+01	1.595075e+01	1.995779e+00
1086          	OVC	1.093565e+01	1.590584e+01	1.181466e+01
1086          	shield_slave	-3.264385e+00	-1.537934e+00	-1.510748e+00
1087          	warmPlate	1.221056e+01	1.595075e+01	1.995779e+00
1087          	OVC	1.093565e+01	1.590584e+01	1.181466e+01
1087          	shield_slave	-3.264385e+00	-1.537934e+00	-1.510748e+00
1088          	warmPlate	1.221056e+01	1.595075e+01	1.995779e+00
1088          	OVC	1.093565e+01	1.590584e+01	1.181466e+01
1088          	shield_slave	-3.264385e+00	-1.537934e+00	-1.510748e+00
1089          	warmPlate	1.221056e+01	1.595075e+01	1.995779e+00
1089          	OVC	1.093565e+01	1.590584e+01	1.181466e+01
1089          	shield_slave	-3.264385e+00	-1.537934e+00	-1.510748e+00
1090          	warmPlate	1.221056e+01	1.595075e+01	1.995779e+00
1090          	OVC	1.093565e+01	1.590584e+01	1.181466e+01
1090          	shield_slave	-3.264385e+00	-1.537934e+00	-1.510748e+00
1091          	warmPlate	1.221056e+01	1.595075e+01	1.995779e+00
1091          	OVC	1.093565e+01	1.590584e+01	1.181466e+01
1091          	shield_slave	-3.264385e+00	-1.537934e+00	-1.510748e+00
1092          	warmPlate	1.221056e+01	1.595075e+01	1.995779e+00
1092          	OVC	1.093565e+01	1.590584e+01	1.181466e+01
1092          	shield_slave	-3.264385e+00	-1.537934e+00	-1.510748e+00
1093          	warmPlate	1.221056e+01	1.595075e+01	1.995779e+00
1093          	OVC	1.093565e+01	1.590584e+01	1.181466e+01
1093          	shield_slave	-3.264385e+00	-1.537934e+00	-1.510748e+00
1094          	warmPlate	1.221056e+01	1.595075e+01	1.995779e+00
1094          	OVC	1.093565e+01	1.590584e+01	1.181466e+01
1094          	shield_slave	-3.264385e+00	-1.537934e+00	-1.510748e+00
1095          	warmPlate	1.221056e+01	1.595075e+01	1.995779e+00
1095          	OVC	1.093565e+01	1.590584e+01	1.181466e+01
1095          	shield_slave	-3.264385e+00	-1.537934e+00	-1.510748e+00
1096          	warmPlate	1.221056e+01	1.595075e+01	1.995779e+00
1096          	OVC	1.093565e+01	1.590584e+01	1.181466e+01
1096          	shield_slave	-3.264385e+00	-1.537934e+00	-1.510748e+00
1097          	warmPlate	1.221056e+01	1.595075e+01	1.995779e+00
1097          	OVC	1.093565e+01	1.590584e+01	1.181466e+01
1097          	shield_slave	-3.264385e+00	-1.537934e+00	-1.510748e+00
1098          	warmPlate	1.221056e+01	1.595075e+01	1.995779e+00
1098          	OVC	1.093565e+01	1.590584e+01	1.181466e+01
1098          	shield_slave	-3.264385e+00	-1.537934e+00	-1.510748e+00
1099          	warmPlate	1.221056e+01	1.595075e+01	1.995779e+00
1099          	OVC	1.093565e+01	1.590584e+01	1.181466e+01
1099          	shield_slave	-3.264385e+00	-1.537934e+00	-1.510748e+00
1100          	warmPlate	1.221056e+01	1.595075e+01	1.995779e+00
1100          	OVC	1.093565e+01	1.590584e+01	1.181466e+01
1100          	shield_slave	-3.264385e+00	-1.537934e+00	-1.510748e+00
1101          	warmPlate	1.221056e+01	1.595075e+01	1.995779e+00
1101          	OVC	1.093565e+01	1.590584e+01	1.181466e+01
1101          	shield_slave	-3.264385e+00	-1.537934e+00	-1.510748e+00
1102          	warmPlate	1.221056e+01	1.595075e+01	1.995779e+00
1102          	OVC	1.093565e+01	1.590584e+01	1.181466e+01
1102          	shield_slave	-3.264385e+00	-1.537934e+00	-1.510748e+00
1103          	warmPlate	1.221056e+01	1.595075e+01	1.995779e+00
1103          	OVC	1.093565e+01	1.590584e+01	1.181466e+01
1103          	shield_slave	-3.264385e+00	-1.537934e+00	-1.510748e+00
1104          	warmPlate	1.221056e+01	1.595075e+01	1.995779e+00
1104          	OVC	1.093565e+01	1.590584e+01	1.181466e+01
1104          	shield_slave	-3.264385e+00	-1.537934e+00	-1.510748e+00
1105          	warmPlate	1.221056e+01	1.595075e+01	1.995779e+00
1105          	OVC	1.093565e+01	1.590584e+01	1.181466e+01
1105          	shield_slave	-3.264385e+00	-1.537934e+00	-1.510748e+00
1106          	warmPlate	1.221056e+01	1.595075e+01	1.995779e+00
1106          	OVC	1.093565e+01	1.590584e+01	1.181466e+01
1106          	shield_slave	-3.264385e+00	-1.537934e+00	-1.510748e+00
1107          	warmPlate	1.221056e+01	1.595075e+01	1.995779e+00
1107          	OVC	1.093565e+01	1.590584e+01	1.181466e+01
1107          	shield_slave	-3.264385e+00	-1.537934e+00	-1.510748e+00
1108          	warmPlate	1.221056e+01	1.595075e+01	1.995779e+00
1108          	OVC	1.093565e+01	1.590584e+01	1.181466e+01
1108          	shield_slave	-3.264385e+00	-1.537934e+00	-1.510748e+00
1109          	warmPlate	1.221056e+01	1.595075e+01	1.995779e+00
1109          	OVC	1.093565e+01	1.590584e+01	1.181466e+01
1109          	shield_slave	-3.264385e+00	-1.537934e+00	-1.510748e+00
1110          	warmPlate	1.221056e+01	1.595075e+01	1.995779e+00
1110          	OVC	1.093565e+01	1.590584e+01	1.181466e+01
1110          	shield_slave	-3.264385e+00	-1.537934e+00	-1.510748e+00
1111          	warmPlate	1.221056e+01	1.595075e+01	1.995779e+00
1111          	OVC	1.093565e+01	1.590584e+01	1.181466e+01
1111          	shield_slave	-3.264385e+00	-1.537934e+00	-1.510748e+00
1112          	warmPlate	1.221056e+01	1.595075e+01	1.995779e+00
1112          	OVC	1.093565e+01	1.590584e+01	1.181466e+01
1112          	shield_slave	-3.264385e+00	-1.537934e+00	-1.510748e+00
1113          	warmPlate	1.221056e+01	1.595075e+01	1.995779e+00
1113          	OVC	1.093565e+01	1.590584e+01	1.181466e+01
1113          	shield_slave	-3.264385e+00	-1.537934e+00	-1.510748e+00
1114          	warmPlate	1.221056e+01	1.595075e+01	1.995779e+00
1114          	OVC	1.093565e+01	1.590584e+01	1.181466e+01
1114          	shield_slave	-3.264385e+00	-1.537934e+00	-1.510748e+00
1115          	warmPlate	1.221056e+01	1.595075e+01	1.995779e+00
1115          	OVC	1.093565e+01	1.590584e+01	1.181466e+01
1115          	shield_slave	-3.264385e+00	-1.537934e+00	-1.510748e+00
1116          	warmPlate	1.221056e+01	1.595075e+01	1.995779e+00
1116          	OVC	1.093565e+01	1.590584e+01	1.181466e+01
1116          	shield_slave	-3.264385e+00	-1.537934e+00	-1.510748e+00
1117          	warmPlate	1.221056e+01	1.595075e+01	1.995779e+00
1117          	OVC	1.093565e+01	1.590584e+01	1.181466e+01
1117          	shield_slave	-3.264385e+00	-1.537934e+00	-1.510748e+00
1118          	warmPlate	1.221056e+01	1.595075e+01	1.995779e+00
1118          	OVC	1.093565e+01	1.590584e+01	1.181466e+01
1118          	shield_slave	-3.264385e+00	-1.537934e+00	-1.510748e+00
1119          	warmPlate	1.221056e+01	1.595075e+01	1.995779e+00
1119          	OVC	1.093565e+01	1.590584e+01	1.181466e+01
1119          	shield_slave	-3.264385e+00	-1.537934e+00	-1.510748e+00
1120          	warmPlate	1.221056e+01	1.595075e+01	1.995779e+00
1120          	OVC	1.093565e+01	1.590584e+01	1.181466e+01
1120          	shield_slave	-3.264385e+00	-1.537934e+00	-1.510748e+00
1121          	warmPlate	1.221056e+01	1.595075e+01	1.995779e+00
1121          	OVC	1.093565e+01	1.590584e+01	1.181466e+01
1121          	shield_slave	-3.264385e+00	-1.537934e+00	-1.510748e+00
1122          	warmPlate	1.221056e+01	1.595075e+01	1.995779e+00
1122          	OVC	1.093565e+01	1.590584e+01	1.181466e+01
1122          	shield_slave	-3.264385e+00	-1.537934e+00	-1.510748e+00
1123          	warmPlate	1.221056e+01	1.595075e+01	1.995779e+00
1123          	OVC	1.093565e+01	1.590584e+01	1.181466e+01
1123          	shield_slave	-3.264385e+00	-1.537934e+00	-1.510748e+00
1124          	warmPlate	1.221056e+01	1.595075e+01	1.995779e+00
1124          	OVC	1.093565e+01	1.590584e+01	1.181466e+01
1124          	shield_slave	-3.264385e+00	-1.537934e+00	-1.510748e+00
1125          	warmPlate	1.221056e+01	1.595075e+01	1.995779e+00
1125          	OVC	1.093565e+01	1.590584e+01	1.181466e+01
1125          	shield_slave	-3.264385e+00	-1.537934e+00	-1.510748e+00
1126          	warmPlate	1.221056e+01	1.595075e+01	1.995779e+00
1126          	OVC	1.093565e+01	1.590584e+01	1.181466e+01
1126          	shield_slave	-3.264385e+00	-1.537934e+00	-1.510748e+00
1127          	warmPlate	1.221056e+01	1.595075e+01	1.995779e+00
1127          	OVC	1.093565e+01	1.590584e+01	1.181466e+01
1127          	shield_slave	-3.264385e+00	-1.537934e+00	-1.510748e+00
1128          	warmPlate	1.221056e+01	1.595075e+01	1.995779e+00
1128          	OVC	1.093565e+01	1.590584e+01	1.181466e+01
1128          	shield_slave	-3.264385e+00	-1.537934e+00	-1.510748e+00
1129          	warmPlate	1.221056e+01	1.595075e+01	1.995779e+00
1129          	OVC	1.093565e+01	1.590584e+01	1.181466e+01
1129          	shield_slave	-3.264385e+00	-1.537934e+00	-1.510748e+00
1130          	warmPlate	1.221056e+01	1.595075e+01	1.995779e+00
1130          	OVC	1.093565e+01	1.590584e+01	1.181466e+01
1130          	shield_slave	-3.264385e+00	-1.537934e+00	-1.510748e+00
1131          	warmPlate	1.221056e+01	1.595075e+01	1.995779e+00
1131          	OVC	1.093565e+01	1.590584e+01	1.181466e+01
1131          	shield_slave	-3.264385e+00	-1.537934e+00	-1.510748e+00
1132          	warmPlate	1.221056e+01	1.595075e+01	1.995779e+00
1132          	OVC	1.093565e+01	1.590584e+01	1.181466e+01
1132          	shield_slave	-3.264385e+00	-1.537934e+00	-1.510748e+00
1133          	warmPlate	1.221056e+01	1.595075e+01	1.995779e+00
1133          	OVC	1.093565e+01	1.590584e+01	1.181466e+01
1133          	shield_slave	-3.264385e+00	-1.537934e+00	-1.510748e+00
1134          	warmPlate	1.221056e+01	1.595075e+01	1.995779e+00
1134          	OVC	1.093565e+01	1.590584e+01	1.181466e+01
1134          	shield_slave	-3.264385e+00	-1.537934e+00	-1.510748e+00
1135          	warmPlate	1.221056e+01	1.595075e+01	1.995779e+00
1135          	OVC	1.093565e+01	1.590584e+01	1.181466e+01
1135          	shield_slave	-3.264385e+00	-1.537934e+00	-1.510748e+00
1136          	warmPlate	1.221056e+01	1.595075e+01	1.995779e+00
1136          	OVC	1.093565e+01	1.590584e+01	1.181466e+01
1136          	shield_slave	-3.264385e+00	-1.537934e+00	-1.510748e+00
1137          	warmPlate	1.221056e+01	1.595075e+01	1.995779e+00
1137          	OVC	1.093565e+01	1.590584e+01	1.181466e+01
1137          	shield_slave	-3.264385e+00	-1.537934e+00	-1.510748e+00
1138          	warmPlate	1.221056e+01	1.595075e+01	1.995779e+00
1138          	OVC	1.093565e+01	1.590584e+01	1.181466e+01
1138          	shield_slave	-3.264385e+00	-1.537934e+00	-1.510748e+00
1139          	warmPlate	1.221056e+01	1.595075e+01	1.995779e+00
1139          	OVC	1.093565e+01	1.590584e+01	1.181466e+01
1139          	shield_slave	-3.264385e+00	-1.537934e+00	-1.510748e+00
1140          	warmPlate	1.221056e+01	1.595075e+01	1.995779e+00
1140          	OVC	1.093565e+01	1.590584e+01	1.181466e+01
1140          	shield_slave	-3.264385e+00	-1.537934e+00	-1.510748e+00
1141          	warmPlate	1.221056e+01	1.595075e+01	1.995779e+00
1141          	OVC	1.093565e+01	1.590584e+01	1.181466e+01
1141          	shield_slave	-3.264385e+00	-1.537934e+00	-1.510748e+00
1142          	warmPlate	1.221056e+01	1.595075e+01	1.995779e+00
1142          	OVC	1.093565e+01	1.590584e+01	1.181466e+01
1142          	shield_slave	-3.264385e+00	-1.537934e+00	-1.510748e+00
1143          	warmPlate	1.221056e+01	1.595075e+01	1.995779e+00
1143          	OVC	1.093565e+01	1.590584e+01	1.181466e+01
1143          	shield_slave	-3.264385e+00	-1.537934e+00	-1.510748e+00
1144          	warmPlate	1.221056e+01	1.595075e+01	1.995779e+00
1144          	OVC	1.093565e+01	1.590584e+01	1.181466e+01
1144          	shield_slave	-3.264385e+00	-1.537934e+00	-1.510748e+00
1145          	warmPlate	1.221056e+01	1.595075e+01	1.995779e+00
1145          	OVC	1.093565e+01	1.590584e+01	1.181466e+01
1145          	shield_slave	-3.264385e+00	-1.537934e+00	-1.510748e+00
1146          	warmPlate	1.221056e+01	1.595075e+01	1.995779e+00
1146          	OVC	1.093565e+01	1.590584e+01	1.181466e+01
1146          	shield_slave	-3.264385e+00	-1.537934e+00	-1.510748e+00
1147          	warmPlate	1.221056e+01	1.595075e+01	1.995779e+00
1147          	OVC	1.093565e+01	1.590584e+01	1.181466e+01
1147          	shield_slave	-3.264385e+00	-1.537934e+00	-1.510748e+00
1148          	warmPlate	1.221056e+01	1.595075e+01	1.995779e+00
1148          	OVC	1.093565e+01	1.590584e+01	1.181466e+01
1148          	shield_slave	-3.264385e+00	-1.537934e+00	-1.510748e+00
1149          	warmPlate	1.221056e+01	1.595075e+01	1.995779e+00
1149          	OVC	1.093565e+01	1.590584e+01	1.181466e+01
1149          	shield_slave	-3.264385e+00	-1.537934e+00	-1.510748e+00
1150          	warmPlate	1.221056e+01	1.595075e+01	1.995779e+00
1150          	OVC	1.093565e+01	1.590584e+01	1.181466e+01
1150          	shield_slave	-3.264385e+00	-1.537934e+00	-1.510748e+00
1151          	warmPlate	1.221056e+01	1.595075e+01	1.995779e+00
1151          	OVC	1.093565e+01	1.590584e+01	1.181466e+01
1151          	shield_slave	-3.264385e+00	-1.537934e+00	-1.510748e+00
1152          	warmPlate	1.221056e+01	1.595075e+01	1.995779e+00
1152          	OVC	1.093565e+01	1.590584e+01	1.181466e+01
1152          	shield_slave	-3.264385e+00	-1.537934e+00	-1.510748e+00
1153          	warmPlate	1.221056e+01	1.595075e+01	1.995779e+00
1153          	OVC	1.093565e+01	1.590584e+01	1.181466e+01
1153          	shield_slave	-3.264385e+00	-1.537934e+00	-1.510748e+00
1154          	warmPlate	1.221056e+01	1.595075e+01	1.995779e+00
1154          	OVC	1.093565e+01	1.590584e+01	1.181466e+01
1154          	shield_slave	-3.264385e+00	-1.537934e+00	-1.510748e+00
1155          	warmPlate	1.221056e+01	1.595075e+01	1.995779e+00
1155          	OVC	1.093565e+01	1.590584e+01	1.181466e+01
1155          	shield_slave	-3.264385e+00	-1.537934e+00	-1.510748e+00
1156          	warmPlate	1.221056e+01	1.595075e+01	1.995779e+00
1156          	OVC	1.093565e+01	1.590584e+01	1.181466e+01
1156          	shield_slave	-3.264385e+00	-1.537934e+00	-1.510748e+00
1157          	warmPlate	1.221056e+01	1.595075e+01	1.995779e+00
1157          	OVC	1.093565e+01	1.590584e+01	1.181466e+01
1157          	shield_slave	-3.264385e+00	-1.537934e+00	-1.510748e+00
1158          	warmPlate	1.221056e+01	1.595075e+01	1.995779e+00
1158          	OVC	1.093565e+01	1.590584e+01	1.181466e+01
1158          	shield_slave	-3.264385e+00	-1.537934e+00	-1.510748e+00
1159          	warmPlate	1.221056e+01	1.595075e+01	1.995779e+00
1159          	OVC	1.093565e+01	1.590584e+01	1.181466e+01
1159          	shield_slave	-3.264385e+00	-1.537934e+00	-1.510748e+00
1160          	warmPlate	1.221056e+01	1.595075e+01	1.995779e+00
1160          	OVC	1.093565e+01	1.590584e+01	1.181466e+01
1160          	shield_slave	-3.264385e+00	-1.537934e+00	-1.510748e+00
1161          	warmPlate	1.221056e+01	1.595075e+01	1.995779e+00
1161          	OVC	1.093565e+01	1.590584e+01	1.181466e+01
1161          	shield_slave	-3.264385e+00	-1.537934e+00	-1.510748e+00
1162          	warmPlate	1.221056e+01	1.595075e+01	1.995779e+00
1162          	OVC	1.093565e+01	1.590584e+01	1.181466e+01
1162          	shield_slave	-3.264385e+00	-1.537934e+00	-1.510748e+00
1163          	warmPlate	1.221056e+01	1.595075e+01	1.995779e+00
1163          	OVC	1.093565e+01	1.590584e+01	1.181466e+01
1163          	shield_slave	-3.264385e+00	-1.537934e+00	-1.510748e+00
1164          	warmPlate	1.221056e+01	1.595075e+01	1.995779e+00
1164          	OVC	1.093565e+01	1.590584e+01	1.181466e+01
1164          	shield_slave	-3.264385e+00	-1.537934e+00	-1.510748e+00
1165          	warmPlate	1.221056e+01	1.595075e+01	1.995779e+00
1165          	OVC	1.093565e+01	1.590584e+01	1.181466e+01
1165          	shield_slave	-3.264385e+00	-1.537934e+00	-1.510748e+00
1166          	warmPlate	1.221056e+01	1.595075e+01	1.995779e+00
1166          	OVC	1.093565e+01	1.590584e+01	1.181466e+01
1166          	shield_slave	-3.264385e+00	-1.537934e+00	-1.510748e+00
1167          	warmPlate	1.221056e+01	1.595075e+01	1.995779e+00
1167          	OVC	1.093565e+01	1.590584e+01	1.181466e+01
1167          	shield_slave	-3.264385e+00	-1.537934e+00	-1.510748e+00
1168          	warmPlate	1.221056e+01	1.595075e+01	1.995779e+00
1168          	OVC	1.093565e+01	1.590584e+01	1.181466e+01
1168          	shield_slave	-3.264385e+00	-1.537934e+00	-1.510748e+00
1169          	warmPlate	1.221056e+01	1.595075e+01	1.995779e+00
1169          	OVC	1.093565e+01	1.590584e+01	1.181466e+01
1169          	shield_slave	-3.264385e+00	-1.537934e+00	-1.510748e+00
1170          	warmPlate	1.221056e+01	1.595075e+01	1.995779e+00
1170          	OVC	1.093565e+01	1.590584e+01	1.181466e+01
1170          	shield_slave	-3.264385e+00	-1.537934e+00	-1.510748e+00
1171          	warmPlate	1.221056e+01	1.595075e+01	1.995779e+00
1171          	OVC	1.093565e+01	1.590584e+01	1.181466e+01
1171          	shield_slave	-3.264385e+00	-1.537934e+00	-1.510748e+00
1172          	warmPlate	1.221056e+01	1.595075e+01	1.995779e+00
1172          	OVC	1.093565e+01	1.590584e+01	1.181466e+01
1172          	shield_slave	-3.264385e+00	-1.537934e+00	-1.510748e+00
1173          	warmPlate	1.221056e+01	1.595075e+01	1.995779e+00
1173          	OVC	1.093565e+01	1.590584e+01	1.181466e+01
1173          	shield_slave	-3.264385e+00	-1.537934e+00	-1.510748e+00
1174          	warmPlate	1.221056e+01	1.595075e+01	1.995779e+00
1174          	OVC	1.093565e+01	1.590584e+01	1.181466e+01
1174          	shield_slave	-3.264385e+00	-1.537934e+00	-1.510748e+00
1175          	warmPlate	1.221056e+01	1.595075e+01	1.995779e+00
1175          	OVC	1.093565e+01	1.590584e+01	1.181466e+01
1175          	shield_slave	-3.264385e+00	-1.537934e+00	-1.510748e+00
1176          	warmPlate	1.221056e+01	1.595075e+01	1.995779e+00
1176          	OVC	1.093565e+01	1.590584e+01	1.181466e+01
1176          	shield_slave	-3.264385e+00	-1.537934e+00	-1.510748e+00
1177          	warmPlate	1.221056e+01	1.595075e+01	1.995779e+00
1177          	OVC	1.093565e+01	1.590584e+01	1.181466e+01
1177          	shield_slave	-3.264385e+00	-1.537934e+00	-1.510748e+00
1178          	warmPlate	1.221056e+01	1.595075e+01	1.995779e+00
1178          	OVC	1.093565e+01	1.590584e+01	1.181466e+01
1178          	shield_slave	-3.264385e+00	-1.537934e+00	-1.510748e+00
1179          	warmPlate	1.221056e+01	1.595075e+01	1.995779e+00
1179          	OVC	1.093565e+01	1.590584e+01	1.181466e+01
1179          	shield_slave	-3.264385e+00	-1.537934e+00	-1.510748e+00
1180          	warmPlate	1.221056e+01	1.595075e+01	1.995779e+00
1180          	OVC	1.093565e+01	1.590584e+01	1.181466e+01
1180          	shield_slave	-3.264385e+00	-1.537934e+00	-1.510748e+00
1181          	warmPlate	1.221056e+01	1.595075e+01	1.995779e+00
1181          	OVC	1.093565e+01	1.590584e+01	1.181466e+01
1181          	shield_slave	-3.264385e+00	-1.537934e+00	-1.510748e+00
1182          	warmPlate	1.221056e+01	1.595075e+01	1.995779e+00
1182          	OVC	1.093565e+01	1.590584e+01	1.181466e+01
1182          	shield_slave	-3.264385e+00	-1.537934e+00	-1.510748e+00
1183          	warmPlate	1.221056e+01	1.595075e+01	1.995779e+00
1183          	OVC	1.093565e+01	1.590584e+01	1.181466e+01
1183          	shield_slave	-3.264385e+00	-1.537934e+00	-1.510748e+00
1184          	warmPlate	1.221056e+01	1.595075e+01	1.995779e+00
1184          	OVC	1.093565e+01	1.590584e+01	1.181466e+01
1184          	shield_slave	-3.264385e+00	-1.537934e+00	-1.510748e+00
1185          	warmPlate	1.221056e+01	1.595075e+01	1.995779e+00
1185          	OVC	1.093565e+01	1.590584e+01	1.181466e+01
1185          	shield_slave	-3.264385e+00	-1.537934e+00	-1.510748e+00
1186          	warmPlate	1.221056e+01	1.595075e+01	1.995779e+00
1186          	OVC	1.093565e+01	1.590584e+01	1.181466e+01
1186          	shield_slave	-3.264385e+00	-1.537934e+00	-1.510748e+00
1187          	warmPlate	1.221056e+01	1.595075e+01	1.995779e+00
1187          	OVC	1.093565e+01	1.590584e+01	1.181466e+01
1187          	shield_slave	-3.264385e+00	-1.537934e+00	-1.510748e+00
1188          	warmPlate	1.221056e+01	1.595075e+01	1.995779e+00
1188          	OVC	1.093565e+01	1.590584e+01	1.181466e+01
1188          	shield_slave	-3.264385e+00	-1.537934e+00	-1.510748e+00
1189          	warmPlate	1.221056e+01	1.595075e+01	1.995779e+00
1189          	OVC	1.093565e+01	1.590584e+01	1.181466e+01
1189          	shield_slave	-3.264385e+00	-1.537934e+00	-1.510748e+00
1190          	warmPlate	1.221056e+01	1.595075e+01	1.995779e+00
1190          	OVC	1.093565e+01	1.590584e+01	1.181466e+01
1190          	shield_slave	-3.264385e+00	-1.537934e+00	-1.510748e+00
1191          	warmPlate	1.221056e+01	1.595075e+01	1.995779e+00
1191          	OVC	1.093565e+01	1.590584e+01	1.181466e+01
1191          	shield_slave	-3.264385e+00	-1.537934e+00	-1.510748e+00
1192          	warmPlate	1.221056e+01	1.595075e+01	1.995779e+00
1192          	OVC	1.093565e+01	1.590584e+01	1.181466e+01
1192          	shield_slave	-3.264385e+00	-1.537934e+00	-1.510748e+00
1193          	warmPlate	1.221056e+01	1.595075e+01	1.995779e+00
1193          	OVC	1.093565e+01	1.590584e+01	1.181466e+01
1193          	shield_slave	-3.264385e+00	-1.537934e+00	-1.510748e+00
1194          	warmPlate	1.221056e+01	1.595075e+01	1.995779e+00
1194          	OVC	1.093565e+01	1.590584e+01	1.181466e+01
1194          	shield_slave	-3.264385e+00	-1.537934e+00	-1.510748e+00
1195          	warmPlate	1.221056e+01	1.595075e+01	1.995779e+00
1195          	OVC	1.093565e+01	1.590584e+01	1.181466e+01
1195          	shield_slave	-3.264385e+00	-1.537934e+00	-1.510748e+00
1196          	warmPlate	1.221056e+01	1.595075e+01	1.995779e+00
1196          	OVC	1.093565e+01	1.590584e+01	1.181466e+01
1196          	shield_slave	-3.264385e+00	-1.537934e+00	-1.510748e+00
1197          	warmPlate	1.221056e+01	1.595075e+01	1.995779e+00
1197          	OVC	1.093565e+01	1.590584e+01	1.181466e+01
1197          	shield_slave	-3.264385e+00	-1.537934e+00	-1.510748e+00
1198          	warmPlate	1.221056e+01	1.595075e+01	1.995779e+00
1198          	OVC	1.093565e+01	1.590584e+01	1.181466e+01
1198          	shield_slave	-3.264385e+00	-1.537934e+00	-1.510748e+00
1199          	warmPlate	1.221056e+01	1.595075e+01	1.995779e+00
1199          	OVC	1.093565e+01	1.590584e+01	1.181466e+01
1199          	shield_slave	-3.264385e+00	-1.537934e+00	-1.510748e+00
1200          	warmPlate	1.221056e+01	1.595075e+01	1.995779e+00
1200          	OVC	1.093565e+01	1.590584e+01	1.181466e+01
1200          	shield_slave	-3.264385e+00	-1.537934e+00	-1.510748e+00
1201          	warmPlate	1.221056e+01	1.595075e+01	1.995779e+00
1201          	OVC	1.093565e+01	1.590584e+01	1.181466e+01
1201          	shield_slave	-3.264385e+00	-1.537934e+00	-1.510748e+00
1202          	warmPlate	1.221056e+01	1.595075e+01	1.995779e+00
1202          	OVC	1.093565e+01	1.590584e+01	1.181466e+01
1202          	shield_slave	-3.264385e+00	-1.537934e+00	-1.510748e+00
1203          	warmPlate	1.221056e+01	1.595075e+01	1.995779e+00
1203          	OVC	1.093565e+01	1.590584e+01	1.181466e+01
1203          	shield_slave	-3.264385e+00	-1.537934e+00	-1.510748e+00
1204          	warmPlate	1.221056e+01	1.595075e+01	1.995779e+00
1204          	OVC	1.093565e+01	1.590584e+01	1.181466e+01
1204          	shield_slave	-3.264385e+00	-1.537934e+00	-1.510748e+00
1205          	warmPlate	1.221056e+01	1.595075e+01	1.995779e+00
1205          	OVC	1.093565e+01	1.590584e+01	1.181466e+01
1205          	shield_slave	-3.264385e+00	-1.537934e+00	-1.510748e+00
1206          	warmPlate	1.221056e+01	1.595075e+01	1.995779e+00
1206          	OVC	1.093565e+01	1.590584e+01	1.181466e+01
1206          	shield_slave	-3.264385e+00	-1.537934e+00	-1.510748e+00
1207          	warmPlate	1.221056e+01	1.595075e+01	1.995779e+00
1207          	OVC	1.093565e+01	1.590584e+01	1.181466e+01
1207          	shield_slave	-3.264385e+00	-1.537934e+00	-1.510748e+00
1208          	warmPlate	1.221056e+01	1.595075e+01	1.995779e+00
1208          	OVC	1.093565e+01	1.590584e+01	1.181466e+01
1208          	shield_slave	-3.264385e+00	-1.537934e+00	-1.510748e+00
1209          	warmPlate	1.221056e+01	1.595075e+01	1.995779e+00
1209          	OVC	1.093565e+01	1.590584e+01	1.181466e+01
1209          	shield_slave	-3.264385e+00	-1.537934e+00	-1.510748e+00
1210          	warmPlate	1.221056e+01	1.595075e+01	1.995779e+00
1210          	OVC	1.093565e+01	1.590584e+01	1.181466e+01
1210          	shield_slave	-3.264385e+00	-1.537934e+00	-1.510748e+00
1211          	warmPlate	1.221056e+01	1.595075e+01	1.995779e+00
1211          	OVC	1.093565e+01	1.590584e+01	1.181466e+01
1211          	shield_slave	-3.264385e+00	-1.537934e+00	-1.510748e+00
1212          	warmPlate	1.221056e+01	1.595075e+01	1.995779e+00
1212          	OVC	1.093565e+01	1.590584e+01	1.181466e+01
1212          	shield_slave	-3.264385e+00	-1.537934e+00	-1.510748e+00
1213          	warmPlate	1.221056e+01	1.595075e+01	1.995779e+00
1213          	OVC	1.093565e+01	1.590584e+01	1.181466e+01
1213          	shield_slave	-3.264385e+00	-1.537934e+00	-1.510748e+00
1214          	warmPlate	1.221056e+01	1.595075e+01	1.995779e+00
1214          	OVC	1.093565e+01	1.590584e+01	1.181466e+01
1214          	shield_slave	-3.264385e+00	-1.537934e+00	-1.510748e+00
1215          	warmPlate	1.221056e+01	1.595075e+01	1.995779e+00
1215          	OVC	1.093565e+01	1.590584e+01	1.181466e+01
1215          	shield_slave	-3.264385e+00	-1.537934e+00	-1.510748e+00
1216          	warmPlate	1.221056e+01	1.595075e+01	1.995779e+00
1216          	OVC	1.093565e+01	1.590584e+01	1.181466e+01
1216          	shield_slave	-3.264385e+00	-1.537934e+00	-1.510748e+00
1217          	warmPlate	1.221056e+01	1.595075e+01	1.995779e+00
1217          	OVC	1.093565e+01	1.590584e+01	1.181466e+01
1217          	shield_slave	-3.264385e+00	-1.537934e+00	-1.510748e+00
1218          	warmPlate	1.221056e+01	1.595075e+01	1.995779e+00
1218          	OVC	1.093565e+01	1.590584e+01	1.181466e+01
1218          	shield_slave	-3.264385e+00	-1.537934e+00	-1.510748e+00
1219          	warmPlate	1.221056e+01	1.595075e+01	1.995779e+00
1219          	OVC	1.093565e+01	1.590584e+01	1.181466e+01
1219          	shield_slave	-3.264385e+00	-1.537934e+00	-1.510748e+00
1220          	warmPlate	1.221056e+01	1.595075e+01	1.995779e+00
1220          	OVC	1.093565e+01	1.590584e+01	1.181466e+01
1220          	shield_slave	-3.264385e+00	-1.537934e+00	-1.510748e+00
1221          	warmPlate	1.221056e+01	1.595075e+01	1.995779e+00
1221          	OVC	1.093565e+01	1.590584e+01	1.181466e+01
1221          	shield_slave	-3.264385e+00	-1.537934e+00	-1.510748e+00
1222          	warmPlate	1.221056e+01	1.595075e+01	1.995779e+00
1222          	OVC	1.093565e+01	1.590584e+01	1.181466e+01
1222          	shield_slave	-3.264385e+00	-1.537934e+00	-1.510748e+00
1223          	warmPlate	1.221056e+01	1.595075e+01	1.995779e+00
1223          	OVC	1.093565e+01	1.590584e+01	1.181466e+01
1223          	shield_slave	-3.264385e+00	-1.537934e+00	-1.510748e+00
1224          	warmPlate	1.221056e+01	1.595075e+01	1.995779e+00
1224          	OVC	1.093565e+01	1.590584e+01	1.181466e+01
1224          	shield_slave	-3.264385e+00	-1.537934e+00	-1.510748e+00
1225          	warmPlate	1.221056e+01	1.595075e+01	1.995779e+00
1225          	OVC	1.093565e+01	1.590584e+01	1.181466e+01
1225          	shield_slave	-3.264385e+00	-1.537934e+00	-1.510748e+00
1226          	warmPlate	1.221056e+01	1.595075e+01	1.995779e+00
1226          	OVC	1.093565e+01	1.590584e+01	1.181466e+01
1226          	shield_slave	-3.264385e+00	-1.537934e+00	-1.510748e+00
1227          	warmPlate	1.221056e+01	1.595075e+01	1.995779e+00
1227          	OVC	1.093565e+01	1.590584e+01	1.181466e+01
1227          	shield_slave	-3.264385e+00	-1.537934e+00	-1.510748e+00
1228          	warmPlate	1.221056e+01	1.595075e+01	1.995779e+00
1228          	OVC	1.093565e+01	1.590584e+01	1.181466e+01
1228          	shield_slave	-3.264385e+00	-1.537934e+00	-1.510748e+00
1229          	warmPlate	1.221056e+01	1.595075e+01	1.995779e+00
1229          	OVC	1.093565e+01	1.590584e+01	1.181466e+01
1229          	shield_slave	-3.264385e+00	-1.537934e+00	-1.510748e+00
1230          	warmPlate	1.221056e+01	1.595075e+01	1.995779e+00
1230          	OVC	1.093565e+01	1.590584e+01	1.181466e+01
1230          	shield_slave	-3.264385e+00	-1.537934e+00	-1.510748e+00
1231          	warmPlate	1.221056e+01	1.595075e+01	1.995779e+00
1231          	OVC	1.093565e+01	1.590584e+01	1.181466e+01
1231          	shield_slave	-3.264385e+00	-1.537934e+00	-1.510748e+00
1232          	warmPlate	1.221056e+01	1.595075e+01	1.995779e+00
1232          	OVC	1.093565e+01	1.590584e+01	1.181466e+01
1232          	shield_slave	-3.264385e+00	-1.537934e+00	-1.510748e+00
1233          	warmPlate	1.221056e+01	1.595075e+01	1.995779e+00
1233          	OVC	1.093565e+01	1.590584e+01	1.181466e+01
1233          	shield_slave	-3.264385e+00	-1.537934e+00	-1.510748e+00
1234          	warmPlate	1.221056e+01	1.595075e+01	1.995779e+00
1234          	OVC	1.093565e+01	1.590584e+01	1.181466e+01
1234          	shield_slave	-3.264385e+00	-1.537934e+00	-1.510748e+00
1235          	warmPlate	1.221056e+01	1.595075e+01	1.995779e+00
1235          	OVC	1.093565e+01	1.590584e+01	1.181466e+01
1235          	shield_slave	-3.264385e+00	-1.537934e+00	-1.510748e+00
1236          	warmPlate	1.221056e+01	1.595075e+01	1.995779e+00
1236          	OVC	1.093565e+01	1.590584e+01	1.181466e+01
1236          	shield_slave	-3.264385e+00	-1.537934e+00	-1.510748e+00
1237          	warmPlate	1.221056e+01	1.595075e+01	1.995779e+00
1237          	OVC	1.093565e+01	1.590584e+01	1.181466e+01
1237          	shield_slave	-3.264385e+00	-1.537934e+00	-1.510748e+00
1238          	warmPlate	1.221056e+01	1.595075e+01	1.995779e+00
1238          	OVC	1.093565e+01	1.590584e+01	1.181466e+01
1238          	shield_slave	-3.264385e+00	-1.537934e+00	-1.510748e+00
1239          	warmPlate	1.221056e+01	1.595075e+01	1.995779e+00
1239          	OVC	1.093565e+01	1.590584e+01	1.181466e+01
1239          	shield_slave	-3.264385e+00	-1.537934e+00	-1.510748e+00
1240          	warmPlate	1.221056e+01	1.595075e+01	1.995779e+00
1240          	OVC	1.093565e+01	1.590584e+01	1.181466e+01
1240          	shield_slave	-3.264385e+00	-1.537934e+00	-1.510748e+00
1241          	warmPlate	1.221056e+01	1.595075e+01	1.995779e+00
1241          	OVC	1.093565e+01	1.590584e+01	1.181466e+01
1241          	shield_slave	-3.264385e+00	-1.537934e+00	-1.510748e+00
1242          	warmPlate	1.221056e+01	1.595075e+01	1.995779e+00
1242          	OVC	1.093565e+01	1.590584e+01	1.181466e+01
1242          	shield_slave	-3.264385e+00	-1.537934e+00	-1.510748e+00
1243          	warmPlate	1.221056e+01	1.595075e+01	1.995779e+00
1243          	OVC	1.093565e+01	1.590584e+01	1.181466e+01
1243          	shield_slave	-3.264385e+00	-1.537934e+00	-1.510748e+00
1244          	warmPlate	1.221056e+01	1.595075e+01	1.995779e+00
1244          	OVC	1.093565e+01	1.590584e+01	1.181466e+01
1244          	shield_slave	-3.264385e+00	-1.537934e+00	-1.510748e+00
1245          	warmPlate	1.221056e+01	1.595075e+01	1.995779e+00
1245          	OVC	1.093565e+01	1.590584e+01	1.181466e+01
1245          	shield_slave	-3.264385e+00	-1.537934e+00	-1.510748e+00
1246          	warmPlate	1.221056e+01	1.595075e+01	1.995779e+00
1246          	OVC	1.093565e+01	1.590584e+01	1.181466e+01
1246          	shield_slave	-3.264385e+00	-1.537934e+00	-1.510748e+00
1247          	warmPlate	1.221056e+01	1.595075e+01	1.995779e+00
1247          	OVC	1.093565e+01	1.590584e+01	1.181466e+01
1247          	shield_slave	-3.264385e+00	-1.537934e+00	-1.510748e+00
1248          	warmPlate	1.221056e+01	1.595075e+01	1.995779e+00
1248          	OVC	1.093565e+01	1.590584e+01	1.181466e+01
1248          	shield_slave	-3.264385e+00	-1.537934e+00	-1.510748e+00
1249          	warmPlate	1.221056e+01	1.595075e+01	1.995779e+00
1249          	OVC	1.093565e+01	1.590584e+01	1.181466e+01
1249          	shield_slave	-3.264385e+00	-1.537934e+00	-1.510748e+00
1250          	warmPlate	1.221056e+01	1.595075e+01	1.995779e+00
1250          	OVC	1.093565e+01	1.590584e+01	1.181466e+01
1250          	shield_slave	-3.264385e+00	-1.537934e+00	-1.510748e+00
1251          	warmPlate	1.221056e+01	1.595075e+01	1.995779e+00
1251          	OVC	1.093565e+01	1.590584e+01	1.181466e+01
1251          	shield_slave	-3.264385e+00	-1.537934e+00	-1.510748e+00
1252          	warmPlate	1.221056e+01	1.595075e+01	1.995779e+00
1252          	OVC	1.093565e+01	1.590584e+01	1.181466e+01
1252          	shield_slave	-3.264385e+00	-1.537934e+00	-1.510748e+00
1253          	warmPlate	1.221056e+01	1.595075e+01	1.995779e+00
1253          	OVC	1.093565e+01	1.590584e+01	1.181466e+01
1253          	shield_slave	-3.264385e+00	-1.537934e+00	-1.510748e+00
1254          	warmPlate	1.221056e+01	1.595075e+01	1.995779e+00
1254          	OVC	1.093565e+01	1.590584e+01	1.181466e+01
1254          	shield_slave	-3.264385e+00	-1.537934e+00	-1.510748e+00
1255          	warmPlate	1.221056e+01	1.595075e+01	1.995779e+00
1255          	OVC	1.093565e+01	1.590584e+01	1.181466e+01
1255          	shield_slave	-3.264385e+00	-1.537934e+00	-1.510748e+00
1256          	warmPlate	1.221056e+01	1.595075e+01	1.995779e+00
1256          	OVC	1.093565e+01	1.590584e+01	1.181466e+01
1256          	shield_slave	-3.264385e+00	-1.537934e+00	-1.510748e+00
1257          	warmPlate	1.221056e+01	1.595075e+01	1.995779e+00
1257          	OVC	1.093565e+01	1.590584e+01	1.181466e+01
1257          	shield_slave	-3.264385e+00	-1.537934e+00	-1.510748e+00
1258          	warmPlate	1.221056e+01	1.595075e+01	1.995779e+00
1258          	OVC	1.093565e+01	1.590584e+01	1.181466e+01
1258          	shield_slave	-3.264385e+00	-1.537934e+00	-1.510748e+00
1259          	warmPlate	1.221056e+01	1.595075e+01	1.995779e+00
1259          	OVC	1.093565e+01	1.590584e+01	1.181466e+01
1259          	shield_slave	-3.264385e+00	-1.537934e+00	-1.510748e+00
1260          	warmPlate	1.221056e+01	1.595075e+01	1.995779e+00
1260          	OVC	1.093565e+01	1.590584e+01	1.181466e+01
1260          	shield_slave	-3.264385e+00	-1.537934e+00	-1.510748e+00
1261          	warmPlate	1.221056e+01	1.595075e+01	1.995779e+00
1261          	OVC	1.093565e+01	1.590584e+01	1.181466e+01
1261          	shield_slave	-3.264385e+00	-1.537934e+00	-1.510748e+00
1262          	warmPlate	1.221056e+01	1.595075e+01	1.995779e+00
1262          	OVC	1.093565e+01	1.590584e+01	1.181466e+01
1262          	shield_slave	-3.264385e+00	-1.537934e+00	-1.510748e+00
1263          	warmPlate	1.221056e+01	1.595075e+01	1.995779e+00
1263          	OVC	1.093565e+01	1.590584e+01	1.181466e+01
1263          	shield_slave	-3.264385e+00	-1.537934e+00	-1.510748e+00
1264          	warmPlate	1.221056e+01	1.595075e+01	1.995779e+00
1264          	OVC	1.093565e+01	1.590584e+01	1.181466e+01
1264          	shield_slave	-3.264385e+00	-1.537934e+00	-1.510748e+00
1265          	warmPlate	1.221056e+01	1.595075e+01	1.995779e+00
1265          	OVC	1.093565e+01	1.590584e+01	1.181466e+01
1265          	shield_slave	-3.264385e+00	-1.537934e+00	-1.510748e+00
1266          	warmPlate	1.221056e+01	1.595075e+01	1.995779e+00
1266          	OVC	1.093565e+01	1.590584e+01	1.181466e+01
1266          	shield_slave	-3.264385e+00	-1.537934e+00	-1.510748e+00
1267          	warmPlate	1.221056e+01	1.595075e+01	1.995779e+00
1267          	OVC	1.093565e+01	1.590584e+01	1.181466e+01
1267          	shield_slave	-3.264385e+00	-1.537934e+00	-1.510748e+00
1268          	warmPlate	1.221056e+01	1.595075e+01	1.995779e+00
1268          	OVC	1.093565e+01	1.590584e+01	1.181466e+01
1268          	shield_slave	-3.264385e+00	-1.537934e+00	-1.510748e+00
1269          	warmPlate	1.221056e+01	1.595075e+01	1.995779e+00
1269          	OVC	1.093565e+01	1.590584e+01	1.181466e+01
1269          	shield_slave	-3.264385e+00	-1.537934e+00	-1.510748e+00
1270          	warmPlate	1.221056e+01	1.595075e+01	1.995779e+00
1270          	OVC	1.093565e+01	1.590584e+01	1.181466e+01
1270          	shield_slave	-3.264385e+00	-1.537934e+00	-1.510748e+00
1271          	warmPlate	1.221056e+01	1.595075e+01	1.995779e+00
1271          	OVC	1.093565e+01	1.590584e+01	1.181466e+01
1271          	shield_slave	-3.264385e+00	-1.537934e+00	-1.510748e+00
1272          	warmPlate	1.221056e+01	1.595075e+01	1.995779e+00
1272          	OVC	1.093565e+01	1.590584e+01	1.181466e+01
1272          	shield_slave	-3.264385e+00	-1.537934e+00	-1.510748e+00
1273          	warmPlate	1.221056e+01	1.595075e+01	1.995779e+00
1273          	OVC	1.093565e+01	1.590584e+01	1.181466e+01
1273          	shield_slave	-3.264385e+00	-1.537934e+00	-1.510748e+00
1274          	warmPlate	1.221056e+01	1.595075e+01	1.995779e+00
1274          	OVC	1.093565e+01	1.590584e+01	1.181466e+01
1274          	shield_slave	-3.264385e+00	-1.537934e+00	-1.510748e+00
1275          	warmPlate	1.221056e+01	1.595075e+01	1.995779e+00
1275          	OVC	1.093565e+01	1.590584e+01	1.181466e+01
1275          	shield_slave	-3.264385e+00	-1.537934e+00	-1.510748e+00
1276          	warmPlate	1.221056e+01	1.595075e+01	1.995779e+00
1276          	OVC	1.093565e+01	1.590584e+01	1.181466e+01
1276          	shield_slave	-3.264385e+00	-1.537934e+00	-1.510748e+00
1277          	warmPlate	1.221056e+01	1.595075e+01	1.995779e+00
1277          	OVC	1.093565e+01	1.590584e+01	1.181466e+01
1277          	shield_slave	-3.264385e+00	-1.537934e+00	-1.510748e+00
1278          	warmPlate	1.221056e+01	1.595075e+01	1.995779e+00
1278          	OVC	1.093565e+01	1.590584e+01	1.181466e+01
1278          	shield_slave	-3.264385e+00	-1.537934e+00	-1.510748e+00
1279          	warmPlate	1.221056e+01	1.595075e+01	1.995779e+00
1279          	OVC	1.093565e+01	1.590584e+01	1.181466e+01
1279          	shield_slave	-3.264385e+00	-1.537934e+00	-1.510748e+00
1280          	warmPlate	1.221056e+01	1.595075e+01	1.995779e+00
1280          	OVC	1.093565e+01	1.590584e+01	1.181466e+01
1280          	shield_slave	-3.264385e+00	-1.537934e+00	-1.510748e+00
1281          	warmPlate	1.221056e+01	1.595075e+01	1.995779e+00
1281          	OVC	1.093565e+01	1.590584e+01	1.181466e+01
1281          	shield_slave	-3.264385e+00	-1.537934e+00	-1.510748e+00
1282          	warmPlate	1.221056e+01	1.595075e+01	1.995779e+00
1282          	OVC	1.093565e+01	1.590584e+01	1.181466e+01
1282          	shield_slave	-3.264385e+00	-1.537934e+00	-1.510748e+00
1283          	warmPlate	1.221056e+01	1.595075e+01	1.995779e+00
1283          	OVC	1.093565e+01	1.590584e+01	1.181466e+01
1283          	shield_slave	-3.264385e+00	-1.537934e+00	-1.510748e+00
1284          	warmPlate	1.221056e+01	1.595075e+01	1.995779e+00
1284          	OVC	1.093565e+01	1.590584e+01	1.181466e+01
1284          	shield_slave	-3.264385e+00	-1.537934e+00	-1.510748e+00
1285          	warmPlate	1.221056e+01	1.595075e+01	1.995779e+00
1285          	OVC	1.093565e+01	1.590584e+01	1.181466e+01
1285          	shield_slave	-3.264385e+00	-1.537934e+00	-1.510748e+00
1286          	warmPlate	1.221056e+01	1.595075e+01	1.995779e+00
1286          	OVC	1.093565e+01	1.590584e+01	1.181466e+01
1286          	shield_slave	-3.264385e+00	-1.537934e+00	-1.510748e+00
1287          	warmPlate	1.221056e+01	1.595075e+01	1.995779e+00
1287          	OVC	1.093565e+01	1.590584e+01	1.181466e+01
1287          	shield_slave	-3.264385e+00	-1.537934e+00	-1.510748e+00
1288          	warmPlate	1.221056e+01	1.595075e+01	1.995779e+00
1288          	OVC	1.093565e+01	1.590584e+01	1.181466e+01
1288          	shield_slave	-3.264385e+00	-1.537934e+00	-1.510748e+00
1289          	warmPlate	1.221056e+01	1.595075e+01	1.995779e+00
1289          	OVC	1.093565e+01	1.590584e+01	1.181466e+01
1289          	shield_slave	-3.264385e+00	-1.537934e+00	-1.510748e+00
1290          	warmPlate	1.221056e+01	1.595075e+01	1.995779e+00
1290          	OVC	1.093565e+01	1.590584e+01	1.181466e+01
1290          	shield_slave	-3.264385e+00	-1.537934e+00	-1.510748e+00
1291          	warmPlate	1.221056e+01	1.595075e+01	1.995779e+00
1291          	OVC	1.093565e+01	1.590584e+01	1.181466e+01
1291          	shield_slave	-3.264385e+00	-1.537934e+00	-1.510748e+00
1292          	warmPlate	1.221056e+01	1.595075e+01	1.995779e+00
1292          	OVC	1.093565e+01	1.590584e+01	1.181466e+01
1292          	shield_slave	-3.264385e+00	-1.537934e+00	-1.510748e+00
1293          	warmPlate	1.221056e+01	1.595075e+01	1.995779e+00
1293          	OVC	1.093565e+01	1.590584e+01	1.181466e+01
1293          	shield_slave	-3.264385e+00	-1.537934e+00	-1.510748e+00
1294          	warmPlate	1.221056e+01	1.595075e+01	1.995779e+00
1294          	OVC	1.093565e+01	1.590584e+01	1.181466e+01
1294          	shield_slave	-3.264385e+00	-1.537934e+00	-1.510748e+00
1295          	warmPlate	1.221056e+01	1.595075e+01	1.995779e+00
1295          	OVC	1.093565e+01	1.590584e+01	1.181466e+01
1295          	shield_slave	-3.264385e+00	-1.537934e+00	-1.510748e+00
1296          	warmPlate	1.221056e+01	1.595075e+01	1.995779e+00
1296          	OVC	1.093565e+01	1.590584e+01	1.181466e+01
1296          	shield_slave	-3.264385e+00	-1.537934e+00	-1.510748e+00
1297          	warmPlate	1.221056e+01	1.595075e+01	1.995779e+00
1297          	OVC	1.093565e+01	1.590584e+01	1.181466e+01
1297          	shield_slave	-3.264385e+00	-1.537934e+00	-1.510748e+00
1298          	warmPlate	1.221056e+01	1.595075e+01	1.995779e+00
1298          	OVC	1.093565e+01	1.590584e+01	1.181466e+01
1298          	shield_slave	-3.264385e+00	-1.537934e+00	-1.510748e+00
1299          	warmPlate	1.221056e+01	1.595075e+01	1.995779e+00
1299          	OVC	1.093565e+01	1.590584e+01	1.181466e+01
1299          	shield_slave	-3.264385e+00	-1.537934e+00	-1.510748e+00
1300          	warmPlate	1.221056e+01	1.595075e+01	1.995779e+00
1300          	OVC	1.093565e+01	1.590584e+01	1.181466e+01
1300          	shield_slave	-3.264385e+00	-1.537934e+00	-1.510748e+00
1301          	warmPlate	1.221056e+01	1.595075e+01	1.995779e+00
1301          	OVC	1.093565e+01	1.590584e+01	1.181466e+01
1301          	shield_slave	-3.264385e+00	-1.537934e+00	-1.510748e+00
1302          	warmPlate	1.221056e+01	1.595075e+01	1.995779e+00
1302          	OVC	1.093565e+01	1.590584e+01	1.181466e+01
1302          	shield_slave	-3.264385e+00	-1.537934e+00	-1.510748e+00
1303          	warmPlate	1.221056e+01	1.595075e+01	1.995779e+00
1303          	OVC	1.093565e+01	1.590584e+01	1.181466e+01
1303          	shield_slave	-3.264385e+00	-1.537934e+00	-1.510748e+00
1304          	warmPlate	1.221056e+01	1.595075e+01	1.995779e+00
1304          	OVC	1.093565e+01	1.590584e+01	1.181466e+01
1304          	shield_slave	-3.264385e+00	-1.537934e+00	-1.510748e+00
1305          	warmPlate	1.221056e+01	1.595075e+01	1.995779e+00
1305          	OVC	1.093565e+01	1.590584e+01	1.181466e+01
1305          	shield_slave	-3.264385e+00	-1.537934e+00	-1.510748e+00
1306          	warmPlate	1.221056e+01	1.595075e+01	1.995779e+00
1306          	OVC	1.093565e+01	1.590584e+01	1.181466e+01
1306          	shield_slave	-3.264385e+00	-1.537934e+00	-1.510748e+00
1307          	warmPlate	1.221056e+01	1.595075e+01	1.995779e+00
1307          	OVC	1.093565e+01	1.590584e+01	1.181466e+01
1307          	shield_slave	-3.264385e+00	-1.537934e+00	-1.510748e+00
1308          	warmPlate	1.221056e+01	1.595075e+01	1.995779e+00
1308          	OVC	1.093565e+01	1.590584e+01	1.181466e+01
1308          	shield_slave	-3.264385e+00	-1.537934e+00	-1.510748e+00
1309          	warmPlate	1.221056e+01	1.595075e+01	1.995779e+00
1309          	OVC	1.093565e+01	1.590584e+01	1.181466e+01
1309          	shield_slave	-3.264385e+00	-1.537934e+00	-1.510748e+00
1310          	warmPlate	1.221056e+01	1.595075e+01	1.995779e+00
1310          	OVC	1.093565e+01	1.590584e+01	1.181466e+01
1310          	shield_slave	-3.264385e+00	-1.537934e+00	-1.510748e+00
1311          	warmPlate	1.221056e+01	1.595075e+01	1.995779e+00
1311          	OVC	1.093565e+01	1.590584e+01	1.181466e+01
1311          	shield_slave	-3.264385e+00	-1.537934e+00	-1.510748e+00
1312          	warmPlate	1.221056e+01	1.595075e+01	1.995779e+00
1312          	OVC	1.093565e+01	1.590584e+01	1.181466e+01
1312          	shield_slave	-3.264385e+00	-1.537934e+00	-1.510748e+00
1313          	warmPlate	1.221056e+01	1.595075e+01	1.995779e+00
1313          	OVC	1.093565e+01	1.590584e+01	1.181466e+01
1313          	shield_slave	-3.264385e+00	-1.537934e+00	-1.510748e+00
1314          	warmPlate	1.221056e+01	1.595075e+01	1.995779e+00
1314          	OVC	1.093565e+01	1.590584e+01	1.181466e+01
1314          	shield_slave	-3.264385e+00	-1.537934e+00	-1.510748e+00
1315          	warmPlate	1.221056e+01	1.595075e+01	1.995779e+00
1315          	OVC	1.093565e+01	1.590584e+01	1.181466e+01
1315          	shield_slave	-3.264385e+00	-1.537934e+00	-1.510748e+00
1316          	warmPlate	1.221056e+01	1.595075e+01	1.995779e+00
1316          	OVC	1.093565e+01	1.590584e+01	1.181466e+01
1316          	shield_slave	-3.264385e+00	-1.537934e+00	-1.510748e+00
1317          	warmPlate	1.221056e+01	1.595075e+01	1.995779e+00
1317          	OVC	1.093565e+01	1.590584e+01	1.181466e+01
1317          	shield_slave	-3.264385e+00	-1.537934e+00	-1.510748e+00
1318          	warmPlate	1.221056e+01	1.595075e+01	1.995779e+00
1318          	OVC	1.093565e+01	1.590584e+01	1.181466e+01
1318          	shield_slave	-3.264385e+00	-1.537934e+00	-1.510748e+00
1319          	warmPlate	1.221056e+01	1.595075e+01	1.995779e+00
1319          	OVC	1.093565e+01	1.590584e+01	1.181466e+01
1319          	shield_slave	-3.264385e+00	-1.537934e+00	-1.510748e+00
1320          	warmPlate	1.221056e+01	1.595075e+01	1.995779e+00
1320          	OVC	1.093565e+01	1.590584e+01	1.181466e+01
1320          	shield_slave	-3.264385e+00	-1.537934e+00	-1.510748e+00
1321          	warmPlate	1.221056e+01	1.595075e+01	1.995779e+00
1321          	OVC	1.093565e+01	1.590584e+01	1.181466e+01
1321          	shield_slave	-3.264385e+00	-1.537934e+00	-1.510748e+00
1322          	warmPlate	1.221056e+01	1.595075e+01	1.995779e+00
1322          	OVC	1.093565e+01	1.590584e+01	1.181466e+01
1322          	shield_slave	-3.264385e+00	-1.537934e+00	-1.510748e+00
1323          	warmPlate	1.221056e+01	1.595075e+01	1.995779e+00
1323          	OVC	1.093565e+01	1.590584e+01	1.181466e+01
1323          	shield_slave	-3.264385e+00	-1.537934e+00	-1.510748e+00
1324          	warmPlate	1.221056e+01	1.595075e+01	1.995779e+00
1324          	OVC	1.093565e+01	1.590584e+01	1.181466e+01
1324          	shield_slave	-3.264385e+00	-1.537934e+00	-1.510748e+00
1325          	warmPlate	1.221056e+01	1.595075e+01	1.995779e+00
1325          	OVC	1.093565e+01	1.590584e+01	1.181466e+01
1325          	shield_slave	-3.264385e+00	-1.537934e+00	-1.510748e+00
1326          	warmPlate	1.221056e+01	1.595075e+01	1.995779e+00
1326          	OVC	1.093565e+01	1.590584e+01	1.181466e+01
1326          	shield_slave	-3.264385e+00	-1.537934e+00	-1.510748e+00
1327          	warmPlate	1.221056e+01	1.595075e+01	1.995779e+00
1327          	OVC	1.093565e+01	1.590584e+01	1.181466e+01
1327          	shield_slave	-3.264385e+00	-1.537934e+00	-1.510748e+00
1328          	warmPlate	1.221056e+01	1.595075e+01	1.995779e+00
1328          	OVC	1.093565e+01	1.590584e+01	1.181466e+01
1328          	shield_slave	-3.264385e+00	-1.537934e+00	-1.510748e+00
1329          	warmPlate	1.221056e+01	1.595075e+01	1.995779e+00
1329          	OVC	1.093565e+01	1.590584e+01	1.181466e+01
1329          	shield_slave	-3.264385e+00	-1.537934e+00	-1.510748e+00
1330          	warmPlate	1.221056e+01	1.595075e+01	1.995779e+00
1330          	OVC	1.093565e+01	1.590584e+01	1.181466e+01
1330          	shield_slave	-3.264385e+00	-1.537934e+00	-1.510748e+00
1331          	warmPlate	1.221056e+01	1.595075e+01	1.995779e+00
1331          	OVC	1.093565e+01	1.590584e+01	1.181466e+01
1331          	shield_slave	-3.264385e+00	-1.537934e+00	-1.510748e+00
1332          	warmPlate	1.221056e+01	1.595075e+01	1.995779e+00
1332          	OVC	1.093565e+01	1.590584e+01	1.181466e+01
1332          	shield_slave	-3.264385e+00	-1.537934e+00	-1.510748e+00
1333          	warmPlate	1.221056e+01	1.595075e+01	1.995779e+00
1333          	OVC	1.093565e+01	1.590584e+01	1.181466e+01
1333          	shield_slave	-3.264385e+00	-1.537934e+00	-1.510748e+00
1334          	warmPlate	1.221056e+01	1.595075e+01	1.995779e+00
1334          	OVC	1.093565e+01	1.590584e+01	1.181466e+01
1334          	shield_slave	-3.264385e+00	-1.537934e+00	-1.510748e+00
1335          	warmPlate	1.221056e+01	1.595075e+01	1.995779e+00
1335          	OVC	1.093565e+01	1.590584e+01	1.181466e+01
1335          	shield_slave	-3.264385e+00	-1.537934e+00	-1.510748e+00
1336          	warmPlate	1.221056e+01	1.595075e+01	1.995779e+00
1336          	OVC	1.093565e+01	1.590584e+01	1.181466e+01
1336          	shield_slave	-3.264385e+00	-1.537934e+00	-1.510748e+00
1337          	warmPlate	1.221056e+01	1.595075e+01	1.995779e+00
1337          	OVC	1.093565e+01	1.590584e+01	1.181466e+01
1337          	shield_slave	-3.264385e+00	-1.537934e+00	-1.510748e+00
1338          	warmPlate	1.221056e+01	1.595075e+01	1.995779e+00
1338          	OVC	1.093565e+01	1.590584e+01	1.181466e+01
1338          	shield_slave	-3.264385e+00	-1.537934e+00	-1.510748e+00
1339          	warmPlate	1.221056e+01	1.595075e+01	1.995779e+00
1339          	OVC	1.093565e+01	1.590584e+01	1.181466e+01
1339          	shield_slave	-3.264385e+00	-1.537934e+00	-1.510748e+00
1340          	warmPlate	1.221056e+01	1.595075e+01	1.995779e+00
1340          	OVC	1.093565e+01	1.590584e+01	1.181466e+01
1340          	shield_slave	-3.264385e+00	-1.537934e+00	-1.510748e+00
1341          	warmPlate	1.221056e+01	1.595075e+01	1.995779e+00
1341          	OVC	1.093565e+01	1.590584e+01	1.181466e+01
1341          	shield_slave	-3.264385e+00	-1.537934e+00	-1.510748e+00
1342          	warmPlate	1.221056e+01	1.595075e+01	1.995779e+00
1342          	OVC	1.093565e+01	1.590584e+01	1.181466e+01
1342          	shield_slave	-3.264385e+00	-1.537934e+00	-1.510748e+00
1343          	warmPlate	1.221056e+01	1.595075e+01	1.995779e+00
1343          	OVC	1.093565e+01	1.590584e+01	1.181466e+01
1343          	shield_slave	-3.264385e+00	-1.537934e+00	-1.510748e+00
1344          	warmPlate	1.221056e+01	1.595075e+01	1.995779e+00
1344          	OVC	1.093565e+01	1.590584e+01	1.181466e+01
1344          	shield_slave	-3.264385e+00	-1.537934e+00	-1.510748e+00
1345          	warmPlate	1.221056e+01	1.595075e+01	1.995779e+00
1345          	OVC	1.093565e+01	1.590584e+01	1.181466e+01
1345          	shield_slave	-3.264385e+00	-1.537934e+00	-1.510748e+00
1346          	warmPlate	1.221056e+01	1.595075e+01	1.995779e+00
1346          	OVC	1.093565e+01	1.590584e+01	1.181466e+01
1346          	shield_slave	-3.264385e+00	-1.537934e+00	-1.510748e+00
1347          	warmPlate	1.221056e+01	1.595075e+01	1.995779e+00
1347          	OVC	1.093565e+01	1.590584e+01	1.181466e+01
1347          	shield_slave	-3.264385e+00	-1.537934e+00	-1.510748e+00
1348          	warmPlate	1.221056e+01	1.595075e+01	1.995779e+00
1348          	OVC	1.093565e+01	1.590584e+01	1.181466e+01
1348          	shield_slave	-3.264385e+00	-1.537934e+00	-1.510748e+00
1349          	warmPlate	1.221056e+01	1.595075e+01	1.995779e+00
1349          	OVC	1.093565e+01	1.590584e+01	1.181466e+01
1349          	shield_slave	-3.264385e+00	-1.537934e+00	-1.510748e+00
1350          	warmPlate	1.221056e+01	1.595075e+01	1.995779e+00
1350          	OVC	1.093565e+01	1.590584e+01	1.181466e+01
1350          	shield_slave	-3.264385e+00	-1.537934e+00	-1.510748e+00
1351          	warmPlate	1.221056e+01	1.595075e+01	1.995779e+00
1351          	OVC	1.093565e+01	1.590584e+01	1.181466e+01
1351          	shield_slave	-3.264385e+00	-1.537934e+00	-1.510748e+00
1352          	warmPlate	1.221056e+01	1.595075e+01	1.995779e+00
1352          	OVC	1.093565e+01	1.590584e+01	1.181466e+01
1352          	shield_slave	-3.264385e+00	-1.537934e+00	-1.510748e+00
1353          	warmPlate	1.221056e+01	1.595075e+01	1.995779e+00
1353          	OVC	1.093565e+01	1.590584e+01	1.181466e+01
1353          	shield_slave	-3.264385e+00	-1.537934e+00	-1.510748e+00
1354          	warmPlate	1.221056e+01	1.595075e+01	1.995779e+00
1354          	OVC	1.093565e+01	1.590584e+01	1.181466e+01
1354          	shield_slave	-3.264385e+00	-1.537934e+00	-1.510748e+00
1355          	warmPlate	1.221056e+01	1.595075e+01	1.995779e+00
1355          	OVC	1.093565e+01	1.590584e+01	1.181466e+01
1355          	shield_slave	-3.264385e+00	-1.537934e+00	-1.510748e+00
1356          	warmPlate	1.221056e+01	1.595075e+01	1.995779e+00
1356          	OVC	1.093565e+01	1.590584e+01	1.181466e+01
1356          	shield_slave	-3.264385e+00	-1.537934e+00	-1.510748e+00
1357          	warmPlate	1.221056e+01	1.595075e+01	1.995779e+00
1357          	OVC	1.093565e+01	1.590584e+01	1.181466e+01
1357          	shield_slave	-3.264385e+00	-1.537934e+00	-1.510748e+00
1358          	warmPlate	1.221056e+01	1.595075e+01	1.995779e+00
1358          	OVC	1.093565e+01	1.590584e+01	1.181466e+01
1358          	shield_slave	-3.264385e+00	-1.537934e+00	-1.510748e+00
1359          	warmPlate	1.221056e+01	1.595075e+01	1.995779e+00
1359          	OVC	1.093565e+01	1.590584e+01	1.181466e+01
1359          	shield_slave	-3.264385e+00	-1.537934e+00	-1.510748e+00
1360          	warmPlate	1.221056e+01	1.595075e+01	1.995779e+00
1360          	OVC	1.093565e+01	1.590584e+01	1.181466e+01
1360          	shield_slave	-3.264385e+00	-1.537934e+00	-1.510748e+00
1361          	warmPlate	1.221056e+01	1.595075e+01	1.995779e+00
1361          	OVC	1.093565e+01	1.590584e+01	1.181466e+01
1361          	shield_slave	-3.264385e+00	-1.537934e+00	-1.510748e+00
1362          	warmPlate	1.221056e+01	1.595075e+01	1.995779e+00
1362          	OVC	1.093565e+01	1.590584e+01	1.181466e+01
1362          	shield_slave	-3.264385e+00	-1.537934e+00	-1.510748e+00
1363          	warmPlate	1.221056e+01	1.595075e+01	1.995779e+00
1363          	OVC	1.093565e+01	1.590584e+01	1.181466e+01
1363          	shield_slave	-3.264385e+00	-1.537934e+00	-1.510748e+00
1364          	warmPlate	1.221056e+01	1.595075e+01	1.995779e+00
1364          	OVC	1.093565e+01	1.590584e+01	1.181466e+01
1364          	shield_slave	-3.264385e+00	-1.537934e+00	-1.510748e+00
1365          	warmPlate	1.221056e+01	1.595075e+01	1.995779e+00
1365          	OVC	1.093565e+01	1.590584e+01	1.181466e+01
1365          	shield_slave	-3.264385e+00	-1.537934e+00	-1.510748e+00
1366          	warmPlate	1.221056e+01	1.595075e+01	1.995779e+00
1366          	OVC	1.093565e+01	1.590584e+01	1.181466e+01
1366          	shield_slave	-3.264385e+00	-1.537934e+00	-1.510748e+00
1367          	warmPlate	1.221056e+01	1.595075e+01	1.995779e+00
1367          	OVC	1.093565e+01	1.590584e+01	1.181466e+01
1367          	shield_slave	-3.264385e+00	-1.537934e+00	-1.510748e+00
1368          	warmPlate	1.221056e+01	1.595075e+01	1.995779e+00
1368          	OVC	1.093565e+01	1.590584e+01	1.181466e+01
1368          	shield_slave	-3.264385e+00	-1.537934e+00	-1.510748e+00
1369          	warmPlate	1.221056e+01	1.595075e+01	1.995779e+00
1369          	OVC	1.093565e+01	1.590584e+01	1.181466e+01
1369          	shield_slave	-3.264385e+00	-1.537934e+00	-1.510748e+00
1370          	warmPlate	1.221056e+01	1.595075e+01	1.995779e+00
1370          	OVC	1.093565e+01	1.590584e+01	1.181466e+01
1370          	shield_slave	-3.264385e+00	-1.537934e+00	-1.510748e+00
1371          	warmPlate	1.221056e+01	1.595075e+01	1.995779e+00
1371          	OVC	1.093565e+01	1.590584e+01	1.181466e+01
1371          	shield_slave	-3.264385e+00	-1.537934e+00	-1.510748e+00
1372          	warmPlate	1.221056e+01	1.595075e+01	1.995779e+00
1372          	OVC	1.093565e+01	1.590584e+01	1.181466e+01
1372          	shield_slave	-3.264385e+00	-1.537934e+00	-1.510748e+00
1373          	warmPlate	1.221056e+01	1.595075e+01	1.995779e+00
1373          	OVC	1.093565e+01	1.590584e+01	1.181466e+01
1373          	shield_slave	-3.264385e+00	-1.537934e+00	-1.510748e+00
1374          	warmPlate	1.221056e+01	1.595075e+01	1.995779e+00
1374          	OVC	1.093565e+01	1.590584e+01	1.181466e+01
1374          	shield_slave	-3.264385e+00	-1.537934e+00	-1.510748e+00
1375          	warmPlate	1.221056e+01	1.595075e+01	1.995779e+00
1375          	OVC	1.093565e+01	1.590584e+01	1.181466e+01
1375          	shield_slave	-3.264385e+00	-1.537934e+00	-1.510748e+00
1376          	warmPlate	1.221056e+01	1.595075e+01	1.995779e+00
1376          	OVC	1.093565e+01	1.590584e+01	1.181466e+01
1376          	shield_slave	-3.264385e+00	-1.537934e+00	-1.510748e+00
1377          	warmPlate	1.221056e+01	1.595075e+01	1.995779e+00
1377          	OVC	1.093565e+01	1.590584e+01	1.181466e+01
1377          	shield_slave	-3.264385e+00	-1.537934e+00	-1.510748e+00
1378          	warmPlate	1.221056e+01	1.595075e+01	1.995779e+00
1378          	OVC	1.093565e+01	1.590584e+01	1.181466e+01
1378          	shield_slave	-3.264385e+00	-1.537934e+00	-1.510748e+00
1379          	warmPlate	1.221056e+01	1.595075e+01	1.995779e+00
1379          	OVC	1.093565e+01	1.590584e+01	1.181466e+01
1379          	shield_slave	-3.264385e+00	-1.537934e+00	-1.510748e+00
1380          	warmPlate	1.221056e+01	1.595075e+01	1.995779e+00
1380          	OVC	1.093565e+01	1.590584e+01	1.181466e+01
1380          	shield_slave	-3.264385e+00	-1.537934e+00	-1.510748e+00
1381          	warmPlate	1.221056e+01	1.595075e+01	1.995779e+00
1381          	OVC	1.093565e+01	1.590584e+01	1.181466e+01
1381          	shield_slave	-3.264385e+00	-1.537934e+00	-1.510748e+00
1382          	warmPlate	1.221056e+01	1.595075e+01	1.995779e+00
1382          	OVC	1.093565e+01	1.590584e+01	1.181466e+01
1382          	shield_slave	-3.264385e+00	-1.537934e+00	-1.510748e+00
1383          	warmPlate	1.221056e+01	1.595075e+01	1.995779e+00
1383          	OVC	1.093565e+01	1.590584e+01	1.181466e+01
1383          	shield_slave	-3.264385e+00	-1.537934e+00	-1.510748e+00
1384          	warmPlate	1.221056e+01	1.595075e+01	1.995779e+00
1384          	OVC	1.093565e+01	1.590584e+01	1.181466e+01
1384          	shield_slave	-3.264385e+00	-1.537934e+00	-1.510748e+00
1385          	warmPlate	1.221056e+01	1.595075e+01	1.995779e+00
1385          	OVC	1.093565e+01	1.590584e+01	1.181466e+01
1385          	shield_slave	-3.264385e+00	-1.537934e+00	-1.510748e+00
1386          	warmPlate	1.221056e+01	1.595075e+01	1.995779e+00
1386          	OVC	1.093565e+01	1.590584e+01	1.181466e+01
1386          	shield_slave	-3.264385e+00	-1.537934e+00	-1.510748e+00
1387          	warmPlate	1.221056e+01	1.595075e+01	1.995779e+00
1387          	OVC	1.093565e+01	1.590584e+01	1.181466e+01
1387          	shield_slave	-3.264385e+00	-1.537934e+00	-1.510748e+00
1388          	warmPlate	1.221056e+01	1.595075e+01	1.995779e+00
1388          	OVC	1.093565e+01	1.590584e+01	1.181466e+01
1388          	shield_slave	-3.264385e+00	-1.537934e+00	-1.510748e+00
1389          	warmPlate	1.221056e+01	1.595075e+01	1.995779e+00
1389          	OVC	1.093565e+01	1.590584e+01	1.181466e+01
1389          	shield_slave	-3.264385e+00	-1.537934e+00	-1.510748e+00
1390          	warmPlate	1.221056e+01	1.595075e+01	1.995779e+00
1390          	OVC	1.093565e+01	1.590584e+01	1.181466e+01
1390          	shield_slave	-3.264385e+00	-1.537934e+00	-1.510748e+00
1391          	warmPlate	1.221056e+01	1.595075e+01	1.995779e+00
1391          	OVC	1.093565e+01	1.590584e+01	1.181466e+01
1391          	shield_slave	-3.264385e+00	-1.537934e+00	-1.510748e+00
1392          	warmPlate	1.221056e+01	1.595075e+01	1.995779e+00
1392          	OVC	1.093565e+01	1.590584e+01	1.181466e+01
1392          	shield_slave	-3.264385e+00	-1.537934e+00	-1.510748e+00
1393          	warmPlate	1.221056e+01	1.595075e+01	1.995779e+00
1393          	OVC	1.093565e+01	1.590584e+01	1.181466e+01
1393          	shield_slave	-3.264385e+00	-1.537934e+00	-1.510748e+00
1394          	warmPlate	1.221056e+01	1.595075e+01	1.995779e+00
1394          	OVC	1.093565e+01	1.590584e+01	1.181466e+01
1394          	shield_slave	-3.264385e+00	-1.537934e+00	-1.510748e+00
1395          	warmPlate	1.221056e+01	1.595075e+01	1.995779e+00
1395          	OVC	1.093565e+01	1.590584e+01	1.181466e+01
1395          	shield_slave	-3.264385e+00	-1.537934e+00	-1.510748e+00
1396          	warmPlate	1.221056e+01	1.595075e+01	1.995779e+00
1396          	OVC	1.093565e+01	1.590584e+01	1.181466e+01
1396          	shield_slave	-3.264385e+00	-1.537934e+00	-1.510748e+00
1397          	warmPlate	1.221056e+01	1.595075e+01	1.995779e+00
1397          	OVC	1.093565e+01	1.590584e+01	1.181466e+01
1397          	shield_slave	-3.264385e+00	-1.537934e+00	-1.510748e+00
1398          	warmPlate	1.221056e+01	1.595075e+01	1.995779e+00
1398          	OVC	1.093565e+01	1.590584e+01	1.181466e+01
1398          	shield_slave	-3.264385e+00	-1.537934e+00	-1.510748e+00
1399          	warmPlate	1.221056e+01	1.595075e+01	1.995779e+00
1399          	OVC	1.093565e+01	1.590584e+01	1.181466e+01
1399          	shield_slave	-3.264385e+00	-1.537934e+00	-1.510748e+00
1400          	warmPlate	1.221056e+01	1.595075e+01	1.995779e+00
1400          	OVC	1.093565e+01	1.590584e+01	1.181466e+01
1400          	shield_slave	-3.264385e+00	-1.537934e+00	-1.510748e+00
1401          	warmPlate	1.221056e+01	1.595075e+01	1.995779e+00
1401          	OVC	1.093565e+01	1.590584e+01	1.181466e+01
1401          	shield_slave	-3.264385e+00	-1.537934e+00	-1.510748e+00
1402          	warmPlate	1.221056e+01	1.595075e+01	1.995779e+00
1402          	OVC	1.093565e+01	1.590584e+01	1.181466e+01
1402          	shield_slave	-3.264385e+00	-1.537934e+00	-1.510748e+00
1403          	warmPlate	1.221056e+01	1.595075e+01	1.995779e+00
1403          	OVC	1.093565e+01	1.590584e+01	1.181466e+01
1403          	shield_slave	-3.264385e+00	-1.537934e+00	-1.510748e+00
1404          	warmPlate	1.221056e+01	1.595075e+01	1.995779e+00
1404          	OVC	1.093565e+01	1.590584e+01	1.181466e+01
1404          	shield_slave	-3.264385e+00	-1.537934e+00	-1.510748e+00
1405          	warmPlate	1.221056e+01	1.595075e+01	1.995779e+00
1405          	OVC	1.093565e+01	1.590584e+01	1.181466e+01
1405          	shield_slave	-3.264385e+00	-1.537934e+00	-1.510748e+00
1406          	warmPlate	1.221056e+01	1.595075e+01	1.995779e+00
1406          	OVC	1.093565e+01	1.590584e+01	1.181466e+01
1406          	shield_slave	-3.264385e+00	-1.537934e+00	-1.510748e+00
1407          	warmPlate	1.221056e+01	1.595075e+01	1.995779e+00
1407          	OVC	1.093565e+01	1.590584e+01	1.181466e+01
1407          	shield_slave	-3.264385e+00	-1.537934e+00	-1.510748e+00
1408          	warmPlate	1.221056e+01	1.595075e+01	1.995779e+00
1408          	OVC	1.093565e+01	1.590584e+01	1.181466e+01
1408          	shield_slave	-3.264385e+00	-1.537934e+00	-1.510748e+00
1409          	warmPlate	1.221056e+01	1.595075e+01	1.995779e+00
1409          	OVC	1.093565e+01	1.590584e+01	1.181466e+01
1409          	shield_slave	-3.264385e+00	-1.537934e+00	-1.510748e+00
1410          	warmPlate	1.221056e+01	1.595075e+01	1.995779e+00
1410          	OVC	1.093565e+01	1.590584e+01	1.181466e+01
1410          	shield_slave	-3.264385e+00	-1.537934e+00	-1.510748e+00
1411          	warmPlate	1.221056e+01	1.595075e+01	1.995779e+00
1411          	OVC	1.093565e+01	1.590584e+01	1.181466e+01
1411          	shield_slave	-3.264385e+00	-1.537934e+00	-1.510748e+00
1412          	warmPlate	1.221056e+01	1.595075e+01	1.995779e+00
1412          	OVC	1.093565e+01	1.590584e+01	1.181466e+01
1412          	shield_slave	-3.264385e+00	-1.537934e+00	-1.510748e+00
1413          	warmPlate	1.221056e+01	1.595075e+01	1.995779e+00
1413          	OVC	1.093565e+01	1.590584e+01	1.181466e+01
1413          	shield_slave	-3.264385e+00	-1.537934e+00	-1.510748e+00
1414          	warmPlate	1.221056e+01	1.595075e+01	1.995779e+00
1414          	OVC	1.093565e+01	1.590584e+01	1.181466e+01
1414          	shield_slave	-3.264385e+00	-1.537934e+00	-1.510748e+00
1415          	warmPlate	1.221056e+01	1.595075e+01	1.995779e+00
1415          	OVC	1.093565e+01	1.590584e+01	1.181466e+01
1415          	shield_slave	-3.264385e+00	-1.537934e+00	-1.510748e+00
1416          	warmPlate	1.221056e+01	1.595075e+01	1.995779e+00
1416          	OVC	1.093565e+01	1.590584e+01	1.181466e+01
1416          	shield_slave	-3.264385e+00	-1.537934e+00	-1.510748e+00
1417          	warmPlate	1.221056e+01	1.595075e+01	1.995779e+00
1417          	OVC	1.093565e+01	1.590584e+01	1.181466e+01
1417          	shield_slave	-3.264385e+00	-1.537934e+00	-1.510748e+00
1418          	warmPlate	1.221056e+01	1.595075e+01	1.995779e+00
1418          	OVC	1.093565e+01	1.590584e+01	1.181466e+01
1418          	shield_slave	-3.264385e+00	-1.537934e+00	-1.510748e+00
1419          	warmPlate	1.221056e+01	1.595075e+01	1.995779e+00
1419          	OVC	1.093565e+01	1.590584e+01	1.181466e+01
1419          	shield_slave	-3.264385e+00	-1.537934e+00	-1.510748e+00
1420          	warmPlate	1.221056e+01	1.595075e+01	1.995779e+00
1420          	OVC	1.093565e+01	1.590584e+01	1.181466e+01
1420          	shield_slave	-3.264385e+00	-1.537934e+00	-1.510748e+00
1421          	warmPlate	1.221056e+01	1.595075e+01	1.995779e+00
1421          	OVC	1.093565e+01	1.590584e+01	1.181466e+01
1421          	shield_slave	-3.264385e+00	-1.537934e+00	-1.510748e+00
1422          	warmPlate	1.221056e+01	1.595075e+01	1.995779e+00
1422          	OVC	1.093565e+01	1.590584e+01	1.181466e+01
1422          	shield_slave	-3.264385e+00	-1.537934e+00	-1.510748e+00
1423          	warmPlate	1.221056e+01	1.595075e+01	1.995779e+00
1423          	OVC	1.093565e+01	1.590584e+01	1.181466e+01
1423          	shield_slave	-3.264385e+00	-1.537934e+00	-1.510748e+00
1424          	warmPlate	1.221056e+01	1.595075e+01	1.995779e+00
1424          	OVC	1.093565e+01	1.590584e+01	1.181466e+01
1424          	shield_slave	-3.264385e+00	-1.537934e+00	-1.510748e+00
1425          	warmPlate	1.221056e+01	1.595075e+01	1.995779e+00
1425          	OVC	1.093565e+01	1.590584e+01	1.181466e+01
1425          	shield_slave	-3.264385e+00	-1.537934e+00	-1.510748e+00
1426          	warmPlate	1.221056e+01	1.595075e+01	1.995779e+00
1426          	OVC	1.093565e+01	1.590584e+01	1.181466e+01
1426          	shield_slave	-3.264385e+00	-1.537934e+00	-1.510748e+00
1427          	warmPlate	1.221056e+01	1.595075e+01	1.995779e+00
1427          	OVC	1.093565e+01	1.590584e+01	1.181466e+01
1427          	shield_slave	-3.264385e+00	-1.537934e+00	-1.510748e+00
1428          	warmPlate	1.221056e+01	1.595075e+01	1.995779e+00
1428          	OVC	1.093565e+01	1.590584e+01	1.181466e+01
1428          	shield_slave	-3.264385e+00	-1.537934e+00	-1.510748e+00
1429          	warmPlate	1.221056e+01	1.595075e+01	1.995779e+00
1429          	OVC	1.093565e+01	1.590584e+01	1.181466e+01
1429          	shield_slave	-3.264385e+00	-1.537934e+00	-1.510748e+00
1430          	warmPlate	1.221056e+01	1.595075e+01	1.995779e+00
1430          	OVC	1.093565e+01	1.590584e+01	1.181466e+01
1430          	shield_slave	-3.264385e+00	-1.537934e+00	-1.510748e+00
1431          	warmPlate	1.221056e+01	1.595075e+01	1.995779e+00
1431          	OVC	1.093565e+01	1.590584e+01	1.181466e+01
1431          	shield_slave	-3.264385e+00	-1.537934e+00	-1.510748e+00
1432          	warmPlate	1.221056e+01	1.595075e+01	1.995779e+00
1432          	OVC	1.093565e+01	1.590584e+01	1.181466e+01
1432          	shield_slave	-3.264385e+00	-1.537934e+00	-1.510748e+00
1433          	warmPlate	1.221056e+01	1.595075e+01	1.995779e+00
1433          	OVC	1.093565e+01	1.590584e+01	1.181466e+01
1433          	shield_slave	-3.264385e+00	-1.537934e+00	-1.510748e+00
1434          	warmPlate	1.221056e+01	1.595075e+01	1.995779e+00
1434          	OVC	1.093565e+01	1.590584e+01	1.181466e+01
1434          	shield_slave	-3.264385e+00	-1.537934e+00	-1.510748e+00
1435          	warmPlate	1.221056e+01	1.595075e+01	1.995779e+00
1435          	OVC	1.093565e+01	1.590584e+01	1.181466e+01
1435          	shield_slave	-3.264385e+00	-1.537934e+00	-1.510748e+00
1436          	warmPlate	1.221056e+01	1.595075e+01	1.995779e+00
1436          	OVC	1.093565e+01	1.590584e+01	1.181466e+01
1436          	shield_slave	-3.264385e+00	-1.537934e+00	-1.510748e+00
1437          	warmPlate	1.221056e+01	1.595075e+01	1.995779e+00
1437          	OVC	1.093565e+01	1.590584e+01	1.181466e+01
1437          	shield_slave	-3.264385e+00	-1.537934e+00	-1.510748e+00
1438          	warmPlate	1.221056e+01	1.595075e+01	1.995779e+00
1438          	OVC	1.093565e+01	1.590584e+01	1.181466e+01
1438          	shield_slave	-3.264385e+00	-1.537934e+00	-1.510748e+00
1439          	warmPlate	1.221056e+01	1.595075e+01	1.995779e+00
1439          	OVC	1.093565e+01	1.590584e+01	1.181466e+01
1439          	shield_slave	-3.264385e+00	-1.537934e+00	-1.510748e+00
1440          	warmPlate	1.221056e+01	1.595075e+01	1.995779e+00
1440          	OVC	1.093565e+01	1.590584e+01	1.181466e+01
1440          	shield_slave	-3.264385e+00	-1.537934e+00	-1.510748e+00
1441          	warmPlate	1.221056e+01	1.595075e+01	1.995779e+00
1441          	OVC	1.093565e+01	1.590584e+01	1.181466e+01
1441          	shield_slave	-3.264385e+00	-1.537934e+00	-1.510748e+00
1442          	warmPlate	1.221056e+01	1.595075e+01	1.995779e+00
1442          	OVC	1.093565e+01	1.590584e+01	1.181466e+01
1442          	shield_slave	-3.264385e+00	-1.537934e+00	-1.510748e+00
1443          	warmPlate	1.221056e+01	1.595075e+01	1.995779e+00
1443          	OVC	1.093565e+01	1.590584e+01	1.181466e+01
1443          	shield_slave	-3.264385e+00	-1.537934e+00	-1.510748e+00
1444          	warmPlate	1.221056e+01	1.595075e+01	1.995779e+00
1444          	OVC	1.093565e+01	1.590584e+01	1.181466e+01
1444          	shield_slave	-3.264385e+00	-1.537934e+00	-1.510748e+00
1445          	warmPlate	1.221056e+01	1.595075e+01	1.995779e+00
1445          	OVC	1.093565e+01	1.590584e+01	1.181466e+01
1445          	shield_slave	-3.264385e+00	-1.537934e+00	-1.510748e+00
1446          	warmPlate	1.221056e+01	1.595075e+01	1.995779e+00
1446          	OVC	1.093565e+01	1.590584e+01	1.181466e+01
1446          	shield_slave	-3.264385e+00	-1.537934e+00	-1.510748e+00
1447          	warmPlate	1.221056e+01	1.595075e+01	1.995779e+00
1447          	OVC	1.093565e+01	1.590584e+01	1.181466e+01
1447          	shield_slave	-3.264385e+00	-1.537934e+00	-1.510748e+00
1448          	warmPlate	1.221056e+01	1.595075e+01	1.995779e+00
1448          	OVC	1.093565e+01	1.590584e+01	1.181466e+01
1448          	shield_slave	-3.264385e+00	-1.537934e+00	-1.510748e+00
1449          	warmPlate	1.221056e+01	1.595075e+01	1.995779e+00
1449          	OVC	1.093565e+01	1.590584e+01	1.181466e+01
1449          	shield_slave	-3.264385e+00	-1.537934e+00	-1.510748e+00
1450          	warmPlate	1.221056e+01	1.595075e+01	1.995779e+00
1450          	OVC	1.093565e+01	1.590584e+01	1.181466e+01
1450          	shield_slave	-3.264385e+00	-1.537934e+00	-1.510748e+00
1451          	warmPlate	1.221056e+01	1.595075e+01	1.995779e+00
1451          	OVC	1.093565e+01	1.590584e+01	1.181466e+01
1451          	shield_slave	-3.264385e+00	-1.537934e+00	-1.510748e+00
1452          	warmPlate	1.221056e+01	1.595075e+01	1.995779e+00
1452          	OVC	1.093565e+01	1.590584e+01	1.181466e+01
1452          	shield_slave	-3.264385e+00	-1.537934e+00	-1.510748e+00
1453          	warmPlate	1.221056e+01	1.595075e+01	1.995779e+00
1453          	OVC	1.093565e+01	1.590584e+01	1.181466e+01
1453          	shield_slave	-3.264385e+00	-1.537934e+00	-1.510748e+00
1454          	warmPlate	1.221056e+01	1.595075e+01	1.995779e+00
1454          	OVC	1.093565e+01	1.590584e+01	1.181466e+01
1454          	shield_slave	-3.264385e+00	-1.537934e+00	-1.510748e+00
1455          	warmPlate	1.221056e+01	1.595075e+01	1.995779e+00
1455          	OVC	1.093565e+01	1.590584e+01	1.181466e+01
1455          	shield_slave	-3.264385e+00	-1.537934e+00	-1.510748e+00
1456          	warmPlate	1.221056e+01	1.595075e+01	1.995779e+00
1456          	OVC	1.093565e+01	1.590584e+01	1.181466e+01
1456          	shield_slave	-3.264385e+00	-1.537934e+00	-1.510748e+00
1457          	warmPlate	1.221056e+01	1.595075e+01	1.995779e+00
1457          	OVC	1.093565e+01	1.590584e+01	1.181466e+01
1457          	shield_slave	-3.264385e+00	-1.537934e+00	-1.510748e+00
1458          	warmPlate	1.221056e+01	1.595075e+01	1.995779e+00
1458          	OVC	1.093565e+01	1.590584e+01	1.181466e+01
1458          	shield_slave	-3.264385e+00	-1.537934e+00	-1.510748e+00
1459          	warmPlate	1.221056e+01	1.595075e+01	1.995779e+00
1459          	OVC	1.093565e+01	1.590584e+01	1.181466e+01
1459          	shield_slave	-3.264385e+00	-1.537934e+00	-1.510748e+00
1460          	warmPlate	1.221056e+01	1.595075e+01	1.995779e+00
1460          	OVC	1.093565e+01	1.590584e+01	1.181466e+01
1460          	shield_slave	-3.264385e+00	-1.537934e+00	-1.510748e+00
1461          	warmPlate	1.221056e+01	1.595075e+01	1.995779e+00
1461          	OVC	1.093565e+01	1.590584e+01	1.181466e+01
1461          	shield_slave	-3.264385e+00	-1.537934e+00	-1.510748e+00
1462          	warmPlate	1.221056e+01	1.595075e+01	1.995779e+00
1462          	OVC	1.093565e+01	1.590584e+01	1.181466e+01
1462          	shield_slave	-3.264385e+00	-1.537934e+00	-1.510748e+00
1463          	warmPlate	1.221056e+01	1.595075e+01	1.995779e+00
1463          	OVC	1.093565e+01	1.590584e+01	1.181466e+01
1463          	shield_slave	-3.264385e+00	-1.537934e+00	-1.510748e+00
1464          	warmPlate	1.221056e+01	1.595075e+01	1.995779e+00
1464          	OVC	1.093565e+01	1.590584e+01	1.181466e+01
1464          	shield_slave	-3.264385e+00	-1.537934e+00	-1.510748e+00
1465          	warmPlate	1.221056e+01	1.595075e+01	1.995779e+00
1465          	OVC	1.093565e+01	1.590584e+01	1.181466e+01
1465          	shield_slave	-3.264385e+00	-1.537934e+00	-1.510748e+00
1466          	warmPlate	1.221056e+01	1.595075e+01	1.995779e+00
1466          	OVC	1.093565e+01	1.590584e+01	1.181466e+01
1466          	shield_slave	-3.264385e+00	-1.537934e+00	-1.510748e+00
1467          	warmPlate	1.221056e+01	1.595075e+01	1.995779e+00
1467          	OVC	1.093565e+01	1.590584e+01	1.181466e+01
1467          	shield_slave	-3.264385e+00	-1.537934e+00	-1.510748e+00
1468          	warmPlate	1.221056e+01	1.595075e+01	1.995779e+00
1468          	OVC	1.093565e+01	1.590584e+01	1.181466e+01
1468          	shield_slave	-3.264385e+00	-1.537934e+00	-1.510748e+00
1469          	warmPlate	1.221056e+01	1.595075e+01	1.995779e+00
1469          	OVC	1.093565e+01	1.590584e+01	1.181466e+01
1469          	shield_slave	-3.264385e+00	-1.537934e+00	-1.510748e+00
1470          	warmPlate	1.221056e+01	1.595075e+01	1.995779e+00
1470          	OVC	1.093565e+01	1.590584e+01	1.181466e+01
1470          	shield_slave	-3.264385e+00	-1.537934e+00	-1.510748e+00
1471          	warmPlate	1.221056e+01	1.595075e+01	1.995779e+00
1471          	OVC	1.093565e+01	1.590584e+01	1.181466e+01
1471          	shield_slave	-3.264385e+00	-1.537934e+00	-1.510748e+00
1472          	warmPlate	1.221056e+01	1.595075e+01	1.995779e+00
1472          	OVC	1.093565e+01	1.590584e+01	1.181466e+01
1472          	shield_slave	-3.264385e+00	-1.537934e+00	-1.510748e+00
1473          	warmPlate	1.221056e+01	1.595075e+01	1.995779e+00
1473          	OVC	1.093565e+01	1.590584e+01	1.181466e+01
1473          	shield_slave	-3.264385e+00	-1.537934e+00	-1.510748e+00
1474          	warmPlate	1.221056e+01	1.595075e+01	1.995779e+00
1474          	OVC	1.093565e+01	1.590584e+01	1.181466e+01
1474          	shield_slave	-3.264385e+00	-1.537934e+00	-1.510748e+00
1475          	warmPlate	1.221056e+01	1.595075e+01	1.995779e+00
1475          	OVC	1.093565e+01	1.590584e+01	1.181466e+01
1475          	shield_slave	-3.264385e+00	-1.537934e+00	-1.510748e+00
1476          	warmPlate	1.221056e+01	1.595075e+01	1.995779e+00
1476          	OVC	1.093565e+01	1.590584e+01	1.181466e+01
1476          	shield_slave	-3.264385e+00	-1.537934e+00	-1.510748e+00
1477          	warmPlate	1.221056e+01	1.595075e+01	1.995779e+00
1477          	OVC	1.093565e+01	1.590584e+01	1.181466e+01
1477          	shield_slave	-3.264385e+00	-1.537934e+00	-1.510748e+00
1478          	warmPlate	1.221056e+01	1.595075e+01	1.995779e+00
1478          	OVC	1.093565e+01	1.590584e+01	1.181466e+01
1478          	shield_slave	-3.264385e+00	-1.537934e+00	-1.510748e+00
1479          	warmPlate	1.221056e+01	1.595075e+01	1.995779e+00
1479          	OVC	1.093565e+01	1.590584e+01	1.181466e+01
1479          	shield_slave	-3.264385e+00	-1.537934e+00	-1.510748e+00
1480          	warmPlate	1.221056e+01	1.595075e+01	1.995779e+00
1480          	OVC	1.093565e+01	1.590584e+01	1.181466e+01
1480          	shield_slave	-3.264385e+00	-1.537934e+00	-1.510748e+00
1481          	warmPlate	1.221056e+01	1.595075e+01	1.995779e+00
1481          	OVC	1.093565e+01	1.590584e+01	1.181466e+01
1481          	shield_slave	-3.264385e+00	-1.537934e+00	-1.510748e+00
1482          	warmPlate	1.221056e+01	1.595075e+01	1.995779e+00
1482          	OVC	1.093565e+01	1.590584e+01	1.181466e+01
1482          	shield_slave	-3.264385e+00	-1.537934e+00	-1.510748e+00
1483          	warmPlate	1.221056e+01	1.595075e+01	1.995779e+00
1483          	OVC	1.093565e+01	1.590584e+01	1.181466e+01
1483          	shield_slave	-3.264385e+00	-1.537934e+00	-1.510748e+00
1484          	warmPlate	1.221056e+01	1.595075e+01	1.995779e+00
1484          	OVC	1.093565e+01	1.590584e+01	1.181466e+01
1484          	shield_slave	-3.264385e+00	-1.537934e+00	-1.510748e+00
1485          	warmPlate	1.221056e+01	1.595075e+01	1.995779e+00
1485          	OVC	1.093565e+01	1.590584e+01	1.181466e+01
1485          	shield_slave	-3.264385e+00	-1.537934e+00	-1.510748e+00
1486          	warmPlate	1.221056e+01	1.595075e+01	1.995779e+00
1486          	OVC	1.093565e+01	1.590584e+01	1.181466e+01
1486          	shield_slave	-3.264385e+00	-1.537934e+00	-1.510748e+00
1487          	warmPlate	1.221056e+01	1.595075e+01	1.995779e+00
1487          	OVC	1.093565e+01	1.590584e+01	1.181466e+01
1487          	shield_slave	-3.264385e+00	-1.537934e+00	-1.510748e+00
1488          	warmPlate	1.221056e+01	1.595075e+01	1.995779e+00
1488          	OVC	1.093565e+01	1.590584e+01	1.181466e+01
1488          	shield_slave	-3.264385e+00	-1.537934e+00	-1.510748e+00
1489          	warmPlate	1.221056e+01	1.595075e+01	1.995779e+00
1489          	OVC	1.093565e+01	1.590584e+01	1.181466e+01
1489          	shield_slave	-3.264385e+00	-1.537934e+00	-1.510748e+00
1490          	warmPlate	1.221056e+01	1.595075e+01	1.995779e+00
1490          	OVC	1.093565e+01	1.590584e+01	1.181466e+01
1490          	shield_slave	-3.264385e+00	-1.537934e+00	-1.510748e+00
1491          	warmPlate	1.221056e+01	1.595075e+01	1.995779e+00
1491          	OVC	1.093565e+01	1.590584e+01	1.181466e+01
1491          	shield_slave	-3.264385e+00	-1.537934e+00	-1.510748e+00
1492          	warmPlate	1.221056e+01	1.595075e+01	1.995779e+00
1492          	OVC	1.093565e+01	1.590584e+01	1.181466e+01
1492          	shield_slave	-3.264385e+00	-1.537934e+00	-1.510748e+00
1493          	warmPlate	1.221056e+01	1.595075e+01	1.995779e+00
1493          	OVC	1.093565e+01	1.590584e+01	1.181466e+01
1493          	shield_slave	-3.264385e+00	-1.537934e+00	-1.510748e+00
1494          	warmPlate	1.221056e+01	1.595075e+01	1.995779e+00
1494          	OVC	1.093565e+01	1.590584e+01	1.181466e+01
1494          	shield_slave	-3.264385e+00	-1.537934e+00	-1.510748e+00
1495          	warmPlate	1.221056e+01	1.595075e+01	1.995779e+00
1495          	OVC	1.093565e+01	1.590584e+01	1.181466e+01
1495          	shield_slave	-3.264385e+00	-1.537934e+00	-1.510748e+00
1496          	warmPlate	1.221056e+01	1.595075e+01	1.995779e+00
1496          	OVC	1.093565e+01	1.590584e+01	1.181466e+01
1496          	shield_slave	-3.264385e+00	-1.537934e+00	-1.510748e+00
1497          	warmPlate	1.221056e+01	1.595075e+01	1.995779e+00
1497          	OVC	1.093565e+01	1.590584e+01	1.181466e+01
1497          	shield_slave	-3.264385e+00	-1.537934e+00	-1.510748e+00
1498          	warmPlate	1.221056e+01	1.595075e+01	1.995779e+00
1498          	OVC	1.093565e+01	1.590584e+01	1.181466e+01
1498          	shield_slave	-3.264385e+00	-1.537934e+00	-1.510748e+00
1499          	warmPlate	1.221056e+01	1.595075e+01	1.995779e+00
1499          	OVC	1.093565e+01	1.590584e+01	1.181466e+01
1499          	shield_slave	-3.264385e+00	-1.537934e+00	-1.510748e+00
1500          	warmPlate	1.221056e+01	1.595075e+01	1.995779e+00
1500          	OVC	1.093565e+01	1.590584e+01	1.181466e+01
1500          	shield_slave	-3.264385e+00	-1.537934e+00	-1.510748e+00
1501          	warmPlate	1.221056e+01	1.595075e+01	1.995779e+00
1501          	OVC	1.093565e+01	1.590584e+01	1.181466e+01
1501          	shield_slave	-3.264385e+00	-1.537934e+00	-1.510748e+00
1502          	warmPlate	1.221056e+01	1.595075e+01	1.995779e+00
1502          	OVC	1.093565e+01	1.590584e+01	1.181466e+01
1502          	shield_slave	-3.264385e+00	-1.537934e+00	-1.510748e+00
1503          	warmPlate	1.221056e+01	1.595075e+01	1.995779e+00
1503          	OVC	1.093565e+01	1.590584e+01	1.181466e+01
1503          	shield_slave	-3.264385e+00	-1.537934e+00	-1.510748e+00
1504          	warmPlate	1.221056e+01	1.595075e+01	1.995779e+00
1504          	OVC	1.093565e+01	1.590584e+01	1.181466e+01
1504          	shield_slave	-3.264385e+00	-1.537934e+00	-1.510748e+00
1505          	warmPlate	1.221056e+01	1.595075e+01	1.995779e+00
1505          	OVC	1.093565e+01	1.590584e+01	1.181466e+01
1505          	shield_slave	-3.264385e+00	-1.537934e+00	-1.510748e+00
1506          	warmPlate	1.221056e+01	1.595075e+01	1.995779e+00
1506          	OVC	1.093565e+01	1.590584e+01	1.181466e+01
1506          	shield_slave	-3.264385e+00	-1.537934e+00	-1.510748e+00
1507          	warmPlate	1.221056e+01	1.595075e+01	1.995779e+00
1507          	OVC	1.093565e+01	1.590584e+01	1.181466e+01
1507          	shield_slave	-3.264385e+00	-1.537934e+00	-1.510748e+00
1508          	warmPlate	1.221056e+01	1.595075e+01	1.995779e+00
1508          	OVC	1.093565e+01	1.590584e+01	1.181466e+01
1508          	shield_slave	-3.264385e+00	-1.537934e+00	-1.510748e+00
1509          	warmPlate	1.221056e+01	1.595075e+01	1.995779e+00
1509          	OVC	1.093565e+01	1.590584e+01	1.181466e+01
1509          	shield_slave	-3.264385e+00	-1.537934e+00	-1.510748e+00
1510          	warmPlate	1.221056e+01	1.595075e+01	1.995779e+00
1510          	OVC	1.093565e+01	1.590584e+01	1.181466e+01
1510          	shield_slave	-3.264385e+00	-1.537934e+00	-1.510748e+00
1511          	warmPlate	1.221056e+01	1.595075e+01	1.995779e+00
1511          	OVC	1.093565e+01	1.590584e+01	1.181466e+01
1511          	shield_slave	-3.264385e+00	-1.537934e+00	-1.510748e+00
1512          	warmPlate	1.221056e+01	1.595075e+01	1.995779e+00
1512          	OVC	1.093565e+01	1.590584e+01	1.181466e+01
1512          	shield_slave	-3.264385e+00	-1.537934e+00	-1.510748e+00
1513          	warmPlate	1.221056e+01	1.595075e+01	1.995779e+00
1513          	OVC	1.093565e+01	1.590584e+01	1.181466e+01
1513          	shield_slave	-3.264385e+00	-1.537934e+00	-1.510748e+00
1514          	warmPlate	1.221056e+01	1.595075e+01	1.995779e+00
1514          	OVC	1.093565e+01	1.590584e+01	1.181466e+01
1514          	shield_slave	-3.264385e+00	-1.537934e+00	-1.510748e+00
1515          	warmPlate	1.221056e+01	1.595075e+01	1.995779e+00
1515          	OVC	1.093565e+01	1.590584e+01	1.181466e+01
1515          	shield_slave	-3.264385e+00	-1.537934e+00	-1.510748e+00
1516          	warmPlate	1.221056e+01	1.595075e+01	1.995779e+00
1516          	OVC	1.093565e+01	1.590584e+01	1.181466e+01
1516          	shield_slave	-3.264385e+00	-1.537934e+00	-1.510748e+00
1517          	warmPlate	1.221056e+01	1.595075e+01	1.995779e+00
1517          	OVC	1.093565e+01	1.590584e+01	1.181466e+01
1517          	shield_slave	-3.264385e+00	-1.537934e+00	-1.510748e+00
1518          	warmPlate	1.221056e+01	1.595075e+01	1.995779e+00
1518          	OVC	1.093565e+01	1.590584e+01	1.181466e+01
1518          	shield_slave	-3.264385e+00	-1.537934e+00	-1.510748e+00
1519          	warmPlate	1.221056e+01	1.595075e+01	1.995779e+00
1519          	OVC	1.093565e+01	1.590584e+01	1.181466e+01
1519          	shield_slave	-3.264385e+00	-1.537934e+00	-1.510748e+00
1520          	warmPlate	1.221056e+01	1.595075e+01	1.995779e+00
1520          	OVC	1.093565e+01	1.590584e+01	1.181466e+01
1520          	shield_slave	-3.264385e+00	-1.537934e+00	-1.510748e+00
1521          	warmPlate	1.221056e+01	1.595075e+01	1.995779e+00
1521          	OVC	1.093565e+01	1.590584e+01	1.181466e+01
1521          	shield_slave	-3.264385e+00	-1.537934e+00	-1.510748e+00
1522          	warmPlate	1.221056e+01	1.595075e+01	1.995779e+00
1522          	OVC	1.093565e+01	1.590584e+01	1.181466e+01
1522          	shield_slave	-3.264385e+00	-1.537934e+00	-1.510748e+00
1523          	warmPlate	1.221056e+01	1.595075e+01	1.995779e+00
1523          	OVC	1.093565e+01	1.590584e+01	1.181466e+01
1523          	shield_slave	-3.264385e+00	-1.537934e+00	-1.510748e+00
1524          	warmPlate	1.221056e+01	1.595075e+01	1.995779e+00
1524          	OVC	1.093565e+01	1.590584e+01	1.181466e+01
1524          	shield_slave	-3.264385e+00	-1.537934e+00	-1.510748e+00
1525          	warmPlate	1.221056e+01	1.595075e+01	1.995779e+00
1525          	OVC	1.093565e+01	1.590584e+01	1.181466e+01
1525          	shield_slave	-3.264385e+00	-1.537934e+00	-1.510748e+00
1526          	warmPlate	1.221056e+01	1.595075e+01	1.995779e+00
1526          	OVC	1.093565e+01	1.590584e+01	1.181466e+01
1526          	shield_slave	-3.264385e+00	-1.537934e+00	-1.510748e+00
1527          	warmPlate	1.221056e+01	1.595075e+01	1.995779e+00
1527          	OVC	1.093565e+01	1.590584e+01	1.181466e+01
1527          	shield_slave	-3.264385e+00	-1.537934e+00	-1.510748e+00
1528          	warmPlate	1.221056e+01	1.595075e+01	1.995779e+00
1528          	OVC	1.093565e+01	1.590584e+01	1.181466e+01
1528          	shield_slave	-3.264385e+00	-1.537934e+00	-1.510748e+00
1529          	warmPlate	1.221056e+01	1.595075e+01	1.995779e+00
1529          	OVC	1.093565e+01	1.590584e+01	1.181466e+01
1529          	shield_slave	-3.264385e+00	-1.537934e+00	-1.510748e+00
1530          	warmPlate	1.221056e+01	1.595075e+01	1.995779e+00
1530          	OVC	1.093565e+01	1.590584e+01	1.181466e+01
1530          	shield_slave	-3.264385e+00	-1.537934e+00	-1.510748e+00
1531          	warmPlate	1.221056e+01	1.595075e+01	1.995779e+00
1531          	OVC	1.093565e+01	1.590584e+01	1.181466e+01
1531          	shield_slave	-3.264385e+00	-1.537934e+00	-1.510748e+00
1532          	warmPlate	1.221056e+01	1.595075e+01	1.995779e+00
1532          	OVC	1.093565e+01	1.590584e+01	1.181466e+01
1532          	shield_slave	-3.264385e+00	-1.537934e+00	-1.510748e+00
1533          	warmPlate	1.221056e+01	1.595075e+01	1.995779e+00
1533          	OVC	1.093565e+01	1.590584e+01	1.181466e+01
1533          	shield_slave	-3.264385e+00	-1.537934e+00	-1.510748e+00
1534          	warmPlate	1.221056e+01	1.595075e+01	1.995779e+00
1534          	OVC	1.093565e+01	1.590584e+01	1.181466e+01
1534          	shield_slave	-3.264385e+00	-1.537934e+00	-1.510748e+00
1535          	warmPlate	1.221056e+01	1.595075e+01	1.995779e+00
1535          	OVC	1.093565e+01	1.590584e+01	1.181466e+01
1535          	shield_slave	-3.264385e+00	-1.537934e+00	-1.510748e+00
1536          	warmPlate	1.221056e+01	1.595075e+01	1.995779e+00
1536          	OVC	1.093565e+01	1.590584e+01	1.181466e+01
1536          	shield_slave	-3.264385e+00	-1.537934e+00	-1.510748e+00
1537          	warmPlate	1.221056e+01	1.595075e+01	1.995779e+00
1537          	OVC	1.093565e+01	1.590584e+01	1.181466e+01
1537          	shield_slave	-3.264385e+00	-1.537934e+00	-1.510748e+00
1538          	warmPlate	1.221056e+01	1.595075e+01	1.995779e+00
1538          	OVC	1.093565e+01	1.590584e+01	1.181466e+01
1538          	shield_slave	-3.264385e+00	-1.537934e+00	-1.510748e+00
1539          	warmPlate	1.221056e+01	1.595075e+01	1.995779e+00
1539          	OVC	1.093565e+01	1.590584e+01	1.181466e+01
1539          	shield_slave	-3.264385e+00	-1.537934e+00	-1.510748e+00
1540          	warmPlate	1.221056e+01	1.595075e+01	1.995779e+00
1540          	OVC	1.093565e+01	1.590584e+01	1.181466e+01
1540          	shield_slave	-3.264385e+00	-1.537934e+00	-1.510748e+00
1541          	warmPlate	1.221056e+01	1.595075e+01	1.995779e+00
1541          	OVC	1.093565e+01	1.590584e+01	1.181466e+01
1541          	shield_slave	-3.264385e+00	-1.537934e+00	-1.510748e+00
1542          	warmPlate	1.221056e+01	1.595075e+01	1.995779e+00
1542          	OVC	1.093565e+01	1.590584e+01	1.181466e+01
1542          	shield_slave	-3.264385e+00	-1.537934e+00	-1.510748e+00
1543          	warmPlate	1.221056e+01	1.595075e+01	1.995779e+00
1543          	OVC	1.093565e+01	1.590584e+01	1.181466e+01
1543          	shield_slave	-3.264385e+00	-1.537934e+00	-1.510748e+00
1544          	warmPlate	1.221056e+01	1.595075e+01	1.995779e+00
1544          	OVC	1.093565e+01	1.590584e+01	1.181466e+01
1544          	shield_slave	-3.264385e+00	-1.537934e+00	-1.510748e+00
1545          	warmPlate	1.221056e+01	1.595075e+01	1.995779e+00
1545          	OVC	1.093565e+01	1.590584e+01	1.181466e+01
1545          	shield_slave	-3.264385e+00	-1.537934e+00	-1.510748e+00
1546          	warmPlate	1.221056e+01	1.595075e+01	1.995779e+00
1546          	OVC	1.093565e+01	1.590584e+01	1.181466e+01
1546          	shield_slave	-3.264385e+00	-1.537934e+00	-1.510748e+00
1547          	warmPlate	1.221056e+01	1.595075e+01	1.995779e+00
1547          	OVC	1.093565e+01	1.590584e+01	1.181466e+01
1547          	shield_slave	-3.264385e+00	-1.537934e+00	-1.510748e+00
1548          	warmPlate	1.221056e+01	1.595075e+01	1.995779e+00
1548          	OVC	1.093565e+01	1.590584e+01	1.181466e+01
1548          	shield_slave	-3.264385e+00	-1.537934e+00	-1.510748e+00
1549          	warmPlate	1.221056e+01	1.595075e+01	1.995779e+00
1549          	OVC	1.093565e+01	1.590584e+01	1.181466e+01
1549          	shield_slave	-3.264385e+00	-1.537934e+00	-1.510748e+00
1550          	warmPlate	1.221056e+01	1.595075e+01	1.995779e+00
1550          	OVC	1.093565e+01	1.590584e+01	1.181466e+01
1550          	shield_slave	-3.264385e+00	-1.537934e+00	-1.510748e+00
1551          	warmPlate	1.221056e+01	1.595075e+01	1.995779e+00
1551          	OVC	1.093565e+01	1.590584e+01	1.181466e+01
1551          	shield_slave	-3.264385e+00	-1.537934e+00	-1.510748e+00
1552          	warmPlate	1.221056e+01	1.595075e+01	1.995779e+00
1552          	OVC	1.093565e+01	1.590584e+01	1.181466e+01
1552          	shield_slave	-3.264385e+00	-1.537934e+00	-1.510748e+00
1553          	warmPlate	1.221056e+01	1.595075e+01	1.995779e+00
1553          	OVC	1.093565e+01	1.590584e+01	1.181466e+01
1553          	shield_slave	-3.264385e+00	-1.537934e+00	-1.510748e+00
1554          	warmPlate	1.221056e+01	1.595075e+01	1.995779e+00
1554          	OVC	1.093565e+01	1.590584e+01	1.181466e+01
1554          	shield_slave	-3.264385e+00	-1.537934e+00	-1.510748e+00
1555          	warmPlate	1.221056e+01	1.595075e+01	1.995779e+00
1555          	OVC	1.093565e+01	1.590584e+01	1.181466e+01
1555          	shield_slave	-3.264385e+00	-1.537934e+00	-1.510748e+00
1556          	warmPlate	1.221056e+01	1.595075e+01	1.995779e+00
1556          	OVC	1.093565e+01	1.590584e+01	1.181466e+01
1556          	shield_slave	-3.264385e+00	-1.537934e+00	-1.510748e+00
1557          	warmPlate	1.221056e+01	1.595075e+01	1.995779e+00
1557          	OVC	1.093565e+01	1.590584e+01	1.181466e+01
1557          	shield_slave	-3.264385e+00	-1.537934e+00	-1.510748e+00
1558          	warmPlate	1.221056e+01	1.595075e+01	1.995779e+00
1558          	OVC	1.093565e+01	1.590584e+01	1.181466e+01
1558          	shield_slave	-3.264385e+00	-1.537934e+00	-1.510748e+00
1559          	warmPlate	1.221056e+01	1.595075e+01	1.995779e+00
1559          	OVC	1.093565e+01	1.590584e+01	1.181466e+01
1559          	shield_slave	-3.264385e+00	-1.537934e+00	-1.510748e+00
1560          	warmPlate	1.221056e+01	1.595075e+01	1.995779e+00
1560          	OVC	1.093565e+01	1.590584e+01	1.181466e+01
1560          	shield_slave	-3.264385e+00	-1.537934e+00	-1.510748e+00
1561          	warmPlate	1.221056e+01	1.595075e+01	1.995779e+00
1561          	OVC	1.093565e+01	1.590584e+01	1.181466e+01
1561          	shield_slave	-3.264385e+00	-1.537934e+00	-1.510748e+00
1562          	warmPlate	1.221056e+01	1.595075e+01	1.995779e+00
1562          	OVC	1.093565e+01	1.590584e+01	1.181466e+01
1562          	shield_slave	-3.264385e+00	-1.537934e+00	-1.510748e+00
1563          	warmPlate	1.221056e+01	1.595075e+01	1.995779e+00
1563          	OVC	1.093565e+01	1.590584e+01	1.181466e+01
1563          	shield_slave	-3.264385e+00	-1.537934e+00	-1.510748e+00
1564          	warmPlate	1.221056e+01	1.595075e+01	1.995779e+00
1564          	OVC	1.093565e+01	1.590584e+01	1.181466e+01
1564          	shield_slave	-3.264385e+00	-1.537934e+00	-1.510748e+00
1565          	warmPlate	1.221056e+01	1.595075e+01	1.995779e+00
1565          	OVC	1.093565e+01	1.590584e+01	1.181466e+01
1565          	shield_slave	-3.264385e+00	-1.537934e+00	-1.510748e+00
1566          	warmPlate	1.221056e+01	1.595075e+01	1.995779e+00
1566          	OVC	1.093565e+01	1.590584e+01	1.181466e+01
1566          	shield_slave	-3.264385e+00	-1.537934e+00	-1.510748e+00
1567          	warmPlate	1.221056e+01	1.595075e+01	1.995779e+00
1567          	OVC	1.093565e+01	1.590584e+01	1.181466e+01
1567          	shield_slave	-3.264385e+00	-1.537934e+00	-1.510748e+00
1568          	warmPlate	1.221056e+01	1.595075e+01	1.995779e+00
1568          	OVC	1.093565e+01	1.590584e+01	1.181466e+01
1568          	shield_slave	-3.264385e+00	-1.537934e+00	-1.510748e+00
1569          	warmPlate	1.221056e+01	1.595075e+01	1.995779e+00
1569          	OVC	1.093565e+01	1.590584e+01	1.181466e+01
1569          	shield_slave	-3.264385e+00	-1.537934e+00	-1.510748e+00
1570          	warmPlate	1.221056e+01	1.595075e+01	1.995779e+00
1570          	OVC	1.093565e+01	1.590584e+01	1.181466e+01
1570          	shield_slave	-3.264385e+00	-1.537934e+00	-1.510748e+00
1571          	warmPlate	1.221056e+01	1.595075e+01	1.995779e+00
1571          	OVC	1.093565e+01	1.590584e+01	1.181466e+01
1571          	shield_slave	-3.264385e+00	-1.537934e+00	-1.510748e+00
1572          	warmPlate	1.221056e+01	1.595075e+01	1.995779e+00
1572          	OVC	1.093565e+01	1.590584e+01	1.181466e+01
1572          	shield_slave	-3.264385e+00	-1.537934e+00	-1.510748e+00
1573          	warmPlate	1.221056e+01	1.595075e+01	1.995779e+00
1573          	OVC	1.093565e+01	1.590584e+01	1.181466e+01
1573          	shield_slave	-3.264385e+00	-1.537934e+00	-1.510748e+00
1574          	warmPlate	1.221056e+01	1.595075e+01	1.995779e+00
1574          	OVC	1.093565e+01	1.590584e+01	1.181466e+01
1574          	shield_slave	-3.264385e+00	-1.537934e+00	-1.510748e+00
1575          	warmPlate	1.221056e+01	1.595075e+01	1.995779e+00
1575          	OVC	1.093565e+01	1.590584e+01	1.181466e+01
1575          	shield_slave	-3.264385e+00	-1.537934e+00	-1.510748e+00
1576          	warmPlate	1.221056e+01	1.595075e+01	1.995779e+00
1576          	OVC	1.093565e+01	1.590584e+01	1.181466e+01
1576          	shield_slave	-3.264385e+00	-1.537934e+00	-1.510748e+00
1577          	warmPlate	1.221056e+01	1.595075e+01	1.995779e+00
1577          	OVC	1.093565e+01	1.590584e+01	1.181466e+01
1577          	shield_slave	-3.264385e+00	-1.537934e+00	-1.510748e+00
1578          	warmPlate	1.221056e+01	1.595075e+01	1.995779e+00
1578          	OVC	1.093565e+01	1.590584e+01	1.181466e+01
1578          	shield_slave	-3.264385e+00	-1.537934e+00	-1.510748e+00
1579          	warmPlate	1.221056e+01	1.595075e+01	1.995779e+00
1579          	OVC	1.093565e+01	1.590584e+01	1.181466e+01
1579          	shield_slave	-3.264385e+00	-1.537934e+00	-1.510748e+00
1580          	warmPlate	1.221056e+01	1.595075e+01	1.995779e+00
1580          	OVC	1.093565e+01	1.590584e+01	1.181466e+01
1580          	shield_slave	-3.264385e+00	-1.537934e+00	-1.510748e+00
1581          	warmPlate	1.221056e+01	1.595075e+01	1.995779e+00
1581          	OVC	1.093565e+01	1.590584e+01	1.181466e+01
1581          	shield_slave	-3.264385e+00	-1.537934e+00	-1.510748e+00
1582          	warmPlate	1.221056e+01	1.595075e+01	1.995779e+00
1582          	OVC	1.093565e+01	1.590584e+01	1.181466e+01
1582          	shield_slave	-3.264385e+00	-1.537934e+00	-1.510748e+00
1583          	warmPlate	1.221056e+01	1.595075e+01	1.995779e+00
1583          	OVC	1.093565e+01	1.590584e+01	1.181466e+01
1583          	shield_slave	-3.264385e+00	-1.537934e+00	-1.510748e+00
1584          	warmPlate	1.221056e+01	1.595075e+01	1.995779e+00
1584          	OVC	1.093565e+01	1.590584e+01	1.181466e+01
1584          	shield_slave	-3.264385e+00	-1.537934e+00	-1.510748e+00
1585          	warmPlate	1.221056e+01	1.595075e+01	1.995779e+00
1585          	OVC	1.093565e+01	1.590584e+01	1.181466e+01
1585          	shield_slave	-3.264385e+00	-1.537934e+00	-1.510748e+00
1586          	warmPlate	1.221056e+01	1.595075e+01	1.995779e+00
1586          	OVC	1.093565e+01	1.590584e+01	1.181466e+01
1586          	shield_slave	-3.264385e+00	-1.537934e+00	-1.510748e+00
1587          	warmPlate	1.221056e+01	1.595075e+01	1.995779e+00
1587          	OVC	1.093565e+01	1.590584e+01	1.181466e+01
1587          	shield_slave	-3.264385e+00	-1.537934e+00	-1.510748e+00
1588          	warmPlate	1.221056e+01	1.595075e+01	1.995779e+00
1588          	OVC	1.093565e+01	1.590584e+01	1.181466e+01
1588          	shield_slave	-3.264385e+00	-1.537934e+00	-1.510748e+00
1589          	warmPlate	1.221056e+01	1.595075e+01	1.995779e+00
1589          	OVC	1.093565e+01	1.590584e+01	1.181466e+01
1589          	shield_slave	-3.264385e+00	-1.537934e+00	-1.510748e+00
1590          	warmPlate	1.221056e+01	1.595075e+01	1.995779e+00
1590          	OVC	1.093565e+01	1.590584e+01	1.181466e+01
1590          	shield_slave	-3.264385e+00	-1.537934e+00	-1.510748e+00
1591          	warmPlate	1.221056e+01	1.595075e+01	1.995779e+00
1591          	OVC	1.093565e+01	1.590584e+01	1.181466e+01
1591          	shield_slave	-3.264385e+00	-1.537934e+00	-1.510748e+00
1592          	warmPlate	1.221056e+01	1.595075e+01	1.995779e+00
1592          	OVC	1.093565e+01	1.590584e+01	1.181466e+01
1592          	shield_slave	-3.264385e+00	-1.537934e+00	-1.510748e+00
1593          	warmPlate	1.221056e+01	1.595075e+01	1.995779e+00
1593          	OVC	1.093565e+01	1.590584e+01	1.181466e+01
1593          	shield_slave	-3.264385e+00	-1.537934e+00	-1.510748e+00
1594          	warmPlate	1.221056e+01	1.595075e+01	1.995779e+00
1594          	OVC	1.093565e+01	1.590584e+01	1.181466e+01
1594          	shield_slave	-3.264385e+00	-1.537934e+00	-1.510748e+00
1595          	warmPlate	1.221056e+01	1.595075e+01	1.995779e+00
1595          	OVC	1.093565e+01	1.590584e+01	1.181466e+01
1595          	shield_slave	-3.264385e+00	-1.537934e+00	-1.510748e+00
1596          	warmPlate	1.221056e+01	1.595075e+01	1.995779e+00
1596          	OVC	1.093565e+01	1.590584e+01	1.181466e+01
1596          	shield_slave	-3.264385e+00	-1.537934e+00	-1.510748e+00
1597          	warmPlate	1.221056e+01	1.595075e+01	1.995779e+00
1597          	OVC	1.093565e+01	1.590584e+01	1.181466e+01
1597          	shield_slave	-3.264385e+00	-1.537934e+00	-1.510748e+00
1598          	warmPlate	1.221056e+01	1.595075e+01	1.995779e+00
1598          	OVC	1.093565e+01	1.590584e+01	1.181466e+01
1598          	shield_slave	-3.264385e+00	-1.537934e+00	-1.510748e+00
1599          	warmPlate	1.221056e+01	1.595075e+01	1.995779e+00
1599          	OVC	1.093565e+01	1.590584e+01	1.181466e+01
1599          	shield_slave	-3.264385e+00	-1.537934e+00	-1.510748e+00
1600          	warmPlate	1.221056e+01	1.595075e+01	1.995779e+00
1600          	OVC	1.093565e+01	1.590584e+01	1.181466e+01
1600          	shield_slave	-3.264385e+00	-1.537934e+00	-1.510748e+00
1601          	warmPlate	1.221056e+01	1.595075e+01	1.995779e+00
1601          	OVC	1.093565e+01	1.590584e+01	1.181466e+01
1601          	shield_slave	-3.264385e+00	-1.537934e+00	-1.510748e+00
1602          	warmPlate	1.221056e+01	1.595075e+01	1.995779e+00
1602          	OVC	1.093565e+01	1.590584e+01	1.181466e+01
1602          	shield_slave	-3.264385e+00	-1.537934e+00	-1.510748e+00
1603          	warmPlate	1.221056e+01	1.595075e+01	1.995779e+00
1603          	OVC	1.093565e+01	1.590584e+01	1.181466e+01
1603          	shield_slave	-3.264385e+00	-1.537934e+00	-1.510748e+00
1604          	warmPlate	1.221056e+01	1.595075e+01	1.995779e+00
1604          	OVC	1.093565e+01	1.590584e+01	1.181466e+01
1604          	shield_slave	-3.264385e+00	-1.537934e+00	-1.510748e+00
1605          	warmPlate	1.221056e+01	1.595075e+01	1.995779e+00
1605          	OVC	1.093565e+01	1.590584e+01	1.181466e+01
1605          	shield_slave	-3.264385e+00	-1.537934e+00	-1.510748e+00
1606          	warmPlate	1.221056e+01	1.595075e+01	1.995779e+00
1606          	OVC	1.093565e+01	1.590584e+01	1.181466e+01
1606          	shield_slave	-3.264385e+00	-1.537934e+00	-1.510748e+00
1607          	warmPlate	1.221056e+01	1.595075e+01	1.995779e+00
1607          	OVC	1.093565e+01	1.590584e+01	1.181466e+01
1607          	shield_slave	-3.264385e+00	-1.537934e+00	-1.510748e+00
1608          	warmPlate	1.221056e+01	1.595075e+01	1.995779e+00
1608          	OVC	1.093565e+01	1.590584e+01	1.181466e+01
1608          	shield_slave	-3.264385e+00	-1.537934e+00	-1.510748e+00
1609          	warmPlate	1.221056e+01	1.595075e+01	1.995779e+00
1609          	OVC	1.093565e+01	1.590584e+01	1.181466e+01
1609          	shield_slave	-3.264385e+00	-1.537934e+00	-1.510748e+00
1610          	warmPlate	1.221056e+01	1.595075e+01	1.995779e+00
1610          	OVC	1.093565e+01	1.590584e+01	1.181466e+01
1610          	shield_slave	-3.264385e+00	-1.537934e+00	-1.510748e+00
1611          	warmPlate	1.221056e+01	1.595075e+01	1.995779e+00
1611          	OVC	1.093565e+01	1.590584e+01	1.181466e+01
1611          	shield_slave	-3.264385e+00	-1.537934e+00	-1.510748e+00
1612          	warmPlate	1.221056e+01	1.595075e+01	1.995779e+00
1612          	OVC	1.093565e+01	1.590584e+01	1.181466e+01
1612          	shield_slave	-3.264385e+00	-1.537934e+00	-1.510748e+00
1613          	warmPlate	1.221056e+01	1.595075e+01	1.995779e+00
1613          	OVC	1.093565e+01	1.590584e+01	1.181466e+01
1613          	shield_slave	-3.264385e+00	-1.537934e+00	-1.510748e+00
1614          	warmPlate	1.221056e+01	1.595075e+01	1.995779e+00
1614          	OVC	1.093565e+01	1.590584e+01	1.181466e+01
1614          	shield_slave	-3.264385e+00	-1.537934e+00	-1.510748e+00
1615          	warmPlate	1.221056e+01	1.595075e+01	1.995779e+00
1615          	OVC	1.093565e+01	1.590584e+01	1.181466e+01
1615          	shield_slave	-3.264385e+00	-1.537934e+00	-1.510748e+00
1616          	warmPlate	1.221056e+01	1.595075e+01	1.995779e+00
1616          	OVC	1.093565e+01	1.590584e+01	1.181466e+01
1616          	shield_slave	-3.264385e+00	-1.537934e+00	-1.510748e+00
1617          	warmPlate	1.221056e+01	1.595075e+01	1.995779e+00
1617          	OVC	1.093565e+01	1.590584e+01	1.181466e+01
1617          	shield_slave	-3.264385e+00	-1.537934e+00	-1.510748e+00
1618          	warmPlate	1.221056e+01	1.595075e+01	1.995779e+00
1618          	OVC	1.093565e+01	1.590584e+01	1.181466e+01
1618          	shield_slave	-3.264385e+00	-1.537934e+00	-1.510748e+00
1619          	warmPlate	1.221056e+01	1.595075e+01	1.995779e+00
1619          	OVC	1.093565e+01	1.590584e+01	1.181466e+01
1619          	shield_slave	-3.264385e+00	-1.537934e+00	-1.510748e+00
1620          	warmPlate	1.221056e+01	1.595075e+01	1.995779e+00
1620          	OVC	1.093565e+01	1.590584e+01	1.181466e+01
1620          	shield_slave	-3.264385e+00	-1.537934e+00	-1.510748e+00
1621          	warmPlate	1.221056e+01	1.595075e+01	1.995779e+00
1621          	OVC	1.093565e+01	1.590584e+01	1.181466e+01
1621          	shield_slave	-3.264385e+00	-1.537934e+00	-1.510748e+00
1622          	warmPlate	1.221056e+01	1.595075e+01	1.995779e+00
1622          	OVC	1.093565e+01	1.590584e+01	1.181466e+01
1622          	shield_slave	-3.264385e+00	-1.537934e+00	-1.510748e+00
1623          	warmPlate	1.221056e+01	1.595075e+01	1.995779e+00
1623          	OVC	1.093565e+01	1.590584e+01	1.181466e+01
1623          	shield_slave	-3.264385e+00	-1.537934e+00	-1.510748e+00
1624          	warmPlate	1.221056e+01	1.595075e+01	1.995779e+00
1624          	OVC	1.093565e+01	1.590584e+01	1.181466e+01
1624          	shield_slave	-3.264385e+00	-1.537934e+00	-1.510748e+00
1625          	warmPlate	1.221056e+01	1.595075e+01	1.995779e+00
1625          	OVC	1.093565e+01	1.590584e+01	1.181466e+01
1625          	shield_slave	-3.264385e+00	-1.537934e+00	-1.510748e+00
1626          	warmPlate	1.221056e+01	1.595075e+01	1.995779e+00
1626          	OVC	1.093565e+01	1.590584e+01	1.181466e+01
1626          	shield_slave	-3.264385e+00	-1.537934e+00	-1.510748e+00
1627          	warmPlate	1.221056e+01	1.595075e+01	1.995779e+00
1627          	OVC	1.093565e+01	1.590584e+01	1.181466e+01
1627          	shield_slave	-3.264385e+00	-1.537934e+00	-1.510748e+00
1628          	warmPlate	1.221056e+01	1.595075e+01	1.995779e+00
1628          	OVC	1.093565e+01	1.590584e+01	1.181466e+01
1628          	shield_slave	-3.264385e+00	-1.537934e+00	-1.510748e+00
1629          	warmPlate	1.221056e+01	1.595075e+01	1.995779e+00
1629          	OVC	1.093565e+01	1.590584e+01	1.181466e+01
1629          	shield_slave	-3.264385e+00	-1.537934e+00	-1.510748e+00
1630          	warmPlate	1.221056e+01	1.595075e+01	1.995779e+00
1630          	OVC	1.093565e+01	1.590584e+01	1.181466e+01
1630          	shield_slave	-3.264385e+00	-1.537934e+00	-1.510748e+00
1631          	warmPlate	1.221056e+01	1.595075e+01	1.995779e+00
1631          	OVC	1.093565e+01	1.590584e+01	1.181466e+01
1631          	shield_slave	-3.264385e+00	-1.537934e+00	-1.510748e+00
1632          	warmPlate	1.221056e+01	1.595075e+01	1.995779e+00
1632          	OVC	1.093565e+01	1.590584e+01	1.181466e+01
1632          	shield_slave	-3.264385e+00	-1.537934e+00	-1.510748e+00
1633          	warmPlate	1.221056e+01	1.595075e+01	1.995779e+00
1633          	OVC	1.093565e+01	1.590584e+01	1.181466e+01
1633          	shield_slave	-3.264385e+00	-1.537934e+00	-1.510748e+00
1634          	warmPlate	1.221056e+01	1.595075e+01	1.995779e+00
1634          	OVC	1.093565e+01	1.590584e+01	1.181466e+01
1634          	shield_slave	-3.264385e+00	-1.537934e+00	-1.510748e+00
1635          	warmPlate	1.221056e+01	1.595075e+01	1.995779e+00
1635          	OVC	1.093565e+01	1.590584e+01	1.181466e+01
1635          	shield_slave	-3.264385e+00	-1.537934e+00	-1.510748e+00
1636          	warmPlate	1.221056e+01	1.595075e+01	1.995779e+00
1636          	OVC	1.093565e+01	1.590584e+01	1.181466e+01
1636          	shield_slave	-3.264385e+00	-1.537934e+00	-1.510748e+00
1637          	warmPlate	1.221056e+01	1.595075e+01	1.995779e+00
1637          	OVC	1.093565e+01	1.590584e+01	1.181466e+01
1637          	shield_slave	-3.264385e+00	-1.537934e+00	-1.510748e+00
1638          	warmPlate	1.221056e+01	1.595075e+01	1.995779e+00
1638          	OVC	1.093565e+01	1.590584e+01	1.181466e+01
1638          	shield_slave	-3.264385e+00	-1.537934e+00	-1.510748e+00
1639          	warmPlate	1.221056e+01	1.595075e+01	1.995779e+00
1639          	OVC	1.093565e+01	1.590584e+01	1.181466e+01
1639          	shield_slave	-3.264385e+00	-1.537934e+00	-1.510748e+00
1640          	warmPlate	1.221056e+01	1.595075e+01	1.995779e+00
1640          	OVC	1.093565e+01	1.590584e+01	1.181466e+01
1640          	shield_slave	-3.264385e+00	-1.537934e+00	-1.510748e+00
1641          	warmPlate	1.221056e+01	1.595075e+01	1.995779e+00
1641          	OVC	1.093565e+01	1.590584e+01	1.181466e+01
1641          	shield_slave	-3.264385e+00	-1.537934e+00	-1.510748e+00
1642          	warmPlate	1.221056e+01	1.595075e+01	1.995779e+00
1642          	OVC	1.093565e+01	1.590584e+01	1.181466e+01
1642          	shield_slave	-3.264385e+00	-1.537934e+00	-1.510748e+00
1643          	warmPlate	1.221056e+01	1.595075e+01	1.995779e+00
1643          	OVC	1.093565e+01	1.590584e+01	1.181466e+01
1643          	shield_slave	-3.264385e+00	-1.537934e+00	-1.510748e+00
1644          	warmPlate	1.221056e+01	1.595075e+01	1.995779e+00
1644          	OVC	1.093565e+01	1.590584e+01	1.181466e+01
1644          	shield_slave	-3.264385e+00	-1.537934e+00	-1.510748e+00
1645          	warmPlate	1.221056e+01	1.595075e+01	1.995779e+00
1645          	OVC	1.093565e+01	1.590584e+01	1.181466e+01
1645          	shield_slave	-3.264385e+00	-1.537934e+00	-1.510748e+00
1646          	warmPlate	1.221056e+01	1.595075e+01	1.995779e+00
1646          	OVC	1.093565e+01	1.590584e+01	1.181466e+01
1646          	shield_slave	-3.264385e+00	-1.537934e+00	-1.510748e+00
1647          	warmPlate	1.221056e+01	1.595075e+01	1.995779e+00
1647          	OVC	1.093565e+01	1.590584e+01	1.181466e+01
1647          	shield_slave	-3.264385e+00	-1.537934e+00	-1.510748e+00
1648          	warmPlate	1.221056e+01	1.595075e+01	1.995779e+00
1648          	OVC	1.093565e+01	1.590584e+01	1.181466e+01
1648          	shield_slave	-3.264385e+00	-1.537934e+00	-1.510748e+00
1649          	warmPlate	1.221056e+01	1.595075e+01	1.995779e+00
1649          	OVC	1.093565e+01	1.590584e+01	1.181466e+01
1649          	shield_slave	-3.264385e+00	-1.537934e+00	-1.510748e+00
1650          	warmPlate	1.221056e+01	1.595075e+01	1.995779e+00
1650          	OVC	1.093565e+01	1.590584e+01	1.181466e+01
1650          	shield_slave	-3.264385e+00	-1.537934e+00	-1.510748e+00
1651          	warmPlate	1.221056e+01	1.595075e+01	1.995779e+00
1651          	OVC	1.093565e+01	1.590584e+01	1.181466e+01
1651          	shield_slave	-3.264385e+00	-1.537934e+00	-1.510748e+00
1652          	warmPlate	1.221056e+01	1.595075e+01	1.995779e+00
1652          	OVC	1.093565e+01	1.590584e+01	1.181466e+01
1652          	shield_slave	-3.264385e+00	-1.537934e+00	-1.510748e+00
1653          	warmPlate	1.221056e+01	1.595075e+01	1.995779e+00
1653          	OVC	1.093565e+01	1.590584e+01	1.181466e+01
1653          	shield_slave	-3.264385e+00	-1.537934e+00	-1.510748e+00
1654          	warmPlate	1.221056e+01	1.595075e+01	1.995779e+00
1654          	OVC	1.093565e+01	1.590584e+01	1.181466e+01
1654          	shield_slave	-3.264385e+00	-1.537934e+00	-1.510748e+00
1655          	warmPlate	1.221056e+01	1.595075e+01	1.995779e+00
1655          	OVC	1.093565e+01	1.590584e+01	1.181466e+01
1655          	shield_slave	-3.264385e+00	-1.537934e+00	-1.510748e+00
1656          	warmPlate	1.221056e+01	1.595075e+01	1.995779e+00
1656          	OVC	1.093565e+01	1.590584e+01	1.181466e+01
1656          	shield_slave	-3.264385e+00	-1.537934e+00	-1.510748e+00
1657          	warmPlate	1.221056e+01	1.595075e+01	1.995779e+00
1657          	OVC	1.093565e+01	1.590584e+01	1.181466e+01
1657          	shield_slave	-3.264385e+00	-1.537934e+00	-1.510748e+00
1658          	warmPlate	1.221056e+01	1.595075e+01	1.995779e+00
1658          	OVC	1.093565e+01	1.590584e+01	1.181466e+01
1658          	shield_slave	-3.264385e+00	-1.537934e+00	-1.510748e+00
1659          	warmPlate	1.221056e+01	1.595075e+01	1.995779e+00
1659          	OVC	1.093565e+01	1.590584e+01	1.181466e+01
1659          	shield_slave	-3.264385e+00	-1.537934e+00	-1.510748e+00
1660          	warmPlate	1.221056e+01	1.595075e+01	1.995779e+00
1660          	OVC	1.093565e+01	1.590584e+01	1.181466e+01
1660          	shield_slave	-3.264385e+00	-1.537934e+00	-1.510748e+00
1661          	warmPlate	1.221056e+01	1.595075e+01	1.995779e+00
1661          	OVC	1.093565e+01	1.590584e+01	1.181466e+01
1661          	shield_slave	-3.264385e+00	-1.537934e+00	-1.510748e+00
1662          	warmPlate	1.221056e+01	1.595075e+01	1.995779e+00
1662          	OVC	1.093565e+01	1.590584e+01	1.181466e+01
1662          	shield_slave	-3.264385e+00	-1.537934e+00	-1.510748e+00
1663          	warmPlate	1.221056e+01	1.595075e+01	1.995779e+00
1663          	OVC	1.093565e+01	1.590584e+01	1.181466e+01
1663          	shield_slave	-3.264385e+00	-1.537934e+00	-1.510748e+00
1664          	warmPlate	1.221056e+01	1.595075e+01	1.995779e+00
1664          	OVC	1.093565e+01	1.590584e+01	1.181466e+01
1664          	shield_slave	-3.264385e+00	-1.537934e+00	-1.510748e+00
1665          	warmPlate	1.221056e+01	1.595075e+01	1.995779e+00
1665          	OVC	1.093565e+01	1.590584e+01	1.181466e+01
1665          	shield_slave	-3.264385e+00	-1.537934e+00	-1.510748e+00
1666          	warmPlate	1.221056e+01	1.595075e+01	1.995779e+00
1666          	OVC	1.093565e+01	1.590584e+01	1.181466e+01
1666          	shield_slave	-3.264385e+00	-1.537934e+00	-1.510748e+00
1667          	warmPlate	1.221056e+01	1.595075e+01	1.995779e+00
1667          	OVC	1.093565e+01	1.590584e+01	1.181466e+01
1667          	shield_slave	-3.264385e+00	-1.537934e+00	-1.510748e+00
1668          	warmPlate	1.221056e+01	1.595075e+01	1.995779e+00
1668          	OVC	1.093565e+01	1.590584e+01	1.181466e+01
1668          	shield_slave	-3.264385e+00	-1.537934e+00	-1.510748e+00
1669          	warmPlate	1.221056e+01	1.595075e+01	1.995779e+00
1669          	OVC	1.093565e+01	1.590584e+01	1.181466e+01
1669          	shield_slave	-3.264385e+00	-1.537934e+00	-1.510748e+00
1670          	warmPlate	1.221056e+01	1.595075e+01	1.995779e+00
1670          	OVC	1.093565e+01	1.590584e+01	1.181466e+01
1670          	shield_slave	-3.264385e+00	-1.537934e+00	-1.510748e+00
1671          	warmPlate	1.221056e+01	1.595075e+01	1.995779e+00
1671          	OVC	1.093565e+01	1.590584e+01	1.181466e+01
1671          	shield_slave	-3.264385e+00	-1.537934e+00	-1.510748e+00
1672          	warmPlate	1.221056e+01	1.595075e+01	1.995779e+00
1672          	OVC	1.093565e+01	1.590584e+01	1.181466e+01
1672          	shield_slave	-3.264385e+00	-1.537934e+00	-1.510748e+00
1673          	warmPlate	1.221056e+01	1.595075e+01	1.995779e+00
1673          	OVC	1.093565e+01	1.590584e+01	1.181466e+01
1673          	shield_slave	-3.264385e+00	-1.537934e+00	-1.510748e+00
1674          	warmPlate	1.221056e+01	1.595075e+01	1.995779e+00
1674          	OVC	1.093565e+01	1.590584e+01	1.181466e+01
1674          	shield_slave	-3.264385e+00	-1.537934e+00	-1.510748e+00
1675          	warmPlate	1.221056e+01	1.595075e+01	1.995779e+00
1675          	OVC	1.093565e+01	1.590584e+01	1.181466e+01
1675          	shield_slave	-3.264385e+00	-1.537934e+00	-1.510748e+00
1676          	warmPlate	1.221056e+01	1.595075e+01	1.995779e+00
1676          	OVC	1.093565e+01	1.590584e+01	1.181466e+01
1676          	shield_slave	-3.264385e+00	-1.537934e+00	-1.510748e+00
1677          	warmPlate	1.221056e+01	1.595075e+01	1.995779e+00
1677          	OVC	1.093565e+01	1.590584e+01	1.181466e+01
1677          	shield_slave	-3.264385e+00	-1.537934e+00	-1.510748e+00
1678          	warmPlate	1.221056e+01	1.595075e+01	1.995779e+00
1678          	OVC	1.093565e+01	1.590584e+01	1.181466e+01
1678          	shield_slave	-3.264385e+00	-1.537934e+00	-1.510748e+00
1679          	warmPlate	1.221056e+01	1.595075e+01	1.995779e+00
1679          	OVC	1.093565e+01	1.590584e+01	1.181466e+01
1679          	shield_slave	-3.264385e+00	-1.537934e+00	-1.510748e+00
1680          	warmPlate	1.221056e+01	1.595075e+01	1.995779e+00
1680          	OVC	1.093565e+01	1.590584e+01	1.181466e+01
1680          	shield_slave	-3.264385e+00	-1.537934e+00	-1.510748e+00
1681          	warmPlate	1.221056e+01	1.595075e+01	1.995779e+00
1681          	OVC	1.093565e+01	1.590584e+01	1.181466e+01
1681          	shield_slave	-3.264385e+00	-1.537934e+00	-1.510748e+00
1682          	warmPlate	1.221056e+01	1.595075e+01	1.995779e+00
1682          	OVC	1.093565e+01	1.590584e+01	1.181466e+01
1682          	shield_slave	-3.264385e+00	-1.537934e+00	-1.510748e+00
1683          	warmPlate	1.221056e+01	1.595075e+01	1.995779e+00
1683          	OVC	1.093565e+01	1.590584e+01	1.181466e+01
1683          	shield_slave	-3.264385e+00	-1.537934e+00	-1.510748e+00
1684          	warmPlate	1.221056e+01	1.595075e+01	1.995779e+00
1684          	OVC	1.093565e+01	1.590584e+01	1.181466e+01
1684          	shield_slave	-3.264385e+00	-1.537934e+00	-1.510748e+00
1685          	warmPlate	1.221056e+01	1.595075e+01	1.995779e+00
1685          	OVC	1.093565e+01	1.590584e+01	1.181466e+01
1685          	shield_slave	-3.264385e+00	-1.537934e+00	-1.510748e+00
1686          	warmPlate	1.221056e+01	1.595075e+01	1.995779e+00
1686          	OVC	1.093565e+01	1.590584e+01	1.181466e+01
1686          	shield_slave	-3.264385e+00	-1.537934e+00	-1.510748e+00
1687          	warmPlate	1.221056e+01	1.595075e+01	1.995779e+00
1687          	OVC	1.093565e+01	1.590584e+01	1.181466e+01
1687          	shield_slave	-3.264385e+00	-1.537934e+00	-1.510748e+00
1688          	warmPlate	1.221056e+01	1.595075e+01	1.995779e+00
1688          	OVC	1.093565e+01	1.590584e+01	1.181466e+01
1688          	shield_slave	-3.264385e+00	-1.537934e+00	-1.510748e+00
1689          	warmPlate	1.221056e+01	1.595075e+01	1.995779e+00
1689          	OVC	1.093565e+01	1.590584e+01	1.181466e+01
1689          	shield_slave	-3.264385e+00	-1.537934e+00	-1.510748e+00
1690          	warmPlate	1.221056e+01	1.595075e+01	1.995779e+00
1690          	OVC	1.093565e+01	1.590584e+01	1.181466e+01
1690          	shield_slave	-3.264385e+00	-1.537934e+00	-1.510748e+00
1691          	warmPlate	1.221056e+01	1.595075e+01	1.995779e+00
1691          	OVC	1.093565e+01	1.590584e+01	1.181466e+01
1691          	shield_slave	-3.264385e+00	-1.537934e+00	-1.510748e+00
1692          	warmPlate	1.221056e+01	1.595075e+01	1.995779e+00
1692          	OVC	1.093565e+01	1.590584e+01	1.181466e+01
1692          	shield_slave	-3.264385e+00	-1.537934e+00	-1.510748e+00
1693          	warmPlate	1.221056e+01	1.595075e+01	1.995779e+00
1693          	OVC	1.093565e+01	1.590584e+01	1.181466e+01
1693          	shield_slave	-3.264385e+00	-1.537934e+00	-1.510748e+00
1694          	warmPlate	1.221056e+01	1.595075e+01	1.995779e+00
1694          	OVC	1.093565e+01	1.590584e+01	1.181466e+01
1694          	shield_slave	-3.264385e+00	-1.537934e+00	-1.510748e+00
1695          	warmPlate	1.221056e+01	1.595075e+01	1.995779e+00
1695          	OVC	1.093565e+01	1.590584e+01	1.181466e+01
1695          	shield_slave	-3.264385e+00	-1.537934e+00	-1.510748e+00
1696          	warmPlate	1.221056e+01	1.595075e+01	1.995779e+00
1696          	OVC	1.093565e+01	1.590584e+01	1.181466e+01
1696          	shield_slave	-3.264385e+00	-1.537934e+00	-1.510748e+00
1697          	warmPlate	1.221056e+01	1.595075e+01	1.995779e+00
1697          	OVC	1.093565e+01	1.590584e+01	1.181466e+01
1697          	shield_slave	-3.264385e+00	-1.537934e+00	-1.510748e+00
1698          	warmPlate	1.221056e+01	1.595075e+01	1.995779e+00
1698          	OVC	1.093565e+01	1.590584e+01	1.181466e+01
1698          	shield_slave	-3.264385e+00	-1.537934e+00	-1.510748e+00
1699          	warmPlate	1.221056e+01	1.595075e+01	1.995779e+00
1699          	OVC	1.093565e+01	1.590584e+01	1.181466e+01
1699          	shield_slave	-3.264385e+00	-1.537934e+00	-1.510748e+00
1700          	warmPlate	1.221056e+01	1.595075e+01	1.995779e+00
1700          	OVC	1.093565e+01	1.590584e+01	1.181466e+01
1700          	shield_slave	-3.264385e+00	-1.537934e+00	-1.510748e+00
1701          	warmPlate	1.221056e+01	1.595075e+01	1.995779e+00
1701          	OVC	1.093565e+01	1.590584e+01	1.181466e+01
1701          	shield_slave	-3.264385e+00	-1.537934e+00	-1.510748e+00
1702          	warmPlate	1.221056e+01	1.595075e+01	1.995779e+00
1702          	OVC	1.093565e+01	1.590584e+01	1.181466e+01
1702          	shield_slave	-3.264385e+00	-1.537934e+00	-1.510748e+00
1703          	warmPlate	1.221056e+01	1.595075e+01	1.995779e+00
1703          	OVC	1.093565e+01	1.590584e+01	1.181466e+01
1703          	shield_slave	-3.264385e+00	-1.537934e+00	-1.510748e+00
1704          	warmPlate	1.221056e+01	1.595075e+01	1.995779e+00
1704          	OVC	1.093565e+01	1.590584e+01	1.181466e+01
1704          	shield_slave	-3.264385e+00	-1.537934e+00	-1.510748e+00
1705          	warmPlate	1.221056e+01	1.595075e+01	1.995779e+00
1705          	OVC	1.093565e+01	1.590584e+01	1.181466e+01
1705          	shield_slave	-3.264385e+00	-1.537934e+00	-1.510748e+00
1706          	warmPlate	1.221056e+01	1.595075e+01	1.995779e+00
1706          	OVC	1.093565e+01	1.590584e+01	1.181466e+01
1706          	shield_slave	-3.264385e+00	-1.537934e+00	-1.510748e+00
1707          	warmPlate	1.221056e+01	1.595075e+01	1.995779e+00
1707          	OVC	1.093565e+01	1.590584e+01	1.181466e+01
1707          	shield_slave	-3.264385e+00	-1.537934e+00	-1.510748e+00
1708          	warmPlate	1.221056e+01	1.595075e+01	1.995779e+00
1708          	OVC	1.093565e+01	1.590584e+01	1.181466e+01
1708          	shield_slave	-3.264385e+00	-1.537934e+00	-1.510748e+00
1709          	warmPlate	1.221056e+01	1.595075e+01	1.995779e+00
1709          	OVC	1.093565e+01	1.590584e+01	1.181466e+01
1709          	shield_slave	-3.264385e+00	-1.537934e+00	-1.510748e+00
1710          	warmPlate	1.221056e+01	1.595075e+01	1.995779e+00
1710          	OVC	1.093565e+01	1.590584e+01	1.181466e+01
1710          	shield_slave	-3.264385e+00	-1.537934e+00	-1.510748e+00
1711          	warmPlate	1.221056e+01	1.595075e+01	1.995779e+00
1711          	OVC	1.093565e+01	1.590584e+01	1.181466e+01
1711          	shield_slave	-3.264385e+00	-1.537934e+00	-1.510748e+00
1712          	warmPlate	1.221056e+01	1.595075e+01	1.995779e+00
1712          	OVC	1.093565e+01	1.590584e+01	1.181466e+01
1712          	shield_slave	-3.264385e+00	-1.537934e+00	-1.510748e+00
1713          	warmPlate	1.221056e+01	1.595075e+01	1.995779e+00
1713          	OVC	1.093565e+01	1.590584e+01	1.181466e+01
1713          	shield_slave	-3.264385e+00	-1.537934e+00	-1.510748e+00
1714          	warmPlate	1.221056e+01	1.595075e+01	1.995779e+00
1714          	OVC	1.093565e+01	1.590584e+01	1.181466e+01
1714          	shield_slave	-3.264385e+00	-1.537934e+00	-1.510748e+00
1715          	warmPlate	1.221056e+01	1.595075e+01	1.995779e+00
1715          	OVC	1.093565e+01	1.590584e+01	1.181466e+01
1715          	shield_slave	-3.264385e+00	-1.537934e+00	-1.510748e+00
1716          	warmPlate	1.221056e+01	1.595075e+01	1.995779e+00
1716          	OVC	1.093565e+01	1.590584e+01	1.181466e+01
1716          	shield_slave	-3.264385e+00	-1.537934e+00	-1.510748e+00
1717          	warmPlate	1.221056e+01	1.595075e+01	1.995779e+00
1717          	OVC	1.093565e+01	1.590584e+01	1.181466e+01
1717          	shield_slave	-3.264385e+00	-1.537934e+00	-1.510748e+00
1718          	warmPlate	1.221056e+01	1.595075e+01	1.995779e+00
1718          	OVC	1.093565e+01	1.590584e+01	1.181466e+01
1718          	shield_slave	-3.264385e+00	-1.537934e+00	-1.510748e+00
1719          	warmPlate	1.221056e+01	1.595075e+01	1.995779e+00
1719          	OVC	1.093565e+01	1.590584e+01	1.181466e+01
1719          	shield_slave	-3.264385e+00	-1.537934e+00	-1.510748e+00
1720          	warmPlate	1.221056e+01	1.595075e+01	1.995779e+00
1720          	OVC	1.093565e+01	1.590584e+01	1.181466e+01
1720          	shield_slave	-3.264385e+00	-1.537934e+00	-1.510748e+00
1721          	warmPlate	1.221056e+01	1.595075e+01	1.995779e+00
1721          	OVC	1.093565e+01	1.590584e+01	1.181466e+01
1721          	shield_slave	-3.264385e+00	-1.537934e+00	-1.510748e+00
1722          	warmPlate	1.221056e+01	1.595075e+01	1.995779e+00
1722          	OVC	1.093565e+01	1.590584e+01	1.181466e+01
1722          	shield_slave	-3.264385e+00	-1.537934e+00	-1.510748e+00
1723          	warmPlate	1.221056e+01	1.595075e+01	1.995779e+00
1723          	OVC	1.093565e+01	1.590584e+01	1.181466e+01
1723          	shield_slave	-3.264385e+00	-1.537934e+00	-1.510748e+00
1724          	warmPlate	1.221056e+01	1.595075e+01	1.995779e+00
1724          	OVC	1.093565e+01	1.590584e+01	1.181466e+01
1724          	shield_slave	-3.264385e+00	-1.537934e+00	-1.510748e+00
1725          	warmPlate	1.221056e+01	1.595075e+01	1.995779e+00
1725          	OVC	1.093565e+01	1.590584e+01	1.181466e+01
1725          	shield_slave	-3.264385e+00	-1.537934e+00	-1.510748e+00
1726          	warmPlate	1.221056e+01	1.595075e+01	1.995779e+00
1726          	OVC	1.093565e+01	1.590584e+01	1.181466e+01
1726          	shield_slave	-3.264385e+00	-1.537934e+00	-1.510748e+00
1727          	warmPlate	1.221056e+01	1.595075e+01	1.995779e+00
1727          	OVC	1.093565e+01	1.590584e+01	1.181466e+01
1727          	shield_slave	-3.264385e+00	-1.537934e+00	-1.510748e+00
1728          	warmPlate	1.221056e+01	1.595075e+01	1.995779e+00
1728          	OVC	1.093565e+01	1.590584e+01	1.181466e+01
1728          	shield_slave	-3.264385e+00	-1.537934e+00	-1.510748e+00
1729          	warmPlate	1.221056e+01	1.595075e+01	1.995779e+00
1729          	OVC	1.093565e+01	1.590584e+01	1.181466e+01
1729          	shield_slave	-3.264385e+00	-1.537934e+00	-1.510748e+00
1730          	warmPlate	1.221056e+01	1.595075e+01	1.995779e+00
1730          	OVC	1.093565e+01	1.590584e+01	1.181466e+01
1730          	shield_slave	-3.264385e+00	-1.537934e+00	-1.510748e+00
1731          	warmPlate	1.221056e+01	1.595075e+01	1.995779e+00
1731          	OVC	1.093565e+01	1.590584e+01	1.181466e+01
1731          	shield_slave	-3.264385e+00	-1.537934e+00	-1.510748e+00
1732          	warmPlate	1.221056e+01	1.595075e+01	1.995779e+00
1732          	OVC	1.093565e+01	1.590584e+01	1.181466e+01
1732          	shield_slave	-3.264385e+00	-1.537934e+00	-1.510748e+00
1733          	warmPlate	1.221056e+01	1.595075e+01	1.995779e+00
1733          	OVC	1.093565e+01	1.590584e+01	1.181466e+01
1733          	shield_slave	-3.264385e+00	-1.537934e+00	-1.510748e+00
1734          	warmPlate	1.221056e+01	1.595075e+01	1.995779e+00
1734          	OVC	1.093565e+01	1.590584e+01	1.181466e+01
1734          	shield_slave	-3.264385e+00	-1.537934e+00	-1.510748e+00
1735          	warmPlate	1.221056e+01	1.595075e+01	1.995779e+00
1735          	OVC	1.093565e+01	1.590584e+01	1.181466e+01
1735          	shield_slave	-3.264385e+00	-1.537934e+00	-1.510748e+00
1736          	warmPlate	1.221056e+01	1.595075e+01	1.995779e+00
1736          	OVC	1.093565e+01	1.590584e+01	1.181466e+01
1736          	shield_slave	-3.264385e+00	-1.537934e+00	-1.510748e+00
1737          	warmPlate	1.221056e+01	1.595075e+01	1.995779e+00
1737          	OVC	1.093565e+01	1.590584e+01	1.181466e+01
1737          	shield_slave	-3.264385e+00	-1.537934e+00	-1.510748e+00
1738          	warmPlate	1.221056e+01	1.595075e+01	1.995779e+00
1738          	OVC	1.093565e+01	1.590584e+01	1.181466e+01
1738          	shield_slave	-3.264385e+00	-1.537934e+00	-1.510748e+00
1739          	warmPlate	1.221056e+01	1.595075e+01	1.995779e+00
1739          	OVC	1.093565e+01	1.590584e+01	1.181466e+01
1739          	shield_slave	-3.264385e+00	-1.537934e+00	-1.510748e+00
1740          	warmPlate	1.221056e+01	1.595075e+01	1.995779e+00
1740          	OVC	1.093565e+01	1.590584e+01	1.181466e+01
1740          	shield_slave	-3.264385e+00	-1.537934e+00	-1.510748e+00
1741          	warmPlate	1.221056e+01	1.595075e+01	1.995779e+00
1741          	OVC	1.093565e+01	1.590584e+01	1.181466e+01
1741          	shield_slave	-3.264385e+00	-1.537934e+00	-1.510748e+00
1742          	warmPlate	1.221056e+01	1.595075e+01	1.995779e+00
1742          	OVC	1.093565e+01	1.590584e+01	1.181466e+01
1742          	shield_slave	-3.264385e+00	-1.537934e+00	-1.510748e+00
1743          	warmPlate	1.221056e+01	1.595075e+01	1.995779e+00
1743          	OVC	1.093565e+01	1.590584e+01	1.181466e+01
1743          	shield_slave	-3.264385e+00	-1.537934e+00	-1.510748e+00
1744          	warmPlate	1.221056e+01	1.595075e+01	1.995779e+00
1744          	OVC	1.093565e+01	1.590584e+01	1.181466e+01
1744          	shield_slave	-3.264385e+00	-1.537934e+00	-1.510748e+00
1745          	warmPlate	1.221056e+01	1.595075e+01	1.995779e+00
1745          	OVC	1.093565e+01	1.590584e+01	1.181466e+01
1745          	shield_slave	-3.264385e+00	-1.537934e+00	-1.510748e+00
1746          	warmPlate	1.221056e+01	1.595075e+01	1.995779e+00
1746          	OVC	1.093565e+01	1.590584e+01	1.181466e+01
1746          	shield_slave	-3.264385e+00	-1.537934e+00	-1.510748e+00
1747          	warmPlate	1.221056e+01	1.595075e+01	1.995779e+00
1747          	OVC	1.093565e+01	1.590584e+01	1.181466e+01
1747          	shield_slave	-3.264385e+00	-1.537934e+00	-1.510748e+00
1748          	warmPlate	1.221056e+01	1.595075e+01	1.995779e+00
1748          	OVC	1.093565e+01	1.590584e+01	1.181466e+01
1748          	shield_slave	-3.264385e+00	-1.537934e+00	-1.510748e+00
1749          	warmPlate	1.221056e+01	1.595075e+01	1.995779e+00
1749          	OVC	1.093565e+01	1.590584e+01	1.181466e+01
1749          	shield_slave	-3.264385e+00	-1.537934e+00	-1.510748e+00
1750          	warmPlate	1.221056e+01	1.595075e+01	1.995779e+00
1750          	OVC	1.093565e+01	1.590584e+01	1.181466e+01
1750          	shield_slave	-3.264385e+00	-1.537934e+00	-1.510748e+00
1751          	warmPlate	1.221056e+01	1.595075e+01	1.995779e+00
1751          	OVC	1.093565e+01	1.590584e+01	1.181466e+01
1751          	shield_slave	-3.264385e+00	-1.537934e+00	-1.510748e+00
1752          	warmPlate	1.221056e+01	1.595075e+01	1.995779e+00
1752          	OVC	1.093565e+01	1.590584e+01	1.181466e+01
1752          	shield_slave	-3.264385e+00	-1.537934e+00	-1.510748e+00
1753          	warmPlate	1.221056e+01	1.595075e+01	1.995779e+00
1753          	OVC	1.093565e+01	1.590584e+01	1.181466e+01
1753          	shield_slave	-3.264385e+00	-1.537934e+00	-1.510748e+00
1754          	warmPlate	1.221056e+01	1.595075e+01	1.995779e+00
1754          	OVC	1.093565e+01	1.590584e+01	1.181466e+01
1754          	shield_slave	-3.264385e+00	-1.537934e+00	-1.510748e+00
1755          	warmPlate	1.221056e+01	1.595075e+01	1.995779e+00
1755          	OVC	1.093565e+01	1.590584e+01	1.181466e+01
1755          	shield_slave	-3.264385e+00	-1.537934e+00	-1.510748e+00
1756          	warmPlate	1.221056e+01	1.595075e+01	1.995779e+00
1756          	OVC	1.093565e+01	1.590584e+01	1.181466e+01
1756          	shield_slave	-3.264385e+00	-1.537934e+00	-1.510748e+00
1757          	warmPlate	1.221056e+01	1.595075e+01	1.995779e+00
1757          	OVC	1.093565e+01	1.590584e+01	1.181466e+01
1757          	shield_slave	-3.264385e+00	-1.537934e+00	-1.510748e+00
1758          	warmPlate	1.221056e+01	1.595075e+01	1.995779e+00
1758          	OVC	1.093565e+01	1.590584e+01	1.181466e+01
1758          	shield_slave	-3.264385e+00	-1.537934e+00	-1.510748e+00
1759          	warmPlate	1.221056e+01	1.595075e+01	1.995779e+00
1759          	OVC	1.093565e+01	1.590584e+01	1.181466e+01
1759          	shield_slave	-3.264385e+00	-1.537934e+00	-1.510748e+00
1760          	warmPlate	1.221056e+01	1.595075e+01	1.995779e+00
1760          	OVC	1.093565e+01	1.590584e+01	1.181466e+01
1760          	shield_slave	-3.264385e+00	-1.537934e+00	-1.510748e+00
1761          	warmPlate	1.221056e+01	1.595075e+01	1.995779e+00
1761          	OVC	1.093565e+01	1.590584e+01	1.181466e+01
1761          	shield_slave	-3.264385e+00	-1.537934e+00	-1.510748e+00
1762          	warmPlate	1.221056e+01	1.595075e+01	1.995779e+00
1762          	OVC	1.093565e+01	1.590584e+01	1.181466e+01
1762          	shield_slave	-3.264385e+00	-1.537934e+00	-1.510748e+00
1763          	warmPlate	1.221056e+01	1.595075e+01	1.995779e+00
1763          	OVC	1.093565e+01	1.590584e+01	1.181466e+01
1763          	shield_slave	-3.264385e+00	-1.537934e+00	-1.510748e+00
1764          	warmPlate	1.221056e+01	1.595075e+01	1.995779e+00
1764          	OVC	1.093565e+01	1.590584e+01	1.181466e+01
1764          	shield_slave	-3.264385e+00	-1.537934e+00	-1.510748e+00
1765          	warmPlate	1.221056e+01	1.595075e+01	1.995779e+00
1765          	OVC	1.093565e+01	1.590584e+01	1.181466e+01
1765          	shield_slave	-3.264385e+00	-1.537934e+00	-1.510748e+00
1766          	warmPlate	1.221056e+01	1.595075e+01	1.995779e+00
1766          	OVC	1.093565e+01	1.590584e+01	1.181466e+01
1766          	shield_slave	-3.264385e+00	-1.537934e+00	-1.510748e+00
1767          	warmPlate	1.221056e+01	1.595075e+01	1.995779e+00
1767          	OVC	1.093565e+01	1.590584e+01	1.181466e+01
1767          	shield_slave	-3.264385e+00	-1.537934e+00	-1.510748e+00
1768          	warmPlate	1.221056e+01	1.595075e+01	1.995779e+00
1768          	OVC	1.093565e+01	1.590584e+01	1.181466e+01
1768          	shield_slave	-3.264385e+00	-1.537934e+00	-1.510748e+00
1769          	warmPlate	1.221056e+01	1.595075e+01	1.995779e+00
1769          	OVC	1.093565e+01	1.590584e+01	1.181466e+01
1769          	shield_slave	-3.264385e+00	-1.537934e+00	-1.510748e+00
1770          	warmPlate	1.221056e+01	1.595075e+01	1.995779e+00
1770          	OVC	1.093565e+01	1.590584e+01	1.181466e+01
1770          	shield_slave	-3.264385e+00	-1.537934e+00	-1.510748e+00
1771          	warmPlate	1.221056e+01	1.595075e+01	1.995779e+00
1771          	OVC	1.093565e+01	1.590584e+01	1.181466e+01
1771          	shield_slave	-3.264385e+00	-1.537934e+00	-1.510748e+00
1772          	warmPlate	1.221056e+01	1.595075e+01	1.995779e+00
1772          	OVC	1.093565e+01	1.590584e+01	1.181466e+01
1772          	shield_slave	-3.264385e+00	-1.537934e+00	-1.510748e+00
1773          	warmPlate	1.221056e+01	1.595075e+01	1.995779e+00
1773          	OVC	1.093565e+01	1.590584e+01	1.181466e+01
1773          	shield_slave	-3.264385e+00	-1.537934e+00	-1.510748e+00
1774          	warmPlate	1.221056e+01	1.595075e+01	1.995779e+00
1774          	OVC	1.093565e+01	1.590584e+01	1.181466e+01
1774          	shield_slave	-3.264385e+00	-1.537934e+00	-1.510748e+00
1775          	warmPlate	1.221056e+01	1.595075e+01	1.995779e+00
1775          	OVC	1.093565e+01	1.590584e+01	1.181466e+01
1775          	shield_slave	-3.264385e+00	-1.537934e+00	-1.510748e+00
1776          	warmPlate	1.221056e+01	1.595075e+01	1.995779e+00
1776          	OVC	1.093565e+01	1.590584e+01	1.181466e+01
1776          	shield_slave	-3.264385e+00	-1.537934e+00	-1.510748e+00
1777          	warmPlate	1.221056e+01	1.595075e+01	1.995779e+00
1777          	OVC	1.093565e+01	1.590584e+01	1.181466e+01
1777          	shield_slave	-3.264385e+00	-1.537934e+00	-1.510748e+00
1778          	warmPlate	1.221056e+01	1.595075e+01	1.995779e+00
1778          	OVC	1.093565e+01	1.590584e+01	1.181466e+01
1778          	shield_slave	-3.264385e+00	-1.537934e+00	-1.510748e+00
1779          	warmPlate	1.221056e+01	1.595075e+01	1.995779e+00
1779          	OVC	1.093565e+01	1.590584e+01	1.181466e+01
1779          	shield_slave	-3.264385e+00	-1.537934e+00	-1.510748e+00
1780          	warmPlate	1.221056e+01	1.595075e+01	1.995779e+00
1780          	OVC	1.093565e+01	1.590584e+01	1.181466e+01
1780          	shield_slave	-3.264385e+00	-1.537934e+00	-1.510748e+00
1781          	warmPlate	1.221056e+01	1.595075e+01	1.995779e+00
1781          	OVC	1.093565e+01	1.590584e+01	1.181466e+01
1781          	shield_slave	-3.264385e+00	-1.537934e+00	-1.510748e+00
1782          	warmPlate	1.221056e+01	1.595075e+01	1.995779e+00
1782          	OVC	1.093565e+01	1.590584e+01	1.181466e+01
1782          	shield_slave	-3.264385e+00	-1.537934e+00	-1.510748e+00
1783          	warmPlate	1.221056e+01	1.595075e+01	1.995779e+00
1783          	OVC	1.093565e+01	1.590584e+01	1.181466e+01
1783          	shield_slave	-3.264385e+00	-1.537934e+00	-1.510748e+00
1784          	warmPlate	1.221056e+01	1.595075e+01	1.995779e+00
1784          	OVC	1.093565e+01	1.590584e+01	1.181466e+01
1784          	shield_slave	-3.264385e+00	-1.537934e+00	-1.510748e+00
1785          	warmPlate	1.221056e+01	1.595075e+01	1.995779e+00
1785          	OVC	1.093565e+01	1.590584e+01	1.181466e+01
1785          	shield_slave	-3.264385e+00	-1.537934e+00	-1.510748e+00
1786          	warmPlate	1.221056e+01	1.595075e+01	1.995779e+00
1786          	OVC	1.093565e+01	1.590584e+01	1.181466e+01
1786          	shield_slave	-3.264385e+00	-1.537934e+00	-1.510748e+00
1787          	warmPlate	1.221056e+01	1.595075e+01	1.995779e+00
1787          	OVC	1.093565e+01	1.590584e+01	1.181466e+01
1787          	shield_slave	-3.264385e+00	-1.537934e+00	-1.510748e+00
1788          	warmPlate	1.221056e+01	1.595075e+01	1.995779e+00
1788          	OVC	1.093565e+01	1.590584e+01	1.181466e+01
1788          	shield_slave	-3.264385e+00	-1.537934e+00	-1.510748e+00
1789          	warmPlate	1.221056e+01	1.595075e+01	1.995779e+00
1789          	OVC	1.093565e+01	1.590584e+01	1.181466e+01
1789          	shield_slave	-3.264385e+00	-1.537934e+00	-1.510748e+00
1790          	warmPlate	1.221056e+01	1.595075e+01	1.995779e+00
1790          	OVC	1.093565e+01	1.590584e+01	1.181466e+01
1790          	shield_slave	-3.264385e+00	-1.537934e+00	-1.510748e+00
1791          	warmPlate	1.221056e+01	1.595075e+01	1.995779e+00
1791          	OVC	1.093565e+01	1.590584e+01	1.181466e+01
1791          	shield_slave	-3.264385e+00	-1.537934e+00	-1.510748e+00
1792          	warmPlate	1.221056e+01	1.595075e+01	1.995779e+00
1792          	OVC	1.093565e+01	1.590584e+01	1.181466e+01
1792          	shield_slave	-3.264385e+00	-1.537934e+00	-1.510748e+00
1793          	warmPlate	1.221056e+01	1.595075e+01	1.995779e+00
1793          	OVC	1.093565e+01	1.590584e+01	1.181466e+01
1793          	shield_slave	-3.264385e+00	-1.537934e+00	-1.510748e+00
1794          	warmPlate	1.221056e+01	1.595075e+01	1.995779e+00
1794          	OVC	1.093565e+01	1.590584e+01	1.181466e+01
1794          	shield_slave	-3.264385e+00	-1.537934e+00	-1.510748e+00
1795          	warmPlate	1.221056e+01	1.595075e+01	1.995779e+00
1795          	OVC	1.093565e+01	1.590584e+01	1.181466e+01
1795          	shield_slave	-3.264385e+00	-1.537934e+00	-1.510748e+00
1796          	warmPlate	1.221056e+01	1.595075e+01	1.995779e+00
1796          	OVC	1.093565e+01	1.590584e+01	1.181466e+01
1796          	shield_slave	-3.264385e+00	-1.537934e+00	-1.510748e+00
1797          	warmPlate	1.221056e+01	1.595075e+01	1.995779e+00
1797          	OVC	1.093565e+01	1.590584e+01	1.181466e+01
1797          	shield_slave	-3.264385e+00	-1.537934e+00	-1.510748e+00
1798          	warmPlate	1.221056e+01	1.595075e+01	1.995779e+00
1798          	OVC	1.093565e+01	1.590584e+01	1.181466e+01
1798          	shield_slave	-3.264385e+00	-1.537934e+00	-1.510748e+00
1799          	warmPlate	1.221056e+01	1.595075e+01	1.995779e+00
1799          	OVC	1.093565e+01	1.590584e+01	1.181466e+01
1799          	shield_slave	-3.264385e+00	-1.537934e+00	-1.510748e+00
1800          	warmPlate	1.221056e+01	1.595075e+01	1.995779e+00
1800          	OVC	1.093565e+01	1.590584e+01	1.181466e+01
1800          	shield_slave	-3.264385e+00	-1.537934e+00	-1.510748e+00
1801          	warmPlate	1.221056e+01	1.595075e+01	1.995779e+00
1801          	OVC	1.093565e+01	1.590584e+01	1.181466e+01
1801          	shield_slave	-3.264385e+00	-1.537934e+00	-1.510748e+00
1802          	warmPlate	1.221056e+01	1.595075e+01	1.995779e+00
1802          	OVC	1.093565e+01	1.590584e+01	1.181466e+01
1802          	shield_slave	-3.264385e+00	-1.537934e+00	-1.510748e+00
1803          	warmPlate	1.221056e+01	1.595075e+01	1.995779e+00
1803          	OVC	1.093565e+01	1.590584e+01	1.181466e+01
1803          	shield_slave	-3.264385e+00	-1.537934e+00	-1.510748e+00
1804          	warmPlate	1.221056e+01	1.595075e+01	1.995779e+00
1804          	OVC	1.093565e+01	1.590584e+01	1.181466e+01
1804          	shield_slave	-3.264385e+00	-1.537934e+00	-1.510748e+00
1805          	warmPlate	1.221056e+01	1.595075e+01	1.995779e+00
1805          	OVC	1.093565e+01	1.590584e+01	1.181466e+01
1805          	shield_slave	-3.264385e+00	-1.537934e+00	-1.510748e+00
1806          	warmPlate	1.221056e+01	1.595075e+01	1.995779e+00
1806          	OVC	1.093565e+01	1.590584e+01	1.181466e+01
1806          	shield_slave	-3.264385e+00	-1.537934e+00	-1.510748e+00
1807          	warmPlate	1.221056e+01	1.595075e+01	1.995779e+00
1807          	OVC	1.093565e+01	1.590584e+01	1.181466e+01
1807          	shield_slave	-3.264385e+00	-1.537934e+00	-1.510748e+00
1808          	warmPlate	1.221056e+01	1.595075e+01	1.995779e+00
1808          	OVC	1.093565e+01	1.590584e+01	1.181466e+01
1808          	shield_slave	-3.264385e+00	-1.537934e+00	-1.510748e+00
1809          	warmPlate	1.221056e+01	1.595075e+01	1.995779e+00
1809          	OVC	1.093565e+01	1.590584e+01	1.181466e+01
1809          	shield_slave	-3.264385e+00	-1.537934e+00	-1.510748e+00
1810          	warmPlate	1.221056e+01	1.595075e+01	1.995779e+00
1810          	OVC	1.093565e+01	1.590584e+01	1.181466e+01
1810          	shield_slave	-3.264385e+00	-1.537934e+00	-1.510748e+00
1811          	warmPlate	1.221056e+01	1.595075e+01	1.995779e+00
1811          	OVC	1.093565e+01	1.590584e+01	1.181466e+01
1811          	shield_slave	-3.264385e+00	-1.537934e+00	-1.510748e+00
1812          	warmPlate	1.221056e+01	1.595075e+01	1.995779e+00
1812          	OVC	1.093565e+01	1.590584e+01	1.181466e+01
1812          	shield_slave	-3.264385e+00	-1.537934e+00	-1.510748e+00
1813          	warmPlate	1.221056e+01	1.595075e+01	1.995779e+00
1813          	OVC	1.093565e+01	1.590584e+01	1.181466e+01
1813          	shield_slave	-3.264385e+00	-1.537934e+00	-1.510748e+00
1814          	warmPlate	1.221056e+01	1.595075e+01	1.995779e+00
1814          	OVC	1.093565e+01	1.590584e+01	1.181466e+01
1814          	shield_slave	-3.264385e+00	-1.537934e+00	-1.510748e+00
1815          	warmPlate	1.221056e+01	1.595075e+01	1.995779e+00
1815          	OVC	1.093565e+01	1.590584e+01	1.181466e+01
1815          	shield_slave	-3.264385e+00	-1.537934e+00	-1.510748e+00
1816          	warmPlate	1.221056e+01	1.595075e+01	1.995779e+00
1816          	OVC	1.093565e+01	1.590584e+01	1.181466e+01
1816          	shield_slave	-3.264385e+00	-1.537934e+00	-1.510748e+00
1817          	warmPlate	1.221056e+01	1.595075e+01	1.995779e+00
1817          	OVC	1.093565e+01	1.590584e+01	1.181466e+01
1817          	shield_slave	-3.264385e+00	-1.537934e+00	-1.510748e+00
1818          	warmPlate	1.221056e+01	1.595075e+01	1.995779e+00
1818          	OVC	1.093565e+01	1.590584e+01	1.181466e+01
1818          	shield_slave	-3.264385e+00	-1.537934e+00	-1.510748e+00
1819          	warmPlate	1.221056e+01	1.595075e+01	1.995779e+00
1819          	OVC	1.093565e+01	1.590584e+01	1.181466e+01
1819          	shield_slave	-3.264385e+00	-1.537934e+00	-1.510748e+00
1820          	warmPlate	1.221056e+01	1.595075e+01	1.995779e+00
1820          	OVC	1.093565e+01	1.590584e+01	1.181466e+01
1820          	shield_slave	-3.264385e+00	-1.537934e+00	-1.510748e+00
1821          	warmPlate	1.221056e+01	1.595075e+01	1.995779e+00
1821          	OVC	1.093565e+01	1.590584e+01	1.181466e+01
1821          	shield_slave	-3.264385e+00	-1.537934e+00	-1.510748e+00
1822          	warmPlate	1.221056e+01	1.595075e+01	1.995779e+00
1822          	OVC	1.093565e+01	1.590584e+01	1.181466e+01
1822          	shield_slave	-3.264385e+00	-1.537934e+00	-1.510748e+00
1823          	warmPlate	1.221056e+01	1.595075e+01	1.995779e+00
1823          	OVC	1.093565e+01	1.590584e+01	1.181466e+01
1823          	shield_slave	-3.264385e+00	-1.537934e+00	-1.510748e+00
1824          	warmPlate	1.221056e+01	1.595075e+01	1.995779e+00
1824          	OVC	1.093565e+01	1.590584e+01	1.181466e+01
1824          	shield_slave	-3.264385e+00	-1.537934e+00	-1.510748e+00
1825          	warmPlate	1.221056e+01	1.595075e+01	1.995779e+00
1825          	OVC	1.093565e+01	1.590584e+01	1.181466e+01
1825          	shield_slave	-3.264385e+00	-1.537934e+00	-1.510748e+00
1826          	warmPlate	1.221056e+01	1.595075e+01	1.995779e+00
1826          	OVC	1.093565e+01	1.590584e+01	1.181466e+01
1826          	shield_slave	-3.264385e+00	-1.537934e+00	-1.510748e+00
1827          	warmPlate	1.221056e+01	1.595075e+01	1.995779e+00
1827          	OVC	1.093565e+01	1.590584e+01	1.181466e+01
1827          	shield_slave	-3.264385e+00	-1.537934e+00	-1.510748e+00
1828          	warmPlate	1.221056e+01	1.595075e+01	1.995779e+00
1828          	OVC	1.093565e+01	1.590584e+01	1.181466e+01
1828          	shield_slave	-3.264385e+00	-1.537934e+00	-1.510748e+00
1829          	warmPlate	1.221056e+01	1.595075e+01	1.995779e+00
1829          	OVC	1.093565e+01	1.590584e+01	1.181466e+01
1829          	shield_slave	-3.264385e+00	-1.537934e+00	-1.510748e+00
1830          	warmPlate	1.221056e+01	1.595075e+01	1.995779e+00
1830          	OVC	1.093565e+01	1.590584e+01	1.181466e+01
1830          	shield_slave	-3.264385e+00	-1.537934e+00	-1.510748e+00
1831          	warmPlate	1.221056e+01	1.595075e+01	1.995779e+00
1831          	OVC	1.093565e+01	1.590584e+01	1.181466e+01
1831          	shield_slave	-3.264385e+00	-1.537934e+00	-1.510748e+00
1832          	warmPlate	1.221056e+01	1.595075e+01	1.995779e+00
1832          	OVC	1.093565e+01	1.590584e+01	1.181466e+01
1832          	shield_slave	-3.264385e+00	-1.537934e+00	-1.510748e+00
1833          	warmPlate	1.221056e+01	1.595075e+01	1.995779e+00
1833          	OVC	1.093565e+01	1.590584e+01	1.181466e+01
1833          	shield_slave	-3.264385e+00	-1.537934e+00	-1.510748e+00
1834          	warmPlate	1.221056e+01	1.595075e+01	1.995779e+00
1834          	OVC	1.093565e+01	1.590584e+01	1.181466e+01
1834          	shield_slave	-3.264385e+00	-1.537934e+00	-1.510748e+00
1835          	warmPlate	1.221056e+01	1.595075e+01	1.995779e+00
1835          	OVC	1.093565e+01	1.590584e+01	1.181466e+01
1835          	shield_slave	-3.264385e+00	-1.537934e+00	-1.510748e+00
1836          	warmPlate	1.221056e+01	1.595075e+01	1.995779e+00
1836          	OVC	1.093565e+01	1.590584e+01	1.181466e+01
1836          	shield_slave	-3.264385e+00	-1.537934e+00	-1.510748e+00
1837          	warmPlate	1.221056e+01	1.595075e+01	1.995779e+00
1837          	OVC	1.093565e+01	1.590584e+01	1.181466e+01
1837          	shield_slave	-3.264385e+00	-1.537934e+00	-1.510748e+00
1838          	warmPlate	1.221056e+01	1.595075e+01	1.995779e+00
1838          	OVC	1.093565e+01	1.590584e+01	1.181466e+01
1838          	shield_slave	-3.264385e+00	-1.537934e+00	-1.510748e+00
1839          	warmPlate	1.221056e+01	1.595075e+01	1.995779e+00
1839          	OVC	1.093565e+01	1.590584e+01	1.181466e+01
1839          	shield_slave	-3.264385e+00	-1.537934e+00	-1.510748e+00
1840          	warmPlate	1.221056e+01	1.595075e+01	1.995779e+00
1840          	OVC	1.093565e+01	1.590584e+01	1.181466e+01
1840          	shield_slave	-3.264385e+00	-1.537934e+00	-1.510748e+00
1841          	warmPlate	1.221056e+01	1.595075e+01	1.995779e+00
1841          	OVC	1.093565e+01	1.590584e+01	1.181466e+01
1841          	shield_slave	-3.264385e+00	-1.537934e+00	-1.510748e+00
1842          	warmPlate	1.221056e+01	1.595075e+01	1.995779e+00
1842          	OVC	1.093565e+01	1.590584e+01	1.181466e+01
1842          	shield_slave	-3.264385e+00	-1.537934e+00	-1.510748e+00
1843          	warmPlate	1.221056e+01	1.595075e+01	1.995779e+00
1843          	OVC	1.093565e+01	1.590584e+01	1.181466e+01
1843          	shield_slave	-3.264385e+00	-1.537934e+00	-1.510748e+00
1844          	warmPlate	1.221056e+01	1.595075e+01	1.995779e+00
1844          	OVC	1.093565e+01	1.590584e+01	1.181466e+01
1844          	shield_slave	-3.264385e+00	-1.537934e+00	-1.510748e+00
1845          	warmPlate	1.221056e+01	1.595075e+01	1.995779e+00
1845          	OVC	1.093565e+01	1.590584e+01	1.181466e+01
1845          	shield_slave	-3.264385e+00	-1.537934e+00	-1.510748e+00
1846          	warmPlate	1.221056e+01	1.595075e+01	1.995779e+00
1846          	OVC	1.093565e+01	1.590584e+01	1.181466e+01
1846          	shield_slave	-3.264385e+00	-1.537934e+00	-1.510748e+00
1847          	warmPlate	1.221056e+01	1.595075e+01	1.995779e+00
1847          	OVC	1.093565e+01	1.590584e+01	1.181466e+01
1847          	shield_slave	-3.264385e+00	-1.537934e+00	-1.510748e+00
1848          	warmPlate	1.221056e+01	1.595075e+01	1.995779e+00
1848          	OVC	1.093565e+01	1.590584e+01	1.181466e+01
1848          	shield_slave	-3.264385e+00	-1.537934e+00	-1.510748e+00
1849          	warmPlate	1.221056e+01	1.595075e+01	1.995779e+00
1849          	OVC	1.093565e+01	1.590584e+01	1.181466e+01
1849          	shield_slave	-3.264385e+00	-1.537934e+00	-1.510748e+00
1850          	warmPlate	1.221056e+01	1.595075e+01	1.995779e+00
1850          	OVC	1.093565e+01	1.590584e+01	1.181466e+01
1850          	shield_slave	-3.264385e+00	-1.537934e+00	-1.510748e+00
1851          	warmPlate	1.221056e+01	1.595075e+01	1.995779e+00
1851          	OVC	1.093565e+01	1.590584e+01	1.181466e+01
1851          	shield_slave	-3.264385e+00	-1.537934e+00	-1.510748e+00
1852          	warmPlate	1.221056e+01	1.595075e+01	1.995779e+00
1852          	OVC	1.093565e+01	1.590584e+01	1.181466e+01
1852          	shield_slave	-3.264385e+00	-1.537934e+00	-1.510748e+00
1853          	warmPlate	1.221056e+01	1.595075e+01	1.995779e+00
1853          	OVC	1.093565e+01	1.590584e+01	1.181466e+01
1853          	shield_slave	-3.264385e+00	-1.537934e+00	-1.510748e+00
1854          	warmPlate	1.221056e+01	1.595075e+01	1.995779e+00
1854          	OVC	1.093565e+01	1.590584e+01	1.181466e+01
1854          	shield_slave	-3.264385e+00	-1.537934e+00	-1.510748e+00
1855          	warmPlate	1.221056e+01	1.595075e+01	1.995779e+00
1855          	OVC	1.093565e+01	1.590584e+01	1.181466e+01
1855          	shield_slave	-3.264385e+00	-1.537934e+00	-1.510748e+00
1856          	warmPlate	1.221056e+01	1.595075e+01	1.995779e+00
1856          	OVC	1.093565e+01	1.590584e+01	1.181466e+01
1856          	shield_slave	-3.264385e+00	-1.537934e+00	-1.510748e+00
1857          	warmPlate	1.221056e+01	1.595075e+01	1.995779e+00
1857          	OVC	1.093565e+01	1.590584e+01	1.181466e+01
1857          	shield_slave	-3.264385e+00	-1.537934e+00	-1.510748e+00
1858          	warmPlate	1.221056e+01	1.595075e+01	1.995779e+00
1858          	OVC	1.093565e+01	1.590584e+01	1.181466e+01
1858          	shield_slave	-3.264385e+00	-1.537934e+00	-1.510748e+00
1859          	warmPlate	1.221056e+01	1.595075e+01	1.995779e+00
1859          	OVC	1.093565e+01	1.590584e+01	1.181466e+01
1859          	shield_slave	-3.264385e+00	-1.537934e+00	-1.510748e+00
1860          	warmPlate	1.221056e+01	1.595075e+01	1.995779e+00
1860          	OVC	1.093565e+01	1.590584e+01	1.181466e+01
1860          	shield_slave	-3.264385e+00	-1.537934e+00	-1.510748e+00
1861          	warmPlate	1.221056e+01	1.595075e+01	1.995779e+00
1861          	OVC	1.093565e+01	1.590584e+01	1.181466e+01
1861          	shield_slave	-3.264385e+00	-1.537934e+00	-1.510748e+00
1862          	warmPlate	1.221056e+01	1.595075e+01	1.995779e+00
1862          	OVC	1.093565e+01	1.590584e+01	1.181466e+01
1862          	shield_slave	-3.264385e+00	-1.537934e+00	-1.510748e+00
1863          	warmPlate	1.221056e+01	1.595075e+01	1.995779e+00
1863          	OVC	1.093565e+01	1.590584e+01	1.181466e+01
1863          	shield_slave	-3.264385e+00	-1.537934e+00	-1.510748e+00
1864          	warmPlate	1.221056e+01	1.595075e+01	1.995779e+00
1864          	OVC	1.093565e+01	1.590584e+01	1.181466e+01
1864          	shield_slave	-3.264385e+00	-1.537934e+00	-1.510748e+00
1865          	warmPlate	1.221056e+01	1.595075e+01	1.995779e+00
1865          	OVC	1.093565e+01	1.590584e+01	1.181466e+01
1865          	shield_slave	-3.264385e+00	-1.537934e+00	-1.510748e+00
1866          	warmPlate	1.221056e+01	1.595075e+01	1.995779e+00
1866          	OVC	1.093565e+01	1.590584e+01	1.181466e+01
1866          	shield_slave	-3.264385e+00	-1.537934e+00	-1.510748e+00
1867          	warmPlate	1.221056e+01	1.595075e+01	1.995779e+00
1867          	OVC	1.093565e+01	1.590584e+01	1.181466e+01
1867          	shield_slave	-3.264385e+00	-1.537934e+00	-1.510748e+00
1868          	warmPlate	1.221056e+01	1.595075e+01	1.995779e+00
1868          	OVC	1.093565e+01	1.590584e+01	1.181466e+01
1868          	shield_slave	-3.264385e+00	-1.537934e+00	-1.510748e+00
1869          	warmPlate	1.221056e+01	1.595075e+01	1.995779e+00
1869          	OVC	1.093565e+01	1.590584e+01	1.181466e+01
1869          	shield_slave	-3.264385e+00	-1.537934e+00	-1.510748e+00
1870          	warmPlate	1.221056e+01	1.595075e+01	1.995779e+00
1870          	OVC	1.093565e+01	1.590584e+01	1.181466e+01
1870          	shield_slave	-3.264385e+00	-1.537934e+00	-1.510748e+00
1871          	warmPlate	1.221056e+01	1.595075e+01	1.995779e+00
1871          	OVC	1.093565e+01	1.590584e+01	1.181466e+01
1871          	shield_slave	-3.264385e+00	-1.537934e+00	-1.510748e+00
1872          	warmPlate	1.221056e+01	1.595075e+01	1.995779e+00
1872          	OVC	1.093565e+01	1.590584e+01	1.181466e+01
1872          	shield_slave	-3.264385e+00	-1.537934e+00	-1.510748e+00
1873          	warmPlate	1.221056e+01	1.595075e+01	1.995779e+00
1873          	OVC	1.093565e+01	1.590584e+01	1.181466e+01
1873          	shield_slave	-3.264385e+00	-1.537934e+00	-1.510748e+00
1874          	warmPlate	1.221056e+01	1.595075e+01	1.995779e+00
1874          	OVC	1.093565e+01	1.590584e+01	1.181466e+01
1874          	shield_slave	-3.264385e+00	-1.537934e+00	-1.510748e+00
1875          	warmPlate	1.221056e+01	1.595075e+01	1.995779e+00
1875          	OVC	1.093565e+01	1.590584e+01	1.181466e+01
1875          	shield_slave	-3.264385e+00	-1.537934e+00	-1.510748e+00
1876          	warmPlate	1.221056e+01	1.595075e+01	1.995779e+00
1876          	OVC	1.093565e+01	1.590584e+01	1.181466e+01
1876          	shield_slave	-3.264385e+00	-1.537934e+00	-1.510748e+00
1877          	warmPlate	1.221056e+01	1.595075e+01	1.995779e+00
1877          	OVC	1.093565e+01	1.590584e+01	1.181466e+01
1877          	shield_slave	-3.264385e+00	-1.537934e+00	-1.510748e+00
1878          	warmPlate	1.221056e+01	1.595075e+01	1.995779e+00
1878          	OVC	1.093565e+01	1.590584e+01	1.181466e+01
1878          	shield_slave	-3.264385e+00	-1.537934e+00	-1.510748e+00
1879          	warmPlate	1.221056e+01	1.595075e+01	1.995779e+00
1879          	OVC	1.093565e+01	1.590584e+01	1.181466e+01
1879          	shield_slave	-3.264385e+00	-1.537934e+00	-1.510748e+00
1880          	warmPlate	1.221056e+01	1.595075e+01	1.995779e+00
1880          	OVC	1.093565e+01	1.590584e+01	1.181466e+01
1880          	shield_slave	-3.264385e+00	-1.537934e+00	-1.510748e+00
1881          	warmPlate	1.221056e+01	1.595075e+01	1.995779e+00
1881          	OVC	1.093565e+01	1.590584e+01	1.181466e+01
1881          	shield_slave	-3.264385e+00	-1.537934e+00	-1.510748e+00
1882          	warmPlate	1.221056e+01	1.595075e+01	1.995779e+00
1882          	OVC	1.093565e+01	1.590584e+01	1.181466e+01
1882          	shield_slave	-3.264385e+00	-1.537934e+00	-1.510748e+00
1883          	warmPlate	1.221056e+01	1.595075e+01	1.995779e+00
1883          	OVC	1.093565e+01	1.590584e+01	1.181466e+01
1883          	shield_slave	-3.264385e+00	-1.537934e+00	-1.510748e+00
1884          	warmPlate	1.221056e+01	1.595075e+01	1.995779e+00
1884          	OVC	1.093565e+01	1.590584e+01	1.181466e+01
1884          	shield_slave	-3.264385e+00	-1.537934e+00	-1.510748e+00
1885          	warmPlate	1.221056e+01	1.595075e+01	1.995779e+00
1885          	OVC	1.093565e+01	1.590584e+01	1.181466e+01
1885          	shield_slave	-3.264385e+00	-1.537934e+00	-1.510748e+00
1886          	warmPlate	1.221056e+01	1.595075e+01	1.995779e+00
1886          	OVC	1.093565e+01	1.590584e+01	1.181466e+01
1886          	shield_slave	-3.264385e+00	-1.537934e+00	-1.510748e+00
1887          	warmPlate	1.221056e+01	1.595075e+01	1.995779e+00
1887          	OVC	1.093565e+01	1.590584e+01	1.181466e+01
1887          	shield_slave	-3.264385e+00	-1.537934e+00	-1.510748e+00
1888          	warmPlate	1.221056e+01	1.595075e+01	1.995779e+00
1888          	OVC	1.093565e+01	1.590584e+01	1.181466e+01
1888          	shield_slave	-3.264385e+00	-1.537934e+00	-1.510748e+00
1889          	warmPlate	1.221056e+01	1.595075e+01	1.995779e+00
1889          	OVC	1.093565e+01	1.590584e+01	1.181466e+01
1889          	shield_slave	-3.264385e+00	-1.537934e+00	-1.510748e+00
1890          	warmPlate	1.221056e+01	1.595075e+01	1.995779e+00
1890          	OVC	1.093565e+01	1.590584e+01	1.181466e+01
1890          	shield_slave	-3.264385e+00	-1.537934e+00	-1.510748e+00
1891          	warmPlate	1.221056e+01	1.595075e+01	1.995779e+00
1891          	OVC	1.093565e+01	1.590584e+01	1.181466e+01
1891          	shield_slave	-3.264385e+00	-1.537934e+00	-1.510748e+00
1892          	warmPlate	1.221056e+01	1.595075e+01	1.995779e+00
1892          	OVC	1.093565e+01	1.590584e+01	1.181466e+01
1892          	shield_slave	-3.264385e+00	-1.537934e+00	-1.510748e+00
1893          	warmPlate	1.221056e+01	1.595075e+01	1.995779e+00
1893          	OVC	1.093565e+01	1.590584e+01	1.181466e+01
1893          	shield_slave	-3.264385e+00	-1.537934e+00	-1.510748e+00
1894          	warmPlate	1.221056e+01	1.595075e+01	1.995779e+00
1894          	OVC	1.093565e+01	1.590584e+01	1.181466e+01
1894          	shield_slave	-3.264385e+00	-1.537934e+00	-1.510748e+00
1895          	warmPlate	1.221056e+01	1.595075e+01	1.995779e+00
1895          	OVC	1.093565e+01	1.590584e+01	1.181466e+01
1895          	shield_slave	-3.264385e+00	-1.537934e+00	-1.510748e+00
1896          	warmPlate	1.221056e+01	1.595075e+01	1.995779e+00
1896          	OVC	1.093565e+01	1.590584e+01	1.181466e+01
1896          	shield_slave	-3.264385e+00	-1.537934e+00	-1.510748e+00
1897          	warmPlate	1.221056e+01	1.595075e+01	1.995779e+00
1897          	OVC	1.093565e+01	1.590584e+01	1.181466e+01
1897          	shield_slave	-3.264385e+00	-1.537934e+00	-1.510748e+00
1898          	warmPlate	1.221056e+01	1.595075e+01	1.995779e+00
1898          	OVC	1.093565e+01	1.590584e+01	1.181466e+01
1898          	shield_slave	-3.264385e+00	-1.537934e+00	-1.510748e+00
1899          	warmPlate	1.221056e+01	1.595075e+01	1.995779e+00
1899          	OVC	1.093565e+01	1.590584e+01	1.181466e+01
1899          	shield_slave	-3.264385e+00	-1.537934e+00	-1.510748e+00
1900          	warmPlate	1.221056e+01	1.595075e+01	1.995779e+00
1900          	OVC	1.093565e+01	1.590584e+01	1.181466e+01
1900          	shield_slave	-3.264385e+00	-1.537934e+00	-1.510748e+00
1901          	warmPlate	1.221056e+01	1.595075e+01	1.995779e+00
1901          	OVC	1.093565e+01	1.590584e+01	1.181466e+01
1901          	shield_slave	-3.264385e+00	-1.537934e+00	-1.510748e+00
1902          	warmPlate	1.221056e+01	1.595075e+01	1.995779e+00
1902          	OVC	1.093565e+01	1.590584e+01	1.181466e+01
1902          	shield_slave	-3.264385e+00	-1.537934e+00	-1.510748e+00
1903          	warmPlate	1.221056e+01	1.595075e+01	1.995779e+00
1903          	OVC	1.093565e+01	1.590584e+01	1.181466e+01
1903          	shield_slave	-3.264385e+00	-1.537934e+00	-1.510748e+00
1904          	warmPlate	1.221056e+01	1.595075e+01	1.995779e+00
1904          	OVC	1.093565e+01	1.590584e+01	1.181466e+01
1904          	shield_slave	-3.264385e+00	-1.537934e+00	-1.510748e+00
1905          	warmPlate	1.221056e+01	1.595075e+01	1.995779e+00
1905          	OVC	1.093565e+01	1.590584e+01	1.181466e+01
1905          	shield_slave	-3.264385e+00	-1.537934e+00	-1.510748e+00
1906          	warmPlate	1.221056e+01	1.595075e+01	1.995779e+00
1906          	OVC	1.093565e+01	1.590584e+01	1.181466e+01
1906          	shield_slave	-3.264385e+00	-1.537934e+00	-1.510748e+00
1907          	warmPlate	1.221056e+01	1.595075e+01	1.995779e+00
1907          	OVC	1.093565e+01	1.590584e+01	1.181466e+01
1907          	shield_slave	-3.264385e+00	-1.537934e+00	-1.510748e+00
1908          	warmPlate	1.221056e+01	1.595075e+01	1.995779e+00
1908          	OVC	1.093565e+01	1.590584e+01	1.181466e+01
1908          	shield_slave	-3.264385e+00	-1.537934e+00	-1.510748e+00
1909          	warmPlate	1.221056e+01	1.595075e+01	1.995779e+00
1909          	OVC	1.093565e+01	1.590584e+01	1.181466e+01
1909          	shield_slave	-3.264385e+00	-1.537934e+00	-1.510748e+00
1910          	warmPlate	1.221056e+01	1.595075e+01	1.995779e+00
1910          	OVC	1.093565e+01	1.590584e+01	1.181466e+01
1910          	shield_slave	-3.264385e+00	-1.537934e+00	-1.510748e+00
1911          	warmPlate	1.221056e+01	1.595075e+01	1.995779e+00
1911          	OVC	1.093565e+01	1.590584e+01	1.181466e+01
1911          	shield_slave	-3.264385e+00	-1.537934e+00	-1.510748e+00
1912          	warmPlate	1.221056e+01	1.595075e+01	1.995779e+00
1912          	OVC	1.093565e+01	1.590584e+01	1.181466e+01
1912          	shield_slave	-3.264385e+00	-1.537934e+00	-1.510748e+00
1913          	warmPlate	1.221056e+01	1.595075e+01	1.995779e+00
1913          	OVC	1.093565e+01	1.590584e+01	1.181466e+01
1913          	shield_slave	-3.264385e+00	-1.537934e+00	-1.510748e+00
1914          	warmPlate	1.221056e+01	1.595075e+01	1.995779e+00
1914          	OVC	1.093565e+01	1.590584e+01	1.181466e+01
1914          	shield_slave	-3.264385e+00	-1.537934e+00	-1.510748e+00
1915          	warmPlate	1.221056e+01	1.595075e+01	1.995779e+00
1915          	OVC	1.093565e+01	1.590584e+01	1.181466e+01
1915          	shield_slave	-3.264385e+00	-1.537934e+00	-1.510748e+00
1916          	warmPlate	1.221056e+01	1.595075e+01	1.995779e+00
1916          	OVC	1.093565e+01	1.590584e+01	1.181466e+01
1916          	shield_slave	-3.264385e+00	-1.537934e+00	-1.510748e+00
1917          	warmPlate	1.221056e+01	1.595075e+01	1.995779e+00
1917          	OVC	1.093565e+01	1.590584e+01	1.181466e+01
1917          	shield_slave	-3.264385e+00	-1.537934e+00	-1.510748e+00
1918          	warmPlate	1.221056e+01	1.595075e+01	1.995779e+00
1918          	OVC	1.093565e+01	1.590584e+01	1.181466e+01
1918          	shield_slave	-3.264385e+00	-1.537934e+00	-1.510748e+00
1919          	warmPlate	1.221056e+01	1.595075e+01	1.995779e+00
1919          	OVC	1.093565e+01	1.590584e+01	1.181466e+01
1919          	shield_slave	-3.264385e+00	-1.537934e+00	-1.510748e+00
1920          	warmPlate	1.221056e+01	1.595075e+01	1.995779e+00
1920          	OVC	1.093565e+01	1.590584e+01	1.181466e+01
1920          	shield_slave	-3.264385e+00	-1.537934e+00	-1.510748e+00
1921          	warmPlate	1.221056e+01	1.595075e+01	1.995779e+00
1921          	OVC	1.093565e+01	1.590584e+01	1.181466e+01
1921          	shield_slave	-3.264385e+00	-1.537934e+00	-1.510748e+00
1922          	warmPlate	1.221056e+01	1.595075e+01	1.995779e+00
1922          	OVC	1.093565e+01	1.590584e+01	1.181466e+01
1922          	shield_slave	-3.264385e+00	-1.537934e+00	-1.510748e+00
1923          	warmPlate	1.221056e+01	1.595075e+01	1.995779e+00
1923          	OVC	1.093565e+01	1.590584e+01	1.181466e+01
1923          	shield_slave	-3.264385e+00	-1.537934e+00	-1.510748e+00
1924          	warmPlate	1.221056e+01	1.595075e+01	1.995779e+00
1924          	OVC	1.093565e+01	1.590584e+01	1.181466e+01
1924          	shield_slave	-3.264385e+00	-1.537934e+00	-1.510748e+00
1925          	warmPlate	1.221056e+01	1.595075e+01	1.995779e+00
1925          	OVC	1.093565e+01	1.590584e+01	1.181466e+01
1925          	shield_slave	-3.264385e+00	-1.537934e+00	-1.510748e+00
1926          	warmPlate	1.221056e+01	1.595075e+01	1.995779e+00
1926          	OVC	1.093565e+01	1.590584e+01	1.181466e+01
1926          	shield_slave	-3.264385e+00	-1.537934e+00	-1.510748e+00
1927          	warmPlate	1.221056e+01	1.595075e+01	1.995779e+00
1927          	OVC	1.093565e+01	1.590584e+01	1.181466e+01
1927          	shield_slave	-3.264385e+00	-1.537934e+00	-1.510748e+00
1928          	warmPlate	1.221056e+01	1.595075e+01	1.995779e+00
1928          	OVC	1.093565e+01	1.590584e+01	1.181466e+01
1928          	shield_slave	-3.264385e+00	-1.537934e+00	-1.510748e+00
1929          	warmPlate	1.221056e+01	1.595075e+01	1.995779e+00
1929          	OVC	1.093565e+01	1.590584e+01	1.181466e+01
1929          	shield_slave	-3.264385e+00	-1.537934e+00	-1.510748e+00
1930          	warmPlate	1.221056e+01	1.595075e+01	1.995779e+00
1930          	OVC	1.093565e+01	1.590584e+01	1.181466e+01
1930          	shield_slave	-3.264385e+00	-1.537934e+00	-1.510748e+00
1931          	warmPlate	1.221056e+01	1.595075e+01	1.995779e+00
1931          	OVC	1.093565e+01	1.590584e+01	1.181466e+01
1931          	shield_slave	-3.264385e+00	-1.537934e+00	-1.510748e+00
1932          	warmPlate	1.221056e+01	1.595075e+01	1.995779e+00
1932          	OVC	1.093565e+01	1.590584e+01	1.181466e+01
1932          	shield_slave	-3.264385e+00	-1.537934e+00	-1.510748e+00
1933          	warmPlate	1.221056e+01	1.595075e+01	1.995779e+00
1933          	OVC	1.093565e+01	1.590584e+01	1.181466e+01
1933          	shield_slave	-3.264385e+00	-1.537934e+00	-1.510748e+00
1934          	warmPlate	1.221056e+01	1.595075e+01	1.995779e+00
1934          	OVC	1.093565e+01	1.590584e+01	1.181466e+01
1934          	shield_slave	-3.264385e+00	-1.537934e+00	-1.510748e+00
1935          	warmPlate	1.221056e+01	1.595075e+01	1.995779e+00
1935          	OVC	1.093565e+01	1.590584e+01	1.181466e+01
1935          	shield_slave	-3.264385e+00	-1.537934e+00	-1.510748e+00
1936          	warmPlate	1.221056e+01	1.595075e+01	1.995779e+00
1936          	OVC	1.093565e+01	1.590584e+01	1.181466e+01
1936          	shield_slave	-3.264385e+00	-1.537934e+00	-1.510748e+00
1937          	warmPlate	1.221056e+01	1.595075e+01	1.995779e+00
1937          	OVC	1.093565e+01	1.590584e+01	1.181466e+01
1937          	shield_slave	-3.264385e+00	-1.537934e+00	-1.510748e+00
1938          	warmPlate	1.221056e+01	1.595075e+01	1.995779e+00
1938          	OVC	1.093565e+01	1.590584e+01	1.181466e+01
1938          	shield_slave	-3.264385e+00	-1.537934e+00	-1.510748e+00
1939          	warmPlate	1.221056e+01	1.595075e+01	1.995779e+00
1939          	OVC	1.093565e+01	1.590584e+01	1.181466e+01
1939          	shield_slave	-3.264385e+00	-1.537934e+00	-1.510748e+00
1940          	warmPlate	1.221056e+01	1.595075e+01	1.995779e+00
1940          	OVC	1.093565e+01	1.590584e+01	1.181466e+01
1940          	shield_slave	-3.264385e+00	-1.537934e+00	-1.510748e+00
1941          	warmPlate	1.221056e+01	1.595075e+01	1.995779e+00
1941          	OVC	1.093565e+01	1.590584e+01	1.181466e+01
1941          	shield_slave	-3.264385e+00	-1.537934e+00	-1.510748e+00
1942          	warmPlate	1.221056e+01	1.595075e+01	1.995779e+00
1942          	OVC	1.093565e+01	1.590584e+01	1.181466e+01
1942          	shield_slave	-3.264385e+00	-1.537934e+00	-1.510748e+00
1943          	warmPlate	1.221056e+01	1.595075e+01	1.995779e+00
1943          	OVC	1.093565e+01	1.590584e+01	1.181466e+01
1943          	shield_slave	-3.264385e+00	-1.537934e+00	-1.510748e+00
1944          	warmPlate	1.221056e+01	1.595075e+01	1.995779e+00
1944          	OVC	1.093565e+01	1.590584e+01	1.181466e+01
1944          	shield_slave	-3.264385e+00	-1.537934e+00	-1.510748e+00
1945          	warmPlate	1.221056e+01	1.595075e+01	1.995779e+00
1945          	OVC	1.093565e+01	1.590584e+01	1.181466e+01
1945          	shield_slave	-3.264385e+00	-1.537934e+00	-1.510748e+00
1946          	warmPlate	1.221056e+01	1.595075e+01	1.995779e+00
1946          	OVC	1.093565e+01	1.590584e+01	1.181466e+01
1946          	shield_slave	-3.264385e+00	-1.537934e+00	-1.510748e+00
1947          	warmPlate	1.221056e+01	1.595075e+01	1.995779e+00
1947          	OVC	1.093565e+01	1.590584e+01	1.181466e+01
1947          	shield_slave	-3.264385e+00	-1.537934e+00	-1.510748e+00
1948          	warmPlate	1.221056e+01	1.595075e+01	1.995779e+00
1948          	OVC	1.093565e+01	1.590584e+01	1.181466e+01
1948          	shield_slave	-3.264385e+00	-1.537934e+00	-1.510748e+00
1949          	warmPlate	1.221056e+01	1.595075e+01	1.995779e+00
1949          	OVC	1.093565e+01	1.590584e+01	1.181466e+01
1949          	shield_slave	-3.264385e+00	-1.537934e+00	-1.510748e+00
1950          	warmPlate	1.221056e+01	1.595075e+01	1.995779e+00
1950          	OVC	1.093565e+01	1.590584e+01	1.181466e+01
1950          	shield_slave	-3.264385e+00	-1.537934e+00	-1.510748e+00
1951          	warmPlate	1.221056e+01	1.595075e+01	1.995779e+00
1951          	OVC	1.093565e+01	1.590584e+01	1.181466e+01
1951          	shield_slave	-3.264385e+00	-1.537934e+00	-1.510748e+00
1952          	warmPlate	1.221056e+01	1.595075e+01	1.995779e+00
1952          	OVC	1.093565e+01	1.590584e+01	1.181466e+01
1952          	shield_slave	-3.264385e+00	-1.537934e+00	-1.510748e+00
1953          	warmPlate	1.221056e+01	1.595075e+01	1.995779e+00
1953          	OVC	1.093565e+01	1.590584e+01	1.181466e+01
1953          	shield_slave	-3.264385e+00	-1.537934e+00	-1.510748e+00
1954          	warmPlate	1.221056e+01	1.595075e+01	1.995779e+00
1954          	OVC	1.093565e+01	1.590584e+01	1.181466e+01
1954          	shield_slave	-3.264385e+00	-1.537934e+00	-1.510748e+00
1955          	warmPlate	1.221056e+01	1.595075e+01	1.995779e+00
1955          	OVC	1.093565e+01	1.590584e+01	1.181466e+01
1955          	shield_slave	-3.264385e+00	-1.537934e+00	-1.510748e+00
1956          	warmPlate	1.221056e+01	1.595075e+01	1.995779e+00
1956          	OVC	1.093565e+01	1.590584e+01	1.181466e+01
1956          	shield_slave	-3.264385e+00	-1.537934e+00	-1.510748e+00
1957          	warmPlate	1.221056e+01	1.595075e+01	1.995779e+00
1957          	OVC	1.093565e+01	1.590584e+01	1.181466e+01
1957          	shield_slave	-3.264385e+00	-1.537934e+00	-1.510748e+00
1958          	warmPlate	1.221056e+01	1.595075e+01	1.995779e+00
1958          	OVC	1.093565e+01	1.590584e+01	1.181466e+01
1958          	shield_slave	-3.264385e+00	-1.537934e+00	-1.510748e+00
1959          	warmPlate	1.221056e+01	1.595075e+01	1.995779e+00
1959          	OVC	1.093565e+01	1.590584e+01	1.181466e+01
1959          	shield_slave	-3.264385e+00	-1.537934e+00	-1.510748e+00
1960          	warmPlate	1.221056e+01	1.595075e+01	1.995779e+00
1960          	OVC	1.093565e+01	1.590584e+01	1.181466e+01
1960          	shield_slave	-3.264385e+00	-1.537934e+00	-1.510748e+00
1961          	warmPlate	1.221056e+01	1.595075e+01	1.995779e+00
1961          	OVC	1.093565e+01	1.590584e+01	1.181466e+01
1961          	shield_slave	-3.264385e+00	-1.537934e+00	-1.510748e+00
1962          	warmPlate	1.221056e+01	1.595075e+01	1.995779e+00
1962          	OVC	1.093565e+01	1.590584e+01	1.181466e+01
1962          	shield_slave	-3.264385e+00	-1.537934e+00	-1.510748e+00
1963          	warmPlate	1.221056e+01	1.595075e+01	1.995779e+00
1963          	OVC	1.093565e+01	1.590584e+01	1.181466e+01
1963          	shield_slave	-3.264385e+00	-1.537934e+00	-1.510748e+00
1964          	warmPlate	1.221056e+01	1.595075e+01	1.995779e+00
1964          	OVC	1.093565e+01	1.590584e+01	1.181466e+01
1964          	shield_slave	-3.264385e+00	-1.537934e+00	-1.510748e+00
1965          	warmPlate	1.221056e+01	1.595075e+01	1.995779e+00
1965          	OVC	1.093565e+01	1.590584e+01	1.181466e+01
1965          	shield_slave	-3.264385e+00	-1.537934e+00	-1.510748e+00
1966          	warmPlate	1.221056e+01	1.595075e+01	1.995779e+00
1966          	OVC	1.093565e+01	1.590584e+01	1.181466e+01
1966          	shield_slave	-3.264385e+00	-1.537934e+00	-1.510748e+00
1967          	warmPlate	1.221056e+01	1.595075e+01	1.995779e+00
1967          	OVC	1.093565e+01	1.590584e+01	1.181466e+01
1967          	shield_slave	-3.264385e+00	-1.537934e+00	-1.510748e+00
1968          	warmPlate	1.221056e+01	1.595075e+01	1.995779e+00
1968          	OVC	1.093565e+01	1.590584e+01	1.181466e+01
1968          	shield_slave	-3.264385e+00	-1.537934e+00	-1.510748e+00
1969          	warmPlate	1.221056e+01	1.595075e+01	1.995779e+00
1969          	OVC	1.093565e+01	1.590584e+01	1.181466e+01
1969          	shield_slave	-3.264385e+00	-1.537934e+00	-1.510748e+00
1970          	warmPlate	1.221056e+01	1.595075e+01	1.995779e+00
1970          	OVC	1.093565e+01	1.590584e+01	1.181466e+01
1970          	shield_slave	-3.264385e+00	-1.537934e+00	-1.510748e+00
1971          	warmPlate	1.221056e+01	1.595075e+01	1.995779e+00
1971          	OVC	1.093565e+01	1.590584e+01	1.181466e+01
1971          	shield_slave	-3.264385e+00	-1.537934e+00	-1.510748e+00
1972          	warmPlate	1.221056e+01	1.595075e+01	1.995779e+00
1972          	OVC	1.093565e+01	1.590584e+01	1.181466e+01
1972          	shield_slave	-3.264385e+00	-1.537934e+00	-1.510748e+00
1973          	warmPlate	1.221056e+01	1.595075e+01	1.995779e+00
1973          	OVC	1.093565e+01	1.590584e+01	1.181466e+01
1973          	shield_slave	-3.264385e+00	-1.537934e+00	-1.510748e+00
1974          	warmPlate	1.221056e+01	1.595075e+01	1.995779e+00
1974          	OVC	1.093565e+01	1.590584e+01	1.181466e+01
1974          	shield_slave	-3.264385e+00	-1.537934e+00	-1.510748e+00
1975          	warmPlate	1.221056e+01	1.595075e+01	1.995779e+00
1975          	OVC	1.093565e+01	1.590584e+01	1.181466e+01
1975          	shield_slave	-3.264385e+00	-1.537934e+00	-1.510748e+00
1976          	warmPlate	1.221056e+01	1.595075e+01	1.995779e+00
1976          	OVC	1.093565e+01	1.590584e+01	1.181466e+01
1976          	shield_slave	-3.264385e+00	-1.537934e+00	-1.510748e+00
1977          	warmPlate	1.221056e+01	1.595075e+01	1.995779e+00
1977          	OVC	1.093565e+01	1.590584e+01	1.181466e+01
1977          	shield_slave	-3.264385e+00	-1.537934e+00	-1.510748e+00
1978          	warmPlate	1.221056e+01	1.595075e+01	1.995779e+00
1978          	OVC	1.093565e+01	1.590584e+01	1.181466e+01
1978          	shield_slave	-3.264385e+00	-1.537934e+00	-1.510748e+00
1979          	warmPlate	1.221056e+01	1.595075e+01	1.995779e+00
1979          	OVC	1.093565e+01	1.590584e+01	1.181466e+01
1979          	shield_slave	-3.264385e+00	-1.537934e+00	-1.510748e+00
1980          	warmPlate	1.221056e+01	1.595075e+01	1.995779e+00
1980          	OVC	1.093565e+01	1.590584e+01	1.181466e+01
1980          	shield_slave	-3.264385e+00	-1.537934e+00	-1.510748e+00
1981          	warmPlate	1.221056e+01	1.595075e+01	1.995779e+00
1981          	OVC	1.093565e+01	1.590584e+01	1.181466e+01
1981          	shield_slave	-3.264385e+00	-1.537934e+00	-1.510748e+00
1982          	warmPlate	1.221056e+01	1.595075e+01	1.995779e+00
1982          	OVC	1.093565e+01	1.590584e+01	1.181466e+01
1982          	shield_slave	-3.264385e+00	-1.537934e+00	-1.510748e+00
1983          	warmPlate	1.221056e+01	1.595075e+01	1.995779e+00
1983          	OVC	1.093565e+01	1.590584e+01	1.181466e+01
1983          	shield_slave	-3.264385e+00	-1.537934e+00	-1.510748e+00
1984          	warmPlate	1.221056e+01	1.595075e+01	1.995779e+00
1984          	OVC	1.093565e+01	1.590584e+01	1.181466e+01
1984          	shield_slave	-3.264385e+00	-1.537934e+00	-1.510748e+00
1985          	warmPlate	1.221056e+01	1.595075e+01	1.995779e+00
1985          	OVC	1.093565e+01	1.590584e+01	1.181466e+01
1985          	shield_slave	-3.264385e+00	-1.537934e+00	-1.510748e+00
1986          	warmPlate	1.221056e+01	1.595075e+01	1.995779e+00
1986          	OVC	1.093565e+01	1.590584e+01	1.181466e+01
1986          	shield_slave	-3.264385e+00	-1.537934e+00	-1.510748e+00
1987          	warmPlate	1.221056e+01	1.595075e+01	1.995779e+00
1987          	OVC	1.093565e+01	1.590584e+01	1.181466e+01
1987          	shield_slave	-3.264385e+00	-1.537934e+00	-1.510748e+00
1988          	warmPlate	1.221056e+01	1.595075e+01	1.995779e+00
1988          	OVC	1.093565e+01	1.590584e+01	1.181466e+01
1988          	shield_slave	-3.264385e+00	-1.537934e+00	-1.510748e+00
1989          	warmPlate	1.221056e+01	1.595075e+01	1.995779e+00
1989          	OVC	1.093565e+01	1.590584e+01	1.181466e+01
1989          	shield_slave	-3.264385e+00	-1.537934e+00	-1.510748e+00
1990          	warmPlate	1.221056e+01	1.595075e+01	1.995779e+00
1990          	OVC	1.093565e+01	1.590584e+01	1.181466e+01
1990          	shield_slave	-3.264385e+00	-1.537934e+00	-1.510748e+00
1991          	warmPlate	1.221056e+01	1.595075e+01	1.995779e+00
1991          	OVC	1.093565e+01	1.590584e+01	1.181466e+01
1991          	shield_slave	-3.264385e+00	-1.537934e+00	-1.510748e+00
1992          	warmPlate	1.221056e+01	1.595075e+01	1.995779e+00
1992          	OVC	1.093565e+01	1.590584e+01	1.181466e+01
1992          	shield_slave	-3.264385e+00	-1.537934e+00	-1.510748e+00
1993          	warmPlate	1.221056e+01	1.595075e+01	1.995779e+00
1993          	OVC	1.093565e+01	1.590584e+01	1.181466e+01
1993          	shield_slave	-3.264385e+00	-1.537934e+00	-1.510748e+00
1994          	warmPlate	1.221056e+01	1.595075e+01	1.995779e+00
1994          	OVC	1.093565e+01	1.590584e+01	1.181466e+01
1994          	shield_slave	-3.264385e+00	-1.537934e+00	-1.510748e+00
1995          	warmPlate	1.221056e+01	1.595075e+01	1.995779e+00
1995          	OVC	1.093565e+01	1.590584e+01	1.181466e+01
1995          	shield_slave	-3.264385e+00	-1.537934e+00	-1.510748e+00
1996          	warmPlate	1.221056e+01	1.595075e+01	1.995779e+00
1996          	OVC	1.093565e+01	1.590584e+01	1.181466e+01
1996          	shield_slave	-3.264385e+00	-1.537934e+00	-1.510748e+00
1997          	warmPlate	1.221056e+01	1.595075e+01	1.995779e+00
1997          	OVC	1.093565e+01	1.590584e+01	1.181466e+01
1997          	shield_slave	-3.264385e+00	-1.537934e+00	-1.510748e+00
1998          	warmPlate	1.221056e+01	1.595075e+01	1.995779e+00
1998          	OVC	1.093565e+01	1.590584e+01	1.181466e+01
1998          	shield_slave	-3.264385e+00	-1.537934e+00	-1.510748e+00
1999          	warmPlate	1.221056e+01	1.595075e+01	1.995779e+00
1999          	OVC	1.093565e+01	1.590584e+01	1.181466e+01
1999          	shield_slave	-3.264385e+00	-1.537934e+00	-1.510748e+00
2000          	warmPlate	1.221056e+01	1.595075e+01	1.995779e+00
2000          	OVC	1.093565e+01	1.590584e+01	1.181466e+01
2000          	shield_slave	-3.264385e+00	-1.537934e+00	-1.510748e+00
2001          	warmPlate	1.221056e+01	1.595075e+01	1.995779e+00
2001          	OVC	1.093565e+01	1.590584e+01	1.181466e+01
2001          	shield_slave	-3.264385e+00	-1.537934e+00	-1.510748e+00
2002          	warmPlate	1.221056e+01	1.595075e+01	1.995779e+00
2002          	OVC	1.093565e+01	1.590584e+01	1.181466e+01
2002          	shield_slave	-3.264385e+00	-1.537934e+00	-1.510748e+00
2003          	warmPlate	1.221056e+01	1.595075e+01	1.995779e+00
2003          	OVC	1.093565e+01	1.590584e+01	1.181466e+01
2003          	shield_slave	-3.264385e+00	-1.537934e+00	-1.510748e+00
2004          	warmPlate	1.221056e+01	1.595075e+01	1.995779e+00
2004          	OVC	1.093565e+01	1.590584e+01	1.181466e+01
2004          	shield_slave	-3.264385e+00	-1.537934e+00	-1.510748e+00
2005          	warmPlate	1.221056e+01	1.595075e+01	1.995779e+00
2005          	OVC	1.093565e+01	1.590584e+01	1.181466e+01
2005          	shield_slave	-3.264385e+00	-1.537934e+00	-1.510748e+00
2006          	warmPlate	1.221056e+01	1.595075e+01	1.995779e+00
2006          	OVC	1.093565e+01	1.590584e+01	1.181466e+01
2006          	shield_slave	-3.264385e+00	-1.537934e+00	-1.510748e+00
2007          	warmPlate	1.221056e+01	1.595075e+01	1.995779e+00
2007          	OVC	1.093565e+01	1.590584e+01	1.181466e+01
2007          	shield_slave	-3.264385e+00	-1.537934e+00	-1.510748e+00
2008          	warmPlate	1.221056e+01	1.595075e+01	1.995779e+00
2008          	OVC	1.093565e+01	1.590584e+01	1.181466e+01
2008          	shield_slave	-3.264385e+00	-1.537934e+00	-1.510748e+00
2009          	warmPlate	1.221056e+01	1.595075e+01	1.995779e+00
2009          	OVC	1.093565e+01	1.590584e+01	1.181466e+01
2009          	shield_slave	-3.264385e+00	-1.537934e+00	-1.510748e+00
2010          	warmPlate	1.221056e+01	1.595075e+01	1.995779e+00
2010          	OVC	1.093565e+01	1.590584e+01	1.181466e+01
2010          	shield_slave	-3.264385e+00	-1.537934e+00	-1.510748e+00
2011          	warmPlate	1.221056e+01	1.595075e+01	1.995779e+00
2011          	OVC	1.093565e+01	1.590584e+01	1.181466e+01
2011          	shield_slave	-3.264385e+00	-1.537934e+00	-1.510748e+00
2012          	warmPlate	1.221056e+01	1.595075e+01	1.995779e+00
2012          	OVC	1.093565e+01	1.590584e+01	1.181466e+01
2012          	shield_slave	-3.264385e+00	-1.537934e+00	-1.510748e+00
2013          	warmPlate	1.221056e+01	1.595075e+01	1.995779e+00
2013          	OVC	1.093565e+01	1.590584e+01	1.181466e+01
2013          	shield_slave	-3.264385e+00	-1.537934e+00	-1.510748e+00
2014          	warmPlate	1.221056e+01	1.595075e+01	1.995779e+00
2014          	OVC	1.093565e+01	1.590584e+01	1.181466e+01
2014          	shield_slave	-3.264385e+00	-1.537934e+00	-1.510748e+00
2015          	warmPlate	1.221056e+01	1.595075e+01	1.995779e+00
2015          	OVC	1.093565e+01	1.590584e+01	1.181466e+01
2015          	shield_slave	-3.264385e+00	-1.537934e+00	-1.510748e+00
2016          	warmPlate	1.221056e+01	1.595075e+01	1.995779e+00
2016          	OVC	1.093565e+01	1.590584e+01	1.181466e+01
2016          	shield_slave	-3.264385e+00	-1.537934e+00	-1.510748e+00
2017          	warmPlate	1.221056e+01	1.595075e+01	1.995779e+00
2017          	OVC	1.093565e+01	1.590584e+01	1.181466e+01
2017          	shield_slave	-3.264385e+00	-1.537934e+00	-1.510748e+00
2018          	warmPlate	1.221056e+01	1.595075e+01	1.995779e+00
2018          	OVC	1.093565e+01	1.590584e+01	1.181466e+01
2018          	shield_slave	-3.264385e+00	-1.537934e+00	-1.510748e+00
2019          	warmPlate	1.221056e+01	1.595075e+01	1.995779e+00
2019          	OVC	1.093565e+01	1.590584e+01	1.181466e+01
2019          	shield_slave	-3.264385e+00	-1.537934e+00	-1.510748e+00
2020          	warmPlate	1.221056e+01	1.595075e+01	1.995779e+00
2020          	OVC	1.093565e+01	1.590584e+01	1.181466e+01
2020          	shield_slave	-3.264385e+00	-1.537934e+00	-1.510748e+00
2021          	warmPlate	1.221056e+01	1.595075e+01	1.995779e+00
2021          	OVC	1.093565e+01	1.590584e+01	1.181466e+01
2021          	shield_slave	-3.264385e+00	-1.537934e+00	-1.510748e+00
2022          	warmPlate	1.221056e+01	1.595075e+01	1.995779e+00
2022          	OVC	1.093565e+01	1.590584e+01	1.181466e+01
2022          	shield_slave	-3.264385e+00	-1.537934e+00	-1.510748e+00
2023          	warmPlate	1.221056e+01	1.595075e+01	1.995779e+00
2023          	OVC	1.093565e+01	1.590584e+01	1.181466e+01
2023          	shield_slave	-3.264385e+00	-1.537934e+00	-1.510748e+00
2024          	warmPlate	1.221056e+01	1.595075e+01	1.995779e+00
2024          	OVC	1.093565e+01	1.590584e+01	1.181466e+01
2024          	shield_slave	-3.264385e+00	-1.537934e+00	-1.510748e+00
2025          	warmPlate	1.221056e+01	1.595075e+01	1.995779e+00
2025          	OVC	1.093565e+01	1.590584e+01	1.181466e+01
2025          	shield_slave	-3.264385e+00	-1.537934e+00	-1.510748e+00
2026          	warmPlate	1.221056e+01	1.595075e+01	1.995779e+00
2026          	OVC	1.093565e+01	1.590584e+01	1.181466e+01
2026          	shield_slave	-3.264385e+00	-1.537934e+00	-1.510748e+00
2027          	warmPlate	1.221056e+01	1.595075e+01	1.995779e+00
2027          	OVC	1.093565e+01	1.590584e+01	1.181466e+01
2027          	shield_slave	-3.264385e+00	-1.537934e+00	-1.510748e+00
2028          	warmPlate	1.221056e+01	1.595075e+01	1.995779e+00
2028          	OVC	1.093565e+01	1.590584e+01	1.181466e+01
2028          	shield_slave	-3.264385e+00	-1.537934e+00	-1.510748e+00
2029          	warmPlate	1.221056e+01	1.595075e+01	1.995779e+00
2029          	OVC	1.093565e+01	1.590584e+01	1.181466e+01
2029          	shield_slave	-3.264385e+00	-1.537934e+00	-1.510748e+00
2030          	warmPlate	1.221056e+01	1.595075e+01	1.995779e+00
2030          	OVC	1.093565e+01	1.590584e+01	1.181466e+01
2030          	shield_slave	-3.264385e+00	-1.537934e+00	-1.510748e+00
2031          	warmPlate	1.221056e+01	1.595075e+01	1.995779e+00
2031          	OVC	1.093565e+01	1.590584e+01	1.181466e+01
2031          	shield_slave	-3.264385e+00	-1.537934e+00	-1.510748e+00
2032          	warmPlate	1.221056e+01	1.595075e+01	1.995779e+00
2032          	OVC	1.093565e+01	1.590584e+01	1.181466e+01
2032          	shield_slave	-3.264385e+00	-1.537934e+00	-1.510748e+00
2033          	warmPlate	1.221056e+01	1.595075e+01	1.995779e+00
2033          	OVC	1.093565e+01	1.590584e+01	1.181466e+01
2033          	shield_slave	-3.264385e+00	-1.537934e+00	-1.510748e+00
2034          	warmPlate	1.221056e+01	1.595075e+01	1.995779e+00
2034          	OVC	1.093565e+01	1.590584e+01	1.181466e+01
2034          	shield_slave	-3.264385e+00	-1.537934e+00	-1.510748e+00
2035          	warmPlate	1.221056e+01	1.595075e+01	1.995779e+00
2035          	OVC	1.093565e+01	1.590584e+01	1.181466e+01
2035          	shield_slave	-3.264385e+00	-1.537934e+00	-1.510748e+00
2036          	warmPlate	1.221056e+01	1.595075e+01	1.995779e+00
2036          	OVC	1.093565e+01	1.590584e+01	1.181466e+01
2036          	shield_slave	-3.264385e+00	-1.537934e+00	-1.510748e+00
2037          	warmPlate	1.221056e+01	1.595075e+01	1.995779e+00
2037          	OVC	1.093565e+01	1.590584e+01	1.181466e+01
2037          	shield_slave	-3.264385e+00	-1.537934e+00	-1.510748e+00
2038          	warmPlate	1.221056e+01	1.595075e+01	1.995779e+00
2038          	OVC	1.093565e+01	1.590584e+01	1.181466e+01
2038          	shield_slave	-3.264385e+00	-1.537934e+00	-1.510748e+00
2039          	warmPlate	1.221056e+01	1.595075e+01	1.995779e+00
2039          	OVC	1.093565e+01	1.590584e+01	1.181466e+01
2039          	shield_slave	-3.264385e+00	-1.537934e+00	-1.510748e+00
2040          	warmPlate	1.221056e+01	1.595075e+01	1.995779e+00
2040          	OVC	1.093565e+01	1.590584e+01	1.181466e+01
2040          	shield_slave	-3.264385e+00	-1.537934e+00	-1.510748e+00
2041          	warmPlate	1.221056e+01	1.595075e+01	1.995779e+00
2041          	OVC	1.093565e+01	1.590584e+01	1.181466e+01
2041          	shield_slave	-3.264385e+00	-1.537934e+00	-1.510748e+00
2042          	warmPlate	1.221056e+01	1.595075e+01	1.995779e+00
2042          	OVC	1.093565e+01	1.590584e+01	1.181466e+01
2042          	shield_slave	-3.264385e+00	-1.537934e+00	-1.510748e+00
2043          	warmPlate	1.221056e+01	1.595075e+01	1.995779e+00
2043          	OVC	1.093565e+01	1.590584e+01	1.181466e+01
2043          	shield_slave	-3.264385e+00	-1.537934e+00	-1.510748e+00
2044          	warmPlate	1.221056e+01	1.595075e+01	1.995779e+00
2044          	OVC	1.093565e+01	1.590584e+01	1.181466e+01
2044          	shield_slave	-3.264385e+00	-1.537934e+00	-1.510748e+00
2045          	warmPlate	1.221056e+01	1.595075e+01	1.995779e+00
2045          	OVC	1.093565e+01	1.590584e+01	1.181466e+01
2045          	shield_slave	-3.264385e+00	-1.537934e+00	-1.510748e+00
2046          	warmPlate	1.221056e+01	1.595075e+01	1.995779e+00
2046          	OVC	1.093565e+01	1.590584e+01	1.181466e+01
2046          	shield_slave	-3.264385e+00	-1.537934e+00	-1.510748e+00
2047          	warmPlate	1.221056e+01	1.595075e+01	1.995779e+00
2047          	OVC	1.093565e+01	1.590584e+01	1.181466e+01
2047          	shield_slave	-3.264385e+00	-1.537934e+00	-1.510748e+00
2048          	warmPlate	1.221056e+01	1.595075e+01	1.995779e+00
2048          	OVC	1.093565e+01	1.590584e+01	1.181466e+01
2048          	shield_slave	-3.264385e+00	-1.537934e+00	-1.510748e+00
2049          	warmPlate	1.221056e+01	1.595075e+01	1.995779e+00
2049          	OVC	1.093565e+01	1.590584e+01	1.181466e+01
2049          	shield_slave	-3.264385e+00	-1.537934e+00	-1.510748e+00
2050          	warmPlate	1.221056e+01	1.595075e+01	1.995779e+00
2050          	OVC	1.093565e+01	1.590584e+01	1.181466e+01
2050          	shield_slave	-3.264385e+00	-1.537934e+00	-1.510748e+00
2051          	warmPlate	1.221056e+01	1.595075e+01	1.995779e+00
2051          	OVC	1.093565e+01	1.590584e+01	1.181466e+01
2051          	shield_slave	-3.264385e+00	-1.537934e+00	-1.510748e+00
2052          	warmPlate	1.221056e+01	1.595075e+01	1.995779e+00
2052          	OVC	1.093565e+01	1.590584e+01	1.181466e+01
2052          	shield_slave	-3.264385e+00	-1.537934e+00	-1.510748e+00
2053          	warmPlate	1.221056e+01	1.595075e+01	1.995779e+00
2053          	OVC	1.093565e+01	1.590584e+01	1.181466e+01
2053          	shield_slave	-3.264385e+00	-1.537934e+00	-1.510748e+00
2054          	warmPlate	1.221056e+01	1.595075e+01	1.995779e+00
2054          	OVC	1.093565e+01	1.590584e+01	1.181466e+01
2054          	shield_slave	-3.264385e+00	-1.537934e+00	-1.510748e+00
2055          	warmPlate	1.221056e+01	1.595075e+01	1.995779e+00
2055          	OVC	1.093565e+01	1.590584e+01	1.181466e+01
2055          	shield_slave	-3.264385e+00	-1.537934e+00	-1.510748e+00
2056          	warmPlate	1.221056e+01	1.595075e+01	1.995779e+00
2056          	OVC	1.093565e+01	1.590584e+01	1.181466e+01
2056          	shield_slave	-3.264385e+00	-1.537934e+00	-1.510748e+00
2057          	warmPlate	1.221056e+01	1.595075e+01	1.995779e+00
2057          	OVC	1.093565e+01	1.590584e+01	1.181466e+01
2057          	shield_slave	-3.264385e+00	-1.537934e+00	-1.510748e+00
2058          	warmPlate	1.221056e+01	1.595075e+01	1.995779e+00
2058          	OVC	1.093565e+01	1.590584e+01	1.181466e+01
2058          	shield_slave	-3.264385e+00	-1.537934e+00	-1.510748e+00
2059          	warmPlate	1.221056e+01	1.595075e+01	1.995779e+00
2059          	OVC	1.093565e+01	1.590584e+01	1.181466e+01
2059          	shield_slave	-3.264385e+00	-1.537934e+00	-1.510748e+00
2060          	warmPlate	1.221056e+01	1.595075e+01	1.995779e+00
2060          	OVC	1.093565e+01	1.590584e+01	1.181466e+01
2060          	shield_slave	-3.264385e+00	-1.537934e+00	-1.510748e+00
2061          	warmPlate	1.221056e+01	1.595075e+01	1.995779e+00
2061          	OVC	1.093565e+01	1.590584e+01	1.181466e+01
2061          	shield_slave	-3.264385e+00	-1.537934e+00	-1.510748e+00
2062          	warmPlate	1.221056e+01	1.595075e+01	1.995779e+00
2062          	OVC	1.093565e+01	1.590584e+01	1.181466e+01
2062          	shield_slave	-3.264385e+00	-1.537934e+00	-1.510748e+00
2063          	warmPlate	1.221056e+01	1.595075e+01	1.995779e+00
2063          	OVC	1.093565e+01	1.590584e+01	1.181466e+01
2063          	shield_slave	-3.264385e+00	-1.537934e+00	-1.510748e+00
2064          	warmPlate	1.221056e+01	1.595075e+01	1.995779e+00
2064          	OVC	1.093565e+01	1.590584e+01	1.181466e+01
2064          	shield_slave	-3.264385e+00	-1.537934e+00	-1.510748e+00
2065          	warmPlate	1.221056e+01	1.595075e+01	1.995779e+00
2065          	OVC	1.093565e+01	1.590584e+01	1.181466e+01
2065          	shield_slave	-3.264385e+00	-1.537934e+00	-1.510748e+00
2066          	warmPlate	1.221056e+01	1.595075e+01	1.995779e+00
2066          	OVC	1.093565e+01	1.590584e+01	1.181466e+01
2066          	shield_slave	-3.264385e+00	-1.537934e+00	-1.510748e+00
2067          	warmPlate	1.221056e+01	1.595075e+01	1.995779e+00
2067          	OVC	1.093565e+01	1.590584e+01	1.181466e+01
2067          	shield_slave	-3.264385e+00	-1.537934e+00	-1.510748e+00
2068          	warmPlate	1.221056e+01	1.595075e+01	1.995779e+00
2068          	OVC	1.093565e+01	1.590584e+01	1.181466e+01
2068          	shield_slave	-3.264385e+00	-1.537934e+00	-1.510748e+00
2069          	warmPlate	1.221056e+01	1.595075e+01	1.995779e+00
2069          	OVC	1.093565e+01	1.590584e+01	1.181466e+01
2069          	shield_slave	-3.264385e+00	-1.537934e+00	-1.510748e+00
2070          	warmPlate	1.221056e+01	1.595075e+01	1.995779e+00
2070          	OVC	1.093565e+01	1.590584e+01	1.181466e+01
2070          	shield_slave	-3.264385e+00	-1.537934e+00	-1.510748e+00
2071          	warmPlate	1.221056e+01	1.595075e+01	1.995779e+00
2071          	OVC	1.093565e+01	1.590584e+01	1.181466e+01
2071          	shield_slave	-3.264385e+00	-1.537934e+00	-1.510748e+00
2072          	warmPlate	1.221056e+01	1.595075e+01	1.995779e+00
2072          	OVC	1.093565e+01	1.590584e+01	1.181466e+01
2072          	shield_slave	-3.264385e+00	-1.537934e+00	-1.510748e+00
2073          	warmPlate	1.221056e+01	1.595075e+01	1.995779e+00
2073          	OVC	1.093565e+01	1.590584e+01	1.181466e+01
2073          	shield_slave	-3.264385e+00	-1.537934e+00	-1.510748e+00
2074          	warmPlate	1.221056e+01	1.595075e+01	1.995779e+00
2074          	OVC	1.093565e+01	1.590584e+01	1.181466e+01
2074          	shield_slave	-3.264385e+00	-1.537934e+00	-1.510748e+00
2075          	warmPlate	1.221056e+01	1.595075e+01	1.995779e+00
2075          	OVC	1.093565e+01	1.590584e+01	1.181466e+01
2075          	shield_slave	-3.264385e+00	-1.537934e+00	-1.510748e+00
2076          	warmPlate	1.221056e+01	1.595075e+01	1.995779e+00
2076          	OVC	1.093565e+01	1.590584e+01	1.181466e+01
2076          	shield_slave	-3.264385e+00	-1.537934e+00	-1.510748e+00
2077          	warmPlate	1.221056e+01	1.595075e+01	1.995779e+00
2077          	OVC	1.093565e+01	1.590584e+01	1.181466e+01
2077          	shield_slave	-3.264385e+00	-1.537934e+00	-1.510748e+00
2078          	warmPlate	1.221056e+01	1.595075e+01	1.995779e+00
2078          	OVC	1.093565e+01	1.590584e+01	1.181466e+01
2078          	shield_slave	-3.264385e+00	-1.537934e+00	-1.510748e+00
2079          	warmPlate	1.221056e+01	1.595075e+01	1.995779e+00
2079          	OVC	1.093565e+01	1.590584e+01	1.181466e+01
2079          	shield_slave	-3.264385e+00	-1.537934e+00	-1.510748e+00
2080          	warmPlate	1.221056e+01	1.595075e+01	1.995779e+00
2080          	OVC	1.093565e+01	1.590584e+01	1.181466e+01
2080          	shield_slave	-3.264385e+00	-1.537934e+00	-1.510748e+00
2081          	warmPlate	1.221056e+01	1.595075e+01	1.995779e+00
2081          	OVC	1.093565e+01	1.590584e+01	1.181466e+01
2081          	shield_slave	-3.264385e+00	-1.537934e+00	-1.510748e+00
2082          	warmPlate	1.221056e+01	1.595075e+01	1.995779e+00
2082          	OVC	1.093565e+01	1.590584e+01	1.181466e+01
2082          	shield_slave	-3.264385e+00	-1.537934e+00	-1.510748e+00
2083          	warmPlate	1.221056e+01	1.595075e+01	1.995779e+00
2083          	OVC	1.093565e+01	1.590584e+01	1.181466e+01
2083          	shield_slave	-3.264385e+00	-1.537934e+00	-1.510748e+00
2084          	warmPlate	1.221056e+01	1.595075e+01	1.995779e+00
2084          	OVC	1.093565e+01	1.590584e+01	1.181466e+01
2084          	shield_slave	-3.264385e+00	-1.537934e+00	-1.510748e+00
2085          	warmPlate	1.221056e+01	1.595075e+01	1.995779e+00
2085          	OVC	1.093565e+01	1.590584e+01	1.181466e+01
2085          	shield_slave	-3.264385e+00	-1.537934e+00	-1.510748e+00
2086          	warmPlate	1.221056e+01	1.595075e+01	1.995779e+00
2086          	OVC	1.093565e+01	1.590584e+01	1.181466e+01
2086          	shield_slave	-3.264385e+00	-1.537934e+00	-1.510748e+00
2087          	warmPlate	1.221056e+01	1.595075e+01	1.995779e+00
2087          	OVC	1.093565e+01	1.590584e+01	1.181466e+01
2087          	shield_slave	-3.264385e+00	-1.537934e+00	-1.510748e+00
2088          	warmPlate	1.221056e+01	1.595075e+01	1.995779e+00
2088          	OVC	1.093565e+01	1.590584e+01	1.181466e+01
2088          	shield_slave	-3.264385e+00	-1.537934e+00	-1.510748e+00
2089          	warmPlate	1.221056e+01	1.595075e+01	1.995779e+00
2089          	OVC	1.093565e+01	1.590584e+01	1.181466e+01
2089          	shield_slave	-3.264385e+00	-1.537934e+00	-1.510748e+00
2090          	warmPlate	1.221056e+01	1.595075e+01	1.995779e+00
2090          	OVC	1.093565e+01	1.590584e+01	1.181466e+01
2090          	shield_slave	-3.264385e+00	-1.537934e+00	-1.510748e+00
2091          	warmPlate	1.221056e+01	1.595075e+01	1.995779e+00
2091          	OVC	1.093565e+01	1.590584e+01	1.181466e+01
2091          	shield_slave	-3.264385e+00	-1.537934e+00	-1.510748e+00
2092          	warmPlate	1.221056e+01	1.595075e+01	1.995779e+00
2092          	OVC	1.093565e+01	1.590584e+01	1.181466e+01
2092          	shield_slave	-3.264385e+00	-1.537934e+00	-1.510748e+00
2093          	warmPlate	1.221056e+01	1.595075e+01	1.995779e+00
2093          	OVC	1.093565e+01	1.590584e+01	1.181466e+01
2093          	shield_slave	-3.264385e+00	-1.537934e+00	-1.510748e+00
2094          	warmPlate	1.221056e+01	1.595075e+01	1.995779e+00
2094          	OVC	1.093565e+01	1.590584e+01	1.181466e+01
2094          	shield_slave	-3.264385e+00	-1.537934e+00	-1.510748e+00
2095          	warmPlate	1.221056e+01	1.595075e+01	1.995779e+00
2095          	OVC	1.093565e+01	1.590584e+01	1.181466e+01
2095          	shield_slave	-3.264385e+00	-1.537934e+00	-1.510748e+00
2096          	warmPlate	1.221056e+01	1.595075e+01	1.995779e+00
2096          	OVC	1.093565e+01	1.590584e+01	1.181466e+01
2096          	shield_slave	-3.264385e+00	-1.537934e+00	-1.510748e+00
2097          	warmPlate	1.221056e+01	1.595075e+01	1.995779e+00
2097          	OVC	1.093565e+01	1.590584e+01	1.181466e+01
2097          	shield_slave	-3.264385e+00	-1.537934e+00	-1.510748e+00
2098          	warmPlate	1.221056e+01	1.595075e+01	1.995779e+00
2098          	OVC	1.093565e+01	1.590584e+01	1.181466e+01
2098          	shield_slave	-3.264385e+00	-1.537934e+00	-1.510748e+00
2099          	warmPlate	1.221056e+01	1.595075e+01	1.995779e+00
2099          	OVC	1.093565e+01	1.590584e+01	1.181466e+01
2099          	shield_slave	-3.264385e+00	-1.537934e+00	-1.510748e+00
2100          	warmPlate	1.221056e+01	1.595075e+01	1.995779e+00
2100          	OVC	1.093565e+01	1.590584e+01	1.181466e+01
2100          	shield_slave	-3.264385e+00	-1.537934e+00	-1.510748e+00
2101          	warmPlate	1.221056e+01	1.595075e+01	1.995779e+00
2101          	OVC	1.093565e+01	1.590584e+01	1.181466e+01
2101          	shield_slave	-3.264385e+00	-1.537934e+00	-1.510748e+00
2102          	warmPlate	1.221056e+01	1.595075e+01	1.995779e+00
2102          	OVC	1.093565e+01	1.590584e+01	1.181466e+01
2102          	shield_slave	-3.264385e+00	-1.537934e+00	-1.510748e+00
2103          	warmPlate	1.221056e+01	1.595075e+01	1.995779e+00
2103          	OVC	1.093565e+01	1.590584e+01	1.181466e+01
2103          	shield_slave	-3.264385e+00	-1.537934e+00	-1.510748e+00
2104          	warmPlate	1.221056e+01	1.595075e+01	1.995779e+00
2104          	OVC	1.093565e+01	1.590584e+01	1.181466e+01
2104          	shield_slave	-3.264385e+00	-1.537934e+00	-1.510748e+00
2105          	warmPlate	1.221056e+01	1.595075e+01	1.995779e+00
2105          	OVC	1.093565e+01	1.590584e+01	1.181466e+01
2105          	shield_slave	-3.264385e+00	-1.537934e+00	-1.510748e+00
2106          	warmPlate	1.221056e+01	1.595075e+01	1.995779e+00
2106          	OVC	1.093565e+01	1.590584e+01	1.181466e+01
2106          	shield_slave	-3.264385e+00	-1.537934e+00	-1.510748e+00
2107          	warmPlate	1.221056e+01	1.595075e+01	1.995779e+00
2107          	OVC	1.093565e+01	1.590584e+01	1.181466e+01
2107          	shield_slave	-3.264385e+00	-1.537934e+00	-1.510748e+00
2108          	warmPlate	1.221056e+01	1.595075e+01	1.995779e+00
2108          	OVC	1.093565e+01	1.590584e+01	1.181466e+01
2108          	shield_slave	-3.264385e+00	-1.537934e+00	-1.510748e+00
2109          	warmPlate	1.221056e+01	1.595075e+01	1.995779e+00
2109          	OVC	1.093565e+01	1.590584e+01	1.181466e+01
2109          	shield_slave	-3.264385e+00	-1.537934e+00	-1.510748e+00
2110          	warmPlate	1.221056e+01	1.595075e+01	1.995779e+00
2110          	OVC	1.093565e+01	1.590584e+01	1.181466e+01
2110          	shield_slave	-3.264385e+00	-1.537934e+00	-1.510748e+00
2111          	warmPlate	1.221056e+01	1.595075e+01	1.995779e+00
2111          	OVC	1.093565e+01	1.590584e+01	1.181466e+01
2111          	shield_slave	-3.264385e+00	-1.537934e+00	-1.510748e+00
2112          	warmPlate	1.221056e+01	1.595075e+01	1.995779e+00
2112          	OVC	1.093565e+01	1.590584e+01	1.181466e+01
2112          	shield_slave	-3.264385e+00	-1.537934e+00	-1.510748e+00
2113          	warmPlate	1.221056e+01	1.595075e+01	1.995779e+00
2113          	OVC	1.093565e+01	1.590584e+01	1.181466e+01
2113          	shield_slave	-3.264385e+00	-1.537934e+00	-1.510748e+00
2114          	warmPlate	1.221056e+01	1.595075e+01	1.995779e+00
2114          	OVC	1.093565e+01	1.590584e+01	1.181466e+01
2114          	shield_slave	-3.264385e+00	-1.537934e+00	-1.510748e+00
2115          	warmPlate	1.221056e+01	1.595075e+01	1.995779e+00
2115          	OVC	1.093565e+01	1.590584e+01	1.181466e+01
2115          	shield_slave	-3.264385e+00	-1.537934e+00	-1.510748e+00
2116          	warmPlate	1.221056e+01	1.595075e+01	1.995779e+00
2116          	OVC	1.093565e+01	1.590584e+01	1.181466e+01
2116          	shield_slave	-3.264385e+00	-1.537934e+00	-1.510748e+00
2117          	warmPlate	1.221056e+01	1.595075e+01	1.995779e+00
2117          	OVC	1.093565e+01	1.590584e+01	1.181466e+01
2117          	shield_slave	-3.264385e+00	-1.537934e+00	-1.510748e+00
2118          	warmPlate	1.221056e+01	1.595075e+01	1.995779e+00
2118          	OVC	1.093565e+01	1.590584e+01	1.181466e+01
2118          	shield_slave	-3.264385e+00	-1.537934e+00	-1.510748e+00
2119          	warmPlate	1.221056e+01	1.595075e+01	1.995779e+00
2119          	OVC	1.093565e+01	1.590584e+01	1.181466e+01
2119          	shield_slave	-3.264385e+00	-1.537934e+00	-1.510748e+00
2120          	warmPlate	1.221056e+01	1.595075e+01	1.995779e+00
2120          	OVC	1.093565e+01	1.590584e+01	1.181466e+01
2120          	shield_slave	-3.264385e+00	-1.537934e+00	-1.510748e+00
2121          	warmPlate	1.221056e+01	1.595075e+01	1.995779e+00
2121          	OVC	1.093565e+01	1.590584e+01	1.181466e+01
2121          	shield_slave	-3.264385e+00	-1.537934e+00	-1.510748e+00
2122          	warmPlate	1.221056e+01	1.595075e+01	1.995779e+00
2122          	OVC	1.093565e+01	1.590584e+01	1.181466e+01
2122          	shield_slave	-3.264385e+00	-1.537934e+00	-1.510748e+00
2123          	warmPlate	1.221056e+01	1.595075e+01	1.995779e+00
2123          	OVC	1.093565e+01	1.590584e+01	1.181466e+01
2123          	shield_slave	-3.264385e+00	-1.537934e+00	-1.510748e+00
2124          	warmPlate	1.221056e+01	1.595075e+01	1.995779e+00
2124          	OVC	1.093565e+01	1.590584e+01	1.181466e+01
2124          	shield_slave	-3.264385e+00	-1.537934e+00	-1.510748e+00
2125          	warmPlate	1.221056e+01	1.595075e+01	1.995779e+00
2125          	OVC	1.093565e+01	1.590584e+01	1.181466e+01
2125          	shield_slave	-3.264385e+00	-1.537934e+00	-1.510748e+00
2126          	warmPlate	1.221056e+01	1.595075e+01	1.995779e+00
2126          	OVC	1.093565e+01	1.590584e+01	1.181466e+01
2126          	shield_slave	-3.264385e+00	-1.537934e+00	-1.510748e+00
2127          	warmPlate	1.221056e+01	1.595075e+01	1.995779e+00
2127          	OVC	1.093565e+01	1.590584e+01	1.181466e+01
2127          	shield_slave	-3.264385e+00	-1.537934e+00	-1.510748e+00
2128          	warmPlate	1.221056e+01	1.595075e+01	1.995779e+00
2128          	OVC	1.093565e+01	1.590584e+01	1.181466e+01
2128          	shield_slave	-3.264385e+00	-1.537934e+00	-1.510748e+00
2129          	warmPlate	1.221056e+01	1.595075e+01	1.995779e+00
2129          	OVC	1.093565e+01	1.590584e+01	1.181466e+01
2129          	shield_slave	-3.264385e+00	-1.537934e+00	-1.510748e+00
2130          	warmPlate	1.221056e+01	1.595075e+01	1.995779e+00
2130          	OVC	1.093565e+01	1.590584e+01	1.181466e+01
2130          	shield_slave	-3.264385e+00	-1.537934e+00	-1.510748e+00
2131          	warmPlate	1.221056e+01	1.595075e+01	1.995779e+00
2131          	OVC	1.093565e+01	1.590584e+01	1.181466e+01
2131          	shield_slave	-3.264385e+00	-1.537934e+00	-1.510748e+00
2132          	warmPlate	1.221056e+01	1.595075e+01	1.995779e+00
2132          	OVC	1.093565e+01	1.590584e+01	1.181466e+01
2132          	shield_slave	-3.264385e+00	-1.537934e+00	-1.510748e+00
2133          	warmPlate	1.221056e+01	1.595075e+01	1.995779e+00
2133          	OVC	1.093565e+01	1.590584e+01	1.181466e+01
2133          	shield_slave	-3.264385e+00	-1.537934e+00	-1.510748e+00
2134          	warmPlate	1.221056e+01	1.595075e+01	1.995779e+00
2134          	OVC	1.093565e+01	1.590584e+01	1.181466e+01
2134          	shield_slave	-3.264385e+00	-1.537934e+00	-1.510748e+00
2135          	warmPlate	1.221056e+01	1.595075e+01	1.995779e+00
2135          	OVC	1.093565e+01	1.590584e+01	1.181466e+01
2135          	shield_slave	-3.264385e+00	-1.537934e+00	-1.510748e+00
2136          	warmPlate	1.221056e+01	1.595075e+01	1.995779e+00
2136          	OVC	1.093565e+01	1.590584e+01	1.181466e+01
2136          	shield_slave	-3.264385e+00	-1.537934e+00	-1.510748e+00
2137          	warmPlate	1.221056e+01	1.595075e+01	1.995779e+00
2137          	OVC	1.093565e+01	1.590584e+01	1.181466e+01
2137          	shield_slave	-3.264385e+00	-1.537934e+00	-1.510748e+00
2138          	warmPlate	1.221056e+01	1.595075e+01	1.995779e+00
2138          	OVC	1.093565e+01	1.590584e+01	1.181466e+01
2138          	shield_slave	-3.264385e+00	-1.537934e+00	-1.510748e+00
2139          	warmPlate	1.221056e+01	1.595075e+01	1.995779e+00
2139          	OVC	1.093565e+01	1.590584e+01	1.181466e+01
2139          	shield_slave	-3.264385e+00	-1.537934e+00	-1.510748e+00
2140          	warmPlate	1.221056e+01	1.595075e+01	1.995779e+00
2140          	OVC	1.093565e+01	1.590584e+01	1.181466e+01
2140          	shield_slave	-3.264385e+00	-1.537934e+00	-1.510748e+00
2141          	warmPlate	1.221056e+01	1.595075e+01	1.995779e+00
2141          	OVC	1.093565e+01	1.590584e+01	1.181466e+01
2141          	shield_slave	-3.264385e+00	-1.537934e+00	-1.510748e+00
2142          	warmPlate	1.221056e+01	1.595075e+01	1.995779e+00
2142          	OVC	1.093565e+01	1.590584e+01	1.181466e+01
2142          	shield_slave	-3.264385e+00	-1.537934e+00	-1.510748e+00
2143          	warmPlate	1.221056e+01	1.595075e+01	1.995779e+00
2143          	OVC	1.093565e+01	1.590584e+01	1.181466e+01
2143          	shield_slave	-3.264385e+00	-1.537934e+00	-1.510748e+00
2144          	warmPlate	1.221056e+01	1.595075e+01	1.995779e+00
2144          	OVC	1.093565e+01	1.590584e+01	1.181466e+01
2144          	shield_slave	-3.264385e+00	-1.537934e+00	-1.510748e+00
2145          	warmPlate	1.221056e+01	1.595075e+01	1.995779e+00
2145          	OVC	1.093565e+01	1.590584e+01	1.181466e+01
2145          	shield_slave	-3.264385e+00	-1.537934e+00	-1.510748e+00
2146          	warmPlate	1.221056e+01	1.595075e+01	1.995779e+00
2146          	OVC	1.093565e+01	1.590584e+01	1.181466e+01
2146          	shield_slave	-3.264385e+00	-1.537934e+00	-1.510748e+00
2147          	warmPlate	1.221056e+01	1.595075e+01	1.995779e+00
2147          	OVC	1.093565e+01	1.590584e+01	1.181466e+01
2147          	shield_slave	-3.264385e+00	-1.537934e+00	-1.510748e+00
2148          	warmPlate	1.221056e+01	1.595075e+01	1.995779e+00
2148          	OVC	1.093565e+01	1.590584e+01	1.181466e+01
2148          	shield_slave	-3.264385e+00	-1.537934e+00	-1.510748e+00
2149          	warmPlate	1.221056e+01	1.595075e+01	1.995779e+00
2149          	OVC	1.093565e+01	1.590584e+01	1.181466e+01
2149          	shield_slave	-3.264385e+00	-1.537934e+00	-1.510748e+00
2150          	warmPlate	1.221056e+01	1.595075e+01	1.995779e+00
2150          	OVC	1.093565e+01	1.590584e+01	1.181466e+01
2150          	shield_slave	-3.264385e+00	-1.537934e+00	-1.510748e+00
2151          	warmPlate	1.221056e+01	1.595075e+01	1.995779e+00
2151          	OVC	1.093565e+01	1.590584e+01	1.181466e+01
2151          	shield_slave	-3.264385e+00	-1.537934e+00	-1.510748e+00
2152          	warmPlate	1.221056e+01	1.595075e+01	1.995779e+00
2152          	OVC	1.093565e+01	1.590584e+01	1.181466e+01
2152          	shield_slave	-3.264385e+00	-1.537934e+00	-1.510748e+00
2153          	warmPlate	1.221056e+01	1.595075e+01	1.995779e+00
2153          	OVC	1.093565e+01	1.590584e+01	1.181466e+01
2153          	shield_slave	-3.264385e+00	-1.537934e+00	-1.510748e+00
2154          	warmPlate	1.221056e+01	1.595075e+01	1.995779e+00
2154          	OVC	1.093565e+01	1.590584e+01	1.181466e+01
2154          	shield_slave	-3.264385e+00	-1.537934e+00	-1.510748e+00
2155          	warmPlate	1.221056e+01	1.595075e+01	1.995779e+00
2155          	OVC	1.093565e+01	1.590584e+01	1.181466e+01
2155          	shield_slave	-3.264385e+00	-1.537934e+00	-1.510748e+00
2156          	warmPlate	1.221056e+01	1.595075e+01	1.995779e+00
2156          	OVC	1.093565e+01	1.590584e+01	1.181466e+01
2156          	shield_slave	-3.264385e+00	-1.537934e+00	-1.510748e+00
2157          	warmPlate	1.221056e+01	1.595075e+01	1.995779e+00
2157          	OVC	1.093565e+01	1.590584e+01	1.181466e+01
2157          	shield_slave	-3.264385e+00	-1.537934e+00	-1.510748e+00
2158          	warmPlate	1.221056e+01	1.595075e+01	1.995779e+00
2158          	OVC	1.093565e+01	1.590584e+01	1.181466e+01
2158          	shield_slave	-3.264385e+00	-1.537934e+00	-1.510748e+00
2159          	warmPlate	1.221056e+01	1.595075e+01	1.995779e+00
2159          	OVC	1.093565e+01	1.590584e+01	1.181466e+01
2159          	shield_slave	-3.264385e+00	-1.537934e+00	-1.510748e+00
2160          	warmPlate	1.221056e+01	1.595075e+01	1.995779e+00
2160          	OVC	1.093565e+01	1.590584e+01	1.181466e+01
2160          	shield_slave	-3.264385e+00	-1.537934e+00	-1.510748e+00
2161          	warmPlate	1.221056e+01	1.595075e+01	1.995779e+00
2161          	OVC	1.093565e+01	1.590584e+01	1.181466e+01
2161          	shield_slave	-3.264385e+00	-1.537934e+00	-1.510748e+00
2162          	warmPlate	1.221056e+01	1.595075e+01	1.995779e+00
2162          	OVC	1.093565e+01	1.590584e+01	1.181466e+01
2162          	shield_slave	-3.264385e+00	-1.537934e+00	-1.510748e+00
2163          	warmPlate	1.221056e+01	1.595075e+01	1.995779e+00
2163          	OVC	1.093565e+01	1.590584e+01	1.181466e+01
2163          	shield_slave	-3.264385e+00	-1.537934e+00	-1.510748e+00
2164          	warmPlate	1.221056e+01	1.595075e+01	1.995779e+00
2164          	OVC	1.093565e+01	1.590584e+01	1.181466e+01
2164          	shield_slave	-3.264385e+00	-1.537934e+00	-1.510748e+00
2165          	warmPlate	1.221056e+01	1.595075e+01	1.995779e+00
2165          	OVC	1.093565e+01	1.590584e+01	1.181466e+01
2165          	shield_slave	-3.264385e+00	-1.537934e+00	-1.510748e+00
2166          	warmPlate	1.221056e+01	1.595075e+01	1.995779e+00
2166          	OVC	1.093565e+01	1.590584e+01	1.181466e+01
2166          	shield_slave	-3.264385e+00	-1.537934e+00	-1.510748e+00
2167          	warmPlate	1.221056e+01	1.595075e+01	1.995779e+00
2167          	OVC	1.093565e+01	1.590584e+01	1.181466e+01
2167          	shield_slave	-3.264385e+00	-1.537934e+00	-1.510748e+00
2168          	warmPlate	1.221056e+01	1.595075e+01	1.995779e+00
2168          	OVC	1.093565e+01	1.590584e+01	1.181466e+01
2168          	shield_slave	-3.264385e+00	-1.537934e+00	-1.510748e+00
2169          	warmPlate	1.221056e+01	1.595075e+01	1.995779e+00
2169          	OVC	1.093565e+01	1.590584e+01	1.181466e+01
2169          	shield_slave	-3.264385e+00	-1.537934e+00	-1.510748e+00
2170          	warmPlate	1.221056e+01	1.595075e+01	1.995779e+00
2170          	OVC	1.093565e+01	1.590584e+01	1.181466e+01
2170          	shield_slave	-3.264385e+00	-1.537934e+00	-1.510748e+00
2171          	warmPlate	1.221056e+01	1.595075e+01	1.995779e+00
2171          	OVC	1.093565e+01	1.590584e+01	1.181466e+01
2171          	shield_slave	-3.264385e+00	-1.537934e+00	-1.510748e+00
2172          	warmPlate	1.221056e+01	1.595075e+01	1.995779e+00
2172          	OVC	1.093565e+01	1.590584e+01	1.181466e+01
2172          	shield_slave	-3.264385e+00	-1.537934e+00	-1.510748e+00
2173          	warmPlate	1.221056e+01	1.595075e+01	1.995779e+00
2173          	OVC	1.093565e+01	1.590584e+01	1.181466e+01
2173          	shield_slave	-3.264385e+00	-1.537934e+00	-1.510748e+00
2174          	warmPlate	1.221056e+01	1.595075e+01	1.995779e+00
2174          	OVC	1.093565e+01	1.590584e+01	1.181466e+01
2174          	shield_slave	-3.264385e+00	-1.537934e+00	-1.510748e+00
2175          	warmPlate	1.221056e+01	1.595075e+01	1.995779e+00
2175          	OVC	1.093565e+01	1.590584e+01	1.181466e+01
2175          	shield_slave	-3.264385e+00	-1.537934e+00	-1.510748e+00
2176          	warmPlate	1.221056e+01	1.595075e+01	1.995779e+00
2176          	OVC	1.093565e+01	1.590584e+01	1.181466e+01
2176          	shield_slave	-3.264385e+00	-1.537934e+00	-1.510748e+00
2177          	warmPlate	1.221056e+01	1.595075e+01	1.995779e+00
2177          	OVC	1.093565e+01	1.590584e+01	1.181466e+01
2177          	shield_slave	-3.264385e+00	-1.537934e+00	-1.510748e+00
2178          	warmPlate	1.221056e+01	1.595075e+01	1.995779e+00
2178          	OVC	1.093565e+01	1.590584e+01	1.181466e+01
2178          	shield_slave	-3.264385e+00	-1.537934e+00	-1.510748e+00
2179          	warmPlate	1.221056e+01	1.595075e+01	1.995779e+00
2179          	OVC	1.093565e+01	1.590584e+01	1.181466e+01
2179          	shield_slave	-3.264385e+00	-1.537934e+00	-1.510748e+00
2180          	warmPlate	1.221056e+01	1.595075e+01	1.995779e+00
2180          	OVC	1.093565e+01	1.590584e+01	1.181466e+01
2180          	shield_slave	-3.264385e+00	-1.537934e+00	-1.510748e+00
2181          	warmPlate	1.221056e+01	1.595075e+01	1.995779e+00
2181          	OVC	1.093565e+01	1.590584e+01	1.181466e+01
2181          	shield_slave	-3.264385e+00	-1.537934e+00	-1.510748e+00
2182          	warmPlate	1.221056e+01	1.595075e+01	1.995779e+00
2182          	OVC	1.093565e+01	1.590584e+01	1.181466e+01
2182          	shield_slave	-3.264385e+00	-1.537934e+00	-1.510748e+00
2183          	warmPlate	1.221056e+01	1.595075e+01	1.995779e+00
2183          	OVC	1.093565e+01	1.590584e+01	1.181466e+01
2183          	shield_slave	-3.264385e+00	-1.537934e+00	-1.510748e+00
2184          	warmPlate	1.221056e+01	1.595075e+01	1.995779e+00
2184          	OVC	1.093565e+01	1.590584e+01	1.181466e+01
2184          	shield_slave	-3.264385e+00	-1.537934e+00	-1.510748e+00
2185          	warmPlate	1.221056e+01	1.595075e+01	1.995779e+00
2185          	OVC	1.093565e+01	1.590584e+01	1.181466e+01
2185          	shield_slave	-3.264385e+00	-1.537934e+00	-1.510748e+00
2186          	warmPlate	1.221056e+01	1.595075e+01	1.995779e+00
2186          	OVC	1.093565e+01	1.590584e+01	1.181466e+01
2186          	shield_slave	-3.264385e+00	-1.537934e+00	-1.510748e+00
2187          	warmPlate	1.221056e+01	1.595075e+01	1.995779e+00
2187          	OVC	1.093565e+01	1.590584e+01	1.181466e+01
2187          	shield_slave	-3.264385e+00	-1.537934e+00	-1.510748e+00
2188          	warmPlate	1.221056e+01	1.595075e+01	1.995779e+00
2188          	OVC	1.093565e+01	1.590584e+01	1.181466e+01
2188          	shield_slave	-3.264385e+00	-1.537934e+00	-1.510748e+00
2189          	warmPlate	1.221056e+01	1.595075e+01	1.995779e+00
2189          	OVC	1.093565e+01	1.590584e+01	1.181466e+01
2189          	shield_slave	-3.264385e+00	-1.537934e+00	-1.510748e+00
2190          	warmPlate	1.221056e+01	1.595075e+01	1.995779e+00
2190          	OVC	1.093565e+01	1.590584e+01	1.181466e+01
2190          	shield_slave	-3.264385e+00	-1.537934e+00	-1.510748e+00
2191          	warmPlate	1.221056e+01	1.595075e+01	1.995779e+00
2191          	OVC	1.093565e+01	1.590584e+01	1.181466e+01
2191          	shield_slave	-3.264385e+00	-1.537934e+00	-1.510748e+00
2192          	warmPlate	1.221056e+01	1.595075e+01	1.995779e+00
2192          	OVC	1.093565e+01	1.590584e+01	1.181466e+01
2192          	shield_slave	-3.264385e+00	-1.537934e+00	-1.510748e+00
2193          	warmPlate	1.221056e+01	1.595075e+01	1.995779e+00
2193          	OVC	1.093565e+01	1.590584e+01	1.181466e+01
2193          	shield_slave	-3.264385e+00	-1.537934e+00	-1.510748e+00
2194          	warmPlate	1.221056e+01	1.595075e+01	1.995779e+00
2194          	OVC	1.093565e+01	1.590584e+01	1.181466e+01
2194          	shield_slave	-3.264385e+00	-1.537934e+00	-1.510748e+00
2195          	warmPlate	1.221056e+01	1.595075e+01	1.995779e+00
2195          	OVC	1.093565e+01	1.590584e+01	1.181466e+01
2195          	shield_slave	-3.264385e+00	-1.537934e+00	-1.510748e+00
2196          	warmPlate	1.221056e+01	1.595075e+01	1.995779e+00
2196          	OVC	1.093565e+01	1.590584e+01	1.181466e+01
2196          	shield_slave	-3.264385e+00	-1.537934e+00	-1.510748e+00
2197          	warmPlate	1.221056e+01	1.595075e+01	1.995779e+00
2197          	OVC	1.093565e+01	1.590584e+01	1.181466e+01
2197          	shield_slave	-3.264385e+00	-1.537934e+00	-1.510748e+00
2198          	warmPlate	1.221056e+01	1.595075e+01	1.995779e+00
2198          	OVC	1.093565e+01	1.590584e+01	1.181466e+01
2198          	shield_slave	-3.264385e+00	-1.537934e+00	-1.510748e+00
2199          	warmPlate	1.221056e+01	1.595075e+01	1.995779e+00
2199          	OVC	1.093565e+01	1.590584e+01	1.181466e+01
2199          	shield_slave	-3.264385e+00	-1.537934e+00	-1.510748e+00
2200          	warmPlate	1.221056e+01	1.595075e+01	1.995779e+00
2200          	OVC	1.093565e+01	1.590584e+01	1.181466e+01
2200          	shield_slave	-3.264385e+00	-1.537934e+00	-1.510748e+00
2201          	warmPlate	1.221056e+01	1.595075e+01	1.995779e+00
2201          	OVC	1.093565e+01	1.590584e+01	1.181466e+01
2201          	shield_slave	-3.264385e+00	-1.537934e+00	-1.510748e+00
2202          	warmPlate	1.221056e+01	1.595075e+01	1.995779e+00
2202          	OVC	1.093565e+01	1.590584e+01	1.181466e+01
2202          	shield_slave	-3.264385e+00	-1.537934e+00	-1.510748e+00
2203          	warmPlate	1.221056e+01	1.595075e+01	1.995779e+00
2203          	OVC	1.093565e+01	1.590584e+01	1.181466e+01
2203          	shield_slave	-3.264385e+00	-1.537934e+00	-1.510748e+00
2204          	warmPlate	1.221056e+01	1.595075e+01	1.995779e+00
2204          	OVC	1.093565e+01	1.590584e+01	1.181466e+01
2204          	shield_slave	-3.264385e+00	-1.537934e+00	-1.510748e+00
2205          	warmPlate	1.221056e+01	1.595075e+01	1.995779e+00
2205          	OVC	1.093565e+01	1.590584e+01	1.181466e+01
2205          	shield_slave	-3.264385e+00	-1.537934e+00	-1.510748e+00
2206          	warmPlate	1.221056e+01	1.595075e+01	1.995779e+00
2206          	OVC	1.093565e+01	1.590584e+01	1.181466e+01
2206          	shield_slave	-3.264385e+00	-1.537934e+00	-1.510748e+00
2207          	warmPlate	1.221056e+01	1.595075e+01	1.995779e+00
2207          	OVC	1.093565e+01	1.590584e+01	1.181466e+01
2207          	shield_slave	-3.264385e+00	-1.537934e+00	-1.510748e+00
2208          	warmPlate	1.221056e+01	1.595075e+01	1.995779e+00
2208          	OVC	1.093565e+01	1.590584e+01	1.181466e+01
2208          	shield_slave	-3.264385e+00	-1.537934e+00	-1.510748e+00
2209          	warmPlate	1.221056e+01	1.595075e+01	1.995779e+00
2209          	OVC	1.093565e+01	1.590584e+01	1.181466e+01
2209          	shield_slave	-3.264385e+00	-1.537934e+00	-1.510748e+00
2210          	warmPlate	1.221056e+01	1.595075e+01	1.995779e+00
2210          	OVC	1.093565e+01	1.590584e+01	1.181466e+01
2210          	shield_slave	-3.264385e+00	-1.537934e+00	-1.510748e+00
2211          	warmPlate	1.221056e+01	1.595075e+01	1.995779e+00
2211          	OVC	1.093565e+01	1.590584e+01	1.181466e+01
2211          	shield_slave	-3.264385e+00	-1.537934e+00	-1.510748e+00
2212          	warmPlate	1.221056e+01	1.595075e+01	1.995779e+00
2212          	OVC	1.093565e+01	1.590584e+01	1.181466e+01
2212          	shield_slave	-3.264385e+00	-1.537934e+00	-1.510748e+00
2213          	warmPlate	1.221056e+01	1.595075e+01	1.995779e+00
2213          	OVC	1.093565e+01	1.590584e+01	1.181466e+01
2213          	shield_slave	-3.264385e+00	-1.537934e+00	-1.510748e+00
2214          	warmPlate	1.221056e+01	1.595075e+01	1.995779e+00
2214          	OVC	1.093565e+01	1.590584e+01	1.181466e+01
2214          	shield_slave	-3.264385e+00	-1.537934e+00	-1.510748e+00
2215          	warmPlate	1.221056e+01	1.595075e+01	1.995779e+00
2215          	OVC	1.093565e+01	1.590584e+01	1.181466e+01
2215          	shield_slave	-3.264385e+00	-1.537934e+00	-1.510748e+00
2216          	warmPlate	1.221056e+01	1.595075e+01	1.995779e+00
2216          	OVC	1.093565e+01	1.590584e+01	1.181466e+01
2216          	shield_slave	-3.264385e+00	-1.537934e+00	-1.510748e+00
2217          	warmPlate	1.221056e+01	1.595075e+01	1.995779e+00
2217          	OVC	1.093565e+01	1.590584e+01	1.181466e+01
2217          	shield_slave	-3.264385e+00	-1.537934e+00	-1.510748e+00
2218          	warmPlate	1.221056e+01	1.595075e+01	1.995779e+00
2218          	OVC	1.093565e+01	1.590584e+01	1.181466e+01
2218          	shield_slave	-3.264385e+00	-1.537934e+00	-1.510748e+00
2219          	warmPlate	1.221056e+01	1.595075e+01	1.995779e+00
2219          	OVC	1.093565e+01	1.590584e+01	1.181466e+01
2219          	shield_slave	-3.264385e+00	-1.537934e+00	-1.510748e+00
2220          	warmPlate	1.221056e+01	1.595075e+01	1.995779e+00
2220          	OVC	1.093565e+01	1.590584e+01	1.181466e+01
2220          	shield_slave	-3.264385e+00	-1.537934e+00	-1.510748e+00
2221          	warmPlate	1.221056e+01	1.595075e+01	1.995779e+00
2221          	OVC	1.093565e+01	1.590584e+01	1.181466e+01
2221          	shield_slave	-3.264385e+00	-1.537934e+00	-1.510748e+00
2222          	warmPlate	1.221056e+01	1.595075e+01	1.995779e+00
2222          	OVC	1.093565e+01	1.590584e+01	1.181466e+01
2222          	shield_slave	-3.264385e+00	-1.537934e+00	-1.510748e+00
2223          	warmPlate	1.221056e+01	1.595075e+01	1.995779e+00
2223          	OVC	1.093565e+01	1.590584e+01	1.181466e+01
2223          	shield_slave	-3.264385e+00	-1.537934e+00	-1.510748e+00
2224          	warmPlate	1.221056e+01	1.595075e+01	1.995779e+00
2224          	OVC	1.093565e+01	1.590584e+01	1.181466e+01
2224          	shield_slave	-3.264385e+00	-1.537934e+00	-1.510748e+00
2225          	warmPlate	1.221056e+01	1.595075e+01	1.995779e+00
2225          	OVC	1.093565e+01	1.590584e+01	1.181466e+01
2225          	shield_slave	-3.264385e+00	-1.537934e+00	-1.510748e+00
2226          	warmPlate	1.221056e+01	1.595075e+01	1.995779e+00
2226          	OVC	1.093565e+01	1.590584e+01	1.181466e+01
2226          	shield_slave	-3.264385e+00	-1.537934e+00	-1.510748e+00
2227          	warmPlate	1.221056e+01	1.595075e+01	1.995779e+00
2227          	OVC	1.093565e+01	1.590584e+01	1.181466e+01
2227          	shield_slave	-3.264385e+00	-1.537934e+00	-1.510748e+00
2228          	warmPlate	1.221056e+01	1.595075e+01	1.995779e+00
2228          	OVC	1.093565e+01	1.590584e+01	1.181466e+01
2228          	shield_slave	-3.264385e+00	-1.537934e+00	-1.510748e+00
2229          	warmPlate	1.221056e+01	1.595075e+01	1.995779e+00
2229          	OVC	1.093565e+01	1.590584e+01	1.181466e+01
2229          	shield_slave	-3.264385e+00	-1.537934e+00	-1.510748e+00
2230          	warmPlate	1.221056e+01	1.595075e+01	1.995779e+00
2230          	OVC	1.093565e+01	1.590584e+01	1.181466e+01
2230          	shield_slave	-3.264385e+00	-1.537934e+00	-1.510748e+00
2231          	warmPlate	1.221056e+01	1.595075e+01	1.995779e+00
2231          	OVC	1.093565e+01	1.590584e+01	1.181466e+01
2231          	shield_slave	-3.264385e+00	-1.537934e+00	-1.510748e+00
2232          	warmPlate	1.221056e+01	1.595075e+01	1.995779e+00
2232          	OVC	1.093565e+01	1.590584e+01	1.181466e+01
2232          	shield_slave	-3.264385e+00	-1.537934e+00	-1.510748e+00
2233          	warmPlate	1.221056e+01	1.595075e+01	1.995779e+00
2233          	OVC	1.093565e+01	1.590584e+01	1.181466e+01
2233          	shield_slave	-3.264385e+00	-1.537934e+00	-1.510748e+00
2234          	warmPlate	1.221056e+01	1.595075e+01	1.995779e+00
2234          	OVC	1.093565e+01	1.590584e+01	1.181466e+01
2234          	shield_slave	-3.264385e+00	-1.537934e+00	-1.510748e+00
2235          	warmPlate	1.221056e+01	1.595075e+01	1.995779e+00
2235          	OVC	1.093565e+01	1.590584e+01	1.181466e+01
2235          	shield_slave	-3.264385e+00	-1.537934e+00	-1.510748e+00
2236          	warmPlate	1.221056e+01	1.595075e+01	1.995779e+00
2236          	OVC	1.093565e+01	1.590584e+01	1.181466e+01
2236          	shield_slave	-3.264385e+00	-1.537934e+00	-1.510748e+00
2237          	warmPlate	1.221056e+01	1.595075e+01	1.995779e+00
2237          	OVC	1.093565e+01	1.590584e+01	1.181466e+01
2237          	shield_slave	-3.264385e+00	-1.537934e+00	-1.510748e+00
2238          	warmPlate	1.221056e+01	1.595075e+01	1.995779e+00
2238          	OVC	1.093565e+01	1.590584e+01	1.181466e+01
2238          	shield_slave	-3.264385e+00	-1.537934e+00	-1.510748e+00
2239          	warmPlate	1.221056e+01	1.595075e+01	1.995779e+00
2239          	OVC	1.093565e+01	1.590584e+01	1.181466e+01
2239          	shield_slave	-3.264385e+00	-1.537934e+00	-1.510748e+00
2240          	warmPlate	1.221056e+01	1.595075e+01	1.995779e+00
2240          	OVC	1.093565e+01	1.590584e+01	1.181466e+01
2240          	shield_slave	-3.264385e+00	-1.537934e+00	-1.510748e+00
2241          	warmPlate	1.221056e+01	1.595075e+01	1.995779e+00
2241          	OVC	1.093565e+01	1.590584e+01	1.181466e+01
2241          	shield_slave	-3.264385e+00	-1.537934e+00	-1.510748e+00
2242          	warmPlate	1.221056e+01	1.595075e+01	1.995779e+00
2242          	OVC	1.093565e+01	1.590584e+01	1.181466e+01
2242          	shield_slave	-3.264385e+00	-1.537934e+00	-1.510748e+00
2243          	warmPlate	1.221056e+01	1.595075e+01	1.995779e+00
2243          	OVC	1.093565e+01	1.590584e+01	1.181466e+01
2243          	shield_slave	-3.264385e+00	-1.537934e+00	-1.510748e+00
2244          	warmPlate	1.221056e+01	1.595075e+01	1.995779e+00
2244          	OVC	1.093565e+01	1.590584e+01	1.181466e+01
2244          	shield_slave	-3.264385e+00	-1.537934e+00	-1.510748e+00
2245          	warmPlate	1.221056e+01	1.595075e+01	1.995779e+00
2245          	OVC	1.093565e+01	1.590584e+01	1.181466e+01
2245          	shield_slave	-3.264385e+00	-1.537934e+00	-1.510748e+00
2246          	warmPlate	1.221056e+01	1.595075e+01	1.995779e+00
2246          	OVC	1.093565e+01	1.590584e+01	1.181466e+01
2246          	shield_slave	-3.264385e+00	-1.537934e+00	-1.510748e+00
2247          	warmPlate	1.221056e+01	1.595075e+01	1.995779e+00
2247          	OVC	1.093565e+01	1.590584e+01	1.181466e+01
2247          	shield_slave	-3.264385e+00	-1.537934e+00	-1.510748e+00
2248          	warmPlate	1.221056e+01	1.595075e+01	1.995779e+00
2248          	OVC	1.093565e+01	1.590584e+01	1.181466e+01
2248          	shield_slave	-3.264385e+00	-1.537934e+00	-1.510748e+00
2249          	warmPlate	1.221056e+01	1.595075e+01	1.995779e+00
2249          	OVC	1.093565e+01	1.590584e+01	1.181466e+01
2249          	shield_slave	-3.264385e+00	-1.537934e+00	-1.510748e+00
2250          	warmPlate	1.221056e+01	1.595075e+01	1.995779e+00
2250          	OVC	1.093565e+01	1.590584e+01	1.181466e+01
2250          	shield_slave	-3.264385e+00	-1.537934e+00	-1.510748e+00
2251          	warmPlate	1.221056e+01	1.595075e+01	1.995779e+00
2251          	OVC	1.093565e+01	1.590584e+01	1.181466e+01
2251          	shield_slave	-3.264385e+00	-1.537934e+00	-1.510748e+00
2252          	warmPlate	1.221056e+01	1.595075e+01	1.995779e+00
2252          	OVC	1.093565e+01	1.590584e+01	1.181466e+01
2252          	shield_slave	-3.264385e+00	-1.537934e+00	-1.510748e+00
2253          	warmPlate	1.221056e+01	1.595075e+01	1.995779e+00
2253          	OVC	1.093565e+01	1.590584e+01	1.181466e+01
2253          	shield_slave	-3.264385e+00	-1.537934e+00	-1.510748e+00
2254          	warmPlate	1.221056e+01	1.595075e+01	1.995779e+00
2254          	OVC	1.093565e+01	1.590584e+01	1.181466e+01
2254          	shield_slave	-3.264385e+00	-1.537934e+00	-1.510748e+00
2255          	warmPlate	1.221056e+01	1.595075e+01	1.995779e+00
2255          	OVC	1.093565e+01	1.590584e+01	1.181466e+01
2255          	shield_slave	-3.264385e+00	-1.537934e+00	-1.510748e+00
2256          	warmPlate	1.221056e+01	1.595075e+01	1.995779e+00
2256          	OVC	1.093565e+01	1.590584e+01	1.181466e+01
2256          	shield_slave	-3.264385e+00	-1.537934e+00	-1.510748e+00
2257          	warmPlate	1.221056e+01	1.595075e+01	1.995779e+00
2257          	OVC	1.093565e+01	1.590584e+01	1.181466e+01
2257          	shield_slave	-3.264385e+00	-1.537934e+00	-1.510748e+00
2258          	warmPlate	1.221056e+01	1.595075e+01	1.995779e+00
2258          	OVC	1.093565e+01	1.590584e+01	1.181466e+01
2258          	shield_slave	-3.264385e+00	-1.537934e+00	-1.510748e+00
2259          	warmPlate	1.221056e+01	1.595075e+01	1.995779e+00
2259          	OVC	1.093565e+01	1.590584e+01	1.181466e+01
2259          	shield_slave	-3.264385e+00	-1.537934e+00	-1.510748e+00
2260          	warmPlate	1.221056e+01	1.595075e+01	1.995779e+00
2260          	OVC	1.093565e+01	1.590584e+01	1.181466e+01
2260          	shield_slave	-3.264385e+00	-1.537934e+00	-1.510748e+00
2261          	warmPlate	1.221056e+01	1.595075e+01	1.995779e+00
2261          	OVC	1.093565e+01	1.590584e+01	1.181466e+01
2261          	shield_slave	-3.264385e+00	-1.537934e+00	-1.510748e+00
2262          	warmPlate	1.221056e+01	1.595075e+01	1.995779e+00
2262          	OVC	1.093565e+01	1.590584e+01	1.181466e+01
2262          	shield_slave	-3.264385e+00	-1.537934e+00	-1.510748e+00
2263          	warmPlate	1.221056e+01	1.595075e+01	1.995779e+00
2263          	OVC	1.093565e+01	1.590584e+01	1.181466e+01
2263          	shield_slave	-3.264385e+00	-1.537934e+00	-1.510748e+00
2264          	warmPlate	1.221056e+01	1.595075e+01	1.995779e+00
2264          	OVC	1.093565e+01	1.590584e+01	1.181466e+01
2264          	shield_slave	-3.264385e+00	-1.537934e+00	-1.510748e+00
2265          	warmPlate	1.221056e+01	1.595075e+01	1.995779e+00
2265          	OVC	1.093565e+01	1.590584e+01	1.181466e+01
2265          	shield_slave	-3.264385e+00	-1.537934e+00	-1.510748e+00
2266          	warmPlate	1.221056e+01	1.595075e+01	1.995779e+00
2266          	OVC	1.093565e+01	1.590584e+01	1.181466e+01
2266          	shield_slave	-3.264385e+00	-1.537934e+00	-1.510748e+00
2267          	warmPlate	1.221056e+01	1.595075e+01	1.995779e+00
2267          	OVC	1.093565e+01	1.590584e+01	1.181466e+01
2267          	shield_slave	-3.264385e+00	-1.537934e+00	-1.510748e+00
2268          	warmPlate	1.221056e+01	1.595075e+01	1.995779e+00
2268          	OVC	1.093565e+01	1.590584e+01	1.181466e+01
2268          	shield_slave	-3.264385e+00	-1.537934e+00	-1.510748e+00
2269          	warmPlate	1.221056e+01	1.595075e+01	1.995779e+00
2269          	OVC	1.093565e+01	1.590584e+01	1.181466e+01
2269          	shield_slave	-3.264385e+00	-1.537934e+00	-1.510748e+00
2270          	warmPlate	1.221056e+01	1.595075e+01	1.995779e+00
2270          	OVC	1.093565e+01	1.590584e+01	1.181466e+01
2270          	shield_slave	-3.264385e+00	-1.537934e+00	-1.510748e+00
2271          	warmPlate	1.221056e+01	1.595075e+01	1.995779e+00
2271          	OVC	1.093565e+01	1.590584e+01	1.181466e+01
2271          	shield_slave	-3.264385e+00	-1.537934e+00	-1.510748e+00
2272          	warmPlate	1.221056e+01	1.595075e+01	1.995779e+00
2272          	OVC	1.093565e+01	1.590584e+01	1.181466e+01
2272          	shield_slave	-3.264385e+00	-1.537934e+00	-1.510748e+00
2273          	warmPlate	1.221056e+01	1.595075e+01	1.995779e+00
2273          	OVC	1.093565e+01	1.590584e+01	1.181466e+01
2273          	shield_slave	-3.264385e+00	-1.537934e+00	-1.510748e+00
2274          	warmPlate	1.221056e+01	1.595075e+01	1.995779e+00
2274          	OVC	1.093565e+01	1.590584e+01	1.181466e+01
2274          	shield_slave	-3.264385e+00	-1.537934e+00	-1.510748e+00
2275          	warmPlate	1.221056e+01	1.595075e+01	1.995779e+00
2275          	OVC	1.093565e+01	1.590584e+01	1.181466e+01
2275          	shield_slave	-3.264385e+00	-1.537934e+00	-1.510748e+00
2276          	warmPlate	1.221056e+01	1.595075e+01	1.995779e+00
2276          	OVC	1.093565e+01	1.590584e+01	1.181466e+01
2276          	shield_slave	-3.264385e+00	-1.537934e+00	-1.510748e+00
2277          	warmPlate	1.221056e+01	1.595075e+01	1.995779e+00
2277          	OVC	1.093565e+01	1.590584e+01	1.181466e+01
2277          	shield_slave	-3.264385e+00	-1.537934e+00	-1.510748e+00
2278          	warmPlate	1.221056e+01	1.595075e+01	1.995779e+00
2278          	OVC	1.093565e+01	1.590584e+01	1.181466e+01
2278          	shield_slave	-3.264385e+00	-1.537934e+00	-1.510748e+00
2279          	warmPlate	1.221056e+01	1.595075e+01	1.995779e+00
2279          	OVC	1.093565e+01	1.590584e+01	1.181466e+01
2279          	shield_slave	-3.264385e+00	-1.537934e+00	-1.510748e+00
2280          	warmPlate	1.221056e+01	1.595075e+01	1.995779e+00
2280          	OVC	1.093565e+01	1.590584e+01	1.181466e+01
2280          	shield_slave	-3.264385e+00	-1.537934e+00	-1.510748e+00
2281          	warmPlate	1.221056e+01	1.595075e+01	1.995779e+00
2281          	OVC	1.093565e+01	1.590584e+01	1.181466e+01
2281          	shield_slave	-3.264385e+00	-1.537934e+00	-1.510748e+00
2282          	warmPlate	1.221056e+01	1.595075e+01	1.995779e+00
2282          	OVC	1.093565e+01	1.590584e+01	1.181466e+01
2282          	shield_slave	-3.264385e+00	-1.537934e+00	-1.510748e+00
2283          	warmPlate	1.221056e+01	1.595075e+01	1.995779e+00
2283          	OVC	1.093565e+01	1.590584e+01	1.181466e+01
2283          	shield_slave	-3.264385e+00	-1.537934e+00	-1.510748e+00
2284          	warmPlate	1.221056e+01	1.595075e+01	1.995779e+00
2284          	OVC	1.093565e+01	1.590584e+01	1.181466e+01
2284          	shield_slave	-3.264385e+00	-1.537934e+00	-1.510748e+00
2285          	warmPlate	1.221056e+01	1.595075e+01	1.995779e+00
2285          	OVC	1.093565e+01	1.590584e+01	1.181466e+01
2285          	shield_slave	-3.264385e+00	-1.537934e+00	-1.510748e+00
2286          	warmPlate	1.221056e+01	1.595075e+01	1.995779e+00
2286          	OVC	1.093565e+01	1.590584e+01	1.181466e+01
2286          	shield_slave	-3.264385e+00	-1.537934e+00	-1.510748e+00
2287          	warmPlate	1.221056e+01	1.595075e+01	1.995779e+00
2287          	OVC	1.093565e+01	1.590584e+01	1.181466e+01
2287          	shield_slave	-3.264385e+00	-1.537934e+00	-1.510748e+00
2288          	warmPlate	1.221056e+01	1.595075e+01	1.995779e+00
2288          	OVC	1.093565e+01	1.590584e+01	1.181466e+01
2288          	shield_slave	-3.264385e+00	-1.537934e+00	-1.510748e+00
2289          	warmPlate	1.221056e+01	1.595075e+01	1.995779e+00
2289          	OVC	1.093565e+01	1.590584e+01	1.181466e+01
2289          	shield_slave	-3.264385e+00	-1.537934e+00	-1.510748e+00
2290          	warmPlate	1.221056e+01	1.595075e+01	1.995779e+00
2290          	OVC	1.093565e+01	1.590584e+01	1.181466e+01
2290          	shield_slave	-3.264385e+00	-1.537934e+00	-1.510748e+00
2291          	warmPlate	1.221056e+01	1.595075e+01	1.995779e+00
2291          	OVC	1.093565e+01	1.590584e+01	1.181466e+01
2291          	shield_slave	-3.264385e+00	-1.537934e+00	-1.510748e+00
2292          	warmPlate	1.221056e+01	1.595075e+01	1.995779e+00
2292          	OVC	1.093565e+01	1.590584e+01	1.181466e+01
2292          	shield_slave	-3.264385e+00	-1.537934e+00	-1.510748e+00
2293          	warmPlate	1.221056e+01	1.595075e+01	1.995779e+00
2293          	OVC	1.093565e+01	1.590584e+01	1.181466e+01
2293          	shield_slave	-3.264385e+00	-1.537934e+00	-1.510748e+00
2294          	warmPlate	1.221056e+01	1.595075e+01	1.995779e+00
2294          	OVC	1.093565e+01	1.590584e+01	1.181466e+01
2294          	shield_slave	-3.264385e+00	-1.537934e+00	-1.510748e+00
2295          	warmPlate	1.221056e+01	1.595075e+01	1.995779e+00
2295          	OVC	1.093565e+01	1.590584e+01	1.181466e+01
2295          	shield_slave	-3.264385e+00	-1.537934e+00	-1.510748e+00
2296          	warmPlate	1.221056e+01	1.595075e+01	1.995779e+00
2296          	OVC	1.093565e+01	1.590584e+01	1.181466e+01
2296          	shield_slave	-3.264385e+00	-1.537934e+00	-1.510748e+00
2297          	warmPlate	1.221056e+01	1.595075e+01	1.995779e+00
2297          	OVC	1.093565e+01	1.590584e+01	1.181466e+01
2297          	shield_slave	-3.264385e+00	-1.537934e+00	-1.510748e+00
2298          	warmPlate	1.221056e+01	1.595075e+01	1.995779e+00
2298          	OVC	1.093565e+01	1.590584e+01	1.181466e+01
2298          	shield_slave	-3.264385e+00	-1.537934e+00	-1.510748e+00
2299          	warmPlate	1.221056e+01	1.595075e+01	1.995779e+00
2299          	OVC	1.093565e+01	1.590584e+01	1.181466e+01
2299          	shield_slave	-3.264385e+00	-1.537934e+00	-1.510748e+00
2300          	warmPlate	1.221056e+01	1.595075e+01	1.995779e+00
2300          	OVC	1.093565e+01	1.590584e+01	1.181466e+01
2300          	shield_slave	-3.264385e+00	-1.537934e+00	-1.510748e+00
2301          	warmPlate	1.221056e+01	1.595075e+01	1.995779e+00
2301          	OVC	1.093565e+01	1.590584e+01	1.181466e+01
2301          	shield_slave	-3.264385e+00	-1.537934e+00	-1.510748e+00
2302          	warmPlate	1.221056e+01	1.595075e+01	1.995779e+00
2302          	OVC	1.093565e+01	1.590584e+01	1.181466e+01
2302          	shield_slave	-3.264385e+00	-1.537934e+00	-1.510748e+00
2303          	warmPlate	1.221056e+01	1.595075e+01	1.995779e+00
2303          	OVC	1.093565e+01	1.590584e+01	1.181466e+01
2303          	shield_slave	-3.264385e+00	-1.537934e+00	-1.510748e+00
2304          	warmPlate	1.221056e+01	1.595075e+01	1.995779e+00
2304          	OVC	1.093565e+01	1.590584e+01	1.181466e+01
2304          	shield_slave	-3.264385e+00	-1.537934e+00	-1.510748e+00
2305          	warmPlate	1.221056e+01	1.595075e+01	1.995779e+00
2305          	OVC	1.093565e+01	1.590584e+01	1.181466e+01
2305          	shield_slave	-3.264385e+00	-1.537934e+00	-1.510748e+00
2306          	warmPlate	1.221056e+01	1.595075e+01	1.995779e+00
2306          	OVC	1.093565e+01	1.590584e+01	1.181466e+01
2306          	shield_slave	-3.264385e+00	-1.537934e+00	-1.510748e+00
2307          	warmPlate	1.221056e+01	1.595075e+01	1.995779e+00
2307          	OVC	1.093565e+01	1.590584e+01	1.181466e+01
2307          	shield_slave	-3.264385e+00	-1.537934e+00	-1.510748e+00
2308          	warmPlate	1.221056e+01	1.595075e+01	1.995779e+00
2308          	OVC	1.093565e+01	1.590584e+01	1.181466e+01
2308          	shield_slave	-3.264385e+00	-1.537934e+00	-1.510748e+00
2309          	warmPlate	1.221056e+01	1.595075e+01	1.995779e+00
2309          	OVC	1.093565e+01	1.590584e+01	1.181466e+01
2309          	shield_slave	-3.264385e+00	-1.537934e+00	-1.510748e+00
2310          	warmPlate	1.221056e+01	1.595075e+01	1.995779e+00
2310          	OVC	1.093565e+01	1.590584e+01	1.181466e+01
2310          	shield_slave	-3.264385e+00	-1.537934e+00	-1.510748e+00
2311          	warmPlate	1.221056e+01	1.595075e+01	1.995779e+00
2311          	OVC	1.093565e+01	1.590584e+01	1.181466e+01
2311          	shield_slave	-3.264385e+00	-1.537934e+00	-1.510748e+00
2312          	warmPlate	1.221056e+01	1.595075e+01	1.995779e+00
2312          	OVC	1.093565e+01	1.590584e+01	1.181466e+01
2312          	shield_slave	-3.264385e+00	-1.537934e+00	-1.510748e+00
2313          	warmPlate	1.221056e+01	1.595075e+01	1.995779e+00
2313          	OVC	1.093565e+01	1.590584e+01	1.181466e+01
2313          	shield_slave	-3.264385e+00	-1.537934e+00	-1.510748e+00
2314          	warmPlate	1.221056e+01	1.595075e+01	1.995779e+00
2314          	OVC	1.093565e+01	1.590584e+01	1.181466e+01
2314          	shield_slave	-3.264385e+00	-1.537934e+00	-1.510748e+00
2315          	warmPlate	1.221056e+01	1.595075e+01	1.995779e+00
2315          	OVC	1.093565e+01	1.590584e+01	1.181466e+01
2315          	shield_slave	-3.264385e+00	-1.537934e+00	-1.510748e+00
2316          	warmPlate	1.221056e+01	1.595075e+01	1.995779e+00
2316          	OVC	1.093565e+01	1.590584e+01	1.181466e+01
2316          	shield_slave	-3.264385e+00	-1.537934e+00	-1.510748e+00
2317          	warmPlate	1.221056e+01	1.595075e+01	1.995779e+00
2317          	OVC	1.093565e+01	1.590584e+01	1.181466e+01
2317          	shield_slave	-3.264385e+00	-1.537934e+00	-1.510748e+00
2318          	warmPlate	1.221056e+01	1.595075e+01	1.995779e+00
2318          	OVC	1.093565e+01	1.590584e+01	1.181466e+01
2318          	shield_slave	-3.264385e+00	-1.537934e+00	-1.510748e+00
2319          	warmPlate	1.221056e+01	1.595075e+01	1.995779e+00
2319          	OVC	1.093565e+01	1.590584e+01	1.181466e+01
2319          	shield_slave	-3.264385e+00	-1.537934e+00	-1.510748e+00
2320          	warmPlate	1.221056e+01	1.595075e+01	1.995779e+00
2320          	OVC	1.093565e+01	1.590584e+01	1.181466e+01
2320          	shield_slave	-3.264385e+00	-1.537934e+00	-1.510748e+00
2321          	warmPlate	1.221056e+01	1.595075e+01	1.995779e+00
2321          	OVC	1.093565e+01	1.590584e+01	1.181466e+01
2321          	shield_slave	-3.264385e+00	-1.537934e+00	-1.510748e+00
2322          	warmPlate	1.221056e+01	1.595075e+01	1.995779e+00
2322          	OVC	1.093565e+01	1.590584e+01	1.181466e+01
2322          	shield_slave	-3.264385e+00	-1.537934e+00	-1.510748e+00
2323          	warmPlate	1.221056e+01	1.595075e+01	1.995779e+00
2323          	OVC	1.093565e+01	1.590584e+01	1.181466e+01
2323          	shield_slave	-3.264385e+00	-1.537934e+00	-1.510748e+00
2324          	warmPlate	1.221056e+01	1.595075e+01	1.995779e+00
2324          	OVC	1.093565e+01	1.590584e+01	1.181466e+01
2324          	shield_slave	-3.264385e+00	-1.537934e+00	-1.510748e+00
2325          	warmPlate	1.221056e+01	1.595075e+01	1.995779e+00
2325          	OVC	1.093565e+01	1.590584e+01	1.181466e+01
2325          	shield_slave	-3.264385e+00	-1.537934e+00	-1.510748e+00
2326          	warmPlate	1.221056e+01	1.595075e+01	1.995779e+00
2326          	OVC	1.093565e+01	1.590584e+01	1.181466e+01
2326          	shield_slave	-3.264385e+00	-1.537934e+00	-1.510748e+00
2327          	warmPlate	1.221056e+01	1.595075e+01	1.995779e+00
2327          	OVC	1.093565e+01	1.590584e+01	1.181466e+01
2327          	shield_slave	-3.264385e+00	-1.537934e+00	-1.510748e+00
2328          	warmPlate	1.221056e+01	1.595075e+01	1.995779e+00
2328          	OVC	1.093565e+01	1.590584e+01	1.181466e+01
2328          	shield_slave	-3.264385e+00	-1.537934e+00	-1.510748e+00
2329          	warmPlate	1.221056e+01	1.595075e+01	1.995779e+00
2329          	OVC	1.093565e+01	1.590584e+01	1.181466e+01
2329          	shield_slave	-3.264385e+00	-1.537934e+00	-1.510748e+00
2330          	warmPlate	1.221056e+01	1.595075e+01	1.995779e+00
2330          	OVC	1.093565e+01	1.590584e+01	1.181466e+01
2330          	shield_slave	-3.264385e+00	-1.537934e+00	-1.510748e+00
2331          	warmPlate	1.221056e+01	1.595075e+01	1.995779e+00
2331          	OVC	1.093565e+01	1.590584e+01	1.181466e+01
2331          	shield_slave	-3.264385e+00	-1.537934e+00	-1.510748e+00
2332          	warmPlate	1.221056e+01	1.595075e+01	1.995779e+00
2332          	OVC	1.093565e+01	1.590584e+01	1.181466e+01
2332          	shield_slave	-3.264385e+00	-1.537934e+00	-1.510748e+00
2333          	warmPlate	1.221056e+01	1.595075e+01	1.995779e+00
2333          	OVC	1.093565e+01	1.590584e+01	1.181466e+01
2333          	shield_slave	-3.264385e+00	-1.537934e+00	-1.510748e+00
2334          	warmPlate	1.221056e+01	1.595075e+01	1.995779e+00
2334          	OVC	1.093565e+01	1.590584e+01	1.181466e+01
2334          	shield_slave	-3.264385e+00	-1.537934e+00	-1.510748e+00
2335          	warmPlate	1.221056e+01	1.595075e+01	1.995779e+00
2335          	OVC	1.093565e+01	1.590584e+01	1.181466e+01
2335          	shield_slave	-3.264385e+00	-1.537934e+00	-1.510748e+00
2336          	warmPlate	1.221056e+01	1.595075e+01	1.995779e+00
2336          	OVC	1.093565e+01	1.590584e+01	1.181466e+01
2336          	shield_slave	-3.264385e+00	-1.537934e+00	-1.510748e+00
2337          	warmPlate	1.221056e+01	1.595075e+01	1.995779e+00
2337          	OVC	1.093565e+01	1.590584e+01	1.181466e+01
2337          	shield_slave	-3.264385e+00	-1.537934e+00	-1.510748e+00
2338          	warmPlate	1.221056e+01	1.595075e+01	1.995779e+00
2338          	OVC	1.093565e+01	1.590584e+01	1.181466e+01
2338          	shield_slave	-3.264385e+00	-1.537934e+00	-1.510748e+00
2339          	warmPlate	1.221056e+01	1.595075e+01	1.995779e+00
2339          	OVC	1.093565e+01	1.590584e+01	1.181466e+01
2339          	shield_slave	-3.264385e+00	-1.537934e+00	-1.510748e+00
2340          	warmPlate	1.221056e+01	1.595075e+01	1.995779e+00
2340          	OVC	1.093565e+01	1.590584e+01	1.181466e+01
2340          	shield_slave	-3.264385e+00	-1.537934e+00	-1.510748e+00
2341          	warmPlate	1.221056e+01	1.595075e+01	1.995779e+00
2341          	OVC	1.093565e+01	1.590584e+01	1.181466e+01
2341          	shield_slave	-3.264385e+00	-1.537934e+00	-1.510748e+00
2342          	warmPlate	1.221056e+01	1.595075e+01	1.995779e+00
2342          	OVC	1.093565e+01	1.590584e+01	1.181466e+01
2342          	shield_slave	-3.264385e+00	-1.537934e+00	-1.510748e+00
2343          	warmPlate	1.221056e+01	1.595075e+01	1.995779e+00
2343          	OVC	1.093565e+01	1.590584e+01	1.181466e+01
2343          	shield_slave	-3.264385e+00	-1.537934e+00	-1.510748e+00
2344          	warmPlate	1.221056e+01	1.595075e+01	1.995779e+00
2344          	OVC	1.093565e+01	1.590584e+01	1.181466e+01
2344          	shield_slave	-3.264385e+00	-1.537934e+00	-1.510748e+00
2345          	warmPlate	1.221056e+01	1.595075e+01	1.995779e+00
2345          	OVC	1.093565e+01	1.590584e+01	1.181466e+01
2345          	shield_slave	-3.264385e+00	-1.537934e+00	-1.510748e+00
2346          	warmPlate	1.221056e+01	1.595075e+01	1.995779e+00
2346          	OVC	1.093565e+01	1.590584e+01	1.181466e+01
2346          	shield_slave	-3.264385e+00	-1.537934e+00	-1.510748e+00
2347          	warmPlate	1.221056e+01	1.595075e+01	1.995779e+00
2347          	OVC	1.093565e+01	1.590584e+01	1.181466e+01
2347          	shield_slave	-3.264385e+00	-1.537934e+00	-1.510748e+00
2348          	warmPlate	1.221056e+01	1.595075e+01	1.995779e+00
2348          	OVC	1.093565e+01	1.590584e+01	1.181466e+01
2348          	shield_slave	-3.264385e+00	-1.537934e+00	-1.510748e+00
2349          	warmPlate	1.221056e+01	1.595075e+01	1.995779e+00
2349          	OVC	1.093565e+01	1.590584e+01	1.181466e+01
2349          	shield_slave	-3.264385e+00	-1.537934e+00	-1.510748e+00
2350          	warmPlate	1.221056e+01	1.595075e+01	1.995779e+00
2350          	OVC	1.093565e+01	1.590584e+01	1.181466e+01
2350          	shield_slave	-3.264385e+00	-1.537934e+00	-1.510748e+00
2351          	warmPlate	1.221056e+01	1.595075e+01	1.995779e+00
2351          	OVC	1.093565e+01	1.590584e+01	1.181466e+01
2351          	shield_slave	-3.264385e+00	-1.537934e+00	-1.510748e+00
2352          	warmPlate	1.221056e+01	1.595075e+01	1.995779e+00
2352          	OVC	1.093565e+01	1.590584e+01	1.181466e+01
2352          	shield_slave	-3.264385e+00	-1.537934e+00	-1.510748e+00
2353          	warmPlate	1.221056e+01	1.595075e+01	1.995779e+00
2353          	OVC	1.093565e+01	1.590584e+01	1.181466e+01
2353          	shield_slave	-3.264385e+00	-1.537934e+00	-1.510748e+00
2354          	warmPlate	1.221056e+01	1.595075e+01	1.995779e+00
2354          	OVC	1.093565e+01	1.590584e+01	1.181466e+01
2354          	shield_slave	-3.264385e+00	-1.537934e+00	-1.510748e+00
2355          	warmPlate	1.221056e+01	1.595075e+01	1.995779e+00
2355          	OVC	1.093565e+01	1.590584e+01	1.181466e+01
2355          	shield_slave	-3.264385e+00	-1.537934e+00	-1.510748e+00
2356          	warmPlate	1.221056e+01	1.595075e+01	1.995779e+00
2356          	OVC	1.093565e+01	1.590584e+01	1.181466e+01
2356          	shield_slave	-3.264385e+00	-1.537934e+00	-1.510748e+00
2357          	warmPlate	1.221056e+01	1.595075e+01	1.995779e+00
2357          	OVC	1.093565e+01	1.590584e+01	1.181466e+01
2357          	shield_slave	-3.264385e+00	-1.537934e+00	-1.510748e+00
2358          	warmPlate	1.221056e+01	1.595075e+01	1.995779e+00
2358          	OVC	1.093565e+01	1.590584e+01	1.181466e+01
2358          	shield_slave	-3.264385e+00	-1.537934e+00	-1.510748e+00
2359          	warmPlate	1.221056e+01	1.595075e+01	1.995779e+00
2359          	OVC	1.093565e+01	1.590584e+01	1.181466e+01
2359          	shield_slave	-3.264385e+00	-1.537934e+00	-1.510748e+00
2360          	warmPlate	1.221056e+01	1.595075e+01	1.995779e+00
2360          	OVC	1.093565e+01	1.590584e+01	1.181466e+01
2360          	shield_slave	-3.264385e+00	-1.537934e+00	-1.510748e+00
2361          	warmPlate	1.221056e+01	1.595075e+01	1.995779e+00
2361          	OVC	1.093565e+01	1.590584e+01	1.181466e+01
2361          	shield_slave	-3.264385e+00	-1.537934e+00	-1.510748e+00
2362          	warmPlate	1.221056e+01	1.595075e+01	1.995779e+00
2362          	OVC	1.093565e+01	1.590584e+01	1.181466e+01
2362          	shield_slave	-3.264385e+00	-1.537934e+00	-1.510748e+00
2363          	warmPlate	1.221056e+01	1.595075e+01	1.995779e+00
2363          	OVC	1.093565e+01	1.590584e+01	1.181466e+01
2363          	shield_slave	-3.264385e+00	-1.537934e+00	-1.510748e+00
2364          	warmPlate	1.221056e+01	1.595075e+01	1.995779e+00
2364          	OVC	1.093565e+01	1.590584e+01	1.181466e+01
2364          	shield_slave	-3.264385e+00	-1.537934e+00	-1.510748e+00
2365          	warmPlate	1.221056e+01	1.595075e+01	1.995779e+00
2365          	OVC	1.093565e+01	1.590584e+01	1.181466e+01
2365          	shield_slave	-3.264385e+00	-1.537934e+00	-1.510748e+00
2366          	warmPlate	1.221056e+01	1.595075e+01	1.995779e+00
2366          	OVC	1.093565e+01	1.590584e+01	1.181466e+01
2366          	shield_slave	-3.264385e+00	-1.537934e+00	-1.510748e+00
2367          	warmPlate	1.221056e+01	1.595075e+01	1.995779e+00
2367          	OVC	1.093565e+01	1.590584e+01	1.181466e+01
2367          	shield_slave	-3.264385e+00	-1.537934e+00	-1.510748e+00
2368          	warmPlate	1.221056e+01	1.595075e+01	1.995779e+00
2368          	OVC	1.093565e+01	1.590584e+01	1.181466e+01
2368          	shield_slave	-3.264385e+00	-1.537934e+00	-1.510748e+00
2369          	warmPlate	1.221056e+01	1.595075e+01	1.995779e+00
2369          	OVC	1.093565e+01	1.590584e+01	1.181466e+01
2369          	shield_slave	-3.264385e+00	-1.537934e+00	-1.510748e+00
2370          	warmPlate	1.221056e+01	1.595075e+01	1.995779e+00
2370          	OVC	1.093565e+01	1.590584e+01	1.181466e+01
2370          	shield_slave	-3.264385e+00	-1.537934e+00	-1.510748e+00
2371          	warmPlate	1.221056e+01	1.595075e+01	1.995779e+00
2371          	OVC	1.093565e+01	1.590584e+01	1.181466e+01
2371          	shield_slave	-3.264385e+00	-1.537934e+00	-1.510748e+00
2372          	warmPlate	1.221056e+01	1.595075e+01	1.995779e+00
2372          	OVC	1.093565e+01	1.590584e+01	1.181466e+01
2372          	shield_slave	-3.264385e+00	-1.537934e+00	-1.510748e+00
2373          	warmPlate	1.221056e+01	1.595075e+01	1.995779e+00
2373          	OVC	1.093565e+01	1.590584e+01	1.181466e+01
2373          	shield_slave	-3.264385e+00	-1.537934e+00	-1.510748e+00
2374          	warmPlate	1.221056e+01	1.595075e+01	1.995779e+00
2374          	OVC	1.093565e+01	1.590584e+01	1.181466e+01
2374          	shield_slave	-3.264385e+00	-1.537934e+00	-1.510748e+00
2375          	warmPlate	1.221056e+01	1.595075e+01	1.995779e+00
2375          	OVC	1.093565e+01	1.590584e+01	1.181466e+01
2375          	shield_slave	-3.264385e+00	-1.537934e+00	-1.510748e+00
2376          	warmPlate	1.221056e+01	1.595075e+01	1.995779e+00
2376          	OVC	1.093565e+01	1.590584e+01	1.181466e+01
2376          	shield_slave	-3.264385e+00	-1.537934e+00	-1.510748e+00
2377          	warmPlate	1.221056e+01	1.595075e+01	1.995779e+00
2377          	OVC	1.093565e+01	1.590584e+01	1.181466e+01
2377          	shield_slave	-3.264385e+00	-1.537934e+00	-1.510748e+00
2378          	warmPlate	1.221056e+01	1.595075e+01	1.995779e+00
2378          	OVC	1.093565e+01	1.590584e+01	1.181466e+01
2378          	shield_slave	-3.264385e+00	-1.537934e+00	-1.510748e+00
2379          	warmPlate	1.221056e+01	1.595075e+01	1.995779e+00
2379          	OVC	1.093565e+01	1.590584e+01	1.181466e+01
2379          	shield_slave	-3.264385e+00	-1.537934e+00	-1.510748e+00
2380          	warmPlate	1.221056e+01	1.595075e+01	1.995779e+00
2380          	OVC	1.093565e+01	1.590584e+01	1.181466e+01
2380          	shield_slave	-3.264385e+00	-1.537934e+00	-1.510748e+00
2381          	warmPlate	1.221056e+01	1.595075e+01	1.995779e+00
2381          	OVC	1.093565e+01	1.590584e+01	1.181466e+01
2381          	shield_slave	-3.264385e+00	-1.537934e+00	-1.510748e+00
2382          	warmPlate	1.221056e+01	1.595075e+01	1.995779e+00
2382          	OVC	1.093565e+01	1.590584e+01	1.181466e+01
2382          	shield_slave	-3.264385e+00	-1.537934e+00	-1.510748e+00
2383          	warmPlate	1.221056e+01	1.595075e+01	1.995779e+00
2383          	OVC	1.093565e+01	1.590584e+01	1.181466e+01
2383          	shield_slave	-3.264385e+00	-1.537934e+00	-1.510748e+00
2384          	warmPlate	1.221056e+01	1.595075e+01	1.995779e+00
2384          	OVC	1.093565e+01	1.590584e+01	1.181466e+01
2384          	shield_slave	-3.264385e+00	-1.537934e+00	-1.510748e+00
2385          	warmPlate	1.221056e+01	1.595075e+01	1.995779e+00
2385          	OVC	1.093565e+01	1.590584e+01	1.181466e+01
2385          	shield_slave	-3.264385e+00	-1.537934e+00	-1.510748e+00
2386          	warmPlate	1.221056e+01	1.595075e+01	1.995779e+00
2386          	OVC	1.093565e+01	1.590584e+01	1.181466e+01
2386          	shield_slave	-3.264385e+00	-1.537934e+00	-1.510748e+00
2387          	warmPlate	1.221056e+01	1.595075e+01	1.995779e+00
2387          	OVC	1.093565e+01	1.590584e+01	1.181466e+01
2387          	shield_slave	-3.264385e+00	-1.537934e+00	-1.510748e+00
2388          	warmPlate	1.221056e+01	1.595075e+01	1.995779e+00
2388          	OVC	1.093565e+01	1.590584e+01	1.181466e+01
2388          	shield_slave	-3.264385e+00	-1.537934e+00	-1.510748e+00
2389          	warmPlate	1.221056e+01	1.595075e+01	1.995779e+00
2389          	OVC	1.093565e+01	1.590584e+01	1.181466e+01
2389          	shield_slave	-3.264385e+00	-1.537934e+00	-1.510748e+00
2390          	warmPlate	1.221056e+01	1.595075e+01	1.995779e+00
2390          	OVC	1.093565e+01	1.590584e+01	1.181466e+01
2390          	shield_slave	-3.264385e+00	-1.537934e+00	-1.510748e+00
2391          	warmPlate	1.221056e+01	1.595075e+01	1.995779e+00
2391          	OVC	1.093565e+01	1.590584e+01	1.181466e+01
2391          	shield_slave	-3.264385e+00	-1.537934e+00	-1.510748e+00
2392          	warmPlate	1.221056e+01	1.595075e+01	1.995779e+00
2392          	OVC	1.093565e+01	1.590584e+01	1.181466e+01
2392          	shield_slave	-3.264385e+00	-1.537934e+00	-1.510748e+00
2393          	warmPlate	1.221056e+01	1.595075e+01	1.995779e+00
2393          	OVC	1.093565e+01	1.590584e+01	1.181466e+01
2393          	shield_slave	-3.264385e+00	-1.537934e+00	-1.510748e+00
2394          	warmPlate	1.221056e+01	1.595075e+01	1.995779e+00
2394          	OVC	1.093565e+01	1.590584e+01	1.181466e+01
2394          	shield_slave	-3.264385e+00	-1.537934e+00	-1.510748e+00
2395          	warmPlate	1.221056e+01	1.595075e+01	1.995779e+00
2395          	OVC	1.093565e+01	1.590584e+01	1.181466e+01
2395          	shield_slave	-3.264385e+00	-1.537934e+00	-1.510748e+00
2396          	warmPlate	1.221056e+01	1.595075e+01	1.995779e+00
2396          	OVC	1.093565e+01	1.590584e+01	1.181466e+01
2396          	shield_slave	-3.264385e+00	-1.537934e+00	-1.510748e+00
2397          	warmPlate	1.221056e+01	1.595075e+01	1.995779e+00
2397          	OVC	1.093565e+01	1.590584e+01	1.181466e+01
2397          	shield_slave	-3.264385e+00	-1.537934e+00	-1.510748e+00
2398          	warmPlate	1.221056e+01	1.595075e+01	1.995779e+00
2398          	OVC	1.093565e+01	1.590584e+01	1.181466e+01
2398          	shield_slave	-3.264385e+00	-1.537934e+00	-1.510748e+00
2399          	warmPlate	1.221056e+01	1.595075e+01	1.995779e+00
2399          	OVC	1.093565e+01	1.590584e+01	1.181466e+01
2399          	shield_slave	-3.264385e+00	-1.537934e+00	-1.510748e+00
2400          	warmPlate	1.221056e+01	1.595075e+01	1.995779e+00
2400          	OVC	1.093565e+01	1.590584e+01	1.181466e+01
2400          	shield_slave	-3.264385e+00	-1.537934e+00	-1.510748e+00
2401          	warmPlate	1.221056e+01	1.595075e+01	1.995779e+00
2401          	OVC	1.093565e+01	1.590584e+01	1.181466e+01
2401          	shield_slave	-3.264385e+00	-1.537934e+00	-1.510748e+00
2402          	warmPlate	1.221056e+01	1.595075e+01	1.995779e+00
2402          	OVC	1.093565e+01	1.590584e+01	1.181466e+01
2402          	shield_slave	-3.264385e+00	-1.537934e+00	-1.510748e+00
2403          	warmPlate	1.221056e+01	1.595075e+01	1.995779e+00
2403          	OVC	1.093565e+01	1.590584e+01	1.181466e+01
2403          	shield_slave	-3.264385e+00	-1.537934e+00	-1.510748e+00
2404          	warmPlate	1.221056e+01	1.595075e+01	1.995779e+00
2404          	OVC	1.093565e+01	1.590584e+01	1.181466e+01
2404          	shield_slave	-3.264385e+00	-1.537934e+00	-1.510748e+00
2405          	warmPlate	1.221056e+01	1.595075e+01	1.995779e+00
2405          	OVC	1.093565e+01	1.590584e+01	1.181466e+01
2405          	shield_slave	-3.264385e+00	-1.537934e+00	-1.510748e+00
2406          	warmPlate	1.221056e+01	1.595075e+01	1.995779e+00
2406          	OVC	1.093565e+01	1.590584e+01	1.181466e+01
2406          	shield_slave	-3.264385e+00	-1.537934e+00	-1.510748e+00
2407          	warmPlate	1.221056e+01	1.595075e+01	1.995779e+00
2407          	OVC	1.093565e+01	1.590584e+01	1.181466e+01
2407          	shield_slave	-3.264385e+00	-1.537934e+00	-1.510748e+00
2408          	warmPlate	1.221056e+01	1.595075e+01	1.995779e+00
2408          	OVC	1.093565e+01	1.590584e+01	1.181466e+01
2408          	shield_slave	-3.264385e+00	-1.537934e+00	-1.510748e+00
2409          	warmPlate	1.221056e+01	1.595075e+01	1.995779e+00
2409          	OVC	1.093565e+01	1.590584e+01	1.181466e+01
2409          	shield_slave	-3.264385e+00	-1.537934e+00	-1.510748e+00
2410          	warmPlate	1.221056e+01	1.595075e+01	1.995779e+00
2410          	OVC	1.093565e+01	1.590584e+01	1.181466e+01
2410          	shield_slave	-3.264385e+00	-1.537934e+00	-1.510748e+00
2411          	warmPlate	1.221056e+01	1.595075e+01	1.995779e+00
2411          	OVC	1.093565e+01	1.590584e+01	1.181466e+01
2411          	shield_slave	-3.264385e+00	-1.537934e+00	-1.510748e+00
2412          	warmPlate	1.221056e+01	1.595075e+01	1.995779e+00
2412          	OVC	1.093565e+01	1.590584e+01	1.181466e+01
2412          	shield_slave	-3.264385e+00	-1.537934e+00	-1.510748e+00
2413          	warmPlate	1.221056e+01	1.595075e+01	1.995779e+00
2413          	OVC	1.093565e+01	1.590584e+01	1.181466e+01
2413          	shield_slave	-3.264385e+00	-1.537934e+00	-1.510748e+00
2414          	warmPlate	1.221056e+01	1.595075e+01	1.995779e+00
2414          	OVC	1.093565e+01	1.590584e+01	1.181466e+01
2414          	shield_slave	-3.264385e+00	-1.537934e+00	-1.510748e+00
2415          	warmPlate	1.221056e+01	1.595075e+01	1.995779e+00
2415          	OVC	1.093565e+01	1.590584e+01	1.181466e+01
2415          	shield_slave	-3.264385e+00	-1.537934e+00	-1.510748e+00
2416          	warmPlate	1.221056e+01	1.595075e+01	1.995779e+00
2416          	OVC	1.093565e+01	1.590584e+01	1.181466e+01
2416          	shield_slave	-3.264385e+00	-1.537934e+00	-1.510748e+00
2417          	warmPlate	1.221056e+01	1.595075e+01	1.995779e+00
2417          	OVC	1.093565e+01	1.590584e+01	1.181466e+01
2417          	shield_slave	-3.264385e+00	-1.537934e+00	-1.510748e+00
2418          	warmPlate	1.221056e+01	1.595075e+01	1.995779e+00
2418          	OVC	1.093565e+01	1.590584e+01	1.181466e+01
2418          	shield_slave	-3.264385e+00	-1.537934e+00	-1.510748e+00
2419          	warmPlate	1.221056e+01	1.595075e+01	1.995779e+00
2419          	OVC	1.093565e+01	1.590584e+01	1.181466e+01
2419          	shield_slave	-3.264385e+00	-1.537934e+00	-1.510748e+00
2420          	warmPlate	1.221056e+01	1.595075e+01	1.995779e+00
2420          	OVC	1.093565e+01	1.590584e+01	1.181466e+01
2420          	shield_slave	-3.264385e+00	-1.537934e+00	-1.510748e+00
2421          	warmPlate	1.221056e+01	1.595075e+01	1.995779e+00
2421          	OVC	1.093565e+01	1.590584e+01	1.181466e+01
2421          	shield_slave	-3.264385e+00	-1.537934e+00	-1.510748e+00
2422          	warmPlate	1.221056e+01	1.595075e+01	1.995779e+00
2422          	OVC	1.093565e+01	1.590584e+01	1.181466e+01
2422          	shield_slave	-3.264385e+00	-1.537934e+00	-1.510748e+00
2423          	warmPlate	1.221056e+01	1.595075e+01	1.995779e+00
2423          	OVC	1.093565e+01	1.590584e+01	1.181466e+01
2423          	shield_slave	-3.264385e+00	-1.537934e+00	-1.510748e+00
2424          	warmPlate	1.221056e+01	1.595075e+01	1.995779e+00
2424          	OVC	1.093565e+01	1.590584e+01	1.181466e+01
2424          	shield_slave	-3.264385e+00	-1.537934e+00	-1.510748e+00
2425          	warmPlate	1.221056e+01	1.595075e+01	1.995779e+00
2425          	OVC	1.093565e+01	1.590584e+01	1.181466e+01
2425          	shield_slave	-3.264385e+00	-1.537934e+00	-1.510748e+00
2426          	warmPlate	1.221056e+01	1.595075e+01	1.995779e+00
2426          	OVC	1.093565e+01	1.590584e+01	1.181466e+01
2426          	shield_slave	-3.264385e+00	-1.537934e+00	-1.510748e+00
2427          	warmPlate	1.221056e+01	1.595075e+01	1.995779e+00
2427          	OVC	1.093565e+01	1.590584e+01	1.181466e+01
2427          	shield_slave	-3.264385e+00	-1.537934e+00	-1.510748e+00
2428          	warmPlate	1.221056e+01	1.595075e+01	1.995779e+00
2428          	OVC	1.093565e+01	1.590584e+01	1.181466e+01
2428          	shield_slave	-3.264385e+00	-1.537934e+00	-1.510748e+00
2429          	warmPlate	1.221056e+01	1.595075e+01	1.995779e+00
2429          	OVC	1.093565e+01	1.590584e+01	1.181466e+01
2429          	shield_slave	-3.264385e+00	-1.537934e+00	-1.510748e+00
2430          	warmPlate	1.221056e+01	1.595075e+01	1.995779e+00
2430          	OVC	1.093565e+01	1.590584e+01	1.181466e+01
2430          	shield_slave	-3.264385e+00	-1.537934e+00	-1.510748e+00
2431          	warmPlate	1.221056e+01	1.595075e+01	1.995779e+00
2431          	OVC	1.093565e+01	1.590584e+01	1.181466e+01
2431          	shield_slave	-3.264385e+00	-1.537934e+00	-1.510748e+00
2432          	warmPlate	1.221056e+01	1.595075e+01	1.995779e+00
2432          	OVC	1.093565e+01	1.590584e+01	1.181466e+01
2432          	shield_slave	-3.264385e+00	-1.537934e+00	-1.510748e+00
2433          	warmPlate	1.221056e+01	1.595075e+01	1.995779e+00
2433          	OVC	1.093565e+01	1.590584e+01	1.181466e+01
2433          	shield_slave	-3.264385e+00	-1.537934e+00	-1.510748e+00
2434          	warmPlate	1.221056e+01	1.595075e+01	1.995779e+00
2434          	OVC	1.093565e+01	1.590584e+01	1.181466e+01
2434          	shield_slave	-3.264385e+00	-1.537934e+00	-1.510748e+00
2435          	warmPlate	1.221056e+01	1.595075e+01	1.995779e+00
2435          	OVC	1.093565e+01	1.590584e+01	1.181466e+01
2435          	shield_slave	-3.264385e+00	-1.537934e+00	-1.510748e+00
2436          	warmPlate	1.221056e+01	1.595075e+01	1.995779e+00
2436          	OVC	1.093565e+01	1.590584e+01	1.181466e+01
2436          	shield_slave	-3.264385e+00	-1.537934e+00	-1.510748e+00
2437          	warmPlate	1.221056e+01	1.595075e+01	1.995779e+00
2437          	OVC	1.093565e+01	1.590584e+01	1.181466e+01
2437          	shield_slave	-3.264385e+00	-1.537934e+00	-1.510748e+00
2438          	warmPlate	1.221056e+01	1.595075e+01	1.995779e+00
2438          	OVC	1.093565e+01	1.590584e+01	1.181466e+01
2438          	shield_slave	-3.264385e+00	-1.537934e+00	-1.510748e+00
2439          	warmPlate	1.221056e+01	1.595075e+01	1.995779e+00
2439          	OVC	1.093565e+01	1.590584e+01	1.181466e+01
2439          	shield_slave	-3.264385e+00	-1.537934e+00	-1.510748e+00
2440          	warmPlate	1.221056e+01	1.595075e+01	1.995779e+00
2440          	OVC	1.093565e+01	1.590584e+01	1.181466e+01
2440          	shield_slave	-3.264385e+00	-1.537934e+00	-1.510748e+00
2441          	warmPlate	1.221056e+01	1.595075e+01	1.995779e+00
2441          	OVC	1.093565e+01	1.590584e+01	1.181466e+01
2441          	shield_slave	-3.264385e+00	-1.537934e+00	-1.510748e+00
2442          	warmPlate	1.221056e+01	1.595075e+01	1.995779e+00
2442          	OVC	1.093565e+01	1.590584e+01	1.181466e+01
2442          	shield_slave	-3.264385e+00	-1.537934e+00	-1.510748e+00
2443          	warmPlate	1.221056e+01	1.595075e+01	1.995779e+00
2443          	OVC	1.093565e+01	1.590584e+01	1.181466e+01
2443          	shield_slave	-3.264385e+00	-1.537934e+00	-1.510748e+00
2444          	warmPlate	1.221056e+01	1.595075e+01	1.995779e+00
2444          	OVC	1.093565e+01	1.590584e+01	1.181466e+01
2444          	shield_slave	-3.264385e+00	-1.537934e+00	-1.510748e+00
2445          	warmPlate	1.221056e+01	1.595075e+01	1.995779e+00
2445          	OVC	1.093565e+01	1.590584e+01	1.181466e+01
2445          	shield_slave	-3.264385e+00	-1.537934e+00	-1.510748e+00
2446          	warmPlate	1.221056e+01	1.595075e+01	1.995779e+00
2446          	OVC	1.093565e+01	1.590584e+01	1.181466e+01
2446          	shield_slave	-3.264385e+00	-1.537934e+00	-1.510748e+00
2447          	warmPlate	1.221056e+01	1.595075e+01	1.995779e+00
2447          	OVC	1.093565e+01	1.590584e+01	1.181466e+01
2447          	shield_slave	-3.264385e+00	-1.537934e+00	-1.510748e+00
2448          	warmPlate	1.221056e+01	1.595075e+01	1.995779e+00
2448          	OVC	1.093565e+01	1.590584e+01	1.181466e+01
2448          	shield_slave	-3.264385e+00	-1.537934e+00	-1.510748e+00
2449          	warmPlate	1.221056e+01	1.595075e+01	1.995779e+00
2449          	OVC	1.093565e+01	1.590584e+01	1.181466e+01
2449          	shield_slave	-3.264385e+00	-1.537934e+00	-1.510748e+00
2450          	warmPlate	1.221056e+01	1.595075e+01	1.995779e+00
2450          	OVC	1.093565e+01	1.590584e+01	1.181466e+01
2450          	shield_slave	-3.264385e+00	-1.537934e+00	-1.510748e+00
2451          	warmPlate	1.221056e+01	1.595075e+01	1.995779e+00
2451          	OVC	1.093565e+01	1.590584e+01	1.181466e+01
2451          	shield_slave	-3.264385e+00	-1.537934e+00	-1.510748e+00
2452          	warmPlate	1.221056e+01	1.595075e+01	1.995779e+00
2452          	OVC	1.093565e+01	1.590584e+01	1.181466e+01
2452          	shield_slave	-3.264385e+00	-1.537934e+00	-1.510748e+00
2453          	warmPlate	1.221056e+01	1.595075e+01	1.995779e+00
2453          	OVC	1.093565e+01	1.590584e+01	1.181466e+01
2453          	shield_slave	-3.264385e+00	-1.537934e+00	-1.510748e+00
2454          	warmPlate	1.221056e+01	1.595075e+01	1.995779e+00
2454          	OVC	1.093565e+01	1.590584e+01	1.181466e+01
2454          	shield_slave	-3.264385e+00	-1.537934e+00	-1.510748e+00
2455          	warmPlate	1.221056e+01	1.595075e+01	1.995779e+00
2455          	OVC	1.093565e+01	1.590584e+01	1.181466e+01
2455          	shield_slave	-3.264385e+00	-1.537934e+00	-1.510748e+00
2456          	warmPlate	1.221056e+01	1.595075e+01	1.995779e+00
2456          	OVC	1.093565e+01	1.590584e+01	1.181466e+01
2456          	shield_slave	-3.264385e+00	-1.537934e+00	-1.510748e+00
2457          	warmPlate	1.221056e+01	1.595075e+01	1.995779e+00
2457          	OVC	1.093565e+01	1.590584e+01	1.181466e+01
2457          	shield_slave	-3.264385e+00	-1.537934e+00	-1.510748e+00
2458          	warmPlate	1.221056e+01	1.595075e+01	1.995779e+00
2458          	OVC	1.093565e+01	1.590584e+01	1.181466e+01
2458          	shield_slave	-3.264385e+00	-1.537934e+00	-1.510748e+00
2459          	warmPlate	1.221056e+01	1.595075e+01	1.995779e+00
2459          	OVC	1.093565e+01	1.590584e+01	1.181466e+01
2459          	shield_slave	-3.264385e+00	-1.537934e+00	-1.510748e+00
2460          	warmPlate	1.221056e+01	1.595075e+01	1.995779e+00
2460          	OVC	1.093565e+01	1.590584e+01	1.181466e+01
2460          	shield_slave	-3.264385e+00	-1.537934e+00	-1.510748e+00
2461          	warmPlate	1.221056e+01	1.595075e+01	1.995779e+00
2461          	OVC	1.093565e+01	1.590584e+01	1.181466e+01
2461          	shield_slave	-3.264385e+00	-1.537934e+00	-1.510748e+00
2462          	warmPlate	1.221056e+01	1.595075e+01	1.995779e+00
2462          	OVC	1.093565e+01	1.590584e+01	1.181466e+01
2462          	shield_slave	-3.264385e+00	-1.537934e+00	-1.510748e+00
2463          	warmPlate	1.221056e+01	1.595075e+01	1.995779e+00
2463          	OVC	1.093565e+01	1.590584e+01	1.181466e+01
2463          	shield_slave	-3.264385e+00	-1.537934e+00	-1.510748e+00
2464          	warmPlate	1.221056e+01	1.595075e+01	1.995779e+00
2464          	OVC	1.093565e+01	1.590584e+01	1.181466e+01
2464          	shield_slave	-3.264385e+00	-1.537934e+00	-1.510748e+00
2465          	warmPlate	1.221056e+01	1.595075e+01	1.995779e+00
2465          	OVC	1.093565e+01	1.590584e+01	1.181466e+01
2465          	shield_slave	-3.264385e+00	-1.537934e+00	-1.510748e+00
2466          	warmPlate	1.221056e+01	1.595075e+01	1.995779e+00
2466          	OVC	1.093565e+01	1.590584e+01	1.181466e+01
2466          	shield_slave	-3.264385e+00	-1.537934e+00	-1.510748e+00
2467          	warmPlate	1.221056e+01	1.595075e+01	1.995779e+00
2467          	OVC	1.093565e+01	1.590584e+01	1.181466e+01
2467          	shield_slave	-3.264385e+00	-1.537934e+00	-1.510748e+00
2468          	warmPlate	1.221056e+01	1.595075e+01	1.995779e+00
2468          	OVC	1.093565e+01	1.590584e+01	1.181466e+01
2468          	shield_slave	-3.264385e+00	-1.537934e+00	-1.510748e+00
2469          	warmPlate	1.221056e+01	1.595075e+01	1.995779e+00
2469          	OVC	1.093565e+01	1.590584e+01	1.181466e+01
2469          	shield_slave	-3.264385e+00	-1.537934e+00	-1.510748e+00
2470          	warmPlate	1.221056e+01	1.595075e+01	1.995779e+00
2470          	OVC	1.093565e+01	1.590584e+01	1.181466e+01
2470          	shield_slave	-3.264385e+00	-1.537934e+00	-1.510748e+00
2471          	warmPlate	1.221056e+01	1.595075e+01	1.995779e+00
2471          	OVC	1.093565e+01	1.590584e+01	1.181466e+01
2471          	shield_slave	-3.264385e+00	-1.537934e+00	-1.510748e+00
2472          	warmPlate	1.221056e+01	1.595075e+01	1.995779e+00
2472          	OVC	1.093565e+01	1.590584e+01	1.181466e+01
2472          	shield_slave	-3.264385e+00	-1.537934e+00	-1.510748e+00
2473          	warmPlate	1.221056e+01	1.595075e+01	1.995779e+00
2473          	OVC	1.093565e+01	1.590584e+01	1.181466e+01
2473          	shield_slave	-3.264385e+00	-1.537934e+00	-1.510748e+00
2474          	warmPlate	1.221056e+01	1.595075e+01	1.995779e+00
2474          	OVC	1.093565e+01	1.590584e+01	1.181466e+01
2474          	shield_slave	-3.264385e+00	-1.537934e+00	-1.510748e+00
2475          	warmPlate	1.221056e+01	1.595075e+01	1.995779e+00
2475          	OVC	1.093565e+01	1.590584e+01	1.181466e+01
2475          	shield_slave	-3.264385e+00	-1.537934e+00	-1.510748e+00
2476          	warmPlate	1.221056e+01	1.595075e+01	1.995779e+00
2476          	OVC	1.093565e+01	1.590584e+01	1.181466e+01
2476          	shield_slave	-3.264385e+00	-1.537934e+00	-1.510748e+00
2477          	warmPlate	1.221056e+01	1.595075e+01	1.995779e+00
2477          	OVC	1.093565e+01	1.590584e+01	1.181466e+01
2477          	shield_slave	-3.264385e+00	-1.537934e+00	-1.510748e+00
2478          	warmPlate	1.221056e+01	1.595075e+01	1.995779e+00
2478          	OVC	1.093565e+01	1.590584e+01	1.181466e+01
2478          	shield_slave	-3.264385e+00	-1.537934e+00	-1.510748e+00
2479          	warmPlate	1.221056e+01	1.595075e+01	1.995779e+00
2479          	OVC	1.093565e+01	1.590584e+01	1.181466e+01
2479          	shield_slave	-3.264385e+00	-1.537934e+00	-1.510748e+00
2480          	warmPlate	1.221056e+01	1.595075e+01	1.995779e+00
2480          	OVC	1.093565e+01	1.590584e+01	1.181466e+01
2480          	shield_slave	-3.264385e+00	-1.537934e+00	-1.510748e+00
2481          	warmPlate	1.221056e+01	1.595075e+01	1.995779e+00
2481          	OVC	1.093565e+01	1.590584e+01	1.181466e+01
2481          	shield_slave	-3.264385e+00	-1.537934e+00	-1.510748e+00
2482          	warmPlate	1.221056e+01	1.595075e+01	1.995779e+00
2482          	OVC	1.093565e+01	1.590584e+01	1.181466e+01
2482          	shield_slave	-3.264385e+00	-1.537934e+00	-1.510748e+00
2483          	warmPlate	1.221056e+01	1.595075e+01	1.995779e+00
2483          	OVC	1.093565e+01	1.590584e+01	1.181466e+01
2483          	shield_slave	-3.264385e+00	-1.537934e+00	-1.510748e+00
2484          	warmPlate	1.221056e+01	1.595075e+01	1.995779e+00
2484          	OVC	1.093565e+01	1.590584e+01	1.181466e+01
2484          	shield_slave	-3.264385e+00	-1.537934e+00	-1.510748e+00
2485          	warmPlate	1.221056e+01	1.595075e+01	1.995779e+00
2485          	OVC	1.093565e+01	1.590584e+01	1.181466e+01
2485          	shield_slave	-3.264385e+00	-1.537934e+00	-1.510748e+00
2486          	warmPlate	1.221056e+01	1.595075e+01	1.995779e+00
2486          	OVC	1.093565e+01	1.590584e+01	1.181466e+01
2486          	shield_slave	-3.264385e+00	-1.537934e+00	-1.510748e+00
2487          	warmPlate	1.221056e+01	1.595075e+01	1.995779e+00
2487          	OVC	1.093565e+01	1.590584e+01	1.181466e+01
2487          	shield_slave	-3.264385e+00	-1.537934e+00	-1.510748e+00
2488          	warmPlate	1.221056e+01	1.595075e+01	1.995779e+00
2488          	OVC	1.093565e+01	1.590584e+01	1.181466e+01
2488          	shield_slave	-3.264385e+00	-1.537934e+00	-1.510748e+00
2489          	warmPlate	1.221056e+01	1.595075e+01	1.995779e+00
2489          	OVC	1.093565e+01	1.590584e+01	1.181466e+01
2489          	shield_slave	-3.264385e+00	-1.537934e+00	-1.510748e+00
2490          	warmPlate	1.221056e+01	1.595075e+01	1.995779e+00
2490          	OVC	1.093565e+01	1.590584e+01	1.181466e+01
2490          	shield_slave	-3.264385e+00	-1.537934e+00	-1.510748e+00
2491          	warmPlate	1.221056e+01	1.595075e+01	1.995779e+00
2491          	OVC	1.093565e+01	1.590584e+01	1.181466e+01
2491          	shield_slave	-3.264385e+00	-1.537934e+00	-1.510748e+00
2492          	warmPlate	1.221056e+01	1.595075e+01	1.995779e+00
2492          	OVC	1.093565e+01	1.590584e+01	1.181466e+01
2492          	shield_slave	-3.264385e+00	-1.537934e+00	-1.510748e+00
2493          	warmPlate	1.221056e+01	1.595075e+01	1.995779e+00
2493          	OVC	1.093565e+01	1.590584e+01	1.181466e+01
2493          	shield_slave	-3.264385e+00	-1.537934e+00	-1.510748e+00
2494          	warmPlate	1.221056e+01	1.595075e+01	1.995779e+00
2494          	OVC	1.093565e+01	1.590584e+01	1.181466e+01
2494          	shield_slave	-3.264385e+00	-1.537934e+00	-1.510748e+00
2495          	warmPlate	1.221056e+01	1.595075e+01	1.995779e+00
2495          	OVC	1.093565e+01	1.590584e+01	1.181466e+01
2495          	shield_slave	-3.264385e+00	-1.537934e+00	-1.510748e+00
2496          	warmPlate	1.221056e+01	1.595075e+01	1.995779e+00
2496          	OVC	1.093565e+01	1.590584e+01	1.181466e+01
2496          	shield_slave	-3.264385e+00	-1.537934e+00	-1.510748e+00
2497          	warmPlate	1.221056e+01	1.595075e+01	1.995779e+00
2497          	OVC	1.093565e+01	1.590584e+01	1.181466e+01
2497          	shield_slave	-3.264385e+00	-1.537934e+00	-1.510748e+00
2498          	warmPlate	1.221056e+01	1.595075e+01	1.995779e+00
2498          	OVC	1.093565e+01	1.590584e+01	1.181466e+01
2498          	shield_slave	-3.264385e+00	-1.537934e+00	-1.510748e+00
2499          	warmPlate	1.221056e+01	1.595075e+01	1.995779e+00
2499          	OVC	1.093565e+01	1.590584e+01	1.181466e+01
2499          	shield_slave	-3.264385e+00	-1.537934e+00	-1.510748e+00
2500          	warmPlate	1.221056e+01	1.595075e+01	1.995779e+00
2500          	OVC	1.093565e+01	1.590584e+01	1.181466e+01
2500          	shield_slave	-3.264385e+00	-1.537934e+00	-1.510748e+00
2501          	warmPlate	1.221056e+01	1.595075e+01	1.995779e+00
2501          	OVC	1.093565e+01	1.590584e+01	1.181466e+01
2501          	shield_slave	-3.264385e+00	-1.537934e+00	-1.510748e+00
2502          	warmPlate	1.221056e+01	1.595075e+01	1.995779e+00
2502          	OVC	1.093565e+01	1.590584e+01	1.181466e+01
2502          	shield_slave	-3.264385e+00	-1.537934e+00	-1.510748e+00
2503          	warmPlate	1.221056e+01	1.595075e+01	1.995779e+00
2503          	OVC	1.093565e+01	1.590584e+01	1.181466e+01
2503          	shield_slave	-3.264385e+00	-1.537934e+00	-1.510748e+00
2504          	warmPlate	1.221056e+01	1.595075e+01	1.995779e+00
2504          	OVC	1.093565e+01	1.590584e+01	1.181466e+01
2504          	shield_slave	-3.264385e+00	-1.537934e+00	-1.510748e+00
2505          	warmPlate	1.221056e+01	1.595075e+01	1.995779e+00
2505          	OVC	1.093565e+01	1.590584e+01	1.181466e+01
2505          	shield_slave	-3.264385e+00	-1.537934e+00	-1.510748e+00
2506          	warmPlate	1.221056e+01	1.595075e+01	1.995779e+00
2506          	OVC	1.093565e+01	1.590584e+01	1.181466e+01
2506          	shield_slave	-3.264385e+00	-1.537934e+00	-1.510748e+00
2507          	warmPlate	1.221056e+01	1.595075e+01	1.995779e+00
2507          	OVC	1.093565e+01	1.590584e+01	1.181466e+01
2507          	shield_slave	-3.264385e+00	-1.537934e+00	-1.510748e+00
2508          	warmPlate	1.221056e+01	1.595075e+01	1.995779e+00
2508          	OVC	1.093565e+01	1.590584e+01	1.181466e+01
2508          	shield_slave	-3.264385e+00	-1.537934e+00	-1.510748e+00
2509          	warmPlate	1.221056e+01	1.595075e+01	1.995779e+00
2509          	OVC	1.093565e+01	1.590584e+01	1.181466e+01
2509          	shield_slave	-3.264385e+00	-1.537934e+00	-1.510748e+00
2510          	warmPlate	1.221056e+01	1.595075e+01	1.995779e+00
2510          	OVC	1.093565e+01	1.590584e+01	1.181466e+01
2510          	shield_slave	-3.264385e+00	-1.537934e+00	-1.510748e+00
2511          	warmPlate	1.221056e+01	1.595075e+01	1.995779e+00
2511          	OVC	1.093565e+01	1.590584e+01	1.181466e+01
2511          	shield_slave	-3.264385e+00	-1.537934e+00	-1.510748e+00
2512          	warmPlate	1.221056e+01	1.595075e+01	1.995779e+00
2512          	OVC	1.093565e+01	1.590584e+01	1.181466e+01
2512          	shield_slave	-3.264385e+00	-1.537934e+00	-1.510748e+00
2513          	warmPlate	1.221056e+01	1.595075e+01	1.995779e+00
2513          	OVC	1.093565e+01	1.590584e+01	1.181466e+01
2513          	shield_slave	-3.264385e+00	-1.537934e+00	-1.510748e+00
2514          	warmPlate	1.221056e+01	1.595075e+01	1.995779e+00
2514          	OVC	1.093565e+01	1.590584e+01	1.181466e+01
2514          	shield_slave	-3.264385e+00	-1.537934e+00	-1.510748e+00
2515          	warmPlate	1.221056e+01	1.595075e+01	1.995779e+00
2515          	OVC	1.093565e+01	1.590584e+01	1.181466e+01
2515          	shield_slave	-3.264385e+00	-1.537934e+00	-1.510748e+00
2516          	warmPlate	1.221056e+01	1.595075e+01	1.995779e+00
2516          	OVC	1.093565e+01	1.590584e+01	1.181466e+01
2516          	shield_slave	-3.264385e+00	-1.537934e+00	-1.510748e+00
2517          	warmPlate	1.221056e+01	1.595075e+01	1.995779e+00
2517          	OVC	1.093565e+01	1.590584e+01	1.181466e+01
2517          	shield_slave	-3.264385e+00	-1.537934e+00	-1.510748e+00
2518          	warmPlate	1.221056e+01	1.595075e+01	1.995779e+00
2518          	OVC	1.093565e+01	1.590584e+01	1.181466e+01
2518          	shield_slave	-3.264385e+00	-1.537934e+00	-1.510748e+00
2519          	warmPlate	1.221056e+01	1.595075e+01	1.995779e+00
2519          	OVC	1.093565e+01	1.590584e+01	1.181466e+01
2519          	shield_slave	-3.264385e+00	-1.537934e+00	-1.510748e+00
2520          	warmPlate	1.221056e+01	1.595075e+01	1.995779e+00
2520          	OVC	1.093565e+01	1.590584e+01	1.181466e+01
2520          	shield_slave	-3.264385e+00	-1.537934e+00	-1.510748e+00
2521          	warmPlate	1.221056e+01	1.595075e+01	1.995779e+00
2521          	OVC	1.093565e+01	1.590584e+01	1.181466e+01
2521          	shield_slave	-3.264385e+00	-1.537934e+00	-1.510748e+00
2522          	warmPlate	1.221056e+01	1.595075e+01	1.995779e+00
2522          	OVC	1.093565e+01	1.590584e+01	1.181466e+01
2522          	shield_slave	-3.264385e+00	-1.537934e+00	-1.510748e+00
2523          	warmPlate	1.221056e+01	1.595075e+01	1.995779e+00
2523          	OVC	1.093565e+01	1.590584e+01	1.181466e+01
2523          	shield_slave	-3.264385e+00	-1.537934e+00	-1.510748e+00
2524          	warmPlate	1.221056e+01	1.595075e+01	1.995779e+00
2524          	OVC	1.093565e+01	1.590584e+01	1.181466e+01
2524          	shield_slave	-3.264385e+00	-1.537934e+00	-1.510748e+00
2525          	warmPlate	1.221056e+01	1.595075e+01	1.995779e+00
2525          	OVC	1.093565e+01	1.590584e+01	1.181466e+01
2525          	shield_slave	-3.264385e+00	-1.537934e+00	-1.510748e+00
2526          	warmPlate	1.221056e+01	1.595075e+01	1.995779e+00
2526          	OVC	1.093565e+01	1.590584e+01	1.181466e+01
2526          	shield_slave	-3.264385e+00	-1.537934e+00	-1.510748e+00
2527          	warmPlate	1.221056e+01	1.595075e+01	1.995779e+00
2527          	OVC	1.093565e+01	1.590584e+01	1.181466e+01
2527          	shield_slave	-3.264385e+00	-1.537934e+00	-1.510748e+00
2528          	warmPlate	1.221056e+01	1.595075e+01	1.995779e+00
2528          	OVC	1.093565e+01	1.590584e+01	1.181466e+01
2528          	shield_slave	-3.264385e+00	-1.537934e+00	-1.510748e+00
2529          	warmPlate	1.221056e+01	1.595075e+01	1.995779e+00
2529          	OVC	1.093565e+01	1.590584e+01	1.181466e+01
2529          	shield_slave	-3.264385e+00	-1.537934e+00	-1.510748e+00
2530          	warmPlate	1.221056e+01	1.595075e+01	1.995779e+00
2530          	OVC	1.093565e+01	1.590584e+01	1.181466e+01
2530          	shield_slave	-3.264385e+00	-1.537934e+00	-1.510748e+00
2531          	warmPlate	1.221056e+01	1.595075e+01	1.995779e+00
2531          	OVC	1.093565e+01	1.590584e+01	1.181466e+01
2531          	shield_slave	-3.264385e+00	-1.537934e+00	-1.510748e+00
2532          	warmPlate	1.221056e+01	1.595075e+01	1.995779e+00
2532          	OVC	1.093565e+01	1.590584e+01	1.181466e+01
2532          	shield_slave	-3.264385e+00	-1.537934e+00	-1.510748e+00
2533          	warmPlate	1.221056e+01	1.595075e+01	1.995779e+00
2533          	OVC	1.093565e+01	1.590584e+01	1.181466e+01
2533          	shield_slave	-3.264385e+00	-1.537934e+00	-1.510748e+00
2534          	warmPlate	1.221056e+01	1.595075e+01	1.995779e+00
2534          	OVC	1.093565e+01	1.590584e+01	1.181466e+01
2534          	shield_slave	-3.264385e+00	-1.537934e+00	-1.510748e+00
2535          	warmPlate	1.221056e+01	1.595075e+01	1.995779e+00
2535          	OVC	1.093565e+01	1.590584e+01	1.181466e+01
2535          	shield_slave	-3.264385e+00	-1.537934e+00	-1.510748e+00
2536          	warmPlate	1.221056e+01	1.595075e+01	1.995779e+00
2536          	OVC	1.093565e+01	1.590584e+01	1.181466e+01
2536          	shield_slave	-3.264385e+00	-1.537934e+00	-1.510748e+00
2537          	warmPlate	1.221056e+01	1.595075e+01	1.995779e+00
2537          	OVC	1.093565e+01	1.590584e+01	1.181466e+01
2537          	shield_slave	-3.264385e+00	-1.537934e+00	-1.510748e+00
2538          	warmPlate	1.221056e+01	1.595075e+01	1.995779e+00
2538          	OVC	1.093565e+01	1.590584e+01	1.181466e+01
2538          	shield_slave	-3.264385e+00	-1.537934e+00	-1.510748e+00
2539          	warmPlate	1.221056e+01	1.595075e+01	1.995779e+00
2539          	OVC	1.093565e+01	1.590584e+01	1.181466e+01
2539          	shield_slave	-3.264385e+00	-1.537934e+00	-1.510748e+00
2540          	warmPlate	1.221056e+01	1.595075e+01	1.995779e+00
2540          	OVC	1.093565e+01	1.590584e+01	1.181466e+01
2540          	shield_slave	-3.264385e+00	-1.537934e+00	-1.510748e+00
2541          	warmPlate	1.221056e+01	1.595075e+01	1.995779e+00
2541          	OVC	1.093565e+01	1.590584e+01	1.181466e+01
2541          	shield_slave	-3.264385e+00	-1.537934e+00	-1.510748e+00
2542          	warmPlate	1.221056e+01	1.595075e+01	1.995779e+00
2542          	OVC	1.093565e+01	1.590584e+01	1.181466e+01
2542          	shield_slave	-3.264385e+00	-1.537934e+00	-1.510748e+00
2543          	warmPlate	1.221056e+01	1.595075e+01	1.995779e+00
2543          	OVC	1.093565e+01	1.590584e+01	1.181466e+01
2543          	shield_slave	-3.264385e+00	-1.537934e+00	-1.510748e+00
2544          	warmPlate	1.221056e+01	1.595075e+01	1.995779e+00
2544          	OVC	1.093565e+01	1.590584e+01	1.181466e+01
2544          	shield_slave	-3.264385e+00	-1.537934e+00	-1.510748e+00
2545          	warmPlate	1.221056e+01	1.595075e+01	1.995779e+00
2545          	OVC	1.093565e+01	1.590584e+01	1.181466e+01
2545          	shield_slave	-3.264385e+00	-1.537934e+00	-1.510748e+00
2546          	warmPlate	1.221056e+01	1.595075e+01	1.995779e+00
2546          	OVC	1.093565e+01	1.590584e+01	1.181466e+01
2546          	shield_slave	-3.264385e+00	-1.537934e+00	-1.510748e+00
2547          	warmPlate	1.221056e+01	1.595075e+01	1.995779e+00
2547          	OVC	1.093565e+01	1.590584e+01	1.181466e+01
2547          	shield_slave	-3.264385e+00	-1.537934e+00	-1.510748e+00
2548          	warmPlate	1.221056e+01	1.595075e+01	1.995779e+00
2548          	OVC	1.093565e+01	1.590584e+01	1.181466e+01
2548          	shield_slave	-3.264385e+00	-1.537934e+00	-1.510748e+00
2549          	warmPlate	1.221056e+01	1.595075e+01	1.995779e+00
2549          	OVC	1.093565e+01	1.590584e+01	1.181466e+01
2549          	shield_slave	-3.264385e+00	-1.537934e+00	-1.510748e+00
2550          	warmPlate	1.221056e+01	1.595075e+01	1.995779e+00
2550          	OVC	1.093565e+01	1.590584e+01	1.181466e+01
2550          	shield_slave	-3.264385e+00	-1.537934e+00	-1.510748e+00
2551          	warmPlate	1.221056e+01	1.595075e+01	1.995779e+00
2551          	OVC	1.093565e+01	1.590584e+01	1.181466e+01
2551          	shield_slave	-3.264385e+00	-1.537934e+00	-1.510748e+00
2552          	warmPlate	1.221056e+01	1.595075e+01	1.995779e+00
2552          	OVC	1.093565e+01	1.590584e+01	1.181466e+01
2552          	shield_slave	-3.264385e+00	-1.537934e+00	-1.510748e+00
2553          	warmPlate	1.221056e+01	1.595075e+01	1.995779e+00
2553          	OVC	1.093565e+01	1.590584e+01	1.181466e+01
2553          	shield_slave	-3.264385e+00	-1.537934e+00	-1.510748e+00
2554          	warmPlate	1.221056e+01	1.595075e+01	1.995779e+00
2554          	OVC	1.093565e+01	1.590584e+01	1.181466e+01
2554          	shield_slave	-3.264385e+00	-1.537934e+00	-1.510748e+00
2555          	warmPlate	1.221056e+01	1.595075e+01	1.995779e+00
2555          	OVC	1.093565e+01	1.590584e+01	1.181466e+01
2555          	shield_slave	-3.264385e+00	-1.537934e+00	-1.510748e+00
2556          	warmPlate	1.221056e+01	1.595075e+01	1.995779e+00
2556          	OVC	1.093565e+01	1.590584e+01	1.181466e+01
2556          	shield_slave	-3.264385e+00	-1.537934e+00	-1.510748e+00
2557          	warmPlate	1.221056e+01	1.595075e+01	1.995779e+00
2557          	OVC	1.093565e+01	1.590584e+01	1.181466e+01
2557          	shield_slave	-3.264385e+00	-1.537934e+00	-1.510748e+00
2558          	warmPlate	1.221056e+01	1.595075e+01	1.995779e+00
2558          	OVC	1.093565e+01	1.590584e+01	1.181466e+01
2558          	shield_slave	-3.264385e+00	-1.537934e+00	-1.510748e+00
2559          	warmPlate	1.221056e+01	1.595075e+01	1.995779e+00
2559          	OVC	1.093565e+01	1.590584e+01	1.181466e+01
2559          	shield_slave	-3.264385e+00	-1.537934e+00	-1.510748e+00
2560          	warmPlate	1.221056e+01	1.595075e+01	1.995779e+00
2560          	OVC	1.093565e+01	1.590584e+01	1.181466e+01
2560          	shield_slave	-3.264385e+00	-1.537934e+00	-1.510748e+00
2561          	warmPlate	1.221056e+01	1.595075e+01	1.995779e+00
2561          	OVC	1.093565e+01	1.590584e+01	1.181466e+01
2561          	shield_slave	-3.264385e+00	-1.537934e+00	-1.510748e+00
2562          	warmPlate	1.221056e+01	1.595075e+01	1.995779e+00
2562          	OVC	1.093565e+01	1.590584e+01	1.181466e+01
2562          	shield_slave	-3.264385e+00	-1.537934e+00	-1.510748e+00
2563          	warmPlate	1.221056e+01	1.595075e+01	1.995779e+00
2563          	OVC	1.093565e+01	1.590584e+01	1.181466e+01
2563          	shield_slave	-3.264385e+00	-1.537934e+00	-1.510748e+00
2564          	warmPlate	1.221056e+01	1.595075e+01	1.995779e+00
2564          	OVC	1.093565e+01	1.590584e+01	1.181466e+01
2564          	shield_slave	-3.264385e+00	-1.537934e+00	-1.510748e+00
2565          	warmPlate	1.221056e+01	1.595075e+01	1.995779e+00
2565          	OVC	1.093565e+01	1.590584e+01	1.181466e+01
2565          	shield_slave	-3.264385e+00	-1.537934e+00	-1.510748e+00
2566          	warmPlate	1.221056e+01	1.595075e+01	1.995779e+00
2566          	OVC	1.093565e+01	1.590584e+01	1.181466e+01
2566          	shield_slave	-3.264385e+00	-1.537934e+00	-1.510748e+00
2567          	warmPlate	1.221056e+01	1.595075e+01	1.995779e+00
2567          	OVC	1.093565e+01	1.590584e+01	1.181466e+01
2567          	shield_slave	-3.264385e+00	-1.537934e+00	-1.510748e+00
2568          	warmPlate	1.221056e+01	1.595075e+01	1.995779e+00
2568          	OVC	1.093565e+01	1.590584e+01	1.181466e+01
2568          	shield_slave	-3.264385e+00	-1.537934e+00	-1.510748e+00
2569          	warmPlate	1.221056e+01	1.595075e+01	1.995779e+00
2569          	OVC	1.093565e+01	1.590584e+01	1.181466e+01
2569          	shield_slave	-3.264385e+00	-1.537934e+00	-1.510748e+00
2570          	warmPlate	1.221056e+01	1.595075e+01	1.995779e+00
2570          	OVC	1.093565e+01	1.590584e+01	1.181466e+01
2570          	shield_slave	-3.264385e+00	-1.537934e+00	-1.510748e+00
2571          	warmPlate	1.221056e+01	1.595075e+01	1.995779e+00
2571          	OVC	1.093565e+01	1.590584e+01	1.181466e+01
2571          	shield_slave	-3.264385e+00	-1.537934e+00	-1.510748e+00
2572          	warmPlate	1.221056e+01	1.595075e+01	1.995779e+00
2572          	OVC	1.093565e+01	1.590584e+01	1.181466e+01
2572          	shield_slave	-3.264385e+00	-1.537934e+00	-1.510748e+00
2573          	warmPlate	1.221056e+01	1.595075e+01	1.995779e+00
2573          	OVC	1.093565e+01	1.590584e+01	1.181466e+01
2573          	shield_slave	-3.264385e+00	-1.537934e+00	-1.510748e+00
2574          	warmPlate	1.221056e+01	1.595075e+01	1.995779e+00
2574          	OVC	1.093565e+01	1.590584e+01	1.181466e+01
2574          	shield_slave	-3.264385e+00	-1.537934e+00	-1.510748e+00
2575          	warmPlate	1.221056e+01	1.595075e+01	1.995779e+00
2575          	OVC	1.093565e+01	1.590584e+01	1.181466e+01
2575          	shield_slave	-3.264385e+00	-1.537934e+00	-1.510748e+00
2576          	warmPlate	1.221056e+01	1.595075e+01	1.995779e+00
2576          	OVC	1.093565e+01	1.590584e+01	1.181466e+01
2576          	shield_slave	-3.264385e+00	-1.537934e+00	-1.510748e+00
2577          	warmPlate	1.221056e+01	1.595075e+01	1.995779e+00
2577          	OVC	1.093565e+01	1.590584e+01	1.181466e+01
2577          	shield_slave	-3.264385e+00	-1.537934e+00	-1.510748e+00
2578          	warmPlate	1.221056e+01	1.595075e+01	1.995779e+00
2578          	OVC	1.093565e+01	1.590584e+01	1.181466e+01
2578          	shield_slave	-3.264385e+00	-1.537934e+00	-1.510748e+00
2579          	warmPlate	1.221056e+01	1.595075e+01	1.995779e+00
2579          	OVC	1.093565e+01	1.590584e+01	1.181466e+01
2579          	shield_slave	-3.264385e+00	-1.537934e+00	-1.510748e+00
2580          	warmPlate	1.221056e+01	1.595075e+01	1.995779e+00
2580          	OVC	1.093565e+01	1.590584e+01	1.181466e+01
2580          	shield_slave	-3.264385e+00	-1.537934e+00	-1.510748e+00
2581          	warmPlate	1.221056e+01	1.595075e+01	1.995779e+00
2581          	OVC	1.093565e+01	1.590584e+01	1.181466e+01
2581          	shield_slave	-3.264385e+00	-1.537934e+00	-1.510748e+00
2582          	warmPlate	1.221056e+01	1.595075e+01	1.995779e+00
2582          	OVC	1.093565e+01	1.590584e+01	1.181466e+01
2582          	shield_slave	-3.264385e+00	-1.537934e+00	-1.510748e+00
2583          	warmPlate	1.221056e+01	1.595075e+01	1.995779e+00
2583          	OVC	1.093565e+01	1.590584e+01	1.181466e+01
2583          	shield_slave	-3.264385e+00	-1.537934e+00	-1.510748e+00
2584          	warmPlate	1.221056e+01	1.595075e+01	1.995779e+00
2584          	OVC	1.093565e+01	1.590584e+01	1.181466e+01
2584          	shield_slave	-3.264385e+00	-1.537934e+00	-1.510748e+00
2585          	warmPlate	1.221056e+01	1.595075e+01	1.995779e+00
2585          	OVC	1.093565e+01	1.590584e+01	1.181466e+01
2585          	shield_slave	-3.264385e+00	-1.537934e+00	-1.510748e+00
2586          	warmPlate	1.221056e+01	1.595075e+01	1.995779e+00
2586          	OVC	1.093565e+01	1.590584e+01	1.181466e+01
2586          	shield_slave	-3.264385e+00	-1.537934e+00	-1.510748e+00
2587          	warmPlate	1.221056e+01	1.595075e+01	1.995779e+00
2587          	OVC	1.093565e+01	1.590584e+01	1.181466e+01
2587          	shield_slave	-3.264385e+00	-1.537934e+00	-1.510748e+00
2588          	warmPlate	1.221056e+01	1.595075e+01	1.995779e+00
2588          	OVC	1.093565e+01	1.590584e+01	1.181466e+01
2588          	shield_slave	-3.264385e+00	-1.537934e+00	-1.510748e+00
2589          	warmPlate	1.221056e+01	1.595075e+01	1.995779e+00
2589          	OVC	1.093565e+01	1.590584e+01	1.181466e+01
2589          	shield_slave	-3.264385e+00	-1.537934e+00	-1.510748e+00
2590          	warmPlate	1.221056e+01	1.595075e+01	1.995779e+00
2590          	OVC	1.093565e+01	1.590584e+01	1.181466e+01
2590          	shield_slave	-3.264385e+00	-1.537934e+00	-1.510748e+00
2591          	warmPlate	1.221056e+01	1.595075e+01	1.995779e+00
2591          	OVC	1.093565e+01	1.590584e+01	1.181466e+01
2591          	shield_slave	-3.264385e+00	-1.537934e+00	-1.510748e+00
2592          	warmPlate	1.221056e+01	1.595075e+01	1.995779e+00
2592          	OVC	1.093565e+01	1.590584e+01	1.181466e+01
2592          	shield_slave	-3.264385e+00	-1.537934e+00	-1.510748e+00
2593          	warmPlate	1.221056e+01	1.595075e+01	1.995779e+00
2593          	OVC	1.093565e+01	1.590584e+01	1.181466e+01
2593          	shield_slave	-3.264385e+00	-1.537934e+00	-1.510748e+00
2594          	warmPlate	1.221056e+01	1.595075e+01	1.995779e+00
2594          	OVC	1.093565e+01	1.590584e+01	1.181466e+01
2594          	shield_slave	-3.264385e+00	-1.537934e+00	-1.510748e+00
2595          	warmPlate	1.221056e+01	1.595075e+01	1.995779e+00
2595          	OVC	1.093565e+01	1.590584e+01	1.181466e+01
2595          	shield_slave	-3.264385e+00	-1.537934e+00	-1.510748e+00
2596          	warmPlate	1.221056e+01	1.595075e+01	1.995779e+00
2596          	OVC	1.093565e+01	1.590584e+01	1.181466e+01
2596          	shield_slave	-3.264385e+00	-1.537934e+00	-1.510748e+00
2597          	warmPlate	1.221056e+01	1.595075e+01	1.995779e+00
2597          	OVC	1.093565e+01	1.590584e+01	1.181466e+01
2597          	shield_slave	-3.264385e+00	-1.537934e+00	-1.510748e+00
2598          	warmPlate	1.221056e+01	1.595075e+01	1.995779e+00
2598          	OVC	1.093565e+01	1.590584e+01	1.181466e+01
2598          	shield_slave	-3.264385e+00	-1.537934e+00	-1.510748e+00
2599          	warmPlate	1.221056e+01	1.595075e+01	1.995779e+00
2599          	OVC	1.093565e+01	1.590584e+01	1.181466e+01
2599          	shield_slave	-3.264385e+00	-1.537934e+00	-1.510748e+00
2600          	warmPlate	1.221056e+01	1.595075e+01	1.995779e+00
2600          	OVC	1.093565e+01	1.590584e+01	1.181466e+01
2600          	shield_slave	-3.264385e+00	-1.537934e+00	-1.510748e+00
2601          	warmPlate	1.221056e+01	1.595075e+01	1.995779e+00
2601          	OVC	1.093565e+01	1.590584e+01	1.181466e+01
2601          	shield_slave	-3.264385e+00	-1.537934e+00	-1.510748e+00
2602          	warmPlate	1.221056e+01	1.595075e+01	1.995779e+00
2602          	OVC	1.093565e+01	1.590584e+01	1.181466e+01
2602          	shield_slave	-3.264385e+00	-1.537934e+00	-1.510748e+00
2603          	warmPlate	1.221056e+01	1.595075e+01	1.995779e+00
2603          	OVC	1.093565e+01	1.590584e+01	1.181466e+01
2603          	shield_slave	-3.264385e+00	-1.537934e+00	-1.510748e+00
2604          	warmPlate	1.221056e+01	1.595075e+01	1.995779e+00
2604          	OVC	1.093565e+01	1.590584e+01	1.181466e+01
2604          	shield_slave	-3.264385e+00	-1.537934e+00	-1.510748e+00
2605          	warmPlate	1.221056e+01	1.595075e+01	1.995779e+00
2605          	OVC	1.093565e+01	1.590584e+01	1.181466e+01
2605          	shield_slave	-3.264385e+00	-1.537934e+00	-1.510748e+00
2606          	warmPlate	1.221056e+01	1.595075e+01	1.995779e+00
2606          	OVC	1.093565e+01	1.590584e+01	1.181466e+01
2606          	shield_slave	-3.264385e+00	-1.537934e+00	-1.510748e+00
2607          	warmPlate	1.221056e+01	1.595075e+01	1.995779e+00
2607          	OVC	1.093565e+01	1.590584e+01	1.181466e+01
2607          	shield_slave	-3.264385e+00	-1.537934e+00	-1.510748e+00
2608          	warmPlate	1.221056e+01	1.595075e+01	1.995779e+00
2608          	OVC	1.093565e+01	1.590584e+01	1.181466e+01
2608          	shield_slave	-3.264385e+00	-1.537934e+00	-1.510748e+00
2609          	warmPlate	1.221056e+01	1.595075e+01	1.995779e+00
2609          	OVC	1.093565e+01	1.590584e+01	1.181466e+01
2609          	shield_slave	-3.264385e+00	-1.537934e+00	-1.510748e+00
2610          	warmPlate	1.221056e+01	1.595075e+01	1.995779e+00
2610          	OVC	1.093565e+01	1.590584e+01	1.181466e+01
2610          	shield_slave	-3.264385e+00	-1.537934e+00	-1.510748e+00
2611          	warmPlate	1.221056e+01	1.595075e+01	1.995779e+00
2611          	OVC	1.093565e+01	1.590584e+01	1.181466e+01
2611          	shield_slave	-3.264385e+00	-1.537934e+00	-1.510748e+00
2612          	warmPlate	1.221056e+01	1.595075e+01	1.995779e+00
2612          	OVC	1.093565e+01	1.590584e+01	1.181466e+01
2612          	shield_slave	-3.264385e+00	-1.537934e+00	-1.510748e+00
2613          	warmPlate	1.221056e+01	1.595075e+01	1.995779e+00
2613          	OVC	1.093565e+01	1.590584e+01	1.181466e+01
2613          	shield_slave	-3.264385e+00	-1.537934e+00	-1.510748e+00
2614          	warmPlate	1.221056e+01	1.595075e+01	1.995779e+00
2614          	OVC	1.093565e+01	1.590584e+01	1.181466e+01
2614          	shield_slave	-3.264385e+00	-1.537934e+00	-1.510748e+00
2615          	warmPlate	1.221056e+01	1.595075e+01	1.995779e+00
2615          	OVC	1.093565e+01	1.590584e+01	1.181466e+01
2615          	shield_slave	-3.264385e+00	-1.537934e+00	-1.510748e+00
2616          	warmPlate	1.221056e+01	1.595075e+01	1.995779e+00
2616          	OVC	1.093565e+01	1.590584e+01	1.181466e+01
2616          	shield_slave	-3.264385e+00	-1.537934e+00	-1.510748e+00
2617          	warmPlate	1.221056e+01	1.595075e+01	1.995779e+00
2617          	OVC	1.093565e+01	1.590584e+01	1.181466e+01
2617          	shield_slave	-3.264385e+00	-1.537934e+00	-1.510748e+00
2618          	warmPlate	1.221056e+01	1.595075e+01	1.995779e+00
2618          	OVC	1.093565e+01	1.590584e+01	1.181466e+01
2618          	shield_slave	-3.264385e+00	-1.537934e+00	-1.510748e+00
2619          	warmPlate	1.221056e+01	1.595075e+01	1.995779e+00
2619          	OVC	1.093565e+01	1.590584e+01	1.181466e+01
2619          	shield_slave	-3.264385e+00	-1.537934e+00	-1.510748e+00
2620          	warmPlate	1.221056e+01	1.595075e+01	1.995779e+00
2620          	OVC	1.093565e+01	1.590584e+01	1.181466e+01
2620          	shield_slave	-3.264385e+00	-1.537934e+00	-1.510748e+00
2621          	warmPlate	1.221056e+01	1.595075e+01	1.995779e+00
2621          	OVC	1.093565e+01	1.590584e+01	1.181466e+01
2621          	shield_slave	-3.264385e+00	-1.537934e+00	-1.510748e+00
2622          	warmPlate	1.221056e+01	1.595075e+01	1.995779e+00
2622          	OVC	1.093565e+01	1.590584e+01	1.181466e+01
2622          	shield_slave	-3.264385e+00	-1.537934e+00	-1.510748e+00
2623          	warmPlate	1.221056e+01	1.595075e+01	1.995779e+00
2623          	OVC	1.093565e+01	1.590584e+01	1.181466e+01
2623          	shield_slave	-3.264385e+00	-1.537934e+00	-1.510748e+00
2624          	warmPlate	1.221056e+01	1.595075e+01	1.995779e+00
2624          	OVC	1.093565e+01	1.590584e+01	1.181466e+01
2624          	shield_slave	-3.264385e+00	-1.537934e+00	-1.510748e+00
2625          	warmPlate	1.221056e+01	1.595075e+01	1.995779e+00
2625          	OVC	1.093565e+01	1.590584e+01	1.181466e+01
2625          	shield_slave	-3.264385e+00	-1.537934e+00	-1.510748e+00
2626          	warmPlate	1.221056e+01	1.595075e+01	1.995779e+00
2626          	OVC	1.093565e+01	1.590584e+01	1.181466e+01
2626          	shield_slave	-3.264385e+00	-1.537934e+00	-1.510748e+00
2627          	warmPlate	1.221056e+01	1.595075e+01	1.995779e+00
2627          	OVC	1.093565e+01	1.590584e+01	1.181466e+01
2627          	shield_slave	-3.264385e+00	-1.537934e+00	-1.510748e+00
2628          	warmPlate	1.221056e+01	1.595075e+01	1.995779e+00
2628          	OVC	1.093565e+01	1.590584e+01	1.181466e+01
2628          	shield_slave	-3.264385e+00	-1.537934e+00	-1.510748e+00
2629          	warmPlate	1.221056e+01	1.595075e+01	1.995779e+00
2629          	OVC	1.093565e+01	1.590584e+01	1.181466e+01
2629          	shield_slave	-3.264385e+00	-1.537934e+00	-1.510748e+00
2630          	warmPlate	1.221056e+01	1.595075e+01	1.995779e+00
2630          	OVC	1.093565e+01	1.590584e+01	1.181466e+01
2630          	shield_slave	-3.264385e+00	-1.537934e+00	-1.510748e+00
2631          	warmPlate	1.221056e+01	1.595075e+01	1.995779e+00
2631          	OVC	1.093565e+01	1.590584e+01	1.181466e+01
2631          	shield_slave	-3.264385e+00	-1.537934e+00	-1.510748e+00
2632          	warmPlate	1.221056e+01	1.595075e+01	1.995779e+00
2632          	OVC	1.093565e+01	1.590584e+01	1.181466e+01
2632          	shield_slave	-3.264385e+00	-1.537934e+00	-1.510748e+00
2633          	warmPlate	1.221056e+01	1.595075e+01	1.995779e+00
2633          	OVC	1.093565e+01	1.590584e+01	1.181466e+01
2633          	shield_slave	-3.264385e+00	-1.537934e+00	-1.510748e+00
2634          	warmPlate	1.221056e+01	1.595075e+01	1.995779e+00
2634          	OVC	1.093565e+01	1.590584e+01	1.181466e+01
2634          	shield_slave	-3.264385e+00	-1.537934e+00	-1.510748e+00
2635          	warmPlate	1.221056e+01	1.595075e+01	1.995779e+00
2635          	OVC	1.093565e+01	1.590584e+01	1.181466e+01
2635          	shield_slave	-3.264385e+00	-1.537934e+00	-1.510748e+00
2636          	warmPlate	1.221056e+01	1.595075e+01	1.995779e+00
2636          	OVC	1.093565e+01	1.590584e+01	1.181466e+01
2636          	shield_slave	-3.264385e+00	-1.537934e+00	-1.510748e+00
2637          	warmPlate	1.221056e+01	1.595075e+01	1.995779e+00
2637          	OVC	1.093565e+01	1.590584e+01	1.181466e+01
2637          	shield_slave	-3.264385e+00	-1.537934e+00	-1.510748e+00
2638          	warmPlate	1.221056e+01	1.595075e+01	1.995779e+00
2638          	OVC	1.093565e+01	1.590584e+01	1.181466e+01
2638          	shield_slave	-3.264385e+00	-1.537934e+00	-1.510748e+00
2639          	warmPlate	1.221056e+01	1.595075e+01	1.995779e+00
2639          	OVC	1.093565e+01	1.590584e+01	1.181466e+01
2639          	shield_slave	-3.264385e+00	-1.537934e+00	-1.510748e+00
2640          	warmPlate	1.221056e+01	1.595075e+01	1.995779e+00
2640          	OVC	1.093565e+01	1.590584e+01	1.181466e+01
2640          	shield_slave	-3.264385e+00	-1.537934e+00	-1.510748e+00
2641          	warmPlate	1.221056e+01	1.595075e+01	1.995779e+00
2641          	OVC	1.093565e+01	1.590584e+01	1.181466e+01
2641          	shield_slave	-3.264385e+00	-1.537934e+00	-1.510748e+00
2642          	warmPlate	1.221056e+01	1.595075e+01	1.995779e+00
2642          	OVC	1.093565e+01	1.590584e+01	1.181466e+01
2642          	shield_slave	-3.264385e+00	-1.537934e+00	-1.510748e+00
2643          	warmPlate	1.221056e+01	1.595075e+01	1.995779e+00
2643          	OVC	1.093565e+01	1.590584e+01	1.181466e+01
2643          	shield_slave	-3.264385e+00	-1.537934e+00	-1.510748e+00
2644          	warmPlate	1.221056e+01	1.595075e+01	1.995779e+00
2644          	OVC	1.093565e+01	1.590584e+01	1.181466e+01
2644          	shield_slave	-3.264385e+00	-1.537934e+00	-1.510748e+00
2645          	warmPlate	1.221056e+01	1.595075e+01	1.995779e+00
2645          	OVC	1.093565e+01	1.590584e+01	1.181466e+01
2645          	shield_slave	-3.264385e+00	-1.537934e+00	-1.510748e+00
2646          	warmPlate	1.221056e+01	1.595075e+01	1.995779e+00
2646          	OVC	1.093565e+01	1.590584e+01	1.181466e+01
2646          	shield_slave	-3.264385e+00	-1.537934e+00	-1.510748e+00
2647          	warmPlate	1.221056e+01	1.595075e+01	1.995779e+00
2647          	OVC	1.093565e+01	1.590584e+01	1.181466e+01
2647          	shield_slave	-3.264385e+00	-1.537934e+00	-1.510748e+00
2648          	warmPlate	1.221056e+01	1.595075e+01	1.995779e+00
2648          	OVC	1.093565e+01	1.590584e+01	1.181466e+01
2648          	shield_slave	-3.264385e+00	-1.537934e+00	-1.510748e+00
2649          	warmPlate	1.221056e+01	1.595075e+01	1.995779e+00
2649          	OVC	1.093565e+01	1.590584e+01	1.181466e+01
2649          	shield_slave	-3.264385e+00	-1.537934e+00	-1.510748e+00
2650          	warmPlate	1.221056e+01	1.595075e+01	1.995779e+00
2650          	OVC	1.093565e+01	1.590584e+01	1.181466e+01
2650          	shield_slave	-3.264385e+00	-1.537934e+00	-1.510748e+00
2651          	warmPlate	1.221056e+01	1.595075e+01	1.995779e+00
2651          	OVC	1.093565e+01	1.590584e+01	1.181466e+01
2651          	shield_slave	-3.264385e+00	-1.537934e+00	-1.510748e+00
2652          	warmPlate	1.221056e+01	1.595075e+01	1.995779e+00
2652          	OVC	1.093565e+01	1.590584e+01	1.181466e+01
2652          	shield_slave	-3.264385e+00	-1.537934e+00	-1.510748e+00
2653          	warmPlate	1.221056e+01	1.595075e+01	1.995779e+00
2653          	OVC	1.093565e+01	1.590584e+01	1.181466e+01
2653          	shield_slave	-3.264385e+00	-1.537934e+00	-1.510748e+00
2654          	warmPlate	1.221056e+01	1.595075e+01	1.995779e+00
2654          	OVC	1.093565e+01	1.590584e+01	1.181466e+01
2654          	shield_slave	-3.264385e+00	-1.537934e+00	-1.510748e+00
2655          	warmPlate	1.221056e+01	1.595075e+01	1.995779e+00
2655          	OVC	1.093565e+01	1.590584e+01	1.181466e+01
2655          	shield_slave	-3.264385e+00	-1.537934e+00	-1.510748e+00
2656          	warmPlate	1.221056e+01	1.595075e+01	1.995779e+00
2656          	OVC	1.093565e+01	1.590584e+01	1.181466e+01
2656          	shield_slave	-3.264385e+00	-1.537934e+00	-1.510748e+00
2657          	warmPlate	1.221056e+01	1.595075e+01	1.995779e+00
2657          	OVC	1.093565e+01	1.590584e+01	1.181466e+01
2657          	shield_slave	-3.264385e+00	-1.537934e+00	-1.510748e+00
2658          	warmPlate	1.221056e+01	1.595075e+01	1.995779e+00
2658          	OVC	1.093565e+01	1.590584e+01	1.181466e+01
2658          	shield_slave	-3.264385e+00	-1.537934e+00	-1.510748e+00
2659          	warmPlate	1.221056e+01	1.595075e+01	1.995779e+00
2659          	OVC	1.093565e+01	1.590584e+01	1.181466e+01
2659          	shield_slave	-3.264385e+00	-1.537934e+00	-1.510748e+00
2660          	warmPlate	1.221056e+01	1.595075e+01	1.995779e+00
2660          	OVC	1.093565e+01	1.590584e+01	1.181466e+01
2660          	shield_slave	-3.264385e+00	-1.537934e+00	-1.510748e+00
2661          	warmPlate	1.221056e+01	1.595075e+01	1.995779e+00
2661          	OVC	1.093565e+01	1.590584e+01	1.181466e+01
2661          	shield_slave	-3.264385e+00	-1.537934e+00	-1.510748e+00
2662          	warmPlate	1.221056e+01	1.595075e+01	1.995779e+00
2662          	OVC	1.093565e+01	1.590584e+01	1.181466e+01
2662          	shield_slave	-3.264385e+00	-1.537934e+00	-1.510748e+00
2663          	warmPlate	1.221056e+01	1.595075e+01	1.995779e+00
2663          	OVC	1.093565e+01	1.590584e+01	1.181466e+01
2663          	shield_slave	-3.264385e+00	-1.537934e+00	-1.510748e+00
2664          	warmPlate	1.221056e+01	1.595075e+01	1.995779e+00
2664          	OVC	1.093565e+01	1.590584e+01	1.181466e+01
2664          	shield_slave	-3.264385e+00	-1.537934e+00	-1.510748e+00
2665          	warmPlate	1.221056e+01	1.595075e+01	1.995779e+00
2665          	OVC	1.093565e+01	1.590584e+01	1.181466e+01
2665          	shield_slave	-3.264385e+00	-1.537934e+00	-1.510748e+00
2666          	warmPlate	1.221056e+01	1.595075e+01	1.995779e+00
2666          	OVC	1.093565e+01	1.590584e+01	1.181466e+01
2666          	shield_slave	-3.264385e+00	-1.537934e+00	-1.510748e+00
2667          	warmPlate	1.221056e+01	1.595075e+01	1.995779e+00
2667          	OVC	1.093565e+01	1.590584e+01	1.181466e+01
2667          	shield_slave	-3.264385e+00	-1.537934e+00	-1.510748e+00
2668          	warmPlate	1.221056e+01	1.595075e+01	1.995779e+00
2668          	OVC	1.093565e+01	1.590584e+01	1.181466e+01
2668          	shield_slave	-3.264385e+00	-1.537934e+00	-1.510748e+00
2669          	warmPlate	1.221056e+01	1.595075e+01	1.995779e+00
2669          	OVC	1.093565e+01	1.590584e+01	1.181466e+01
2669          	shield_slave	-3.264385e+00	-1.537934e+00	-1.510748e+00
2670          	warmPlate	1.221056e+01	1.595075e+01	1.995779e+00
2670          	OVC	1.093565e+01	1.590584e+01	1.181466e+01
2670          	shield_slave	-3.264385e+00	-1.537934e+00	-1.510748e+00
2671          	warmPlate	1.221056e+01	1.595075e+01	1.995779e+00
2671          	OVC	1.093565e+01	1.590584e+01	1.181466e+01
2671          	shield_slave	-3.264385e+00	-1.537934e+00	-1.510748e+00
2672          	warmPlate	1.221056e+01	1.595075e+01	1.995779e+00
2672          	OVC	1.093565e+01	1.590584e+01	1.181466e+01
2672          	shield_slave	-3.264385e+00	-1.537934e+00	-1.510748e+00
2673          	warmPlate	1.221056e+01	1.595075e+01	1.995779e+00
2673          	OVC	1.093565e+01	1.590584e+01	1.181466e+01
2673          	shield_slave	-3.264385e+00	-1.537934e+00	-1.510748e+00
2674          	warmPlate	1.221056e+01	1.595075e+01	1.995779e+00
2674          	OVC	1.093565e+01	1.590584e+01	1.181466e+01
2674          	shield_slave	-3.264385e+00	-1.537934e+00	-1.510748e+00
2675          	warmPlate	1.221056e+01	1.595075e+01	1.995779e+00
2675          	OVC	1.093565e+01	1.590584e+01	1.181466e+01
2675          	shield_slave	-3.264385e+00	-1.537934e+00	-1.510748e+00
2676          	warmPlate	1.221056e+01	1.595075e+01	1.995779e+00
2676          	OVC	1.093565e+01	1.590584e+01	1.181466e+01
2676          	shield_slave	-3.264385e+00	-1.537934e+00	-1.510748e+00
2677          	warmPlate	1.221056e+01	1.595075e+01	1.995779e+00
2677          	OVC	1.093565e+01	1.590584e+01	1.181466e+01
2677          	shield_slave	-3.264385e+00	-1.537934e+00	-1.510748e+00
2678          	warmPlate	1.221056e+01	1.595075e+01	1.995779e+00
2678          	OVC	1.093565e+01	1.590584e+01	1.181466e+01
2678          	shield_slave	-3.264385e+00	-1.537934e+00	-1.510748e+00
2679          	warmPlate	1.221056e+01	1.595075e+01	1.995779e+00
2679          	OVC	1.093565e+01	1.590584e+01	1.181466e+01
2679          	shield_slave	-3.264385e+00	-1.537934e+00	-1.510748e+00
2680          	warmPlate	1.221056e+01	1.595075e+01	1.995779e+00
2680          	OVC	1.093565e+01	1.590584e+01	1.181466e+01
2680          	shield_slave	-3.264385e+00	-1.537934e+00	-1.510748e+00
2681          	warmPlate	1.221056e+01	1.595075e+01	1.995779e+00
2681          	OVC	1.093565e+01	1.590584e+01	1.181466e+01
2681          	shield_slave	-3.264385e+00	-1.537934e+00	-1.510748e+00
2682          	warmPlate	1.221056e+01	1.595075e+01	1.995779e+00
2682          	OVC	1.093565e+01	1.590584e+01	1.181466e+01
2682          	shield_slave	-3.264385e+00	-1.537934e+00	-1.510748e+00
2683          	warmPlate	1.221056e+01	1.595075e+01	1.995779e+00
2683          	OVC	1.093565e+01	1.590584e+01	1.181466e+01
2683          	shield_slave	-3.264385e+00	-1.537934e+00	-1.510748e+00
2684          	warmPlate	1.221056e+01	1.595075e+01	1.995779e+00
2684          	OVC	1.093565e+01	1.590584e+01	1.181466e+01
2684          	shield_slave	-3.264385e+00	-1.537934e+00	-1.510748e+00
2685          	warmPlate	1.221056e+01	1.595075e+01	1.995779e+00
2685          	OVC	1.093565e+01	1.590584e+01	1.181466e+01
2685          	shield_slave	-3.264385e+00	-1.537934e+00	-1.510748e+00
2686          	warmPlate	1.221056e+01	1.595075e+01	1.995779e+00
2686          	OVC	1.093565e+01	1.590584e+01	1.181466e+01
2686          	shield_slave	-3.264385e+00	-1.537934e+00	-1.510748e+00
2687          	warmPlate	1.221056e+01	1.595075e+01	1.995779e+00
2687          	OVC	1.093565e+01	1.590584e+01	1.181466e+01
2687          	shield_slave	-3.264385e+00	-1.537934e+00	-1.510748e+00
2688          	warmPlate	1.221056e+01	1.595075e+01	1.995779e+00
2688          	OVC	1.093565e+01	1.590584e+01	1.181466e+01
2688          	shield_slave	-3.264385e+00	-1.537934e+00	-1.510748e+00
2689          	warmPlate	1.221056e+01	1.595075e+01	1.995779e+00
2689          	OVC	1.093565e+01	1.590584e+01	1.181466e+01
2689          	shield_slave	-3.264385e+00	-1.537934e+00	-1.510748e+00
2690          	warmPlate	1.221056e+01	1.595075e+01	1.995779e+00
2690          	OVC	1.093565e+01	1.590584e+01	1.181466e+01
2690          	shield_slave	-3.264385e+00	-1.537934e+00	-1.510748e+00
2691          	warmPlate	1.221056e+01	1.595075e+01	1.995779e+00
2691          	OVC	1.093565e+01	1.590584e+01	1.181466e+01
2691          	shield_slave	-3.264385e+00	-1.537934e+00	-1.510748e+00
2692          	warmPlate	1.221056e+01	1.595075e+01	1.995779e+00
2692          	OVC	1.093565e+01	1.590584e+01	1.181466e+01
2692          	shield_slave	-3.264385e+00	-1.537934e+00	-1.510748e+00
2693          	warmPlate	1.221056e+01	1.595075e+01	1.995779e+00
2693          	OVC	1.093565e+01	1.590584e+01	1.181466e+01
2693          	shield_slave	-3.264385e+00	-1.537934e+00	-1.510748e+00
2694          	warmPlate	1.221056e+01	1.595075e+01	1.995779e+00
2694          	OVC	1.093565e+01	1.590584e+01	1.181466e+01
2694          	shield_slave	-3.264385e+00	-1.537934e+00	-1.510748e+00
2695          	warmPlate	1.221056e+01	1.595075e+01	1.995779e+00
2695          	OVC	1.093565e+01	1.590584e+01	1.181466e+01
2695          	shield_slave	-3.264385e+00	-1.537934e+00	-1.510748e+00
2696          	warmPlate	1.221056e+01	1.595075e+01	1.995779e+00
2696          	OVC	1.093565e+01	1.590584e+01	1.181466e+01
2696          	shield_slave	-3.264385e+00	-1.537934e+00	-1.510748e+00
2697          	warmPlate	1.221056e+01	1.595075e+01	1.995779e+00
2697          	OVC	1.093565e+01	1.590584e+01	1.181466e+01
2697          	shield_slave	-3.264385e+00	-1.537934e+00	-1.510748e+00
2698          	warmPlate	1.221056e+01	1.595075e+01	1.995779e+00
2698          	OVC	1.093565e+01	1.590584e+01	1.181466e+01
2698          	shield_slave	-3.264385e+00	-1.537934e+00	-1.510748e+00
2699          	warmPlate	1.221056e+01	1.595075e+01	1.995779e+00
2699          	OVC	1.093565e+01	1.590584e+01	1.181466e+01
2699          	shield_slave	-3.264385e+00	-1.537934e+00	-1.510748e+00
2700          	warmPlate	1.221056e+01	1.595075e+01	1.995779e+00
2700          	OVC	1.093565e+01	1.590584e+01	1.181466e+01
2700          	shield_slave	-3.264385e+00	-1.537934e+00	-1.510748e+00
2701          	warmPlate	1.221056e+01	1.595075e+01	1.995779e+00
2701          	OVC	1.093565e+01	1.590584e+01	1.181466e+01
2701          	shield_slave	-3.264385e+00	-1.537934e+00	-1.510748e+00
2702          	warmPlate	1.221056e+01	1.595075e+01	1.995779e+00
2702          	OVC	1.093565e+01	1.590584e+01	1.181466e+01
2702          	shield_slave	-3.264385e+00	-1.537934e+00	-1.510748e+00
2703          	warmPlate	1.221056e+01	1.595075e+01	1.995779e+00
2703          	OVC	1.093565e+01	1.590584e+01	1.181466e+01
2703          	shield_slave	-3.264385e+00	-1.537934e+00	-1.510748e+00
2704          	warmPlate	1.221056e+01	1.595075e+01	1.995779e+00
2704          	OVC	1.093565e+01	1.590584e+01	1.181466e+01
2704          	shield_slave	-3.264385e+00	-1.537934e+00	-1.510748e+00
2705          	warmPlate	1.221056e+01	1.595075e+01	1.995779e+00
2705          	OVC	1.093565e+01	1.590584e+01	1.181466e+01
2705          	shield_slave	-3.264385e+00	-1.537934e+00	-1.510748e+00
2706          	warmPlate	1.221056e+01	1.595075e+01	1.995779e+00
2706          	OVC	1.093565e+01	1.590584e+01	1.181466e+01
2706          	shield_slave	-3.264385e+00	-1.537934e+00	-1.510748e+00
2707          	warmPlate	1.221056e+01	1.595075e+01	1.995779e+00
2707          	OVC	1.093565e+01	1.590584e+01	1.181466e+01
2707          	shield_slave	-3.264385e+00	-1.537934e+00	-1.510748e+00
2708          	warmPlate	1.221056e+01	1.595075e+01	1.995779e+00
2708          	OVC	1.093565e+01	1.590584e+01	1.181466e+01
2708          	shield_slave	-3.264385e+00	-1.537934e+00	-1.510748e+00
2709          	warmPlate	1.221056e+01	1.595075e+01	1.995779e+00
2709          	OVC	1.093565e+01	1.590584e+01	1.181466e+01
2709          	shield_slave	-3.264385e+00	-1.537934e+00	-1.510748e+00
2710          	warmPlate	1.221056e+01	1.595075e+01	1.995779e+00
2710          	OVC	1.093565e+01	1.590584e+01	1.181466e+01
2710          	shield_slave	-3.264385e+00	-1.537934e+00	-1.510748e+00
2711          	warmPlate	1.221056e+01	1.595075e+01	1.995779e+00
2711          	OVC	1.093565e+01	1.590584e+01	1.181466e+01
2711          	shield_slave	-3.264385e+00	-1.537934e+00	-1.510748e+00
2712          	warmPlate	1.221056e+01	1.595075e+01	1.995779e+00
2712          	OVC	1.093565e+01	1.590584e+01	1.181466e+01
2712          	shield_slave	-3.264385e+00	-1.537934e+00	-1.510748e+00
2713          	warmPlate	1.221056e+01	1.595075e+01	1.995779e+00
2713          	OVC	1.093565e+01	1.590584e+01	1.181466e+01
2713          	shield_slave	-3.264385e+00	-1.537934e+00	-1.510748e+00
2714          	warmPlate	1.221056e+01	1.595075e+01	1.995779e+00
2714          	OVC	1.093565e+01	1.590584e+01	1.181466e+01
2714          	shield_slave	-3.264385e+00	-1.537934e+00	-1.510748e+00
2715          	warmPlate	1.221056e+01	1.595075e+01	1.995779e+00
2715          	OVC	1.093565e+01	1.590584e+01	1.181466e+01
2715          	shield_slave	-3.264385e+00	-1.537934e+00	-1.510748e+00
2716          	warmPlate	1.221056e+01	1.595075e+01	1.995779e+00
2716          	OVC	1.093565e+01	1.590584e+01	1.181466e+01
2716          	shield_slave	-3.264385e+00	-1.537934e+00	-1.510748e+00
2717          	warmPlate	1.221056e+01	1.595075e+01	1.995779e+00
2717          	OVC	1.093565e+01	1.590584e+01	1.181466e+01
2717          	shield_slave	-3.264385e+00	-1.537934e+00	-1.510748e+00
2718          	warmPlate	1.221056e+01	1.595075e+01	1.995779e+00
2718          	OVC	1.093565e+01	1.590584e+01	1.181466e+01
2718          	shield_slave	-3.264385e+00	-1.537934e+00	-1.510748e+00
2719          	warmPlate	1.221056e+01	1.595075e+01	1.995779e+00
2719          	OVC	1.093565e+01	1.590584e+01	1.181466e+01
2719          	shield_slave	-3.264385e+00	-1.537934e+00	-1.510748e+00
2720          	warmPlate	1.221056e+01	1.595075e+01	1.995779e+00
2720          	OVC	1.093565e+01	1.590584e+01	1.181466e+01
2720          	shield_slave	-3.264385e+00	-1.537934e+00	-1.510748e+00
2721          	warmPlate	1.221056e+01	1.595075e+01	1.995779e+00
2721          	OVC	1.093565e+01	1.590584e+01	1.181466e+01
2721          	shield_slave	-3.264385e+00	-1.537934e+00	-1.510748e+00
2722          	warmPlate	1.221056e+01	1.595075e+01	1.995779e+00
2722          	OVC	1.093565e+01	1.590584e+01	1.181466e+01
2722          	shield_slave	-3.264385e+00	-1.537934e+00	-1.510748e+00
2723          	warmPlate	1.221056e+01	1.595075e+01	1.995779e+00
2723          	OVC	1.093565e+01	1.590584e+01	1.181466e+01
2723          	shield_slave	-3.264385e+00	-1.537934e+00	-1.510748e+00
2724          	warmPlate	1.221056e+01	1.595075e+01	1.995779e+00
2724          	OVC	1.093565e+01	1.590584e+01	1.181466e+01
2724          	shield_slave	-3.264385e+00	-1.537934e+00	-1.510748e+00
2725          	warmPlate	1.221056e+01	1.595075e+01	1.995779e+00
2725          	OVC	1.093565e+01	1.590584e+01	1.181466e+01
2725          	shield_slave	-3.264385e+00	-1.537934e+00	-1.510748e+00
2726          	warmPlate	1.221056e+01	1.595075e+01	1.995779e+00
2726          	OVC	1.093565e+01	1.590584e+01	1.181466e+01
2726          	shield_slave	-3.264385e+00	-1.537934e+00	-1.510748e+00
2727          	warmPlate	1.221056e+01	1.595075e+01	1.995779e+00
2727          	OVC	1.093565e+01	1.590584e+01	1.181466e+01
2727          	shield_slave	-3.264385e+00	-1.537934e+00	-1.510748e+00
2728          	warmPlate	1.221056e+01	1.595075e+01	1.995779e+00
2728          	OVC	1.093565e+01	1.590584e+01	1.181466e+01
2728          	shield_slave	-3.264385e+00	-1.537934e+00	-1.510748e+00
2729          	warmPlate	1.221056e+01	1.595075e+01	1.995779e+00
2729          	OVC	1.093565e+01	1.590584e+01	1.181466e+01
2729          	shield_slave	-3.264385e+00	-1.537934e+00	-1.510748e+00
2730          	warmPlate	1.221056e+01	1.595075e+01	1.995779e+00
2730          	OVC	1.093565e+01	1.590584e+01	1.181466e+01
2730          	shield_slave	-3.264385e+00	-1.537934e+00	-1.510748e+00
2731          	warmPlate	1.221056e+01	1.595075e+01	1.995779e+00
2731          	OVC	1.093565e+01	1.590584e+01	1.181466e+01
2731          	shield_slave	-3.264385e+00	-1.537934e+00	-1.510748e+00
2732          	warmPlate	1.221056e+01	1.595075e+01	1.995779e+00
2732          	OVC	1.093565e+01	1.590584e+01	1.181466e+01
2732          	shield_slave	-3.264385e+00	-1.537934e+00	-1.510748e+00
2733          	warmPlate	1.221056e+01	1.595075e+01	1.995779e+00
2733          	OVC	1.093565e+01	1.590584e+01	1.181466e+01
2733          	shield_slave	-3.264385e+00	-1.537934e+00	-1.510748e+00
2734          	warmPlate	1.221056e+01	1.595075e+01	1.995779e+00
2734          	OVC	1.093565e+01	1.590584e+01	1.181466e+01
2734          	shield_slave	-3.264385e+00	-1.537934e+00	-1.510748e+00
2735          	warmPlate	1.221056e+01	1.595075e+01	1.995779e+00
2735          	OVC	1.093565e+01	1.590584e+01	1.181466e+01
2735          	shield_slave	-3.264385e+00	-1.537934e+00	-1.510748e+00
2736          	warmPlate	1.221056e+01	1.595075e+01	1.995779e+00
2736          	OVC	1.093565e+01	1.590584e+01	1.181466e+01
2736          	shield_slave	-3.264385e+00	-1.537934e+00	-1.510748e+00
2737          	warmPlate	1.221056e+01	1.595075e+01	1.995779e+00
2737          	OVC	1.093565e+01	1.590584e+01	1.181466e+01
2737          	shield_slave	-3.264385e+00	-1.537934e+00	-1.510748e+00
2738          	warmPlate	1.221056e+01	1.595075e+01	1.995779e+00
2738          	OVC	1.093565e+01	1.590584e+01	1.181466e+01
2738          	shield_slave	-3.264385e+00	-1.537934e+00	-1.510748e+00
2739          	warmPlate	1.221056e+01	1.595075e+01	1.995779e+00
2739          	OVC	1.093565e+01	1.590584e+01	1.181466e+01
2739          	shield_slave	-3.264385e+00	-1.537934e+00	-1.510748e+00
2740          	warmPlate	1.221056e+01	1.595075e+01	1.995779e+00
2740          	OVC	1.093565e+01	1.590584e+01	1.181466e+01
2740          	shield_slave	-3.264385e+00	-1.537934e+00	-1.510748e+00
2741          	warmPlate	1.221056e+01	1.595075e+01	1.995779e+00
2741          	OVC	1.093565e+01	1.590584e+01	1.181466e+01
2741          	shield_slave	-3.264385e+00	-1.537934e+00	-1.510748e+00
2742          	warmPlate	1.221056e+01	1.595075e+01	1.995779e+00
2742          	OVC	1.093565e+01	1.590584e+01	1.181466e+01
2742          	shield_slave	-3.264385e+00	-1.537934e+00	-1.510748e+00
2743          	warmPlate	1.221056e+01	1.595075e+01	1.995779e+00
2743          	OVC	1.093565e+01	1.590584e+01	1.181466e+01
2743          	shield_slave	-3.264385e+00	-1.537934e+00	-1.510748e+00
2744          	warmPlate	1.221056e+01	1.595075e+01	1.995779e+00
2744          	OVC	1.093565e+01	1.590584e+01	1.181466e+01
2744          	shield_slave	-3.264385e+00	-1.537934e+00	-1.510748e+00
2745          	warmPlate	1.221056e+01	1.595075e+01	1.995779e+00
2745          	OVC	1.093565e+01	1.590584e+01	1.181466e+01
2745          	shield_slave	-3.264385e+00	-1.537934e+00	-1.510748e+00
2746          	warmPlate	1.221056e+01	1.595075e+01	1.995779e+00
2746          	OVC	1.093565e+01	1.590584e+01	1.181466e+01
2746          	shield_slave	-3.264385e+00	-1.537934e+00	-1.510748e+00
2747          	warmPlate	1.221056e+01	1.595075e+01	1.995779e+00
2747          	OVC	1.093565e+01	1.590584e+01	1.181466e+01
2747          	shield_slave	-3.264385e+00	-1.537934e+00	-1.510748e+00
2748          	warmPlate	1.221056e+01	1.595075e+01	1.995779e+00
2748          	OVC	1.093565e+01	1.590584e+01	1.181466e+01
2748          	shield_slave	-3.264385e+00	-1.537934e+00	-1.510748e+00
2749          	warmPlate	1.221056e+01	1.595075e+01	1.995779e+00
2749          	OVC	1.093565e+01	1.590584e+01	1.181466e+01
2749          	shield_slave	-3.264385e+00	-1.537934e+00	-1.510748e+00
2750          	warmPlate	1.221056e+01	1.595075e+01	1.995779e+00
2750          	OVC	1.093565e+01	1.590584e+01	1.181466e+01
2750          	shield_slave	-3.264385e+00	-1.537934e+00	-1.510748e+00
2751          	warmPlate	1.221056e+01	1.595075e+01	1.995779e+00
2751          	OVC	1.093565e+01	1.590584e+01	1.181466e+01
2751          	shield_slave	-3.264385e+00	-1.537934e+00	-1.510748e+00
2752          	warmPlate	1.221056e+01	1.595075e+01	1.995779e+00
2752          	OVC	1.093565e+01	1.590584e+01	1.181466e+01
2752          	shield_slave	-3.264385e+00	-1.537934e+00	-1.510748e+00
2753          	warmPlate	1.221056e+01	1.595075e+01	1.995779e+00
2753          	OVC	1.093565e+01	1.590584e+01	1.181466e+01
2753          	shield_slave	-3.264385e+00	-1.537934e+00	-1.510748e+00
2754          	warmPlate	1.221056e+01	1.595075e+01	1.995779e+00
2754          	OVC	1.093565e+01	1.590584e+01	1.181466e+01
2754          	shield_slave	-3.264385e+00	-1.537934e+00	-1.510748e+00
2755          	warmPlate	1.221056e+01	1.595075e+01	1.995779e+00
2755          	OVC	1.093565e+01	1.590584e+01	1.181466e+01
2755          	shield_slave	-3.264385e+00	-1.537934e+00	-1.510748e+00
2756          	warmPlate	1.221056e+01	1.595075e+01	1.995779e+00
2756          	OVC	1.093565e+01	1.590584e+01	1.181466e+01
2756          	shield_slave	-3.264385e+00	-1.537934e+00	-1.510748e+00
2757          	warmPlate	1.221056e+01	1.595075e+01	1.995779e+00
2757          	OVC	1.093565e+01	1.590584e+01	1.181466e+01
2757          	shield_slave	-3.264385e+00	-1.537934e+00	-1.510748e+00
2758          	warmPlate	1.221056e+01	1.595075e+01	1.995779e+00
2758          	OVC	1.093565e+01	1.590584e+01	1.181466e+01
2758          	shield_slave	-3.264385e+00	-1.537934e+00	-1.510748e+00
2759          	warmPlate	1.221056e+01	1.595075e+01	1.995779e+00
2759          	OVC	1.093565e+01	1.590584e+01	1.181466e+01
2759          	shield_slave	-3.264385e+00	-1.537934e+00	-1.510748e+00
2760          	warmPlate	1.221056e+01	1.595075e+01	1.995779e+00
2760          	OVC	1.093565e+01	1.590584e+01	1.181466e+01
2760          	shield_slave	-3.264385e+00	-1.537934e+00	-1.510748e+00
2761          	warmPlate	1.221056e+01	1.595075e+01	1.995779e+00
2761          	OVC	1.093565e+01	1.590584e+01	1.181466e+01
2761          	shield_slave	-3.264385e+00	-1.537934e+00	-1.510748e+00
2762          	warmPlate	1.221056e+01	1.595075e+01	1.995779e+00
2762          	OVC	1.093565e+01	1.590584e+01	1.181466e+01
2762          	shield_slave	-3.264385e+00	-1.537934e+00	-1.510748e+00
2763          	warmPlate	1.221056e+01	1.595075e+01	1.995779e+00
2763          	OVC	1.093565e+01	1.590584e+01	1.181466e+01
2763          	shield_slave	-3.264385e+00	-1.537934e+00	-1.510748e+00
2764          	warmPlate	1.221056e+01	1.595075e+01	1.995779e+00
2764          	OVC	1.093565e+01	1.590584e+01	1.181466e+01
2764          	shield_slave	-3.264385e+00	-1.537934e+00	-1.510748e+00
2765          	warmPlate	1.221056e+01	1.595075e+01	1.995779e+00
2765          	OVC	1.093565e+01	1.590584e+01	1.181466e+01
2765          	shield_slave	-3.264385e+00	-1.537934e+00	-1.510748e+00
2766          	warmPlate	1.221056e+01	1.595075e+01	1.995779e+00
2766          	OVC	1.093565e+01	1.590584e+01	1.181466e+01
2766          	shield_slave	-3.264385e+00	-1.537934e+00	-1.510748e+00
2767          	warmPlate	1.221056e+01	1.595075e+01	1.995779e+00
2767          	OVC	1.093565e+01	1.590584e+01	1.181466e+01
2767          	shield_slave	-3.264385e+00	-1.537934e+00	-1.510748e+00
2768          	warmPlate	1.221056e+01	1.595075e+01	1.995779e+00
2768          	OVC	1.093565e+01	1.590584e+01	1.181466e+01
2768          	shield_slave	-3.264385e+00	-1.537934e+00	-1.510748e+00
2769          	warmPlate	1.221056e+01	1.595075e+01	1.995779e+00
2769          	OVC	1.093565e+01	1.590584e+01	1.181466e+01
2769          	shield_slave	-3.264385e+00	-1.537934e+00	-1.510748e+00
2770          	warmPlate	1.221056e+01	1.595075e+01	1.995779e+00
2770          	OVC	1.093565e+01	1.590584e+01	1.181466e+01
2770          	shield_slave	-3.264385e+00	-1.537934e+00	-1.510748e+00
2771          	warmPlate	1.221056e+01	1.595075e+01	1.995779e+00
2771          	OVC	1.093565e+01	1.590584e+01	1.181466e+01
2771          	shield_slave	-3.264385e+00	-1.537934e+00	-1.510748e+00
2772          	warmPlate	1.221056e+01	1.595075e+01	1.995779e+00
2772          	OVC	1.093565e+01	1.590584e+01	1.181466e+01
2772          	shield_slave	-3.264385e+00	-1.537934e+00	-1.510748e+00
2773          	warmPlate	1.221056e+01	1.595075e+01	1.995779e+00
2773          	OVC	1.093565e+01	1.590584e+01	1.181466e+01
2773          	shield_slave	-3.264385e+00	-1.537934e+00	-1.510748e+00
2774          	warmPlate	1.221056e+01	1.595075e+01	1.995779e+00
2774          	OVC	1.093565e+01	1.590584e+01	1.181466e+01
2774          	shield_slave	-3.264385e+00	-1.537934e+00	-1.510748e+00
2775          	warmPlate	1.221056e+01	1.595075e+01	1.995779e+00
2775          	OVC	1.093565e+01	1.590584e+01	1.181466e+01
2775          	shield_slave	-3.264385e+00	-1.537934e+00	-1.510748e+00
2776          	warmPlate	1.221056e+01	1.595075e+01	1.995779e+00
2776          	OVC	1.093565e+01	1.590584e+01	1.181466e+01
2776          	shield_slave	-3.264385e+00	-1.537934e+00	-1.510748e+00
2777          	warmPlate	1.221056e+01	1.595075e+01	1.995779e+00
2777          	OVC	1.093565e+01	1.590584e+01	1.181466e+01
2777          	shield_slave	-3.264385e+00	-1.537934e+00	-1.510748e+00
2778          	warmPlate	1.221056e+01	1.595075e+01	1.995779e+00
2778          	OVC	1.093565e+01	1.590584e+01	1.181466e+01
2778          	shield_slave	-3.264385e+00	-1.537934e+00	-1.510748e+00
2779          	warmPlate	1.221056e+01	1.595075e+01	1.995779e+00
2779          	OVC	1.093565e+01	1.590584e+01	1.181466e+01
2779          	shield_slave	-3.264385e+00	-1.537934e+00	-1.510748e+00
2780          	warmPlate	1.221056e+01	1.595075e+01	1.995779e+00
2780          	OVC	1.093565e+01	1.590584e+01	1.181466e+01
2780          	shield_slave	-3.264385e+00	-1.537934e+00	-1.510748e+00
2781          	warmPlate	1.221056e+01	1.595075e+01	1.995779e+00
2781          	OVC	1.093565e+01	1.590584e+01	1.181466e+01
2781          	shield_slave	-3.264385e+00	-1.537934e+00	-1.510748e+00
2782          	warmPlate	1.221056e+01	1.595075e+01	1.995779e+00
2782          	OVC	1.093565e+01	1.590584e+01	1.181466e+01
2782          	shield_slave	-3.264385e+00	-1.537934e+00	-1.510748e+00
2783          	warmPlate	1.221056e+01	1.595075e+01	1.995779e+00
2783          	OVC	1.093565e+01	1.590584e+01	1.181466e+01
2783          	shield_slave	-3.264385e+00	-1.537934e+00	-1.510748e+00
2784          	warmPlate	1.221056e+01	1.595075e+01	1.995779e+00
2784          	OVC	1.093565e+01	1.590584e+01	1.181466e+01
2784          	shield_slave	-3.264385e+00	-1.537934e+00	-1.510748e+00
2785          	warmPlate	1.221056e+01	1.595075e+01	1.995779e+00
2785          	OVC	1.093565e+01	1.590584e+01	1.181466e+01
2785          	shield_slave	-3.264385e+00	-1.537934e+00	-1.510748e+00
2786          	warmPlate	1.221056e+01	1.595075e+01	1.995779e+00
2786          	OVC	1.093565e+01	1.590584e+01	1.181466e+01
2786          	shield_slave	-3.264385e+00	-1.537934e+00	-1.510748e+00
2787          	warmPlate	1.221056e+01	1.595075e+01	1.995779e+00
2787          	OVC	1.093565e+01	1.590584e+01	1.181466e+01
2787          	shield_slave	-3.264385e+00	-1.537934e+00	-1.510748e+00
2788          	warmPlate	1.221056e+01	1.595075e+01	1.995779e+00
2788          	OVC	1.093565e+01	1.590584e+01	1.181466e+01
2788          	shield_slave	-3.264385e+00	-1.537934e+00	-1.510748e+00
2789          	warmPlate	1.221056e+01	1.595075e+01	1.995779e+00
2789          	OVC	1.093565e+01	1.590584e+01	1.181466e+01
2789          	shield_slave	-3.264385e+00	-1.537934e+00	-1.510748e+00
2790          	warmPlate	1.221056e+01	1.595075e+01	1.995779e+00
2790          	OVC	1.093565e+01	1.590584e+01	1.181466e+01
2790          	shield_slave	-3.264385e+00	-1.537934e+00	-1.510748e+00
2791          	warmPlate	1.221056e+01	1.595075e+01	1.995779e+00
2791          	OVC	1.093565e+01	1.590584e+01	1.181466e+01
2791          	shield_slave	-3.264385e+00	-1.537934e+00	-1.510748e+00
2792          	warmPlate	1.221056e+01	1.595075e+01	1.995779e+00
2792          	OVC	1.093565e+01	1.590584e+01	1.181466e+01
2792          	shield_slave	-3.264385e+00	-1.537934e+00	-1.510748e+00
2793          	warmPlate	1.221056e+01	1.595075e+01	1.995779e+00
2793          	OVC	1.093565e+01	1.590584e+01	1.181466e+01
2793          	shield_slave	-3.264385e+00	-1.537934e+00	-1.510748e+00
2794          	warmPlate	1.221056e+01	1.595075e+01	1.995779e+00
2794          	OVC	1.093565e+01	1.590584e+01	1.181466e+01
2794          	shield_slave	-3.264385e+00	-1.537934e+00	-1.510748e+00
2795          	warmPlate	1.221056e+01	1.595075e+01	1.995779e+00
2795          	OVC	1.093565e+01	1.590584e+01	1.181466e+01
2795          	shield_slave	-3.264385e+00	-1.537934e+00	-1.510748e+00
2796          	warmPlate	1.221056e+01	1.595075e+01	1.995779e+00
2796          	OVC	1.093565e+01	1.590584e+01	1.181466e+01
2796          	shield_slave	-3.264385e+00	-1.537934e+00	-1.510748e+00
2797          	warmPlate	1.221056e+01	1.595075e+01	1.995779e+00
2797          	OVC	1.093565e+01	1.590584e+01	1.181466e+01
2797          	shield_slave	-3.264385e+00	-1.537934e+00	-1.510748e+00
2798          	warmPlate	1.221056e+01	1.595075e+01	1.995779e+00
2798          	OVC	1.093565e+01	1.590584e+01	1.181466e+01
2798          	shield_slave	-3.264385e+00	-1.537934e+00	-1.510748e+00
2799          	warmPlate	1.221056e+01	1.595075e+01	1.995779e+00
2799          	OVC	1.093565e+01	1.590584e+01	1.181466e+01
2799          	shield_slave	-3.264385e+00	-1.537934e+00	-1.510748e+00
2800          	warmPlate	1.221056e+01	1.595075e+01	1.995779e+00
2800          	OVC	1.093565e+01	1.590584e+01	1.181466e+01
2800          	shield_slave	-3.264385e+00	-1.537934e+00	-1.510748e+00
2801          	warmPlate	1.221056e+01	1.595075e+01	1.995779e+00
2801          	OVC	1.093565e+01	1.590584e+01	1.181466e+01
2801          	shield_slave	-3.264385e+00	-1.537934e+00	-1.510748e+00
2802          	warmPlate	1.221056e+01	1.595075e+01	1.995779e+00
2802          	OVC	1.093565e+01	1.590584e+01	1.181466e+01
2802          	shield_slave	-3.264385e+00	-1.537934e+00	-1.510748e+00
2803          	warmPlate	1.221056e+01	1.595075e+01	1.995779e+00
2803          	OVC	1.093565e+01	1.590584e+01	1.181466e+01
2803          	shield_slave	-3.264385e+00	-1.537934e+00	-1.510748e+00
2804          	warmPlate	1.221056e+01	1.595075e+01	1.995779e+00
2804          	OVC	1.093565e+01	1.590584e+01	1.181466e+01
2804          	shield_slave	-3.264385e+00	-1.537934e+00	-1.510748e+00
2805          	warmPlate	1.221056e+01	1.595075e+01	1.995779e+00
2805          	OVC	1.093565e+01	1.590584e+01	1.181466e+01
2805          	shield_slave	-3.264385e+00	-1.537934e+00	-1.510748e+00
2806          	warmPlate	1.221056e+01	1.595075e+01	1.995779e+00
2806          	OVC	1.093565e+01	1.590584e+01	1.181466e+01
2806          	shield_slave	-3.264385e+00	-1.537934e+00	-1.510748e+00
2807          	warmPlate	1.221056e+01	1.595075e+01	1.995779e+00
2807          	OVC	1.093565e+01	1.590584e+01	1.181466e+01
2807          	shield_slave	-3.264385e+00	-1.537934e+00	-1.510748e+00
2808          	warmPlate	1.221056e+01	1.595075e+01	1.995779e+00
2808          	OVC	1.093565e+01	1.590584e+01	1.181466e+01
2808          	shield_slave	-3.264385e+00	-1.537934e+00	-1.510748e+00
2809          	warmPlate	1.221056e+01	1.595075e+01	1.995779e+00
2809          	OVC	1.093565e+01	1.590584e+01	1.181466e+01
2809          	shield_slave	-3.264385e+00	-1.537934e+00	-1.510748e+00
2810          	warmPlate	1.221056e+01	1.595075e+01	1.995779e+00
2810          	OVC	1.093565e+01	1.590584e+01	1.181466e+01
2810          	shield_slave	-3.264385e+00	-1.537934e+00	-1.510748e+00
2811          	warmPlate	1.221056e+01	1.595075e+01	1.995779e+00
2811          	OVC	1.093565e+01	1.590584e+01	1.181466e+01
2811          	shield_slave	-3.264385e+00	-1.537934e+00	-1.510748e+00
2812          	warmPlate	1.221056e+01	1.595075e+01	1.995779e+00
2812          	OVC	1.093565e+01	1.590584e+01	1.181466e+01
2812          	shield_slave	-3.264385e+00	-1.537934e+00	-1.510748e+00
2813          	warmPlate	1.221056e+01	1.595075e+01	1.995779e+00
2813          	OVC	1.093565e+01	1.590584e+01	1.181466e+01
2813          	shield_slave	-3.264385e+00	-1.537934e+00	-1.510748e+00
2814          	warmPlate	1.221056e+01	1.595075e+01	1.995779e+00
2814          	OVC	1.093565e+01	1.590584e+01	1.181466e+01
2814          	shield_slave	-3.264385e+00	-1.537934e+00	-1.510748e+00
2815          	warmPlate	1.221056e+01	1.595075e+01	1.995779e+00
2815          	OVC	1.093565e+01	1.590584e+01	1.181466e+01
2815          	shield_slave	-3.264385e+00	-1.537934e+00	-1.510748e+00
2816          	warmPlate	1.221056e+01	1.595075e+01	1.995779e+00
2816          	OVC	1.093565e+01	1.590584e+01	1.181466e+01
2816          	shield_slave	-3.264385e+00	-1.537934e+00	-1.510748e+00
2817          	warmPlate	1.221056e+01	1.595075e+01	1.995779e+00
2817          	OVC	1.093565e+01	1.590584e+01	1.181466e+01
2817          	shield_slave	-3.264385e+00	-1.537934e+00	-1.510748e+00
2818          	warmPlate	1.221056e+01	1.595075e+01	1.995779e+00
2818          	OVC	1.093565e+01	1.590584e+01	1.181466e+01
2818          	shield_slave	-3.264385e+00	-1.537934e+00	-1.510748e+00
2819          	warmPlate	1.221056e+01	1.595075e+01	1.995779e+00
2819          	OVC	1.093565e+01	1.590584e+01	1.181466e+01
2819          	shield_slave	-3.264385e+00	-1.537934e+00	-1.510748e+00
2820          	warmPlate	1.221056e+01	1.595075e+01	1.995779e+00
2820          	OVC	1.093565e+01	1.590584e+01	1.181466e+01
2820          	shield_slave	-3.264385e+00	-1.537934e+00	-1.510748e+00
2821          	warmPlate	1.221056e+01	1.595075e+01	1.995779e+00
2821          	OVC	1.093565e+01	1.590584e+01	1.181466e+01
2821          	shield_slave	-3.264385e+00	-1.537934e+00	-1.510748e+00
2822          	warmPlate	1.221056e+01	1.595075e+01	1.995779e+00
2822          	OVC	1.093565e+01	1.590584e+01	1.181466e+01
2822          	shield_slave	-3.264385e+00	-1.537934e+00	-1.510748e+00
2823          	warmPlate	1.221056e+01	1.595075e+01	1.995779e+00
2823          	OVC	1.093565e+01	1.590584e+01	1.181466e+01
2823          	shield_slave	-3.264385e+00	-1.537934e+00	-1.510748e+00
2824          	warmPlate	1.221056e+01	1.595075e+01	1.995779e+00
2824          	OVC	1.093565e+01	1.590584e+01	1.181466e+01
2824          	shield_slave	-3.264385e+00	-1.537934e+00	-1.510748e+00
2825          	warmPlate	1.221056e+01	1.595075e+01	1.995779e+00
2825          	OVC	1.093565e+01	1.590584e+01	1.181466e+01
2825          	shield_slave	-3.264385e+00	-1.537934e+00	-1.510748e+00
2826          	warmPlate	1.221056e+01	1.595075e+01	1.995779e+00
2826          	OVC	1.093565e+01	1.590584e+01	1.181466e+01
2826          	shield_slave	-3.264385e+00	-1.537934e+00	-1.510748e+00
2827          	warmPlate	1.221056e+01	1.595075e+01	1.995779e+00
2827          	OVC	1.093565e+01	1.590584e+01	1.181466e+01
2827          	shield_slave	-3.264385e+00	-1.537934e+00	-1.510748e+00
2828          	warmPlate	1.221056e+01	1.595075e+01	1.995779e+00
2828          	OVC	1.093565e+01	1.590584e+01	1.181466e+01
2828          	shield_slave	-3.264385e+00	-1.537934e+00	-1.510748e+00
2829          	warmPlate	1.221056e+01	1.595075e+01	1.995779e+00
2829          	OVC	1.093565e+01	1.590584e+01	1.181466e+01
2829          	shield_slave	-3.264385e+00	-1.537934e+00	-1.510748e+00
2830          	warmPlate	1.221056e+01	1.595075e+01	1.995779e+00
2830          	OVC	1.093565e+01	1.590584e+01	1.181466e+01
2830          	shield_slave	-3.264385e+00	-1.537934e+00	-1.510748e+00
2831          	warmPlate	1.221056e+01	1.595075e+01	1.995779e+00
2831          	OVC	1.093565e+01	1.590584e+01	1.181466e+01
2831          	shield_slave	-3.264385e+00	-1.537934e+00	-1.510748e+00
2832          	warmPlate	1.221056e+01	1.595075e+01	1.995779e+00
2832          	OVC	1.093565e+01	1.590584e+01	1.181466e+01
2832          	shield_slave	-3.264385e+00	-1.537934e+00	-1.510748e+00
2833          	warmPlate	1.221056e+01	1.595075e+01	1.995779e+00
2833          	OVC	1.093565e+01	1.590584e+01	1.181466e+01
2833          	shield_slave	-3.264385e+00	-1.537934e+00	-1.510748e+00
2834          	warmPlate	1.221056e+01	1.595075e+01	1.995779e+00
2834          	OVC	1.093565e+01	1.590584e+01	1.181466e+01
2834          	shield_slave	-3.264385e+00	-1.537934e+00	-1.510748e+00
2835          	warmPlate	1.221056e+01	1.595075e+01	1.995779e+00
2835          	OVC	1.093565e+01	1.590584e+01	1.181466e+01
2835          	shield_slave	-3.264385e+00	-1.537934e+00	-1.510748e+00
2836          	warmPlate	1.221056e+01	1.595075e+01	1.995779e+00
2836          	OVC	1.093565e+01	1.590584e+01	1.181466e+01
2836          	shield_slave	-3.264385e+00	-1.537934e+00	-1.510748e+00
2837          	warmPlate	1.221056e+01	1.595075e+01	1.995779e+00
2837          	OVC	1.093565e+01	1.590584e+01	1.181466e+01
2837          	shield_slave	-3.264385e+00	-1.537934e+00	-1.510748e+00
2838          	warmPlate	1.221056e+01	1.595075e+01	1.995779e+00
2838          	OVC	1.093565e+01	1.590584e+01	1.181466e+01
2838          	shield_slave	-3.264385e+00	-1.537934e+00	-1.510748e+00
2839          	warmPlate	1.221056e+01	1.595075e+01	1.995779e+00
2839          	OVC	1.093565e+01	1.590584e+01	1.181466e+01
2839          	shield_slave	-3.264385e+00	-1.537934e+00	-1.510748e+00
2840          	warmPlate	1.221056e+01	1.595075e+01	1.995779e+00
2840          	OVC	1.093565e+01	1.590584e+01	1.181466e+01
2840          	shield_slave	-3.264385e+00	-1.537934e+00	-1.510748e+00
2841          	warmPlate	1.221056e+01	1.595075e+01	1.995779e+00
2841          	OVC	1.093565e+01	1.590584e+01	1.181466e+01
2841          	shield_slave	-3.264385e+00	-1.537934e+00	-1.510748e+00
2842          	warmPlate	1.221056e+01	1.595075e+01	1.995779e+00
2842          	OVC	1.093565e+01	1.590584e+01	1.181466e+01
2842          	shield_slave	-3.264385e+00	-1.537934e+00	-1.510748e+00
2843          	warmPlate	1.221056e+01	1.595075e+01	1.995779e+00
2843          	OVC	1.093565e+01	1.590584e+01	1.181466e+01
2843          	shield_slave	-3.264385e+00	-1.537934e+00	-1.510748e+00
2844          	warmPlate	1.221056e+01	1.595075e+01	1.995779e+00
2844          	OVC	1.093565e+01	1.590584e+01	1.181466e+01
2844          	shield_slave	-3.264385e+00	-1.537934e+00	-1.510748e+00
2845          	warmPlate	1.221056e+01	1.595075e+01	1.995779e+00
2845          	OVC	1.093565e+01	1.590584e+01	1.181466e+01
2845          	shield_slave	-3.264385e+00	-1.537934e+00	-1.510748e+00
2846          	warmPlate	1.221056e+01	1.595075e+01	1.995779e+00
2846          	OVC	1.093565e+01	1.590584e+01	1.181466e+01
2846          	shield_slave	-3.264385e+00	-1.537934e+00	-1.510748e+00
2847          	warmPlate	1.221056e+01	1.595075e+01	1.995779e+00
2847          	OVC	1.093565e+01	1.590584e+01	1.181466e+01
2847          	shield_slave	-3.264385e+00	-1.537934e+00	-1.510748e+00
2848          	warmPlate	1.221056e+01	1.595075e+01	1.995779e+00
2848          	OVC	1.093565e+01	1.590584e+01	1.181466e+01
2848          	shield_slave	-3.264385e+00	-1.537934e+00	-1.510748e+00
2849          	warmPlate	1.221056e+01	1.595075e+01	1.995779e+00
2849          	OVC	1.093565e+01	1.590584e+01	1.181466e+01
2849          	shield_slave	-3.264385e+00	-1.537934e+00	-1.510748e+00
2850          	warmPlate	1.221056e+01	1.595075e+01	1.995779e+00
2850          	OVC	1.093565e+01	1.590584e+01	1.181466e+01
2850          	shield_slave	-3.264385e+00	-1.537934e+00	-1.510748e+00
2851          	warmPlate	1.221056e+01	1.595075e+01	1.995779e+00
2851          	OVC	1.093565e+01	1.590584e+01	1.181466e+01
2851          	shield_slave	-3.264385e+00	-1.537934e+00	-1.510748e+00
2852          	warmPlate	1.221056e+01	1.595075e+01	1.995779e+00
2852          	OVC	1.093565e+01	1.590584e+01	1.181466e+01
2852          	shield_slave	-3.264385e+00	-1.537934e+00	-1.510748e+00
2853          	warmPlate	1.221056e+01	1.595075e+01	1.995779e+00
2853          	OVC	1.093565e+01	1.590584e+01	1.181466e+01
2853          	shield_slave	-3.264385e+00	-1.537934e+00	-1.510748e+00
2854          	warmPlate	1.221056e+01	1.595075e+01	1.995779e+00
2854          	OVC	1.093565e+01	1.590584e+01	1.181466e+01
2854          	shield_slave	-3.264385e+00	-1.537934e+00	-1.510748e+00
2855          	warmPlate	1.221056e+01	1.595075e+01	1.995779e+00
2855          	OVC	1.093565e+01	1.590584e+01	1.181466e+01
2855          	shield_slave	-3.264385e+00	-1.537934e+00	-1.510748e+00
2856          	warmPlate	1.221056e+01	1.595075e+01	1.995779e+00
2856          	OVC	1.093565e+01	1.590584e+01	1.181466e+01
2856          	shield_slave	-3.264385e+00	-1.537934e+00	-1.510748e+00
2857          	warmPlate	1.221056e+01	1.595075e+01	1.995779e+00
2857          	OVC	1.093565e+01	1.590584e+01	1.181466e+01
2857          	shield_slave	-3.264385e+00	-1.537934e+00	-1.510748e+00
2858          	warmPlate	1.221056e+01	1.595075e+01	1.995779e+00
2858          	OVC	1.093565e+01	1.590584e+01	1.181466e+01
2858          	shield_slave	-3.264385e+00	-1.537934e+00	-1.510748e+00
2859          	warmPlate	1.221056e+01	1.595075e+01	1.995779e+00
2859          	OVC	1.093565e+01	1.590584e+01	1.181466e+01
2859          	shield_slave	-3.264385e+00	-1.537934e+00	-1.510748e+00
2860          	warmPlate	1.221056e+01	1.595075e+01	1.995779e+00
2860          	OVC	1.093565e+01	1.590584e+01	1.181466e+01
2860          	shield_slave	-3.264385e+00	-1.537934e+00	-1.510748e+00
2861          	warmPlate	1.221056e+01	1.595075e+01	1.995779e+00
2861          	OVC	1.093565e+01	1.590584e+01	1.181466e+01
2861          	shield_slave	-3.264385e+00	-1.537934e+00	-1.510748e+00
2862          	warmPlate	1.221056e+01	1.595075e+01	1.995779e+00
2862          	OVC	1.093565e+01	1.590584e+01	1.181466e+01
2862          	shield_slave	-3.264385e+00	-1.537934e+00	-1.510748e+00
2863          	warmPlate	1.221056e+01	1.595075e+01	1.995779e+00
2863          	OVC	1.093565e+01	1.590584e+01	1.181466e+01
2863          	shield_slave	-3.264385e+00	-1.537934e+00	-1.510748e+00
2864          	warmPlate	1.221056e+01	1.595075e+01	1.995779e+00
2864          	OVC	1.093565e+01	1.590584e+01	1.181466e+01
2864          	shield_slave	-3.264385e+00	-1.537934e+00	-1.510748e+00
2865          	warmPlate	1.221056e+01	1.595075e+01	1.995779e+00
2865          	OVC	1.093565e+01	1.590584e+01	1.181466e+01
2865          	shield_slave	-3.264385e+00	-1.537934e+00	-1.510748e+00
2866          	warmPlate	1.221056e+01	1.595075e+01	1.995779e+00
2866          	OVC	1.093565e+01	1.590584e+01	1.181466e+01
2866          	shield_slave	-3.264385e+00	-1.537934e+00	-1.510748e+00
2867          	warmPlate	1.221056e+01	1.595075e+01	1.995779e+00
2867          	OVC	1.093565e+01	1.590584e+01	1.181466e+01
2867          	shield_slave	-3.264385e+00	-1.537934e+00	-1.510748e+00
2868          	warmPlate	1.221056e+01	1.595075e+01	1.995779e+00
2868          	OVC	1.093565e+01	1.590584e+01	1.181466e+01
2868          	shield_slave	-3.264385e+00	-1.537934e+00	-1.510748e+00
2869          	warmPlate	1.221056e+01	1.595075e+01	1.995779e+00
2869          	OVC	1.093565e+01	1.590584e+01	1.181466e+01
2869          	shield_slave	-3.264385e+00	-1.537934e+00	-1.510748e+00
2870          	warmPlate	1.221056e+01	1.595075e+01	1.995779e+00
2870          	OVC	1.093565e+01	1.590584e+01	1.181466e+01
2870          	shield_slave	-3.264385e+00	-1.537934e+00	-1.510748e+00
2871          	warmPlate	1.221056e+01	1.595075e+01	1.995779e+00
2871          	OVC	1.093565e+01	1.590584e+01	1.181466e+01
2871          	shield_slave	-3.264385e+00	-1.537934e+00	-1.510748e+00
2872          	warmPlate	1.221056e+01	1.595075e+01	1.995779e+00
2872          	OVC	1.093565e+01	1.590584e+01	1.181466e+01
2872          	shield_slave	-3.264385e+00	-1.537934e+00	-1.510748e+00
2873          	warmPlate	1.221056e+01	1.595075e+01	1.995779e+00
2873          	OVC	1.093565e+01	1.590584e+01	1.181466e+01
2873          	shield_slave	-3.264385e+00	-1.537934e+00	-1.510748e+00
2874          	warmPlate	1.221056e+01	1.595075e+01	1.995779e+00
2874          	OVC	1.093565e+01	1.590584e+01	1.181466e+01
2874          	shield_slave	-3.264385e+00	-1.537934e+00	-1.510748e+00
2875          	warmPlate	1.221056e+01	1.595075e+01	1.995779e+00
2875          	OVC	1.093565e+01	1.590584e+01	1.181466e+01
2875          	shield_slave	-3.264385e+00	-1.537934e+00	-1.510748e+00
2876          	warmPlate	1.221056e+01	1.595075e+01	1.995779e+00
2876          	OVC	1.093565e+01	1.590584e+01	1.181466e+01
2876          	shield_slave	-3.264385e+00	-1.537934e+00	-1.510748e+00
2877          	warmPlate	1.221056e+01	1.595075e+01	1.995779e+00
2877          	OVC	1.093565e+01	1.590584e+01	1.181466e+01
2877          	shield_slave	-3.264385e+00	-1.537934e+00	-1.510748e+00
2878          	warmPlate	1.221056e+01	1.595075e+01	1.995779e+00
2878          	OVC	1.093565e+01	1.590584e+01	1.181466e+01
2878          	shield_slave	-3.264385e+00	-1.537934e+00	-1.510748e+00
2879          	warmPlate	1.221056e+01	1.595075e+01	1.995779e+00
2879          	OVC	1.093565e+01	1.590584e+01	1.181466e+01
2879          	shield_slave	-3.264385e+00	-1.537934e+00	-1.510748e+00
2880          	warmPlate	1.221056e+01	1.595075e+01	1.995779e+00
2880          	OVC	1.093565e+01	1.590584e+01	1.181466e+01
2880          	shield_slave	-3.264385e+00	-1.537934e+00	-1.510748e+00
2881          	warmPlate	1.221056e+01	1.595075e+01	1.995779e+00
2881          	OVC	1.093565e+01	1.590584e+01	1.181466e+01
2881          	shield_slave	-3.264385e+00	-1.537934e+00	-1.510748e+00
2882          	warmPlate	1.221056e+01	1.595075e+01	1.995779e+00
2882          	OVC	1.093565e+01	1.590584e+01	1.181466e+01
2882          	shield_slave	-3.264385e+00	-1.537934e+00	-1.510748e+00
2883          	warmPlate	1.221056e+01	1.595075e+01	1.995779e+00
2883          	OVC	1.093565e+01	1.590584e+01	1.181466e+01
2883          	shield_slave	-3.264385e+00	-1.537934e+00	-1.510748e+00
2884          	warmPlate	1.221056e+01	1.595075e+01	1.995779e+00
2884          	OVC	1.093565e+01	1.590584e+01	1.181466e+01
2884          	shield_slave	-3.264385e+00	-1.537934e+00	-1.510748e+00
2885          	warmPlate	1.221056e+01	1.595075e+01	1.995779e+00
2885          	OVC	1.093565e+01	1.590584e+01	1.181466e+01
2885          	shield_slave	-3.264385e+00	-1.537934e+00	-1.510748e+00
2886          	warmPlate	1.221056e+01	1.595075e+01	1.995779e+00
2886          	OVC	1.093565e+01	1.590584e+01	1.181466e+01
2886          	shield_slave	-3.264385e+00	-1.537934e+00	-1.510748e+00
2887          	warmPlate	1.221056e+01	1.595075e+01	1.995779e+00
2887          	OVC	1.093565e+01	1.590584e+01	1.181466e+01
2887          	shield_slave	-3.264385e+00	-1.537934e+00	-1.510748e+00
2888          	warmPlate	1.221056e+01	1.595075e+01	1.995779e+00
2888          	OVC	1.093565e+01	1.590584e+01	1.181466e+01
2888          	shield_slave	-3.264385e+00	-1.537934e+00	-1.510748e+00
2889          	warmPlate	1.221056e+01	1.595075e+01	1.995779e+00
2889          	OVC	1.093565e+01	1.590584e+01	1.181466e+01
2889          	shield_slave	-3.264385e+00	-1.537934e+00	-1.510748e+00
2890          	warmPlate	1.221056e+01	1.595075e+01	1.995779e+00
2890          	OVC	1.093565e+01	1.590584e+01	1.181466e+01
2890          	shield_slave	-3.264385e+00	-1.537934e+00	-1.510748e+00
2891          	warmPlate	1.221056e+01	1.595075e+01	1.995779e+00
2891          	OVC	1.093565e+01	1.590584e+01	1.181466e+01
2891          	shield_slave	-3.264385e+00	-1.537934e+00	-1.510748e+00
2892          	warmPlate	1.221056e+01	1.595075e+01	1.995779e+00
2892          	OVC	1.093565e+01	1.590584e+01	1.181466e+01
2892          	shield_slave	-3.264385e+00	-1.537934e+00	-1.510748e+00
2893          	warmPlate	1.221056e+01	1.595075e+01	1.995779e+00
2893          	OVC	1.093565e+01	1.590584e+01	1.181466e+01
2893          	shield_slave	-3.264385e+00	-1.537934e+00	-1.510748e+00
2894          	warmPlate	1.221056e+01	1.595075e+01	1.995779e+00
2894          	OVC	1.093565e+01	1.590584e+01	1.181466e+01
2894          	shield_slave	-3.264385e+00	-1.537934e+00	-1.510748e+00
2895          	warmPlate	1.221056e+01	1.595075e+01	1.995779e+00
2895          	OVC	1.093565e+01	1.590584e+01	1.181466e+01
2895          	shield_slave	-3.264385e+00	-1.537934e+00	-1.510748e+00
2896          	warmPlate	1.221056e+01	1.595075e+01	1.995779e+00
2896          	OVC	1.093565e+01	1.590584e+01	1.181466e+01
2896          	shield_slave	-3.264385e+00	-1.537934e+00	-1.510748e+00
2897          	warmPlate	1.221056e+01	1.595075e+01	1.995779e+00
2897          	OVC	1.093565e+01	1.590584e+01	1.181466e+01
2897          	shield_slave	-3.264385e+00	-1.537934e+00	-1.510748e+00
2898          	warmPlate	1.221056e+01	1.595075e+01	1.995779e+00
2898          	OVC	1.093565e+01	1.590584e+01	1.181466e+01
2898          	shield_slave	-3.264385e+00	-1.537934e+00	-1.510748e+00
2899          	warmPlate	1.221056e+01	1.595075e+01	1.995779e+00
2899          	OVC	1.093565e+01	1.590584e+01	1.181466e+01
2899          	shield_slave	-3.264385e+00	-1.537934e+00	-1.510748e+00
2900          	warmPlate	1.221056e+01	1.595075e+01	1.995779e+00
2900          	OVC	1.093565e+01	1.590584e+01	1.181466e+01
2900          	shield_slave	-3.264385e+00	-1.537934e+00	-1.510748e+00
